fund_name,asset_universe,method,date,portfolio_return
equity_equal_weight,equity,equal_weight,2021-01-04,-0.013701064199660195
equity_equal_weight,equity,equal_weight,2021-01-05,0.012741623294831668
equity_equal_weight,equity,equal_weight,2021-01-06,0.013716586163369609
equity_equal_weight,equity,equal_weight,2021-01-07,0.009797558524357658
equity_equal_weight,equity,equal_weight,2021-01-08,0.0025391197143721156
equity_equal_weight,equity,equal_weight,2021-01-11,0.00024143705130121566
equity_equal_weight,equity,equal_weight,2021-01-12,0.004053146990521044
equity_equal_weight,equity,equal_weight,2021-01-13,-0.00036668705444897623
equity_equal_weight,equity,equal_weight,2021-01-14,0.004186892503517239
equity_equal_weight,equity,equal_weight,2021-01-15,-0.012468237405141814
equity_equal_weight,equity,equal_weight,2021-01-19,0.00768646568684139
equity_equal_weight,equity,equal_weight,2021-01-20,0.0075308815780699995
equity_equal_weight,equity,equal_weight,2021-01-21,-0.008091989758853555
equity_equal_weight,equity,equal_weight,2021-01-22,-0.003257065088682086
equity_equal_weight,equity,equal_weight,2021-01-25,0.0017190661049002157
equity_equal_weight,equity,equal_weight,2021-01-26,-0.005633202476990916
equity_equal_weight,equity,equal_weight,2021-01-27,-0.025689904680956194
equity_equal_weight,equity,equal_weight,2021-01-28,0.010414456904308636
equity_equal_weight,equity,equal_weight,2021-01-29,-0.014843771101669808
equity_equal_weight,equity,equal_weight,2021-02-01,0.008517686014717273
equity_equal_weight,equity,equal_weight,2021-02-02,0.017461368582400643
equity_equal_weight,equity,equal_weight,2021-02-03,0.0018690288929366233
equity_equal_weight,equity,equal_weight,2021-02-04,0.009279172224145423
equity_equal_weight,equity,equal_weight,2021-02-05,0.006292140440644192
equity_equal_weight,equity,equal_weight,2021-02-08,0.01347289403368723
equity_equal_weight,equity,equal_weight,2021-02-09,-0.0028566363844635127
equity_equal_weight,equity,equal_weight,2021-02-10,0.0018380613809191842
equity_equal_weight,equity,equal_weight,2021-02-11,-0.0011448702812422444
equity_equal_weight,equity,equal_weight,2021-02-12,0.00456925706778937
equity_equal_weight,equity,equal_weight,2021-02-16,0.0013897038414903639
equity_equal_weight,equity,equal_weight,2021-02-17,0.0025314182146181355
equity_equal_weight,equity,equal_weight,2021-02-18,-0.006636366116092681
equity_equal_weight,equity,equal_weight,2021-02-19,0.0017552142697426088
equity_equal_weight,equity,equal_weight,2021-02-22,0.003151462198257099
equity_equal_weight,equity,equal_weight,2021-02-23,0.0007040167077609853
equity_equal_weight,equity,equal_weight,2021-02-24,0.016122034613694283
equity_equal_weight,equity,equal_weight,2021-02-25,-0.019177178544150523
equity_equal_weight,equity,equal_weight,2021-02-26,-0.013518257118032432
equity_equal_weight,equity,equal_weight,2021-03-01,0.019963326496913788
equity_equal_weight,equity,equal_weight,2021-03-02,-0.0028062348013948024
equity_equal_weight,equity,equal_weight,2021-03-03,-0.006865622462034848
equity_equal_weight,equity,equal_weight,2021-03-04,-0.007678223011596031
equity_equal_weight,equity,equal_weight,2021-03-05,0.01781803511426673
equity_equal_weight,equity,equal_weight,2021-03-08,0.0024156401118105284
equity_equal_weight,equity,equal_weight,2021-03-09,0.005985780768517135
equity_equal_weight,equity,equal_weight,2021-03-10,0.010144884675629899
equity_equal_weight,equity,equal_weight,2021-03-11,0.004733695242030584
equity_equal_weight,equity,equal_weight,2021-03-12,0.0073213229086619615
equity_equal_weight,equity,equal_weight,2021-03-15,0.005322672463124852
equity_equal_weight,equity,equal_weight,2021-03-16,-0.0006629149901878922
equity_equal_weight,equity,equal_weight,2021-03-17,0.0024525274775814036
equity_equal_weight,equity,equal_weight,2021-03-18,-0.013330223758688132
equity_equal_weight,equity,equal_weight,2021-03-19,-0.004960196790008943
equity_equal_weight,equity,equal_weight,2021-03-22,0.005318652811677225
equity_equal_weight,equity,equal_weight,2021-03-23,-0.008369492885778738
equity_equal_weight,equity,equal_weight,2021-03-24,-0.0030626418984172677
equity_equal_weight,equity,equal_weight,2021-03-25,0.007372562002828896
equity_equal_weight,equity,equal_weight,2021-03-26,0.01957256375506664
equity_equal_weight,equity,equal_weight,2021-03-29,0.0011668622914676055
equity_equal_weight,equity,equal_weight,2021-03-30,-0.003356737425909379
equity_equal_weight,equity,equal_weight,2021-03-31,-0.0011654710318684393
equity_equal_weight,equity,equal_weight,2021-04-01,0.011919235422437929
equity_equal_weight,equity,equal_weight,2021-04-05,0.005152482779723815
equity_equal_weight,equity,equal_weight,2021-04-06,0.00029015905144857827
equity_equal_weight,equity,equal_weight,2021-04-07,-0.000985162525171521
equity_equal_weight,equity,equal_weight,2021-04-08,-0.0011896458588349854
equity_equal_weight,equity,equal_weight,2021-04-09,0.0025849478911706193
equity_equal_weight,equity,equal_weight,2021-04-12,-0.0003705639629280436
equity_equal_weight,equity,equal_weight,2021-04-13,0.0018030353949632738
equity_equal_weight,equity,equal_weight,2021-04-14,0.0029439118121921018
equity_equal_weight,equity,equal_weight,2021-04-15,0.009653589624722805
equity_equal_weight,equity,equal_weight,2021-04-16,0.0028845720106958775
equity_equal_weight,equity,equal_weight,2021-04-19,-0.0036855810755920004
equity_equal_weight,equity,equal_weight,2021-04-20,-0.00839259157832139
equity_equal_weight,equity,equal_weight,2021-04-21,0.010332327422379967
equity_equal_weight,equity,equal_weight,2021-04-22,-0.009566738557241708
equity_equal_weight,equity,equal_weight,2021-04-23,0.008828568661872385
equity_equal_weight,equity,equal_weight,2021-04-26,0.000839395048617093
equity_equal_weight,equity,equal_weight,2021-04-27,0.0009805905140328791
equity_equal_weight,equity,equal_weight,2021-04-28,0.00037666134718443504
equity_equal_weight,equity,equal_weight,2021-04-29,0.009013733656547533
equity_equal_weight,equity,equal_weight,2021-04-30,-0.006816810626382464
equity_equal_weight,equity,equal_weight,2021-05-03,0.007437644948144481
equity_equal_weight,equity,equal_weight,2021-05-04,-0.0022056292417205465
equity_equal_weight,equity,equal_weight,2021-05-05,0.00627064244727754
equity_equal_weight,equity,equal_weight,2021-05-06,0.008144083604476944
equity_equal_weight,equity,equal_weight,2021-05-07,0.009758339599586878
equity_equal_weight,equity,equal_weight,2021-05-10,-0.00416815586662013
equity_equal_weight,equity,equal_weight,2021-05-11,-0.009370387932132969
equity_equal_weight,equity,equal_weight,2021-05-12,-0.015790454297264344
equity_equal_weight,equity,equal_weight,2021-05-13,0.008609864371066213
equity_equal_weight,equity,equal_weight,2021-05-14,0.013974679855317631
equity_equal_weight,equity,equal_weight,2021-05-17,0.0037475776134467194
equity_equal_weight,equity,equal_weight,2021-05-18,-0.009097171754679112
equity_equal_weight,equity,equal_weight,2021-05-19,-0.005935456398289737
equity_equal_weight,equity,equal_weight,2021-05-20,0.008183759709366705
equity_equal_weight,equity,equal_weight,2021-05-21,0.0023599818592325724
equity_equal_weight,equity,equal_weight,2021-05-24,0.006086452534569007
equity_equal_weight,equity,equal_weight,2021-05-25,-0.005869998182363044
equity_equal_weight,equity,equal_weight,2021-05-26,0.0037760314428012874
equity_equal_weight,equity,equal_weight,2021-05-27,0.0024923296656812186
equity_equal_weight,equity,equal_weight,2021-05-28,0.0028765373342631993
equity_equal_weight,equity,equal_weight,2021-06-01,0.006155867931106327
equity_equal_weight,equity,equal_weight,2021-06-02,0.003969831351910204
equity_equal_weight,equity,equal_weight,2021-06-03,0.0015788199979827804
equity_equal_weight,equity,equal_weight,2021-06-04,0.006554730938169274
equity_equal_weight,equity,equal_weight,2021-06-07,-0.001991456404602489
equity_equal_weight,equity,equal_weight,2021-06-08,-0.0025166232777746158
equity_equal_weight,equity,equal_weight,2021-06-09,-0.0027107162217694524
equity_equal_weight,equity,equal_weight,2021-06-10,0.003564716778577709
equity_equal_weight,equity,equal_weight,2021-06-11,-0.00023352756822937133
equity_equal_weight,equity,equal_weight,2021-06-14,-0.0014199066300114543
equity_equal_weight,equity,equal_weight,2021-06-15,-0.0014729108142079901
equity_equal_weight,equity,equal_weight,2021-06-16,-0.007743520783867146
equity_equal_weight,equity,equal_weight,2021-06-17,-0.008576267296364643
equity_equal_weight,equity,equal_weight,2021-06-18,-0.014980241444400761
equity_equal_weight,equity,equal_weight,2021-06-21,0.01678714014012788
equity_equal_weight,equity,equal_weight,2021-06-22,0.001558937217613963
equity_equal_weight,equity,equal_weight,2021-06-23,-0.0032648221050919427
equity_equal_weight,equity,equal_weight,2021-06-24,0.00805398133996189
equity_equal_weight,equity,equal_weight,2021-06-25,0.007776346214146102
equity_equal_weight,equity,equal_weight,2021-06-28,-0.0019288688029264634
equity_equal_weight,equity,equal_weight,2021-06-29,-0.0002875452130886887
equity_equal_weight,equity,equal_weight,2021-06-30,0.004219853898124076
equity_equal_weight,equity,equal_weight,2021-07-01,0.006588444236266208
equity_equal_weight,equity,equal_weight,2021-07-02,0.003758998415125507
equity_equal_weight,equity,equal_weight,2021-07-06,-0.008705132818467137
equity_equal_weight,equity,equal_weight,2021-07-07,0.0001473798852486554
equity_equal_weight,equity,equal_weight,2021-07-08,-0.006891177591098055
equity_equal_weight,equity,equal_weight,2021-07-09,0.011886116594822256
equity_equal_weight,equity,equal_weight,2021-07-12,0.004306081787775154
equity_equal_weight,equity,equal_weight,2021-07-13,-0.004758785672821968
equity_equal_weight,equity,equal_weight,2021-07-14,-0.0011872127717577215
equity_equal_weight,equity,equal_weight,2021-07-15,-0.0010231912264077692
equity_equal_weight,equity,equal_weight,2021-07-16,-0.009047969358912365
equity_equal_weight,equity,equal_weight,2021-07-19,-0.016982069693496707
equity_equal_weight,equity,equal_weight,2021-07-20,0.010953521504579173
equity_equal_weight,equity,equal_weight,2021-07-21,0.009476477867411279
equity_equal_weight,equity,equal_weight,2021-07-22,-0.0011833126287486297
equity_equal_weight,equity,equal_weight,2021-07-23,0.005392072652478755
equity_equal_weight,equity,equal_weight,2021-07-26,0.005263367379403113
equity_equal_weight,equity,equal_weight,2021-07-27,-0.0018026140060781425
equity_equal_weight,equity,equal_weight,2021-07-28,0.002008152787671695
equity_equal_weight,equity,equal_weight,2021-07-29,0.006309618739833487
equity_equal_weight,equity,equal_weight,2021-07-30,-0.005238942743134162
equity_equal_weight,equity,equal_weight,2021-08-02,-0.0025946151195928866
equity_equal_weight,equity,equal_weight,2021-08-03,0.00654305264096997
equity_equal_weight,equity,equal_weight,2021-08-04,-0.007947856433161218
equity_equal_weight,equity,equal_weight,2021-08-05,0.004729711210361382
equity_equal_weight,equity,equal_weight,2021-08-06,0.003348906599815738
equity_equal_weight,equity,equal_weight,2021-08-09,-0.002526769733525696
equity_equal_weight,equity,equal_weight,2021-08-10,0.006358216606883076
equity_equal_weight,equity,equal_weight,2021-08-11,0.008724258389585472
equity_equal_weight,equity,equal_weight,2021-08-12,0.0018867578823303028
equity_equal_weight,equity,equal_weight,2021-08-13,0.001001383061648911
equity_equal_weight,equity,equal_weight,2021-08-16,-0.0014171066135067877
equity_equal_weight,equity,equal_weight,2021-08-17,-0.005470573643860245
equity_equal_weight,equity,equal_weight,2021-08-18,-0.012675200259877305
equity_equal_weight,equity,equal_weight,2021-08-19,-0.00447328080450753
equity_equal_weight,equity,equal_weight,2021-08-20,0.0054841915157974735
equity_equal_weight,equity,equal_weight,2021-08-23,0.00968012375078309
equity_equal_weight,equity,equal_weight,2021-08-24,0.0020043639405780338
equity_equal_weight,equity,equal_weight,2021-08-25,0.00034303500431423495
equity_equal_weight,equity,equal_weight,2021-08-26,-0.006980986363108579
equity_equal_weight,equity,equal_weight,2021-08-27,0.011113697746322983
equity_equal_weight,equity,equal_weight,2021-08-30,-0.000850868852637007
equity_equal_weight,equity,equal_weight,2021-08-31,-0.0005868884250815776
equity_equal_weight,equity,equal_weight,2021-09-01,-0.0020525501983184175
equity_equal_weight,equity,equal_weight,2021-09-02,0.006855141706756002
equity_equal_weight,equity,equal_weight,2021-09-03,-0.0034854095979250446
equity_equal_weight,equity,equal_weight,2021-09-07,-0.010039107318296964
equity_equal_weight,equity,equal_weight,2021-09-08,-0.0019642550834438753
equity_equal_weight,equity,equal_weight,2021-09-09,-0.006293044893125628
equity_equal_weight,equity,equal_weight,2021-09-10,-0.0037485253314307318
equity_equal_weight,equity,equal_weight,2021-09-13,0.005462647442534112
equity_equal_weight,equity,equal_weight,2021-09-14,-0.009581884755736052
equity_equal_weight,equity,equal_weight,2021-09-15,0.008668950899265365
equity_equal_weight,equity,equal_weight,2021-09-16,-0.004967130913694056
equity_equal_weight,equity,equal_weight,2021-09-17,-0.011456549406665743
equity_equal_weight,equity,equal_weight,2021-09-20,-0.017153708495714313
equity_equal_weight,equity,equal_weight,2021-09-21,-0.001973495039555328
equity_equal_weight,equity,equal_weight,2021-09-22,0.009012739936000472
equity_equal_weight,equity,equal_weight,2021-09-23,0.011529630846185374
equity_equal_weight,equity,equal_weight,2021-09-24,-0.0022472027935135173
equity_equal_weight,equity,equal_weight,2021-09-27,0.0036372158958625817
equity_equal_weight,equity,equal_weight,2021-09-28,-0.0109497376300456
equity_equal_weight,equity,equal_weight,2021-09-29,0.00384383238893874
equity_equal_weight,equity,equal_weight,2021-09-30,-0.010301100036886297
equity_equal_weight,equity,equal_weight,2021-10-01,0.012342170182835961
equity_equal_weight,equity,equal_weight,2021-10-04,-0.0026742703526463794
equity_equal_weight,equity,equal_weight,2021-10-05,0.005617750743428091
equity_equal_weight,equity,equal_weight,2021-10-06,0.0009717107355535323
equity_equal_weight,equity,equal_weight,2021-10-07,0.008006648558154618
equity_equal_weight,equity,equal_weight,2021-10-08,-0.0007260894772497142
equity_equal_weight,equity,equal_weight,2021-10-11,-0.008942032694964195
equity_equal_weight,equity,equal_weight,2021-10-12,-0.0007150394873135913
equity_equal_weight,equity,equal_weight,2021-10-13,0.003199445563091727
equity_equal_weight,equity,equal_weight,2021-10-14,0.012679958244172517
equity_equal_weight,equity,equal_weight,2021-10-15,0.0047651375708031634
equity_equal_weight,equity,equal_weight,2021-10-18,0.0005462587680141472
equity_equal_weight,equity,equal_weight,2021-10-19,0.00957966100380038
equity_equal_weight,equity,equal_weight,2021-10-20,0.008764338742140132
equity_equal_weight,equity,equal_weight,2021-10-21,0.0008889860912490667
equity_equal_weight,equity,equal_weight,2021-10-22,0.0013105339249409955
equity_equal_weight,equity,equal_weight,2021-10-25,0.006379935888902461
equity_equal_weight,equity,equal_weight,2021-10-26,0.0053040586314004445
equity_equal_weight,equity,equal_weight,2021-10-27,-0.016192859751054924
equity_equal_weight,equity,equal_weight,2021-10-28,0.008344650983747575
equity_equal_weight,equity,equal_weight,2021-10-29,-0.0028256392887496045
equity_equal_weight,equity,equal_weight,2021-11-01,0.007461175731891199
equity_equal_weight,equity,equal_weight,2021-11-02,0.00458230979413634
equity_equal_weight,equity,equal_weight,2021-11-03,0.005054705923649993
equity_equal_weight,equity,equal_weight,2021-11-04,0.004676926318802623
equity_equal_weight,equity,equal_weight,2021-11-05,0.0043649283900934095
equity_equal_weight,equity,equal_weight,2021-11-08,0.003949575710675323
equity_equal_weight,equity,equal_weight,2021-11-09,-0.0007566975682508278
equity_equal_weight,equity,equal_weight,2021-11-10,-0.007784110102288111
equity_equal_weight,equity,equal_weight,2021-11-11,0.0013167922155206543
equity_equal_weight,equity,equal_weight,2021-11-12,0.002194501291658535
equity_equal_weight,equity,equal_weight,2021-11-15,-0.000858708736483689
equity_equal_weight,equity,equal_weight,2021-11-16,0.0004126820179466147
equity_equal_weight,equity,equal_weight,2021-11-17,-0.006225458161504623
equity_equal_weight,equity,equal_weight,2021-11-18,-0.0008484705773919609
equity_equal_weight,equity,equal_weight,2021-11-19,-0.007689636759913478
equity_equal_weight,equity,equal_weight,2021-11-22,0.001416276663413356
equity_equal_weight,equity,equal_weight,2021-11-23,0.00706285781489085
equity_equal_weight,equity,equal_weight,2021-11-24,0.0018731504042178546
equity_equal_weight,equity,equal_weight,2021-11-26,-0.022029778329367544
equity_equal_weight,equity,equal_weight,2021-11-29,0.008083930148740403
equity_equal_weight,equity,equal_weight,2021-11-30,-0.022771518595520165
equity_equal_weight,equity,equal_weight,2021-12-01,-0.013137975243081345
equity_equal_weight,equity,equal_weight,2021-12-02,0.02146529399112499
equity_equal_weight,equity,equal_weight,2021-12-03,-0.0009007541368665063
equity_equal_weight,equity,equal_weight,2021-12-06,0.013700797601592533
equity_equal_weight,equity,equal_weight,2021-12-07,0.014639166742671003
equity_equal_weight,equity,equal_weight,2021-12-08,-0.0006247389621425852
equity_equal_weight,equity,equal_weight,2021-12-09,-0.006624504675048628
equity_equal_weight,equity,equal_weight,2021-12-10,0.005411903505497251
equity_equal_weight,equity,equal_weight,2021-12-13,-0.005806314676182594
equity_equal_weight,equity,equal_weight,2021-12-14,-0.0020031239545274036
equity_equal_weight,equity,equal_weight,2021-12-15,0.008172930634757637
equity_equal_weight,equity,equal_weight,2021-12-16,0.005188184467772126
equity_equal_weight,equity,equal_weight,2021-12-17,-0.012404277764205433
equity_equal_weight,equity,equal_weight,2021-12-20,-0.007935268189997752
equity_equal_weight,equity,equal_weight,2021-12-21,0.013635049801826378
equity_equal_weight,equity,equal_weight,2021-12-22,0.005938664845482422
equity_equal_weight,equity,equal_weight,2021-12-23,0.004855126687119215
equity_equal_weight,equity,equal_weight,2021-12-27,0.01236569110596193
equity_equal_weight,equity,equal_weight,2021-12-28,0.0018934425549532016
equity_equal_weight,equity,equal_weight,2021-12-29,0.0005390121441708202
equity_equal_weight,equity,equal_weight,2021-12-30,-0.001374931812846655
equity_equal_weight,equity,equal_weight,2021-12-31,-0.0010258815543621555
equity_equal_weight,equity,equal_weight,2022-01-03,0.007893532580496581
equity_equal_weight,equity,equal_weight,2022-01-04,0.008557829538885777
equity_equal_weight,equity,equal_weight,2022-01-05,-0.009713803910778527
equity_equal_weight,equity,equal_weight,2022-01-06,0.0007960560820971087
equity_equal_weight,equity,equal_weight,2022-01-07,0.0018716458788919504
equity_equal_weight,equity,equal_weight,2022-01-10,-0.006256184023373472
equity_equal_weight,equity,equal_weight,2022-01-11,0.010438560625179439
equity_equal_weight,equity,equal_weight,2022-01-12,0.0025407852186011097
equity_equal_weight,equity,equal_weight,2022-01-13,-0.004715426210225352
equity_equal_weight,equity,equal_weight,2022-01-14,0.00277884861775225
equity_equal_weight,equity,equal_weight,2022-01-18,-0.01042217356139088
equity_equal_weight,equity,equal_weight,2022-01-19,-0.007240158511388436
equity_equal_weight,equity,equal_weight,2022-01-20,-0.011773923035989207
equity_equal_weight,equity,equal_weight,2022-01-21,-0.013229841117012925
equity_equal_weight,equity,equal_weight,2022-01-24,0.0018782640805251494
equity_equal_weight,equity,equal_weight,2022-01-25,-0.0016889833460317124
equity_equal_weight,equity,equal_weight,2022-01-26,-0.008535256110923296
equity_equal_weight,equity,equal_weight,2022-01-27,-0.002653213159819779
equity_equal_weight,equity,equal_weight,2022-01-28,0.015718961857947623
equity_equal_weight,equity,equal_weight,2022-01-31,0.012374374204113404
equity_equal_weight,equity,equal_weight,2022-02-01,0.010950258432124882
equity_equal_weight,equity,equal_weight,2022-02-02,0.009924119531451616
equity_equal_weight,equity,equal_weight,2022-02-03,-0.009571662356480127
equity_equal_weight,equity,equal_weight,2022-02-04,-0.0008988477450475388
equity_equal_weight,equity,equal_weight,2022-02-07,0.0024172070796756612
equity_equal_weight,equity,equal_weight,2022-02-08,0.004002567828544926
equity_equal_weight,equity,equal_weight,2022-02-09,0.012656250700740872
equity_equal_weight,equity,equal_weight,2022-02-10,-0.016801704370753828
equity_equal_weight,equity,equal_weight,2022-02-11,-0.010457606014640193
equity_equal_weight,equity,equal_weight,2022-02-14,-0.006484181964311184
equity_equal_weight,equity,equal_weight,2022-02-15,0.010562964709826787
equity_equal_weight,equity,equal_weight,2022-02-16,-0.0003604690520929756
equity_equal_weight,equity,equal_weight,2022-02-17,-0.015425567951036704
equity_equal_weight,equity,equal_weight,2022-02-18,-0.008401983050542834
equity_equal_weight,equity,equal_weight,2022-02-22,-0.006932345335474343
equity_equal_weight,equity,equal_weight,2022-02-23,-0.011310469002434351
equity_equal_weight,equity,equal_weight,2022-02-24,0.006113009538672123
equity_equal_weight,equity,equal_weight,2022-02-25,0.025590264373992793
equity_equal_weight,equity,equal_weight,2022-02-28,-0.0018767736226133946
equity_equal_weight,equity,equal_weight,2022-03-01,-0.012896231197349312
equity_equal_weight,equity,equal_weight,2022-03-02,0.01967809946588129
equity_equal_weight,equity,equal_weight,2022-03-03,-0.00068954929827713
equity_equal_weight,equity,equal_weight,2022-03-04,0.002677948828055772
equity_equal_weight,equity,equal_weight,2022-03-07,-0.016610118084741735
equity_equal_weight,equity,equal_weight,2022-03-08,-0.0047021709663911
equity_equal_weight,equity,equal_weight,2022-03-09,0.013490126186327275
equity_equal_weight,equity,equal_weight,2022-03-10,-0.00021181636100914291
equity_equal_weight,equity,equal_weight,2022-03-11,-0.007940797488223501
equity_equal_weight,equity,equal_weight,2022-03-14,-0.009772847058779502
equity_equal_weight,equity,equal_weight,2022-03-15,0.008476043351912039
equity_equal_weight,equity,equal_weight,2022-03-16,0.014508445572803985
equity_equal_weight,equity,equal_weight,2022-03-17,0.01500277312396486
equity_equal_weight,equity,equal_weight,2022-03-18,0.004393717604026516
equity_equal_weight,equity,equal_weight,2022-03-21,0.0042814354194536785
equity_equal_weight,equity,equal_weight,2022-03-22,0.004963677342199874
equity_equal_weight,equity,equal_weight,2022-03-23,-0.009105424807429355
equity_equal_weight,equity,equal_weight,2022-03-24,0.010268831223645749
equity_equal_weight,equity,equal_weight,2022-03-25,0.00920199744910587
equity_equal_weight,equity,equal_weight,2022-03-28,0.00022991488118235582
equity_equal_weight,equity,equal_weight,2022-03-29,0.011933388043900357
equity_equal_weight,equity,equal_weight,2022-03-30,-0.003828855655144527
equity_equal_weight,equity,equal_weight,2022-03-31,-0.014221202142033079
equity_equal_weight,equity,equal_weight,2022-04-01,0.006186125023239843
equity_equal_weight,equity,equal_weight,2022-04-04,0.0022766175502174145
equity_equal_weight,equity,equal_weight,2022-04-05,-0.010604681001322187
equity_equal_weight,equity,equal_weight,2022-04-06,-0.0009029271017112799
equity_equal_weight,equity,equal_weight,2022-04-07,0.0016742166564927756
equity_equal_weight,equity,equal_weight,2022-04-08,0.003506589772367751
equity_equal_weight,equity,equal_weight,2022-04-11,-0.011929035170042927
equity_equal_weight,equity,equal_weight,2022-04-12,-0.0007004274837974023
equity_equal_weight,equity,equal_weight,2022-04-13,0.008842244191448165
equity_equal_weight,equity,equal_weight,2022-04-14,-0.0017895739780087309
equity_equal_weight,equity,equal_weight,2022-04-18,0.0007497079830465125
equity_equal_weight,equity,equal_weight,2022-04-19,0.011961508825629064
equity_equal_weight,equity,equal_weight,2022-04-20,0.0019334597261816005
equity_equal_weight,equity,equal_weight,2022-04-21,-0.011636137130243808
equity_equal_weight,equity,equal_weight,2022-04-22,-0.023505755428103615
equity_equal_weight,equity,equal_weight,2022-04-25,-0.003037606586353282
equity_equal_weight,equity,equal_weight,2022-04-26,-0.01990587057554913
equity_equal_weight,equity,equal_weight,2022-04-27,0.00082085423136417
equity_equal_weight,equity,equal_weight,2022-04-28,0.016911672779662296
equity_equal_weight,equity,equal_weight,2022-04-29,-0.03491485544757717
equity_equal_weight,equity,equal_weight,2022-05-02,0.004282752066340887
equity_equal_weight,equity,equal_weight,2022-05-03,0.006453169685688456
equity_equal_weight,equity,equal_weight,2022-05-04,0.030826143950610178
equity_equal_weight,equity,equal_weight,2022-05-05,-0.02533055479196416
equity_equal_weight,equity,equal_weight,2022-05-06,-0.003267578446473068
equity_equal_weight,equity,equal_weight,2022-05-09,-0.03559861271205254
equity_equal_weight,equity,equal_weight,2022-05-10,-0.004178687715627578
equity_equal_weight,equity,equal_weight,2022-05-11,-0.003367454859486529
equity_equal_weight,equity,equal_weight,2022-05-12,0.002451447762284649
equity_equal_weight,equity,equal_weight,2022-05-13,0.02198701558055875
equity_equal_weight,equity,equal_weight,2022-05-16,0.0020556778233531375
equity_equal_weight,equity,equal_weight,2022-05-17,0.01905426419520762
equity_equal_weight,equity,equal_weight,2022-05-18,-0.027667993510321624
equity_equal_weight,equity,equal_weight,2022-05-19,-0.0019055530466637288
equity_equal_weight,equity,equal_weight,2022-05-20,0.0006539648135780039
equity_equal_weight,equity,equal_weight,2022-05-23,0.019144835471557327
equity_equal_weight,equity,equal_weight,2022-05-24,0.0007774847368343307
equity_equal_weight,equity,equal_weight,2022-05-25,0.00880388704513415
equity_equal_weight,equity,equal_weight,2022-05-26,0.014748339934138795
equity_equal_weight,equity,equal_weight,2022-05-27,0.019151363469379967
equity_equal_weight,equity,equal_weight,2022-05-31,-0.007963899183436823
equity_equal_weight,equity,equal_weight,2022-06-01,-0.005248085487194567
equity_equal_weight,equity,equal_weight,2022-06-02,0.014594936780382426
equity_equal_weight,equity,equal_weight,2022-06-03,-0.00832814806915759
equity_equal_weight,equity,equal_weight,2022-06-06,-0.00046420173971095213
equity_equal_weight,equity,equal_weight,2022-06-07,0.010267784720320059
equity_equal_weight,equity,equal_weight,2022-06-08,-0.012810628964715463
equity_equal_weight,equity,equal_weight,2022-06-09,-0.023577811131328497
equity_equal_weight,equity,equal_weight,2022-06-10,-0.025759060627039056
equity_equal_weight,equity,equal_weight,2022-06-13,-0.04044870293473885
equity_equal_weight,equity,equal_weight,2022-06-14,-0.0066563909219490664
equity_equal_weight,equity,equal_weight,2022-06-15,0.010697439125869108
equity_equal_weight,equity,equal_weight,2022-06-16,-0.028691539898185053
equity_equal_weight,equity,equal_weight,2022-06-17,-0.004024583730670721
equity_equal_weight,equity,equal_weight,2022-06-21,0.02125447013823722
equity_equal_weight,equity,equal_weight,2022-06-22,-0.003003589050751784
equity_equal_weight,equity,equal_weight,2022-06-23,0.0032783643601157183
equity_equal_weight,equity,equal_weight,2022-06-24,0.028106950730770356
equity_equal_weight,equity,equal_weight,2022-06-27,-0.003446745739265919
equity_equal_weight,equity,equal_weight,2022-06-28,-0.009935317070791974
equity_equal_weight,equity,equal_weight,2022-06-29,-0.004598591051314441
equity_equal_weight,equity,equal_weight,2022-06-30,-0.007309195796401205
equity_equal_weight,equity,equal_weight,2022-07-01,0.010735052336339567
equity_equal_weight,equity,equal_weight,2022-07-05,-0.006393931952812289
equity_equal_weight,equity,equal_weight,2022-07-06,-0.00011955787474479454
equity_equal_weight,equity,equal_weight,2022-07-07,0.013848664698403743
equity_equal_weight,equity,equal_weight,2022-07-08,-0.0033434671235589705
equity_equal_weight,equity,equal_weight,2022-07-11,-0.007641223965006269
equity_equal_weight,equity,equal_weight,2022-07-12,-0.0038192309673965906
equity_equal_weight,equity,equal_weight,2022-07-13,-0.00369691499608104
equity_equal_weight,equity,equal_weight,2022-07-14,-0.0039207150040935215
equity_equal_weight,equity,equal_weight,2022-07-15,0.018459270637578667
equity_equal_weight,equity,equal_weight,2022-07-18,-0.003414728601693841
equity_equal_weight,equity,equal_weight,2022-07-19,0.027573424580895938
equity_equal_weight,equity,equal_weight,2022-07-20,0.0031987432037573235
equity_equal_weight,equity,equal_weight,2022-07-21,0.005901582894834631
equity_equal_weight,equity,equal_weight,2022-07-22,-0.0056285806332621036
equity_equal_weight,equity,equal_weight,2022-07-25,0.003675421527317044
equity_equal_weight,equity,equal_weight,2022-07-26,-0.0054334554366425565
equity_equal_weight,equity,equal_weight,2022-07-27,0.011784392418515508
equity_equal_weight,equity,equal_weight,2022-07-28,0.010181929366293432
equity_equal_weight,equity,equal_weight,2022-07-29,0.01005262343969278
equity_equal_weight,equity,equal_weight,2022-08-01,-0.0016167632894356567
equity_equal_weight,equity,equal_weight,2022-08-02,-0.009766373595193575
equity_equal_weight,equity,equal_weight,2022-08-03,0.0063906425985524335
equity_equal_weight,equity,equal_weight,2022-08-04,-0.0013548306398488397
equity_equal_weight,equity,equal_weight,2022-08-05,0.0012453867441642146
equity_equal_weight,equity,equal_weight,2022-08-08,-0.00029958714842461134
equity_equal_weight,equity,equal_weight,2022-08-09,-0.0009765693351909404
equity_equal_weight,equity,equal_weight,2022-08-10,0.016693861603007894
equity_equal_weight,equity,equal_weight,2022-08-11,0.005780713311737085
equity_equal_weight,equity,equal_weight,2022-08-12,0.01490516596935585
equity_equal_weight,equity,equal_weight,2022-08-15,0.00439258391531658
equity_equal_weight,equity,equal_weight,2022-08-16,0.0028145708297887175
equity_equal_weight,equity,equal_weight,2022-08-17,-0.008260710163364469
equity_equal_weight,equity,equal_weight,2022-08-18,0.003813745801491204
equity_equal_weight,equity,equal_weight,2022-08-19,-0.008981654695847488
equity_equal_weight,equity,equal_weight,2022-08-22,-0.01935673846727022
equity_equal_weight,equity,equal_weight,2022-08-23,0.0019486535738077052
equity_equal_weight,equity,equal_weight,2022-08-24,0.002458382009113093
equity_equal_weight,equity,equal_weight,2022-08-25,0.013695141798581084
equity_equal_weight,equity,equal_weight,2022-08-26,-0.027577299678903204
equity_equal_weight,equity,equal_weight,2022-08-29,-0.0034928481816605458
equity_equal_weight,equity,equal_weight,2022-08-30,-0.01364533364119141
equity_equal_weight,equity,equal_weight,2022-08-31,-0.007278695249996042
equity_equal_weight,equity,equal_weight,2022-09-01,-0.0006877551969647988
equity_equal_weight,equity,equal_weight,2022-09-02,-0.009613545886802995
equity_equal_weight,equity,equal_weight,2022-09-06,-0.0039005182992777913
equity_equal_weight,equity,equal_weight,2022-09-07,0.015960464864984227
equity_equal_weight,equity,equal_weight,2022-09-08,0.006018702471834116
equity_equal_weight,equity,equal_weight,2022-09-09,0.014423439717681823
equity_equal_weight,equity,equal_weight,2022-09-12,0.008437920739043968
equity_equal_weight,equity,equal_weight,2022-09-13,-0.03985345235372455
equity_equal_weight,equity,equal_weight,2022-09-14,0.003103688669766209
equity_equal_weight,equity,equal_weight,2022-09-15,-0.016145963616459452
equity_equal_weight,equity,equal_weight,2022-09-16,-0.007292396556558052
equity_equal_weight,equity,equal_weight,2022-09-19,0.0062650167108148705
equity_equal_weight,equity,equal_weight,2022-09-20,-0.0156037117533184
equity_equal_weight,equity,equal_weight,2022-09-21,-0.01692803937308709
equity_equal_weight,equity,equal_weight,2022-09-22,-0.009024928838551795
equity_equal_weight,equity,equal_weight,2022-09-23,-0.022376044828069697
equity_equal_weight,equity,equal_weight,2022-09-26,-0.01582735000929845
equity_equal_weight,equity,equal_weight,2022-09-27,-0.003967652429991952
equity_equal_weight,equity,equal_weight,2022-09-28,0.021236718193987335
equity_equal_weight,equity,equal_weight,2022-09-29,-0.01949945036138302
equity_equal_weight,equity,equal_weight,2022-09-30,-0.01509094026348772
equity_equal_weight,equity,equal_weight,2022-10-03,0.0321847780436476
equity_equal_weight,equity,equal_weight,2022-10-04,0.02971671377250862
equity_equal_weight,equity,equal_weight,2022-10-05,-0.003080433110727425
equity_equal_weight,equity,equal_weight,2022-10-06,-0.01093019255280784
equity_equal_weight,equity,equal_weight,2022-10-07,-0.023419937888679253
equity_equal_weight,equity,equal_weight,2022-10-10,-0.005956076655687656
equity_equal_weight,equity,equal_weight,2022-10-11,-0.0034076338240855517
equity_equal_weight,equity,equal_weight,2022-10-12,-0.005256500287898012
equity_equal_weight,equity,equal_weight,2022-10-13,0.029823824173668884
equity_equal_weight,equity,equal_weight,2022-10-14,-0.018462524981440073
equity_equal_weight,equity,equal_weight,2022-10-17,0.019579942251181776
equity_equal_weight,equity,equal_weight,2022-10-18,0.011810061568663436
equity_equal_weight,equity,equal_weight,2022-10-19,-0.0072761780740363755
equity_equal_weight,equity,equal_weight,2022-10-20,-0.0037545364491887393
equity_equal_weight,equity,equal_weight,2022-10-21,0.024666311338928344
equity_equal_weight,equity,equal_weight,2022-10-24,0.008306729831362701
equity_equal_weight,equity,equal_weight,2022-10-25,0.016016301376917036
equity_equal_weight,equity,equal_weight,2022-10-26,0.00491048467255612
equity_equal_weight,equity,equal_weight,2022-10-27,6.75047533568337e-05
equity_equal_weight,equity,equal_weight,2022-10-28,0.023408456192025445
equity_equal_weight,equity,equal_weight,2022-10-31,-0.007439346393211249
equity_equal_weight,equity,equal_weight,2022-11-01,0.0023824155053552665
equity_equal_weight,equity,equal_weight,2022-11-02,-0.017121372626882365
equity_equal_weight,equity,equal_weight,2022-11-03,-0.0022300259808336336
equity_equal_weight,equity,equal_weight,2022-11-04,0.018554139073698992
equity_equal_weight,equity,equal_weight,2022-11-07,0.007642691898989188
equity_equal_weight,equity,equal_weight,2022-11-08,0.0071875293044181224
equity_equal_weight,equity,equal_weight,2022-11-09,-0.021372852933680526
equity_equal_weight,equity,equal_weight,2022-11-10,0.04928761538731936
equity_equal_weight,equity,equal_weight,2022-11-11,0.011639787227017716
equity_equal_weight,equity,equal_weight,2022-11-14,-0.008590830164419845
equity_equal_weight,equity,equal_weight,2022-11-15,0.009769950151148496
equity_equal_weight,equity,equal_weight,2022-11-16,-0.010977110238784449
equity_equal_weight,equity,equal_weight,2022-11-17,-0.0021553294150205918
equity_equal_weight,equity,equal_weight,2022-11-18,0.004875489548294266
equity_equal_weight,equity,equal_weight,2022-11-21,0.0005924241313309364
equity_equal_weight,equity,equal_weight,2022-11-22,0.014796078622159956
equity_equal_weight,equity,equal_weight,2022-11-23,0.0034329759469911695
equity_equal_weight,equity,equal_weight,2022-11-25,0.0006559898607796781
equity_equal_weight,equity,equal_weight,2022-11-28,-0.018427636679132192
equity_equal_weight,equity,equal_weight,2022-11-29,0.004221745751968522
equity_equal_weight,equity,equal_weight,2022-11-30,0.023922814871861493
equity_equal_weight,equity,equal_weight,2022-12-01,-0.0002670937734517388
equity_equal_weight,equity,equal_weight,2022-12-02,0.0015183411558823221
equity_equal_weight,equity,equal_weight,2022-12-05,-0.017184994613129716
equity_equal_weight,equity,equal_weight,2022-12-06,-0.012274126807731048
equity_equal_weight,equity,equal_weight,2022-12-07,-0.001143730586430581
equity_equal_weight,equity,equal_weight,2022-12-08,0.007052206878663345
equity_equal_weight,equity,equal_weight,2022-12-09,-0.01025478533043915
equity_equal_weight,equity,equal_weight,2022-12-12,0.016563221778664487
equity_equal_weight,equity,equal_weight,2022-12-13,0.008761215922174303
equity_equal_weight,equity,equal_weight,2022-12-14,-0.008771137905100748
equity_equal_weight,equity,equal_weight,2022-12-15,-0.021577165257177164
equity_equal_weight,equity,equal_weight,2022-12-16,-0.009633909748084899
equity_equal_weight,equity,equal_weight,2022-12-19,-0.006678064825197673
equity_equal_weight,equity,equal_weight,2022-12-20,0.003175297678679693
equity_equal_weight,equity,equal_weight,2022-12-21,0.01780029308781438
equity_equal_weight,equity,equal_weight,2022-12-22,-0.01146311503656168
equity_equal_weight,equity,equal_weight,2022-12-23,0.007719453178407678
equity_equal_weight,equity,equal_weight,2022-12-27,0.000602190548185646
equity_equal_weight,equity,equal_weight,2022-12-28,-0.012830416580132977
equity_equal_weight,equity,equal_weight,2022-12-29,0.013300522362961401
equity_equal_weight,equity,equal_weight,2022-12-30,-0.001956584148664913
equity_equal_weight,equity,equal_weight,2023-01-03,0.0022509057491670536
equity_equal_weight,equity,equal_weight,2023-01-04,0.01854508288045782
equity_equal_weight,equity,equal_weight,2023-01-05,-0.006906765570471075
equity_equal_weight,equity,equal_weight,2023-01-06,0.02327610543848839
equity_equal_weight,equity,equal_weight,2023-01-09,3.042150860748695e-05
equity_equal_weight,equity,equal_weight,2023-01-10,0.007782121706705283
equity_equal_weight,equity,equal_weight,2023-01-11,0.009909457816524752
equity_equal_weight,equity,equal_weight,2023-01-12,0.007304297406839225
equity_equal_weight,equity,equal_weight,2023-01-13,0.0034800636760942217
equity_equal_weight,equity,equal_weight,2023-01-17,-0.0041126327668820715
equity_equal_weight,equity,equal_weight,2023-01-18,-0.015895227437531533
equity_equal_weight,equity,equal_weight,2023-01-19,-0.007776372081614364
equity_equal_weight,equity,equal_weight,2023-01-20,0.015597697476367875
equity_equal_weight,equity,equal_weight,2023-01-23,0.011988523736075625
equity_equal_weight,equity,equal_weight,2023-01-24,-0.0029241967203046575
equity_equal_weight,equity,equal_weight,2023-01-25,0.002111279769097399
equity_equal_weight,equity,equal_weight,2023-01-26,0.008731238443590753
equity_equal_weight,equity,equal_weight,2023-01-27,-0.0011044634544705918
equity_equal_weight,equity,equal_weight,2023-01-30,-0.010706329978273914
equity_equal_weight,equity,equal_weight,2023-01-31,0.011942488332101176
equity_equal_weight,equity,equal_weight,2023-02-01,0.006518284067217187
equity_equal_weight,equity,equal_weight,2023-02-02,0.0004622065711983388
equity_equal_weight,equity,equal_weight,2023-02-03,-0.012949497310195887
equity_equal_weight,equity,equal_weight,2023-02-06,-0.004753319540309473
equity_equal_weight,equity,equal_weight,2023-02-07,0.010736627026255635
equity_equal_weight,equity,equal_weight,2023-02-08,-0.009588321735836031
equity_equal_weight,equity,equal_weight,2023-02-09,-0.009693282094659651
equity_equal_weight,equity,equal_weight,2023-02-10,0.007181624715616183
equity_equal_weight,equity,equal_weight,2023-02-13,0.008827761579968453
equity_equal_weight,equity,equal_weight,2023-02-14,-0.0003612301921311566
equity_equal_weight,equity,equal_weight,2023-02-15,0.00017669496084403173
equity_equal_weight,equity,equal_weight,2023-02-16,-0.014195348622545767
equity_equal_weight,equity,equal_weight,2023-02-17,-0.002889096218057531
equity_equal_weight,equity,equal_weight,2023-02-21,-0.017682778803168778
equity_equal_weight,equity,equal_weight,2023-02-22,-0.005435369587085895
equity_equal_weight,equity,equal_weight,2023-02-23,0.005760612896976144
equity_equal_weight,equity,equal_weight,2023-02-24,-0.009383516029478763
equity_equal_weight,equity,equal_weight,2023-02-27,0.0018285851470658007
equity_equal_weight,equity,equal_weight,2023-02-28,-0.004411038409913709
equity_equal_weight,equity,equal_weight,2023-03-01,-0.0010580319937396523
equity_equal_weight,equity,equal_weight,2023-03-02,0.011935952396085638
equity_equal_weight,equity,equal_weight,2023-03-03,0.013022516039795422
equity_equal_weight,equity,equal_weight,2023-03-06,-0.0018683339450611617
equity_equal_weight,equity,equal_weight,2023-03-07,-0.017102287608685124
equity_equal_weight,equity,equal_weight,2023-03-08,0.003192957178142676
equity_equal_weight,equity,equal_weight,2023-03-09,-0.017185438962848857
equity_equal_weight,equity,equal_weight,2023-03-10,-0.013030084597309699
equity_equal_weight,equity,equal_weight,2023-03-13,-0.003159794566355041
equity_equal_weight,equity,equal_weight,2023-03-14,0.014563255790028037
equity_equal_weight,equity,equal_weight,2023-03-15,-0.008860534960167204
equity_equal_weight,equity,equal_weight,2023-03-16,0.014486195870694394
equity_equal_weight,equity,equal_weight,2023-03-17,-0.011278523801250176
equity_equal_weight,equity,equal_weight,2023-03-20,0.010574870312222064
equity_equal_weight,equity,equal_weight,2023-03-21,0.007112954768541912
equity_equal_weight,equity,equal_weight,2023-03-22,-0.019482661723618323
equity_equal_weight,equity,equal_weight,2023-03-23,0.002455563142280363
equity_equal_weight,equity,equal_weight,2023-03-24,0.007734433012731463
equity_equal_weight,equity,equal_weight,2023-03-27,0.0036365621656743964
equity_equal_weight,equity,equal_weight,2023-03-28,0.0013440088022348654
equity_equal_weight,equity,equal_weight,2023-03-29,0.015592519241283985
equity_equal_weight,equity,equal_weight,2023-03-30,0.005176542784378533
equity_equal_weight,equity,equal_weight,2023-03-31,0.012312761242483188
equity_equal_weight,equity,equal_weight,2023-04-03,0.006940014431519134
equity_equal_weight,equity,equal_weight,2023-04-04,-0.005147652373407159
equity_equal_weight,equity,equal_weight,2023-04-05,0.003823707215428133
equity_equal_weight,equity,equal_weight,2023-04-06,-0.00022899060380659778
equity_equal_weight,equity,equal_weight,2023-04-10,0.0033055286734226578
equity_equal_weight,equity,equal_weight,2023-04-11,0.0025354861715741637
equity_equal_weight,equity,equal_weight,2023-04-12,-0.002117335100691501
equity_equal_weight,equity,equal_weight,2023-04-13,0.006992451831331533
equity_equal_weight,equity,equal_weight,2023-04-14,-0.005797086851696219
equity_equal_weight,equity,equal_weight,2023-04-17,0.004862982713123601
equity_equal_weight,equity,equal_weight,2023-04-18,0.0002871981836324552
equity_equal_weight,equity,equal_weight,2023-04-19,0.0021720707585582417
equity_equal_weight,equity,equal_weight,2023-04-20,-0.007077377016030324
equity_equal_weight,equity,equal_weight,2023-04-21,-0.0009659452215853712
equity_equal_weight,equity,equal_weight,2023-04-24,0.0019529810196173474
equity_equal_weight,equity,equal_weight,2023-04-25,-0.014704495440667046
equity_equal_weight,equity,equal_weight,2023-04-26,-0.012827861743642189
equity_equal_weight,equity,equal_weight,2023-04-27,0.014347282786500574
equity_equal_weight,equity,equal_weight,2023-04-28,0.009198899033564962
equity_equal_weight,equity,equal_weight,2023-05-01,-0.0034225665792960943
equity_equal_weight,equity,equal_weight,2023-05-02,-0.01662982905540295
equity_equal_weight,equity,equal_weight,2023-05-03,-0.012219442723836594
equity_equal_weight,equity,equal_weight,2023-05-04,-0.005387040267944117
equity_equal_weight,equity,equal_weight,2023-05-05,0.017180999340013475
equity_equal_weight,equity,equal_weight,2023-05-08,-0.000568083379100567
equity_equal_weight,equity,equal_weight,2023-05-09,-0.004328358042743127
equity_equal_weight,equity,equal_weight,2023-05-10,-0.001659114826053228
equity_equal_weight,equity,equal_weight,2023-05-11,-0.008963126949554982
equity_equal_weight,equity,equal_weight,2023-05-12,-0.0008871261050615235
equity_equal_weight,equity,equal_weight,2023-05-15,0.004358360238366724
equity_equal_weight,equity,equal_weight,2023-05-16,-0.015696428003992194
equity_equal_weight,equity,equal_weight,2023-05-17,0.012076639919893294
equity_equal_weight,equity,equal_weight,2023-05-18,0.006180413523317434
equity_equal_weight,equity,equal_weight,2023-05-19,-0.0025869926868791896
equity_equal_weight,equity,equal_weight,2023-05-22,0.000754043425948024
equity_equal_weight,equity,equal_weight,2023-05-23,-0.007209408325466758
equity_equal_weight,equity,equal_weight,2023-05-24,-0.009130113339869603
equity_equal_weight,equity,equal_weight,2023-05-25,0.0016355279500846933
equity_equal_weight,equity,equal_weight,2023-05-26,0.00936154023655126
equity_equal_weight,equity,equal_weight,2023-05-30,-0.001603058337456792
equity_equal_weight,equity,equal_weight,2023-05-31,-0.00580277765973624
equity_equal_weight,equity,equal_weight,2023-06-01,0.005148317863618266
equity_equal_weight,equity,equal_weight,2023-06-02,0.019480527192096295
equity_equal_weight,equity,equal_weight,2023-06-05,-0.006075971611307451
equity_equal_weight,equity,equal_weight,2023-06-06,0.004443072471725295
equity_equal_weight,equity,equal_weight,2023-06-07,0.00838908486427373
equity_equal_weight,equity,equal_weight,2023-06-08,0.00379407757380014
equity_equal_weight,equity,equal_weight,2023-06-09,-0.0028446315671238833
equity_equal_weight,equity,equal_weight,2023-06-12,0.005284171612457428
equity_equal_weight,equity,equal_weight,2023-06-13,0.007481329417958428
equity_equal_weight,equity,equal_weight,2023-06-14,-2.6545413769152944e-06
equity_equal_weight,equity,equal_weight,2023-06-15,0.009949952278302537
equity_equal_weight,equity,equal_weight,2023-06-16,0.000495962431241515
equity_equal_weight,equity,equal_weight,2023-06-20,-0.012710568969964475
equity_equal_weight,equity,equal_weight,2023-06-21,-0.0033136857767980445
equity_equal_weight,equity,equal_weight,2023-06-22,-0.005672063010697707
equity_equal_weight,equity,equal_weight,2023-06-23,-0.007193413999764751
equity_equal_weight,equity,equal_weight,2023-06-26,0.006585998076306903
equity_equal_weight,equity,equal_weight,2023-06-27,0.007338063190960925
equity_equal_weight,equity,equal_weight,2023-06-28,-0.0017552509783702879
equity_equal_weight,equity,equal_weight,2023-06-29,0.006317247231027993
equity_equal_weight,equity,equal_weight,2023-06-30,0.008296112019194944
equity_equal_weight,equity,equal_weight,2023-07-03,0.005677130992006776
equity_equal_weight,equity,equal_weight,2023-07-05,-0.004251848765599571
equity_equal_weight,equity,equal_weight,2023-07-06,-0.012072997639928928
equity_equal_weight,equity,equal_weight,2023-07-07,0.0006215754590248514
equity_equal_weight,equity,equal_weight,2023-07-10,0.004690524035945816
equity_equal_weight,equity,equal_weight,2023-07-11,0.014299911669048832
equity_equal_weight,equity,equal_weight,2023-07-12,0.008231720754254289
equity_equal_weight,equity,equal_weight,2023-07-13,0.00569737948560918
equity_equal_weight,equity,equal_weight,2023-07-14,-0.006642226951845117
equity_equal_weight,equity,equal_weight,2023-07-17,-0.0034132899030326846
equity_equal_weight,equity,equal_weight,2023-07-18,0.006090662173107136
equity_equal_weight,equity,equal_weight,2023-07-19,0.005788033210893856
equity_equal_weight,equity,equal_weight,2023-07-20,0.0015562615313983493
equity_equal_weight,equity,equal_weight,2023-07-21,0.0041825971645304124
equity_equal_weight,equity,equal_weight,2023-07-24,0.005468579506111398
equity_equal_weight,equity,equal_weight,2023-07-25,0.00331556884176289
equity_equal_weight,equity,equal_weight,2023-07-26,0.0021509611149013587
equity_equal_weight,equity,equal_weight,2023-07-27,-0.004601791984464933
equity_equal_weight,equity,equal_weight,2023-07-28,0.004367127240576106
equity_equal_weight,equity,equal_weight,2023-07-31,0.004233558177479611
equity_equal_weight,equity,equal_weight,2023-08-01,-0.0036317010240047836
equity_equal_weight,equity,equal_weight,2023-08-02,-0.013746221050211577
equity_equal_weight,equity,equal_weight,2023-08-03,-0.004996328659341794
equity_equal_weight,equity,equal_weight,2023-08-04,-0.00225111844132205
equity_equal_weight,equity,equal_weight,2023-08-07,0.008185103574475567
equity_equal_weight,equity,equal_weight,2023-08-08,-0.0033913731055706946
equity_equal_weight,equity,equal_weight,2023-08-09,-0.0018853746524701237
equity_equal_weight,equity,equal_weight,2023-08-10,0.0010105465767160126
equity_equal_weight,equity,equal_weight,2023-08-11,0.0017668655801793814
equity_equal_weight,equity,equal_weight,2023-08-14,0.0014966100940485023
equity_equal_weight,equity,equal_weight,2023-08-15,-0.01309605054126376
equity_equal_weight,equity,equal_weight,2023-08-16,-0.008241152819028789
equity_equal_weight,equity,equal_weight,2023-08-17,-0.004686343809791277
equity_equal_weight,equity,equal_weight,2023-08-18,0.0017492224539475507
equity_equal_weight,equity,equal_weight,2023-08-21,-0.0006476406998453046
equity_equal_weight,equity,equal_weight,2023-08-22,-0.004996775127307371
equity_equal_weight,equity,equal_weight,2023-08-23,0.007182512046445334
equity_equal_weight,equity,equal_weight,2023-08-24,-0.012235983019700806
equity_equal_weight,equity,equal_weight,2023-08-25,0.0048601902001878545
equity_equal_weight,equity,equal_weight,2023-08-28,0.008234120625703572
equity_equal_weight,equity,equal_weight,2023-08-29,0.011958259719208717
equity_equal_weight,equity,equal_weight,2023-08-30,0.0016303783814023282
equity_equal_weight,equity,equal_weight,2023-08-31,-0.0030476882857766573
equity_equal_weight,equity,equal_weight,2023-09-01,0.004049068438607958
equity_equal_weight,equity,equal_weight,2023-09-05,-0.00866072058290145
equity_equal_weight,equity,equal_weight,2023-09-06,-0.004177960672444923
equity_equal_weight,equity,equal_weight,2023-09-07,-0.000223157416274318
equity_equal_weight,equity,equal_weight,2023-09-08,0.0026374729269918276
equity_equal_weight,equity,equal_weight,2023-09-11,0.0028016683013838365
equity_equal_weight,equity,equal_weight,2023-09-12,0.002392504547365609
equity_equal_weight,equity,equal_weight,2023-09-13,-0.0010406922939882515
equity_equal_weight,equity,equal_weight,2023-09-14,0.01231870503134274
equity_equal_weight,equity,equal_weight,2023-09-15,-0.010396618037459775
equity_equal_weight,equity,equal_weight,2023-09-18,-0.00017556261923464022
equity_equal_weight,equity,equal_weight,2023-09-19,-0.004352956537590351
equity_equal_weight,equity,equal_weight,2023-09-20,-0.005174190529454843
equity_equal_weight,equity,equal_weight,2023-09-21,-0.01840727123002388
equity_equal_weight,equity,equal_weight,2023-09-22,-0.003393944102322445
equity_equal_weight,equity,equal_weight,2023-09-25,0.0020707034061604604
equity_equal_weight,equity,equal_weight,2023-09-26,-0.01200012916069913
equity_equal_weight,equity,equal_weight,2023-09-27,-0.0013670892214583275
equity_equal_weight,equity,equal_weight,2023-09-28,0.003947234722531331
equity_equal_weight,equity,equal_weight,2023-09-29,-0.0015647446333802778
equity_equal_weight,equity,equal_weight,2023-10-02,-0.014277794548844161
equity_equal_weight,equity,equal_weight,2023-10-03,-0.008737447189766876
equity_equal_weight,equity,equal_weight,2023-10-04,0.0014861904195193716
equity_equal_weight,equity,equal_weight,2023-10-05,-0.001799316443096167
equity_equal_weight,equity,equal_weight,2023-10-06,0.010562235035083519
equity_equal_weight,equity,equal_weight,2023-10-09,0.008618105599254034
equity_equal_weight,equity,equal_weight,2023-10-10,0.008175075293704533
equity_equal_weight,equity,equal_weight,2023-10-11,0.0034054305970098214
equity_equal_weight,equity,equal_weight,2023-10-12,-0.008177812077289357
equity_equal_weight,equity,equal_weight,2023-10-13,0.0008539952818469665
equity_equal_weight,equity,equal_weight,2023-10-16,0.010054401801848065
equity_equal_weight,equity,equal_weight,2023-10-17,0.002685309412875975
equity_equal_weight,equity,equal_weight,2023-10-18,-0.014230273413928558
equity_equal_weight,equity,equal_weight,2023-10-19,-0.009305594370400684
equity_equal_weight,equity,equal_weight,2023-10-20,-0.009081863328990969
equity_equal_weight,equity,equal_weight,2023-10-23,-0.006638668904780638
equity_equal_weight,equity,equal_weight,2023-10-24,0.01067225634497537
equity_equal_weight,equity,equal_weight,2023-10-25,-0.012202086934438763
equity_equal_weight,equity,equal_weight,2023-10-26,-0.002238510611481274
equity_equal_weight,equity,equal_weight,2023-10-27,-0.010265573942721824
equity_equal_weight,equity,equal_weight,2023-10-30,0.009873107151553415
equity_equal_weight,equity,equal_weight,2023-10-31,0.005956443679252162
equity_equal_weight,equity,equal_weight,2023-11-01,0.004883111660390648
equity_equal_weight,equity,equal_weight,2023-11-02,0.025711605747564058
equity_equal_weight,equity,equal_weight,2023-11-03,0.012890217249610087
equity_equal_weight,equity,equal_weight,2023-11-06,-0.004416477626457304
equity_equal_weight,equity,equal_weight,2023-11-07,-0.003574772707582173
equity_equal_weight,equity,equal_weight,2023-11-08,-0.001036701802181231
equity_equal_weight,equity,equal_weight,2023-11-09,-0.008860343964443554
equity_equal_weight,equity,equal_weight,2023-11-10,0.010826555111601261
equity_equal_weight,equity,equal_weight,2023-11-13,-0.00121205915195197
equity_equal_weight,equity,equal_weight,2023-11-14,0.024687450084704524
equity_equal_weight,equity,equal_weight,2023-11-15,0.0053937813541817025
equity_equal_weight,equity,equal_weight,2023-11-16,0.0010921748663441319
equity_equal_weight,equity,equal_weight,2023-11-17,0.0029864047188403334
equity_equal_weight,equity,equal_weight,2023-11-20,0.004563278235892128
equity_equal_weight,equity,equal_weight,2023-11-21,-0.002656702442466501
equity_equal_weight,equity,equal_weight,2023-11-22,0.0017565054393906241
equity_equal_weight,equity,equal_weight,2023-11-24,0.0024257399861027126
equity_equal_weight,equity,equal_weight,2023-11-27,0.0005686227715852712
equity_equal_weight,equity,equal_weight,2023-11-28,0.001936762027054082
equity_equal_weight,equity,equal_weight,2023-11-29,0.004991001233244944
equity_equal_weight,equity,equal_weight,2023-11-30,0.0062651159072904606
equity_equal_weight,equity,equal_weight,2023-12-01,0.009225927380084266
equity_equal_weight,equity,equal_weight,2023-12-04,-0.0017582468630449512
equity_equal_weight,equity,equal_weight,2023-12-05,-0.005279051190612243
equity_equal_weight,equity,equal_weight,2023-12-06,-0.0006334092051961214
equity_equal_weight,equity,equal_weight,2023-12-07,0.004791250836244426
equity_equal_weight,equity,equal_weight,2023-12-08,0.0032232876811207154
equity_equal_weight,equity,equal_weight,2023-12-11,0.00682705806837608
equity_equal_weight,equity,equal_weight,2023-12-12,0.0009476746672545507
equity_equal_weight,equity,equal_weight,2023-12-13,0.02087639168672023
equity_equal_weight,equity,equal_weight,2023-12-14,0.014595779068877953
equity_equal_weight,equity,equal_weight,2023-12-15,-0.002987501014668089
equity_equal_weight,equity,equal_weight,2023-12-18,-0.0016647325267448263
equity_equal_weight,equity,equal_weight,2023-12-19,0.00815779375759883
equity_equal_weight,equity,equal_weight,2023-12-20,-0.014850677593572906
equity_equal_weight,equity,equal_weight,2023-12-21,0.008232135847797428
equity_equal_weight,equity,equal_weight,2023-12-22,0.001796134532603075
equity_equal_weight,equity,equal_weight,2023-12-26,0.006694788903153799
equity_equal_weight,equity,equal_weight,2023-12-27,0.001613632617548883
equity_equal_weight,equity,equal_weight,2023-12-28,0.0012615334683205742
equity_equal_weight,equity,equal_weight,2023-12-29,-0.0031501740577642113
equity_min_variance,equity,min_variance,2021-01-04,0.0027225001381844024
equity_min_variance,equity,min_variance,2021-01-05,0.0012514860281845667
equity_min_variance,equity,min_variance,2021-01-06,0.00635405926971001
equity_min_variance,equity,min_variance,2021-01-07,0.006377463363423083
equity_min_variance,equity,min_variance,2021-01-08,-0.002721075286922045
equity_min_variance,equity,min_variance,2021-01-11,4.2743055984645773e-07
equity_min_variance,equity,min_variance,2021-01-12,0.0007854960449277556
equity_min_variance,equity,min_variance,2021-01-13,-0.001519223539472584
equity_min_variance,equity,min_variance,2021-01-14,0.004143899158261464
equity_min_variance,equity,min_variance,2021-01-15,-0.004771704456534103
equity_min_variance,equity,min_variance,2021-01-19,0.010897787412164042
equity_min_variance,equity,min_variance,2021-01-20,0.015078393601033621
equity_min_variance,equity,min_variance,2021-01-21,-0.009668493649084862
equity_min_variance,equity,min_variance,2021-01-22,-0.0008703458247390481
equity_min_variance,equity,min_variance,2021-01-25,0.0038294842596522396
equity_min_variance,equity,min_variance,2021-01-26,-0.002677510933641512
equity_min_variance,equity,min_variance,2021-01-27,-0.021155801930376753
equity_min_variance,equity,min_variance,2021-01-28,0.0003909823026108096
equity_min_variance,equity,min_variance,2021-01-29,-0.009691178143303994
equity_min_variance,equity,min_variance,2021-02-01,0.0011175740664108164
equity_min_variance,equity,min_variance,2021-02-02,0.006313404696549481
equity_min_variance,equity,min_variance,2021-02-03,-0.0028356558151273843
equity_min_variance,equity,min_variance,2021-02-04,0.0021894634604123528
equity_min_variance,equity,min_variance,2021-02-05,0.014585814804830373
equity_min_variance,equity,min_variance,2021-02-08,0.00294792579492624
equity_min_variance,equity,min_variance,2021-02-09,-0.001296925732605019
equity_min_variance,equity,min_variance,2021-02-10,-0.006929904366111654
equity_min_variance,equity,min_variance,2021-02-11,-0.005043822421610801
equity_min_variance,equity,min_variance,2021-02-12,0.004238322700759904
equity_min_variance,equity,min_variance,2021-02-16,-0.009696464119543818
equity_min_variance,equity,min_variance,2021-02-17,0.006735650990721859
equity_min_variance,equity,min_variance,2021-02-18,-0.009763406235186513
equity_min_variance,equity,min_variance,2021-02-19,-0.007689143458152972
equity_min_variance,equity,min_variance,2021-02-22,0.0016756359556078589
equity_min_variance,equity,min_variance,2021-02-23,-0.006597228049024439
equity_min_variance,equity,min_variance,2021-02-24,-0.0002045112418909644
equity_min_variance,equity,min_variance,2021-02-25,-0.008819737079818302
equity_min_variance,equity,min_variance,2021-02-26,-0.017495979588488066
equity_min_variance,equity,min_variance,2021-03-01,0.008958028307726658
equity_min_variance,equity,min_variance,2021-03-02,0.005088977607730715
equity_min_variance,equity,min_variance,2021-03-03,-0.01315651252975824
equity_min_variance,equity,min_variance,2021-03-04,-0.002800747510476743
equity_min_variance,equity,min_variance,2021-03-05,0.015481873238384543
equity_min_variance,equity,min_variance,2021-03-08,-0.005008166076283392
equity_min_variance,equity,min_variance,2021-03-09,0.006923247764897364
equity_min_variance,equity,min_variance,2021-03-10,0.009303625518426888
equity_min_variance,equity,min_variance,2021-03-11,-0.00040556622520306794
equity_min_variance,equity,min_variance,2021-03-12,0.005082910007558605
equity_min_variance,equity,min_variance,2021-03-15,0.014040113550352482
equity_min_variance,equity,min_variance,2021-03-16,0.0051578787876408435
equity_min_variance,equity,min_variance,2021-03-17,-0.0097034485309962
equity_min_variance,equity,min_variance,2021-03-18,-0.00764506095161514
equity_min_variance,equity,min_variance,2021-03-19,-0.00274503254539644
equity_min_variance,equity,min_variance,2021-03-22,0.00921128405279492
equity_min_variance,equity,min_variance,2021-03-23,-0.00010576838177591818
equity_min_variance,equity,min_variance,2021-03-24,-0.006182208148431465
equity_min_variance,equity,min_variance,2021-03-25,0.002388277928534987
equity_min_variance,equity,min_variance,2021-03-26,0.01736174204833819
equity_min_variance,equity,min_variance,2021-03-29,0.010903648017203213
equity_min_variance,equity,min_variance,2021-03-30,-0.009540340738859886
equity_min_variance,equity,min_variance,2021-03-31,0.001342217254520672
equity_min_variance,equity,min_variance,2021-04-01,0.008377451086797561
equity_min_variance,equity,min_variance,2021-04-05,0.01124771551101434
equity_min_variance,equity,min_variance,2021-04-06,0.00029204543578423834
equity_min_variance,equity,min_variance,2021-04-07,-0.0007580535937793109
equity_min_variance,equity,min_variance,2021-04-08,-0.00033945257814733726
equity_min_variance,equity,min_variance,2021-04-09,0.0036309873652749748
equity_min_variance,equity,min_variance,2021-04-12,0.0013958784636895164
equity_min_variance,equity,min_variance,2021-04-13,0.002366402926761033
equity_min_variance,equity,min_variance,2021-04-14,-0.0028127890782087776
equity_min_variance,equity,min_variance,2021-04-15,0.007397136009558208
equity_min_variance,equity,min_variance,2021-04-16,0.001617195684416821
equity_min_variance,equity,min_variance,2021-04-19,-0.0008252824751908095
equity_min_variance,equity,min_variance,2021-04-20,0.005707019443515799
equity_min_variance,equity,min_variance,2021-04-21,0.004919950532009312
equity_min_variance,equity,min_variance,2021-04-22,0.0010767505633644202
equity_min_variance,equity,min_variance,2021-04-23,0.0026538178546199366
equity_min_variance,equity,min_variance,2021-04-26,-0.006496650884104577
equity_min_variance,equity,min_variance,2021-04-27,-0.0051093349478612705
equity_min_variance,equity,min_variance,2021-04-28,-0.00023928951213446153
equity_min_variance,equity,min_variance,2021-04-29,0.008338349685934207
equity_min_variance,equity,min_variance,2021-04-30,-0.0013468367262264754
equity_min_variance,equity,min_variance,2021-05-03,0.007923706241422565
equity_min_variance,equity,min_variance,2021-05-04,-0.0044785952593492245
equity_min_variance,equity,min_variance,2021-05-05,0.0022319173846926574
equity_min_variance,equity,min_variance,2021-05-06,0.0070540654273317455
equity_min_variance,equity,min_variance,2021-05-07,0.0010114623044069333
equity_min_variance,equity,min_variance,2021-05-10,0.005004330201895751
equity_min_variance,equity,min_variance,2021-05-11,-0.008741003509646399
equity_min_variance,equity,min_variance,2021-05-12,-0.013620847514958609
equity_min_variance,equity,min_variance,2021-05-13,0.012113860874667213
equity_min_variance,equity,min_variance,2021-05-14,0.002860584436575068
equity_min_variance,equity,min_variance,2021-05-17,-0.0012410022427003721
equity_min_variance,equity,min_variance,2021-05-18,-0.00435702578915865
equity_min_variance,equity,min_variance,2021-05-19,0.00034694297232968735
equity_min_variance,equity,min_variance,2021-05-20,0.010070668291415681
equity_min_variance,equity,min_variance,2021-05-21,-0.0017313005914779004
equity_min_variance,equity,min_variance,2021-05-24,-0.0014867974503059247
equity_min_variance,equity,min_variance,2021-05-25,-0.0055930285998839115
equity_min_variance,equity,min_variance,2021-05-26,0.0008206279989150104
equity_min_variance,equity,min_variance,2021-05-27,-0.004471106753983709
equity_min_variance,equity,min_variance,2021-05-28,0.0014889068427626632
equity_min_variance,equity,min_variance,2021-06-01,-0.004301630255752226
equity_min_variance,equity,min_variance,2021-06-02,0.0012113258575854797
equity_min_variance,equity,min_variance,2021-06-03,0.004020986051678051
equity_min_variance,equity,min_variance,2021-06-04,0.006029136133364595
equity_min_variance,equity,min_variance,2021-06-07,-0.004168934281336776
equity_min_variance,equity,min_variance,2021-06-08,-0.0054460129376812235
equity_min_variance,equity,min_variance,2021-06-09,0.00498660315317103
equity_min_variance,equity,min_variance,2021-06-10,0.008451343311155607
equity_min_variance,equity,min_variance,2021-06-11,0.0019464547387858318
equity_min_variance,equity,min_variance,2021-06-14,0.00038195118138956814
equity_min_variance,equity,min_variance,2021-06-15,-0.004490017709589893
equity_min_variance,equity,min_variance,2021-06-16,-0.010757331927752979
equity_min_variance,equity,min_variance,2021-06-17,-0.00024804972033309
equity_min_variance,equity,min_variance,2021-06-18,-0.010641010246532051
equity_min_variance,equity,min_variance,2021-06-21,0.010318467088858084
equity_min_variance,equity,min_variance,2021-06-22,-0.0009918204053804727
equity_min_variance,equity,min_variance,2021-06-23,-0.0072927800324890674
equity_min_variance,equity,min_variance,2021-06-24,0.005091347083247169
equity_min_variance,equity,min_variance,2021-06-25,0.011289745498883718
equity_min_variance,equity,min_variance,2021-06-28,0.001996603029000435
equity_min_variance,equity,min_variance,2021-06-29,-0.0028652021466127916
equity_min_variance,equity,min_variance,2021-06-30,0.007322584665462298
equity_min_variance,equity,min_variance,2021-07-01,0.0036167680571559
equity_min_variance,equity,min_variance,2021-07-02,0.005052686190572334
equity_min_variance,equity,min_variance,2021-07-06,-0.0021100667854927475
equity_min_variance,equity,min_variance,2021-07-07,0.0023265866243643496
equity_min_variance,equity,min_variance,2021-07-08,-0.004847795917880442
equity_min_variance,equity,min_variance,2021-07-09,0.006787289450455062
equity_min_variance,equity,min_variance,2021-07-12,0.0021308718590072823
equity_min_variance,equity,min_variance,2021-07-13,-0.002692388978502871
equity_min_variance,equity,min_variance,2021-07-14,0.004137033267449088
equity_min_variance,equity,min_variance,2021-07-15,0.0015419909471938394
equity_min_variance,equity,min_variance,2021-07-16,-0.0013487491205565986
equity_min_variance,equity,min_variance,2021-07-19,-0.013677055681203554
equity_min_variance,equity,min_variance,2021-07-20,0.005391369428302576
equity_min_variance,equity,min_variance,2021-07-21,-0.001842003512599417
equity_min_variance,equity,min_variance,2021-07-22,-0.0001114338764503787
equity_min_variance,equity,min_variance,2021-07-23,0.010255431936296331
equity_min_variance,equity,min_variance,2021-07-26,0.0010433484961643947
equity_min_variance,equity,min_variance,2021-07-27,0.0012202392985007256
equity_min_variance,equity,min_variance,2021-07-28,-0.0011596537920751453
equity_min_variance,equity,min_variance,2021-07-29,-0.000592342638037978
equity_min_variance,equity,min_variance,2021-07-30,-0.002789150917426433
equity_min_variance,equity,min_variance,2021-08-02,-0.0015156543130872254
equity_min_variance,equity,min_variance,2021-08-03,0.0005824077720648542
equity_min_variance,equity,min_variance,2021-08-04,-0.008156314266340397
equity_min_variance,equity,min_variance,2021-08-05,0.004514888417136735
equity_min_variance,equity,min_variance,2021-08-06,-0.0011982446286903379
equity_min_variance,equity,min_variance,2021-08-09,0.0009949059875671638
equity_min_variance,equity,min_variance,2021-08-10,0.004573769521081577
equity_min_variance,equity,min_variance,2021-08-11,0.004206486279305137
equity_min_variance,equity,min_variance,2021-08-12,0.00265741997127062
equity_min_variance,equity,min_variance,2021-08-13,0.003898441904124699
equity_min_variance,equity,min_variance,2021-08-16,0.006749068945524758
equity_min_variance,equity,min_variance,2021-08-17,0.002725033180190964
equity_min_variance,equity,min_variance,2021-08-18,-0.010885573660783698
equity_min_variance,equity,min_variance,2021-08-19,0.00156231506015764
equity_min_variance,equity,min_variance,2021-08-20,0.003927079738200678
equity_min_variance,equity,min_variance,2021-08-23,-0.0016163466226120475
equity_min_variance,equity,min_variance,2021-08-24,-0.005277917296298355
equity_min_variance,equity,min_variance,2021-08-25,-0.0035141131426849443
equity_min_variance,equity,min_variance,2021-08-26,-0.0061552803513034125
equity_min_variance,equity,min_variance,2021-08-27,0.0017126293225343614
equity_min_variance,equity,min_variance,2021-08-30,0.003841246980021385
equity_min_variance,equity,min_variance,2021-08-31,0.0036411888184704356
equity_min_variance,equity,min_variance,2021-09-01,0.0010234240804336122
equity_min_variance,equity,min_variance,2021-09-02,0.00626390428280195
equity_min_variance,equity,min_variance,2021-09-03,-0.0011143250511728435
equity_min_variance,equity,min_variance,2021-09-07,-0.01370331009804544
equity_min_variance,equity,min_variance,2021-09-08,0.004249909767384023
equity_min_variance,equity,min_variance,2021-09-09,-0.011057104548063955
equity_min_variance,equity,min_variance,2021-09-10,-0.007426498117347824
equity_min_variance,equity,min_variance,2021-09-13,-0.000356058531587079
equity_min_variance,equity,min_variance,2021-09-14,-0.0056752789371385115
equity_min_variance,equity,min_variance,2021-09-15,0.002866717116223365
equity_min_variance,equity,min_variance,2021-09-16,-0.004637136705538078
equity_min_variance,equity,min_variance,2021-09-17,-0.007871588489665782
equity_min_variance,equity,min_variance,2021-09-20,-0.009112502382195012
equity_min_variance,equity,min_variance,2021-09-21,-0.004185141582473054
equity_min_variance,equity,min_variance,2021-09-22,0.0003881731752023418
equity_min_variance,equity,min_variance,2021-09-23,0.0031936186077835445
equity_min_variance,equity,min_variance,2021-09-24,-0.0026297089367216817
equity_min_variance,equity,min_variance,2021-09-27,-0.0033326215810233375
equity_min_variance,equity,min_variance,2021-09-28,-0.005486741639929028
equity_min_variance,equity,min_variance,2021-09-29,0.008649871545361253
equity_min_variance,equity,min_variance,2021-09-30,-0.009410545554781505
equity_min_variance,equity,min_variance,2021-10-01,0.014276859037800143
equity_min_variance,equity,min_variance,2021-10-04,0.002519389149286927
equity_min_variance,equity,min_variance,2021-10-05,0.0007847620739257473
equity_min_variance,equity,min_variance,2021-10-06,0.0023317872973472368
equity_min_variance,equity,min_variance,2021-10-07,0.008657595653515916
equity_min_variance,equity,min_variance,2021-10-08,-0.005223368462356746
equity_min_variance,equity,min_variance,2021-10-11,-0.008764320448290008
equity_min_variance,equity,min_variance,2021-10-12,-0.0007742561423226266
equity_min_variance,equity,min_variance,2021-10-13,0.0006848493146035412
equity_min_variance,equity,min_variance,2021-10-14,0.008794588010921298
equity_min_variance,equity,min_variance,2021-10-15,-0.00072561198855125
equity_min_variance,equity,min_variance,2021-10-18,-0.0015134678986849562
equity_min_variance,equity,min_variance,2021-10-19,0.013456689097559104
equity_min_variance,equity,min_variance,2021-10-20,0.01032240895131094
equity_min_variance,equity,min_variance,2021-10-21,0.005705441313700869
equity_min_variance,equity,min_variance,2021-10-22,0.0025778629711692294
equity_min_variance,equity,min_variance,2021-10-25,0.004506049360775089
equity_min_variance,equity,min_variance,2021-10-26,8.569941182759487e-05
equity_min_variance,equity,min_variance,2021-10-27,-0.010880449583746628
equity_min_variance,equity,min_variance,2021-10-28,0.01833432062944097
equity_min_variance,equity,min_variance,2021-10-29,-0.0007149541177739339
equity_min_variance,equity,min_variance,2021-11-01,0.005351506271123255
equity_min_variance,equity,min_variance,2021-11-02,0.004701857507489889
equity_min_variance,equity,min_variance,2021-11-03,6.357268587718113e-05
equity_min_variance,equity,min_variance,2021-11-04,0.0006963582689056172
equity_min_variance,equity,min_variance,2021-11-05,-0.012395876434406258
equity_min_variance,equity,min_variance,2021-11-08,0.0019239526720446778
equity_min_variance,equity,min_variance,2021-11-09,0.0005192290061473738
equity_min_variance,equity,min_variance,2021-11-10,0.00023312081656276366
equity_min_variance,equity,min_variance,2021-11-11,0.002559520032201238
equity_min_variance,equity,min_variance,2021-11-12,0.0024407878397907793
equity_min_variance,equity,min_variance,2021-11-15,-0.0026452884586256236
equity_min_variance,equity,min_variance,2021-11-16,-0.0047059338177543476
equity_min_variance,equity,min_variance,2021-11-17,-0.0028685388855900482
equity_min_variance,equity,min_variance,2021-11-18,-0.001835201588857778
equity_min_variance,equity,min_variance,2021-11-19,-0.007804072963634882
equity_min_variance,equity,min_variance,2021-11-22,0.003486265412719402
equity_min_variance,equity,min_variance,2021-11-23,0.006341248285938357
equity_min_variance,equity,min_variance,2021-11-24,-0.0003353875327636867
equity_min_variance,equity,min_variance,2021-11-26,-0.014745403805148355
equity_min_variance,equity,min_variance,2021-11-29,0.00022401966034764137
equity_min_variance,equity,min_variance,2021-11-30,-0.021854913153537582
equity_min_variance,equity,min_variance,2021-12-01,-0.01155682651575618
equity_min_variance,equity,min_variance,2021-12-02,0.01412340097747402
equity_min_variance,equity,min_variance,2021-12-03,0.008907798823130761
equity_min_variance,equity,min_variance,2021-12-06,0.010419162761685648
equity_min_variance,equity,min_variance,2021-12-07,0.002954772421693032
equity_min_variance,equity,min_variance,2021-12-08,0.0008965180888738337
equity_min_variance,equity,min_variance,2021-12-09,-0.00285402422559792
equity_min_variance,equity,min_variance,2021-12-10,0.0077271797811680415
equity_min_variance,equity,min_variance,2021-12-13,0.0052119881231126736
equity_min_variance,equity,min_variance,2021-12-14,-0.0004147321967467336
equity_min_variance,equity,min_variance,2021-12-15,0.012979500114023938
equity_min_variance,equity,min_variance,2021-12-16,0.01012648746117399
equity_min_variance,equity,min_variance,2021-12-17,-0.012276646370379347
equity_min_variance,equity,min_variance,2021-12-20,0.002154944662741079
equity_min_variance,equity,min_variance,2021-12-21,0.0031213570650223
equity_min_variance,equity,min_variance,2021-12-22,0.006509465888324108
equity_min_variance,equity,min_variance,2021-12-23,0.0015944915690745197
equity_min_variance,equity,min_variance,2021-12-27,0.010485760016866054
equity_min_variance,equity,min_variance,2021-12-28,0.004377226546026741
equity_min_variance,equity,min_variance,2021-12-29,0.0011579806094931563
equity_min_variance,equity,min_variance,2021-12-30,0.0007047534774302707
equity_min_variance,equity,min_variance,2021-12-31,-0.0011030377235299437
equity_min_variance,equity,min_variance,2022-01-03,0.0021791027274440655
equity_min_variance,equity,min_variance,2022-01-04,-0.00040061621770339515
equity_min_variance,equity,min_variance,2022-01-05,-0.0018153998452577623
equity_min_variance,equity,min_variance,2022-01-06,-0.003994627671029646
equity_min_variance,equity,min_variance,2022-01-07,0.00461866355244652
equity_min_variance,equity,min_variance,2022-01-10,-0.0009728365542533889
equity_min_variance,equity,min_variance,2022-01-11,0.003541751475965664
equity_min_variance,equity,min_variance,2022-01-12,0.0009638582352580074
equity_min_variance,equity,min_variance,2022-01-13,-0.0018534565678950642
equity_min_variance,equity,min_variance,2022-01-14,-0.002205944529522974
equity_min_variance,equity,min_variance,2022-01-18,-0.008924920031650973
equity_min_variance,equity,min_variance,2022-01-19,-0.0004268541162155337
equity_min_variance,equity,min_variance,2022-01-20,-0.01092425187741949
equity_min_variance,equity,min_variance,2022-01-21,-0.0046963051691826345
equity_min_variance,equity,min_variance,2022-01-24,-0.005276024835807136
equity_min_variance,equity,min_variance,2022-01-25,-0.004585169690872205
equity_min_variance,equity,min_variance,2022-01-26,-0.016668026394822583
equity_min_variance,equity,min_variance,2022-01-27,0.0007130771553914566
equity_min_variance,equity,min_variance,2022-01-28,0.015527408423969422
equity_min_variance,equity,min_variance,2022-01-31,0.010207336026165397
equity_min_variance,equity,min_variance,2022-02-01,-0.002670578808547457
equity_min_variance,equity,min_variance,2022-02-02,0.011309092688341172
equity_min_variance,equity,min_variance,2022-02-03,-0.005939971592022234
equity_min_variance,equity,min_variance,2022-02-04,-0.003648038053580916
equity_min_variance,equity,min_variance,2022-02-07,-0.0009172408053643267
equity_min_variance,equity,min_variance,2022-02-08,-0.0013115220117540214
equity_min_variance,equity,min_variance,2022-02-09,0.0065694686952822556
equity_min_variance,equity,min_variance,2022-02-10,-0.017329580375520272
equity_min_variance,equity,min_variance,2022-02-11,-0.0029267431369964505
equity_min_variance,equity,min_variance,2022-02-14,-0.007886639215132597
equity_min_variance,equity,min_variance,2022-02-15,0.00218221912789987
equity_min_variance,equity,min_variance,2022-02-16,-0.0018173571294029921
equity_min_variance,equity,min_variance,2022-02-17,-0.006874692987820106
equity_min_variance,equity,min_variance,2022-02-18,-0.0054557852208248015
equity_min_variance,equity,min_variance,2022-02-22,-0.0040818441691292265
equity_min_variance,equity,min_variance,2022-02-23,-0.002472252604588269
equity_min_variance,equity,min_variance,2022-02-24,-0.0012240941612371439
equity_min_variance,equity,min_variance,2022-02-25,0.02622719464721635
equity_min_variance,equity,min_variance,2022-02-28,-0.004812575947377402
equity_min_variance,equity,min_variance,2022-03-01,-0.0017792717324432573
equity_min_variance,equity,min_variance,2022-03-02,0.012089448100638006
equity_min_variance,equity,min_variance,2022-03-03,0.008543611165453397
equity_min_variance,equity,min_variance,2022-03-04,0.00715721493632338
equity_min_variance,equity,min_variance,2022-03-07,-0.00816166860716572
equity_min_variance,equity,min_variance,2022-03-08,-0.01321101263040356
equity_min_variance,equity,min_variance,2022-03-09,0.0035566778423643643
equity_min_variance,equity,min_variance,2022-03-10,0.0024265697077312832
equity_min_variance,equity,min_variance,2022-03-11,-0.005152264605752526
equity_min_variance,equity,min_variance,2022-03-14,-0.004772273997329402
equity_min_variance,equity,min_variance,2022-03-15,0.006298345965603991
equity_min_variance,equity,min_variance,2022-03-16,0.004950481422136392
equity_min_variance,equity,min_variance,2022-03-17,0.011271506427726867
equity_min_variance,equity,min_variance,2022-03-18,0.003046590568629543
equity_min_variance,equity,min_variance,2022-03-21,0.0028803975103180576
equity_min_variance,equity,min_variance,2022-03-22,0.004123123405761135
equity_min_variance,equity,min_variance,2022-03-23,-0.008894657667873323
equity_min_variance,equity,min_variance,2022-03-24,0.006309097018035571
equity_min_variance,equity,min_variance,2022-03-25,0.008731460153221045
equity_min_variance,equity,min_variance,2022-03-28,0.005249408805230636
equity_min_variance,equity,min_variance,2022-03-29,0.012390011076489554
equity_min_variance,equity,min_variance,2022-03-30,0.0010164419042298133
equity_min_variance,equity,min_variance,2022-03-31,-0.008766795720247796
equity_min_variance,equity,min_variance,2022-04-01,0.009093880589104144
equity_min_variance,equity,min_variance,2022-04-04,0.002784057986681902
equity_min_variance,equity,min_variance,2022-04-05,-0.004462149959651933
equity_min_variance,equity,min_variance,2022-04-06,0.011259143458010656
equity_min_variance,equity,min_variance,2022-04-07,0.003578391238532521
equity_min_variance,equity,min_variance,2022-04-08,0.007296088473516781
equity_min_variance,equity,min_variance,2022-04-11,-0.01438680060462195
equity_min_variance,equity,min_variance,2022-04-12,0.002787421487534583
equity_min_variance,equity,min_variance,2022-04-13,0.006155102444402793
equity_min_variance,equity,min_variance,2022-04-14,0.0018413405373970287
equity_min_variance,equity,min_variance,2022-04-18,-0.004371394787454246
equity_min_variance,equity,min_variance,2022-04-19,0.008257230978954448
equity_min_variance,equity,min_variance,2022-04-20,0.0030710470474789534
equity_min_variance,equity,min_variance,2022-04-21,-0.010257371418198609
equity_min_variance,equity,min_variance,2022-04-22,-0.0160598654328939
equity_min_variance,equity,min_variance,2022-04-25,-0.001405818283743364
equity_min_variance,equity,min_variance,2022-04-26,-0.015691065443523982
equity_min_variance,equity,min_variance,2022-04-27,-0.00279808255108556
equity_min_variance,equity,min_variance,2022-04-28,0.015464827501521042
equity_min_variance,equity,min_variance,2022-04-29,-0.031218128500039036
equity_min_variance,equity,min_variance,2022-05-02,0.0005928202422376545
equity_min_variance,equity,min_variance,2022-05-03,0.0027461439144315543
equity_min_variance,equity,min_variance,2022-05-04,0.02453259819613312
equity_min_variance,equity,min_variance,2022-05-05,-0.015069809297406313
equity_min_variance,equity,min_variance,2022-05-06,-0.005731463315440936
equity_min_variance,equity,min_variance,2022-05-09,-0.014295402887431662
equity_min_variance,equity,min_variance,2022-05-10,-0.007928114940398814
equity_min_variance,equity,min_variance,2022-05-11,0.006455834057745876
equity_min_variance,equity,min_variance,2022-05-12,0.007370014095905557
equity_min_variance,equity,min_variance,2022-05-13,0.009769334135601227
equity_min_variance,equity,min_variance,2022-05-16,0.006340178009108911
equity_min_variance,equity,min_variance,2022-05-17,-0.0027399418341721234
equity_min_variance,equity,min_variance,2022-05-18,-0.023448162073792158
equity_min_variance,equity,min_variance,2022-05-19,-0.0048450097440058465
equity_min_variance,equity,min_variance,2022-05-20,0.0030766748765401813
equity_min_variance,equity,min_variance,2022-05-23,0.016554774533871476
equity_min_variance,equity,min_variance,2022-05-24,0.009987650447269781
equity_min_variance,equity,min_variance,2022-05-25,0.005496842308160931
equity_min_variance,equity,min_variance,2022-05-26,0.005152365581872332
equity_min_variance,equity,min_variance,2022-05-27,0.01050743890975504
equity_min_variance,equity,min_variance,2022-05-31,-0.009315949689009022
equity_min_variance,equity,min_variance,2022-06-01,-0.005535865422726029
equity_min_variance,equity,min_variance,2022-06-02,0.0029977838589740945
equity_min_variance,equity,min_variance,2022-06-03,-0.005348667655786533
equity_min_variance,equity,min_variance,2022-06-06,-0.004542720570431121
equity_min_variance,equity,min_variance,2022-06-07,0.007752554829287277
equity_min_variance,equity,min_variance,2022-06-08,-0.009602924775016461
equity_min_variance,equity,min_variance,2022-06-09,-0.02279768270602892
equity_min_variance,equity,min_variance,2022-06-10,-0.009661629037634286
equity_min_variance,equity,min_variance,2022-06-13,-0.03242757771380633
equity_min_variance,equity,min_variance,2022-06-14,-0.013638485865044623
equity_min_variance,equity,min_variance,2022-06-15,0.002897187486734879
equity_min_variance,equity,min_variance,2022-06-16,-0.007681162824899364
equity_min_variance,equity,min_variance,2022-06-17,-0.004232095378668808
equity_min_variance,equity,min_variance,2022-06-21,0.022678121893777718
equity_min_variance,equity,min_variance,2022-06-22,0.003434191019106404
equity_min_variance,equity,min_variance,2022-06-23,0.01313313033336098
equity_min_variance,equity,min_variance,2022-06-24,0.013968097206585461
equity_min_variance,equity,min_variance,2022-06-27,-0.0029267139515125403
equity_min_variance,equity,min_variance,2022-06-28,-0.009034613066923082
equity_min_variance,equity,min_variance,2022-06-29,0.0007074118014105471
equity_min_variance,equity,min_variance,2022-06-30,-0.007514254460922777
equity_min_variance,equity,min_variance,2022-07-01,0.01488670808150831
equity_min_variance,equity,min_variance,2022-07-05,-0.0036767555017367536
equity_min_variance,equity,min_variance,2022-07-06,0.0014689119190931907
equity_min_variance,equity,min_variance,2022-07-07,0.0023397652584228887
equity_min_variance,equity,min_variance,2022-07-08,-0.002857793212118841
equity_min_variance,equity,min_variance,2022-07-11,-7.005607030933066e-05
equity_min_variance,equity,min_variance,2022-07-12,-0.005704596022597815
equity_min_variance,equity,min_variance,2022-07-13,-0.0012680128073719321
equity_min_variance,equity,min_variance,2022-07-14,-0.004697275781905222
equity_min_variance,equity,min_variance,2022-07-15,0.0104688901669365
equity_min_variance,equity,min_variance,2022-07-18,-0.012182143755362456
equity_min_variance,equity,min_variance,2022-07-19,0.013795101613126857
equity_min_variance,equity,min_variance,2022-07-20,-0.006043073278844389
equity_min_variance,equity,min_variance,2022-07-21,0.004390450465825291
equity_min_variance,equity,min_variance,2022-07-22,-0.00024682000590975166
equity_min_variance,equity,min_variance,2022-07-25,-0.002351003820243127
equity_min_variance,equity,min_variance,2022-07-26,-0.006283709984722623
equity_min_variance,equity,min_variance,2022-07-27,0.004881880080623818
equity_min_variance,equity,min_variance,2022-07-28,0.008033306451465206
equity_min_variance,equity,min_variance,2022-07-29,0.00330786544700417
equity_min_variance,equity,min_variance,2022-08-01,-0.004907603869151989
equity_min_variance,equity,min_variance,2022-08-02,-0.005156114134992528
equity_min_variance,equity,min_variance,2022-08-03,0.013617912727156855
equity_min_variance,equity,min_variance,2022-08-04,-0.007848111169535394
equity_min_variance,equity,min_variance,2022-08-05,-0.004602705277592653
equity_min_variance,equity,min_variance,2022-08-08,0.004168939098722433
equity_min_variance,equity,min_variance,2022-08-09,0.0020438353916999025
equity_min_variance,equity,min_variance,2022-08-10,0.011460551394869118
equity_min_variance,equity,min_variance,2022-08-11,-0.0013477005595420929
equity_min_variance,equity,min_variance,2022-08-12,0.014425612340942518
equity_min_variance,equity,min_variance,2022-08-15,0.012174027089884853
equity_min_variance,equity,min_variance,2022-08-16,0.012598246941806543
equity_min_variance,equity,min_variance,2022-08-17,-0.006335298828489026
equity_min_variance,equity,min_variance,2022-08-18,-0.0026869512006418026
equity_min_variance,equity,min_variance,2022-08-19,-0.004553581304626806
equity_min_variance,equity,min_variance,2022-08-22,-0.014220709228332042
equity_min_variance,equity,min_variance,2022-08-23,-0.005232826714796408
equity_min_variance,equity,min_variance,2022-08-24,0.0003471152284268118
equity_min_variance,equity,min_variance,2022-08-25,0.005616584608498128
equity_min_variance,equity,min_variance,2022-08-26,-0.018356848199315278
equity_min_variance,equity,min_variance,2022-08-29,-0.00395165709896716
equity_min_variance,equity,min_variance,2022-08-30,-0.008326767939154255
equity_min_variance,equity,min_variance,2022-08-31,-0.0019037148248553834
equity_min_variance,equity,min_variance,2022-09-01,0.01179112935061839
equity_min_variance,equity,min_variance,2022-09-02,-0.009497904754814577
equity_min_variance,equity,min_variance,2022-09-06,-0.0024709002455660573
equity_min_variance,equity,min_variance,2022-09-07,0.016592872954143363
equity_min_variance,equity,min_variance,2022-09-08,0.002665477360505487
equity_min_variance,equity,min_variance,2022-09-09,0.00899229752493922
equity_min_variance,equity,min_variance,2022-09-12,0.0084405339444233
equity_min_variance,equity,min_variance,2022-09-13,-0.030074059379944153
equity_min_variance,equity,min_variance,2022-09-14,0.006309859591483163
equity_min_variance,equity,min_variance,2022-09-15,-0.010524147976951984
equity_min_variance,equity,min_variance,2022-09-16,0.0007500095785985357
equity_min_variance,equity,min_variance,2022-09-19,0.0036924643987501426
equity_min_variance,equity,min_variance,2022-09-20,-0.01353394765685435
equity_min_variance,equity,min_variance,2022-09-21,-0.012898108622410281
equity_min_variance,equity,min_variance,2022-09-22,0.0033744630072135226
equity_min_variance,equity,min_variance,2022-09-23,-0.016667782751382615
equity_min_variance,equity,min_variance,2022-09-26,-0.010517247872693201
equity_min_variance,equity,min_variance,2022-09-27,-0.005635961199361046
equity_min_variance,equity,min_variance,2022-09-28,0.022070025870130346
equity_min_variance,equity,min_variance,2022-09-29,-0.015897674810921372
equity_min_variance,equity,min_variance,2022-09-30,-0.0169794100688145
equity_min_variance,equity,min_variance,2022-10-03,0.02583422493164421
equity_min_variance,equity,min_variance,2022-10-04,0.021139916898996677
equity_min_variance,equity,min_variance,2022-10-05,-0.0038277637695450254
equity_min_variance,equity,min_variance,2022-10-06,-0.007438734508831939
equity_min_variance,equity,min_variance,2022-10-07,-0.014046856024082097
equity_min_variance,equity,min_variance,2022-10-10,0.0011619491266083588
equity_min_variance,equity,min_variance,2022-10-11,0.015607061863532744
equity_min_variance,equity,min_variance,2022-10-12,-0.004289354847943938
equity_min_variance,equity,min_variance,2022-10-13,0.019456418092882524
equity_min_variance,equity,min_variance,2022-10-14,-0.01143426587469573
equity_min_variance,equity,min_variance,2022-10-17,0.011579487517654878
equity_min_variance,equity,min_variance,2022-10-18,0.010236440697018932
equity_min_variance,equity,min_variance,2022-10-19,-0.007373922576597842
equity_min_variance,equity,min_variance,2022-10-20,-0.0024225187626472065
equity_min_variance,equity,min_variance,2022-10-21,0.020340766292571633
equity_min_variance,equity,min_variance,2022-10-24,0.017594366344931327
equity_min_variance,equity,min_variance,2022-10-25,0.008184758227134518
equity_min_variance,equity,min_variance,2022-10-26,0.01238959351637147
equity_min_variance,equity,min_variance,2022-10-27,0.0014828798558165627
equity_min_variance,equity,min_variance,2022-10-28,0.022801776649122345
equity_min_variance,equity,min_variance,2022-10-31,-0.007426572855297815
equity_min_variance,equity,min_variance,2022-11-01,-0.0012075679456848404
equity_min_variance,equity,min_variance,2022-11-02,-0.011248934767554036
equity_min_variance,equity,min_variance,2022-11-03,-0.00485691998817082
equity_min_variance,equity,min_variance,2022-11-04,0.014059504083670708
equity_min_variance,equity,min_variance,2022-11-07,0.013841971332826756
equity_min_variance,equity,min_variance,2022-11-08,0.011119759325413136
equity_min_variance,equity,min_variance,2022-11-09,-0.011911039320401173
equity_min_variance,equity,min_variance,2022-11-10,0.021578938246067318
equity_min_variance,equity,min_variance,2022-11-11,-0.005040297111039773
equity_min_variance,equity,min_variance,2022-11-14,-0.002449961123043396
equity_min_variance,equity,min_variance,2022-11-15,0.0064175467890734295
equity_min_variance,equity,min_variance,2022-11-16,-0.0007685867427622978
equity_min_variance,equity,min_variance,2022-11-17,0.0044967483138600725
equity_min_variance,equity,min_variance,2022-11-18,0.008429246005696433
equity_min_variance,equity,min_variance,2022-11-21,0.003941445980831318
equity_min_variance,equity,min_variance,2022-11-22,0.008939995988446296
equity_min_variance,equity,min_variance,2022-11-23,-0.0013139291996845989
equity_min_variance,equity,min_variance,2022-11-25,0.0007956540335836318
equity_min_variance,equity,min_variance,2022-11-28,-0.00977359670033041
equity_min_variance,equity,min_variance,2022-11-29,0.0029548841961644784
equity_min_variance,equity,min_variance,2022-11-30,0.017106796675157562
equity_min_variance,equity,min_variance,2022-12-01,0.0011783629468059156
equity_min_variance,equity,min_variance,2022-12-02,0.0029058362698545746
equity_min_variance,equity,min_variance,2022-12-05,-0.008289020097647837
equity_min_variance,equity,min_variance,2022-12-06,-0.010415731982391738
equity_min_variance,equity,min_variance,2022-12-07,0.0029964497457221676
equity_min_variance,equity,min_variance,2022-12-08,0.004242977221794291
equity_min_variance,equity,min_variance,2022-12-09,-0.016428178049603483
equity_min_variance,equity,min_variance,2022-12-12,0.006427487024668472
equity_min_variance,equity,min_variance,2022-12-13,0.0030037337281697265
equity_min_variance,equity,min_variance,2022-12-14,-0.00016902460273407108
equity_min_variance,equity,min_variance,2022-12-15,-0.01539737775438959
equity_min_variance,equity,min_variance,2022-12-16,-0.006052842774813157
equity_min_variance,equity,min_variance,2022-12-19,-0.0012922496076816696
equity_min_variance,equity,min_variance,2022-12-20,0.0008983054208076015
equity_min_variance,equity,min_variance,2022-12-21,0.011490273951819978
equity_min_variance,equity,min_variance,2022-12-22,-0.004752791055669969
equity_min_variance,equity,min_variance,2022-12-23,0.004619975492410238
equity_min_variance,equity,min_variance,2022-12-27,0.0014150382799372674
equity_min_variance,equity,min_variance,2022-12-28,-0.010133969018483287
equity_min_variance,equity,min_variance,2022-12-29,0.006515126038898127
equity_min_variance,equity,min_variance,2022-12-30,-0.00013923251978049844
equity_min_variance,equity,min_variance,2023-01-03,0.00044101271769007513
equity_min_variance,equity,min_variance,2023-01-04,0.008774952959001053
equity_min_variance,equity,min_variance,2023-01-05,0.0015073404261656076
equity_min_variance,equity,min_variance,2023-01-06,0.015201859317797096
equity_min_variance,equity,min_variance,2023-01-09,-0.0164704564900201
equity_min_variance,equity,min_variance,2023-01-10,0.0021595576508128406
equity_min_variance,equity,min_variance,2023-01-11,0.0026736976449378154
equity_min_variance,equity,min_variance,2023-01-12,-0.0027359438840224392
equity_min_variance,equity,min_variance,2023-01-13,0.002387228414221574
equity_min_variance,equity,min_variance,2023-01-17,-0.006647209589430587
equity_min_variance,equity,min_variance,2023-01-18,-0.01732190911904195
equity_min_variance,equity,min_variance,2023-01-19,-0.0017170579834632112
equity_min_variance,equity,min_variance,2023-01-20,0.008824284190004791
equity_min_variance,equity,min_variance,2023-01-23,0.0026494555350150247
equity_min_variance,equity,min_variance,2023-01-24,-0.0024170162147149027
equity_min_variance,equity,min_variance,2023-01-25,-0.0015138156859288326
equity_min_variance,equity,min_variance,2023-01-26,0.00022059956842632416
equity_min_variance,equity,min_variance,2023-01-27,-0.005807184158800236
equity_min_variance,equity,min_variance,2023-01-30,-0.003915444216456522
equity_min_variance,equity,min_variance,2023-01-31,0.0074376015254787224
equity_min_variance,equity,min_variance,2023-02-01,-0.018869424792951606
equity_min_variance,equity,min_variance,2023-02-02,-0.011544241863469525
equity_min_variance,equity,min_variance,2023-02-03,-0.009416283634795972
equity_min_variance,equity,min_variance,2023-02-06,-0.0015614592023581147
equity_min_variance,equity,min_variance,2023-02-07,0.007996333995979146
equity_min_variance,equity,min_variance,2023-02-08,-0.007441180376151992
equity_min_variance,equity,min_variance,2023-02-09,-0.0012907142497006622
equity_min_variance,equity,min_variance,2023-02-10,0.012148789214088377
equity_min_variance,equity,min_variance,2023-02-13,0.008012670178112465
equity_min_variance,equity,min_variance,2023-02-14,-0.006966321015952615
equity_min_variance,equity,min_variance,2023-02-15,-0.00039083934941018956
equity_min_variance,equity,min_variance,2023-02-16,-0.012952413734386147
equity_min_variance,equity,min_variance,2023-02-17,0.01357411068174875
equity_min_variance,equity,min_variance,2023-02-21,-0.004636746693761399
equity_min_variance,equity,min_variance,2023-02-22,-0.004540384146178614
equity_min_variance,equity,min_variance,2023-02-23,0.002678278106856032
equity_min_variance,equity,min_variance,2023-02-24,-0.0068809388506369555
equity_min_variance,equity,min_variance,2023-02-27,0.0001448154463741388
equity_min_variance,equity,min_variance,2023-02-28,-0.010362245227100941
equity_min_variance,equity,min_variance,2023-03-01,0.0003010049886510496
equity_min_variance,equity,min_variance,2023-03-02,0.005820691339743877
equity_min_variance,equity,min_variance,2023-03-03,0.003890879277393672
equity_min_variance,equity,min_variance,2023-03-06,0.009323279138875573
equity_min_variance,equity,min_variance,2023-03-07,-0.01073089104909765
equity_min_variance,equity,min_variance,2023-03-08,-0.006835306134753561
equity_min_variance,equity,min_variance,2023-03-09,-0.011563321109050494
equity_min_variance,equity,min_variance,2023-03-10,-0.0031232630429789063
equity_min_variance,equity,min_variance,2023-03-13,0.005905139340072572
equity_min_variance,equity,min_variance,2023-03-14,0.006991599531113126
equity_min_variance,equity,min_variance,2023-03-15,0.0043094769447885786
equity_min_variance,equity,min_variance,2023-03-16,0.0015795361418501045
equity_min_variance,equity,min_variance,2023-03-17,-0.013320540413759177
equity_min_variance,equity,min_variance,2023-03-20,0.013262142604325636
equity_min_variance,equity,min_variance,2023-03-21,-0.001339759554451226
equity_min_variance,equity,min_variance,2023-03-22,-0.01471845557424209
equity_min_variance,equity,min_variance,2023-03-23,0.005739173711150506
equity_min_variance,equity,min_variance,2023-03-24,0.01616295621257588
equity_min_variance,equity,min_variance,2023-03-27,0.005297686155032044
equity_min_variance,equity,min_variance,2023-03-28,-0.0011270075649434227
equity_min_variance,equity,min_variance,2023-03-29,0.006534856969783636
equity_min_variance,equity,min_variance,2023-03-30,0.0045620038278035135
equity_min_variance,equity,min_variance,2023-03-31,0.006886732311771716
equity_min_variance,equity,min_variance,2023-04-03,0.01084462472765731
equity_min_variance,equity,min_variance,2023-04-04,0.005516479994875881
equity_min_variance,equity,min_variance,2023-04-05,0.015367708808241504
equity_min_variance,equity,min_variance,2023-04-06,0.0002111772306787241
equity_min_variance,equity,min_variance,2023-04-10,-0.001440206833463537
equity_min_variance,equity,min_variance,2023-04-11,-0.0004959217249270059
equity_min_variance,equity,min_variance,2023-04-12,0.0010473738303167955
equity_min_variance,equity,min_variance,2023-04-13,0.009389831860732844
equity_min_variance,equity,min_variance,2023-04-14,-0.0042136022120193226
equity_min_variance,equity,min_variance,2023-04-17,0.00011190830433879543
equity_min_variance,equity,min_variance,2023-04-18,-0.0018249963708574022
equity_min_variance,equity,min_variance,2023-04-19,-0.0007858833744909144
equity_min_variance,equity,min_variance,2023-04-20,-0.005130663478276807
equity_min_variance,equity,min_variance,2023-04-21,0.005489682289535338
equity_min_variance,equity,min_variance,2023-04-24,0.0019758698145702696
equity_min_variance,equity,min_variance,2023-04-25,-0.0002134041240478618
equity_min_variance,equity,min_variance,2023-04-26,-0.019651020360405443
equity_min_variance,equity,min_variance,2023-04-27,0.0050932821296204205
equity_min_variance,equity,min_variance,2023-04-28,0.003571281301151859
equity_min_variance,equity,min_variance,2023-05-01,0.0012108376508717985
equity_min_variance,equity,min_variance,2023-05-02,-0.007298864534592143
equity_min_variance,equity,min_variance,2023-05-03,-0.009095715895869067
equity_min_variance,equity,min_variance,2023-05-04,0.0005076345305740971
equity_min_variance,equity,min_variance,2023-05-05,0.01091596645667462
equity_min_variance,equity,min_variance,2023-05-08,-0.0002364677361550015
equity_min_variance,equity,min_variance,2023-05-09,-0.004618965695153648
equity_min_variance,equity,min_variance,2023-05-10,-0.00046926817574130346
equity_min_variance,equity,min_variance,2023-05-11,-0.001627009298706254
equity_min_variance,equity,min_variance,2023-05-12,0.001344514499213049
equity_min_variance,equity,min_variance,2023-05-15,-0.0029486456642147858
equity_min_variance,equity,min_variance,2023-05-16,-0.014860495974752643
equity_min_variance,equity,min_variance,2023-05-17,-0.0014752767389400966
equity_min_variance,equity,min_variance,2023-05-18,0.001064815866063032
equity_min_variance,equity,min_variance,2023-05-19,0.00023370086896829802
equity_min_variance,equity,min_variance,2023-05-22,-0.005884592306622605
equity_min_variance,equity,min_variance,2023-05-23,-0.0034175542588513936
equity_min_variance,equity,min_variance,2023-05-24,-0.006533656711613747
equity_min_variance,equity,min_variance,2023-05-25,-0.012464081473190228
equity_min_variance,equity,min_variance,2023-05-26,-0.0008619455437883794
equity_min_variance,equity,min_variance,2023-05-30,-0.0036774860913953663
equity_min_variance,equity,min_variance,2023-05-31,0.006837789954854182
equity_min_variance,equity,min_variance,2023-06-01,-0.0020636290011970876
equity_min_variance,equity,min_variance,2023-06-02,0.011833368482638993
equity_min_variance,equity,min_variance,2023-06-05,0.0021167424615676196
equity_min_variance,equity,min_variance,2023-06-06,-0.006416368868531631
equity_min_variance,equity,min_variance,2023-06-07,0.0010766637367409758
equity_min_variance,equity,min_variance,2023-06-08,0.006300027988825405
equity_min_variance,equity,min_variance,2023-06-09,-1.18823948712923e-05
equity_min_variance,equity,min_variance,2023-06-12,-0.00232996783348708
equity_min_variance,equity,min_variance,2023-06-13,0.006521178273413487
equity_min_variance,equity,min_variance,2023-06-14,0.0015662874697333223
equity_min_variance,equity,min_variance,2023-06-15,0.008979622013257959
equity_min_variance,equity,min_variance,2023-06-16,0.00029548523783866614
equity_min_variance,equity,min_variance,2023-06-20,-0.00788856968559632
equity_min_variance,equity,min_variance,2023-06-21,-0.001846855424245852
equity_min_variance,equity,min_variance,2023-06-22,0.007975066057573447
equity_min_variance,equity,min_variance,2023-06-23,-0.004835006041808872
equity_min_variance,equity,min_variance,2023-06-26,0.0006500439100222642
equity_min_variance,equity,min_variance,2023-06-27,0.0029457810179327024
equity_min_variance,equity,min_variance,2023-06-28,-0.003367358052390252
equity_min_variance,equity,min_variance,2023-06-29,-0.00022861706772994218
equity_min_variance,equity,min_variance,2023-06-30,0.006839993701864256
equity_min_variance,equity,min_variance,2023-07-03,0.0035176908866559765
equity_min_variance,equity,min_variance,2023-07-05,0.0019013537762195313
equity_min_variance,equity,min_variance,2023-07-06,-0.008190815251024613
equity_min_variance,equity,min_variance,2023-07-07,-0.013836266998883025
equity_min_variance,equity,min_variance,2023-07-10,0.0009658825257632433
equity_min_variance,equity,min_variance,2023-07-11,0.009476607537860168
equity_min_variance,equity,min_variance,2023-07-12,-0.0029544258301641498
equity_min_variance,equity,min_variance,2023-07-13,0.0014646459738673027
equity_min_variance,equity,min_variance,2023-07-14,0.003087421279751878
equity_min_variance,equity,min_variance,2023-07-17,-0.004974011381840349
equity_min_variance,equity,min_variance,2023-07-18,0.0010010989150078015
equity_min_variance,equity,min_variance,2023-07-19,0.0071819617385442585
equity_min_variance,equity,min_variance,2023-07-20,0.015609905133145446
equity_min_variance,equity,min_variance,2023-07-21,0.006091250175131412
equity_min_variance,equity,min_variance,2023-07-24,0.0012714306253980524
equity_min_variance,equity,min_variance,2023-07-25,-0.0026245409587388815
equity_min_variance,equity,min_variance,2023-07-26,0.00308878098865832
equity_min_variance,equity,min_variance,2023-07-27,-0.006898080478941167
equity_min_variance,equity,min_variance,2023-07-28,0.002577229428356281
equity_min_variance,equity,min_variance,2023-07-31,-0.004063274879719907
equity_min_variance,equity,min_variance,2023-08-01,-0.005428850972339583
equity_min_variance,equity,min_variance,2023-08-02,-0.00877444138465319
equity_min_variance,equity,min_variance,2023-08-03,-0.006950620352472637
equity_min_variance,equity,min_variance,2023-08-04,-0.005437962500445167
equity_min_variance,equity,min_variance,2023-08-07,0.012056065636399283
equity_min_variance,equity,min_variance,2023-08-08,-0.003796253725794857
equity_min_variance,equity,min_variance,2023-08-09,0.0022426993027537447
equity_min_variance,equity,min_variance,2023-08-10,-0.0020624321738601237
equity_min_variance,equity,min_variance,2023-08-11,0.006184238483162927
equity_min_variance,equity,min_variance,2023-08-14,-0.00044104107978530524
equity_min_variance,equity,min_variance,2023-08-15,-0.006265016707610517
equity_min_variance,equity,min_variance,2023-08-16,-0.002688971192197638
equity_min_variance,equity,min_variance,2023-08-17,-0.005725687377815986
equity_min_variance,equity,min_variance,2023-08-18,0.0037115332128680135
equity_min_variance,equity,min_variance,2023-08-21,-0.002953575687923167
equity_min_variance,equity,min_variance,2023-08-22,-0.00602586094639946
equity_min_variance,equity,min_variance,2023-08-23,0.011047857996578836
equity_min_variance,equity,min_variance,2023-08-24,-0.009585422533768675
equity_min_variance,equity,min_variance,2023-08-25,0.002584064062765499
equity_min_variance,equity,min_variance,2023-08-28,0.0028547131015254543
equity_min_variance,equity,min_variance,2023-08-29,0.005495120946416252
equity_min_variance,equity,min_variance,2023-08-30,0.0018674140229154037
equity_min_variance,equity,min_variance,2023-08-31,-0.005022084609726178
equity_min_variance,equity,min_variance,2023-09-01,0.0006444403557556146
equity_min_variance,equity,min_variance,2023-09-05,-0.00961750915062637
equity_min_variance,equity,min_variance,2023-09-06,-0.0025773636631912476
equity_min_variance,equity,min_variance,2023-09-07,0.006620957954234985
equity_min_variance,equity,min_variance,2023-09-08,0.003872450198515094
equity_min_variance,equity,min_variance,2023-09-11,0.0031635217133137647
equity_min_variance,equity,min_variance,2023-09-12,-0.0012807911811238842
equity_min_variance,equity,min_variance,2023-09-13,0.00016622552449866113
equity_min_variance,equity,min_variance,2023-09-14,0.008490436451758607
equity_min_variance,equity,min_variance,2023-09-15,-0.00889419903070198
equity_min_variance,equity,min_variance,2023-09-18,0.0007052828152438474
equity_min_variance,equity,min_variance,2023-09-19,0.0003301393520848692
equity_min_variance,equity,min_variance,2023-09-20,0.00142760479316235
equity_min_variance,equity,min_variance,2023-09-21,-0.014006541161071025
equity_min_variance,equity,min_variance,2023-09-22,-0.0017569698012998485
equity_min_variance,equity,min_variance,2023-09-25,-0.0010876675257057856
equity_min_variance,equity,min_variance,2023-09-26,-0.006280577946048687
equity_min_variance,equity,min_variance,2023-09-27,-0.006273698820689477
equity_min_variance,equity,min_variance,2023-09-28,0.0024326731666358893
equity_min_variance,equity,min_variance,2023-09-29,-0.005223820924408244
equity_min_variance,equity,min_variance,2023-10-02,-0.006756520740363344
equity_min_variance,equity,min_variance,2023-10-03,-0.007830714513877358
equity_min_variance,equity,min_variance,2023-10-04,0.006149869172286898
equity_min_variance,equity,min_variance,2023-10-05,-0.008571394536177545
equity_min_variance,equity,min_variance,2023-10-06,0.0037078392220057173
equity_min_variance,equity,min_variance,2023-10-09,0.004925306281471863
equity_min_variance,equity,min_variance,2023-10-10,0.00871870467881107
equity_min_variance,equity,min_variance,2023-10-11,0.0027877640720940632
equity_min_variance,equity,min_variance,2023-10-12,-0.0034052856996366052
equity_min_variance,equity,min_variance,2023-10-13,0.0029099131150556756
equity_min_variance,equity,min_variance,2023-10-16,0.005696297776558197
equity_min_variance,equity,min_variance,2023-10-17,0.004339699867958861
equity_min_variance,equity,min_variance,2023-10-18,-0.007630264344814193
equity_min_variance,equity,min_variance,2023-10-19,-0.006329975457953033
equity_min_variance,equity,min_variance,2023-10-20,-0.00012625021668052905
equity_min_variance,equity,min_variance,2023-10-23,-0.003780829131101219
equity_min_variance,equity,min_variance,2023-10-24,0.013701890998062941
equity_min_variance,equity,min_variance,2023-10-25,-0.002125794182836169
equity_min_variance,equity,min_variance,2023-10-26,-0.0019214791396517479
equity_min_variance,equity,min_variance,2023-10-27,-0.016872431036842155
equity_min_variance,equity,min_variance,2023-10-30,0.0035052114318827703
equity_min_variance,equity,min_variance,2023-10-31,0.006020065504403219
equity_min_variance,equity,min_variance,2023-11-01,0.004026635023818278
equity_min_variance,equity,min_variance,2023-11-02,0.014660922857073197
equity_min_variance,equity,min_variance,2023-11-03,0.0017281275483808619
equity_min_variance,equity,min_variance,2023-11-06,0.0009326907811947812
equity_min_variance,equity,min_variance,2023-11-07,0.001476710472784172
equity_min_variance,equity,min_variance,2023-11-08,-0.0008034426445392147
equity_min_variance,equity,min_variance,2023-11-09,-0.009925694450130905
equity_min_variance,equity,min_variance,2023-11-10,0.004868452151154861
equity_min_variance,equity,min_variance,2023-11-13,0.0031667258558572683
equity_min_variance,equity,min_variance,2023-11-14,0.0075136110114608886
equity_min_variance,equity,min_variance,2023-11-15,0.0034308721237694107
equity_min_variance,equity,min_variance,2023-11-16,-0.014709784297732986
equity_min_variance,equity,min_variance,2023-11-17,7.932790972137334e-06
equity_min_variance,equity,min_variance,2023-11-20,0.004111741807611486
equity_min_variance,equity,min_variance,2023-11-21,0.0032556146618904973
equity_min_variance,equity,min_variance,2023-11-22,-0.0007534104961498461
equity_min_variance,equity,min_variance,2023-11-24,0.004448696032950707
equity_min_variance,equity,min_variance,2023-11-27,0.0004602904157792377
equity_min_variance,equity,min_variance,2023-11-28,-0.000403340992012456
equity_min_variance,equity,min_variance,2023-11-29,-0.0016678496932701385
equity_min_variance,equity,min_variance,2023-11-30,0.00890500075050081
equity_min_variance,equity,min_variance,2023-12-01,0.0034076792624342725
equity_min_variance,equity,min_variance,2023-12-04,0.001325953038209256
equity_min_variance,equity,min_variance,2023-12-05,0.003037879197950348
equity_min_variance,equity,min_variance,2023-12-06,-0.0030399302099085998
equity_min_variance,equity,min_variance,2023-12-07,0.00021902455163836363
equity_min_variance,equity,min_variance,2023-12-08,-0.0021643530860300836
equity_min_variance,equity,min_variance,2023-12-11,0.006513031136075844
equity_min_variance,equity,min_variance,2023-12-12,0.003760775687040042
equity_min_variance,equity,min_variance,2023-12-13,0.014923651194991993
equity_min_variance,equity,min_variance,2023-12-14,-0.0030966179315325255
equity_min_variance,equity,min_variance,2023-12-15,-0.00430200576841578
equity_min_variance,equity,min_variance,2023-12-18,0.0037812902376566514
equity_min_variance,equity,min_variance,2023-12-19,0.003951882688222373
equity_min_variance,equity,min_variance,2023-12-20,-0.01302110844444349
equity_min_variance,equity,min_variance,2023-12-21,0.007634028637155078
equity_min_variance,equity,min_variance,2023-12-22,0.006568779143998046
equity_min_variance,equity,min_variance,2023-12-26,0.003272792780559826
equity_min_variance,equity,min_variance,2023-12-27,0.003719006831436911
equity_min_variance,equity,min_variance,2023-12-28,0.001918021704950282
equity_min_variance,equity,min_variance,2023-12-29,-0.0002745813971527863
equity_max_sharpe,equity,max_sharpe,2021-01-04,-0.003064287232494276
equity_max_sharpe,equity,max_sharpe,2021-01-05,0.0065545377708769535
equity_max_sharpe,equity,max_sharpe,2021-01-06,-0.010498077493093276
equity_max_sharpe,equity,max_sharpe,2021-01-07,0.01931478069315146
equity_max_sharpe,equity,max_sharpe,2021-01-08,-0.003884021457695716
equity_max_sharpe,equity,max_sharpe,2021-01-11,-0.0014195849612040619
equity_max_sharpe,equity,max_sharpe,2021-01-12,-0.012320285282689664
equity_max_sharpe,equity,max_sharpe,2021-01-13,-0.0003636029544454903
equity_max_sharpe,equity,max_sharpe,2021-01-14,-0.009051922067797532
equity_max_sharpe,equity,max_sharpe,2021-01-15,-0.010983856480221673
equity_max_sharpe,equity,max_sharpe,2021-01-19,0.008721895346957187
equity_max_sharpe,equity,max_sharpe,2021-01-20,0.026320554005483377
equity_max_sharpe,equity,max_sharpe,2021-01-21,-0.00027435597037227466
equity_max_sharpe,equity,max_sharpe,2021-01-22,-0.0068603655247525775
equity_max_sharpe,equity,max_sharpe,2021-01-25,0.0023236479702471342
equity_max_sharpe,equity,max_sharpe,2021-01-26,-0.008325890272655005
equity_max_sharpe,equity,max_sharpe,2021-01-27,-0.039302187527981446
equity_max_sharpe,equity,max_sharpe,2021-01-28,0.017253300850625267
equity_max_sharpe,equity,max_sharpe,2021-01-29,-0.005698892810766537
equity_max_sharpe,equity,max_sharpe,2021-02-01,0.0031817694678217684
equity_max_sharpe,equity,max_sharpe,2021-02-02,0.022862080289379146
equity_max_sharpe,equity,max_sharpe,2021-02-03,-0.012039440269107055
equity_max_sharpe,equity,max_sharpe,2021-02-04,-0.007745129589578363
equity_max_sharpe,equity,max_sharpe,2021-02-05,0.003693115054916104
equity_max_sharpe,equity,max_sharpe,2021-02-08,0.02212060851248465
equity_max_sharpe,equity,max_sharpe,2021-02-09,-0.01909929475561688
equity_max_sharpe,equity,max_sharpe,2021-02-10,0.0005318288851555593
equity_max_sharpe,equity,max_sharpe,2021-02-11,-9.729018329712649e-05
equity_max_sharpe,equity,max_sharpe,2021-02-12,0.0026806002795713704
equity_max_sharpe,equity,max_sharpe,2021-02-16,-0.004833694554808169
equity_max_sharpe,equity,max_sharpe,2021-02-17,-0.01220091112004231
equity_max_sharpe,equity,max_sharpe,2021-02-18,-0.0002632048185789589
equity_max_sharpe,equity,max_sharpe,2021-02-19,-0.0020780305263894752
equity_max_sharpe,equity,max_sharpe,2021-02-22,-0.01700276117650354
equity_max_sharpe,equity,max_sharpe,2021-02-23,-0.01176035663875837
equity_max_sharpe,equity,max_sharpe,2021-02-24,0.014945487098491497
equity_max_sharpe,equity,max_sharpe,2021-02-25,-0.031869699785398886
equity_max_sharpe,equity,max_sharpe,2021-02-26,0.0032170028689664887
equity_max_sharpe,equity,max_sharpe,2021-03-01,0.01818769613288881
equity_max_sharpe,equity,max_sharpe,2021-03-02,-0.009173805340779528
equity_max_sharpe,equity,max_sharpe,2021-03-03,-0.023468296709386594
equity_max_sharpe,equity,max_sharpe,2021-03-04,-0.02098643046236145
equity_max_sharpe,equity,max_sharpe,2021-03-05,0.013828033096282517
equity_max_sharpe,equity,max_sharpe,2021-03-08,-0.024698406585128594
equity_max_sharpe,equity,max_sharpe,2021-03-09,0.020755062900205772
equity_max_sharpe,equity,max_sharpe,2021-03-10,0.0016794062809760953
equity_max_sharpe,equity,max_sharpe,2021-03-11,0.019413555334591527
equity_max_sharpe,equity,max_sharpe,2021-03-12,0.006412562141496983
equity_max_sharpe,equity,max_sharpe,2021-03-15,0.0019710299271622645
equity_max_sharpe,equity,max_sharpe,2021-03-16,0.0013816006854198307
equity_max_sharpe,equity,max_sharpe,2021-03-17,0.00033260480558156783
equity_max_sharpe,equity,max_sharpe,2021-03-18,-0.01652683291085193
equity_max_sharpe,equity,max_sharpe,2021-03-19,-0.002512630272605845
equity_max_sharpe,equity,max_sharpe,2021-03-22,0.011544865714710197
equity_max_sharpe,equity,max_sharpe,2021-03-23,-0.011372169710575019
equity_max_sharpe,equity,max_sharpe,2021-03-24,-0.011587998410526445
equity_max_sharpe,equity,max_sharpe,2021-03-25,0.0046234925378703115
equity_max_sharpe,equity,max_sharpe,2021-03-26,0.024501969937466735
equity_max_sharpe,equity,max_sharpe,2021-03-29,0.004267982819452951
equity_max_sharpe,equity,max_sharpe,2021-03-30,0.00045136334357778654
equity_max_sharpe,equity,max_sharpe,2021-03-31,0.007303323985891615
equity_max_sharpe,equity,max_sharpe,2021-04-01,0.008386872567702656
equity_max_sharpe,equity,max_sharpe,2021-04-05,0.0027719393106792082
equity_max_sharpe,equity,max_sharpe,2021-04-06,-0.00019186751361214974
equity_max_sharpe,equity,max_sharpe,2021-04-07,-0.0030876764992004927
equity_max_sharpe,equity,max_sharpe,2021-04-08,0.0024090085436354086
equity_max_sharpe,equity,max_sharpe,2021-04-09,0.005664174860689562
equity_max_sharpe,equity,max_sharpe,2021-04-12,0.0029176075749093207
equity_max_sharpe,equity,max_sharpe,2021-04-13,-0.0032594396835061478
equity_max_sharpe,equity,max_sharpe,2021-04-14,0.0003380630613135987
equity_max_sharpe,equity,max_sharpe,2021-04-15,0.00847155023738922
equity_max_sharpe,equity,max_sharpe,2021-04-16,-0.0014622667375048999
equity_max_sharpe,equity,max_sharpe,2021-04-19,-0.001814672227855047
equity_max_sharpe,equity,max_sharpe,2021-04-20,-0.010993013479905727
equity_max_sharpe,equity,max_sharpe,2021-04-21,0.01020957913483482
equity_max_sharpe,equity,max_sharpe,2021-04-22,-0.011495435491626462
equity_max_sharpe,equity,max_sharpe,2021-04-23,0.010067887115795681
equity_max_sharpe,equity,max_sharpe,2021-04-26,0.005648798252250172
equity_max_sharpe,equity,max_sharpe,2021-04-27,0.007862540334754819
equity_max_sharpe,equity,max_sharpe,2021-04-28,0.004808521281332569
equity_max_sharpe,equity,max_sharpe,2021-04-29,0.0086882885422995
equity_max_sharpe,equity,max_sharpe,2021-04-30,-0.005962614848796056
equity_max_sharpe,equity,max_sharpe,2021-05-03,0.0060152655729596004
equity_max_sharpe,equity,max_sharpe,2021-05-04,0.0024228287957816794
equity_max_sharpe,equity,max_sharpe,2021-05-05,0.00534916412945526
equity_max_sharpe,equity,max_sharpe,2021-05-06,0.005146798961321075
equity_max_sharpe,equity,max_sharpe,2021-05-07,0.009755702790839454
equity_max_sharpe,equity,max_sharpe,2021-05-10,-0.004199565977628349
equity_max_sharpe,equity,max_sharpe,2021-05-11,-0.01025761571387784
equity_max_sharpe,equity,max_sharpe,2021-05-12,-0.015115876721887783
equity_max_sharpe,equity,max_sharpe,2021-05-13,0.01265252733281776
equity_max_sharpe,equity,max_sharpe,2021-05-14,0.010416699960234943
equity_max_sharpe,equity,max_sharpe,2021-05-17,0.005636869503035158
equity_max_sharpe,equity,max_sharpe,2021-05-18,-0.008663852514349648
equity_max_sharpe,equity,max_sharpe,2021-05-19,0.0030547725436623884
equity_max_sharpe,equity,max_sharpe,2021-05-20,0.008293322123698344
equity_max_sharpe,equity,max_sharpe,2021-05-21,0.001722733569907163
equity_max_sharpe,equity,max_sharpe,2021-05-24,0.008747350586140118
equity_max_sharpe,equity,max_sharpe,2021-05-25,-0.005564255430225275
equity_max_sharpe,equity,max_sharpe,2021-05-26,0.004782799212082876
equity_max_sharpe,equity,max_sharpe,2021-05-27,0.00015169981829635715
equity_max_sharpe,equity,max_sharpe,2021-05-28,0.007681147039007469
equity_max_sharpe,equity,max_sharpe,2021-06-01,0.010013301206936652
equity_max_sharpe,equity,max_sharpe,2021-06-02,-0.006006653209789161
equity_max_sharpe,equity,max_sharpe,2021-06-03,0.004835581968261021
equity_max_sharpe,equity,max_sharpe,2021-06-04,0.007006498850925198
equity_max_sharpe,equity,max_sharpe,2021-06-07,-0.0009422099779053021
equity_max_sharpe,equity,max_sharpe,2021-06-08,0.0004707546721659972
equity_max_sharpe,equity,max_sharpe,2021-06-09,-0.014905374854343945
equity_max_sharpe,equity,max_sharpe,2021-06-10,-0.0034986568179483446
equity_max_sharpe,equity,max_sharpe,2021-06-11,0.001035346256582764
equity_max_sharpe,equity,max_sharpe,2021-06-14,-0.008087054838277164
equity_max_sharpe,equity,max_sharpe,2021-06-15,-0.006228082030381851
equity_max_sharpe,equity,max_sharpe,2021-06-16,-0.010132283885194965
equity_max_sharpe,equity,max_sharpe,2021-06-17,-0.013150112424624114
equity_max_sharpe,equity,max_sharpe,2021-06-18,-0.0071003974868880295
equity_max_sharpe,equity,max_sharpe,2021-06-21,0.020145879603698083
equity_max_sharpe,equity,max_sharpe,2021-06-22,0.0019408329144320303
equity_max_sharpe,equity,max_sharpe,2021-06-23,-0.0008493498815734551
equity_max_sharpe,equity,max_sharpe,2021-06-24,0.010871664537672843
equity_max_sharpe,equity,max_sharpe,2021-06-25,-0.0005564107381015398
equity_max_sharpe,equity,max_sharpe,2021-06-28,0.0017087544868686026
equity_max_sharpe,equity,max_sharpe,2021-06-29,0.0062047456769784
equity_max_sharpe,equity,max_sharpe,2021-06-30,0.003491756630066661
equity_max_sharpe,equity,max_sharpe,2021-07-01,0.003445605487505058
equity_max_sharpe,equity,max_sharpe,2021-07-02,0.004140126302966148
equity_max_sharpe,equity,max_sharpe,2021-07-06,-0.004121154460410051
equity_max_sharpe,equity,max_sharpe,2021-07-07,0.001879809210078064
equity_max_sharpe,equity,max_sharpe,2021-07-08,-0.010941448240598997
equity_max_sharpe,equity,max_sharpe,2021-07-09,0.017135461014001166
equity_max_sharpe,equity,max_sharpe,2021-07-12,0.008263586413480559
equity_max_sharpe,equity,max_sharpe,2021-07-13,-0.01091676835174367
equity_max_sharpe,equity,max_sharpe,2021-07-14,-0.0018054345566842548
equity_max_sharpe,equity,max_sharpe,2021-07-15,-0.0038090577365692156
equity_max_sharpe,equity,max_sharpe,2021-07-16,-0.01421199442108388
equity_max_sharpe,equity,max_sharpe,2021-07-19,-0.011520065516340721
equity_max_sharpe,equity,max_sharpe,2021-07-20,0.014401626971139787
equity_max_sharpe,equity,max_sharpe,2021-07-21,0.010546372976038275
equity_max_sharpe,equity,max_sharpe,2021-07-22,0.0016118720130280683
equity_max_sharpe,equity,max_sharpe,2021-07-23,0.006839842014861387
equity_max_sharpe,equity,max_sharpe,2021-07-26,0.002251147200445243
equity_max_sharpe,equity,max_sharpe,2021-07-27,-0.006412059306957801
equity_max_sharpe,equity,max_sharpe,2021-07-28,0.003451489267560082
equity_max_sharpe,equity,max_sharpe,2021-07-29,0.00951048356934829
equity_max_sharpe,equity,max_sharpe,2021-07-30,-0.0023579062371496392
equity_max_sharpe,equity,max_sharpe,2021-08-02,-0.001806425512937891
equity_max_sharpe,equity,max_sharpe,2021-08-03,0.010474586965150016
equity_max_sharpe,equity,max_sharpe,2021-08-04,-0.0025043635780159132
equity_max_sharpe,equity,max_sharpe,2021-08-05,0.005172587392270828
equity_max_sharpe,equity,max_sharpe,2021-08-06,0.003861123157839366
equity_max_sharpe,equity,max_sharpe,2021-08-09,0.005044222330419983
equity_max_sharpe,equity,max_sharpe,2021-08-10,0.01628316691854998
equity_max_sharpe,equity,max_sharpe,2021-08-11,0.006909526786776104
equity_max_sharpe,equity,max_sharpe,2021-08-12,0.006120381961551752
equity_max_sharpe,equity,max_sharpe,2021-08-13,0.0011175996170816218
equity_max_sharpe,equity,max_sharpe,2021-08-16,-0.000276657341925546
equity_max_sharpe,equity,max_sharpe,2021-08-17,-0.010878267645254245
equity_max_sharpe,equity,max_sharpe,2021-08-18,-0.0058559577897003695
equity_max_sharpe,equity,max_sharpe,2021-08-19,-0.004961935756486247
equity_max_sharpe,equity,max_sharpe,2021-08-20,0.00882366605748789
equity_max_sharpe,equity,max_sharpe,2021-08-23,0.010628323642519885
equity_max_sharpe,equity,max_sharpe,2021-08-24,0.004992497375657926
equity_max_sharpe,equity,max_sharpe,2021-08-25,-8.490007000185821e-05
equity_max_sharpe,equity,max_sharpe,2021-08-26,-0.00763515304580786
equity_max_sharpe,equity,max_sharpe,2021-08-27,0.011099506402314356
equity_max_sharpe,equity,max_sharpe,2021-08-30,0.0019430721040853737
equity_max_sharpe,equity,max_sharpe,2021-08-31,-0.004967523180306217
equity_max_sharpe,equity,max_sharpe,2021-09-01,0.0022282378635989732
equity_max_sharpe,equity,max_sharpe,2021-09-02,0.00234828775337974
equity_max_sharpe,equity,max_sharpe,2021-09-03,-0.0035845884051084608
equity_max_sharpe,equity,max_sharpe,2021-09-07,-0.0095028312706941
equity_max_sharpe,equity,max_sharpe,2021-09-08,-0.002790886893413097
equity_max_sharpe,equity,max_sharpe,2021-09-09,-0.00563128055117839
equity_max_sharpe,equity,max_sharpe,2021-09-10,-0.0037440977754920643
equity_max_sharpe,equity,max_sharpe,2021-09-13,-0.002706671068656769
equity_max_sharpe,equity,max_sharpe,2021-09-14,-0.011384583029622813
equity_max_sharpe,equity,max_sharpe,2021-09-15,0.005835726591434825
equity_max_sharpe,equity,max_sharpe,2021-09-16,-0.005518375914837557
equity_max_sharpe,equity,max_sharpe,2021-09-17,-0.01708350673770661
equity_max_sharpe,equity,max_sharpe,2021-09-20,-0.01973419866745476
equity_max_sharpe,equity,max_sharpe,2021-09-21,-0.0038836030382577253
equity_max_sharpe,equity,max_sharpe,2021-09-22,0.008753132847060955
equity_max_sharpe,equity,max_sharpe,2021-09-23,0.008753431096776213
equity_max_sharpe,equity,max_sharpe,2021-09-24,-0.0070651171165530624
equity_max_sharpe,equity,max_sharpe,2021-09-27,-0.001649048549812284
equity_max_sharpe,equity,max_sharpe,2021-09-28,-0.012118941595245073
equity_max_sharpe,equity,max_sharpe,2021-09-29,-0.0004940517690093598
equity_max_sharpe,equity,max_sharpe,2021-09-30,-0.012739979115046193
equity_max_sharpe,equity,max_sharpe,2021-10-01,0.009102448479277752
equity_max_sharpe,equity,max_sharpe,2021-10-04,-0.008654734853986778
equity_max_sharpe,equity,max_sharpe,2021-10-05,0.009990126405097298
equity_max_sharpe,equity,max_sharpe,2021-10-06,0.003737339664407423
equity_max_sharpe,equity,max_sharpe,2021-10-07,0.007056182965429177
equity_max_sharpe,equity,max_sharpe,2021-10-08,-0.0017882941268589617
equity_max_sharpe,equity,max_sharpe,2021-10-11,-0.006294844136456289
equity_max_sharpe,equity,max_sharpe,2021-10-12,0.006732106190251915
equity_max_sharpe,equity,max_sharpe,2021-10-13,0.006150479224877288
equity_max_sharpe,equity,max_sharpe,2021-10-14,0.01703971823704626
equity_max_sharpe,equity,max_sharpe,2021-10-15,0.00298153005600568
equity_max_sharpe,equity,max_sharpe,2021-10-18,0.005662396898592534
equity_max_sharpe,equity,max_sharpe,2021-10-19,0.0032839181810635017
equity_max_sharpe,equity,max_sharpe,2021-10-20,0.0050979058616810015
equity_max_sharpe,equity,max_sharpe,2021-10-21,-0.0003799568185133837
equity_max_sharpe,equity,max_sharpe,2021-10-22,0.00901990909159877
equity_max_sharpe,equity,max_sharpe,2021-10-25,0.010678196102896243
equity_max_sharpe,equity,max_sharpe,2021-10-26,0.015269630726075328
equity_max_sharpe,equity,max_sharpe,2021-10-27,-0.017109629012755277
equity_max_sharpe,equity,max_sharpe,2021-10-28,0.015880736533828516
equity_max_sharpe,equity,max_sharpe,2021-10-29,0.003278934054965449
equity_max_sharpe,equity,max_sharpe,2021-11-01,0.0030161676172842464
equity_max_sharpe,equity,max_sharpe,2021-11-02,0.009471410922235378
equity_max_sharpe,equity,max_sharpe,2021-11-03,-0.0020842278664411924
equity_max_sharpe,equity,max_sharpe,2021-11-04,0.006219748114839762
equity_max_sharpe,equity,max_sharpe,2021-11-05,-0.014785606483288541
equity_max_sharpe,equity,max_sharpe,2021-11-08,0.010975866340829088
equity_max_sharpe,equity,max_sharpe,2021-11-09,-0.00337732939855439
equity_max_sharpe,equity,max_sharpe,2021-11-10,-0.006382605381383183
equity_max_sharpe,equity,max_sharpe,2021-11-11,0.0067713405301030915
equity_max_sharpe,equity,max_sharpe,2021-11-12,0.003463787713423588
equity_max_sharpe,equity,max_sharpe,2021-11-15,0.0018506560031480125
equity_max_sharpe,equity,max_sharpe,2021-11-16,-0.001527294091657496
equity_max_sharpe,equity,max_sharpe,2021-11-17,-0.009813880911187421
equity_max_sharpe,equity,max_sharpe,2021-11-18,0.009038355049003107
equity_max_sharpe,equity,max_sharpe,2021-11-19,-0.0064946136187812534
equity_max_sharpe,equity,max_sharpe,2021-11-22,0.0037955052122364457
equity_max_sharpe,equity,max_sharpe,2021-11-23,0.011372813734467685
equity_max_sharpe,equity,max_sharpe,2021-11-24,0.0042156335420536015
equity_max_sharpe,equity,max_sharpe,2021-11-26,-0.027549064346556906
equity_max_sharpe,equity,max_sharpe,2021-11-29,0.013591986540758057
equity_max_sharpe,equity,max_sharpe,2021-11-30,-0.016912803596604353
equity_max_sharpe,equity,max_sharpe,2021-12-01,-0.008058767752313614
equity_max_sharpe,equity,max_sharpe,2021-12-02,0.023984083467117306
equity_max_sharpe,equity,max_sharpe,2021-12-03,-0.006954737922378876
equity_max_sharpe,equity,max_sharpe,2021-12-06,0.007009308820090899
equity_max_sharpe,equity,max_sharpe,2021-12-07,0.022721407195860244
equity_max_sharpe,equity,max_sharpe,2021-12-08,-0.0030704214134227715
equity_max_sharpe,equity,max_sharpe,2021-12-09,-0.007929271174665051
equity_max_sharpe,equity,max_sharpe,2021-12-10,0.0042754079531428695
equity_max_sharpe,equity,max_sharpe,2021-12-13,-0.005847712013710875
equity_max_sharpe,equity,max_sharpe,2021-12-14,0.00014072355544102457
equity_max_sharpe,equity,max_sharpe,2021-12-15,0.016079080093927847
equity_max_sharpe,equity,max_sharpe,2021-12-16,0.002211690476475625
equity_max_sharpe,equity,max_sharpe,2021-12-17,-0.014692095192578032
equity_max_sharpe,equity,max_sharpe,2021-12-20,-0.0070913503800459
equity_max_sharpe,equity,max_sharpe,2021-12-21,0.008513808386887868
equity_max_sharpe,equity,max_sharpe,2021-12-22,0.009464959681284617
equity_max_sharpe,equity,max_sharpe,2021-12-23,0.00046557516077385926
equity_max_sharpe,equity,max_sharpe,2021-12-27,0.019869319466035623
equity_max_sharpe,equity,max_sharpe,2021-12-28,-0.0031910888819964203
equity_max_sharpe,equity,max_sharpe,2021-12-29,0.0025670341267656073
equity_max_sharpe,equity,max_sharpe,2021-12-30,-0.0034462820554052097
equity_max_sharpe,equity,max_sharpe,2021-12-31,-0.0005652719910893779
equity_max_sharpe,equity,max_sharpe,2022-01-03,-0.007947782962728491
equity_max_sharpe,equity,max_sharpe,2022-01-04,-0.001561468637035698
equity_max_sharpe,equity,max_sharpe,2022-01-05,-0.008065354275027832
equity_max_sharpe,equity,max_sharpe,2022-01-06,-0.00041260809038039324
equity_max_sharpe,equity,max_sharpe,2022-01-07,-0.011983225257932563
equity_max_sharpe,equity,max_sharpe,2022-01-10,0.0014572344322548185
equity_max_sharpe,equity,max_sharpe,2022-01-11,0.0068943580756969875
equity_max_sharpe,equity,max_sharpe,2022-01-12,0.005768108633783206
equity_max_sharpe,equity,max_sharpe,2022-01-13,-0.012942017246606555
equity_max_sharpe,equity,max_sharpe,2022-01-14,-0.0004643813778408149
equity_max_sharpe,equity,max_sharpe,2022-01-18,-0.011283848840678606
equity_max_sharpe,equity,max_sharpe,2022-01-19,-0.010388181220737657
equity_max_sharpe,equity,max_sharpe,2022-01-20,-0.015409797025004314
equity_max_sharpe,equity,max_sharpe,2022-01-21,-0.010982088960908683
equity_max_sharpe,equity,max_sharpe,2022-01-24,-0.0012583106240457477
equity_max_sharpe,equity,max_sharpe,2022-01-25,0.0019773659327913047
equity_max_sharpe,equity,max_sharpe,2022-01-26,-0.010345566088769274
equity_max_sharpe,equity,max_sharpe,2022-01-27,-0.002269013770034693
equity_max_sharpe,equity,max_sharpe,2022-01-28,0.029896730378931365
equity_max_sharpe,equity,max_sharpe,2022-01-31,0.007741462481212753
equity_max_sharpe,equity,max_sharpe,2022-02-01,0.004420542038058252
equity_max_sharpe,equity,max_sharpe,2022-02-02,0.022278042420556275
equity_max_sharpe,equity,max_sharpe,2022-02-03,-0.006092773421224171
equity_max_sharpe,equity,max_sharpe,2022-02-04,-0.003811373763132636
equity_max_sharpe,equity,max_sharpe,2022-02-07,0.0029996859800909647
equity_max_sharpe,equity,max_sharpe,2022-02-08,0.002730703937135511
equity_max_sharpe,equity,max_sharpe,2022-02-09,0.018749139803261147
equity_max_sharpe,equity,max_sharpe,2022-02-10,-0.019516380200098268
equity_max_sharpe,equity,max_sharpe,2022-02-11,-0.007100824085566379
equity_max_sharpe,equity,max_sharpe,2022-02-14,-0.0067626345052247345
equity_max_sharpe,equity,max_sharpe,2022-02-15,0.00445575528484387
equity_max_sharpe,equity,max_sharpe,2022-02-16,0.000892051516053377
equity_max_sharpe,equity,max_sharpe,2022-02-17,-0.011390116395792536
equity_max_sharpe,equity,max_sharpe,2022-02-18,-0.0076362130147433725
equity_max_sharpe,equity,max_sharpe,2022-02-22,-0.0064798729764384885
equity_max_sharpe,equity,max_sharpe,2022-02-23,-0.0005168834688247064
equity_max_sharpe,equity,max_sharpe,2022-02-24,0.003551197199574029
equity_max_sharpe,equity,max_sharpe,2022-02-25,0.0366217412420102
equity_max_sharpe,equity,max_sharpe,2022-02-28,-0.0021297922758379165
equity_max_sharpe,equity,max_sharpe,2022-03-01,0.0031793211993819412
equity_max_sharpe,equity,max_sharpe,2022-03-02,0.017999904432838568
equity_max_sharpe,equity,max_sharpe,2022-03-03,0.006777200046797488
equity_max_sharpe,equity,max_sharpe,2022-03-04,0.010307589594924338
equity_max_sharpe,equity,max_sharpe,2022-03-07,-0.01039587511550724
equity_max_sharpe,equity,max_sharpe,2022-03-08,-0.021612023251593844
equity_max_sharpe,equity,max_sharpe,2022-03-09,0.008829138159032765
equity_max_sharpe,equity,max_sharpe,2022-03-10,0.008076433411003909
equity_max_sharpe,equity,max_sharpe,2022-03-11,-0.007384920509494901
equity_max_sharpe,equity,max_sharpe,2022-03-14,-0.005907316511126277
equity_max_sharpe,equity,max_sharpe,2022-03-15,0.012021599792322113
equity_max_sharpe,equity,max_sharpe,2022-03-16,0.005632615646405629
equity_max_sharpe,equity,max_sharpe,2022-03-17,0.017737004875837292
equity_max_sharpe,equity,max_sharpe,2022-03-18,0.009220831049205312
equity_max_sharpe,equity,max_sharpe,2022-03-21,0.01308324087793612
equity_max_sharpe,equity,max_sharpe,2022-03-22,0.0007074121649215859
equity_max_sharpe,equity,max_sharpe,2022-03-23,0.0008143521245936208
equity_max_sharpe,equity,max_sharpe,2022-03-24,0.015208979431837015
equity_max_sharpe,equity,max_sharpe,2022-03-25,0.0111280161255019
equity_max_sharpe,equity,max_sharpe,2022-03-28,0.00041350090772262257
equity_max_sharpe,equity,max_sharpe,2022-03-29,0.006155170909056703
equity_max_sharpe,equity,max_sharpe,2022-03-30,0.0009179452181131466
equity_max_sharpe,equity,max_sharpe,2022-03-31,-0.010215634570778368
equity_max_sharpe,equity,max_sharpe,2022-04-01,0.011840128270122789
equity_max_sharpe,equity,max_sharpe,2022-04-04,-0.0038088010180051327
equity_max_sharpe,equity,max_sharpe,2022-04-05,-0.002824337857087829
equity_max_sharpe,equity,max_sharpe,2022-04-06,0.013783687412716341
equity_max_sharpe,equity,max_sharpe,2022-04-07,0.009886101281575136
equity_max_sharpe,equity,max_sharpe,2022-04-08,0.004560922545873187
equity_max_sharpe,equity,max_sharpe,2022-04-11,-0.02396243536060512
equity_max_sharpe,equity,max_sharpe,2022-04-12,0.005336697240223963
equity_max_sharpe,equity,max_sharpe,2022-04-13,-0.0017272249393053259
equity_max_sharpe,equity,max_sharpe,2022-04-14,0.0028417746179676177
equity_max_sharpe,equity,max_sharpe,2022-04-18,0.004119736575814519
equity_max_sharpe,equity,max_sharpe,2022-04-19,0.000186762611954199
equity_max_sharpe,equity,max_sharpe,2022-04-20,0.005247885054866244
equity_max_sharpe,equity,max_sharpe,2022-04-21,-0.019869416358207194
equity_max_sharpe,equity,max_sharpe,2022-04-22,-0.02555179530816968
equity_max_sharpe,equity,max_sharpe,2022-04-25,-0.009136763358034927
equity_max_sharpe,equity,max_sharpe,2022-04-26,-0.010479781983289199
equity_max_sharpe,equity,max_sharpe,2022-04-27,0.002925120181387889
equity_max_sharpe,equity,max_sharpe,2022-04-28,0.02288013809454392
equity_max_sharpe,equity,max_sharpe,2022-04-29,-0.05096393748766231
equity_max_sharpe,equity,max_sharpe,2022-05-02,-0.01272704767541795
equity_max_sharpe,equity,max_sharpe,2022-05-03,0.008466268777481025
equity_max_sharpe,equity,max_sharpe,2022-05-04,0.01818593911063201
equity_max_sharpe,equity,max_sharpe,2022-05-05,-0.022140834491170092
equity_max_sharpe,equity,max_sharpe,2022-05-06,0.0013025891373766247
equity_max_sharpe,equity,max_sharpe,2022-05-09,-0.0526620926563834
equity_max_sharpe,equity,max_sharpe,2022-05-10,-0.005753178919760627
equity_max_sharpe,equity,max_sharpe,2022-05-11,0.00024241993577502898
equity_max_sharpe,equity,max_sharpe,2022-05-12,0.006559841947104659
equity_max_sharpe,equity,max_sharpe,2022-05-13,0.015193263825775218
equity_max_sharpe,equity,max_sharpe,2022-05-16,0.0076490868468126645
equity_max_sharpe,equity,max_sharpe,2022-05-17,0.0067687162147013775
equity_max_sharpe,equity,max_sharpe,2022-05-18,-0.030021592176281225
equity_max_sharpe,equity,max_sharpe,2022-05-19,7.945675332375775e-05
equity_max_sharpe,equity,max_sharpe,2022-05-20,0.0026040396629082516
equity_max_sharpe,equity,max_sharpe,2022-05-23,0.015422282036619316
equity_max_sharpe,equity,max_sharpe,2022-05-24,0.0041195842687285515
equity_max_sharpe,equity,max_sharpe,2022-05-25,0.01100630801951773
equity_max_sharpe,equity,max_sharpe,2022-05-26,0.008074385715692677
equity_max_sharpe,equity,max_sharpe,2022-05-27,0.01683666235941573
equity_max_sharpe,equity,max_sharpe,2022-05-31,-0.016482519248978224
equity_max_sharpe,equity,max_sharpe,2022-06-01,0.0007913833438918864
equity_max_sharpe,equity,max_sharpe,2022-06-02,0.0014834531857868829
equity_max_sharpe,equity,max_sharpe,2022-06-03,0.001862534609192093
equity_max_sharpe,equity,max_sharpe,2022-06-06,-0.00279099977572193
equity_max_sharpe,equity,max_sharpe,2022-06-07,0.012856052089452159
equity_max_sharpe,equity,max_sharpe,2022-06-08,-0.008172380084771797
equity_max_sharpe,equity,max_sharpe,2022-06-09,-0.02456058077166152
equity_max_sharpe,equity,max_sharpe,2022-06-10,-0.012373073036947901
equity_max_sharpe,equity,max_sharpe,2022-06-13,-0.04251560059560633
equity_max_sharpe,equity,max_sharpe,2022-06-14,-0.007820811252196646
equity_max_sharpe,equity,max_sharpe,2022-06-15,-0.005367861229121485
equity_max_sharpe,equity,max_sharpe,2022-06-16,-0.022011399042397035
equity_max_sharpe,equity,max_sharpe,2022-06-17,-0.020088271850878612
equity_max_sharpe,equity,max_sharpe,2022-06-21,0.03540237745634332
equity_max_sharpe,equity,max_sharpe,2022-06-22,-0.0039951469413173745
equity_max_sharpe,equity,max_sharpe,2022-06-23,0.004825040318792849
equity_max_sharpe,equity,max_sharpe,2022-06-24,0.017370039422058857
equity_max_sharpe,equity,max_sharpe,2022-06-27,0.012048521956444963
equity_max_sharpe,equity,max_sharpe,2022-06-28,0.00034141361791054396
equity_max_sharpe,equity,max_sharpe,2022-06-29,-0.005468225976959973
equity_max_sharpe,equity,max_sharpe,2022-06-30,-0.005955192385221023
equity_max_sharpe,equity,max_sharpe,2022-07-01,0.017177369401657816
equity_max_sharpe,equity,max_sharpe,2022-07-05,-0.01675505553962197
equity_max_sharpe,equity,max_sharpe,2022-07-06,-0.001112095292727014
equity_max_sharpe,equity,max_sharpe,2022-07-07,0.004346962097600802
equity_max_sharpe,equity,max_sharpe,2022-07-08,-0.0010049472374021263
equity_max_sharpe,equity,max_sharpe,2022-07-11,-2.3687071256924506e-05
equity_max_sharpe,equity,max_sharpe,2022-07-12,-0.008976028564823803
equity_max_sharpe,equity,max_sharpe,2022-07-13,-0.0034350608989879667
equity_max_sharpe,equity,max_sharpe,2022-07-14,-0.002831309628288061
equity_max_sharpe,equity,max_sharpe,2022-07-15,0.012721237094800757
equity_max_sharpe,equity,max_sharpe,2022-07-18,-0.00870161955433738
equity_max_sharpe,equity,max_sharpe,2022-07-19,0.014155628914300944
equity_max_sharpe,equity,max_sharpe,2022-07-20,-0.008112807888402445
equity_max_sharpe,equity,max_sharpe,2022-07-21,-0.003994715931255209
equity_max_sharpe,equity,max_sharpe,2022-07-22,0.0018568652066535696
equity_max_sharpe,equity,max_sharpe,2022-07-25,0.017983959652156
equity_max_sharpe,equity,max_sharpe,2022-07-26,0.0020290849158905787
equity_max_sharpe,equity,max_sharpe,2022-07-27,0.00245940834275362
equity_max_sharpe,equity,max_sharpe,2022-07-28,0.008299990647379824
equity_max_sharpe,equity,max_sharpe,2022-07-29,0.015557199306845034
equity_max_sharpe,equity,max_sharpe,2022-08-01,-0.011863913788066158
equity_max_sharpe,equity,max_sharpe,2022-08-02,-0.006599077985145072
equity_max_sharpe,equity,max_sharpe,2022-08-03,-0.011349679260833266
equity_max_sharpe,equity,max_sharpe,2022-08-04,-0.017952891281697532
equity_max_sharpe,equity,max_sharpe,2022-08-05,0.005299044868400804
equity_max_sharpe,equity,max_sharpe,2022-08-08,0.006426214716228706
equity_max_sharpe,equity,max_sharpe,2022-08-09,0.01370196827983375
equity_max_sharpe,equity,max_sharpe,2022-08-10,0.003959583717284428
equity_max_sharpe,equity,max_sharpe,2022-08-11,0.012764609058127672
equity_max_sharpe,equity,max_sharpe,2022-08-12,0.006838339640802709
equity_max_sharpe,equity,max_sharpe,2022-08-15,-0.00721084327101622
equity_max_sharpe,equity,max_sharpe,2022-08-16,9.77823385166748e-05
equity_max_sharpe,equity,max_sharpe,2022-08-17,-0.0006928691415969216
equity_max_sharpe,equity,max_sharpe,2022-08-18,0.011229136119973587
equity_max_sharpe,equity,max_sharpe,2022-08-19,0.016365055102213977
equity_max_sharpe,equity,max_sharpe,2022-08-22,-0.013999712679889467
equity_max_sharpe,equity,max_sharpe,2022-08-23,0.016298275394354186
equity_max_sharpe,equity,max_sharpe,2022-08-24,0.0031277424281593823
equity_max_sharpe,equity,max_sharpe,2022-08-25,0.00504529220930726
equity_max_sharpe,equity,max_sharpe,2022-08-26,-0.01407131029557336
equity_max_sharpe,equity,max_sharpe,2022-08-29,0.004426080417252195
equity_max_sharpe,equity,max_sharpe,2022-08-30,-0.019411432329291253
equity_max_sharpe,equity,max_sharpe,2022-08-31,-0.011404042742171352
equity_max_sharpe,equity,max_sharpe,2022-09-01,-0.0017870065562262548
equity_max_sharpe,equity,max_sharpe,2022-09-02,0.00029032057818508244
equity_max_sharpe,equity,max_sharpe,2022-09-06,-0.006909298059650022
equity_max_sharpe,equity,max_sharpe,2022-09-07,-6.60032168722075e-06
equity_max_sharpe,equity,max_sharpe,2022-09-08,0.0011646824274398715
equity_max_sharpe,equity,max_sharpe,2022-09-09,0.0130377336140157
equity_max_sharpe,equity,max_sharpe,2022-09-12,0.006951544766861731
equity_max_sharpe,equity,max_sharpe,2022-09-13,-0.024824457177295353
equity_max_sharpe,equity,max_sharpe,2022-09-14,0.020335960498387814
equity_max_sharpe,equity,max_sharpe,2022-09-15,-0.01651151805433101
equity_max_sharpe,equity,max_sharpe,2022-09-16,-0.006004106508632048
equity_max_sharpe,equity,max_sharpe,2022-09-19,0.002165560469546828
equity_max_sharpe,equity,max_sharpe,2022-09-20,-0.008132474739206733
equity_max_sharpe,equity,max_sharpe,2022-09-21,-0.01444944672784158
equity_max_sharpe,equity,max_sharpe,2022-09-22,0.0011748115710651034
equity_max_sharpe,equity,max_sharpe,2022-09-23,-0.03411531387404027
equity_max_sharpe,equity,max_sharpe,2022-09-26,-0.016689539861893386
equity_max_sharpe,equity,max_sharpe,2022-09-27,-0.0019510646383695842
equity_max_sharpe,equity,max_sharpe,2022-09-28,0.029025692037279224
equity_max_sharpe,equity,max_sharpe,2022-09-29,-0.010264224292196134
equity_max_sharpe,equity,max_sharpe,2022-09-30,-0.017996062361223662
equity_max_sharpe,equity,max_sharpe,2022-10-03,0.034503684267258417
equity_max_sharpe,equity,max_sharpe,2022-10-04,0.024541803584552345
equity_max_sharpe,equity,max_sharpe,2022-10-05,0.007566469570520971
equity_max_sharpe,equity,max_sharpe,2022-10-06,0.0011152155445644666
equity_max_sharpe,equity,max_sharpe,2022-10-07,-0.009694988971104358
equity_max_sharpe,equity,max_sharpe,2022-10-10,-0.011829687599694888
equity_max_sharpe,equity,max_sharpe,2022-10-11,0.005974618949404318
equity_max_sharpe,equity,max_sharpe,2022-10-12,-0.002208049428438154
equity_max_sharpe,equity,max_sharpe,2022-10-13,0.03536239006421535
equity_max_sharpe,equity,max_sharpe,2022-10-14,-0.012122827518889306
equity_max_sharpe,equity,max_sharpe,2022-10-17,0.011423919948628269
equity_max_sharpe,equity,max_sharpe,2022-10-18,0.00514559926871935
equity_max_sharpe,equity,max_sharpe,2022-10-19,0.0018438489691597441
equity_max_sharpe,equity,max_sharpe,2022-10-20,-0.0009383384742170177
equity_max_sharpe,equity,max_sharpe,2022-10-21,0.026195628256740936
equity_max_sharpe,equity,max_sharpe,2022-10-24,0.011505471883943496
equity_max_sharpe,equity,max_sharpe,2022-10-25,0.0020636630951807984
equity_max_sharpe,equity,max_sharpe,2022-10-26,0.014444187925573435
equity_max_sharpe,equity,max_sharpe,2022-10-27,0.0019504150239125725
equity_max_sharpe,equity,max_sharpe,2022-10-28,0.0025443701331443144
equity_max_sharpe,equity,max_sharpe,2022-10-31,-0.0008297277172584779
equity_max_sharpe,equity,max_sharpe,2022-11-01,0.007329922247200068
equity_max_sharpe,equity,max_sharpe,2022-11-02,-0.01827757069161487
equity_max_sharpe,equity,max_sharpe,2022-11-03,0.005119009113880439
equity_max_sharpe,equity,max_sharpe,2022-11-04,0.010273288834705081
equity_max_sharpe,equity,max_sharpe,2022-11-07,0.019433121744904067
equity_max_sharpe,equity,max_sharpe,2022-11-08,0.012553516738578076
equity_max_sharpe,equity,max_sharpe,2022-11-09,-0.024873690166516204
equity_max_sharpe,equity,max_sharpe,2022-11-10,0.012814783361270166
equity_max_sharpe,equity,max_sharpe,2022-11-11,0.006194896187901736
equity_max_sharpe,equity,max_sharpe,2022-11-14,0.004068638319256668
equity_max_sharpe,equity,max_sharpe,2022-11-15,0.003942288177899213
equity_max_sharpe,equity,max_sharpe,2022-11-16,-0.0070446440202310365
equity_max_sharpe,equity,max_sharpe,2022-11-17,0.0056254729913266
equity_max_sharpe,equity,max_sharpe,2022-11-18,0.002199129980569304
equity_max_sharpe,equity,max_sharpe,2022-11-21,0.0004253024579681211
equity_max_sharpe,equity,max_sharpe,2022-11-22,0.01714765313761257
equity_max_sharpe,equity,max_sharpe,2022-11-23,-0.007028145421789915
equity_max_sharpe,equity,max_sharpe,2022-11-25,0.0003290048479619068
equity_max_sharpe,equity,max_sharpe,2022-11-28,-0.015006260998970903
equity_max_sharpe,equity,max_sharpe,2022-11-29,0.0037897019124365112
equity_max_sharpe,equity,max_sharpe,2022-11-30,0.014623902595508848
equity_max_sharpe,equity,max_sharpe,2022-12-01,-0.0019339858089858905
equity_max_sharpe,equity,max_sharpe,2022-12-02,0.0012714126698640097
equity_max_sharpe,equity,max_sharpe,2022-12-05,-0.009173806742411413
equity_max_sharpe,equity,max_sharpe,2022-12-06,-0.011873676003466756
equity_max_sharpe,equity,max_sharpe,2022-12-07,0.005128366767870502
equity_max_sharpe,equity,max_sharpe,2022-12-08,0.0026021962430600224
equity_max_sharpe,equity,max_sharpe,2022-12-09,-0.016987980344388285
equity_max_sharpe,equity,max_sharpe,2022-12-12,0.009250490045169249
equity_max_sharpe,equity,max_sharpe,2022-12-13,0.0016822687769726453
equity_max_sharpe,equity,max_sharpe,2022-12-14,0.0004589386699804985
equity_max_sharpe,equity,max_sharpe,2022-12-15,-0.013906629121758444
equity_max_sharpe,equity,max_sharpe,2022-12-16,-0.004707510329125555
equity_max_sharpe,equity,max_sharpe,2022-12-19,0.0008239549943097177
equity_max_sharpe,equity,max_sharpe,2022-12-20,5.832085751460506e-07
equity_max_sharpe,equity,max_sharpe,2022-12-21,0.011074938745085984
equity_max_sharpe,equity,max_sharpe,2022-12-22,-0.006272917020460114
equity_max_sharpe,equity,max_sharpe,2022-12-23,0.007824363725848134
equity_max_sharpe,equity,max_sharpe,2022-12-27,0.0038010028007202067
equity_max_sharpe,equity,max_sharpe,2022-12-28,-0.011481184813349036
equity_max_sharpe,equity,max_sharpe,2022-12-29,0.0036249690850491045
equity_max_sharpe,equity,max_sharpe,2022-12-30,0.00201449569567228
equity_max_sharpe,equity,max_sharpe,2023-01-03,-0.011925777367924748
equity_max_sharpe,equity,max_sharpe,2023-01-04,0.005782983648201607
equity_max_sharpe,equity,max_sharpe,2023-01-05,0.012000788699076592
equity_max_sharpe,equity,max_sharpe,2023-01-06,0.019883519579681708
equity_max_sharpe,equity,max_sharpe,2023-01-09,-0.022172310836310716
equity_max_sharpe,equity,max_sharpe,2023-01-10,0.007425570950710549
equity_max_sharpe,equity,max_sharpe,2023-01-11,-0.00017094791891472845
equity_max_sharpe,equity,max_sharpe,2023-01-12,0.002124781118822313
equity_max_sharpe,equity,max_sharpe,2023-01-13,0.0023829051662794566
equity_max_sharpe,equity,max_sharpe,2023-01-17,-0.00817225883429432
equity_max_sharpe,equity,max_sharpe,2023-01-18,-0.017202987626614354
equity_max_sharpe,equity,max_sharpe,2023-01-19,0.0038271002089772495
equity_max_sharpe,equity,max_sharpe,2023-01-20,0.007487832203876086
equity_max_sharpe,equity,max_sharpe,2023-01-23,-0.004724965064904831
equity_max_sharpe,equity,max_sharpe,2023-01-24,-0.005898600143032876
equity_max_sharpe,equity,max_sharpe,2023-01-25,-0.002851280549632974
equity_max_sharpe,equity,max_sharpe,2023-01-26,0.009230151605852879
equity_max_sharpe,equity,max_sharpe,2023-01-27,-0.009941358649170201
equity_max_sharpe,equity,max_sharpe,2023-01-30,-0.010685151996991668
equity_max_sharpe,equity,max_sharpe,2023-01-31,0.01192961913405726
equity_max_sharpe,equity,max_sharpe,2023-02-01,0.002988995178165738
equity_max_sharpe,equity,max_sharpe,2023-02-02,-0.022969672923975566
equity_max_sharpe,equity,max_sharpe,2023-02-03,0.003881710074882528
equity_max_sharpe,equity,max_sharpe,2023-02-06,-0.0037441472459490283
equity_max_sharpe,equity,max_sharpe,2023-02-07,0.010542215847721009
equity_max_sharpe,equity,max_sharpe,2023-02-08,-0.001488868876632211
equity_max_sharpe,equity,max_sharpe,2023-02-09,-0.003999983809629667
equity_max_sharpe,equity,max_sharpe,2023-02-10,0.01916166017622911
equity_max_sharpe,equity,max_sharpe,2023-02-13,0.008293539768898359
equity_max_sharpe,equity,max_sharpe,2023-02-14,-0.0016141089490660477
equity_max_sharpe,equity,max_sharpe,2023-02-15,-0.009176611682276613
equity_max_sharpe,equity,max_sharpe,2023-02-16,-0.008211004499024725
equity_max_sharpe,equity,max_sharpe,2023-02-17,0.0002304662193688212
equity_max_sharpe,equity,max_sharpe,2023-02-21,-0.009297171478407798
equity_max_sharpe,equity,max_sharpe,2023-02-22,-0.006536438452606772
equity_max_sharpe,equity,max_sharpe,2023-02-23,3.7858497168821075e-05
equity_max_sharpe,equity,max_sharpe,2023-02-24,-0.007078616800473869
equity_max_sharpe,equity,max_sharpe,2023-02-27,0.0004668785832687253
equity_max_sharpe,equity,max_sharpe,2023-02-28,-0.007805446441899547
equity_max_sharpe,equity,max_sharpe,2023-03-01,0.004773154386033668
equity_max_sharpe,equity,max_sharpe,2023-03-02,0.005712826691635657
equity_max_sharpe,equity,max_sharpe,2023-03-03,0.0103476875260654
equity_max_sharpe,equity,max_sharpe,2023-03-06,0.008566310799248432
equity_max_sharpe,equity,max_sharpe,2023-03-07,-0.012458733917637322
equity_max_sharpe,equity,max_sharpe,2023-03-08,-0.006589829647146529
equity_max_sharpe,equity,max_sharpe,2023-03-09,-0.014695602604196232
equity_max_sharpe,equity,max_sharpe,2023-03-10,-0.009313513241967742
equity_max_sharpe,equity,max_sharpe,2023-03-13,-0.00894940394405196
equity_max_sharpe,equity,max_sharpe,2023-03-14,0.010286072014511143
equity_max_sharpe,equity,max_sharpe,2023-03-15,-0.02069547752092915
equity_max_sharpe,equity,max_sharpe,2023-03-16,0.0032197812890165855
equity_max_sharpe,equity,max_sharpe,2023-03-17,-0.019112384580751554
equity_max_sharpe,equity,max_sharpe,2023-03-20,0.02105309507060844
equity_max_sharpe,equity,max_sharpe,2023-03-21,0.012364930200204873
equity_max_sharpe,equity,max_sharpe,2023-03-22,-0.01757148352963101
equity_max_sharpe,equity,max_sharpe,2023-03-23,0.000634907486030626
equity_max_sharpe,equity,max_sharpe,2023-03-24,0.005271697204329963
equity_max_sharpe,equity,max_sharpe,2023-03-27,0.01184581282392434
equity_max_sharpe,equity,max_sharpe,2023-03-28,0.006659345444122968
equity_max_sharpe,equity,max_sharpe,2023-03-29,0.00621504239876567
equity_max_sharpe,equity,max_sharpe,2023-03-30,0.005811160801295986
equity_max_sharpe,equity,max_sharpe,2023-03-31,0.009700691344609417
equity_max_sharpe,equity,max_sharpe,2023-04-03,0.021369624120952536
equity_max_sharpe,equity,max_sharpe,2023-04-04,-0.007164269153180792
equity_max_sharpe,equity,max_sharpe,2023-04-05,0.013676781396772492
equity_max_sharpe,equity,max_sharpe,2023-04-06,-0.0044279764192878025
equity_max_sharpe,equity,max_sharpe,2023-04-10,-0.0013039945265729356
equity_max_sharpe,equity,max_sharpe,2023-04-11,0.001485628360323015
equity_max_sharpe,equity,max_sharpe,2023-04-12,0.001925494625169897
equity_max_sharpe,equity,max_sharpe,2023-04-13,0.009404773791143704
equity_max_sharpe,equity,max_sharpe,2023-04-14,0.0016167164040218982
equity_max_sharpe,equity,max_sharpe,2023-04-17,0.000637154176829198
equity_max_sharpe,equity,max_sharpe,2023-04-18,0.007276325429241105
equity_max_sharpe,equity,max_sharpe,2023-04-19,-0.0011615660673677543
equity_max_sharpe,equity,max_sharpe,2023-04-20,-0.012275963201605244
equity_max_sharpe,equity,max_sharpe,2023-04-21,0.011090275554315014
equity_max_sharpe,equity,max_sharpe,2023-04-24,0.002548871366669394
equity_max_sharpe,equity,max_sharpe,2023-04-25,-0.007957031912832195
equity_max_sharpe,equity,max_sharpe,2023-04-26,-0.017643042667978618
equity_max_sharpe,equity,max_sharpe,2023-04-27,0.012494614029375425
equity_max_sharpe,equity,max_sharpe,2023-04-28,0.0030700837339049823
equity_max_sharpe,equity,max_sharpe,2023-05-01,-0.0016791596537546472
equity_max_sharpe,equity,max_sharpe,2023-05-02,-0.006942623386155241
equity_max_sharpe,equity,max_sharpe,2023-05-03,-0.023556085700348724
equity_max_sharpe,equity,max_sharpe,2023-05-04,-0.010898316008105566
equity_max_sharpe,equity,max_sharpe,2023-05-05,0.014838295612434129
equity_max_sharpe,equity,max_sharpe,2023-05-08,0.0004336008954738149
equity_max_sharpe,equity,max_sharpe,2023-05-09,-0.0017766522167234498
equity_max_sharpe,equity,max_sharpe,2023-05-10,-0.005900842062979251
equity_max_sharpe,equity,max_sharpe,2023-05-11,-0.004096319168554727
equity_max_sharpe,equity,max_sharpe,2023-05-12,-0.002695366142399052
equity_max_sharpe,equity,max_sharpe,2023-05-15,0.0072008306754427305
equity_max_sharpe,equity,max_sharpe,2023-05-16,-0.009476692086764056
equity_max_sharpe,equity,max_sharpe,2023-05-17,0.008658460389519304
equity_max_sharpe,equity,max_sharpe,2023-05-18,0.002485888923452819
equity_max_sharpe,equity,max_sharpe,2023-05-19,0.00279298113756817
equity_max_sharpe,equity,max_sharpe,2023-05-22,-0.00876422668743489
equity_max_sharpe,equity,max_sharpe,2023-05-23,-0.010443970072472757
equity_max_sharpe,equity,max_sharpe,2023-05-24,0.0010568051610368007
equity_max_sharpe,equity,max_sharpe,2023-05-25,-0.010416833444574608
equity_max_sharpe,equity,max_sharpe,2023-05-26,-0.0021719449024201667
equity_max_sharpe,equity,max_sharpe,2023-05-30,-0.009346948808071435
equity_max_sharpe,equity,max_sharpe,2023-05-31,-0.001601050874036568
equity_max_sharpe,equity,max_sharpe,2023-06-01,0.015314493882213055
equity_max_sharpe,equity,max_sharpe,2023-06-02,0.011450305784590258
equity_max_sharpe,equity,max_sharpe,2023-06-05,-0.004808471677590544
equity_max_sharpe,equity,max_sharpe,2023-06-06,-0.00933196354894961
equity_max_sharpe,equity,max_sharpe,2023-06-07,-0.0036234696546017663
equity_max_sharpe,equity,max_sharpe,2023-06-08,0.018333588343522524
equity_max_sharpe,equity,max_sharpe,2023-06-09,0.001985461505821357
equity_max_sharpe,equity,max_sharpe,2023-06-12,0.003969427773650302
equity_max_sharpe,equity,max_sharpe,2023-06-13,0.009270235830149031
equity_max_sharpe,equity,max_sharpe,2023-06-14,0.003177663932417766
equity_max_sharpe,equity,max_sharpe,2023-06-15,0.00580087085735378
equity_max_sharpe,equity,max_sharpe,2023-06-16,-0.0003955538694177033
equity_max_sharpe,equity,max_sharpe,2023-06-20,-0.006213140642135627
equity_max_sharpe,equity,max_sharpe,2023-06-21,0.00040886107452439333
equity_max_sharpe,equity,max_sharpe,2023-06-22,0.0027978272359881445
equity_max_sharpe,equity,max_sharpe,2023-06-23,-0.005506227101032112
equity_max_sharpe,equity,max_sharpe,2023-06-26,-0.010081543415063092
equity_max_sharpe,equity,max_sharpe,2023-06-27,0.006670381782725373
equity_max_sharpe,equity,max_sharpe,2023-06-28,0.0013245993045271558
equity_max_sharpe,equity,max_sharpe,2023-06-29,0.0012717314712979173
equity_max_sharpe,equity,max_sharpe,2023-06-30,0.017953147548526085
equity_max_sharpe,equity,max_sharpe,2023-07-03,-0.0032704240777902656
equity_max_sharpe,equity,max_sharpe,2023-07-05,-0.00016355574342901606
equity_max_sharpe,equity,max_sharpe,2023-07-06,-0.010206525409670295
equity_max_sharpe,equity,max_sharpe,2023-07-07,-0.00596276426007528
equity_max_sharpe,equity,max_sharpe,2023-07-10,0.009655750467608859
equity_max_sharpe,equity,max_sharpe,2023-07-11,0.003412171017356184
equity_max_sharpe,equity,max_sharpe,2023-07-12,0.005612635736243631
equity_max_sharpe,equity,max_sharpe,2023-07-13,0.006836979151524751
equity_max_sharpe,equity,max_sharpe,2023-07-14,-0.0010473139844791974
equity_max_sharpe,equity,max_sharpe,2023-07-17,0.002788212231839128
equity_max_sharpe,equity,max_sharpe,2023-07-18,0.006520327143777062
equity_max_sharpe,equity,max_sharpe,2023-07-19,-0.002223609899355138
equity_max_sharpe,equity,max_sharpe,2023-07-20,0.0061551906496793984
equity_max_sharpe,equity,max_sharpe,2023-07-21,-0.0020153758701304068
equity_max_sharpe,equity,max_sharpe,2023-07-24,-0.005337136342853695
equity_max_sharpe,equity,max_sharpe,2023-07-25,0.014613869963491294
equity_max_sharpe,equity,max_sharpe,2023-07-26,-0.004757074526166551
equity_max_sharpe,equity,max_sharpe,2023-07-27,-0.0028203162160656795
equity_max_sharpe,equity,max_sharpe,2023-07-28,0.005447174570146623
equity_max_sharpe,equity,max_sharpe,2023-07-31,-9.519986325393038e-05
equity_max_sharpe,equity,max_sharpe,2023-08-01,-0.00833177470529499
equity_max_sharpe,equity,max_sharpe,2023-08-02,-0.009882044768177988
equity_max_sharpe,equity,max_sharpe,2023-08-03,0.0025441716116819534
equity_max_sharpe,equity,max_sharpe,2023-08-04,0.004541757860312223
equity_max_sharpe,equity,max_sharpe,2023-08-07,0.014295462326195463
equity_max_sharpe,equity,max_sharpe,2023-08-08,-0.003960285965294254
equity_max_sharpe,equity,max_sharpe,2023-08-09,-0.008197047359059953
equity_max_sharpe,equity,max_sharpe,2023-08-10,-0.0008001650666371381
equity_max_sharpe,equity,max_sharpe,2023-08-11,0.002245910156583543
equity_max_sharpe,equity,max_sharpe,2023-08-14,0.013351721703079836
equity_max_sharpe,equity,max_sharpe,2023-08-15,-0.006489851548036669
equity_max_sharpe,equity,max_sharpe,2023-08-16,-0.00606968372265872
equity_max_sharpe,equity,max_sharpe,2023-08-17,-0.01101642221398163
equity_max_sharpe,equity,max_sharpe,2023-08-18,0.003431102201815204
equity_max_sharpe,equity,max_sharpe,2023-08-21,0.013303369573435746
equity_max_sharpe,equity,max_sharpe,2023-08-22,-0.011918417567653616
equity_max_sharpe,equity,max_sharpe,2023-08-23,0.021940095342023697
equity_max_sharpe,equity,max_sharpe,2023-08-24,-0.012333141399767702
equity_max_sharpe,equity,max_sharpe,2023-08-25,8.087791210488872e-05
equity_max_sharpe,equity,max_sharpe,2023-08-28,0.008298075317128588
equity_max_sharpe,equity,max_sharpe,2023-08-29,0.015804991440182634
equity_max_sharpe,equity,max_sharpe,2023-08-30,0.0022315472901008318
equity_max_sharpe,equity,max_sharpe,2023-08-31,-0.002362256821909484
equity_max_sharpe,equity,max_sharpe,2023-09-01,-0.0009739463520008849
equity_max_sharpe,equity,max_sharpe,2023-09-05,-0.010098991650631623
equity_max_sharpe,equity,max_sharpe,2023-09-06,-0.006523565987338807
equity_max_sharpe,equity,max_sharpe,2023-09-07,0.0004535909448924176
equity_max_sharpe,equity,max_sharpe,2023-09-08,0.0004576796712623453
equity_max_sharpe,equity,max_sharpe,2023-09-11,0.004081202173667656
equity_max_sharpe,equity,max_sharpe,2023-09-12,0.0023148389634068773
equity_max_sharpe,equity,max_sharpe,2023-09-13,-0.003923152956784952
equity_max_sharpe,equity,max_sharpe,2023-09-14,0.010481736359769168
equity_max_sharpe,equity,max_sharpe,2023-09-15,-0.01242881742822137
equity_max_sharpe,equity,max_sharpe,2023-09-18,0.0026558147524586243
equity_max_sharpe,equity,max_sharpe,2023-09-19,-0.004448961103190231
equity_max_sharpe,equity,max_sharpe,2023-09-20,-0.007943544553788678
equity_max_sharpe,equity,max_sharpe,2023-09-21,-0.01469263883134641
equity_max_sharpe,equity,max_sharpe,2023-09-22,-0.0008032361406103794
equity_max_sharpe,equity,max_sharpe,2023-09-25,0.0050241866150954545
equity_max_sharpe,equity,max_sharpe,2023-09-26,-0.007480872063888663
equity_max_sharpe,equity,max_sharpe,2023-09-27,0.0025316672294851275
equity_max_sharpe,equity,max_sharpe,2023-09-28,0.007484192167129519
equity_max_sharpe,equity,max_sharpe,2023-09-29,-0.012055939039344574
equity_max_sharpe,equity,max_sharpe,2023-10-02,-3.458815805729414e-05
equity_max_sharpe,equity,max_sharpe,2023-10-03,-0.012474663740245022
equity_max_sharpe,equity,max_sharpe,2023-10-04,0.003345025808975646
equity_max_sharpe,equity,max_sharpe,2023-10-05,0.0019063821719582479
equity_max_sharpe,equity,max_sharpe,2023-10-06,0.012227185577029011
equity_max_sharpe,equity,max_sharpe,2023-10-09,0.0037524128996776923
equity_max_sharpe,equity,max_sharpe,2023-10-10,0.0050385648846780155
equity_max_sharpe,equity,max_sharpe,2023-10-11,0.012920113466656464
equity_max_sharpe,equity,max_sharpe,2023-10-12,-0.0032599883820033787
equity_max_sharpe,equity,max_sharpe,2023-10-13,-0.00877727373844642
equity_max_sharpe,equity,max_sharpe,2023-10-16,0.0064321806918637425
equity_max_sharpe,equity,max_sharpe,2023-10-17,-0.006992225777707261
equity_max_sharpe,equity,max_sharpe,2023-10-18,-0.020349349903759188
equity_max_sharpe,equity,max_sharpe,2023-10-19,-0.009938120227000198
equity_max_sharpe,equity,max_sharpe,2023-10-20,-0.005638505274666585
equity_max_sharpe,equity,max_sharpe,2023-10-23,0.008685483870176638
equity_max_sharpe,equity,max_sharpe,2023-10-24,0.01654713213619376
equity_max_sharpe,equity,max_sharpe,2023-10-25,-0.01602269443675373
equity_max_sharpe,equity,max_sharpe,2023-10-26,-0.013508656186414215
equity_max_sharpe,equity,max_sharpe,2023-10-27,-0.014169389366967808
equity_max_sharpe,equity,max_sharpe,2023-10-30,0.013770404440647388
equity_max_sharpe,equity,max_sharpe,2023-10-31,-0.012521087968446346
equity_max_sharpe,equity,max_sharpe,2023-11-01,0.008071588171708841
equity_max_sharpe,equity,max_sharpe,2023-11-02,0.010972703813453624
equity_max_sharpe,equity,max_sharpe,2023-11-03,0.012372667858711125
equity_max_sharpe,equity,max_sharpe,2023-11-06,0.008446726802318508
equity_max_sharpe,equity,max_sharpe,2023-11-07,0.000566556116731687
equity_max_sharpe,equity,max_sharpe,2023-11-08,0.0044014728971846235
equity_max_sharpe,equity,max_sharpe,2023-11-09,-0.00573164344873771
equity_max_sharpe,equity,max_sharpe,2023-11-10,0.015827481993035047
equity_max_sharpe,equity,max_sharpe,2023-11-13,0.005454374063688901
equity_max_sharpe,equity,max_sharpe,2023-11-14,0.009927224874797047
equity_max_sharpe,equity,max_sharpe,2023-11-15,-0.0025892647161015266
equity_max_sharpe,equity,max_sharpe,2023-11-16,-0.0077371362056894355
equity_max_sharpe,equity,max_sharpe,2023-11-17,0.0001322423032104887
equity_max_sharpe,equity,max_sharpe,2023-11-20,0.010723137881931948
equity_max_sharpe,equity,max_sharpe,2023-11-21,-0.0036404881577736864
equity_max_sharpe,equity,max_sharpe,2023-11-22,-0.00791268308853871
equity_max_sharpe,equity,max_sharpe,2023-11-24,-0.0014328588119662357
equity_max_sharpe,equity,max_sharpe,2023-11-27,0.0006712795542470522
equity_max_sharpe,equity,max_sharpe,2023-11-28,-0.003810272651973093
equity_max_sharpe,equity,max_sharpe,2023-11-29,-0.00012060910408295356
equity_max_sharpe,equity,max_sharpe,2023-11-30,0.002537920072109442
equity_max_sharpe,equity,max_sharpe,2023-12-01,0.001517033011994091
equity_max_sharpe,equity,max_sharpe,2023-12-04,-0.011744644408994797
equity_max_sharpe,equity,max_sharpe,2023-12-05,-0.00018716696066837095
equity_max_sharpe,equity,max_sharpe,2023-12-06,-0.0035468908522156054
equity_max_sharpe,equity,max_sharpe,2023-12-07,0.004624652540515983
equity_max_sharpe,equity,max_sharpe,2023-12-08,0.008083435376304125
equity_max_sharpe,equity,max_sharpe,2023-12-11,0.0006299980162277068
equity_max_sharpe,equity,max_sharpe,2023-12-12,0.010011189157314679
equity_max_sharpe,equity,max_sharpe,2023-12-13,0.01115287472168034
equity_max_sharpe,equity,max_sharpe,2023-12-14,-0.01016585121688847
equity_max_sharpe,equity,max_sharpe,2023-12-15,0.0032230372905507885
equity_max_sharpe,equity,max_sharpe,2023-12-18,0.008337136810025297
equity_max_sharpe,equity,max_sharpe,2023-12-19,0.005220147140671562
equity_max_sharpe,equity,max_sharpe,2023-12-20,-0.01985037783643164
equity_max_sharpe,equity,max_sharpe,2023-12-21,0.014216295444872039
equity_max_sharpe,equity,max_sharpe,2023-12-22,0.001463101858516155
equity_max_sharpe,equity,max_sharpe,2023-12-26,0.00737598103870069
equity_max_sharpe,equity,max_sharpe,2023-12-27,0.0013296546537519647
equity_max_sharpe,equity,max_sharpe,2023-12-28,0.0023887275003676633
equity_max_sharpe,equity,max_sharpe,2023-12-29,-0.0014208464381003094
equity_min_cvar,equity,min_cvar,2021-01-04,0.007671107191306271
equity_min_cvar,equity,min_cvar,2021-01-05,0.003102552644895138
equity_min_cvar,equity,min_cvar,2021-01-06,0.011130532551900467
equity_min_cvar,equity,min_cvar,2021-01-07,0.01238843841500689
equity_min_cvar,equity,min_cvar,2021-01-08,-0.0034157840580489535
equity_min_cvar,equity,min_cvar,2021-01-11,-0.0002249441812804025
equity_min_cvar,equity,min_cvar,2021-01-12,-0.008880458739766223
equity_min_cvar,equity,min_cvar,2021-01-13,-0.005000093585292614
equity_min_cvar,equity,min_cvar,2021-01-14,0.0006423951776427559
equity_min_cvar,equity,min_cvar,2021-01-15,-0.0009450197721171776
equity_min_cvar,equity,min_cvar,2021-01-19,0.011742681819405128
equity_min_cvar,equity,min_cvar,2021-01-20,0.01606304598032955
equity_min_cvar,equity,min_cvar,2021-01-21,-0.011820135563168632
equity_min_cvar,equity,min_cvar,2021-01-22,-0.0013810932180782255
equity_min_cvar,equity,min_cvar,2021-01-25,0.002349261896886032
equity_min_cvar,equity,min_cvar,2021-01-26,-0.010215001952542874
equity_min_cvar,equity,min_cvar,2021-01-27,-0.030393771855199397
equity_min_cvar,equity,min_cvar,2021-01-28,0.007752361686143257
equity_min_cvar,equity,min_cvar,2021-01-29,-0.005273918213759557
equity_min_cvar,equity,min_cvar,2021-02-01,-0.000962488920958452
equity_min_cvar,equity,min_cvar,2021-02-02,0.009069225336229976
equity_min_cvar,equity,min_cvar,2021-02-03,-0.008229900179740231
equity_min_cvar,equity,min_cvar,2021-02-04,-0.0018555573018080769
equity_min_cvar,equity,min_cvar,2021-02-05,0.01869514750845916
equity_min_cvar,equity,min_cvar,2021-02-08,0.006550190466081712
equity_min_cvar,equity,min_cvar,2021-02-09,-0.012310673989581125
equity_min_cvar,equity,min_cvar,2021-02-10,-0.00449939398165037
equity_min_cvar,equity,min_cvar,2021-02-11,-0.007848216857296836
equity_min_cvar,equity,min_cvar,2021-02-12,0.006095631495042533
equity_min_cvar,equity,min_cvar,2021-02-16,-0.012563237814861471
equity_min_cvar,equity,min_cvar,2021-02-17,0.004621879692770997
equity_min_cvar,equity,min_cvar,2021-02-18,-0.011127200418670224
equity_min_cvar,equity,min_cvar,2021-02-19,-0.008460794979300197
equity_min_cvar,equity,min_cvar,2021-02-22,-0.002383416764696532
equity_min_cvar,equity,min_cvar,2021-02-23,-0.010801729584473209
equity_min_cvar,equity,min_cvar,2021-02-24,-0.0007678262959466406
equity_min_cvar,equity,min_cvar,2021-02-25,-0.008828882417001006
equity_min_cvar,equity,min_cvar,2021-02-26,-0.01857297836401301
equity_min_cvar,equity,min_cvar,2021-03-01,0.008181395446434252
equity_min_cvar,equity,min_cvar,2021-03-02,0.007616022961102729
equity_min_cvar,equity,min_cvar,2021-03-03,-0.011845702028703917
equity_min_cvar,equity,min_cvar,2021-03-04,-0.0067351936980096175
equity_min_cvar,equity,min_cvar,2021-03-05,0.012022141251807601
equity_min_cvar,equity,min_cvar,2021-03-08,-0.003963423832329595
equity_min_cvar,equity,min_cvar,2021-03-09,0.00719153461373121
equity_min_cvar,equity,min_cvar,2021-03-10,0.006278761398613027
equity_min_cvar,equity,min_cvar,2021-03-11,0.00170097529704703
equity_min_cvar,equity,min_cvar,2021-03-12,0.005396214104822935
equity_min_cvar,equity,min_cvar,2021-03-15,0.016225817274760503
equity_min_cvar,equity,min_cvar,2021-03-16,0.006714611605594187
equity_min_cvar,equity,min_cvar,2021-03-17,0.0004818097111479317
equity_min_cvar,equity,min_cvar,2021-03-18,-0.005723799835517476
equity_min_cvar,equity,min_cvar,2021-03-19,0.001922807956435576
equity_min_cvar,equity,min_cvar,2021-03-22,0.003385000670211683
equity_min_cvar,equity,min_cvar,2021-03-23,-0.003744532804641163
equity_min_cvar,equity,min_cvar,2021-03-24,-0.0034275079289387035
equity_min_cvar,equity,min_cvar,2021-03-25,-0.000176245359890675
equity_min_cvar,equity,min_cvar,2021-03-26,0.017684483230212582
equity_min_cvar,equity,min_cvar,2021-03-29,0.011049403383232091
equity_min_cvar,equity,min_cvar,2021-03-30,-0.01193334679166534
equity_min_cvar,equity,min_cvar,2021-03-31,-0.0017638879951827596
equity_min_cvar,equity,min_cvar,2021-04-01,0.006146653086386685
equity_min_cvar,equity,min_cvar,2021-04-05,0.013902965245794404
equity_min_cvar,equity,min_cvar,2021-04-06,0.002635146347086631
equity_min_cvar,equity,min_cvar,2021-04-07,-0.00012243595695857624
equity_min_cvar,equity,min_cvar,2021-04-08,-0.0008436211885170351
equity_min_cvar,equity,min_cvar,2021-04-09,0.0031344405928056805
equity_min_cvar,equity,min_cvar,2021-04-12,0.002469543526747891
equity_min_cvar,equity,min_cvar,2021-04-13,0.001341010942071333
equity_min_cvar,equity,min_cvar,2021-04-14,-0.0032584514339882914
equity_min_cvar,equity,min_cvar,2021-04-15,0.008009269182456813
equity_min_cvar,equity,min_cvar,2021-04-16,0.0005318737834568273
equity_min_cvar,equity,min_cvar,2021-04-19,-0.0021415044920692116
equity_min_cvar,equity,min_cvar,2021-04-20,0.0034679189034504477
equity_min_cvar,equity,min_cvar,2021-04-21,0.00420178002309817
equity_min_cvar,equity,min_cvar,2021-04-22,3.360547252089256e-05
equity_min_cvar,equity,min_cvar,2021-04-23,0.0027775781551702466
equity_min_cvar,equity,min_cvar,2021-04-26,-0.005743637974529982
equity_min_cvar,equity,min_cvar,2021-04-27,-0.004526318170781914
equity_min_cvar,equity,min_cvar,2021-04-28,-0.0003868439413666978
equity_min_cvar,equity,min_cvar,2021-04-29,0.012687768151895956
equity_min_cvar,equity,min_cvar,2021-04-30,-0.0017061582420649338
equity_min_cvar,equity,min_cvar,2021-05-03,0.006600180889993789
equity_min_cvar,equity,min_cvar,2021-05-04,-0.0036435515825242056
equity_min_cvar,equity,min_cvar,2021-05-05,-0.0026606254615073543
equity_min_cvar,equity,min_cvar,2021-05-06,0.00646895789770693
equity_min_cvar,equity,min_cvar,2021-05-07,0.0032502618175864976
equity_min_cvar,equity,min_cvar,2021-05-10,0.009910935809845537
equity_min_cvar,equity,min_cvar,2021-05-11,-0.007123700294655037
equity_min_cvar,equity,min_cvar,2021-05-12,-0.018884464176154886
equity_min_cvar,equity,min_cvar,2021-05-13,0.017065573036929262
equity_min_cvar,equity,min_cvar,2021-05-14,0.00411920414796679
equity_min_cvar,equity,min_cvar,2021-05-17,0.0007980072479838205
equity_min_cvar,equity,min_cvar,2021-05-18,0.0017102586376432582
equity_min_cvar,equity,min_cvar,2021-05-19,-0.0009080438490375394
equity_min_cvar,equity,min_cvar,2021-05-20,0.008928045809151736
equity_min_cvar,equity,min_cvar,2021-05-21,-0.0018880254539877983
equity_min_cvar,equity,min_cvar,2021-05-24,-0.0015430859831942478
equity_min_cvar,equity,min_cvar,2021-05-25,-0.004635802995657237
equity_min_cvar,equity,min_cvar,2021-05-26,0.0014986030288343267
equity_min_cvar,equity,min_cvar,2021-05-27,-0.004230068301287984
equity_min_cvar,equity,min_cvar,2021-05-28,0.002834069533847132
equity_min_cvar,equity,min_cvar,2021-06-01,-0.0021525565596529775
equity_min_cvar,equity,min_cvar,2021-06-02,0.0030434629752124076
equity_min_cvar,equity,min_cvar,2021-06-03,0.00410344459272416
equity_min_cvar,equity,min_cvar,2021-06-04,0.0031897471531490496
equity_min_cvar,equity,min_cvar,2021-06-07,0.00019966998933876952
equity_min_cvar,equity,min_cvar,2021-06-08,-0.004959062088023056
equity_min_cvar,equity,min_cvar,2021-06-09,0.002216072183105525
equity_min_cvar,equity,min_cvar,2021-06-10,0.0043157788820720345
equity_min_cvar,equity,min_cvar,2021-06-11,0.001363351303406884
equity_min_cvar,equity,min_cvar,2021-06-14,0.0008026964565005412
equity_min_cvar,equity,min_cvar,2021-06-15,-0.0015035115278177905
equity_min_cvar,equity,min_cvar,2021-06-16,-0.012287130913005387
equity_min_cvar,equity,min_cvar,2021-06-17,0.0017061065928914996
equity_min_cvar,equity,min_cvar,2021-06-18,-0.01322500916631824
equity_min_cvar,equity,min_cvar,2021-06-21,0.013651948577042093
equity_min_cvar,equity,min_cvar,2021-06-22,-0.001509107858131735
equity_min_cvar,equity,min_cvar,2021-06-23,-0.0064188661173032015
equity_min_cvar,equity,min_cvar,2021-06-24,0.0011578048564966034
equity_min_cvar,equity,min_cvar,2021-06-25,0.018247787807467043
equity_min_cvar,equity,min_cvar,2021-06-28,0.00045199134198983077
equity_min_cvar,equity,min_cvar,2021-06-29,-0.004369676822951385
equity_min_cvar,equity,min_cvar,2021-06-30,0.006425117575330459
equity_min_cvar,equity,min_cvar,2021-07-01,0.005415350613925616
equity_min_cvar,equity,min_cvar,2021-07-02,0.004461793636560509
equity_min_cvar,equity,min_cvar,2021-07-06,-0.0012952552459217933
equity_min_cvar,equity,min_cvar,2021-07-07,0.0027305716713550894
equity_min_cvar,equity,min_cvar,2021-07-08,-0.005943827392750719
equity_min_cvar,equity,min_cvar,2021-07-09,0.007855258627062078
equity_min_cvar,equity,min_cvar,2021-07-12,0.0031593960121517684
equity_min_cvar,equity,min_cvar,2021-07-13,-0.0025690401267982805
equity_min_cvar,equity,min_cvar,2021-07-14,0.0035738166397040632
equity_min_cvar,equity,min_cvar,2021-07-15,0.0043669703207851445
equity_min_cvar,equity,min_cvar,2021-07-16,0.0007799048621341134
equity_min_cvar,equity,min_cvar,2021-07-19,-0.010738336781162544
equity_min_cvar,equity,min_cvar,2021-07-20,0.005693579879810403
equity_min_cvar,equity,min_cvar,2021-07-21,-0.003418821717231401
equity_min_cvar,equity,min_cvar,2021-07-22,0.002618317166097315
equity_min_cvar,equity,min_cvar,2021-07-23,0.011860471161380674
equity_min_cvar,equity,min_cvar,2021-07-26,9.650084674552312e-05
equity_min_cvar,equity,min_cvar,2021-07-27,0.001632570152825573
equity_min_cvar,equity,min_cvar,2021-07-28,-0.0003485023212862985
equity_min_cvar,equity,min_cvar,2021-07-29,0.0027364107433219213
equity_min_cvar,equity,min_cvar,2021-07-30,-0.0032999001768921
equity_min_cvar,equity,min_cvar,2021-08-02,0.0011715606068178062
equity_min_cvar,equity,min_cvar,2021-08-03,0.005675369258852033
equity_min_cvar,equity,min_cvar,2021-08-04,-0.005020989426086912
equity_min_cvar,equity,min_cvar,2021-08-05,0.003616413166967906
equity_min_cvar,equity,min_cvar,2021-08-06,-0.0035209918592759497
equity_min_cvar,equity,min_cvar,2021-08-09,0.000759091512260799
equity_min_cvar,equity,min_cvar,2021-08-10,0.00556535144661454
equity_min_cvar,equity,min_cvar,2021-08-11,0.007471430580547841
equity_min_cvar,equity,min_cvar,2021-08-12,0.0029175249725552606
equity_min_cvar,equity,min_cvar,2021-08-13,0.0032417177083188817
equity_min_cvar,equity,min_cvar,2021-08-16,0.007398624218416335
equity_min_cvar,equity,min_cvar,2021-08-17,2.995818872427845e-05
equity_min_cvar,equity,min_cvar,2021-08-18,-0.009240228054653696
equity_min_cvar,equity,min_cvar,2021-08-19,-0.0005989317496486583
equity_min_cvar,equity,min_cvar,2021-08-20,0.0077433423200489425
equity_min_cvar,equity,min_cvar,2021-08-23,-0.0018390315146229283
equity_min_cvar,equity,min_cvar,2021-08-24,-0.005343840216952981
equity_min_cvar,equity,min_cvar,2021-08-25,-0.002550454057317063
equity_min_cvar,equity,min_cvar,2021-08-26,-0.004611865639623128
equity_min_cvar,equity,min_cvar,2021-08-27,0.0024208024988052806
equity_min_cvar,equity,min_cvar,2021-08-30,0.005463291942599594
equity_min_cvar,equity,min_cvar,2021-08-31,0.0018409095502756145
equity_min_cvar,equity,min_cvar,2021-09-01,0.0033512978607189116
equity_min_cvar,equity,min_cvar,2021-09-02,0.005741407553847341
equity_min_cvar,equity,min_cvar,2021-09-03,-0.0024656329763921483
equity_min_cvar,equity,min_cvar,2021-09-07,-0.01201560681368022
equity_min_cvar,equity,min_cvar,2021-09-08,0.0016505364448990041
equity_min_cvar,equity,min_cvar,2021-09-09,-0.0064470299140465155
equity_min_cvar,equity,min_cvar,2021-09-10,-7.639416696312708e-05
equity_min_cvar,equity,min_cvar,2021-09-13,-0.0009338256526904499
equity_min_cvar,equity,min_cvar,2021-09-14,-0.005733836347890889
equity_min_cvar,equity,min_cvar,2021-09-15,0.00016884096980354706
equity_min_cvar,equity,min_cvar,2021-09-16,-0.0048379363465427755
equity_min_cvar,equity,min_cvar,2021-09-17,-0.01058999192878488
equity_min_cvar,equity,min_cvar,2021-09-20,-0.008670233892571332
equity_min_cvar,equity,min_cvar,2021-09-21,-0.0034789667706274026
equity_min_cvar,equity,min_cvar,2021-09-22,0.0005645670897247313
equity_min_cvar,equity,min_cvar,2021-09-23,0.0033109868523843212
equity_min_cvar,equity,min_cvar,2021-09-24,-0.00834081778661528
equity_min_cvar,equity,min_cvar,2021-09-27,-0.006720198677714235
equity_min_cvar,equity,min_cvar,2021-09-28,-0.007512240612600783
equity_min_cvar,equity,min_cvar,2021-09-29,0.010245980054957285
equity_min_cvar,equity,min_cvar,2021-09-30,-0.009137183017164006
equity_min_cvar,equity,min_cvar,2021-10-01,0.005933071456106403
equity_min_cvar,equity,min_cvar,2021-10-04,-0.00164313034264207
equity_min_cvar,equity,min_cvar,2021-10-05,0.007261275764943807
equity_min_cvar,equity,min_cvar,2021-10-06,0.0006369358652680175
equity_min_cvar,equity,min_cvar,2021-10-07,0.008052483864241806
equity_min_cvar,equity,min_cvar,2021-10-08,-0.002969636236369
equity_min_cvar,equity,min_cvar,2021-10-11,-0.007991482408825686
equity_min_cvar,equity,min_cvar,2021-10-12,0.0020247092769127453
equity_min_cvar,equity,min_cvar,2021-10-13,0.0033669944863214504
equity_min_cvar,equity,min_cvar,2021-10-14,0.007910903225663
equity_min_cvar,equity,min_cvar,2021-10-15,0.002924949105619336
equity_min_cvar,equity,min_cvar,2021-10-18,-0.003340857572548557
equity_min_cvar,equity,min_cvar,2021-10-19,0.006396323765100459
equity_min_cvar,equity,min_cvar,2021-10-20,0.010173552561108726
equity_min_cvar,equity,min_cvar,2021-10-21,0.007339156254977432
equity_min_cvar,equity,min_cvar,2021-10-22,0.00245550692182963
equity_min_cvar,equity,min_cvar,2021-10-25,0.005399064042993342
equity_min_cvar,equity,min_cvar,2021-10-26,0.005990139105559709
equity_min_cvar,equity,min_cvar,2021-10-27,-0.009079480940957719
equity_min_cvar,equity,min_cvar,2021-10-28,0.009821150727045145
equity_min_cvar,equity,min_cvar,2021-10-29,-0.0064783738288317376
equity_min_cvar,equity,min_cvar,2021-11-01,0.00022271009763336666
equity_min_cvar,equity,min_cvar,2021-11-02,0.003778022386634271
equity_min_cvar,equity,min_cvar,2021-11-03,0.00507606283504029
equity_min_cvar,equity,min_cvar,2021-11-04,0.0030029980944290273
equity_min_cvar,equity,min_cvar,2021-11-05,-0.010877018989755632
equity_min_cvar,equity,min_cvar,2021-11-08,-2.9984334881808688e-05
equity_min_cvar,equity,min_cvar,2021-11-09,0.00609744998027917
equity_min_cvar,equity,min_cvar,2021-11-10,0.00224529771314652
equity_min_cvar,equity,min_cvar,2021-11-11,0.0018497848347328242
equity_min_cvar,equity,min_cvar,2021-11-12,0.006701687680101308
equity_min_cvar,equity,min_cvar,2021-11-15,-0.002321922463402429
equity_min_cvar,equity,min_cvar,2021-11-16,-0.0019453645328448281
equity_min_cvar,equity,min_cvar,2021-11-17,-0.006286291486133259
equity_min_cvar,equity,min_cvar,2021-11-18,-0.0023349295077994825
equity_min_cvar,equity,min_cvar,2021-11-19,-0.004091731642381923
equity_min_cvar,equity,min_cvar,2021-11-22,0.00038001021293871556
equity_min_cvar,equity,min_cvar,2021-11-23,0.00410895025105501
equity_min_cvar,equity,min_cvar,2021-11-24,-0.0014485332814492993
equity_min_cvar,equity,min_cvar,2021-11-26,-0.015245024440199982
equity_min_cvar,equity,min_cvar,2021-11-29,0.007603573891526958
equity_min_cvar,equity,min_cvar,2021-11-30,-0.017010097734029034
equity_min_cvar,equity,min_cvar,2021-12-01,-0.005314115085917713
equity_min_cvar,equity,min_cvar,2021-12-02,0.02046717251742234
equity_min_cvar,equity,min_cvar,2021-12-03,0.005434892730272656
equity_min_cvar,equity,min_cvar,2021-12-06,0.007469706400345413
equity_min_cvar,equity,min_cvar,2021-12-07,0.0035350407983201926
equity_min_cvar,equity,min_cvar,2021-12-08,0.002747487631454278
equity_min_cvar,equity,min_cvar,2021-12-09,-0.00013323423703214741
equity_min_cvar,equity,min_cvar,2021-12-10,0.0070390022622852265
equity_min_cvar,equity,min_cvar,2021-12-13,0.0025881551690931227
equity_min_cvar,equity,min_cvar,2021-12-14,-0.0036290183072985763
equity_min_cvar,equity,min_cvar,2021-12-15,0.011352161507928869
equity_min_cvar,equity,min_cvar,2021-12-16,0.008465259987012492
equity_min_cvar,equity,min_cvar,2021-12-17,-0.011346145742830284
equity_min_cvar,equity,min_cvar,2021-12-20,-0.00036493153237662584
equity_min_cvar,equity,min_cvar,2021-12-21,0.0011142672287485927
equity_min_cvar,equity,min_cvar,2021-12-22,0.010222232311910554
equity_min_cvar,equity,min_cvar,2021-12-23,0.0005375762820912162
equity_min_cvar,equity,min_cvar,2021-12-27,0.014075928218391176
equity_min_cvar,equity,min_cvar,2021-12-28,0.002483653781563665
equity_min_cvar,equity,min_cvar,2021-12-29,0.004154039835436601
equity_min_cvar,equity,min_cvar,2021-12-30,-0.0009578513290752785
equity_min_cvar,equity,min_cvar,2021-12-31,-0.002219407761064064
equity_min_cvar,equity,min_cvar,2022-01-03,-0.00703101774215815
equity_min_cvar,equity,min_cvar,2022-01-04,-0.0010241334037373203
equity_min_cvar,equity,min_cvar,2022-01-05,-0.0029474703476206543
equity_min_cvar,equity,min_cvar,2022-01-06,-0.004091323190191274
equity_min_cvar,equity,min_cvar,2022-01-07,-0.005137016545960352
equity_min_cvar,equity,min_cvar,2022-01-10,-0.0014068557790102379
equity_min_cvar,equity,min_cvar,2022-01-11,0.007353182415914161
equity_min_cvar,equity,min_cvar,2022-01-12,6.999438748976465e-05
equity_min_cvar,equity,min_cvar,2022-01-13,-0.009406144450085528
equity_min_cvar,equity,min_cvar,2022-01-14,-0.005471265855751928
equity_min_cvar,equity,min_cvar,2022-01-18,-0.0042913654807345035
equity_min_cvar,equity,min_cvar,2022-01-19,-0.0046849787454219
equity_min_cvar,equity,min_cvar,2022-01-20,-0.010519677091534655
equity_min_cvar,equity,min_cvar,2022-01-21,-0.002272467656559749
equity_min_cvar,equity,min_cvar,2022-01-24,-0.0011850470695270617
equity_min_cvar,equity,min_cvar,2022-01-25,0.0009333740436634659
equity_min_cvar,equity,min_cvar,2022-01-26,-0.016180381970433675
equity_min_cvar,equity,min_cvar,2022-01-27,-0.002555132126986078
equity_min_cvar,equity,min_cvar,2022-01-28,0.015847804285717654
equity_min_cvar,equity,min_cvar,2022-01-31,0.0033418953313830023
equity_min_cvar,equity,min_cvar,2022-02-01,0.005322886923187371
equity_min_cvar,equity,min_cvar,2022-02-02,0.0029593426592730396
equity_min_cvar,equity,min_cvar,2022-02-03,-0.01291467365604069
equity_min_cvar,equity,min_cvar,2022-02-04,-0.0018915301197363335
equity_min_cvar,equity,min_cvar,2022-02-07,-0.0009648784473107057
equity_min_cvar,equity,min_cvar,2022-02-08,-0.0037940597738271935
equity_min_cvar,equity,min_cvar,2022-02-09,0.010812939967127132
equity_min_cvar,equity,min_cvar,2022-02-10,-0.01645332839445651
equity_min_cvar,equity,min_cvar,2022-02-11,-0.006823757202634147
equity_min_cvar,equity,min_cvar,2022-02-14,-0.012049919504229798
equity_min_cvar,equity,min_cvar,2022-02-15,0.00443788447557225
equity_min_cvar,equity,min_cvar,2022-02-16,3.3466055794198534e-06
equity_min_cvar,equity,min_cvar,2022-02-17,-0.016818908988873428
equity_min_cvar,equity,min_cvar,2022-02-18,-0.006132993026269007
equity_min_cvar,equity,min_cvar,2022-02-22,-0.0076803153793567
equity_min_cvar,equity,min_cvar,2022-02-23,0.002331773419049179
equity_min_cvar,equity,min_cvar,2022-02-24,-0.0008839055497503226
equity_min_cvar,equity,min_cvar,2022-02-25,0.02559609872909673
equity_min_cvar,equity,min_cvar,2022-02-28,-0.008925822291847652
equity_min_cvar,equity,min_cvar,2022-03-01,-0.009764841324739686
equity_min_cvar,equity,min_cvar,2022-03-02,0.012139009256625428
equity_min_cvar,equity,min_cvar,2022-03-03,0.0017207140009689109
equity_min_cvar,equity,min_cvar,2022-03-04,-0.0015618000086477755
equity_min_cvar,equity,min_cvar,2022-03-07,-0.020428179774457104
equity_min_cvar,equity,min_cvar,2022-03-08,-0.02041098057407604
equity_min_cvar,equity,min_cvar,2022-03-09,0.011043613735393983
equity_min_cvar,equity,min_cvar,2022-03-10,-0.007576498415982469
equity_min_cvar,equity,min_cvar,2022-03-11,-0.006743315804594626
equity_min_cvar,equity,min_cvar,2022-03-14,-0.004754993839773875
equity_min_cvar,equity,min_cvar,2022-03-15,0.011463726221934475
equity_min_cvar,equity,min_cvar,2022-03-16,0.009861069035416564
equity_min_cvar,equity,min_cvar,2022-03-17,0.013813474791736119
equity_min_cvar,equity,min_cvar,2022-03-18,0.006964165919973672
equity_min_cvar,equity,min_cvar,2022-03-21,0.0014263406664776726
equity_min_cvar,equity,min_cvar,2022-03-22,0.007493989967101097
equity_min_cvar,equity,min_cvar,2022-03-23,-0.009923821397377844
equity_min_cvar,equity,min_cvar,2022-03-24,0.006276449546848899
equity_min_cvar,equity,min_cvar,2022-03-25,0.008426010481039288
equity_min_cvar,equity,min_cvar,2022-03-28,0.005818702344084598
equity_min_cvar,equity,min_cvar,2022-03-29,0.017530239710432678
equity_min_cvar,equity,min_cvar,2022-03-30,-0.00441168287249551
equity_min_cvar,equity,min_cvar,2022-03-31,-0.010101740708118812
equity_min_cvar,equity,min_cvar,2022-04-01,0.006616914931818051
equity_min_cvar,equity,min_cvar,2022-04-04,0.006837441569123325
equity_min_cvar,equity,min_cvar,2022-04-05,-0.005418199070881647
equity_min_cvar,equity,min_cvar,2022-04-06,0.009920429092825318
equity_min_cvar,equity,min_cvar,2022-04-07,0.004309395778511338
equity_min_cvar,equity,min_cvar,2022-04-08,0.005881585605220701
equity_min_cvar,equity,min_cvar,2022-04-11,-0.014068144192273382
equity_min_cvar,equity,min_cvar,2022-04-12,-0.0045198612598915415
equity_min_cvar,equity,min_cvar,2022-04-13,0.0007163674180823563
equity_min_cvar,equity,min_cvar,2022-04-14,-0.000881179118079827
equity_min_cvar,equity,min_cvar,2022-04-18,-0.00949092572840727
equity_min_cvar,equity,min_cvar,2022-04-19,0.01029484641282129
equity_min_cvar,equity,min_cvar,2022-04-20,-0.0002470428124206474
equity_min_cvar,equity,min_cvar,2022-04-21,-0.013000540859614123
equity_min_cvar,equity,min_cvar,2022-04-22,-0.016223825019368004
equity_min_cvar,equity,min_cvar,2022-04-25,0.0009449478554160814
equity_min_cvar,equity,min_cvar,2022-04-26,-0.006948872029223067
equity_min_cvar,equity,min_cvar,2022-04-27,-0.0011789664612995012
equity_min_cvar,equity,min_cvar,2022-04-28,0.010914817533754576
equity_min_cvar,equity,min_cvar,2022-04-29,-0.03323940501036388
equity_min_cvar,equity,min_cvar,2022-05-02,0.003010748325595032
equity_min_cvar,equity,min_cvar,2022-05-03,0.0007944998349355385
equity_min_cvar,equity,min_cvar,2022-05-04,0.029099206058160704
equity_min_cvar,equity,min_cvar,2022-05-05,-0.01956380881993374
equity_min_cvar,equity,min_cvar,2022-05-06,-0.010155134437976367
equity_min_cvar,equity,min_cvar,2022-05-09,-0.018013095895095043
equity_min_cvar,equity,min_cvar,2022-05-10,-0.010317180382028003
equity_min_cvar,equity,min_cvar,2022-05-11,0.007330335317094727
equity_min_cvar,equity,min_cvar,2022-05-12,0.010317590795302662
equity_min_cvar,equity,min_cvar,2022-05-13,0.011993272574716688
equity_min_cvar,equity,min_cvar,2022-05-16,0.003340606921717429
equity_min_cvar,equity,min_cvar,2022-05-17,0.01710249543746982
equity_min_cvar,equity,min_cvar,2022-05-18,-0.014045957376171413
equity_min_cvar,equity,min_cvar,2022-05-19,-0.00166625584232804
equity_min_cvar,equity,min_cvar,2022-05-20,0.001173346409044231
equity_min_cvar,equity,min_cvar,2022-05-23,0.014595257940551092
equity_min_cvar,equity,min_cvar,2022-05-24,0.007546752495484298
equity_min_cvar,equity,min_cvar,2022-05-25,0.005488750829982635
equity_min_cvar,equity,min_cvar,2022-05-26,0.0029240113650148853
equity_min_cvar,equity,min_cvar,2022-05-27,0.010719201564834309
equity_min_cvar,equity,min_cvar,2022-05-31,-0.006396198656351777
equity_min_cvar,equity,min_cvar,2022-06-01,-0.0029328658207541185
equity_min_cvar,equity,min_cvar,2022-06-02,0.00584125402469998
equity_min_cvar,equity,min_cvar,2022-06-03,-0.004734677312730971
equity_min_cvar,equity,min_cvar,2022-06-06,0.0007941806319726882
equity_min_cvar,equity,min_cvar,2022-06-07,0.00946964270695076
equity_min_cvar,equity,min_cvar,2022-06-08,-0.013690459784303003
equity_min_cvar,equity,min_cvar,2022-06-09,-0.02223213726529565
equity_min_cvar,equity,min_cvar,2022-06-10,-0.016996247103774943
equity_min_cvar,equity,min_cvar,2022-06-13,-0.0383036416903601
equity_min_cvar,equity,min_cvar,2022-06-14,-0.017977538228814965
equity_min_cvar,equity,min_cvar,2022-06-15,0.007374390465226916
equity_min_cvar,equity,min_cvar,2022-06-16,-0.015122222456077142
equity_min_cvar,equity,min_cvar,2022-06-17,0.0014664866472482458
equity_min_cvar,equity,min_cvar,2022-06-21,0.018483058469914472
equity_min_cvar,equity,min_cvar,2022-06-22,0.003108812431053372
equity_min_cvar,equity,min_cvar,2022-06-23,0.014866674818690827
equity_min_cvar,equity,min_cvar,2022-06-24,0.01748696428056375
equity_min_cvar,equity,min_cvar,2022-06-27,-0.004783483941439385
equity_min_cvar,equity,min_cvar,2022-06-28,-0.01254635894825289
equity_min_cvar,equity,min_cvar,2022-06-29,0.0015298133514969256
equity_min_cvar,equity,min_cvar,2022-06-30,-0.008266324258540743
equity_min_cvar,equity,min_cvar,2022-07-01,0.01609267637841594
equity_min_cvar,equity,min_cvar,2022-07-05,-0.00035043578298650264
equity_min_cvar,equity,min_cvar,2022-07-06,0.0010240772646411896
equity_min_cvar,equity,min_cvar,2022-07-07,0.002595912000056703
equity_min_cvar,equity,min_cvar,2022-07-08,-0.0019059301659231128
equity_min_cvar,equity,min_cvar,2022-07-11,-0.0010691088373092344
equity_min_cvar,equity,min_cvar,2022-07-12,-0.004863231360258564
equity_min_cvar,equity,min_cvar,2022-07-13,-0.002632824152312479
equity_min_cvar,equity,min_cvar,2022-07-14,-0.0018643152117006092
equity_min_cvar,equity,min_cvar,2022-07-15,0.01144760595156565
equity_min_cvar,equity,min_cvar,2022-07-18,-0.011808015721560415
equity_min_cvar,equity,min_cvar,2022-07-19,0.014948047959849418
equity_min_cvar,equity,min_cvar,2022-07-20,-0.003391976614188324
equity_min_cvar,equity,min_cvar,2022-07-21,0.00458733375297344
equity_min_cvar,equity,min_cvar,2022-07-22,0.0004438791755158166
equity_min_cvar,equity,min_cvar,2022-07-25,0.0014775482679668338
equity_min_cvar,equity,min_cvar,2022-07-26,-0.0031449356583683266
equity_min_cvar,equity,min_cvar,2022-07-27,0.001393870442439322
equity_min_cvar,equity,min_cvar,2022-07-28,0.008088442834371566
equity_min_cvar,equity,min_cvar,2022-07-29,0.00340715565037343
equity_min_cvar,equity,min_cvar,2022-08-01,-0.004734501068589298
equity_min_cvar,equity,min_cvar,2022-08-02,-0.006790057157860106
equity_min_cvar,equity,min_cvar,2022-08-03,0.01687713180112191
equity_min_cvar,equity,min_cvar,2022-08-04,-0.004999315715315492
equity_min_cvar,equity,min_cvar,2022-08-05,-0.005166607005948518
equity_min_cvar,equity,min_cvar,2022-08-08,0.0029635491405328833
equity_min_cvar,equity,min_cvar,2022-08-09,0.0014964598114796924
equity_min_cvar,equity,min_cvar,2022-08-10,0.012383343643830483
equity_min_cvar,equity,min_cvar,2022-08-11,-0.002900583921597142
equity_min_cvar,equity,min_cvar,2022-08-12,0.014354298817119788
equity_min_cvar,equity,min_cvar,2022-08-15,0.015255639722364272
equity_min_cvar,equity,min_cvar,2022-08-16,0.011028725533594226
equity_min_cvar,equity,min_cvar,2022-08-17,-0.0053550998944528454
equity_min_cvar,equity,min_cvar,2022-08-18,-0.0031856166579827747
equity_min_cvar,equity,min_cvar,2022-08-19,-0.004550085639434353
equity_min_cvar,equity,min_cvar,2022-08-22,-0.014656279985137851
equity_min_cvar,equity,min_cvar,2022-08-23,-0.006122379843671604
equity_min_cvar,equity,min_cvar,2022-08-24,0.0008765773499780125
equity_min_cvar,equity,min_cvar,2022-08-25,0.006380256329423444
equity_min_cvar,equity,min_cvar,2022-08-26,-0.012625884075993054
equity_min_cvar,equity,min_cvar,2022-08-29,-0.005020961217765631
equity_min_cvar,equity,min_cvar,2022-08-30,-0.008388110306521335
equity_min_cvar,equity,min_cvar,2022-08-31,-0.0013641855237309587
equity_min_cvar,equity,min_cvar,2022-09-01,0.013194889071450326
equity_min_cvar,equity,min_cvar,2022-09-02,-0.010337034778594274
equity_min_cvar,equity,min_cvar,2022-09-06,-0.0027941800766012903
equity_min_cvar,equity,min_cvar,2022-09-07,0.015992899942255764
equity_min_cvar,equity,min_cvar,2022-09-08,0.0037913672071093873
equity_min_cvar,equity,min_cvar,2022-09-09,0.008017226990607678
equity_min_cvar,equity,min_cvar,2022-09-12,0.011299216500863882
equity_min_cvar,equity,min_cvar,2022-09-13,-0.030152732580294047
equity_min_cvar,equity,min_cvar,2022-09-14,0.009301300673968121
equity_min_cvar,equity,min_cvar,2022-09-15,-0.010619263096603796
equity_min_cvar,equity,min_cvar,2022-09-16,0.0005924233764444783
equity_min_cvar,equity,min_cvar,2022-09-19,0.004093305718222922
equity_min_cvar,equity,min_cvar,2022-09-20,-0.014838903189460793
equity_min_cvar,equity,min_cvar,2022-09-21,-0.015261732446097347
equity_min_cvar,equity,min_cvar,2022-09-22,0.003284524680165112
equity_min_cvar,equity,min_cvar,2022-09-23,-0.016767666364265965
equity_min_cvar,equity,min_cvar,2022-09-26,-0.010374329473083595
equity_min_cvar,equity,min_cvar,2022-09-27,-0.004037383756366733
equity_min_cvar,equity,min_cvar,2022-09-28,0.02139535484714262
equity_min_cvar,equity,min_cvar,2022-09-29,-0.01628117967344463
equity_min_cvar,equity,min_cvar,2022-09-30,-0.01420805073220494
equity_min_cvar,equity,min_cvar,2022-10-03,0.026092722782555876
equity_min_cvar,equity,min_cvar,2022-10-04,0.01897357663267382
equity_min_cvar,equity,min_cvar,2022-10-05,-0.0013187605705190873
equity_min_cvar,equity,min_cvar,2022-10-06,-0.004429956543651284
equity_min_cvar,equity,min_cvar,2022-10-07,-0.015482566149092387
equity_min_cvar,equity,min_cvar,2022-10-10,0.004905775360013513
equity_min_cvar,equity,min_cvar,2022-10-11,0.013249083315791645
equity_min_cvar,equity,min_cvar,2022-10-12,-0.002160502350016019
equity_min_cvar,equity,min_cvar,2022-10-13,0.018921424495570154
equity_min_cvar,equity,min_cvar,2022-10-14,-0.009317688986308309
equity_min_cvar,equity,min_cvar,2022-10-17,0.011826203246022597
equity_min_cvar,equity,min_cvar,2022-10-18,0.00850996492247502
equity_min_cvar,equity,min_cvar,2022-10-19,-0.00999463154610878
equity_min_cvar,equity,min_cvar,2022-10-20,0.004044560833781593
equity_min_cvar,equity,min_cvar,2022-10-21,0.021660755502495473
equity_min_cvar,equity,min_cvar,2022-10-24,0.013370302837939194
equity_min_cvar,equity,min_cvar,2022-10-25,0.006446454727777835
equity_min_cvar,equity,min_cvar,2022-10-26,0.013121992673773387
equity_min_cvar,equity,min_cvar,2022-10-27,0.0005456781809325881
equity_min_cvar,equity,min_cvar,2022-10-28,0.016132134136596768
equity_min_cvar,equity,min_cvar,2022-10-31,-0.00878377704213332
equity_min_cvar,equity,min_cvar,2022-11-01,-0.0017123187230763236
equity_min_cvar,equity,min_cvar,2022-11-02,-0.0122949796076316
equity_min_cvar,equity,min_cvar,2022-11-03,-0.00877681296595573
equity_min_cvar,equity,min_cvar,2022-11-04,0.020763633127122975
equity_min_cvar,equity,min_cvar,2022-11-07,0.014120148560956836
equity_min_cvar,equity,min_cvar,2022-11-08,0.015108053842741258
equity_min_cvar,equity,min_cvar,2022-11-09,-0.010283304455882184
equity_min_cvar,equity,min_cvar,2022-11-10,0.023156960255146047
equity_min_cvar,equity,min_cvar,2022-11-11,-0.006549012013184332
equity_min_cvar,equity,min_cvar,2022-11-14,-0.0006671698484895312
equity_min_cvar,equity,min_cvar,2022-11-15,0.0013989454456138006
equity_min_cvar,equity,min_cvar,2022-11-16,0.0007905033254442416
equity_min_cvar,equity,min_cvar,2022-11-17,0.0038853461963950634
equity_min_cvar,equity,min_cvar,2022-11-18,0.00863584528482675
equity_min_cvar,equity,min_cvar,2022-11-21,0.002888403204060535
equity_min_cvar,equity,min_cvar,2022-11-22,0.009388184672321344
equity_min_cvar,equity,min_cvar,2022-11-23,0.0004313820429388567
equity_min_cvar,equity,min_cvar,2022-11-25,-0.00020869470363303198
equity_min_cvar,equity,min_cvar,2022-11-28,-0.007745559842514053
equity_min_cvar,equity,min_cvar,2022-11-29,0.0033295867653037655
equity_min_cvar,equity,min_cvar,2022-11-30,0.020198433273279377
equity_min_cvar,equity,min_cvar,2022-12-01,0.0005861488223421948
equity_min_cvar,equity,min_cvar,2022-12-02,0.002242795767699707
equity_min_cvar,equity,min_cvar,2022-12-05,-0.008899485848381955
equity_min_cvar,equity,min_cvar,2022-12-06,-0.007822724485606064
equity_min_cvar,equity,min_cvar,2022-12-07,0.0047412112167494955
equity_min_cvar,equity,min_cvar,2022-12-08,0.0026654069963591223
equity_min_cvar,equity,min_cvar,2022-12-09,-0.015729132129607956
equity_min_cvar,equity,min_cvar,2022-12-12,0.004832490986645437
equity_min_cvar,equity,min_cvar,2022-12-13,0.0022949444547455742
equity_min_cvar,equity,min_cvar,2022-12-14,-0.0015811970465376471
equity_min_cvar,equity,min_cvar,2022-12-15,-0.016477325699152823
equity_min_cvar,equity,min_cvar,2022-12-16,-0.004201246766661322
equity_min_cvar,equity,min_cvar,2022-12-19,-0.002517537771822167
equity_min_cvar,equity,min_cvar,2022-12-20,0.001139566750883662
equity_min_cvar,equity,min_cvar,2022-12-21,0.011964124722961078
equity_min_cvar,equity,min_cvar,2022-12-22,-0.004754105795207601
equity_min_cvar,equity,min_cvar,2022-12-23,0.0044546480811126846
equity_min_cvar,equity,min_cvar,2022-12-27,0.0013448655049308784
equity_min_cvar,equity,min_cvar,2022-12-28,-0.010702787913017512
equity_min_cvar,equity,min_cvar,2022-12-29,0.007627988971906298
equity_min_cvar,equity,min_cvar,2022-12-30,-0.0015513427718579194
equity_min_cvar,equity,min_cvar,2023-01-03,-0.0009163924274613908
equity_min_cvar,equity,min_cvar,2023-01-04,0.009334848392089952
equity_min_cvar,equity,min_cvar,2023-01-05,0.0008818813807570093
equity_min_cvar,equity,min_cvar,2023-01-06,0.015169541882218925
equity_min_cvar,equity,min_cvar,2023-01-09,-0.014844954045891473
equity_min_cvar,equity,min_cvar,2023-01-10,0.0018248848913419552
equity_min_cvar,equity,min_cvar,2023-01-11,0.006562459778143311
equity_min_cvar,equity,min_cvar,2023-01-12,-0.000484433333924687
equity_min_cvar,equity,min_cvar,2023-01-13,0.0006422131781249232
equity_min_cvar,equity,min_cvar,2023-01-17,-0.006146342878496242
equity_min_cvar,equity,min_cvar,2023-01-18,-0.016853738198882962
equity_min_cvar,equity,min_cvar,2023-01-19,-0.002799152886409937
equity_min_cvar,equity,min_cvar,2023-01-20,0.009157744060789397
equity_min_cvar,equity,min_cvar,2023-01-23,0.0013406932915627566
equity_min_cvar,equity,min_cvar,2023-01-24,-0.003206777701495486
equity_min_cvar,equity,min_cvar,2023-01-25,-0.0019613496352883088
equity_min_cvar,equity,min_cvar,2023-01-26,0.0018326077569343906
equity_min_cvar,equity,min_cvar,2023-01-27,-0.004766323391858585
equity_min_cvar,equity,min_cvar,2023-01-30,-0.003671871248442279
equity_min_cvar,equity,min_cvar,2023-01-31,0.008404874220221844
equity_min_cvar,equity,min_cvar,2023-02-01,-0.023835649272715743
equity_min_cvar,equity,min_cvar,2023-02-02,-0.012499033764113737
equity_min_cvar,equity,min_cvar,2023-02-03,-0.00834469067569796
equity_min_cvar,equity,min_cvar,2023-02-06,-0.0010367358175173923
equity_min_cvar,equity,min_cvar,2023-02-07,0.007602424885552671
equity_min_cvar,equity,min_cvar,2023-02-08,-0.006527321666188256
equity_min_cvar,equity,min_cvar,2023-02-09,-0.0025139092237106797
equity_min_cvar,equity,min_cvar,2023-02-10,0.013807570395409013
equity_min_cvar,equity,min_cvar,2023-02-13,0.00700615788937965
equity_min_cvar,equity,min_cvar,2023-02-14,-0.008601180505005912
equity_min_cvar,equity,min_cvar,2023-02-15,0.000500190296400265
equity_min_cvar,equity,min_cvar,2023-02-16,-0.012297186642642902
equity_min_cvar,equity,min_cvar,2023-02-17,0.011217690193430383
equity_min_cvar,equity,min_cvar,2023-02-21,-0.004277237198291317
equity_min_cvar,equity,min_cvar,2023-02-22,-0.0048686338607119625
equity_min_cvar,equity,min_cvar,2023-02-23,0.0029449201559524503
equity_min_cvar,equity,min_cvar,2023-02-24,-0.008252807537667195
equity_min_cvar,equity,min_cvar,2023-02-27,0.0004198358520167177
equity_min_cvar,equity,min_cvar,2023-02-28,-0.010301960539473198
equity_min_cvar,equity,min_cvar,2023-03-01,1.5533603679810325e-05
equity_min_cvar,equity,min_cvar,2023-03-02,0.004998126462347816
equity_min_cvar,equity,min_cvar,2023-03-03,0.005414002307443825
equity_min_cvar,equity,min_cvar,2023-03-06,0.007749344632817606
equity_min_cvar,equity,min_cvar,2023-03-07,-0.012689344701804743
equity_min_cvar,equity,min_cvar,2023-03-08,-0.00436538660971217
equity_min_cvar,equity,min_cvar,2023-03-09,-0.011282277583507009
equity_min_cvar,equity,min_cvar,2023-03-10,-0.006137318435186257
equity_min_cvar,equity,min_cvar,2023-03-13,0.010082192798604256
equity_min_cvar,equity,min_cvar,2023-03-14,0.0059598149728841135
equity_min_cvar,equity,min_cvar,2023-03-15,0.0063146782217955305
equity_min_cvar,equity,min_cvar,2023-03-16,-0.001018728064662632
equity_min_cvar,equity,min_cvar,2023-03-17,-0.012603735297656234
equity_min_cvar,equity,min_cvar,2023-03-20,0.013109656947497989
equity_min_cvar,equity,min_cvar,2023-03-21,-0.00504735824823261
equity_min_cvar,equity,min_cvar,2023-03-22,-0.015609736036991607
equity_min_cvar,equity,min_cvar,2023-03-23,0.006046040071570289
equity_min_cvar,equity,min_cvar,2023-03-24,0.01801160009980126
equity_min_cvar,equity,min_cvar,2023-03-27,0.0035971340157768656
equity_min_cvar,equity,min_cvar,2023-03-28,0.00019449001330632183
equity_min_cvar,equity,min_cvar,2023-03-29,0.0073709955825569055
equity_min_cvar,equity,min_cvar,2023-03-30,0.0054248337021395605
equity_min_cvar,equity,min_cvar,2023-03-31,0.007777302277276732
equity_min_cvar,equity,min_cvar,2023-04-03,0.009676154764754178
equity_min_cvar,equity,min_cvar,2023-04-04,0.00865111355130972
equity_min_cvar,equity,min_cvar,2023-04-05,0.01709429635699193
equity_min_cvar,equity,min_cvar,2023-04-06,0.0008994953812149912
equity_min_cvar,equity,min_cvar,2023-04-10,-0.003029068748319882
equity_min_cvar,equity,min_cvar,2023-04-11,-0.0020800995169680623
equity_min_cvar,equity,min_cvar,2023-04-12,0.0005004443489494385
equity_min_cvar,equity,min_cvar,2023-04-13,0.009311068588186864
equity_min_cvar,equity,min_cvar,2023-04-14,-0.006631765987832095
equity_min_cvar,equity,min_cvar,2023-04-17,-0.0010585469302157198
equity_min_cvar,equity,min_cvar,2023-04-18,-0.0008816542642138324
equity_min_cvar,equity,min_cvar,2023-04-19,-0.0007681111136146733
equity_min_cvar,equity,min_cvar,2023-04-20,-0.006954969637319586
equity_min_cvar,equity,min_cvar,2023-04-21,0.006326096309659487
equity_min_cvar,equity,min_cvar,2023-04-24,0.0016357891486123218
equity_min_cvar,equity,min_cvar,2023-04-25,0.00033958756757115444
equity_min_cvar,equity,min_cvar,2023-04-26,-0.02002770142339842
equity_min_cvar,equity,min_cvar,2023-04-27,0.012355951680311944
equity_min_cvar,equity,min_cvar,2023-04-28,0.0019698758088869256
equity_min_cvar,equity,min_cvar,2023-05-01,-9.632329875904874e-05
equity_min_cvar,equity,min_cvar,2023-05-02,-0.0067745075325151335
equity_min_cvar,equity,min_cvar,2023-05-03,-0.015696539066521572
equity_min_cvar,equity,min_cvar,2023-05-04,0.0031204992906260407
equity_min_cvar,equity,min_cvar,2023-05-05,0.013016880293734295
equity_min_cvar,equity,min_cvar,2023-05-08,3.659357861602024e-05
equity_min_cvar,equity,min_cvar,2023-05-09,-0.0041426054105575035
equity_min_cvar,equity,min_cvar,2023-05-10,0.0008868086484155532
equity_min_cvar,equity,min_cvar,2023-05-11,-0.004581393095536722
equity_min_cvar,equity,min_cvar,2023-05-12,0.0008313548522514167
equity_min_cvar,equity,min_cvar,2023-05-15,-0.0027537955372158606
equity_min_cvar,equity,min_cvar,2023-05-16,-0.015505354433163374
equity_min_cvar,equity,min_cvar,2023-05-17,-0.0018957452956996983
equity_min_cvar,equity,min_cvar,2023-05-18,-0.00029331800060091297
equity_min_cvar,equity,min_cvar,2023-05-19,-0.001450811012632992
equity_min_cvar,equity,min_cvar,2023-05-22,-0.004264534308584962
equity_min_cvar,equity,min_cvar,2023-05-23,-0.0067467519454543585
equity_min_cvar,equity,min_cvar,2023-05-24,-0.006105455065467757
equity_min_cvar,equity,min_cvar,2023-05-25,-0.014646863393329108
equity_min_cvar,equity,min_cvar,2023-05-26,0.0003443529632179647
equity_min_cvar,equity,min_cvar,2023-05-30,-0.0034251249224968435
equity_min_cvar,equity,min_cvar,2023-05-31,0.008215978629348098
equity_min_cvar,equity,min_cvar,2023-06-01,-0.0005174998807321747
equity_min_cvar,equity,min_cvar,2023-06-02,0.012340812617711637
equity_min_cvar,equity,min_cvar,2023-06-05,0.0012542050352077703
equity_min_cvar,equity,min_cvar,2023-06-06,-0.007400826288001729
equity_min_cvar,equity,min_cvar,2023-06-07,0.0006347672335357967
equity_min_cvar,equity,min_cvar,2023-06-08,0.0077315266687325475
equity_min_cvar,equity,min_cvar,2023-06-09,0.0008694695356617429
equity_min_cvar,equity,min_cvar,2023-06-12,-0.001374846371824146
equity_min_cvar,equity,min_cvar,2023-06-13,0.00516030523481128
equity_min_cvar,equity,min_cvar,2023-06-14,0.002536702645748108
equity_min_cvar,equity,min_cvar,2023-06-15,0.007557166594445013
equity_min_cvar,equity,min_cvar,2023-06-16,-0.0002466540762011129
equity_min_cvar,equity,min_cvar,2023-06-20,-0.007155218530605526
equity_min_cvar,equity,min_cvar,2023-06-21,-0.0014559501265745726
equity_min_cvar,equity,min_cvar,2023-06-22,0.007986472838751492
equity_min_cvar,equity,min_cvar,2023-06-23,-0.004435340159544578
equity_min_cvar,equity,min_cvar,2023-06-26,0.0014328442981119808
equity_min_cvar,equity,min_cvar,2023-06-27,0.003668146776158328
equity_min_cvar,equity,min_cvar,2023-06-28,-0.0038275550662982133
equity_min_cvar,equity,min_cvar,2023-06-29,-0.0008680185338948686
equity_min_cvar,equity,min_cvar,2023-06-30,0.007938932553046476
equity_min_cvar,equity,min_cvar,2023-07-03,0.0032031600334689195
equity_min_cvar,equity,min_cvar,2023-07-05,0.001150465524820785
equity_min_cvar,equity,min_cvar,2023-07-06,-0.007520892020907272
equity_min_cvar,equity,min_cvar,2023-07-07,-0.013396611348767334
equity_min_cvar,equity,min_cvar,2023-07-10,0.0024635310623447974
equity_min_cvar,equity,min_cvar,2023-07-11,0.010532262626707471
equity_min_cvar,equity,min_cvar,2023-07-12,-0.0014901042075571367
equity_min_cvar,equity,min_cvar,2023-07-13,0.0014151678451818184
equity_min_cvar,equity,min_cvar,2023-07-14,0.004000673246777515
equity_min_cvar,equity,min_cvar,2023-07-17,-0.005084024255383731
equity_min_cvar,equity,min_cvar,2023-07-18,-0.0008501953351810603
equity_min_cvar,equity,min_cvar,2023-07-19,0.004813421972639081
equity_min_cvar,equity,min_cvar,2023-07-20,0.011469861450965206
equity_min_cvar,equity,min_cvar,2023-07-21,0.007809483425836032
equity_min_cvar,equity,min_cvar,2023-07-24,0.0007513024366029613
equity_min_cvar,equity,min_cvar,2023-07-25,-0.002957079025597812
equity_min_cvar,equity,min_cvar,2023-07-26,0.0021301116145883503
equity_min_cvar,equity,min_cvar,2023-07-27,-0.008192183688303562
equity_min_cvar,equity,min_cvar,2023-07-28,0.0019939047487221567
equity_min_cvar,equity,min_cvar,2023-07-31,-0.002984977613311139
equity_min_cvar,equity,min_cvar,2023-08-01,-0.00709038860554043
equity_min_cvar,equity,min_cvar,2023-08-02,-0.01035203111117829
equity_min_cvar,equity,min_cvar,2023-08-03,-0.008274904848948715
equity_min_cvar,equity,min_cvar,2023-08-04,-0.007271851736599399
equity_min_cvar,equity,min_cvar,2023-08-07,0.011125865889068427
equity_min_cvar,equity,min_cvar,2023-08-08,-0.0034627479713626027
equity_min_cvar,equity,min_cvar,2023-08-09,0.002196847863190194
equity_min_cvar,equity,min_cvar,2023-08-10,-0.0023647016898687076
equity_min_cvar,equity,min_cvar,2023-08-11,0.006029643932153825
equity_min_cvar,equity,min_cvar,2023-08-14,-0.000362267150468847
equity_min_cvar,equity,min_cvar,2023-08-15,-0.006916408883346394
equity_min_cvar,equity,min_cvar,2023-08-16,-0.0027409995806475613
equity_min_cvar,equity,min_cvar,2023-08-17,-0.006237993306179099
equity_min_cvar,equity,min_cvar,2023-08-18,0.002894188961708845
equity_min_cvar,equity,min_cvar,2023-08-21,-0.002258775756011923
equity_min_cvar,equity,min_cvar,2023-08-22,-0.0053922909170378295
equity_min_cvar,equity,min_cvar,2023-08-23,0.012722476889622157
equity_min_cvar,equity,min_cvar,2023-08-24,-0.009961619548776323
equity_min_cvar,equity,min_cvar,2023-08-25,0.0023972129000777243
equity_min_cvar,equity,min_cvar,2023-08-28,0.002407971575834127
equity_min_cvar,equity,min_cvar,2023-08-29,0.007818589809575522
equity_min_cvar,equity,min_cvar,2023-08-30,0.0018780757272868834
equity_min_cvar,equity,min_cvar,2023-08-31,-0.006050068780108069
equity_min_cvar,equity,min_cvar,2023-09-01,0.0026959246779797424
equity_min_cvar,equity,min_cvar,2023-09-05,-0.012227062518986264
equity_min_cvar,equity,min_cvar,2023-09-06,-0.003463065225847717
equity_min_cvar,equity,min_cvar,2023-09-07,0.008480387778129388
equity_min_cvar,equity,min_cvar,2023-09-08,0.005218546238979898
equity_min_cvar,equity,min_cvar,2023-09-11,0.0024549885593825862
equity_min_cvar,equity,min_cvar,2023-09-12,0.00226467133419077
equity_min_cvar,equity,min_cvar,2023-09-13,0.0014998961421575055
equity_min_cvar,equity,min_cvar,2023-09-14,0.0065906127364688885
equity_min_cvar,equity,min_cvar,2023-09-15,-0.008152668174961374
equity_min_cvar,equity,min_cvar,2023-09-18,-0.00109882307150002
equity_min_cvar,equity,min_cvar,2023-09-19,-0.0012869671386586251
equity_min_cvar,equity,min_cvar,2023-09-20,-0.002028598964295584
equity_min_cvar,equity,min_cvar,2023-09-21,-0.01502683191591211
equity_min_cvar,equity,min_cvar,2023-09-22,-0.0031653461310699347
equity_min_cvar,equity,min_cvar,2023-09-25,-0.0010926628309916016
equity_min_cvar,equity,min_cvar,2023-09-26,-0.00862670992849149
equity_min_cvar,equity,min_cvar,2023-09-27,-0.007075504162653793
equity_min_cvar,equity,min_cvar,2023-09-28,0.0035411374539942
equity_min_cvar,equity,min_cvar,2023-09-29,-0.006281235756178021
equity_min_cvar,equity,min_cvar,2023-10-02,-0.005232096653310515
equity_min_cvar,equity,min_cvar,2023-10-03,-0.013362433241184414
equity_min_cvar,equity,min_cvar,2023-10-04,0.006781841606257525
equity_min_cvar,equity,min_cvar,2023-10-05,-0.0040927741680238305
equity_min_cvar,equity,min_cvar,2023-10-06,0.005690888447476173
equity_min_cvar,equity,min_cvar,2023-10-09,0.005883008960860753
equity_min_cvar,equity,min_cvar,2023-10-10,0.00743680703508481
equity_min_cvar,equity,min_cvar,2023-10-11,0.0016618730883887246
equity_min_cvar,equity,min_cvar,2023-10-12,-0.004768754126830942
equity_min_cvar,equity,min_cvar,2023-10-13,0.0025331464954210783
equity_min_cvar,equity,min_cvar,2023-10-16,0.007956813226336025
equity_min_cvar,equity,min_cvar,2023-10-17,-0.000793522931019133
equity_min_cvar,equity,min_cvar,2023-10-18,-0.010432893799293881
equity_min_cvar,equity,min_cvar,2023-10-19,-0.01039859106421566
equity_min_cvar,equity,min_cvar,2023-10-20,0.0009637639224903646
equity_min_cvar,equity,min_cvar,2023-10-23,-0.00020148439408660453
equity_min_cvar,equity,min_cvar,2023-10-24,0.010888884586597612
equity_min_cvar,equity,min_cvar,2023-10-25,-0.0032160708854523283
equity_min_cvar,equity,min_cvar,2023-10-26,-0.004242734980324144
equity_min_cvar,equity,min_cvar,2023-10-27,-0.015444505021487224
equity_min_cvar,equity,min_cvar,2023-10-30,0.00761877654024764
equity_min_cvar,equity,min_cvar,2023-10-31,0.006578434951766139
equity_min_cvar,equity,min_cvar,2023-11-01,0.007168783270744688
equity_min_cvar,equity,min_cvar,2023-11-02,0.010456865310680886
equity_min_cvar,equity,min_cvar,2023-11-03,0.00441701283908725
equity_min_cvar,equity,min_cvar,2023-11-06,-0.00146944204596223
equity_min_cvar,equity,min_cvar,2023-11-07,-0.00018340359339902355
equity_min_cvar,equity,min_cvar,2023-11-08,-0.004499857411943149
equity_min_cvar,equity,min_cvar,2023-11-09,-0.006847088288281754
equity_min_cvar,equity,min_cvar,2023-11-10,0.006968747200892878
equity_min_cvar,equity,min_cvar,2023-11-13,-0.0008420938990363763
equity_min_cvar,equity,min_cvar,2023-11-14,0.007731058429862978
equity_min_cvar,equity,min_cvar,2023-11-15,0.0026895305450227707
equity_min_cvar,equity,min_cvar,2023-11-16,-0.005658100774322921
equity_min_cvar,equity,min_cvar,2023-11-17,0.0005210682385382363
equity_min_cvar,equity,min_cvar,2023-11-20,0.004772048564023652
equity_min_cvar,equity,min_cvar,2023-11-21,0.0008038452407905837
equity_min_cvar,equity,min_cvar,2023-11-22,0.0008019498003176122
equity_min_cvar,equity,min_cvar,2023-11-24,0.002361369768832446
equity_min_cvar,equity,min_cvar,2023-11-27,-0.0009684492274899007
equity_min_cvar,equity,min_cvar,2023-11-28,-0.0008755364053099808
equity_min_cvar,equity,min_cvar,2023-11-29,5.417513142214189e-05
equity_min_cvar,equity,min_cvar,2023-11-30,0.008977189754463677
equity_min_cvar,equity,min_cvar,2023-12-01,0.0041086495008377565
equity_min_cvar,equity,min_cvar,2023-12-04,0.0025804082340967747
equity_min_cvar,equity,min_cvar,2023-12-05,0.0004899165220863942
equity_min_cvar,equity,min_cvar,2023-12-06,0.0013806020933122682
equity_min_cvar,equity,min_cvar,2023-12-07,5.773384823818848e-05
equity_min_cvar,equity,min_cvar,2023-12-08,0.00042696859355103754
equity_min_cvar,equity,min_cvar,2023-12-11,0.008776291558581542
equity_min_cvar,equity,min_cvar,2023-12-12,0.004735354975494807
equity_min_cvar,equity,min_cvar,2023-12-13,0.013774232866888622
equity_min_cvar,equity,min_cvar,2023-12-14,-0.0075987372127331075
equity_min_cvar,equity,min_cvar,2023-12-15,-0.0049489813582171025
equity_min_cvar,equity,min_cvar,2023-12-18,0.004398101831844099
equity_min_cvar,equity,min_cvar,2023-12-19,0.0005534904157693031
equity_min_cvar,equity,min_cvar,2023-12-20,-0.01411807117861048
equity_min_cvar,equity,min_cvar,2023-12-21,0.005339844257013903
equity_min_cvar,equity,min_cvar,2023-12-22,0.0059582602552639445
equity_min_cvar,equity,min_cvar,2023-12-26,0.0028995063330663484
equity_min_cvar,equity,min_cvar,2023-12-27,0.0032428135283006313
equity_min_cvar,equity,min_cvar,2023-12-28,0.003212545514113509
equity_min_cvar,equity,min_cvar,2023-12-29,0.0016670791169028606
crypto_equal_weight,crypto,equal_weight,2021-01-01,0.011329133285298942
crypto_equal_weight,crypto,equal_weight,2021-01-02,0.019978567082061756
crypto_equal_weight,crypto,equal_weight,2021-01-03,0.11648313458836891
crypto_equal_weight,crypto,equal_weight,2021-01-04,0.04302587474388934
crypto_equal_weight,crypto,equal_weight,2021-01-05,0.04815782515532088
crypto_equal_weight,crypto,equal_weight,2021-01-06,0.1901936330939375
crypto_equal_weight,crypto,equal_weight,2021-01-07,-0.0025068850555913062
crypto_equal_weight,crypto,equal_weight,2021-01-08,-0.008428588309419711
crypto_equal_weight,crypto,equal_weight,2021-01-09,0.07992079206480074
crypto_equal_weight,crypto,equal_weight,2021-01-10,-0.03004424938471311
crypto_equal_weight,crypto,equal_weight,2021-01-11,-0.12682212305461504
crypto_equal_weight,crypto,equal_weight,2021-01-12,-0.014374768661355005
crypto_equal_weight,crypto,equal_weight,2021-01-13,0.0823804928059202
crypto_equal_weight,crypto,equal_weight,2021-01-14,0.018401665009803524
crypto_equal_weight,crypto,equal_weight,2021-01-15,-0.04096622476883907
crypto_equal_weight,crypto,equal_weight,2021-01-16,0.031428311360566195
crypto_equal_weight,crypto,equal_weight,2021-01-17,0.008601021522056756
crypto_equal_weight,crypto,equal_weight,2021-01-18,0.02078919046585746
crypto_equal_weight,crypto,equal_weight,2021-01-19,0.009739555911656511
crypto_equal_weight,crypto,equal_weight,2021-01-20,-0.005084207126728092
crypto_equal_weight,crypto,equal_weight,2021-01-21,-0.13632142136362066
crypto_equal_weight,crypto,equal_weight,2021-01-22,0.06542067991706757
crypto_equal_weight,crypto,equal_weight,2021-01-23,-0.003370614543124268
crypto_equal_weight,crypto,equal_weight,2021-01-24,0.030097130985485887
crypto_equal_weight,crypto,equal_weight,2021-01-25,-0.02453635701903001
crypto_equal_weight,crypto,equal_weight,2021-01-26,-0.0011297461414654084
crypto_equal_weight,crypto,equal_weight,2021-01-27,-0.07662081540181953
crypto_equal_weight,crypto,equal_weight,2021-01-28,0.10099905186354681
crypto_equal_weight,crypto,equal_weight,2021-01-29,0.025439361240874876
crypto_equal_weight,crypto,equal_weight,2021-01-30,0.07253570940506218
crypto_equal_weight,crypto,equal_weight,2021-01-31,-0.01632934939510538
crypto_equal_weight,crypto,equal_weight,2021-02-01,0.018638160220836718
crypto_equal_weight,crypto,equal_weight,2021-02-02,0.042433276503177984
crypto_equal_weight,crypto,equal_weight,2021-02-03,0.04689380394391243
crypto_equal_weight,crypto,equal_weight,2021-02-04,-0.022295607178778383
crypto_equal_weight,crypto,equal_weight,2021-02-05,0.0874608026214741
crypto_equal_weight,crypto,equal_weight,2021-02-06,0.0275719110509996
crypto_equal_weight,crypto,equal_weight,2021-02-07,0.00019944480526961055
crypto_equal_weight,crypto,equal_weight,2021-02-08,0.0776056515364658
crypto_equal_weight,crypto,equal_weight,2021-02-09,0.0625844262586896
crypto_equal_weight,crypto,equal_weight,2021-02-10,0.055186137579711
crypto_equal_weight,crypto,equal_weight,2021-02-11,0.07265675787478856
crypto_equal_weight,crypto,equal_weight,2021-02-12,0.04505755537995468
crypto_equal_weight,crypto,equal_weight,2021-02-13,0.09119036415089893
crypto_equal_weight,crypto,equal_weight,2021-02-14,-0.033388878029242564
crypto_equal_weight,crypto,equal_weight,2021-02-15,-0.04309076243020998
crypto_equal_weight,crypto,equal_weight,2021-02-16,-0.0008328998028954647
crypto_equal_weight,crypto,equal_weight,2021-02-17,0.041589772789004546
crypto_equal_weight,crypto,equal_weight,2021-02-18,0.002780592962763938
crypto_equal_weight,crypto,equal_weight,2021-02-19,0.04636719416163362
crypto_equal_weight,crypto,equal_weight,2021-02-20,-0.003743365890648798
crypto_equal_weight,crypto,equal_weight,2021-02-21,0.01954559598707776
crypto_equal_weight,crypto,equal_weight,2021-02-22,-0.06251218887363903
crypto_equal_weight,crypto,equal_weight,2021-02-23,-0.15607592423886776
crypto_equal_weight,crypto,equal_weight,2021-02-24,0.04698911565310231
crypto_equal_weight,crypto,equal_weight,2021-02-25,-0.043451980032714874
crypto_equal_weight,crypto,equal_weight,2021-02-26,0.020954801133944784
crypto_equal_weight,crypto,equal_weight,2021-02-27,0.03707054103927273
crypto_equal_weight,crypto,equal_weight,2021-02-28,-0.03878448741791681
crypto_equal_weight,crypto,equal_weight,2021-03-01,0.06607202453353705
crypto_equal_weight,crypto,equal_weight,2021-03-02,-0.0157906759639014
crypto_equal_weight,crypto,equal_weight,2021-03-03,0.03360946653570951
crypto_equal_weight,crypto,equal_weight,2021-03-04,-0.014803966327147302
crypto_equal_weight,crypto,equal_weight,2021-03-05,-0.010203817225251927
crypto_equal_weight,crypto,equal_weight,2021-03-06,0.010593244266252348
crypto_equal_weight,crypto,equal_weight,2021-03-07,0.029012435833162275
crypto_equal_weight,crypto,equal_weight,2021-03-08,0.018834782666280483
crypto_equal_weight,crypto,equal_weight,2021-03-09,0.04192374196527223
crypto_equal_weight,crypto,equal_weight,2021-03-10,-0.027403279685151577
crypto_equal_weight,crypto,equal_weight,2021-03-11,0.0033366522930260677
crypto_equal_weight,crypto,equal_weight,2021-03-12,-0.017533039571117803
crypto_equal_weight,crypto,equal_weight,2021-03-13,0.07910832647892162
crypto_equal_weight,crypto,equal_weight,2021-03-14,-0.04867514984860218
crypto_equal_weight,crypto,equal_weight,2021-03-15,-0.038070215698098445
crypto_equal_weight,crypto,equal_weight,2021-03-16,0.037192086454468046
crypto_equal_weight,crypto,equal_weight,2021-03-17,0.029040809625405874
crypto_equal_weight,crypto,equal_weight,2021-03-18,-0.022216277961206336
crypto_equal_weight,crypto,equal_weight,2021-03-19,0.018726672040966737
crypto_equal_weight,crypto,equal_weight,2021-03-20,0.018628799989579704
crypto_equal_weight,crypto,equal_weight,2021-03-21,-0.015429281330189197
crypto_equal_weight,crypto,equal_weight,2021-03-22,-0.029572436912092933
crypto_equal_weight,crypto,equal_weight,2021-03-23,0.006650384194363037
crypto_equal_weight,crypto,equal_weight,2021-03-24,-0.06784182680350048
crypto_equal_weight,crypto,equal_weight,2021-03-25,-0.0013490939737459597
crypto_equal_weight,crypto,equal_weight,2021-03-26,0.0886851296528773
crypto_equal_weight,crypto,equal_weight,2021-03-27,-0.008770627114790602
crypto_equal_weight,crypto,equal_weight,2021-03-28,0.0030230075943525445
crypto_equal_weight,crypto,equal_weight,2021-03-29,0.038142830540906496
crypto_equal_weight,crypto,equal_weight,2021-03-30,0.013792468763032372
crypto_equal_weight,crypto,equal_weight,2021-03-31,0.07476771195515644
crypto_equal_weight,crypto,equal_weight,2021-04-01,0.028439295434994006
crypto_equal_weight,crypto,equal_weight,2021-04-02,0.054409334583472586
crypto_equal_weight,crypto,equal_weight,2021-04-03,-0.053763614136329886
crypto_equal_weight,crypto,equal_weight,2021-04-04,0.08312106981173764
crypto_equal_weight,crypto,equal_weight,2021-04-05,0.11225292552187854
crypto_equal_weight,crypto,equal_weight,2021-04-06,0.036142698558448594
crypto_equal_weight,crypto,equal_weight,2021-04-07,-0.08315578674027276
crypto_equal_weight,crypto,equal_weight,2021-04-08,0.07009089363991487
crypto_equal_weight,crypto,equal_weight,2021-04-09,-0.028058323803886114
crypto_equal_weight,crypto,equal_weight,2021-04-10,0.11626167171656934
crypto_equal_weight,crypto,equal_weight,2021-04-11,0.009002524960666083
crypto_equal_weight,crypto,equal_weight,2021-04-12,0.006211073995938825
crypto_equal_weight,crypto,equal_weight,2021-04-13,0.12214741351676295
crypto_equal_weight,crypto,equal_weight,2021-04-14,0.024907898584088397
crypto_equal_weight,crypto,equal_weight,2021-04-15,0.05373610996064109
crypto_equal_weight,crypto,equal_weight,2021-04-16,0.04859914615127715
crypto_equal_weight,crypto,equal_weight,2021-04-17,-0.030702439709608346
crypto_equal_weight,crypto,equal_weight,2021-04-18,-0.07293856861006166
crypto_equal_weight,crypto,equal_weight,2021-04-19,-0.06816358736362857
crypto_equal_weight,crypto,equal_weight,2021-04-20,0.0320899481763733
crypto_equal_weight,crypto,equal_weight,2021-04-21,-0.04323321582231857
crypto_equal_weight,crypto,equal_weight,2021-04-22,-0.047468766153647805
crypto_equal_weight,crypto,equal_weight,2021-04-23,-0.016845975433996952
crypto_equal_weight,crypto,equal_weight,2021-04-24,-0.0741110252564574
crypto_equal_weight,crypto,equal_weight,2021-04-25,-0.00945155300664822
crypto_equal_weight,crypto,equal_weight,2021-04-26,0.15856508535725067
crypto_equal_weight,crypto,equal_weight,2021-04-27,0.040631127405878695
crypto_equal_weight,crypto,equal_weight,2021-04-28,0.0024278948745885646
crypto_equal_weight,crypto,equal_weight,2021-04-29,-0.007972902053029925
crypto_equal_weight,crypto,equal_weight,2021-04-30,0.08013744959907076
crypto_equal_weight,crypto,equal_weight,2021-05-01,0.03980355255574375
crypto_equal_weight,crypto,equal_weight,2021-05-02,-0.014113971477798245
crypto_equal_weight,crypto,equal_weight,2021-05-03,0.058453226025894665
crypto_equal_weight,crypto,equal_weight,2021-05-04,-0.008633521529168093
crypto_equal_weight,crypto,equal_weight,2021-05-05,0.2410064826871656
crypto_equal_weight,crypto,equal_weight,2021-05-06,0.13259436876285624
crypto_equal_weight,crypto,equal_weight,2021-05-07,-0.052621742280351415
crypto_equal_weight,crypto,equal_weight,2021-05-08,0.021109443986682713
crypto_equal_weight,crypto,equal_weight,2021-05-09,0.004464534576347711
crypto_equal_weight,crypto,equal_weight,2021-05-10,-0.06965668028978685
crypto_equal_weight,crypto,equal_weight,2021-05-11,0.12497411941651485
crypto_equal_weight,crypto,equal_weight,2021-05-12,-0.19582912862675206
crypto_equal_weight,crypto,equal_weight,2021-05-13,0.06058256981134173
crypto_equal_weight,crypto,equal_weight,2021-05-14,0.06845052053490629
crypto_equal_weight,crypto,equal_weight,2021-05-15,-0.04791199691431045
crypto_equal_weight,crypto,equal_weight,2021-05-16,0.0037696981642215575
crypto_equal_weight,crypto,equal_weight,2021-05-17,-0.06943475517465443
crypto_equal_weight,crypto,equal_weight,2021-05-18,0.012522522978504428
crypto_equal_weight,crypto,equal_weight,2021-05-19,-0.3101348275898791
crypto_equal_weight,crypto,equal_weight,2021-05-20,0.15952114886033336
crypto_equal_weight,crypto,equal_weight,2021-05-21,-0.1414359185951279
crypto_equal_weight,crypto,equal_weight,2021-05-22,-0.06515879961807042
crypto_equal_weight,crypto,equal_weight,2021-05-23,-0.11060563193142464
crypto_equal_weight,crypto,equal_weight,2021-05-24,0.26650338931206163
crypto_equal_weight,crypto,equal_weight,2021-05-25,0.012343227892361777
crypto_equal_weight,crypto,equal_weight,2021-05-26,0.06741164816493043
crypto_equal_weight,crypto,equal_weight,2021-05-27,-0.040898304759398554
crypto_equal_weight,crypto,equal_weight,2021-05-28,-0.08524567084891002
crypto_equal_weight,crypto,equal_weight,2021-05-29,-0.05683879164259027
crypto_equal_weight,crypto,equal_weight,2021-05-30,0.04559917105615809
crypto_equal_weight,crypto,equal_weight,2021-05-31,0.08775179669651513
crypto_equal_weight,crypto,equal_weight,2021-06-01,-0.019186745025294896
crypto_equal_weight,crypto,equal_weight,2021-06-02,0.015626877265464665
crypto_equal_weight,crypto,equal_weight,2021-06-03,0.03424749557200061
crypto_equal_weight,crypto,equal_weight,2021-06-04,-0.07006971999786088
crypto_equal_weight,crypto,equal_weight,2021-06-05,-0.031362478768884726
crypto_equal_weight,crypto,equal_weight,2021-06-06,0.017950404525479545
crypto_equal_weight,crypto,equal_weight,2021-06-07,-0.08198021957353699
crypto_equal_weight,crypto,equal_weight,2021-06-08,-0.001038112463606914
crypto_equal_weight,crypto,equal_weight,2021-06-09,0.05651683176714644
crypto_equal_weight,crypto,equal_weight,2021-06-10,-0.046391353557119486
crypto_equal_weight,crypto,equal_weight,2021-06-11,-0.034209328348716705
crypto_equal_weight,crypto,equal_weight,2021-06-12,-0.006958643277384331
crypto_equal_weight,crypto,equal_weight,2021-06-13,0.06112587091992076
crypto_equal_weight,crypto,equal_weight,2021-06-14,0.012509749058359915
crypto_equal_weight,crypto,equal_weight,2021-06-15,0.01239332240661347
crypto_equal_weight,crypto,equal_weight,2021-06-16,-0.06931794261698106
crypto_equal_weight,crypto,equal_weight,2021-06-17,0.009857307471182547
crypto_equal_weight,crypto,equal_weight,2021-06-18,-0.057730037913890496
crypto_equal_weight,crypto,equal_weight,2021-06-19,-0.019957523844990846
crypto_equal_weight,crypto,equal_weight,2021-06-20,0.010979299105752946
crypto_equal_weight,crypto,equal_weight,2021-06-21,-0.18768992112529972
crypto_equal_weight,crypto,equal_weight,2021-06-22,-0.03174343261638165
crypto_equal_weight,crypto,equal_weight,2021-06-23,0.0818916449508361
crypto_equal_weight,crypto,equal_weight,2021-06-24,0.060706007935480304
crypto_equal_weight,crypto,equal_weight,2021-06-25,-0.08012658694113754
crypto_equal_weight,crypto,equal_weight,2021-06-26,0.012000107318303645
crypto_equal_weight,crypto,equal_weight,2021-06-27,0.05398666620402331
crypto_equal_weight,crypto,equal_weight,2021-06-28,0.01783018959553723
crypto_equal_weight,crypto,equal_weight,2021-06-29,0.07125338589155047
crypto_equal_weight,crypto,equal_weight,2021-06-30,0.00971560969438228
crypto_equal_weight,crypto,equal_weight,2021-07-01,-0.052857881690813346
crypto_equal_weight,crypto,equal_weight,2021-07-02,0.006686095404616589
crypto_equal_weight,crypto,equal_weight,2021-07-03,0.022580575165100036
crypto_equal_weight,crypto,equal_weight,2021-07-04,0.02193925610721183
crypto_equal_weight,crypto,equal_weight,2021-07-05,-0.04748763759147955
crypto_equal_weight,crypto,equal_weight,2021-07-06,0.018147208065213985
crypto_equal_weight,crypto,equal_weight,2021-07-07,-0.013438759111609204
crypto_equal_weight,crypto,equal_weight,2021-07-08,-0.05013691830517991
crypto_equal_weight,crypto,equal_weight,2021-07-09,0.03211209925567648
crypto_equal_weight,crypto,equal_weight,2021-07-10,-0.01645224974023969
crypto_equal_weight,crypto,equal_weight,2021-07-11,0.011145169885343656
crypto_equal_weight,crypto,equal_weight,2021-07-12,-0.02113874697701458
crypto_equal_weight,crypto,equal_weight,2021-07-13,-0.033091580497293105
crypto_equal_weight,crypto,equal_weight,2021-07-14,0.004873767237775258
crypto_equal_weight,crypto,equal_weight,2021-07-15,-0.0335934437039468
crypto_equal_weight,crypto,equal_weight,2021-07-16,-0.024211746396026197
crypto_equal_weight,crypto,equal_weight,2021-07-17,-0.0021712537709931462
crypto_equal_weight,crypto,equal_weight,2021-07-18,0.002845497434809493
crypto_equal_weight,crypto,equal_weight,2021-07-19,-0.04873779067684787
crypto_equal_weight,crypto,equal_weight,2021-07-20,-0.03978059603760934
crypto_equal_weight,crypto,equal_weight,2021-07-21,0.08403755994558007
crypto_equal_weight,crypto,equal_weight,2021-07-22,0.03456012906450563
crypto_equal_weight,crypto,equal_weight,2021-07-23,0.030094808999921747
crypto_equal_weight,crypto,equal_weight,2021-07-24,0.020183893518800435
crypto_equal_weight,crypto,equal_weight,2021-07-25,-0.0010969836537202899
crypto_equal_weight,crypto,equal_weight,2021-07-26,0.024400455449786963
crypto_equal_weight,crypto,equal_weight,2021-07-27,0.027187915098256788
crypto_equal_weight,crypto,equal_weight,2021-07-28,0.025537003755347287
crypto_equal_weight,crypto,equal_weight,2021-07-29,0.01854916008292532
crypto_equal_weight,crypto,equal_weight,2021-07-30,0.029352877607582574
crypto_equal_weight,crypto,equal_weight,2021-07-31,0.0045100257800677005
crypto_equal_weight,crypto,equal_weight,2021-08-01,-0.022758807451950847
crypto_equal_weight,crypto,equal_weight,2021-08-02,0.010521937802251366
crypto_equal_weight,crypto,equal_weight,2021-08-03,-0.015478056559122055
crypto_equal_weight,crypto,equal_weight,2021-08-04,0.03579295279039597
crypto_equal_weight,crypto,equal_weight,2021-08-05,0.01656310963111332
crypto_equal_weight,crypto,equal_weight,2021-08-06,0.0223441386279751
crypto_equal_weight,crypto,equal_weight,2021-08-07,0.07046284962276333
crypto_equal_weight,crypto,equal_weight,2021-08-08,-0.04500642631501975
crypto_equal_weight,crypto,equal_weight,2021-08-09,0.053217134113670087
crypto_equal_weight,crypto,equal_weight,2021-08-10,0.01865412143785987
crypto_equal_weight,crypto,equal_weight,2021-08-11,0.06303866999996552
crypto_equal_weight,crypto,equal_weight,2021-08-12,-0.021396857726831815
crypto_equal_weight,crypto,equal_weight,2021-08-13,0.10170474778721937
crypto_equal_weight,crypto,equal_weight,2021-08-14,0.04765728939512952
crypto_equal_weight,crypto,equal_weight,2021-08-15,0.01788458424238888
crypto_equal_weight,crypto,equal_weight,2021-08-16,-0.045386548201094445
crypto_equal_weight,crypto,equal_weight,2021-08-17,-0.066262921474161
crypto_equal_weight,crypto,equal_weight,2021-08-18,0.015385365881304836
crypto_equal_weight,crypto,equal_weight,2021-08-19,0.06510466016680451
crypto_equal_weight,crypto,equal_weight,2021-08-20,0.03682903786073069
crypto_equal_weight,crypto,equal_weight,2021-08-21,-0.023942933665413862
crypto_equal_weight,crypto,equal_weight,2021-08-22,0.022268585317769242
crypto_equal_weight,crypto,equal_weight,2021-08-23,0.023892907468608608
crypto_equal_weight,crypto,equal_weight,2021-08-24,-0.0683730197959656
crypto_equal_weight,crypto,equal_weight,2021-08-25,0.02104277833153726
crypto_equal_weight,crypto,equal_weight,2021-08-26,-0.06272903909830156
crypto_equal_weight,crypto,equal_weight,2021-08-27,0.0786074061682174
crypto_equal_weight,crypto,equal_weight,2021-08-28,-0.012880261856615803
crypto_equal_weight,crypto,equal_weight,2021-08-29,1.819813066677653e-05
crypto_equal_weight,crypto,equal_weight,2021-08-30,-0.03464356349668348
crypto_equal_weight,crypto,equal_weight,2021-08-31,0.03395365603124538
crypto_equal_weight,crypto,equal_weight,2021-09-01,0.05544915718852714
crypto_equal_weight,crypto,equal_weight,2021-09-02,0.011597521090060684
crypto_equal_weight,crypto,equal_weight,2021-09-03,0.04638324818859847
crypto_equal_weight,crypto,equal_weight,2021-09-04,-0.009982250785505353
crypto_equal_weight,crypto,equal_weight,2021-09-05,0.05728278859763468
crypto_equal_weight,crypto,equal_weight,2021-09-06,0.005332121877868978
crypto_equal_weight,crypto,equal_weight,2021-09-07,-0.16918104782461926
crypto_equal_weight,crypto,equal_weight,2021-09-08,0.0004560030533264773
crypto_equal_weight,crypto,equal_weight,2021-09-09,0.002428812922874636
crypto_equal_weight,crypto,equal_weight,2021-09-10,-0.04195637347345848
crypto_equal_weight,crypto,equal_weight,2021-09-11,0.02934661779993332
crypto_equal_weight,crypto,equal_weight,2021-09-12,0.040695432862280584
crypto_equal_weight,crypto,equal_weight,2021-09-13,-0.043654446029462016
crypto_equal_weight,crypto,equal_weight,2021-09-14,0.04188838917185746
crypto_equal_weight,crypto,equal_weight,2021-09-15,0.033237122993513335
crypto_equal_weight,crypto,equal_weight,2021-09-16,-0.0229956954962776
crypto_equal_weight,crypto,equal_weight,2021-09-17,-0.030351747066181142
crypto_equal_weight,crypto,equal_weight,2021-09-18,0.014803654626692798
crypto_equal_weight,crypto,equal_weight,2021-09-19,-0.036275231539318914
crypto_equal_weight,crypto,equal_weight,2021-09-20,-0.11455086799587906
crypto_equal_weight,crypto,equal_weight,2021-09-21,-0.05306649162096778
crypto_equal_weight,crypto,equal_weight,2021-09-22,0.10845009596453971
crypto_equal_weight,crypto,equal_weight,2021-09-23,0.016122493568748304
crypto_equal_weight,crypto,equal_weight,2021-09-24,-0.06274024907945294
crypto_equal_weight,crypto,equal_weight,2021-09-25,-0.004623144202073937
crypto_equal_weight,crypto,equal_weight,2021-09-26,-0.00663274008306772
crypto_equal_weight,crypto,equal_weight,2021-09-27,-0.03080418188544512
crypto_equal_weight,crypto,equal_weight,2021-09-28,-0.033210845548697514
crypto_equal_weight,crypto,equal_weight,2021-09-29,0.025318513427584663
crypto_equal_weight,crypto,equal_weight,2021-09-30,0.04035634165545934
crypto_equal_weight,crypto,equal_weight,2021-10-01,0.08583803887920276
crypto_equal_weight,crypto,equal_weight,2021-10-02,0.013205110179119479
crypto_equal_weight,crypto,equal_weight,2021-10-03,0.015996784410448606
crypto_equal_weight,crypto,equal_weight,2021-10-04,-0.014842439426198555
crypto_equal_weight,crypto,equal_weight,2021-10-05,0.03922446252072277
crypto_equal_weight,crypto,equal_weight,2021-10-06,0.02683498891905161
crypto_equal_weight,crypto,equal_weight,2021-10-07,-0.007194646869973417
crypto_equal_weight,crypto,equal_weight,2021-10-08,-0.010017456880233177
crypto_equal_weight,crypto,equal_weight,2021-10-09,0.03886399123779861
crypto_equal_weight,crypto,equal_weight,2021-10-10,-0.03956780230390627
crypto_equal_weight,crypto,equal_weight,2021-10-11,0.01678450223987545
crypto_equal_weight,crypto,equal_weight,2021-10-12,-0.024631600035978928
crypto_equal_weight,crypto,equal_weight,2021-10-13,0.03214908014140999
crypto_equal_weight,crypto,equal_weight,2021-10-14,0.008362974865736941
crypto_equal_weight,crypto,equal_weight,2021-10-15,0.02127522044759008
crypto_equal_weight,crypto,equal_weight,2021-10-16,0.003402000964028565
crypto_equal_weight,crypto,equal_weight,2021-10-17,-0.015441833236591483
crypto_equal_weight,crypto,equal_weight,2021-10-18,-0.005120826285450805
crypto_equal_weight,crypto,equal_weight,2021-10-19,0.013402269149580289
crypto_equal_weight,crypto,equal_weight,2021-10-20,0.051208216767495686
crypto_equal_weight,crypto,equal_weight,2021-10-21,-0.03537977017451315
crypto_equal_weight,crypto,equal_weight,2021-10-22,-0.010277787646723732
crypto_equal_weight,crypto,equal_weight,2021-10-23,0.019845872084915214
crypto_equal_weight,crypto,equal_weight,2021-10-24,-0.014748330631815196
crypto_equal_weight,crypto,equal_weight,2021-10-25,0.019283618458958266
crypto_equal_weight,crypto,equal_weight,2021-10-26,-0.014189566380399053
crypto_equal_weight,crypto,equal_weight,2021-10-27,-0.09028086779685991
crypto_equal_weight,crypto,equal_weight,2021-10-28,0.0570097913571928
crypto_equal_weight,crypto,equal_weight,2021-10-29,0.02952223924654039
crypto_equal_weight,crypto,equal_weight,2021-10-30,-0.010839313929972599
crypto_equal_weight,crypto,equal_weight,2021-10-31,0.013988338686289311
crypto_equal_weight,crypto,equal_weight,2021-11-01,-0.004326641926342823
crypto_equal_weight,crypto,equal_weight,2021-11-02,0.03302146743386924
crypto_equal_weight,crypto,equal_weight,2021-11-03,0.016542008029367165
crypto_equal_weight,crypto,equal_weight,2021-11-04,-0.025392087126471376
crypto_equal_weight,crypto,equal_weight,2021-11-05,-0.01038643240384535
crypto_equal_weight,crypto,equal_weight,2021-11-06,-0.004198260706764583
crypto_equal_weight,crypto,equal_weight,2021-11-07,0.02397336886852978
crypto_equal_weight,crypto,equal_weight,2021-11-08,0.0604483097526281
crypto_equal_weight,crypto,equal_weight,2021-11-09,0.05767688846016247
crypto_equal_weight,crypto,equal_weight,2021-11-10,-0.05141632349133922
crypto_equal_weight,crypto,equal_weight,2021-11-11,0.011466028512698687
crypto_equal_weight,crypto,equal_weight,2021-11-12,-0.021584326111961833
crypto_equal_weight,crypto,equal_weight,2021-11-13,0.012401418641298418
crypto_equal_weight,crypto,equal_weight,2021-11-14,0.013546480301253192
crypto_equal_weight,crypto,equal_weight,2021-11-15,-0.015806124727361554
crypto_equal_weight,crypto,equal_weight,2021-11-16,-0.08710727201196897
crypto_equal_weight,crypto,equal_weight,2021-11-17,0.0048754880680521836
crypto_equal_weight,crypto,equal_weight,2021-11-18,-0.0680327018956802
crypto_equal_weight,crypto,equal_weight,2021-11-19,0.05022773536757211
crypto_equal_weight,crypto,equal_weight,2021-11-20,0.016258540192956684
crypto_equal_weight,crypto,equal_weight,2021-11-21,-0.018791290347682156
crypto_equal_weight,crypto,equal_weight,2021-11-22,-0.0372248519550003
crypto_equal_weight,crypto,equal_weight,2021-11-23,0.02276109844030042
crypto_equal_weight,crypto,equal_weight,2021-11-24,-0.02499393027984772
crypto_equal_weight,crypto,equal_weight,2021-11-25,0.009927629143091695
crypto_equal_weight,crypto,equal_weight,2021-11-26,-0.06756615427206174
crypto_equal_weight,crypto,equal_weight,2021-11-27,0.011245581073994452
crypto_equal_weight,crypto,equal_weight,2021-11-28,0.021635863394063017
crypto_equal_weight,crypto,equal_weight,2021-11-29,0.018495569696167734
crypto_equal_weight,crypto,equal_weight,2021-11-30,0.0037759698311206446
crypto_equal_weight,crypto,equal_weight,2021-12-01,-0.004816033852340695
crypto_equal_weight,crypto,equal_weight,2021-12-02,0.0028959807188342467
crypto_equal_weight,crypto,equal_weight,2021-12-03,-0.05514978236963445
crypto_equal_weight,crypto,equal_weight,2021-12-04,-0.09969534984332759
crypto_equal_weight,crypto,equal_weight,2021-12-05,-0.02475573584023214
crypto_equal_weight,crypto,equal_weight,2021-12-06,0.03964676149147166
crypto_equal_weight,crypto,equal_weight,2021-12-07,-0.0057371687077270184
crypto_equal_weight,crypto,equal_weight,2021-12-08,0.036518387677673236
crypto_equal_weight,crypto,equal_weight,2021-12-09,-0.06978269783647252
crypto_equal_weight,crypto,equal_weight,2021-12-10,-0.03780332079605765
crypto_equal_weight,crypto,equal_weight,2021-12-11,0.06148883037671479
crypto_equal_weight,crypto,equal_weight,2021-12-12,0.0004642763758684637
crypto_equal_weight,crypto,equal_weight,2021-12-13,-0.0802696431537091
crypto_equal_weight,crypto,equal_weight,2021-12-14,0.011635942342403997
crypto_equal_weight,crypto,equal_weight,2021-12-15,0.0483576939136522
crypto_equal_weight,crypto,equal_weight,2021-12-16,-0.03274085362650213
crypto_equal_weight,crypto,equal_weight,2021-12-17,-0.025240827821658866
crypto_equal_weight,crypto,equal_weight,2021-12-18,0.020107423056707697
crypto_equal_weight,crypto,equal_weight,2021-12-19,-0.002566489655616704
crypto_equal_weight,crypto,equal_weight,2021-12-20,0.0030108256306460354
crypto_equal_weight,crypto,equal_weight,2021-12-21,0.03390433519024902
crypto_equal_weight,crypto,equal_weight,2021-12-22,0.00554482685080116
crypto_equal_weight,crypto,equal_weight,2021-12-23,0.05281519969184698
crypto_equal_weight,crypto,equal_weight,2021-12-24,-0.027383883099688595
crypto_equal_weight,crypto,equal_weight,2021-12-25,0.012383620031686172
crypto_equal_weight,crypto,equal_weight,2021-12-26,-0.0017186920522781627
crypto_equal_weight,crypto,equal_weight,2021-12-27,0.007282014685246967
crypto_equal_weight,crypto,equal_weight,2021-12-28,-0.06656202955908416
crypto_equal_weight,crypto,equal_weight,2021-12-29,-0.029440820402476958
crypto_equal_weight,crypto,equal_weight,2021-12-30,0.017111888894624082
crypto_equal_weight,crypto,equal_weight,2021-12-31,-0.015595269576255207
crypto_equal_weight,crypto,equal_weight,2022-01-01,0.029122690504778354
crypto_equal_weight,crypto,equal_weight,2022-01-02,0.015533383540770012
crypto_equal_weight,crypto,equal_weight,2022-01-03,-0.020677332852268925
crypto_equal_weight,crypto,equal_weight,2022-01-04,-0.011899726521881674
crypto_equal_weight,crypto,equal_weight,2022-01-05,-0.06210983361491227
crypto_equal_weight,crypto,equal_weight,2022-01-06,-0.0009292952176444309
crypto_equal_weight,crypto,equal_weight,2022-01-07,-0.04041510713095594
crypto_equal_weight,crypto,equal_weight,2022-01-08,-0.02080419967358369
crypto_equal_weight,crypto,equal_weight,2022-01-09,0.009360341562123575
crypto_equal_weight,crypto,equal_weight,2022-01-10,-0.03012297202035896
crypto_equal_weight,crypto,equal_weight,2022-01-11,0.03413079061088262
crypto_equal_weight,crypto,equal_weight,2022-01-12,0.054131236211621955
crypto_equal_weight,crypto,equal_weight,2022-01-13,-0.03474498354737374
crypto_equal_weight,crypto,equal_weight,2022-01-14,0.02559837164113696
crypto_equal_weight,crypto,equal_weight,2022-01-15,0.008823224156351325
crypto_equal_weight,crypto,equal_weight,2022-01-16,0.006686067891792398
crypto_equal_weight,crypto,equal_weight,2022-01-17,0.002658625789381712
crypto_equal_weight,crypto,equal_weight,2022-01-18,-0.018142256836484277
crypto_equal_weight,crypto,equal_weight,2022-01-19,-0.03038242409196146
crypto_equal_weight,crypto,equal_weight,2022-01-20,-0.04301245358132801
crypto_equal_weight,crypto,equal_weight,2022-01-21,-0.11536609618880637
crypto_equal_weight,crypto,equal_weight,2022-01-22,-0.058664859551849906
crypto_equal_weight,crypto,equal_weight,2022-01-23,0.038643424682894556
crypto_equal_weight,crypto,equal_weight,2022-01-24,-0.028686502525453152
crypto_equal_weight,crypto,equal_weight,2022-01-25,0.00022355142306027898
crypto_equal_weight,crypto,equal_weight,2022-01-26,0.005290390934254093
crypto_equal_weight,crypto,equal_weight,2022-01-27,-0.008864697005926729
crypto_equal_weight,crypto,equal_weight,2022-01-28,0.02488044351196161
crypto_equal_weight,crypto,equal_weight,2022-01-29,0.01477624479550264
crypto_equal_weight,crypto,equal_weight,2022-01-30,-0.017303980629970832
crypto_equal_weight,crypto,equal_weight,2022-01-31,0.014633622294132028
crypto_equal_weight,crypto,equal_weight,2022-02-01,0.023033684182255224
crypto_equal_weight,crypto,equal_weight,2022-02-02,-0.03932310586815732
crypto_equal_weight,crypto,equal_weight,2022-02-03,0.015645292484482886
crypto_equal_weight,crypto,equal_weight,2022-02-04,0.0869634171319359
crypto_equal_weight,crypto,equal_weight,2022-02-05,0.00923296485579684
crypto_equal_weight,crypto,equal_weight,2022-02-06,0.024501216457603493
crypto_equal_weight,crypto,equal_weight,2022-02-07,0.07047949398482858
crypto_equal_weight,crypto,equal_weight,2022-02-08,-0.0018289637445454004
crypto_equal_weight,crypto,equal_weight,2022-02-09,0.01944410997145942
crypto_equal_weight,crypto,equal_weight,2022-02-10,-0.026204575702200895
crypto_equal_weight,crypto,equal_weight,2022-02-11,-0.060260009272664436
crypto_equal_weight,crypto,equal_weight,2022-02-12,0.005496373818632159
crypto_equal_weight,crypto,equal_weight,2022-02-13,-0.0006777161083484958
crypto_equal_weight,crypto,equal_weight,2022-02-14,-0.005703055222069006
crypto_equal_weight,crypto,equal_weight,2022-02-15,0.055405485168744634
crypto_equal_weight,crypto,equal_weight,2022-02-16,-0.015901395324644636
crypto_equal_weight,crypto,equal_weight,2022-02-17,-0.07825607659728478
crypto_equal_weight,crypto,equal_weight,2022-02-18,-0.007187724789440962
crypto_equal_weight,crypto,equal_weight,2022-02-19,0.006543259509512974
crypto_equal_weight,crypto,equal_weight,2022-02-20,-0.04327862220030285
crypto_equal_weight,crypto,equal_weight,2022-02-21,-0.0634067044865575
crypto_equal_weight,crypto,equal_weight,2022-02-22,0.03915387632594675
crypto_equal_weight,crypto,equal_weight,2022-02-23,-0.02100949007395675
crypto_equal_weight,crypto,equal_weight,2022-02-24,0.0023621010281470907
crypto_equal_weight,crypto,equal_weight,2022-02-25,0.04292477140997705
crypto_equal_weight,crypto,equal_weight,2022-02-26,0.0027837077278398915
crypto_equal_weight,crypto,equal_weight,2022-02-27,-0.04156077074680927
crypto_equal_weight,crypto,equal_weight,2022-02-28,0.10049969869337703
crypto_equal_weight,crypto,equal_weight,2022-03-01,0.0031196221938872945
crypto_equal_weight,crypto,equal_weight,2022-03-02,-0.018906186104654513
crypto_equal_weight,crypto,equal_weight,2022-03-03,-0.019596829320976658
crypto_equal_weight,crypto,equal_weight,2022-03-04,-0.06971800084746718
crypto_equal_weight,crypto,equal_weight,2022-03-05,0.025353018036546653
crypto_equal_weight,crypto,equal_weight,2022-03-06,-0.03675708190506367
crypto_equal_weight,crypto,equal_weight,2022-03-07,-0.017504019662255475
crypto_equal_weight,crypto,equal_weight,2022-03-08,0.01906587478153383
crypto_equal_weight,crypto,equal_weight,2022-03-09,0.06076424263829434
crypto_equal_weight,crypto,equal_weight,2022-03-10,-0.0451422721793126
crypto_equal_weight,crypto,equal_weight,2022-03-11,0.007942974203140756
crypto_equal_weight,crypto,equal_weight,2022-03-12,-0.0006615723421764046
crypto_equal_weight,crypto,equal_weight,2022-03-13,-0.02699347801002636
crypto_equal_weight,crypto,equal_weight,2022-03-14,0.025633312493756822
crypto_equal_weight,crypto,equal_weight,2022-03-15,0.0028525006024855883
crypto_equal_weight,crypto,equal_weight,2022-03-16,0.041079057692330105
crypto_equal_weight,crypto,equal_weight,2022-03-17,-0.0020842707183885882
crypto_equal_weight,crypto,equal_weight,2022-03-18,0.02264603090076324
crypto_equal_weight,crypto,equal_weight,2022-03-19,0.0476286457207638
crypto_equal_weight,crypto,equal_weight,2022-03-20,0.000766775798247303
crypto_equal_weight,crypto,equal_weight,2022-03-21,0.023408826779020266
crypto_equal_weight,crypto,equal_weight,2022-03-22,0.06603295898808582
crypto_equal_weight,crypto,equal_weight,2022-03-23,0.009967880366907968
crypto_equal_weight,crypto,equal_weight,2022-03-24,0.026284544502708895
crypto_equal_weight,crypto,equal_weight,2022-03-25,-0.011573364630100634
crypto_equal_weight,crypto,equal_weight,2022-03-26,0.008402987483941523
crypto_equal_weight,crypto,equal_weight,2022-03-27,0.041397041360058284
crypto_equal_weight,crypto,equal_weight,2022-03-28,0.003758788102787157
crypto_equal_weight,crypto,equal_weight,2022-03-29,0.015112494742400003
crypto_equal_weight,crypto,equal_weight,2022-03-30,0.009346896128156723
crypto_equal_weight,crypto,equal_weight,2022-03-31,-0.03154272228279542
crypto_equal_weight,crypto,equal_weight,2022-04-01,0.01314246889255092
crypto_equal_weight,crypto,equal_weight,2022-04-02,-0.010164723709190478
crypto_equal_weight,crypto,equal_weight,2022-04-03,0.019175007399507716
crypto_equal_weight,crypto,equal_weight,2022-04-04,-0.006544536688453463
crypto_equal_weight,crypto,equal_weight,2022-04-05,-0.028529944757126613
crypto_equal_weight,crypto,equal_weight,2022-04-06,-0.09124716475469032
crypto_equal_weight,crypto,equal_weight,2022-04-07,0.035068732132047004
crypto_equal_weight,crypto,equal_weight,2022-04-08,-0.04172381540517295
crypto_equal_weight,crypto,equal_weight,2022-04-09,0.018362833934442074
crypto_equal_weight,crypto,equal_weight,2022-04-10,-0.01689368275730239
crypto_equal_weight,crypto,equal_weight,2022-04-11,-0.08024391032120567
crypto_equal_weight,crypto,equal_weight,2022-04-12,0.028025388219357437
crypto_equal_weight,crypto,equal_weight,2022-04-13,0.03650540596936471
crypto_equal_weight,crypto,equal_weight,2022-04-14,-0.02358066173490393
crypto_equal_weight,crypto,equal_weight,2022-04-15,0.031115748658108653
crypto_equal_weight,crypto,equal_weight,2022-04-16,0.014085636191893193
crypto_equal_weight,crypto,equal_weight,2022-04-17,-0.03872011169463011
crypto_equal_weight,crypto,equal_weight,2022-04-18,0.022439021877525032
crypto_equal_weight,crypto,equal_weight,2022-04-19,0.021150047265116014
crypto_equal_weight,crypto,equal_weight,2022-04-20,-0.011629317562299102
crypto_equal_weight,crypto,equal_weight,2022-04-21,-0.02202891323388273
crypto_equal_weight,crypto,equal_weight,2022-04-22,-0.013081005100776635
crypto_equal_weight,crypto,equal_weight,2022-04-23,-0.01245107021679242
crypto_equal_weight,crypto,equal_weight,2022-04-24,-0.01370661565098314
crypto_equal_weight,crypto,equal_weight,2022-04-25,0.010266560704494408
crypto_equal_weight,crypto,equal_weight,2022-04-26,-0.06779230213358521
crypto_equal_weight,crypto,equal_weight,2022-04-27,0.024567183968412804
crypto_equal_weight,crypto,equal_weight,2022-04-28,0.00930184386655442
crypto_equal_weight,crypto,equal_weight,2022-04-29,-0.0355735272118939
crypto_equal_weight,crypto,equal_weight,2022-04-30,-0.05136649500584629
crypto_equal_weight,crypto,equal_weight,2022-05-01,0.04733577045165833
crypto_equal_weight,crypto,equal_weight,2022-05-02,-0.0034377967756839363
crypto_equal_weight,crypto,equal_weight,2022-05-03,-0.010382769636546331
crypto_equal_weight,crypto,equal_weight,2022-05-04,0.09903910800710859
crypto_equal_weight,crypto,equal_weight,2022-05-05,-0.08935104073891578
crypto_equal_weight,crypto,equal_weight,2022-05-06,0.012308137026463236
crypto_equal_weight,crypto,equal_weight,2022-05-07,-0.026302265751130368
crypto_equal_weight,crypto,equal_weight,2022-05-08,-0.01663422055399129
crypto_equal_weight,crypto,equal_weight,2022-05-09,-0.13996664810367726
crypto_equal_weight,crypto,equal_weight,2022-05-10,0.03611480039212944
crypto_equal_weight,crypto,equal_weight,2022-05-11,-0.13982875192704686
crypto_equal_weight,crypto,equal_weight,2022-05-12,-0.05104619300945697
crypto_equal_weight,crypto,equal_weight,2022-05-13,0.06754567848493088
crypto_equal_weight,crypto,equal_weight,2022-05-14,0.01895234970551799
crypto_equal_weight,crypto,equal_weight,2022-05-15,0.03923771940651325
crypto_equal_weight,crypto,equal_weight,2022-05-16,-0.058862203167916856
crypto_equal_weight,crypto,equal_weight,2022-05-17,0.04361504155793238
crypto_equal_weight,crypto,equal_weight,2022-05-18,-0.07648906908696558
crypto_equal_weight,crypto,equal_weight,2022-05-19,0.04676698996567685
crypto_equal_weight,crypto,equal_weight,2022-05-20,-0.03179277229801736
crypto_equal_weight,crypto,equal_weight,2022-05-21,0.01754222654535474
crypto_equal_weight,crypto,equal_weight,2022-05-22,0.035963752366634204
crypto_equal_weight,crypto,equal_weight,2022-05-23,-0.031668863417112926
crypto_equal_weight,crypto,equal_weight,2022-05-24,0.03501084579295069
crypto_equal_weight,crypto,equal_weight,2022-05-25,-0.005380294864427172
crypto_equal_weight,crypto,equal_weight,2022-05-26,-0.048886191715716086
crypto_equal_weight,crypto,equal_weight,2022-05-27,-0.02662554027292048
crypto_equal_weight,crypto,equal_weight,2022-05-28,0.016737137278619488
crypto_equal_weight,crypto,equal_weight,2022-05-29,0.025155455185945048
crypto_equal_weight,crypto,equal_weight,2022-05-30,0.07819477262672087
crypto_equal_weight,crypto,equal_weight,2022-05-31,0.010869457811169644
crypto_equal_weight,crypto,equal_weight,2022-06-01,-0.0710803050374161
crypto_equal_weight,crypto,equal_weight,2022-06-02,0.02376824046478411
crypto_equal_weight,crypto,equal_weight,2022-06-03,-0.026232300382332735
crypto_equal_weight,crypto,equal_weight,2022-06-04,0.006966110552448512
crypto_equal_weight,crypto,equal_weight,2022-06-05,-0.0041454721662176185
crypto_equal_weight,crypto,equal_weight,2022-06-06,0.028935268659901352
crypto_equal_weight,crypto,equal_weight,2022-06-07,-0.011851781890194582
crypto_equal_weight,crypto,equal_weight,2022-06-08,-0.013353960643774405
crypto_equal_weight,crypto,equal_weight,2022-06-09,-0.00624839484697207
crypto_equal_weight,crypto,equal_weight,2022-06-10,-0.05261548424362084
crypto_equal_weight,crypto,equal_weight,2022-06-11,-0.05839705019214693
crypto_equal_weight,crypto,equal_weight,2022-06-12,-0.05733353380446387
crypto_equal_weight,crypto,equal_weight,2022-06-13,-0.1270000916405836
crypto_equal_weight,crypto,equal_weight,2022-06-14,0.01045469750789893
crypto_equal_weight,crypto,equal_weight,2022-06-15,0.06635352563659172
crypto_equal_weight,crypto,equal_weight,2022-06-16,-0.10583669931097578
crypto_equal_weight,crypto,equal_weight,2022-06-17,0.0350345358794281
crypto_equal_weight,crypto,equal_weight,2022-06-18,-0.04153672378677588
crypto_equal_weight,crypto,equal_weight,2022-06-19,0.07719286877554918
crypto_equal_weight,crypto,equal_weight,2022-06-20,0.0008443834031670022
crypto_equal_weight,crypto,equal_weight,2022-06-21,0.006246961230570803
crypto_equal_weight,crypto,equal_weight,2022-06-22,-0.03467508341388644
crypto_equal_weight,crypto,equal_weight,2022-06-23,0.04660051429476652
crypto_equal_weight,crypto,equal_weight,2022-06-24,0.03953539057217115
crypto_equal_weight,crypto,equal_weight,2022-06-25,0.007558244467368576
crypto_equal_weight,crypto,equal_weight,2022-06-26,-0.02204996262688683
crypto_equal_weight,crypto,equal_weight,2022-06-27,-0.006618167081880746
crypto_equal_weight,crypto,equal_weight,2022-06-28,-0.04235493748526542
crypto_equal_weight,crypto,equal_weight,2022-06-29,-0.015122420457723449
crypto_equal_weight,crypto,equal_weight,2022-06-30,-0.006071631729807634
crypto_equal_weight,crypto,equal_weight,2022-07-01,-0.022743101604300778
crypto_equal_weight,crypto,equal_weight,2022-07-02,0.010299057016797912
crypto_equal_weight,crypto,equal_weight,2022-07-03,0.006092232651770541
crypto_equal_weight,crypto,equal_weight,2022-07-04,0.0344078162595672
crypto_equal_weight,crypto,equal_weight,2022-07-05,-0.01886433755029477
crypto_equal_weight,crypto,equal_weight,2022-07-06,0.017313482190615268
crypto_equal_weight,crypto,equal_weight,2022-07-07,0.03819761122241781
crypto_equal_weight,crypto,equal_weight,2022-07-08,-0.00976138351006452
crypto_equal_weight,crypto,equal_weight,2022-07-09,0.013633025231926272
crypto_equal_weight,crypto,equal_weight,2022-07-10,-0.039808709097711434
crypto_equal_weight,crypto,equal_weight,2022-07-11,-0.05601117933721331
crypto_equal_weight,crypto,equal_weight,2022-07-12,-0.023744814569308766
crypto_equal_weight,crypto,equal_weight,2022-07-13,0.044194572751804655
crypto_equal_weight,crypto,equal_weight,2022-07-14,0.02339317429731894
crypto_equal_weight,crypto,equal_weight,2022-07-15,0.013530179044921126
crypto_equal_weight,crypto,equal_weight,2022-07-16,0.05204064234645279
crypto_equal_weight,crypto,equal_weight,2022-07-17,8.492324944504859e-05
crypto_equal_weight,crypto,equal_weight,2022-07-18,0.11449484682376383
crypto_equal_weight,crypto,equal_weight,2022-07-19,0.016200464433744545
crypto_equal_weight,crypto,equal_weight,2022-07-20,-0.03790266649553834
crypto_equal_weight,crypto,equal_weight,2022-07-21,0.02850812424190324
crypto_equal_weight,crypto,equal_weight,2022-07-22,-0.009543388956063426
crypto_equal_weight,crypto,equal_weight,2022-07-23,0.007830728643755782
crypto_equal_weight,crypto,equal_weight,2022-07-24,0.019739309820953017
crypto_equal_weight,crypto,equal_weight,2022-07-25,-0.07483751989264333
crypto_equal_weight,crypto,equal_weight,2022-07-26,0.006960387253387449
crypto_equal_weight,crypto,equal_weight,2022-07-27,0.12135708572219184
crypto_equal_weight,crypto,equal_weight,2022-07-28,0.09243342603978587
crypto_equal_weight,crypto,equal_weight,2022-07-29,-0.0057278173312224085
crypto_equal_weight,crypto,equal_weight,2022-07-30,-0.00994657195075236
crypto_equal_weight,crypto,equal_weight,2022-07-31,-0.02145032395765923
crypto_equal_weight,crypto,equal_weight,2022-08-01,-0.012699082640371008
crypto_equal_weight,crypto,equal_weight,2022-08-02,-0.018786574523241045
crypto_equal_weight,crypto,equal_weight,2022-08-03,-0.005919092520044784
crypto_equal_weight,crypto,equal_weight,2022-08-04,0.0012915459728624762
crypto_equal_weight,crypto,equal_weight,2022-08-05,0.045375394739074065
crypto_equal_weight,crypto,equal_weight,2022-08-06,-0.009339096820508038
crypto_equal_weight,crypto,equal_weight,2022-08-07,0.0063838343935112086
crypto_equal_weight,crypto,equal_weight,2022-08-08,0.023081434620899084
crypto_equal_weight,crypto,equal_weight,2022-08-09,-0.04372071297256972
crypto_equal_weight,crypto,equal_weight,2022-08-10,0.049627039246450545
crypto_equal_weight,crypto,equal_weight,2022-08-11,0.013205672711347045
crypto_equal_weight,crypto,equal_weight,2022-08-12,0.014572452750824949
crypto_equal_weight,crypto,equal_weight,2022-08-13,0.007883917084293483
crypto_equal_weight,crypto,equal_weight,2022-08-14,-0.01338354536225819
crypto_equal_weight,crypto,equal_weight,2022-08-15,-0.016641079554927586
crypto_equal_weight,crypto,equal_weight,2022-08-16,0.0008010091287483865
crypto_equal_weight,crypto,equal_weight,2022-08-17,-0.006229210921159606
crypto_equal_weight,crypto,equal_weight,2022-08-18,-0.017012208084407884
crypto_equal_weight,crypto,equal_weight,2022-08-19,-0.10925470030581663
crypto_equal_weight,crypto,equal_weight,2022-08-20,0.014892169048395866
crypto_equal_weight,crypto,equal_weight,2022-08-21,0.03279410812491895
crypto_equal_weight,crypto,equal_weight,2022-08-22,0.025347282181931857
crypto_equal_weight,crypto,equal_weight,2022-08-23,0.012228448994492632
crypto_equal_weight,crypto,equal_weight,2022-08-24,-0.00805958360989279
crypto_equal_weight,crypto,equal_weight,2022-08-25,0.00985807313468776
crypto_equal_weight,crypto,equal_weight,2022-08-26,-0.07980382188364052
crypto_equal_weight,crypto,equal_weight,2022-08-27,0.0018173861037769203
crypto_equal_weight,crypto,equal_weight,2022-08-28,-0.03497527924303537
crypto_equal_weight,crypto,equal_weight,2022-08-29,0.04904280071408564
crypto_equal_weight,crypto,equal_weight,2022-08-30,-0.027912444798993987
crypto_equal_weight,crypto,equal_weight,2022-08-31,0.002739556840122965
crypto_equal_weight,crypto,equal_weight,2022-09-01,0.02437063798841811
crypto_equal_weight,crypto,equal_weight,2022-09-02,0.00552116423393125
crypto_equal_weight,crypto,equal_weight,2022-09-03,0.001742475187967081
crypto_equal_weight,crypto,equal_weight,2022-09-04,0.009475441481042245
crypto_equal_weight,crypto,equal_weight,2022-09-05,0.030689744908744553
crypto_equal_weight,crypto,equal_weight,2022-09-06,-0.07324070610409684
crypto_equal_weight,crypto,equal_weight,2022-09-07,0.05853995298373543
crypto_equal_weight,crypto,equal_weight,2022-09-08,0.005049555558427211
crypto_equal_weight,crypto,equal_weight,2022-09-09,0.05792736058310925
crypto_equal_weight,crypto,equal_weight,2022-09-10,0.018547334884776678
crypto_equal_weight,crypto,equal_weight,2022-09-11,-0.01177334026149269
crypto_equal_weight,crypto,equal_weight,2022-09-12,-0.007998636070758706
crypto_equal_weight,crypto,equal_weight,2022-09-13,-0.07153731222901459
crypto_equal_weight,crypto,equal_weight,2022-09-14,0.021949793954418564
crypto_equal_weight,crypto,equal_weight,2022-09-15,-0.04957552145845349
crypto_equal_weight,crypto,equal_weight,2022-09-16,0.012586720007863112
crypto_equal_weight,crypto,equal_weight,2022-09-17,0.03133232905762538
crypto_equal_weight,crypto,equal_weight,2022-09-18,-0.07873613359915184
crypto_equal_weight,crypto,equal_weight,2022-09-19,0.02274724276734054
crypto_equal_weight,crypto,equal_weight,2022-09-20,0.0024360106929958098
crypto_equal_weight,crypto,equal_weight,2022-09-21,-0.03942563146145551
crypto_equal_weight,crypto,equal_weight,2022-09-22,0.07278172718703006
crypto_equal_weight,crypto,equal_weight,2022-09-23,0.012949808281889297
crypto_equal_weight,crypto,equal_weight,2022-09-24,-0.022603858410162672
crypto_equal_weight,crypto,equal_weight,2022-09-25,-0.012103084218687273
crypto_equal_weight,crypto,equal_weight,2022-09-26,-0.0012554281917762193
crypto_equal_weight,crypto,equal_weight,2022-09-27,-0.016746846370668107
crypto_equal_weight,crypto,equal_weight,2022-09-28,-0.0011219182992674333
crypto_equal_weight,crypto,equal_weight,2022-09-29,0.028645750302138638
crypto_equal_weight,crypto,equal_weight,2022-09-30,-0.0046520397544242
crypto_equal_weight,crypto,equal_weight,2022-10-01,0.0008534505682332936
crypto_equal_weight,crypto,equal_weight,2022-10-02,-0.02543044016142067
crypto_equal_weight,crypto,equal_weight,2022-10-03,0.021474555722090487
crypto_equal_weight,crypto,equal_weight,2022-10-04,0.024488604454256806
crypto_equal_weight,crypto,equal_weight,2022-10-05,-0.0043079792402317095
crypto_equal_weight,crypto,equal_weight,2022-10-06,-0.006057827611778354
crypto_equal_weight,crypto,equal_weight,2022-10-07,-0.003913023511740477
crypto_equal_weight,crypto,equal_weight,2022-10-08,-0.0028848543018891964
crypto_equal_weight,crypto,equal_weight,2022-10-09,0.010638807535803853
crypto_equal_weight,crypto,equal_weight,2022-10-10,-0.04353573325433587
crypto_equal_weight,crypto,equal_weight,2022-10-11,-0.01886359422684063
crypto_equal_weight,crypto,equal_weight,2022-10-12,0.0019717821262591993
crypto_equal_weight,crypto,equal_weight,2022-10-13,-0.016674129443761825
crypto_equal_weight,crypto,equal_weight,2022-10-14,0.00304913349183687
crypto_equal_weight,crypto,equal_weight,2022-10-15,-0.007938023448194682
crypto_equal_weight,crypto,equal_weight,2022-10-16,0.011320552309434457
crypto_equal_weight,crypto,equal_weight,2022-10-17,0.011701825755899935
crypto_equal_weight,crypto,equal_weight,2022-10-18,-0.015616173608409766
crypto_equal_weight,crypto,equal_weight,2022-10-19,-0.023611829692957616
crypto_equal_weight,crypto,equal_weight,2022-10-20,-0.002210390843786046
crypto_equal_weight,crypto,equal_weight,2022-10-21,0.012663961326254695
crypto_equal_weight,crypto,equal_weight,2022-10-22,0.010109377491888453
crypto_equal_weight,crypto,equal_weight,2022-10-23,0.01895304045705192
crypto_equal_weight,crypto,equal_weight,2022-10-24,-0.019852298524910186
crypto_equal_weight,crypto,equal_weight,2022-10-25,0.05179501439949158
crypto_equal_weight,crypto,equal_weight,2022-10-26,0.02397961599006176
crypto_equal_weight,crypto,equal_weight,2022-10-27,-0.021232893312769008
crypto_equal_weight,crypto,equal_weight,2022-10-28,0.019714916725967438
crypto_equal_weight,crypto,equal_weight,2022-10-29,0.01679420921327378
crypto_equal_weight,crypto,equal_weight,2022-10-30,-0.022912321110435365
crypto_equal_weight,crypto,equal_weight,2022-10-31,0.0008749810285461013
crypto_equal_weight,crypto,equal_weight,2022-11-01,-0.004912792959008127
crypto_equal_weight,crypto,equal_weight,2022-11-02,-0.014406499472374597
crypto_equal_weight,crypto,equal_weight,2022-11-03,0.015900128175213052
crypto_equal_weight,crypto,equal_weight,2022-11-04,0.0687592966686185
crypto_equal_weight,crypto,equal_weight,2022-11-05,0.0003063775224226048
crypto_equal_weight,crypto,equal_weight,2022-11-06,-0.039043343438405875
crypto_equal_weight,crypto,equal_weight,2022-11-07,-9.527256796319902e-05
crypto_equal_weight,crypto,equal_weight,2022-11-08,-0.11768003541826742
crypto_equal_weight,crypto,equal_weight,2022-11-09,-0.14441806873640106
crypto_equal_weight,crypto,equal_weight,2022-11-10,0.15657727354207024
crypto_equal_weight,crypto,equal_weight,2022-11-11,-0.016847709914815767
crypto_equal_weight,crypto,equal_weight,2022-11-12,-0.03129942281316351
crypto_equal_weight,crypto,equal_weight,2022-11-13,-0.03456189936721687
crypto_equal_weight,crypto,equal_weight,2022-11-14,0.02170089402837111
crypto_equal_weight,crypto,equal_weight,2022-11-15,0.014917137485931237
crypto_equal_weight,crypto,equal_weight,2022-11-16,-0.01798011056507198
crypto_equal_weight,crypto,equal_weight,2022-11-17,0.00737973760538272
crypto_equal_weight,crypto,equal_weight,2022-11-18,0.0022892740397679277
crypto_equal_weight,crypto,equal_weight,2022-11-19,0.008285227144646403
crypto_equal_weight,crypto,equal_weight,2022-11-20,-0.03989633632064678
crypto_equal_weight,crypto,equal_weight,2022-11-21,-0.013490720894272432
crypto_equal_weight,crypto,equal_weight,2022-11-22,0.04306788203716495
crypto_equal_weight,crypto,equal_weight,2022-11-23,0.05040292245522968
crypto_equal_weight,crypto,equal_weight,2022-11-24,0.009562621178351598
crypto_equal_weight,crypto,equal_weight,2022-11-25,-0.010510871728818056
crypto_equal_weight,crypto,equal_weight,2022-11-26,-0.0021727080717610908
crypto_equal_weight,crypto,equal_weight,2022-11-27,-0.0027867454781918158
crypto_equal_weight,crypto,equal_weight,2022-11-28,-0.01737506081940322
crypto_equal_weight,crypto,equal_weight,2022-11-29,0.016674559937424813
crypto_equal_weight,crypto,equal_weight,2022-11-30,0.034331808431184094
crypto_equal_weight,crypto,equal_weight,2022-12-01,-0.02010211654273666
crypto_equal_weight,crypto,equal_weight,2022-12-02,0.008706676211496515
crypto_equal_weight,crypto,equal_weight,2022-12-03,-0.019248231886332734
crypto_equal_weight,crypto,equal_weight,2022-12-04,0.011087940186571022
crypto_equal_weight,crypto,equal_weight,2022-12-05,-0.0019522410525960707
crypto_equal_weight,crypto,equal_weight,2022-12-06,0.0063875558910185355
crypto_equal_weight,crypto,equal_weight,2022-12-07,-0.01924553691291223
crypto_equal_weight,crypto,equal_weight,2022-12-08,0.02145461052385653
crypto_equal_weight,crypto,equal_weight,2022-12-09,-0.005123155085662275
crypto_equal_weight,crypto,equal_weight,2022-12-10,-0.00038017512434870235
crypto_equal_weight,crypto,equal_weight,2022-12-11,-0.012517519407035929
crypto_equal_weight,crypto,equal_weight,2022-12-12,-0.002729571747594038
crypto_equal_weight,crypto,equal_weight,2022-12-13,0.022898175901042046
crypto_equal_weight,crypto,equal_weight,2022-12-14,-0.010865802988641008
crypto_equal_weight,crypto,equal_weight,2022-12-15,-0.023305872739507485
crypto_equal_weight,crypto,equal_weight,2022-12-16,-0.07967571451551808
crypto_equal_weight,crypto,equal_weight,2022-12-17,0.014573371870457218
crypto_equal_weight,crypto,equal_weight,2022-12-18,-0.006700178888404635
crypto_equal_weight,crypto,equal_weight,2022-12-19,-0.03021035594652439
crypto_equal_weight,crypto,equal_weight,2022-12-20,0.03604731059721773
crypto_equal_weight,crypto,equal_weight,2022-12-21,-0.0038916243147307152
crypto_equal_weight,crypto,equal_weight,2022-12-22,0.006122187829291337
crypto_equal_weight,crypto,equal_weight,2022-12-23,-0.001483356089418196
crypto_equal_weight,crypto,equal_weight,2022-12-24,-0.0007666952302482503
crypto_equal_weight,crypto,equal_weight,2022-12-25,0.0002247022524161826
crypto_equal_weight,crypto,equal_weight,2022-12-26,0.015445862156183512
crypto_equal_weight,crypto,equal_weight,2022-12-27,-0.011430554569803733
crypto_equal_weight,crypto,equal_weight,2022-12-28,-0.026127127280543425
crypto_equal_weight,crypto,equal_weight,2022-12-29,-0.001037488007729861
crypto_equal_weight,crypto,equal_weight,2022-12-30,0.00040057249635531706
crypto_equal_weight,crypto,equal_weight,2022-12-31,0.0011776344334143872
crypto_equal_weight,crypto,equal_weight,2023-01-01,0.007755602914296445
crypto_equal_weight,crypto,equal_weight,2023-01-02,0.018992347200735178
crypto_equal_weight,crypto,equal_weight,2023-01-03,-0.0026549767171907546
crypto_equal_weight,crypto,equal_weight,2023-01-04,0.036742501333955194
crypto_equal_weight,crypto,equal_weight,2023-01-05,-0.015422026395613206
crypto_equal_weight,crypto,equal_weight,2023-01-06,0.025476728813962814
crypto_equal_weight,crypto,equal_weight,2023-01-07,-0.003657045502465252
crypto_equal_weight,crypto,equal_weight,2023-01-08,0.022253530802003825
crypto_equal_weight,crypto,equal_weight,2023-01-09,0.027481552973398767
crypto_equal_weight,crypto,equal_weight,2023-01-10,0.006059753774143768
crypto_equal_weight,crypto,equal_weight,2023-01-11,0.028393843007752478
crypto_equal_weight,crypto,equal_weight,2023-01-12,0.025601243971867024
crypto_equal_weight,crypto,equal_weight,2023-01-13,0.03380662840035668
crypto_equal_weight,crypto,equal_weight,2023-01-14,0.03413023371146447
crypto_equal_weight,crypto,equal_weight,2023-01-15,-0.0027261865277605148
crypto_equal_weight,crypto,equal_weight,2023-01-16,-0.004872180415146348
crypto_equal_weight,crypto,equal_weight,2023-01-17,-0.0049715403945601675
crypto_equal_weight,crypto,equal_weight,2023-01-18,-0.04319527015051388
crypto_equal_weight,crypto,equal_weight,2023-01-19,0.02376560881414928
crypto_equal_weight,crypto,equal_weight,2023-01-20,0.06512565092547556
crypto_equal_weight,crypto,equal_weight,2023-01-21,-0.009394063874993324
crypto_equal_weight,crypto,equal_weight,2023-01-22,0.010135567816049521
crypto_equal_weight,crypto,equal_weight,2023-01-23,0.019940461442676555
crypto_equal_weight,crypto,equal_weight,2023-01-24,-0.04182478963599242
crypto_equal_weight,crypto,equal_weight,2023-01-25,0.03072985149698264
crypto_equal_weight,crypto,equal_weight,2023-01-26,-0.0011906373582736191
crypto_equal_weight,crypto,equal_weight,2023-01-27,0.010439978698039655
crypto_equal_weight,crypto,equal_weight,2023-01-28,-0.00912437279672101
crypto_equal_weight,crypto,equal_weight,2023-01-29,0.03239858462668822
crypto_equal_weight,crypto,equal_weight,2023-01-30,-0.04757865216748217
crypto_equal_weight,crypto,equal_weight,2023-01-31,0.020323078348105893
crypto_equal_weight,crypto,equal_weight,2023-02-01,0.025797610005811867
crypto_equal_weight,crypto,equal_weight,2023-02-02,-0.004137339362064005
crypto_equal_weight,crypto,equal_weight,2023-02-03,0.01380786546761302
crypto_equal_weight,crypto,equal_weight,2023-02-04,0.0008855258180995543
crypto_equal_weight,crypto,equal_weight,2023-02-05,-0.021614453014425584
crypto_equal_weight,crypto,equal_weight,2023-02-06,-0.017547227909628545
crypto_equal_weight,crypto,equal_weight,2023-02-07,0.03878820614411337
crypto_equal_weight,crypto,equal_weight,2023-02-08,-0.01500617244507566
crypto_equal_weight,crypto,equal_weight,2023-02-09,-0.057970609880478745
crypto_equal_weight,crypto,equal_weight,2023-02-10,-0.0007931382209818196
crypto_equal_weight,crypto,equal_weight,2023-02-11,0.011050110038862549
crypto_equal_weight,crypto,equal_weight,2023-02-12,-0.014201962715441514
crypto_equal_weight,crypto,equal_weight,2023-02-13,-0.0030291175413077586
crypto_equal_weight,crypto,equal_weight,2023-02-14,0.029656404809021854
crypto_equal_weight,crypto,equal_weight,2023-02-15,0.0654339876708519
crypto_equal_weight,crypto,equal_weight,2023-02-16,-0.043915834843173046
crypto_equal_weight,crypto,equal_weight,2023-02-17,0.048624380926006176
crypto_equal_weight,crypto,equal_weight,2023-02-18,0.007926777402877326
crypto_equal_weight,crypto,equal_weight,2023-02-19,-0.010501418520177656
crypto_equal_weight,crypto,equal_weight,2023-02-20,0.024935667888244667
crypto_equal_weight,crypto,equal_weight,2023-02-21,-0.019542738784336607
crypto_equal_weight,crypto,equal_weight,2023-02-22,-0.007707594722403661
crypto_equal_weight,crypto,equal_weight,2023-02-23,-0.011753206242561242
crypto_equal_weight,crypto,equal_weight,2023-02-24,-0.035044293019491475
crypto_equal_weight,crypto,equal_weight,2023-02-25,-0.002500282904557099
crypto_equal_weight,crypto,equal_weight,2023-02-26,0.01792286858585941
crypto_equal_weight,crypto,equal_weight,2023-02-27,-0.004572654689027547
crypto_equal_weight,crypto,equal_weight,2023-02-28,-0.012354665891359468
crypto_equal_weight,crypto,equal_weight,2023-03-01,0.026136329455374235
crypto_equal_weight,crypto,equal_weight,2023-03-02,-0.009997340462054935
crypto_equal_weight,crypto,equal_weight,2023-03-03,-0.02202963368474345
crypto_equal_weight,crypto,equal_weight,2023-03-04,-0.019926929071603646
crypto_equal_weight,crypto,equal_weight,2023-03-05,-0.002025427335125001
crypto_equal_weight,crypto,equal_weight,2023-03-06,-0.0039627559291017175
crypto_equal_weight,crypto,equal_weight,2023-03-07,-0.008951188324059526
crypto_equal_weight,crypto,equal_weight,2023-03-08,-0.02689639545342886
crypto_equal_weight,crypto,equal_weight,2023-03-09,-0.06055307838871597
crypto_equal_weight,crypto,equal_weight,2023-03-10,-0.004166146474441493
crypto_equal_weight,crypto,equal_weight,2023-03-11,0.0017446242878389805
crypto_equal_weight,crypto,equal_weight,2023-03-12,0.06629218010688852
crypto_equal_weight,crypto,equal_weight,2023-03-13,0.04342494080443301
crypto_equal_weight,crypto,equal_weight,2023-03-14,0.019909057282034726
crypto_equal_weight,crypto,equal_weight,2023-03-15,-0.05104320084633801
crypto_equal_weight,crypto,equal_weight,2023-03-16,0.017976974864146348
crypto_equal_weight,crypto,equal_weight,2023-03-17,0.06569563670767414
crypto_equal_weight,crypto,equal_weight,2023-03-18,-0.022562156973479304
crypto_equal_weight,crypto,equal_weight,2023-03-19,0.0286214165384847
crypto_equal_weight,crypto,equal_weight,2023-03-20,-0.03353977206107461
crypto_equal_weight,crypto,equal_weight,2023-03-21,0.07494940703328717
crypto_equal_weight,crypto,equal_weight,2023-03-22,-0.0511209671419845
crypto_equal_weight,crypto,equal_weight,2023-03-23,0.045626564811247564
crypto_equal_weight,crypto,equal_weight,2023-03-24,-0.027702777405866602
crypto_equal_weight,crypto,equal_weight,2023-03-25,-0.0016074192542606565
crypto_equal_weight,crypto,equal_weight,2023-03-26,0.01382485903950489
crypto_equal_weight,crypto,equal_weight,2023-03-27,-0.01780207932368308
crypto_equal_weight,crypto,equal_weight,2023-03-28,0.03126532592279897
crypto_equal_weight,crypto,equal_weight,2023-03-29,0.030035497046105468
crypto_equal_weight,crypto,equal_weight,2023-03-30,-0.0018428757242000015
crypto_equal_weight,crypto,equal_weight,2023-03-31,0.02268890918057519
crypto_equal_weight,crypto,equal_weight,2023-04-01,-0.004093416876705502
crypto_equal_weight,crypto,equal_weight,2023-04-02,-0.0072803935058568855
crypto_equal_weight,crypto,equal_weight,2023-04-03,-0.0019729478224692126
crypto_equal_weight,crypto,equal_weight,2023-04-04,0.00867162338196602
crypto_equal_weight,crypto,equal_weight,2023-04-05,0.004564301417984069
crypto_equal_weight,crypto,equal_weight,2023-04-06,-0.009080694410887342
crypto_equal_weight,crypto,equal_weight,2023-04-07,-0.0009323356361592996
crypto_equal_weight,crypto,equal_weight,2023-04-08,-0.007566446210532351
crypto_equal_weight,crypto,equal_weight,2023-04-09,0.008632922376989677
crypto_equal_weight,crypto,equal_weight,2023-04-10,0.023668731282573525
crypto_equal_weight,crypto,equal_weight,2023-04-11,0.0038681087961089902
crypto_equal_weight,crypto,equal_weight,2023-04-12,-0.0046262728085786076
crypto_equal_weight,crypto,equal_weight,2023-04-13,0.02360984473641619
crypto_equal_weight,crypto,equal_weight,2023-04-14,0.01540138276383792
crypto_equal_weight,crypto,equal_weight,2023-04-15,-0.00025954952835574867
crypto_equal_weight,crypto,equal_weight,2023-04-16,0.007900648125643412
crypto_equal_weight,crypto,equal_weight,2023-04-17,-0.023991779537662856
crypto_equal_weight,crypto,equal_weight,2023-04-18,0.020403758878687575
crypto_equal_weight,crypto,equal_weight,2023-04-19,-0.07066854249270106
crypto_equal_weight,crypto,equal_weight,2023-04-20,-0.016305722867053223
crypto_equal_weight,crypto,equal_weight,2023-04-21,-0.03631678274331773
crypto_equal_weight,crypto,equal_weight,2023-04-22,0.02723532981851411
crypto_equal_weight,crypto,equal_weight,2023-04-23,-0.011196525254087531
crypto_equal_weight,crypto,equal_weight,2023-04-24,-0.006132087710811956
crypto_equal_weight,crypto,equal_weight,2023-04-25,0.016825254454531022
crypto_equal_weight,crypto,equal_weight,2023-04-26,-0.012425741463984173
crypto_equal_weight,crypto,equal_weight,2023-04-27,0.015332668473291912
crypto_equal_weight,crypto,equal_weight,2023-04-28,0.0031708007550155337
crypto_equal_weight,crypto,equal_weight,2023-04-29,0.005944348961112653
crypto_equal_weight,crypto,equal_weight,2023-04-30,-0.013780549199663612
crypto_equal_weight,crypto,equal_weight,2023-05-01,-0.017095930932513506
crypto_equal_weight,crypto,equal_weight,2023-05-02,0.013005510418303532
crypto_equal_weight,crypto,equal_weight,2023-05-03,0.007018691166026684
crypto_equal_weight,crypto,equal_weight,2023-05-04,-0.010545538137000847
crypto_equal_weight,crypto,equal_weight,2023-05-05,0.020749548887649967
crypto_equal_weight,crypto,equal_weight,2023-05-06,-0.029729270450531215
crypto_equal_weight,crypto,equal_weight,2023-05-07,-0.011535987765275505
crypto_equal_weight,crypto,equal_weight,2023-05-08,-0.035499505394761856
crypto_equal_weight,crypto,equal_weight,2023-05-09,0.01596281692271398
crypto_equal_weight,crypto,equal_weight,2023-05-10,-0.002119686059188351
crypto_equal_weight,crypto,equal_weight,2023-05-11,-0.02098172055218204
crypto_equal_weight,crypto,equal_weight,2023-05-12,0.0067939310007507185
crypto_equal_weight,crypto,equal_weight,2023-05-13,-0.00666454223844847
crypto_equal_weight,crypto,equal_weight,2023-05-14,0.009379189365333435
crypto_equal_weight,crypto,equal_weight,2023-05-15,0.00844971656724417
crypto_equal_weight,crypto,equal_weight,2023-05-16,0.008356080340450357
crypto_equal_weight,crypto,equal_weight,2023-05-17,0.014981577414507572
crypto_equal_weight,crypto,equal_weight,2023-05-18,-0.011870021093676072
crypto_equal_weight,crypto,equal_weight,2023-05-19,0.003507655879435099
crypto_equal_weight,crypto,equal_weight,2023-05-20,0.005266769340233537
crypto_equal_weight,crypto,equal_weight,2023-05-21,-0.009831202677729602
crypto_equal_weight,crypto,equal_weight,2023-05-22,0.008903566883474746
crypto_equal_weight,crypto,equal_weight,2023-05-23,0.008442092624981148
crypto_equal_weight,crypto,equal_weight,2023-05-24,-0.02943656542017528
crypto_equal_weight,crypto,equal_weight,2023-05-25,0.0005266829952407286
crypto_equal_weight,crypto,equal_weight,2023-05-26,0.012900882514374983
crypto_equal_weight,crypto,equal_weight,2023-05-27,0.008967452336227675
crypto_equal_weight,crypto,equal_weight,2023-05-28,0.026720103558437173
crypto_equal_weight,crypto,equal_weight,2023-05-29,-0.006326922904919305
crypto_equal_weight,crypto,equal_weight,2023-05-30,0.009797978686754728
crypto_equal_weight,crypto,equal_weight,2023-05-31,-0.01098571342178346
crypto_equal_weight,crypto,equal_weight,2023-06-01,-0.0070050480359822205
crypto_equal_weight,crypto,equal_weight,2023-06-02,0.03040415830364533
crypto_equal_weight,crypto,equal_weight,2023-06-03,-0.0032951782272979038
crypto_equal_weight,crypto,equal_weight,2023-06-04,0.0017577867379209495
crypto_equal_weight,crypto,equal_weight,2023-06-05,-0.05554486287436848
crypto_equal_weight,crypto,equal_weight,2023-06-06,0.03418717566936599
crypto_equal_weight,crypto,equal_weight,2023-06-07,-0.033580172036210186
crypto_equal_weight,crypto,equal_weight,2023-06-08,0.007395661428313384
crypto_equal_weight,crypto,equal_weight,2023-06-09,-0.010925826213308842
crypto_equal_weight,crypto,equal_weight,2023-06-10,-0.0833148209622775
crypto_equal_weight,crypto,equal_weight,2023-06-11,0.0024206938803915667
crypto_equal_weight,crypto,equal_weight,2023-06-12,0.0006230259053354562
crypto_equal_weight,crypto,equal_weight,2023-06-13,0.002255591494008909
crypto_equal_weight,crypto,equal_weight,2023-06-14,-0.04310164946468975
crypto_equal_weight,crypto,equal_weight,2023-06-15,0.005971676192569181
crypto_equal_weight,crypto,equal_weight,2023-06-16,0.011761798143523705
crypto_equal_weight,crypto,equal_weight,2023-06-17,0.009136133682172956
crypto_equal_weight,crypto,equal_weight,2023-06-18,-0.0049331533174904975
crypto_equal_weight,crypto,equal_weight,2023-06-19,0.006648603278044472
crypto_equal_weight,crypto,equal_weight,2023-06-20,0.02731794577457227
crypto_equal_weight,crypto,equal_weight,2023-06-21,0.07001429475371793
crypto_equal_weight,crypto,equal_weight,2023-06-22,-0.004312426414197193
crypto_equal_weight,crypto,equal_weight,2023-06-23,0.08102939924158814
crypto_equal_weight,crypto,equal_weight,2023-06-24,0.022398464631835993
crypto_equal_weight,crypto,equal_weight,2023-06-25,-0.01805072907037065
crypto_equal_weight,crypto,equal_weight,2023-06-26,0.016874428829990743
crypto_equal_weight,crypto,equal_weight,2023-06-27,0.023629299510732837
crypto_equal_weight,crypto,equal_weight,2023-06-28,-0.03652209597547193
crypto_equal_weight,crypto,equal_weight,2023-06-29,0.03897888271980672
crypto_equal_weight,crypto,equal_weight,2023-06-30,0.10622683925971953
crypto_equal_weight,crypto,equal_weight,2023-07-01,-0.0018449409424392102
crypto_equal_weight,crypto,equal_weight,2023-07-02,0.004976863534683969
crypto_equal_weight,crypto,equal_weight,2023-07-03,-0.00514718643958188
crypto_equal_weight,crypto,equal_weight,2023-07-04,-0.019098329312728753
crypto_equal_weight,crypto,equal_weight,2023-07-05,-0.015279189118588561
crypto_equal_weight,crypto,equal_weight,2023-07-06,-0.02512386567699831
crypto_equal_weight,crypto,equal_weight,2023-07-07,0.017931690297458548
crypto_equal_weight,crypto,equal_weight,2023-07-08,0.001707615708055955
crypto_equal_weight,crypto,equal_weight,2023-07-09,-0.013725428788935729
crypto_equal_weight,crypto,equal_weight,2023-07-10,0.012372824807645746
crypto_equal_weight,crypto,equal_weight,2023-07-11,0.0004661014772484431
crypto_equal_weight,crypto,equal_weight,2023-07-12,-0.004446765093672787
crypto_equal_weight,crypto,equal_weight,2023-07-13,0.19460963142944754
crypto_equal_weight,crypto,equal_weight,2023-07-14,-0.06755813010612674
crypto_equal_weight,crypto,equal_weight,2023-07-15,-0.010449570746368804
crypto_equal_weight,crypto,equal_weight,2023-07-16,-0.002378874151477566
crypto_equal_weight,crypto,equal_weight,2023-07-17,-0.004427085882939693
crypto_equal_weight,crypto,equal_weight,2023-07-18,0.003922464330182332
crypto_equal_weight,crypto,equal_weight,2023-07-19,0.034981972449767015
crypto_equal_weight,crypto,equal_weight,2023-07-20,-0.0008437888939616988
crypto_equal_weight,crypto,equal_weight,2023-07-21,-0.005238735914569847
crypto_equal_weight,crypto,equal_weight,2023-07-22,-0.01417380668354243
crypto_equal_weight,crypto,equal_weight,2023-07-23,0.011694092866230212
crypto_equal_weight,crypto,equal_weight,2023-07-24,-0.04047617360865696
crypto_equal_weight,crypto,equal_weight,2023-07-25,0.0008039824967041552
crypto_equal_weight,crypto,equal_weight,2023-07-26,0.016802931976992917
crypto_equal_weight,crypto,equal_weight,2023-07-27,0.002635134839549325
crypto_equal_weight,crypto,equal_weight,2023-07-28,0.00746515889174203
crypto_equal_weight,crypto,equal_weight,2023-07-29,0.0020415023032044357
crypto_equal_weight,crypto,equal_weight,2023-07-30,-0.0039513613869200225
crypto_equal_weight,crypto,equal_weight,2023-07-31,-0.01793219753938917
crypto_equal_weight,crypto,equal_weight,2023-08-01,0.008097901202082248
crypto_equal_weight,crypto,equal_weight,2023-08-02,-0.03713711522123378
crypto_equal_weight,crypto,equal_weight,2023-08-03,-0.017178845305883237
crypto_equal_weight,crypto,equal_weight,2023-08-04,-0.007274948820143057
crypto_equal_weight,crypto,equal_weight,2023-08-05,0.004310849622460908
crypto_equal_weight,crypto,equal_weight,2023-08-06,-0.005332228036232717
crypto_equal_weight,crypto,equal_weight,2023-08-07,0.006583704948536065
crypto_equal_weight,crypto,equal_weight,2023-08-08,0.01453441254084658
crypto_equal_weight,crypto,equal_weight,2023-08-09,-0.0024367132541875764
crypto_equal_weight,crypto,equal_weight,2023-08-10,-0.010166175909217307
crypto_equal_weight,crypto,equal_weight,2023-08-11,-0.0025467130322975803
crypto_equal_weight,crypto,equal_weight,2023-08-12,0.00010190111917514658
crypto_equal_weight,crypto,equal_weight,2023-08-13,-0.006197628497143712
crypto_equal_weight,crypto,equal_weight,2023-08-14,0.001944835452440038
crypto_equal_weight,crypto,equal_weight,2023-08-15,-0.028140340067988375
crypto_equal_weight,crypto,equal_weight,2023-08-16,-0.03834380254701679
crypto_equal_weight,crypto,equal_weight,2023-08-17,-0.08669427808551794
crypto_equal_weight,crypto,equal_weight,2023-08-18,0.00570113781465127
crypto_equal_weight,crypto,equal_weight,2023-08-19,0.014237881776365506
crypto_equal_weight,crypto,equal_weight,2023-08-20,0.016628368443215538
crypto_equal_weight,crypto,equal_weight,2023-08-21,-0.01039971571821442
crypto_equal_weight,crypto,equal_weight,2023-08-22,-0.014009685603370192
crypto_equal_weight,crypto,equal_weight,2023-08-23,0.03153824737876455
crypto_equal_weight,crypto,equal_weight,2023-08-24,-0.012157476028172519
crypto_equal_weight,crypto,equal_weight,2023-08-25,-0.0012517724069457045
crypto_equal_weight,crypto,equal_weight,2023-08-26,-0.0054030885181504335
crypto_equal_weight,crypto,equal_weight,2023-08-27,0.00889720942056853
crypto_equal_weight,crypto,equal_weight,2023-08-28,-0.005979339914693699
crypto_equal_weight,crypto,equal_weight,2023-08-29,0.05358799995483159
crypto_equal_weight,crypto,equal_weight,2023-08-30,-0.0225004268507438
crypto_equal_weight,crypto,equal_weight,2023-08-31,-0.03712673964985979
crypto_equal_weight,crypto,equal_weight,2023-09-01,-0.012928701106311181
crypto_equal_weight,crypto,equal_weight,2023-09-02,0.002215539918379872
crypto_equal_weight,crypto,equal_weight,2023-09-03,0.006080229501204411
crypto_equal_weight,crypto,equal_weight,2023-09-04,0.003404718518299827
crypto_equal_weight,crypto,equal_weight,2023-09-05,-0.0016892433662041792
crypto_equal_weight,crypto,equal_weight,2023-09-06,0.001512918558830907
crypto_equal_weight,crypto,equal_weight,2023-09-07,0.0076308374937323325
crypto_equal_weight,crypto,equal_weight,2023-09-08,-0.004939399874302221
crypto_equal_weight,crypto,equal_weight,2023-09-09,0.0040259735770937265
crypto_equal_weight,crypto,equal_weight,2023-09-10,-0.013112358576017454
crypto_equal_weight,crypto,equal_weight,2023-09-11,-0.03315321487958793
crypto_equal_weight,crypto,equal_weight,2023-09-12,0.018716605983053664
crypto_equal_weight,crypto,equal_weight,2023-09-13,0.010669642218085662
crypto_equal_weight,crypto,equal_weight,2023-09-14,0.015003121265690655
crypto_equal_weight,crypto,equal_weight,2023-09-15,0.017324425029942896
crypto_equal_weight,crypto,equal_weight,2023-09-16,-0.004004845277374598
crypto_equal_weight,crypto,equal_weight,2023-09-17,-0.016311725308252586
crypto_equal_weight,crypto,equal_weight,2023-09-18,0.019554767235376674
crypto_equal_weight,crypto,equal_weight,2023-09-19,0.011905952687184265
crypto_equal_weight,crypto,equal_weight,2023-09-20,-0.010710412698692528
crypto_equal_weight,crypto,equal_weight,2023-09-21,-0.019840022444533943
crypto_equal_weight,crypto,equal_weight,2023-09-22,0.0012233993811192171
crypto_equal_weight,crypto,equal_weight,2023-09-23,0.002558530849251639
crypto_equal_weight,crypto,equal_weight,2023-09-24,-0.012934745282132523
crypto_equal_weight,crypto,equal_weight,2023-09-25,0.008746886477226809
crypto_equal_weight,crypto,equal_weight,2023-09-26,-0.003005518476203248
crypto_equal_weight,crypto,equal_weight,2023-09-27,0.009647486109121143
crypto_equal_weight,crypto,equal_weight,2023-09-28,0.025222587421543468
crypto_equal_weight,crypto,equal_weight,2023-09-29,0.005356666205641765
crypto_equal_weight,crypto,equal_weight,2023-09-30,0.0038085660653418086
crypto_equal_weight,crypto,equal_weight,2023-10-01,0.02950824562609182
crypto_equal_weight,crypto,equal_weight,2023-10-02,-0.022623329658021968
crypto_equal_weight,crypto,equal_weight,2023-10-03,-0.0002063960104233221
crypto_equal_weight,crypto,equal_weight,2023-10-04,-0.006364907181539389
crypto_equal_weight,crypto,equal_weight,2023-10-05,-0.01107473368496983
crypto_equal_weight,crypto,equal_weight,2023-10-06,0.009782130535935483
crypto_equal_weight,crypto,equal_weight,2023-10-07,-0.004330954673990026
crypto_equal_weight,crypto,equal_weight,2023-10-08,-0.004799654681893785
crypto_equal_weight,crypto,equal_weight,2023-10-09,-0.030765302672163382
crypto_equal_weight,crypto,equal_weight,2023-10-10,-0.0073971704864802795
crypto_equal_weight,crypto,equal_weight,2023-10-11,-0.009161726099787772
crypto_equal_weight,crypto,equal_weight,2023-10-12,-0.008356920704146422
crypto_equal_weight,crypto,equal_weight,2023-10-13,0.006975471795303379
crypto_equal_weight,crypto,equal_weight,2023-10-14,0.001488137463152601
crypto_equal_weight,crypto,equal_weight,2023-10-15,0.0061497430311389005
crypto_equal_weight,crypto,equal_weight,2023-10-16,0.029813099943589418
crypto_equal_weight,crypto,equal_weight,2023-10-17,-0.018636114248321792
crypto_equal_weight,crypto,equal_weight,2023-10-18,-0.006803704025871152
crypto_equal_weight,crypto,equal_weight,2023-10-19,0.017017503738544493
crypto_equal_weight,crypto,equal_weight,2023-10-20,0.021388232485612817
crypto_equal_weight,crypto,equal_weight,2023-10-21,0.018400781966805883
crypto_equal_weight,crypto,equal_weight,2023-10-22,0.0045714186193081974
crypto_equal_weight,crypto,equal_weight,2023-10-23,0.057796200496971914
crypto_equal_weight,crypto,equal_weight,2023-10-24,0.00021353693728263568
crypto_equal_weight,crypto,equal_weight,2023-10-25,0.003941608690810102
crypto_equal_weight,crypto,equal_weight,2023-10-26,-0.0006868243280830533
crypto_equal_weight,crypto,equal_weight,2023-10-27,-0.01062667315428285
crypto_equal_weight,crypto,equal_weight,2023-10-28,0.01176454780287931
crypto_equal_weight,crypto,equal_weight,2023-10-29,0.012376119343383521
crypto_equal_weight,crypto,equal_weight,2023-10-30,0.01198657239491133
crypto_equal_weight,crypto,equal_weight,2023-10-31,0.00909252357547877
crypto_equal_weight,crypto,equal_weight,2023-11-01,0.020423321832506593
crypto_equal_weight,crypto,equal_weight,2023-11-02,-0.01042805303592432
crypto_equal_weight,crypto,equal_weight,2023-11-03,0.005712634073299404
crypto_equal_weight,crypto,equal_weight,2023-11-04,0.009130722749863667
crypto_equal_weight,crypto,equal_weight,2023-11-05,0.02257480094548139
crypto_equal_weight,crypto,equal_weight,2023-11-06,0.03079656582699511
crypto_equal_weight,crypto,equal_weight,2023-11-07,-0.016149700396544387
crypto_equal_weight,crypto,equal_weight,2023-11-08,0.009197813222814056
crypto_equal_weight,crypto,equal_weight,2023-11-09,0.018483954202138723
crypto_equal_weight,crypto,equal_weight,2023-11-10,0.01605629046836945
crypto_equal_weight,crypto,equal_weight,2023-11-11,-2.862747291347957e-06
crypto_equal_weight,crypto,equal_weight,2023-11-12,-0.0006789980592911657
crypto_equal_weight,crypto,equal_weight,2023-11-13,-0.01597155293551632
crypto_equal_weight,crypto,equal_weight,2023-11-14,-0.03227941120393557
crypto_equal_weight,crypto,equal_weight,2023-11-15,0.0423224872747332
crypto_equal_weight,crypto,equal_weight,2023-11-16,-0.0334433807186387
crypto_equal_weight,crypto,equal_weight,2023-11-17,-0.0013422077433372463
crypto_equal_weight,crypto,equal_weight,2023-11-18,0.0015739549411869476
crypto_equal_weight,crypto,equal_weight,2023-11-19,0.017621457509202975
crypto_equal_weight,crypto,equal_weight,2023-11-20,-0.012315163102475353
crypto_equal_weight,crypto,equal_weight,2023-11-21,-0.053229418839690214
crypto_equal_weight,crypto,equal_weight,2023-11-22,0.047940125932660435
crypto_equal_weight,crypto,equal_weight,2023-11-23,0.003370523484884449
crypto_equal_weight,crypto,equal_weight,2023-11-24,0.010471788691152326
crypto_equal_weight,crypto,equal_weight,2023-11-25,0.015096392819622247
crypto_equal_weight,crypto,equal_weight,2023-11-26,-0.011009194030948091
crypto_equal_weight,crypto,equal_weight,2023-11-27,-0.02449590132825865
crypto_equal_weight,crypto,equal_weight,2023-11-28,0.011177493405200566
crypto_equal_weight,crypto,equal_weight,2023-11-29,-0.0018654921961470455
crypto_equal_weight,crypto,equal_weight,2023-11-30,-0.003853845581370818
crypto_equal_weight,crypto,equal_weight,2023-12-01,0.01645782673107902
crypto_equal_weight,crypto,equal_weight,2023-12-02,0.019703734519923216
crypto_equal_weight,crypto,equal_weight,2023-12-03,0.00448858112953874
crypto_equal_weight,crypto,equal_weight,2023-12-04,0.024456828521678402
crypto_equal_weight,crypto,equal_weight,2023-12-05,0.018703910550354273
crypto_equal_weight,crypto,equal_weight,2023-12-06,0.0008999192259118083
crypto_equal_weight,crypto,equal_weight,2023-12-07,0.024354890200771633
crypto_equal_weight,crypto,equal_weight,2023-12-08,0.04801274746534503
crypto_equal_weight,crypto,equal_weight,2023-12-09,0.008048153459247287
crypto_equal_weight,crypto,equal_weight,2023-12-10,0.002397526367983918
crypto_equal_weight,crypto,equal_weight,2023-12-11,-0.06653605044439631
crypto_equal_weight,crypto,equal_weight,2023-12-12,0.00793807259612938
crypto_equal_weight,crypto,equal_weight,2023-12-13,0.03548323485026673
crypto_equal_weight,crypto,equal_weight,2023-12-14,0.0035261726155272153
crypto_equal_weight,crypto,equal_weight,2023-12-15,-0.04152317275063673
crypto_equal_weight,crypto,equal_weight,2023-12-16,0.018773588087143078
crypto_equal_weight,crypto,equal_weight,2023-12-17,-0.020400302727504885
crypto_equal_weight,crypto,equal_weight,2023-12-18,0.0039836095014272824
crypto_equal_weight,crypto,equal_weight,2023-12-19,-0.015326039948230475
crypto_equal_weight,crypto,equal_weight,2023-12-20,0.01957750364862817
crypto_equal_weight,crypto,equal_weight,2023-12-21,0.030805745283406738
crypto_equal_weight,crypto,equal_weight,2023-12-22,0.015529163135972988
crypto_equal_weight,crypto,equal_weight,2023-12-23,-0.0095639986441738
crypto_equal_weight,crypto,equal_weight,2023-12-24,-0.01876209155465476
crypto_equal_weight,crypto,equal_weight,2023-12-25,0.03195266658961679
crypto_equal_weight,crypto,equal_weight,2023-12-26,-0.02262899993009788
crypto_equal_weight,crypto,equal_weight,2023-12-27,0.05173267889784121
crypto_equal_weight,crypto,equal_weight,2023-12-28,-0.009959621066870884
crypto_equal_weight,crypto,equal_weight,2023-12-29,-0.01855399847402361
crypto_equal_weight,crypto,equal_weight,2023-12-30,0.006707291273368927
crypto_equal_weight,crypto,equal_weight,2023-12-31,-0.012380289704493633
crypto_min_variance,crypto,min_variance,2021-01-01,0.008831374099225974
crypto_min_variance,crypto,min_variance,2021-01-02,0.04068867899279155
crypto_min_variance,crypto,min_variance,2021-01-03,0.11809689336362128
crypto_min_variance,crypto,min_variance,2021-01-04,0.034533901034930994
crypto_min_variance,crypto,min_variance,2021-01-05,0.028920419295639318
crypto_min_variance,crypto,min_variance,2021-01-06,0.12395656102885208
crypto_min_variance,crypto,min_variance,2021-01-07,0.010602223028212936
crypto_min_variance,crypto,min_variance,2021-01-08,-0.0029462349537668488
crypto_min_variance,crypto,min_variance,2021-01-09,0.05371902118673711
crypto_min_variance,crypto,min_variance,2021-01-10,-0.018653732715537087
crypto_min_variance,crypto,min_variance,2021-01-11,-0.12755783793457817
crypto_min_variance,crypto,min_variance,2021-01-12,-0.028510700517588666
crypto_min_variance,crypto,min_variance,2021-01-13,0.08288886013972988
crypto_min_variance,crypto,min_variance,2021-01-14,0.030610153107858307
crypto_min_variance,crypto,min_variance,2021-01-15,-0.037644225825249754
crypto_min_variance,crypto,min_variance,2021-01-16,0.016860310403370996
crypto_min_variance,crypto,min_variance,2021-01-17,-0.003880629782620413
crypto_min_variance,crypto,min_variance,2021-01-18,0.02759770089357616
crypto_min_variance,crypto,min_variance,2021-01-19,0.018142394510018776
crypto_min_variance,crypto,min_variance,2021-01-20,-0.006235469764439972
crypto_min_variance,crypto,min_variance,2021-01-21,-0.13340403496690698
crypto_min_variance,crypto,min_variance,2021-01-22,0.06314341995480996
crypto_min_variance,crypto,min_variance,2021-01-23,-0.0015712672100354793
crypto_min_variance,crypto,min_variance,2021-01-24,0.045422679317967465
crypto_min_variance,crypto,min_variance,2021-01-25,-0.024559540069125446
crypto_min_variance,crypto,min_variance,2021-01-26,0.0029503192387125986
crypto_min_variance,crypto,min_variance,2021-01-27,-0.06814559106501857
crypto_min_variance,crypto,min_variance,2021-01-28,0.08907262313770462
crypto_min_variance,crypto,min_variance,2021-01-29,0.037337053909578685
crypto_min_variance,crypto,min_variance,2021-01-30,0.018369387098561084
crypto_min_variance,crypto,min_variance,2021-01-31,-0.02467216751551735
crypto_min_variance,crypto,min_variance,2021-02-01,0.014549521354062258
crypto_min_variance,crypto,min_variance,2021-02-02,0.030070191578205757
crypto_min_variance,crypto,min_variance,2021-02-03,0.044164671982958315
crypto_min_variance,crypto,min_variance,2021-02-04,-0.02630834732631479
crypto_min_variance,crypto,min_variance,2021-02-05,0.07688545389702349
crypto_min_variance,crypto,min_variance,2021-02-06,-0.000901453382307562
crypto_min_variance,crypto,min_variance,2021-02-07,-0.0015763145456458222
crypto_min_variance,crypto,min_variance,2021-02-08,0.10090864424113284
crypto_min_variance,crypto,min_variance,2021-02-09,0.09348688445397443
crypto_min_variance,crypto,min_variance,2021-02-10,0.01075370080739873
crypto_min_variance,crypto,min_variance,2021-02-11,0.11261317904523191
crypto_min_variance,crypto,min_variance,2021-02-12,0.01948204380813088
crypto_min_variance,crypto,min_variance,2021-02-13,0.14656696651543671
crypto_min_variance,crypto,min_variance,2021-02-14,-0.03931404195302871
crypto_min_variance,crypto,min_variance,2021-02-15,-0.0656446288927271
crypto_min_variance,crypto,min_variance,2021-02-16,0.003766619069091341
crypto_min_variance,crypto,min_variance,2021-02-17,0.054798809336072736
crypto_min_variance,crypto,min_variance,2021-02-18,-0.0035552871127700687
crypto_min_variance,crypto,min_variance,2021-02-19,0.06765495018576213
crypto_min_variance,crypto,min_variance,2021-02-20,-0.03551823209037938
crypto_min_variance,crypto,min_variance,2021-02-21,0.029240456183100946
crypto_min_variance,crypto,min_variance,2021-02-22,-0.08066745460029554
crypto_min_variance,crypto,min_variance,2021-02-23,-0.16094383778537633
crypto_min_variance,crypto,min_variance,2021-02-24,0.03631289646696009
crypto_min_variance,crypto,min_variance,2021-02-25,-0.05655700768646171
crypto_min_variance,crypto,min_variance,2021-02-26,-0.021325092992104135
crypto_min_variance,crypto,min_variance,2021-02-27,0.022061663218179622
crypto_min_variance,crypto,min_variance,2021-02-28,-0.042815916075511044
crypto_min_variance,crypto,min_variance,2021-03-01,0.07287883756969345
crypto_min_variance,crypto,min_variance,2021-03-02,-0.018860641543982808
crypto_min_variance,crypto,min_variance,2021-03-03,0.045258743892775954
crypto_min_variance,crypto,min_variance,2021-03-04,-0.007783361088737097
crypto_min_variance,crypto,min_variance,2021-03-05,-0.010269895488635734
crypto_min_variance,crypto,min_variance,2021-03-06,0.015896380279437725
crypto_min_variance,crypto,min_variance,2021-03-07,0.0341436412667706
crypto_min_variance,crypto,min_variance,2021-03-08,0.02256988057644773
crypto_min_variance,crypto,min_variance,2021-03-09,0.04000379904855919
crypto_min_variance,crypto,min_variance,2021-03-10,-0.02267336435189833
crypto_min_variance,crypto,min_variance,2021-03-11,0.009089568284586532
crypto_min_variance,crypto,min_variance,2021-03-12,-0.010962554330910593
crypto_min_variance,crypto,min_variance,2021-03-13,0.0790730634828043
crypto_min_variance,crypto,min_variance,2021-03-14,-0.04535558774802836
crypto_min_variance,crypto,min_variance,2021-03-15,-0.03883386838471578
crypto_min_variance,crypto,min_variance,2021-03-16,0.0273063276618526
crypto_min_variance,crypto,min_variance,2021-03-17,0.026510903718614882
crypto_min_variance,crypto,min_variance,2021-03-18,-0.017474505309100795
crypto_min_variance,crypto,min_variance,2021-03-19,0.02520174133495902
crypto_min_variance,crypto,min_variance,2021-03-20,0.019622159028477942
crypto_min_variance,crypto,min_variance,2021-03-21,-0.008648830340380192
crypto_min_variance,crypto,min_variance,2021-03-22,-0.03666559194859979
crypto_min_variance,crypto,min_variance,2021-03-23,0.004067846248276984
crypto_min_variance,crypto,min_variance,2021-03-24,-0.06107939896308602
crypto_min_variance,crypto,min_variance,2021-03-25,-0.007084454427972556
crypto_min_variance,crypto,min_variance,2021-03-26,0.0971420796295766
crypto_min_variance,crypto,min_variance,2021-03-27,-0.004724919803300676
crypto_min_variance,crypto,min_variance,2021-03-28,-0.000964491758476009
crypto_min_variance,crypto,min_variance,2021-03-29,0.040468346184241596
crypto_min_variance,crypto,min_variance,2021-03-30,0.017834188489581855
crypto_min_variance,crypto,min_variance,2021-03-31,0.11634143760046958
crypto_min_variance,crypto,min_variance,2021-04-01,0.008200311300968991
crypto_min_variance,crypto,min_variance,2021-04-02,0.05464994851930886
crypto_min_variance,crypto,min_variance,2021-04-03,-0.03361000854535491
crypto_min_variance,crypto,min_variance,2021-04-04,0.08976789469527666
crypto_min_variance,crypto,min_variance,2021-04-05,0.06993202583744496
crypto_min_variance,crypto,min_variance,2021-04-06,0.0196126058648892
crypto_min_variance,crypto,min_variance,2021-04-07,-0.06390766299154883
crypto_min_variance,crypto,min_variance,2021-04-08,0.06520775304816423
crypto_min_variance,crypto,min_variance,2021-04-09,-0.026887607211176445
crypto_min_variance,crypto,min_variance,2021-04-10,0.09628867180720256
crypto_min_variance,crypto,min_variance,2021-04-11,-0.0024616112122940797
crypto_min_variance,crypto,min_variance,2021-04-12,0.0059360270076044145
crypto_min_variance,crypto,min_variance,2021-04-13,0.10912235825726253
crypto_min_variance,crypto,min_variance,2021-04-14,0.018435205894904428
crypto_min_variance,crypto,min_variance,2021-04-15,0.08355627378552397
crypto_min_variance,crypto,min_variance,2021-04-16,0.04609271969091782
crypto_min_variance,crypto,min_variance,2021-04-17,-0.019650929991959352
crypto_min_variance,crypto,min_variance,2021-04-18,-0.07058405427199596
crypto_min_variance,crypto,min_variance,2021-04-19,-0.06226426139678577
crypto_min_variance,crypto,min_variance,2021-04-20,0.02583949754008777
crypto_min_variance,crypto,min_variance,2021-04-21,-0.03815924828938558
crypto_min_variance,crypto,min_variance,2021-04-22,-0.02865751677606293
crypto_min_variance,crypto,min_variance,2021-04-23,-0.0193147390100344
crypto_min_variance,crypto,min_variance,2021-04-24,-0.06887561536398602
crypto_min_variance,crypto,min_variance,2021-04-25,-0.0029042789477307608
crypto_min_variance,crypto,min_variance,2021-04-26,0.14018391631672267
crypto_min_variance,crypto,min_variance,2021-04-27,0.041322951480947695
crypto_min_variance,crypto,min_variance,2021-04-28,0.0067380016767330745
crypto_min_variance,crypto,min_variance,2021-04-29,-0.007041802841794867
crypto_min_variance,crypto,min_variance,2021-04-30,0.06418501929633189
crypto_min_variance,crypto,min_variance,2021-05-01,0.04830985421689352
crypto_min_variance,crypto,min_variance,2021-05-02,-0.01375487475696094
crypto_min_variance,crypto,min_variance,2021-05-03,0.08536988820354319
crypto_min_variance,crypto,min_variance,2021-05-04,0.022281318133175184
crypto_min_variance,crypto,min_variance,2021-05-05,0.18999415423489016
crypto_min_variance,crypto,min_variance,2021-05-06,0.12934432670667018
crypto_min_variance,crypto,min_variance,2021-05-07,-0.04183667464161597
crypto_min_variance,crypto,min_variance,2021-05-08,0.03507270485500797
crypto_min_variance,crypto,min_variance,2021-05-09,-0.0003059920494255866
crypto_min_variance,crypto,min_variance,2021-05-10,-0.06867684369237437
crypto_min_variance,crypto,min_variance,2021-05-11,0.06629983743327503
crypto_min_variance,crypto,min_variance,2021-05-12,-0.17492176969140172
crypto_min_variance,crypto,min_variance,2021-05-13,0.0463474093183204
crypto_min_variance,crypto,min_variance,2021-05-14,0.08226147448913965
crypto_min_variance,crypto,min_variance,2021-05-15,-0.06262684311054727
crypto_min_variance,crypto,min_variance,2021-05-16,-0.00328548033011906
crypto_min_variance,crypto,min_variance,2021-05-17,-0.06566538863119742
crypto_min_variance,crypto,min_variance,2021-05-18,0.009223428578814887
crypto_min_variance,crypto,min_variance,2021-05-19,-0.28936707965505537
crypto_min_variance,crypto,min_variance,2021-05-20,0.16328681258354502
crypto_min_variance,crypto,min_variance,2021-05-21,-0.1300693576653481
crypto_min_variance,crypto,min_variance,2021-05-22,-0.05442629758663342
crypto_min_variance,crypto,min_variance,2021-05-23,-0.10928358701714828
crypto_min_variance,crypto,min_variance,2021-05-24,0.26344584779720526
crypto_min_variance,crypto,min_variance,2021-05-25,0.024408888577133952
crypto_min_variance,crypto,min_variance,2021-05-26,0.06017682678916539
crypto_min_variance,crypto,min_variance,2021-05-27,-0.05120268228663291
crypto_min_variance,crypto,min_variance,2021-05-28,-0.08821482092700485
crypto_min_variance,crypto,min_variance,2021-05-29,-0.05636162407839275
crypto_min_variance,crypto,min_variance,2021-05-30,0.04863602673280634
crypto_min_variance,crypto,min_variance,2021-05-31,0.08527571988987284
crypto_min_variance,crypto,min_variance,2021-06-01,-0.019190854700517283
crypto_min_variance,crypto,min_variance,2021-06-02,0.022139368406610658
crypto_min_variance,crypto,min_variance,2021-06-03,0.045048197814613174
crypto_min_variance,crypto,min_variance,2021-06-04,-0.06412076765992658
crypto_min_variance,crypto,min_variance,2021-06-05,-0.02876925316331472
crypto_min_variance,crypto,min_variance,2021-06-06,0.020182852825517232
crypto_min_variance,crypto,min_variance,2021-06-07,-0.06861164087884945
crypto_min_variance,crypto,min_variance,2021-06-08,-0.0017841776090125174
crypto_min_variance,crypto,min_variance,2021-06-09,0.05763547840768721
crypto_min_variance,crypto,min_variance,2021-06-10,-0.03722481906045889
crypto_min_variance,crypto,min_variance,2021-06-11,-0.03170794387963146
crypto_min_variance,crypto,min_variance,2021-06-12,-0.009870193320105521
crypto_min_variance,crypto,min_variance,2021-06-13,0.06426875358558305
crypto_min_variance,crypto,min_variance,2021-06-14,0.014783740920742899
crypto_min_variance,crypto,min_variance,2021-06-15,0.01594449304894701
crypto_min_variance,crypto,min_variance,2021-06-16,-0.06630393262580332
crypto_min_variance,crypto,min_variance,2021-06-17,0.01374810774105907
crypto_min_variance,crypto,min_variance,2021-06-18,-0.05754710352428546
crypto_min_variance,crypto,min_variance,2021-06-19,-0.0160332900069992
crypto_min_variance,crypto,min_variance,2021-06-20,0.010356903129032367
crypto_min_variance,crypto,min_variance,2021-06-21,-0.1712025271835245
crypto_min_variance,crypto,min_variance,2021-06-22,-0.019089571520966294
crypto_min_variance,crypto,min_variance,2021-06-23,0.07033693354721587
crypto_min_variance,crypto,min_variance,2021-06-24,0.06545860044727117
crypto_min_variance,crypto,min_variance,2021-06-25,-0.07696116353062851
crypto_min_variance,crypto,min_variance,2021-06-26,0.010593638217458163
crypto_min_variance,crypto,min_variance,2021-06-27,0.059925433611838365
crypto_min_variance,crypto,min_variance,2021-06-28,0.015320758448221046
crypto_min_variance,crypto,min_variance,2021-06-29,0.04501232186238866
crypto_min_variance,crypto,min_variance,2021-06-30,0.008904574058291077
crypto_min_variance,crypto,min_variance,2021-07-01,-0.04890041711448656
crypto_min_variance,crypto,min_variance,2021-07-02,0.01711964953384341
crypto_min_variance,crypto,min_variance,2021-07-03,0.01954814045111244
crypto_min_variance,crypto,min_variance,2021-07-04,0.027213910949725653
crypto_min_variance,crypto,min_variance,2021-07-05,-0.04462935531612992
crypto_min_variance,crypto,min_variance,2021-07-06,0.018880257574959935
crypto_min_variance,crypto,min_variance,2021-07-07,-0.009708125571932093
crypto_min_variance,crypto,min_variance,2021-07-08,-0.05057660321139329
crypto_min_variance,crypto,min_variance,2021-07-09,0.018025373302786023
crypto_min_variance,crypto,min_variance,2021-07-10,-0.01053381577952072
crypto_min_variance,crypto,min_variance,2021-07-11,0.010839114134078358
crypto_min_variance,crypto,min_variance,2021-07-12,-0.026930984001846764
crypto_min_variance,crypto,min_variance,2021-07-13,-0.025674894509853226
crypto_min_variance,crypto,min_variance,2021-07-14,0.007067940507383864
crypto_min_variance,crypto,min_variance,2021-07-15,-0.036752360027738316
crypto_min_variance,crypto,min_variance,2021-07-16,-0.02706531800379086
crypto_min_variance,crypto,min_variance,2021-07-17,0.0016227712957771132
crypto_min_variance,crypto,min_variance,2021-07-18,0.002731429430876417
crypto_min_variance,crypto,min_variance,2021-07-19,-0.04445654180185508
crypto_min_variance,crypto,min_variance,2021-07-20,-0.04199957685157141
crypto_min_variance,crypto,min_variance,2021-07-21,0.09034410439384477
crypto_min_variance,crypto,min_variance,2021-07-22,0.018834309042540995
crypto_min_variance,crypto,min_variance,2021-07-23,0.030480816852958795
crypto_min_variance,crypto,min_variance,2021-07-24,0.022584306604363436
crypto_min_variance,crypto,min_variance,2021-07-25,0.00981524066703395
crypto_min_variance,crypto,min_variance,2021-07-26,0.028945030338664433
crypto_min_variance,crypto,min_variance,2021-07-27,0.03170372867755417
crypto_min_variance,crypto,min_variance,2021-07-28,0.014696284566818991
crypto_min_variance,crypto,min_variance,2021-07-29,0.014107452627095483
crypto_min_variance,crypto,min_variance,2021-07-30,0.03418263858751887
crypto_min_variance,crypto,min_variance,2021-07-31,0.005263408991002279
crypto_min_variance,crypto,min_variance,2021-08-01,-0.015237261409924504
crypto_min_variance,crypto,min_variance,2021-08-02,0.004734063537782005
crypto_min_variance,crypto,min_variance,2021-08-03,-0.013436469212374187
crypto_min_variance,crypto,min_variance,2021-08-04,0.045061096217103094
crypto_min_variance,crypto,min_variance,2021-08-05,0.024071360392674913
crypto_min_variance,crypto,min_variance,2021-08-06,0.027099936863273204
crypto_min_variance,crypto,min_variance,2021-08-07,0.05757138444806222
crypto_min_variance,crypto,min_variance,2021-08-08,-0.03551126108971158
crypto_min_variance,crypto,min_variance,2021-08-09,0.056691666679430194
crypto_min_variance,crypto,min_variance,2021-08-10,0.019461112704440682
crypto_min_variance,crypto,min_variance,2021-08-11,0.04878272203430435
crypto_min_variance,crypto,min_variance,2021-08-12,-0.01473490482403545
crypto_min_variance,crypto,min_variance,2021-08-13,0.10328783580852825
crypto_min_variance,crypto,min_variance,2021-08-14,0.009873378594625015
crypto_min_variance,crypto,min_variance,2021-08-15,0.0034881363802818604
crypto_min_variance,crypto,min_variance,2021-08-16,-0.03728001217582571
crypto_min_variance,crypto,min_variance,2021-08-17,-0.052320226080061635
crypto_min_variance,crypto,min_variance,2021-08-18,0.019368824347892565
crypto_min_variance,crypto,min_variance,2021-08-19,0.07126721481625345
crypto_min_variance,crypto,min_variance,2021-08-20,0.03254550490537901
crypto_min_variance,crypto,min_variance,2021-08-21,-0.017374637048524662
crypto_min_variance,crypto,min_variance,2021-08-22,0.037513208671934806
crypto_min_variance,crypto,min_variance,2021-08-23,0.02991448290457129
crypto_min_variance,crypto,min_variance,2021-08-24,-0.058017764170003004
crypto_min_variance,crypto,min_variance,2021-08-25,0.019919832650059557
crypto_min_variance,crypto,min_variance,2021-08-26,-0.05392121339797292
crypto_min_variance,crypto,min_variance,2021-08-27,0.08202926770609605
crypto_min_variance,crypto,min_variance,2021-08-28,-0.01232713291966188
crypto_min_variance,crypto,min_variance,2021-08-29,-0.000526220299361739
crypto_min_variance,crypto,min_variance,2021-08-30,-0.030946366833953073
crypto_min_variance,crypto,min_variance,2021-08-31,0.027723750791465412
crypto_min_variance,crypto,min_variance,2021-09-01,0.06289298322315919
crypto_min_variance,crypto,min_variance,2021-09-02,0.018484103025122402
crypto_min_variance,crypto,min_variance,2021-09-03,0.04644533765023836
crypto_min_variance,crypto,min_variance,2021-09-04,-0.01163759129656153
crypto_min_variance,crypto,min_variance,2021-09-05,0.0423160831797379
crypto_min_variance,crypto,min_variance,2021-09-06,-0.01637549089416424
crypto_min_variance,crypto,min_variance,2021-09-07,-0.14735557256917747
crypto_min_variance,crypto,min_variance,2021-09-08,0.01818736377906549
crypto_min_variance,crypto,min_variance,2021-09-09,0.0012242220889703956
crypto_min_variance,crypto,min_variance,2021-09-10,-0.04022423176494555
crypto_min_variance,crypto,min_variance,2021-09-11,0.038424852865090335
crypto_min_variance,crypto,min_variance,2021-09-12,0.053266861405837966
crypto_min_variance,crypto,min_variance,2021-09-13,-0.04461868013735434
crypto_min_variance,crypto,min_variance,2021-09-14,0.052034172870346986
crypto_min_variance,crypto,min_variance,2021-09-15,0.034138253305272204
crypto_min_variance,crypto,min_variance,2021-09-16,-0.0230857619291278
crypto_min_variance,crypto,min_variance,2021-09-17,-0.046040178332795084
crypto_min_variance,crypto,min_variance,2021-09-18,0.011402984803254496
crypto_min_variance,crypto,min_variance,2021-09-19,-0.02722365420391342
crypto_min_variance,crypto,min_variance,2021-09-20,-0.10798880012926541
crypto_min_variance,crypto,min_variance,2021-09-21,-0.04682010205662599
crypto_min_variance,crypto,min_variance,2021-09-22,0.10545528256851229
crypto_min_variance,crypto,min_variance,2021-09-23,0.019381326725732083
crypto_min_variance,crypto,min_variance,2021-09-24,-0.05734988496681602
crypto_min_variance,crypto,min_variance,2021-09-25,-0.005028714691802175
crypto_min_variance,crypto,min_variance,2021-09-26,-0.0038111733744846314
crypto_min_variance,crypto,min_variance,2021-09-27,-0.029748935244340094
crypto_min_variance,crypto,min_variance,2021-09-28,-0.03616404953032747
crypto_min_variance,crypto,min_variance,2021-09-29,0.021997376153415765
crypto_min_variance,crypto,min_variance,2021-09-30,0.04576694829488536
crypto_min_variance,crypto,min_variance,2021-10-01,0.08254851233771135
crypto_min_variance,crypto,min_variance,2021-10-02,0.004376898925338123
crypto_min_variance,crypto,min_variance,2021-10-03,0.008216640218736674
crypto_min_variance,crypto,min_variance,2021-10-04,-0.010677751859407385
crypto_min_variance,crypto,min_variance,2021-10-05,0.03561352205077177
crypto_min_variance,crypto,min_variance,2021-10-06,0.021836730493495257
crypto_min_variance,crypto,min_variance,2021-10-07,-0.0003542208007698826
crypto_min_variance,crypto,min_variance,2021-10-08,-0.0030284940422537748
crypto_min_variance,crypto,min_variance,2021-10-09,0.021502227452474237
crypto_min_variance,crypto,min_variance,2021-10-10,-0.02958892278718528
crypto_min_variance,crypto,min_variance,2021-10-11,0.019539426262020806
crypto_min_variance,crypto,min_variance,2021-10-12,-0.0238676049188214
crypto_min_variance,crypto,min_variance,2021-10-13,0.028584990976543313
crypto_min_variance,crypto,min_variance,2021-10-14,0.009681104802379173
crypto_min_variance,crypto,min_variance,2021-10-15,0.03683986512520318
crypto_min_variance,crypto,min_variance,2021-10-16,-0.009760887279194186
crypto_min_variance,crypto,min_variance,2021-10-17,-0.0008631717981428487
crypto_min_variance,crypto,min_variance,2021-10-18,-0.004953391392483378
crypto_min_variance,crypto,min_variance,2021-10-19,0.022816247560632868
crypto_min_variance,crypto,min_variance,2021-10-20,0.05088928452282731
crypto_min_variance,crypto,min_variance,2021-10-21,-0.03865648847235548
crypto_min_variance,crypto,min_variance,2021-10-22,-0.014635727965454325
crypto_min_variance,crypto,min_variance,2021-10-23,0.022194160465463977
crypto_min_variance,crypto,min_variance,2021-10-24,-0.017850075101710643
crypto_min_variance,crypto,min_variance,2021-10-25,0.023944614557358662
crypto_min_variance,crypto,min_variance,2021-10-26,-0.01165723875052619
crypto_min_variance,crypto,min_variance,2021-10-27,-0.0730834135159383
crypto_min_variance,crypto,min_variance,2021-10-28,0.05665587581321024
crypto_min_variance,crypto,min_variance,2021-10-29,0.029298324981443056
crypto_min_variance,crypto,min_variance,2021-10-30,-0.013263437660679724
crypto_min_variance,crypto,min_variance,2021-10-31,-0.0014220050212738772
crypto_min_variance,crypto,min_variance,2021-11-01,0.003204658804455687
crypto_min_variance,crypto,min_variance,2021-11-02,0.03822801784754026
crypto_min_variance,crypto,min_variance,2021-11-03,0.012716614137763585
crypto_min_variance,crypto,min_variance,2021-11-04,-0.024032146855449375
crypto_min_variance,crypto,min_variance,2021-11-05,-0.006133346557361976
crypto_min_variance,crypto,min_variance,2021-11-06,0.0010519535004491045
crypto_min_variance,crypto,min_variance,2021-11-07,0.019844142439818708
crypto_min_variance,crypto,min_variance,2021-11-08,0.0685232765097498
crypto_min_variance,crypto,min_variance,2021-11-09,0.04848470254779156
crypto_min_variance,crypto,min_variance,2021-11-10,-0.03871641729456412
crypto_min_variance,crypto,min_variance,2021-11-11,0.008305530865653065
crypto_min_variance,crypto,min_variance,2021-11-12,-0.021441266895678514
crypto_min_variance,crypto,min_variance,2021-11-13,0.015517937516136551
crypto_min_variance,crypto,min_variance,2021-11-14,0.026705268789456012
crypto_min_variance,crypto,min_variance,2021-11-15,-0.012783589911598598
crypto_min_variance,crypto,min_variance,2021-11-16,-0.08962554444106884
crypto_min_variance,crypto,min_variance,2021-11-17,0.005847697013379042
crypto_min_variance,crypto,min_variance,2021-11-18,-0.07726730652000367
crypto_min_variance,crypto,min_variance,2021-11-19,0.04853567153559476
crypto_min_variance,crypto,min_variance,2021-11-20,0.027306297506428722
crypto_min_variance,crypto,min_variance,2021-11-21,-0.019324918623809386
crypto_min_variance,crypto,min_variance,2021-11-22,-0.04508106136451197
crypto_min_variance,crypto,min_variance,2021-11-23,0.023434536122056468
crypto_min_variance,crypto,min_variance,2021-11-24,-0.026579859910947485
crypto_min_variance,crypto,min_variance,2021-11-25,0.0030496376660942926
crypto_min_variance,crypto,min_variance,2021-11-26,-0.07243209459169168
crypto_min_variance,crypto,min_variance,2021-11-27,0.013561896777294868
crypto_min_variance,crypto,min_variance,2021-11-28,0.03229245318477811
crypto_min_variance,crypto,min_variance,2021-11-29,0.020853023074815232
crypto_min_variance,crypto,min_variance,2021-11-30,0.0034954758955366588
crypto_min_variance,crypto,min_variance,2021-12-01,-0.0008411123844417837
crypto_min_variance,crypto,min_variance,2021-12-02,0.011501849912302074
crypto_min_variance,crypto,min_variance,2021-12-03,-0.06406885007170109
crypto_min_variance,crypto,min_variance,2021-12-04,-0.07922878397108657
crypto_min_variance,crypto,min_variance,2021-12-05,-0.015453398586096187
crypto_min_variance,crypto,min_variance,2021-12-06,0.03352363051077958
crypto_min_variance,crypto,min_variance,2021-12-07,-0.001419155409299607
crypto_min_variance,crypto,min_variance,2021-12-08,0.016757198125234282
crypto_min_variance,crypto,min_variance,2021-12-09,-0.06283652813271252
crypto_min_variance,crypto,min_variance,2021-12-10,-0.03168454448446244
crypto_min_variance,crypto,min_variance,2021-12-11,0.06111666987737603
crypto_min_variance,crypto,min_variance,2021-12-12,0.004540763326406886
crypto_min_variance,crypto,min_variance,2021-12-13,-0.0794125018772557
crypto_min_variance,crypto,min_variance,2021-12-14,0.0005027080701146595
crypto_min_variance,crypto,min_variance,2021-12-15,0.05301185145844682
crypto_min_variance,crypto,min_variance,2021-12-16,-0.02932752465969642
crypto_min_variance,crypto,min_variance,2021-12-17,-0.03308828234983604
crypto_min_variance,crypto,min_variance,2021-12-18,0.018628372304864176
crypto_min_variance,crypto,min_variance,2021-12-19,0.0002191077252935848
crypto_min_variance,crypto,min_variance,2021-12-20,-0.0037966663474571956
crypto_min_variance,crypto,min_variance,2021-12-21,0.0284769160701371
crypto_min_variance,crypto,min_variance,2021-12-22,0.005365991137960954
crypto_min_variance,crypto,min_variance,2021-12-23,0.056338115462315416
crypto_min_variance,crypto,min_variance,2021-12-24,-0.023125364799409576
crypto_min_variance,crypto,min_variance,2021-12-25,0.007907704350115759
crypto_min_variance,crypto,min_variance,2021-12-26,-0.0010925551134719203
crypto_min_variance,crypto,min_variance,2021-12-27,0.00498317898357225
crypto_min_variance,crypto,min_variance,2021-12-28,-0.06126713197822531
crypto_min_variance,crypto,min_variance,2021-12-29,-0.028808458421114524
crypto_min_variance,crypto,min_variance,2021-12-30,0.02019104674859909
crypto_min_variance,crypto,min_variance,2021-12-31,-0.021934775570900282
crypto_min_variance,crypto,min_variance,2022-01-01,0.029576572538672928
crypto_min_variance,crypto,min_variance,2022-01-02,0.005760186443712395
crypto_min_variance,crypto,min_variance,2022-01-03,-0.021701150944767898
crypto_min_variance,crypto,min_variance,2022-01-04,-0.006612717201962469
crypto_min_variance,crypto,min_variance,2022-01-05,-0.06148752288189566
crypto_min_variance,crypto,min_variance,2022-01-06,-0.0022897949860489755
crypto_min_variance,crypto,min_variance,2022-01-07,-0.04610694365505971
crypto_min_variance,crypto,min_variance,2022-01-08,-0.018450168470232363
crypto_min_variance,crypto,min_variance,2022-01-09,0.00616217936844485
crypto_min_variance,crypto,min_variance,2022-01-10,-0.026921272259983205
crypto_min_variance,crypto,min_variance,2022-01-11,0.03664556395419087
crypto_min_variance,crypto,min_variance,2022-01-12,0.05757983580028369
crypto_min_variance,crypto,min_variance,2022-01-13,-0.037439440636244915
crypto_min_variance,crypto,min_variance,2022-01-14,0.030031141803553457
crypto_min_variance,crypto,min_variance,2022-01-15,0.009157782436006689
crypto_min_variance,crypto,min_variance,2022-01-16,0.019564208790731452
crypto_min_variance,crypto,min_variance,2022-01-17,0.02439002162558577
crypto_min_variance,crypto,min_variance,2022-01-18,-0.0392128377523767
crypto_min_variance,crypto,min_variance,2022-01-19,-0.031090759566306025
crypto_min_variance,crypto,min_variance,2022-01-20,-0.03783202666304762
crypto_min_variance,crypto,min_variance,2022-01-21,-0.11596772907282901
crypto_min_variance,crypto,min_variance,2022-01-22,-0.05418884369447419
crypto_min_variance,crypto,min_variance,2022-01-23,0.03942631500024849
crypto_min_variance,crypto,min_variance,2022-01-24,-0.02827779281120023
crypto_min_variance,crypto,min_variance,2022-01-25,-0.0010000714944628096
crypto_min_variance,crypto,min_variance,2022-01-26,0.007677631121523114
crypto_min_variance,crypto,min_variance,2022-01-27,-0.009793948690609983
crypto_min_variance,crypto,min_variance,2022-01-28,0.022223305255513356
crypto_min_variance,crypto,min_variance,2022-01-29,0.018151493172463055
crypto_min_variance,crypto,min_variance,2022-01-30,-0.013904271959418391
crypto_min_variance,crypto,min_variance,2022-01-31,0.015892714431815173
crypto_min_variance,crypto,min_variance,2022-02-01,0.02575473096731699
crypto_min_variance,crypto,min_variance,2022-02-02,-0.045252506924838495
crypto_min_variance,crypto,min_variance,2022-02-03,0.010919161980019425
crypto_min_variance,crypto,min_variance,2022-02-04,0.09444505969782212
crypto_min_variance,crypto,min_variance,2022-02-05,0.005848319410086844
crypto_min_variance,crypto,min_variance,2022-02-06,0.027237480795733487
crypto_min_variance,crypto,min_variance,2022-02-07,0.047218810348399864
crypto_min_variance,crypto,min_variance,2022-02-08,-0.004117512356783891
crypto_min_variance,crypto,min_variance,2022-02-09,0.016899889645110754
crypto_min_variance,crypto,min_variance,2022-02-10,-0.03155847892744142
crypto_min_variance,crypto,min_variance,2022-02-11,-0.055640356794748914
crypto_min_variance,crypto,min_variance,2022-02-12,-0.0030803638936919317
crypto_min_variance,crypto,min_variance,2022-02-13,-0.00890387102330038
crypto_min_variance,crypto,min_variance,2022-02-14,0.004125789705833668
crypto_min_variance,crypto,min_variance,2022-02-15,0.05590743088425816
crypto_min_variance,crypto,min_variance,2022-02-16,-0.015617683964566845
crypto_min_variance,crypto,min_variance,2022-02-17,-0.07506760860552814
crypto_min_variance,crypto,min_variance,2022-02-18,-0.0146550445643052
crypto_min_variance,crypto,min_variance,2022-02-19,0.002974742280808105
crypto_min_variance,crypto,min_variance,2022-02-20,-0.04602003876624606
crypto_min_variance,crypto,min_variance,2022-02-21,-0.05312302968553662
crypto_min_variance,crypto,min_variance,2022-02-22,0.03581746748112354
crypto_min_variance,crypto,min_variance,2022-02-23,-0.021470542736306573
crypto_min_variance,crypto,min_variance,2022-02-24,0.0018385069723397122
crypto_min_variance,crypto,min_variance,2022-02-25,0.03781314776351685
crypto_min_variance,crypto,min_variance,2022-02-26,-0.0005207215358518672
crypto_min_variance,crypto,min_variance,2022-02-27,-0.04454694095904152
crypto_min_variance,crypto,min_variance,2022-02-28,0.10915431224537701
crypto_min_variance,crypto,min_variance,2022-03-01,0.011204021603052514
crypto_min_variance,crypto,min_variance,2022-03-02,-0.015721791361747353
crypto_min_variance,crypto,min_variance,2022-03-03,-0.030184903825277838
crypto_min_variance,crypto,min_variance,2022-03-04,-0.06688253341666481
crypto_min_variance,crypto,min_variance,2022-03-05,0.0230388249235826
crypto_min_variance,crypto,min_variance,2022-03-06,-0.0354772518540047
crypto_min_variance,crypto,min_variance,2022-03-07,-0.018184324995371065
crypto_min_variance,crypto,min_variance,2022-03-08,0.019740029722196073
crypto_min_variance,crypto,min_variance,2022-03-09,0.061601594342353835
crypto_min_variance,crypto,min_variance,2022-03-10,-0.04573646528868604
crypto_min_variance,crypto,min_variance,2022-03-11,-0.003112290453436385
crypto_min_variance,crypto,min_variance,2022-03-12,0.0023334448796073527
crypto_min_variance,crypto,min_variance,2022-03-13,-0.021214219363229328
crypto_min_variance,crypto,min_variance,2022-03-14,0.02605979491523571
crypto_min_variance,crypto,min_variance,2022-03-15,0.003973372933674668
crypto_min_variance,crypto,min_variance,2022-03-16,0.04093718831633209
crypto_min_variance,crypto,min_variance,2022-03-17,0.0006571299133191057
crypto_min_variance,crypto,min_variance,2022-03-18,0.023997247780426452
crypto_min_variance,crypto,min_variance,2022-03-19,0.022177641047076826
crypto_min_variance,crypto,min_variance,2022-03-20,-0.02030910497714509
crypto_min_variance,crypto,min_variance,2022-03-21,0.018405051131672415
crypto_min_variance,crypto,min_variance,2022-03-22,0.035531839462154366
crypto_min_variance,crypto,min_variance,2022-03-23,0.03679573043401904
crypto_min_variance,crypto,min_variance,2022-03-24,0.023974782286022917
crypto_min_variance,crypto,min_variance,2022-03-25,-0.011253382866528695
crypto_min_variance,crypto,min_variance,2022-03-26,0.020662403440873722
crypto_min_variance,crypto,min_variance,2022-03-27,0.045954558162961054
crypto_min_variance,crypto,min_variance,2022-03-28,0.0011420893426864
crypto_min_variance,crypto,min_variance,2022-03-29,0.013256286477543488
crypto_min_variance,crypto,min_variance,2022-03-30,0.0065823389190422
crypto_min_variance,crypto,min_variance,2022-03-31,-0.02862639969689009
crypto_min_variance,crypto,min_variance,2022-04-01,0.023614628231344765
crypto_min_variance,crypto,min_variance,2022-04-02,-0.00749427024598474
crypto_min_variance,crypto,min_variance,2022-04-03,0.01618572567621005
crypto_min_variance,crypto,min_variance,2022-04-04,-0.005696547327224842
crypto_min_variance,crypto,min_variance,2022-04-05,-0.026871407910672017
crypto_min_variance,crypto,min_variance,2022-04-06,-0.08105397574466525
crypto_min_variance,crypto,min_variance,2022-04-07,0.0238428737440583
crypto_min_variance,crypto,min_variance,2022-04-08,-0.03526759418062356
crypto_min_variance,crypto,min_variance,2022-04-09,0.018254027776989302
crypto_min_variance,crypto,min_variance,2022-04-10,-0.015873941143293834
crypto_min_variance,crypto,min_variance,2022-04-11,-0.07729727528609422
crypto_min_variance,crypto,min_variance,2022-04-12,0.025192559489496797
crypto_min_variance,crypto,min_variance,2022-04-13,0.026224207146377566
crypto_min_variance,crypto,min_variance,2022-04-14,-0.029016609763652685
crypto_min_variance,crypto,min_variance,2022-04-15,0.02437615660587403
crypto_min_variance,crypto,min_variance,2022-04-16,0.0033183119137276808
crypto_min_variance,crypto,min_variance,2022-04-17,-0.029242603346516002
crypto_min_variance,crypto,min_variance,2022-04-18,0.025313079556113977
crypto_min_variance,crypto,min_variance,2022-04-19,0.016035288110022326
crypto_min_variance,crypto,min_variance,2022-04-20,-0.011286929137879003
crypto_min_variance,crypto,min_variance,2022-04-21,0.005949533544045357
crypto_min_variance,crypto,min_variance,2022-04-22,-0.021690109053007965
crypto_min_variance,crypto,min_variance,2022-04-23,-0.006971931231099722
crypto_min_variance,crypto,min_variance,2022-04-24,-0.009776151859871568
crypto_min_variance,crypto,min_variance,2022-04-25,0.014450386396427938
crypto_min_variance,crypto,min_variance,2022-04-26,-0.0631349326518866
crypto_min_variance,crypto,min_variance,2022-04-27,0.023653815749726623
crypto_min_variance,crypto,min_variance,2022-04-28,0.011281658205327512
crypto_min_variance,crypto,min_variance,2022-04-29,-0.031233360657260827
crypto_min_variance,crypto,min_variance,2022-04-30,-0.033247048938075674
crypto_min_variance,crypto,min_variance,2022-05-01,0.05344751792213933
crypto_min_variance,crypto,min_variance,2022-05-02,-0.008015690577299315
crypto_min_variance,crypto,min_variance,2022-05-03,-0.0028197013308196217
crypto_min_variance,crypto,min_variance,2022-05-04,0.10622015324816601
crypto_min_variance,crypto,min_variance,2022-05-05,-0.094914078543742
crypto_min_variance,crypto,min_variance,2022-05-06,0.027456473959065014
crypto_min_variance,crypto,min_variance,2022-05-07,-0.024773708585155492
crypto_min_variance,crypto,min_variance,2022-05-08,-0.01472951650833624
crypto_min_variance,crypto,min_variance,2022-05-09,-0.136258470207795
crypto_min_variance,crypto,min_variance,2022-05-10,0.0389195854952024
crypto_min_variance,crypto,min_variance,2022-05-11,-0.10509927716588119
crypto_min_variance,crypto,min_variance,2022-05-12,-0.05493228519996016
crypto_min_variance,crypto,min_variance,2022-05-13,0.0688710516382982
crypto_min_variance,crypto,min_variance,2022-05-14,0.014639741828907668
crypto_min_variance,crypto,min_variance,2022-05-15,0.03985153569147199
crypto_min_variance,crypto,min_variance,2022-05-16,-0.054629315096200094
crypto_min_variance,crypto,min_variance,2022-05-17,0.03714097597286571
crypto_min_variance,crypto,min_variance,2022-05-18,-0.06822721071901644
crypto_min_variance,crypto,min_variance,2022-05-19,0.04159916091129364
crypto_min_variance,crypto,min_variance,2022-05-20,-0.03047100169483595
crypto_min_variance,crypto,min_variance,2022-05-21,0.021789926656602714
crypto_min_variance,crypto,min_variance,2022-05-22,0.03888397754303616
crypto_min_variance,crypto,min_variance,2022-05-23,-0.03828642829029078
crypto_min_variance,crypto,min_variance,2022-05-24,0.028795569447704273
crypto_min_variance,crypto,min_variance,2022-05-25,0.008346231508577901
crypto_min_variance,crypto,min_variance,2022-05-26,-0.041556413156968945
crypto_min_variance,crypto,min_variance,2022-05-27,-0.03195850438944161
crypto_min_variance,crypto,min_variance,2022-05-28,0.013280916356314
crypto_min_variance,crypto,min_variance,2022-05-29,0.022436392794311016
crypto_min_variance,crypto,min_variance,2022-05-30,0.08495389526274315
crypto_min_variance,crypto,min_variance,2022-05-31,0.02168659371604859
crypto_min_variance,crypto,min_variance,2022-06-01,-0.06019336403881503
crypto_min_variance,crypto,min_variance,2022-06-02,0.018318358257070108
crypto_min_variance,crypto,min_variance,2022-06-03,-0.02286536893482394
crypto_min_variance,crypto,min_variance,2022-06-04,0.004227272102287479
crypto_min_variance,crypto,min_variance,2022-06-05,-0.004886932470514078
crypto_min_variance,crypto,min_variance,2022-06-06,0.025261508021154053
crypto_min_variance,crypto,min_variance,2022-06-07,-0.013292885629626388
crypto_min_variance,crypto,min_variance,2022-06-08,-0.01816254944465334
crypto_min_variance,crypto,min_variance,2022-06-09,-0.0022089704632303345
crypto_min_variance,crypto,min_variance,2022-06-10,-0.04439296142271567
crypto_min_variance,crypto,min_variance,2022-06-11,-0.05300346303361708
crypto_min_variance,crypto,min_variance,2022-06-12,-0.042084010602464306
crypto_min_variance,crypto,min_variance,2022-06-13,-0.1474002529380185
crypto_min_variance,crypto,min_variance,2022-06-14,-0.018320641505313453
crypto_min_variance,crypto,min_variance,2022-06-15,0.04933820844552067
crypto_min_variance,crypto,min_variance,2022-06-16,-0.1041112223901453
crypto_min_variance,crypto,min_variance,2022-06-17,0.031678384540212184
crypto_min_variance,crypto,min_variance,2022-06-18,-0.04068836568839956
crypto_min_variance,crypto,min_variance,2022-06-19,0.059701413842459895
crypto_min_variance,crypto,min_variance,2022-06-20,-0.0049482331240577136
crypto_min_variance,crypto,min_variance,2022-06-21,0.01567682898771784
crypto_min_variance,crypto,min_variance,2022-06-22,-0.034876394744610933
crypto_min_variance,crypto,min_variance,2022-06-23,0.04169023533007868
crypto_min_variance,crypto,min_variance,2022-06-24,0.038875384676186446
crypto_min_variance,crypto,min_variance,2022-06-25,0.0011249016877191952
crypto_min_variance,crypto,min_variance,2022-06-26,-0.02479168816780619
crypto_min_variance,crypto,min_variance,2022-06-27,-0.0012795308882371926
crypto_min_variance,crypto,min_variance,2022-06-28,-0.03627764983094955
crypto_min_variance,crypto,min_variance,2022-06-29,-0.019860986941699927
crypto_min_variance,crypto,min_variance,2022-06-30,-0.007358102513838829
crypto_min_variance,crypto,min_variance,2022-07-01,-0.015551432883757394
crypto_min_variance,crypto,min_variance,2022-07-02,0.010106874204091535
crypto_min_variance,crypto,min_variance,2022-07-03,0.006503757942959847
crypto_min_variance,crypto,min_variance,2022-07-04,0.036030515476862264
crypto_min_variance,crypto,min_variance,2022-07-05,-0.011772094468953772
crypto_min_variance,crypto,min_variance,2022-07-06,0.01774106780384505
crypto_min_variance,crypto,min_variance,2022-07-07,0.04005062046146984
crypto_min_variance,crypto,min_variance,2022-07-08,-0.006141496139586153
crypto_min_variance,crypto,min_variance,2022-07-09,0.004886323002107088
crypto_min_variance,crypto,min_variance,2022-07-10,-0.0392205275048211
crypto_min_variance,crypto,min_variance,2022-07-11,-0.05348907515968659
crypto_min_variance,crypto,min_variance,2022-07-12,-0.02319128594020893
crypto_min_variance,crypto,min_variance,2022-07-13,0.04732710548476288
crypto_min_variance,crypto,min_variance,2022-07-14,0.02521406696074473
crypto_min_variance,crypto,min_variance,2022-07-15,0.017354361818939717
crypto_min_variance,crypto,min_variance,2022-07-16,0.04218694163231984
crypto_min_variance,crypto,min_variance,2022-07-17,-0.01299918982560481
crypto_min_variance,crypto,min_variance,2022-07-18,0.09505264138797251
crypto_min_variance,crypto,min_variance,2022-07-19,0.018704748198833783
crypto_min_variance,crypto,min_variance,2022-07-20,-0.02804102375366878
crypto_min_variance,crypto,min_variance,2022-07-21,0.014287181832539797
crypto_min_variance,crypto,min_variance,2022-07-22,-0.01481266669014579
crypto_min_variance,crypto,min_variance,2022-07-23,-0.0019672131007918052
crypto_min_variance,crypto,min_variance,2022-07-24,0.027017757021411997
crypto_min_variance,crypto,min_variance,2022-07-25,-0.07452608023363597
crypto_min_variance,crypto,min_variance,2022-07-26,0.0005677158186540514
crypto_min_variance,crypto,min_variance,2022-07-27,0.08355703746512395
crypto_min_variance,crypto,min_variance,2022-07-28,0.07559471388908535
crypto_min_variance,crypto,min_variance,2022-07-29,-0.004685180465550723
crypto_min_variance,crypto,min_variance,2022-07-30,-0.012276519522884336
crypto_min_variance,crypto,min_variance,2022-07-31,-0.015564539164058165
crypto_min_variance,crypto,min_variance,2022-08-01,-0.0043352162670392755
crypto_min_variance,crypto,min_variance,2022-08-02,-0.01902802375761864
crypto_min_variance,crypto,min_variance,2022-08-03,-0.005319843785889233
crypto_min_variance,crypto,min_variance,2022-08-04,0.0005269820306854098
crypto_min_variance,crypto,min_variance,2022-08-05,0.03813225360951716
crypto_min_variance,crypto,min_variance,2022-08-06,-0.005335685585463419
crypto_min_variance,crypto,min_variance,2022-08-07,0.004664840764776724
crypto_min_variance,crypto,min_variance,2022-08-08,0.026203833411545294
crypto_min_variance,crypto,min_variance,2022-08-09,-0.03993512747856093
crypto_min_variance,crypto,min_variance,2022-08-10,0.04615735346897095
crypto_min_variance,crypto,min_variance,2022-08-11,0.004036086276500034
crypto_min_variance,crypto,min_variance,2022-08-12,0.0131156372751522
crypto_min_variance,crypto,min_variance,2022-08-13,0.002687120286205085
crypto_min_variance,crypto,min_variance,2022-08-14,-0.011823375516320105
crypto_min_variance,crypto,min_variance,2022-08-15,-0.013992084873076007
crypto_min_variance,crypto,min_variance,2022-08-16,-0.005173287465531231
crypto_min_variance,crypto,min_variance,2022-08-17,-0.01780096208382897
crypto_min_variance,crypto,min_variance,2022-08-18,-0.015222397965519236
crypto_min_variance,crypto,min_variance,2022-08-19,-0.09420519084491044
crypto_min_variance,crypto,min_variance,2022-08-20,0.005818099050165345
crypto_min_variance,crypto,min_variance,2022-08-21,0.020762005429478758
crypto_min_variance,crypto,min_variance,2022-08-22,0.0013906750595649585
crypto_min_variance,crypto,min_variance,2022-08-23,0.02639154786462855
crypto_min_variance,crypto,min_variance,2022-08-24,-0.011228852955358798
crypto_min_variance,crypto,min_variance,2022-08-25,0.00968076382015206
crypto_min_variance,crypto,min_variance,2022-08-26,-0.0774441113575015
crypto_min_variance,crypto,min_variance,2022-08-27,-0.00048251832392213437
crypto_min_variance,crypto,min_variance,2022-08-28,-0.02638983606967302
crypto_min_variance,crypto,min_variance,2022-08-29,0.04632320142554274
crypto_min_variance,crypto,min_variance,2022-08-30,-0.017810708588358298
crypto_min_variance,crypto,min_variance,2022-08-31,0.005542617508562
crypto_min_variance,crypto,min_variance,2022-09-01,0.008243225925214374
crypto_min_variance,crypto,min_variance,2022-09-02,-0.006640352028543429
crypto_min_variance,crypto,min_variance,2022-09-03,0.0012166899044837763
crypto_min_variance,crypto,min_variance,2022-09-04,0.007520098758096077
crypto_min_variance,crypto,min_variance,2022-09-05,0.005774861821577602
crypto_min_variance,crypto,min_variance,2022-09-06,-0.04929453382077437
crypto_min_variance,crypto,min_variance,2022-09-07,0.03442921358090204
crypto_min_variance,crypto,min_variance,2022-09-08,0.012648295005278054
crypto_min_variance,crypto,min_variance,2022-09-09,0.06546340791842507
crypto_min_variance,crypto,min_variance,2022-09-10,0.010551826198686016
crypto_min_variance,crypto,min_variance,2022-09-11,-0.006649594025843779
crypto_min_variance,crypto,min_variance,2022-09-12,0.002228077428891286
crypto_min_variance,crypto,min_variance,2022-09-13,-0.07291071273853066
crypto_min_variance,crypto,min_variance,2022-09-14,0.01103543630927754
crypto_min_variance,crypto,min_variance,2022-09-15,-0.033127049016897635
crypto_min_variance,crypto,min_variance,2022-09-16,0.028048883193967124
crypto_min_variance,crypto,min_variance,2022-09-17,0.034785295198083294
crypto_min_variance,crypto,min_variance,2022-09-18,-0.05096288516988073
crypto_min_variance,crypto,min_variance,2022-09-19,0.027958112434937968
crypto_min_variance,crypto,min_variance,2022-09-20,0.015546872191848873
crypto_min_variance,crypto,min_variance,2022-09-21,-0.034182574039199436
crypto_min_variance,crypto,min_variance,2022-09-22,0.09863818782726247
crypto_min_variance,crypto,min_variance,2022-09-23,0.015523803044588001
crypto_min_variance,crypto,min_variance,2022-09-24,-0.025087121616087726
crypto_min_variance,crypto,min_variance,2022-09-25,-0.00664305437396922
crypto_min_variance,crypto,min_variance,2022-09-26,-0.011518071099805295
crypto_min_variance,crypto,min_variance,2022-09-27,-0.019674196473683334
crypto_min_variance,crypto,min_variance,2022-09-28,0.0017177744273582912
crypto_min_variance,crypto,min_variance,2022-09-29,0.03977017039359135
crypto_min_variance,crypto,min_variance,2022-09-30,-0.002853112159291968
crypto_min_variance,crypto,min_variance,2022-10-01,0.00230480082848888
crypto_min_variance,crypto,min_variance,2022-10-02,-0.022210469425570544
crypto_min_variance,crypto,min_variance,2022-10-03,0.016860311418532427
crypto_min_variance,crypto,min_variance,2022-10-04,0.028794937654196686
crypto_min_variance,crypto,min_variance,2022-10-05,0.002176476973957166
crypto_min_variance,crypto,min_variance,2022-10-06,-0.001997022957921344
crypto_min_variance,crypto,min_variance,2022-10-07,0.006736670190339047
crypto_min_variance,crypto,min_variance,2022-10-08,0.0017292482071447554
crypto_min_variance,crypto,min_variance,2022-10-09,0.013059699340913486
crypto_min_variance,crypto,min_variance,2022-10-10,-0.031229105566736245
crypto_min_variance,crypto,min_variance,2022-10-11,-0.023446562466506168
crypto_min_variance,crypto,min_variance,2022-10-12,0.005490309452134944
crypto_min_variance,crypto,min_variance,2022-10-13,-0.013344882164361459
crypto_min_variance,crypto,min_variance,2022-10-14,0.011266581440976248
crypto_min_variance,crypto,min_variance,2022-10-15,-0.01371727812118257
crypto_min_variance,crypto,min_variance,2022-10-16,0.007517304942589078
crypto_min_variance,crypto,min_variance,2022-10-17,0.010644702467438753
crypto_min_variance,crypto,min_variance,2022-10-18,-0.01603800897053816
crypto_min_variance,crypto,min_variance,2022-10-19,-0.016730988786890798
crypto_min_variance,crypto,min_variance,2022-10-20,-0.0019283571360728564
crypto_min_variance,crypto,min_variance,2022-10-21,0.008444986769929497
crypto_min_variance,crypto,min_variance,2022-10-22,0.00547896692935943
crypto_min_variance,crypto,min_variance,2022-10-23,0.013452886587425307
crypto_min_variance,crypto,min_variance,2022-10-24,-0.017204532284632423
crypto_min_variance,crypto,min_variance,2022-10-25,0.03204898397330278
crypto_min_variance,crypto,min_variance,2022-10-26,0.02642546112775758
crypto_min_variance,crypto,min_variance,2022-10-27,-0.018747959530945872
crypto_min_variance,crypto,min_variance,2022-10-28,0.01804940124269704
crypto_min_variance,crypto,min_variance,2022-10-29,0.011795265706946369
crypto_min_variance,crypto,min_variance,2022-10-30,-0.017534071960097992
crypto_min_variance,crypto,min_variance,2022-10-31,-3.914571173597829e-06
crypto_min_variance,crypto,min_variance,2022-11-01,-0.004632169575903032
crypto_min_variance,crypto,min_variance,2022-11-02,-0.02198912222068055
crypto_min_variance,crypto,min_variance,2022-11-03,0.008085870473378175
crypto_min_variance,crypto,min_variance,2022-11-04,0.0644794809510443
crypto_min_variance,crypto,min_variance,2022-11-05,-0.008401668783220212
crypto_min_variance,crypto,min_variance,2022-11-06,-0.03269366381043452
crypto_min_variance,crypto,min_variance,2022-11-07,-0.004754691823286141
crypto_min_variance,crypto,min_variance,2022-11-08,-0.10380256072764932
crypto_min_variance,crypto,min_variance,2022-11-09,-0.14462535596368453
crypto_min_variance,crypto,min_variance,2022-11-10,0.13972486089686437
crypto_min_variance,crypto,min_variance,2022-11-11,-0.023549807687014805
crypto_min_variance,crypto,min_variance,2022-11-12,-0.028206947469667124
crypto_min_variance,crypto,min_variance,2022-11-13,-0.04387121890159167
crypto_min_variance,crypto,min_variance,2022-11-14,0.03251139581452287
crypto_min_variance,crypto,min_variance,2022-11-15,0.01552174804091851
crypto_min_variance,crypto,min_variance,2022-11-16,-0.0177670615530401
crypto_min_variance,crypto,min_variance,2022-11-17,0.002193352842986917
crypto_min_variance,crypto,min_variance,2022-11-18,0.002413142043350502
crypto_min_variance,crypto,min_variance,2022-11-19,0.009680199197047821
crypto_min_variance,crypto,min_variance,2022-11-20,-0.03821481316406877
crypto_min_variance,crypto,min_variance,2022-11-21,-0.008679792131445232
crypto_min_variance,crypto,min_variance,2022-11-22,0.02316063231692235
crypto_min_variance,crypto,min_variance,2022-11-23,0.026456010591036284
crypto_min_variance,crypto,min_variance,2022-11-24,0.020586033401270357
crypto_min_variance,crypto,min_variance,2022-11-25,-0.0016712035096204088
crypto_min_variance,crypto,min_variance,2022-11-26,-0.010911604991249036
crypto_min_variance,crypto,min_variance,2022-11-27,0.00369110692767107
crypto_min_variance,crypto,min_variance,2022-11-28,-0.015803234104142274
crypto_min_variance,crypto,min_variance,2022-11-29,0.015264142417541048
crypto_min_variance,crypto,min_variance,2022-11-30,0.028969877835566434
crypto_min_variance,crypto,min_variance,2022-12-01,-0.019826759232351422
crypto_min_variance,crypto,min_variance,2022-12-02,0.00709647171113821
crypto_min_variance,crypto,min_variance,2022-12-03,-0.01701944555473189
crypto_min_variance,crypto,min_variance,2022-12-04,0.008580188100240966
crypto_min_variance,crypto,min_variance,2022-12-05,-0.004859809687259444
crypto_min_variance,crypto,min_variance,2022-12-06,0.004983037386361877
crypto_min_variance,crypto,min_variance,2022-12-07,-0.019110573247469863
crypto_min_variance,crypto,min_variance,2022-12-08,0.02340618835939006
crypto_min_variance,crypto,min_variance,2022-12-09,-0.008330292241849032
crypto_min_variance,crypto,min_variance,2022-12-10,-0.0014231621334843247
crypto_min_variance,crypto,min_variance,2022-12-11,-0.013154919373726167
crypto_min_variance,crypto,min_variance,2022-12-12,0.002382350119128649
crypto_min_variance,crypto,min_variance,2022-12-13,0.021083107604538767
crypto_min_variance,crypto,min_variance,2022-12-14,-0.0028980704260383183
crypto_min_variance,crypto,min_variance,2022-12-15,-0.015969311156274705
crypto_min_variance,crypto,min_variance,2022-12-16,-0.06309878161997695
crypto_min_variance,crypto,min_variance,2022-12-17,0.01940507216046408
crypto_min_variance,crypto,min_variance,2022-12-18,-0.006650286982867177
crypto_min_variance,crypto,min_variance,2022-12-19,-0.0245726905434671
crypto_min_variance,crypto,min_variance,2022-12-20,0.030878225379846278
crypto_min_variance,crypto,min_variance,2022-12-21,-0.008160593483970196
crypto_min_variance,crypto,min_variance,2022-12-22,0.008272500294866352
crypto_min_variance,crypto,min_variance,2022-12-23,-0.0036942998141842407
crypto_min_variance,crypto,min_variance,2022-12-24,-0.0007604885189884177
crypto_min_variance,crypto,min_variance,2022-12-25,-0.0029657545271396524
crypto_min_variance,crypto,min_variance,2022-12-26,0.015306091742922415
crypto_min_variance,crypto,min_variance,2022-12-27,-0.01021015779026306
crypto_min_variance,crypto,min_variance,2022-12-28,-0.0183831778441546
crypto_min_variance,crypto,min_variance,2022-12-29,-0.005147461306373477
crypto_min_variance,crypto,min_variance,2022-12-30,-0.00046819643040933387
crypto_min_variance,crypto,min_variance,2022-12-31,-0.0036395149725593724
crypto_min_variance,crypto,min_variance,2023-01-01,0.005992680662343367
crypto_min_variance,crypto,min_variance,2023-01-02,0.01767837879255138
crypto_min_variance,crypto,min_variance,2023-01-03,-0.002031825498456974
crypto_min_variance,crypto,min_variance,2023-01-04,0.007434898111510744
crypto_min_variance,crypto,min_variance,2023-01-05,-0.012415611105698415
crypto_min_variance,crypto,min_variance,2023-01-06,0.00839005397367199
crypto_min_variance,crypto,min_variance,2023-01-07,-1.3978379747840182e-05
crypto_min_variance,crypto,min_variance,2023-01-08,0.017545222954201526
crypto_min_variance,crypto,min_variance,2023-01-09,0.022511812222516088
crypto_min_variance,crypto,min_variance,2023-01-10,0.004285337945891376
crypto_min_variance,crypto,min_variance,2023-01-11,0.03200058663574299
crypto_min_variance,crypto,min_variance,2023-01-12,0.03321724269742825
crypto_min_variance,crypto,min_variance,2023-01-13,0.03996090629602142
crypto_min_variance,crypto,min_variance,2023-01-14,0.0302254199826702
crypto_min_variance,crypto,min_variance,2023-01-15,-0.0033483022510832185
crypto_min_variance,crypto,min_variance,2023-01-16,0.0002763480363294682
crypto_min_variance,crypto,min_variance,2023-01-17,-0.005981297965607521
crypto_min_variance,crypto,min_variance,2023-01-18,-0.03402209029620652
crypto_min_variance,crypto,min_variance,2023-01-19,0.02266428193821113
crypto_min_variance,crypto,min_variance,2023-01-20,0.05678257396759791
crypto_min_variance,crypto,min_variance,2023-01-21,-0.003092382870297693
crypto_min_variance,crypto,min_variance,2023-01-22,9.553553040795627e-05
crypto_min_variance,crypto,min_variance,2023-01-23,0.030238550888753712
crypto_min_variance,crypto,min_variance,2023-01-24,-0.03413683161187758
crypto_min_variance,crypto,min_variance,2023-01-25,0.02446056857716892
crypto_min_variance,crypto,min_variance,2023-01-26,-0.0024450036370070004
crypto_min_variance,crypto,min_variance,2023-01-27,0.010032657197298149
crypto_min_variance,crypto,min_variance,2023-01-28,-0.005848292671863481
crypto_min_variance,crypto,min_variance,2023-01-29,0.024663439765848956
crypto_min_variance,crypto,min_variance,2023-01-30,-0.03992691339129957
crypto_min_variance,crypto,min_variance,2023-01-31,0.014523947262816996
crypto_min_variance,crypto,min_variance,2023-02-01,0.0232675931743929
crypto_min_variance,crypto,min_variance,2023-02-02,-0.004009179377699343
crypto_min_variance,crypto,min_variance,2023-02-03,0.007004671320280869
crypto_min_variance,crypto,min_variance,2023-02-04,-0.0023599117987380207
crypto_min_variance,crypto,min_variance,2023-02-05,-0.017721624023915913
crypto_min_variance,crypto,min_variance,2023-02-06,-0.015476144693429525
crypto_min_variance,crypto,min_variance,2023-02-07,0.03380054800260042
crypto_min_variance,crypto,min_variance,2023-02-08,-0.010873364985024132
crypto_min_variance,crypto,min_variance,2023-02-09,-0.05298678779114301
crypto_min_variance,crypto,min_variance,2023-02-10,4.503524269481469e-05
crypto_min_variance,crypto,min_variance,2023-02-11,0.006353347568158914
crypto_min_variance,crypto,min_variance,2023-02-12,-0.010874492939633483
crypto_min_variance,crypto,min_variance,2023-02-13,0.005259975203299347
crypto_min_variance,crypto,min_variance,2023-02-14,0.021297725442869453
crypto_min_variance,crypto,min_variance,2023-02-15,0.06494244467680471
crypto_min_variance,crypto,min_variance,2023-02-16,-0.042238459152219965
crypto_min_variance,crypto,min_variance,2023-02-17,0.04059597044239838
crypto_min_variance,crypto,min_variance,2023-02-18,0.005640460864598359
crypto_min_variance,crypto,min_variance,2023-02-19,-0.009779116835135169
crypto_min_variance,crypto,min_variance,2023-02-20,0.031330086537406834
crypto_min_variance,crypto,min_variance,2023-02-21,-0.012820590917957893
crypto_min_variance,crypto,min_variance,2023-02-22,-0.00916608275718838
crypto_min_variance,crypto,min_variance,2023-02-23,-0.010906354562881932
crypto_min_variance,crypto,min_variance,2023-02-24,-0.029909238424015775
crypto_min_variance,crypto,min_variance,2023-02-25,-0.0007390581683749349
crypto_min_variance,crypto,min_variance,2023-02-26,0.016523806342593123
crypto_min_variance,crypto,min_variance,2023-02-27,-0.004037176685805409
crypto_min_variance,crypto,min_variance,2023-02-28,-0.012563557844483528
crypto_min_variance,crypto,min_variance,2023-03-01,0.01824069913530916
crypto_min_variance,crypto,min_variance,2023-03-02,-0.011156706197298676
crypto_min_variance,crypto,min_variance,2023-03-03,-0.02987989732353619
crypto_min_variance,crypto,min_variance,2023-03-04,-0.01101410073818573
crypto_min_variance,crypto,min_variance,2023-03-05,-0.003002424505577588
crypto_min_variance,crypto,min_variance,2023-03-06,0.001977823211182497
crypto_min_variance,crypto,min_variance,2023-03-07,-0.004370211281840883
crypto_min_variance,crypto,min_variance,2023-03-08,-0.013600801498143786
crypto_min_variance,crypto,min_variance,2023-03-09,-0.0656659387680738
crypto_min_variance,crypto,min_variance,2023-03-10,-0.006260940405522093
crypto_min_variance,crypto,min_variance,2023-03-11,0.012294240787837644
crypto_min_variance,crypto,min_variance,2023-03-12,0.058974252698528025
crypto_min_variance,crypto,min_variance,2023-03-13,0.041418323083304454
crypto_min_variance,crypto,min_variance,2023-03-14,0.019716010282317058
crypto_min_variance,crypto,min_variance,2023-03-15,-0.03991941533688107
crypto_min_variance,crypto,min_variance,2023-03-16,0.016068224751463942
crypto_min_variance,crypto,min_variance,2023-03-17,0.05824515022339996
crypto_min_variance,crypto,min_variance,2023-03-18,-0.023636996035341945
crypto_min_variance,crypto,min_variance,2023-03-19,0.030009308510248918
crypto_min_variance,crypto,min_variance,2023-03-20,-0.026747846495853673
crypto_min_variance,crypto,min_variance,2023-03-21,0.08904379518821309
crypto_min_variance,crypto,min_variance,2023-03-22,-0.06399961082351753
crypto_min_variance,crypto,min_variance,2023-03-23,0.04630606898240091
crypto_min_variance,crypto,min_variance,2023-03-24,-0.03295905343616183
crypto_min_variance,crypto,min_variance,2023-03-25,0.013914664398692093
crypto_min_variance,crypto,min_variance,2023-03-26,0.011362666927012025
crypto_min_variance,crypto,min_variance,2023-03-27,0.0008970994295787373
crypto_min_variance,crypto,min_variance,2023-03-28,0.031695752002136604
crypto_min_variance,crypto,min_variance,2023-03-29,0.034655811707664394
crypto_min_variance,crypto,min_variance,2023-03-30,-0.00011401437982361262
crypto_min_variance,crypto,min_variance,2023-03-31,0.021827850505213287
crypto_min_variance,crypto,min_variance,2023-04-01,-0.005907750132949163
crypto_min_variance,crypto,min_variance,2023-04-02,-0.010425430129653268
crypto_min_variance,crypto,min_variance,2023-04-03,-0.0006664737467269146
crypto_min_variance,crypto,min_variance,2023-04-04,0.002079442728131723
crypto_min_variance,crypto,min_variance,2023-04-05,0.004045318590318265
crypto_min_variance,crypto,min_variance,2023-04-06,-0.0077070716549730136
crypto_min_variance,crypto,min_variance,2023-04-07,0.0011447871130235718
crypto_min_variance,crypto,min_variance,2023-04-08,-0.00750124717597846
crypto_min_variance,crypto,min_variance,2023-04-09,0.008191087643056726
crypto_min_variance,crypto,min_variance,2023-04-10,0.023020165263938193
crypto_min_variance,crypto,min_variance,2023-04-11,0.002159051524404547
crypto_min_variance,crypto,min_variance,2023-04-12,-0.011117029087159029
crypto_min_variance,crypto,min_variance,2023-04-13,0.011104751909449054
crypto_min_variance,crypto,min_variance,2023-04-14,0.012953759781272962
crypto_min_variance,crypto,min_variance,2023-04-15,-0.0028867490963234207
crypto_min_variance,crypto,min_variance,2023-04-16,0.008655669643053974
crypto_min_variance,crypto,min_variance,2023-04-17,-0.022058647520431338
crypto_min_variance,crypto,min_variance,2023-04-18,0.02370094255515627
crypto_min_variance,crypto,min_variance,2023-04-19,-0.059547501721764616
crypto_min_variance,crypto,min_variance,2023-04-20,-0.016880235087334293
crypto_min_variance,crypto,min_variance,2023-04-21,-0.03039506193962315
crypto_min_variance,crypto,min_variance,2023-04-22,0.024872374973326034
crypto_min_variance,crypto,min_variance,2023-04-23,-0.007435157615861939
crypto_min_variance,crypto,min_variance,2023-04-24,-0.004819858105463984
crypto_min_variance,crypto,min_variance,2023-04-25,0.014229408354291253
crypto_min_variance,crypto,min_variance,2023-04-26,-0.01266535541053019
crypto_min_variance,crypto,min_variance,2023-04-27,0.013602101074872301
crypto_min_variance,crypto,min_variance,2023-04-28,0.007956227324746325
crypto_min_variance,crypto,min_variance,2023-04-29,0.008501060273897609
crypto_min_variance,crypto,min_variance,2023-04-30,-0.010412287220873421
crypto_min_variance,crypto,min_variance,2023-05-01,-0.014348204771575153
crypto_min_variance,crypto,min_variance,2023-05-02,0.013274463841977432
crypto_min_variance,crypto,min_variance,2023-05-03,0.003875110189905524
crypto_min_variance,crypto,min_variance,2023-05-04,-0.006203223729677882
crypto_min_variance,crypto,min_variance,2023-05-05,0.018040023480065826
crypto_min_variance,crypto,min_variance,2023-05-06,-0.020917693419123317
crypto_min_variance,crypto,min_variance,2023-05-07,-0.011325876821470815
crypto_min_variance,crypto,min_variance,2023-05-08,-0.03249712880372018
crypto_min_variance,crypto,min_variance,2023-05-09,0.021575959822245867
crypto_min_variance,crypto,min_variance,2023-05-10,-0.008525044039753167
crypto_min_variance,crypto,min_variance,2023-05-11,-0.016057905333300107
crypto_min_variance,crypto,min_variance,2023-05-12,0.007009740990585945
crypto_min_variance,crypto,min_variance,2023-05-13,-0.006197942098953257
crypto_min_variance,crypto,min_variance,2023-05-14,0.008572333885340715
crypto_min_variance,crypto,min_variance,2023-05-15,0.007883751892636808
crypto_min_variance,crypto,min_variance,2023-05-16,0.006748485320927072
crypto_min_variance,crypto,min_variance,2023-05-17,0.012602436209988755
crypto_min_variance,crypto,min_variance,2023-05-18,-0.009284329336318172
crypto_min_variance,crypto,min_variance,2023-05-19,0.005937420429204842
crypto_min_variance,crypto,min_variance,2023-05-20,0.009467925440902067
crypto_min_variance,crypto,min_variance,2023-05-21,-0.0034141899019130223
crypto_min_variance,crypto,min_variance,2023-05-22,0.010345248930487388
crypto_min_variance,crypto,min_variance,2023-05-23,0.006625606641037538
crypto_min_variance,crypto,min_variance,2023-05-24,-0.02746602232483694
crypto_min_variance,crypto,min_variance,2023-05-25,0.0018991925459839716
crypto_min_variance,crypto,min_variance,2023-05-26,0.006808347801156198
crypto_min_variance,crypto,min_variance,2023-05-27,0.009931400332706978
crypto_min_variance,crypto,min_variance,2023-05-28,0.01993008862820822
crypto_min_variance,crypto,min_variance,2023-05-29,-0.004510628969791682
crypto_min_variance,crypto,min_variance,2023-05-30,0.01119177816727766
crypto_min_variance,crypto,min_variance,2023-05-31,-0.006883559165122609
crypto_min_variance,crypto,min_variance,2023-06-01,-0.009801024623446227
crypto_min_variance,crypto,min_variance,2023-06-02,0.03670567289615577
crypto_min_variance,crypto,min_variance,2023-06-03,-0.005036696895285466
crypto_min_variance,crypto,min_variance,2023-06-04,0.0017383135927040501
crypto_min_variance,crypto,min_variance,2023-06-05,-0.049228012061760126
crypto_min_variance,crypto,min_variance,2023-06-06,0.02907938097902652
crypto_min_variance,crypto,min_variance,2023-06-07,-0.03173810443777482
crypto_min_variance,crypto,min_variance,2023-06-08,0.004617289158062217
crypto_min_variance,crypto,min_variance,2023-06-09,-0.01667207896547293
crypto_min_variance,crypto,min_variance,2023-06-10,-0.055033362715591304
crypto_min_variance,crypto,min_variance,2023-06-11,0.006242540704107278
crypto_min_variance,crypto,min_variance,2023-06-12,0.0026359176433260814
crypto_min_variance,crypto,min_variance,2023-06-13,0.003538620252335099
crypto_min_variance,crypto,min_variance,2023-06-14,-0.036633297798067226
crypto_min_variance,crypto,min_variance,2023-06-15,0.0012388589072299962
crypto_min_variance,crypto,min_variance,2023-06-16,0.01276783259678545
crypto_min_variance,crypto,min_variance,2023-06-17,0.010855801263465298
crypto_min_variance,crypto,min_variance,2023-06-18,-0.0054853712436618764
crypto_min_variance,crypto,min_variance,2023-06-19,0.006510364176803617
crypto_min_variance,crypto,min_variance,2023-06-20,0.029079413707760793
crypto_min_variance,crypto,min_variance,2023-06-21,0.07223688957904759
crypto_min_variance,crypto,min_variance,2023-06-22,-0.004504151733730116
crypto_min_variance,crypto,min_variance,2023-06-23,0.0802395451616869
crypto_min_variance,crypto,min_variance,2023-06-24,0.03185298130624171
crypto_min_variance,crypto,min_variance,2023-06-25,-0.016357142118397876
crypto_min_variance,crypto,min_variance,2023-06-26,0.027608696826373173
crypto_min_variance,crypto,min_variance,2023-06-27,0.033667401121856094
crypto_min_variance,crypto,min_variance,2023-06-28,-0.02400525978894019
crypto_min_variance,crypto,min_variance,2023-06-29,0.04328844813346926
crypto_min_variance,crypto,min_variance,2023-06-30,0.08878767726725217
crypto_min_variance,crypto,min_variance,2023-07-01,-0.0016479666380838347
crypto_min_variance,crypto,min_variance,2023-07-02,0.004952346076175366
crypto_min_variance,crypto,min_variance,2023-07-03,0.002749438140760321
crypto_min_variance,crypto,min_variance,2023-07-04,-0.012647748856934227
crypto_min_variance,crypto,min_variance,2023-07-05,-0.01569490610730039
crypto_min_variance,crypto,min_variance,2023-07-06,-0.024141699501781053
crypto_min_variance,crypto,min_variance,2023-07-07,0.01600412057327781
crypto_min_variance,crypto,min_variance,2023-07-08,0.01052953270016131
crypto_min_variance,crypto,min_variance,2023-07-09,-0.014939526920756676
crypto_min_variance,crypto,min_variance,2023-07-10,0.010116880761100856
crypto_min_variance,crypto,min_variance,2023-07-11,0.0003530204586053747
crypto_min_variance,crypto,min_variance,2023-07-12,-0.00787490596045529
crypto_min_variance,crypto,min_variance,2023-07-13,0.27837873767006893
crypto_min_variance,crypto,min_variance,2023-07-14,-0.0799393422149237
crypto_min_variance,crypto,min_variance,2023-07-15,-0.01291535521464839
crypto_min_variance,crypto,min_variance,2023-07-16,0.0058877424301176234
crypto_min_variance,crypto,min_variance,2023-07-17,-0.008771991732964534
crypto_min_variance,crypto,min_variance,2023-07-18,0.012695149619582638
crypto_min_variance,crypto,min_variance,2023-07-19,0.057343712056285905
crypto_min_variance,crypto,min_variance,2023-07-20,0.001207030068196232
crypto_min_variance,crypto,min_variance,2023-07-21,-0.014610386395253833
crypto_min_variance,crypto,min_variance,2023-07-22,-0.0090368539127536
crypto_min_variance,crypto,min_variance,2023-07-23,0.0073853794031357054
crypto_min_variance,crypto,min_variance,2023-07-24,-0.04293332975870356
crypto_min_variance,crypto,min_variance,2023-07-25,0.0017127059430470932
crypto_min_variance,crypto,min_variance,2023-07-26,0.022701308770646467
crypto_min_variance,crypto,min_variance,2023-07-27,0.004633026650315909
crypto_min_variance,crypto,min_variance,2023-07-28,0.009317870604045871
crypto_min_variance,crypto,min_variance,2023-07-29,-0.00304811430155126
crypto_min_variance,crypto,min_variance,2023-07-30,-0.011000245826710582
crypto_min_variance,crypto,min_variance,2023-07-31,-0.0217137700245327
crypto_min_variance,crypto,min_variance,2023-08-01,0.008336374646404354
crypto_min_variance,crypto,min_variance,2023-08-02,-0.03418932887378999
crypto_min_variance,crypto,min_variance,2023-08-03,-0.009753913248088029
crypto_min_variance,crypto,min_variance,2023-08-04,-0.003137654130323528
crypto_min_variance,crypto,min_variance,2023-08-05,0.004368101940000411
crypto_min_variance,crypto,min_variance,2023-08-06,-0.005603700439764439
crypto_min_variance,crypto,min_variance,2023-08-07,0.009343214505913877
crypto_min_variance,crypto,min_variance,2023-08-08,0.013261108714918002
crypto_min_variance,crypto,min_variance,2023-08-09,-0.0016710806145056006
crypto_min_variance,crypto,min_variance,2023-08-10,-0.007351343632743363
crypto_min_variance,crypto,min_variance,2023-08-11,-0.0029046082810197287
crypto_min_variance,crypto,min_variance,2023-08-12,-0.0006130428495719146
crypto_min_variance,crypto,min_variance,2023-08-13,-0.005315406281373561
crypto_min_variance,crypto,min_variance,2023-08-14,0.0029499736621636107
crypto_min_variance,crypto,min_variance,2023-08-15,-0.01650330560441311
crypto_min_variance,crypto,min_variance,2023-08-16,-0.03031603194640876
crypto_min_variance,crypto,min_variance,2023-08-17,-0.0706169502151443
crypto_min_variance,crypto,min_variance,2023-08-18,-0.000821070712976597
crypto_min_variance,crypto,min_variance,2023-08-19,0.010294049926084488
crypto_min_variance,crypto,min_variance,2023-08-20,0.014630508858676651
crypto_min_variance,crypto,min_variance,2023-08-21,-0.011102454232588696
crypto_min_variance,crypto,min_variance,2023-08-22,-0.01131658212928882
crypto_min_variance,crypto,min_variance,2023-08-23,0.029556050279875675
crypto_min_variance,crypto,min_variance,2023-08-24,-0.010575888552801525
crypto_min_variance,crypto,min_variance,2023-08-25,-0.003273666491908404
crypto_min_variance,crypto,min_variance,2023-08-26,-0.0030650441411553516
crypto_min_variance,crypto,min_variance,2023-08-27,0.008212529433729581
crypto_min_variance,crypto,min_variance,2023-08-28,-0.006500631204507114
crypto_min_variance,crypto,min_variance,2023-08-29,0.05233807534882531
crypto_min_variance,crypto,min_variance,2023-08-30,-0.021550125553143992
crypto_min_variance,crypto,min_variance,2023-08-31,-0.03025924140715401
crypto_min_variance,crypto,min_variance,2023-09-01,-0.010055752338749956
crypto_min_variance,crypto,min_variance,2023-09-02,0.0030260443508409946
crypto_min_variance,crypto,min_variance,2023-09-03,0.0018239284157189751
crypto_min_variance,crypto,min_variance,2023-09-04,-0.001286900497186771
crypto_min_variance,crypto,min_variance,2023-09-05,0.0006878737085254738
crypto_min_variance,crypto,min_variance,2023-09-06,0.0030453785848777726
crypto_min_variance,crypto,min_variance,2023-09-07,0.007474846413692275
crypto_min_variance,crypto,min_variance,2023-09-08,-0.006834796173471293
crypto_min_variance,crypto,min_variance,2023-09-09,7.848719942513745e-05
crypto_min_variance,crypto,min_variance,2023-09-10,-0.012018280109287828
crypto_min_variance,crypto,min_variance,2023-09-11,-0.028459367089410978
crypto_min_variance,crypto,min_variance,2023-09-12,0.03057414891236462
crypto_min_variance,crypto,min_variance,2023-09-13,0.010649605838016201
crypto_min_variance,crypto,min_variance,2023-09-14,0.018422386260672587
crypto_min_variance,crypto,min_variance,2023-09-15,0.009794880295644619
crypto_min_variance,crypto,min_variance,2023-09-16,-0.00377680192242842
crypto_min_variance,crypto,min_variance,2023-09-17,-0.010065928546589827
crypto_min_variance,crypto,min_variance,2023-09-18,0.014998705446661164
crypto_min_variance,crypto,min_variance,2023-09-19,0.010733291941131207
crypto_min_variance,crypto,min_variance,2023-09-20,-0.009711373113772903
crypto_min_variance,crypto,min_variance,2023-09-21,-0.020862922533239268
crypto_min_variance,crypto,min_variance,2023-09-22,0.0010420372747414774
crypto_min_variance,crypto,min_variance,2023-09-23,0.0027138650673665604
crypto_min_variance,crypto,min_variance,2023-09-24,-0.010102639349716678
crypto_min_variance,crypto,min_variance,2023-09-25,0.00907219578852573
crypto_min_variance,crypto,min_variance,2023-09-26,0.0005202523611597743
crypto_min_variance,crypto,min_variance,2023-09-27,0.01006810562529832
crypto_min_variance,crypto,min_variance,2023-09-28,0.02542552791929638
crypto_min_variance,crypto,min_variance,2023-09-29,0.006048886305237736
crypto_min_variance,crypto,min_variance,2023-09-30,0.0029174281932022273
crypto_min_variance,crypto,min_variance,2023-10-01,0.033387379275140384
crypto_min_variance,crypto,min_variance,2023-10-02,-0.023961767422673932
crypto_min_variance,crypto,min_variance,2023-10-03,0.001185599908257738
crypto_min_variance,crypto,min_variance,2023-10-04,-0.005037570581630295
crypto_min_variance,crypto,min_variance,2023-10-05,-0.012546768118023317
crypto_min_variance,crypto,min_variance,2023-10-06,0.009853322410190272
crypto_min_variance,crypto,min_variance,2023-10-07,-0.00280668341658318
crypto_min_variance,crypto,min_variance,2023-10-08,-0.0032866232618444457
crypto_min_variance,crypto,min_variance,2023-10-09,-0.02740794697274857
crypto_min_variance,crypto,min_variance,2023-10-10,-0.006131466354788187
crypto_min_variance,crypto,min_variance,2023-10-11,-0.006594255743681476
crypto_min_variance,crypto,min_variance,2023-10-12,-0.008861159476733004
crypto_min_variance,crypto,min_variance,2023-10-13,0.0072432792047288155
crypto_min_variance,crypto,min_variance,2023-10-14,-0.0008430990374397674
crypto_min_variance,crypto,min_variance,2023-10-15,0.008550024236802553
crypto_min_variance,crypto,min_variance,2023-10-16,0.03255865803930991
crypto_min_variance,crypto,min_variance,2023-10-17,-0.01512724687631217
crypto_min_variance,crypto,min_variance,2023-10-18,-0.0036731646867912884
crypto_min_variance,crypto,min_variance,2023-10-19,0.008591705939287602
crypto_min_variance,crypto,min_variance,2023-10-20,0.023609531500912884
crypto_min_variance,crypto,min_variance,2023-10-21,0.01571023040042462
crypto_min_variance,crypto,min_variance,2023-10-22,0.004719521004572021
crypto_min_variance,crypto,min_variance,2023-10-23,0.06166003550087561
crypto_min_variance,crypto,min_variance,2023-10-24,0.004621037488529351
crypto_min_variance,crypto,min_variance,2023-10-25,0.008723945961091342
crypto_min_variance,crypto,min_variance,2023-10-26,-0.00033675499904312935
crypto_min_variance,crypto,min_variance,2023-10-27,-0.0035299241911771386
crypto_min_variance,crypto,min_variance,2023-10-28,0.01186076149547522
crypto_min_variance,crypto,min_variance,2023-10-29,0.008691460517166617
crypto_min_variance,crypto,min_variance,2023-10-30,0.006615375030384526
crypto_min_variance,crypto,min_variance,2023-10-31,0.003055053426743672
crypto_min_variance,crypto,min_variance,2023-11-01,0.026795679458694047
crypto_min_variance,crypto,min_variance,2023-11-02,-0.004395159207361131
crypto_min_variance,crypto,min_variance,2023-11-03,0.0031061969682894524
crypto_min_variance,crypto,min_variance,2023-11-04,0.007875175516093567
crypto_min_variance,crypto,min_variance,2023-11-05,0.016285980046881327
crypto_min_variance,crypto,min_variance,2023-11-06,0.017641324679826407
crypto_min_variance,crypto,min_variance,2023-11-07,-0.009483155859160017
crypto_min_variance,crypto,min_variance,2023-11-08,0.012033287991952937
crypto_min_variance,crypto,min_variance,2023-11-09,0.029592410819920218
crypto_min_variance,crypto,min_variance,2023-11-10,0.028371366885251683
crypto_min_variance,crypto,min_variance,2023-11-11,0.0011731322867331996
crypto_min_variance,crypto,min_variance,2023-11-12,0.0003400388144543985
crypto_min_variance,crypto,min_variance,2023-11-13,-0.020051217897796077
crypto_min_variance,crypto,min_variance,2023-11-14,-0.028347530117980843
crypto_min_variance,crypto,min_variance,2023-11-15,0.04584791640252559
crypto_min_variance,crypto,min_variance,2023-11-16,-0.03200255103838974
crypto_min_variance,crypto,min_variance,2023-11-17,0.001547783140678349
crypto_min_variance,crypto,min_variance,2023-11-18,0.004590236196064401
crypto_min_variance,crypto,min_variance,2023-11-19,0.01725740765830397
crypto_min_variance,crypto,min_variance,2023-11-20,-0.009515777342651612
crypto_min_variance,crypto,min_variance,2023-11-21,-0.05239052432240877
crypto_min_variance,crypto,min_variance,2023-11-22,0.05286443164163082
crypto_min_variance,crypto,min_variance,2023-11-23,0.003517640321518394
crypto_min_variance,crypto,min_variance,2023-11-24,0.011068424706057442
crypto_min_variance,crypto,min_variance,2023-11-25,0.016645423281654515
crypto_min_variance,crypto,min_variance,2023-11-26,-0.009408214160529242
crypto_min_variance,crypto,min_variance,2023-11-27,-0.026153072586009282
crypto_min_variance,crypto,min_variance,2023-11-28,0.01152098265177318
crypto_min_variance,crypto,min_variance,2023-11-29,-0.00259311388422137
crypto_min_variance,crypto,min_variance,2023-11-30,-0.0024600686537402904
crypto_min_variance,crypto,min_variance,2023-12-01,0.0156358872528798
crypto_min_variance,crypto,min_variance,2023-12-02,0.020108084292803956
crypto_min_variance,crypto,min_variance,2023-12-03,0.004857556627587779
crypto_min_variance,crypto,min_variance,2023-12-04,0.029945112783399844
crypto_min_variance,crypto,min_variance,2023-12-05,0.025183627878865276
crypto_min_variance,crypto,min_variance,2023-12-06,-0.0036810155556181202
crypto_min_variance,crypto,min_variance,2023-12-07,0.019224030328815513
crypto_min_variance,crypto,min_variance,2023-12-08,0.044145824917240784
crypto_min_variance,crypto,min_variance,2023-12-09,0.012556263615706494
crypto_min_variance,crypto,min_variance,2023-12-10,0.004092397289354244
crypto_min_variance,crypto,min_variance,2023-12-11,-0.06088629258245755
crypto_min_variance,crypto,min_variance,2023-12-12,0.008003938749452594
crypto_min_variance,crypto,min_variance,2023-12-13,0.03980205286225709
crypto_min_variance,crypto,min_variance,2023-12-14,0.004364246802527922
crypto_min_variance,crypto,min_variance,2023-12-15,-0.04238020772789644
crypto_min_variance,crypto,min_variance,2023-12-16,0.016024858663804167
crypto_min_variance,crypto,min_variance,2023-12-17,-0.018174597021245766
crypto_min_variance,crypto,min_variance,2023-12-18,0.007494565101057385
crypto_min_variance,crypto,min_variance,2023-12-19,-0.015716680309102265
crypto_min_variance,crypto,min_variance,2023-12-20,0.02125982502560675
crypto_min_variance,crypto,min_variance,2023-12-21,0.0318001059279778
crypto_min_variance,crypto,min_variance,2023-12-22,0.010024257636848794
crypto_min_variance,crypto,min_variance,2023-12-23,-0.006132968469036438
crypto_min_variance,crypto,min_variance,2023-12-24,-0.018379411976663422
crypto_min_variance,crypto,min_variance,2023-12-25,0.024509973479235635
crypto_min_variance,crypto,min_variance,2023-12-26,-0.020764084347213316
crypto_min_variance,crypto,min_variance,2023-12-27,0.04524450144147217
crypto_min_variance,crypto,min_variance,2023-12-28,-0.014482242624186684
crypto_min_variance,crypto,min_variance,2023-12-29,-0.016838414848016913
crypto_min_variance,crypto,min_variance,2023-12-30,0.0045729813451827585
crypto_min_variance,crypto,min_variance,2023-12-31,-0.005800871190238057
crypto_max_sharpe,crypto,max_sharpe,2021-01-01,0.002646846330605678
crypto_max_sharpe,crypto,max_sharpe,2021-01-02,0.0431676581404978
crypto_max_sharpe,crypto,max_sharpe,2021-01-03,0.13393122432915458
crypto_max_sharpe,crypto,max_sharpe,2021-01-04,0.05895529623019366
crypto_max_sharpe,crypto,max_sharpe,2021-01-05,0.09505946175985404
crypto_max_sharpe,crypto,max_sharpe,2021-01-06,0.2718136813365326
crypto_max_sharpe,crypto,max_sharpe,2021-01-07,-0.028916381108814462
crypto_max_sharpe,crypto,max_sharpe,2021-01-08,0.0007730258585234209
crypto_max_sharpe,crypto,max_sharpe,2021-01-09,0.03692992332660879
crypto_max_sharpe,crypto,max_sharpe,2021-01-10,-0.054174375753076515
crypto_max_sharpe,crypto,max_sharpe,2021-01-11,-0.10506961428588882
crypto_max_sharpe,crypto,max_sharpe,2021-01-12,-0.004745797951033574
crypto_max_sharpe,crypto,max_sharpe,2021-01-13,0.09079812821295326
crypto_max_sharpe,crypto,max_sharpe,2021-01-14,0.023727286622462665
crypto_max_sharpe,crypto,max_sharpe,2021-01-15,-0.04687569179321177
crypto_max_sharpe,crypto,max_sharpe,2021-01-16,0.04958569383085535
crypto_max_sharpe,crypto,max_sharpe,2021-01-17,0.025130001540178686
crypto_max_sharpe,crypto,max_sharpe,2021-01-18,0.011463997790290422
crypto_max_sharpe,crypto,max_sharpe,2021-01-19,0.012642708770660845
crypto_max_sharpe,crypto,max_sharpe,2021-01-20,-0.005126960393435724
crypto_max_sharpe,crypto,max_sharpe,2021-01-21,-0.15691351293621655
crypto_max_sharpe,crypto,max_sharpe,2021-01-22,0.0882536754646576
crypto_max_sharpe,crypto,max_sharpe,2021-01-23,-0.007986106818635789
crypto_max_sharpe,crypto,max_sharpe,2021-01-24,0.039903948714563015
crypto_max_sharpe,crypto,max_sharpe,2021-01-25,-0.030353343491730803
crypto_max_sharpe,crypto,max_sharpe,2021-01-26,0.003376139263413307
crypto_max_sharpe,crypto,max_sharpe,2021-01-27,-0.08224206224843696
crypto_max_sharpe,crypto,max_sharpe,2021-01-28,0.12195632840369569
crypto_max_sharpe,crypto,max_sharpe,2021-01-29,0.016962946160236966
crypto_max_sharpe,crypto,max_sharpe,2021-01-30,0.034930864073393665
crypto_max_sharpe,crypto,max_sharpe,2021-01-31,-0.046305276975966626
crypto_max_sharpe,crypto,max_sharpe,2021-02-01,0.01750726537508955
crypto_max_sharpe,crypto,max_sharpe,2021-02-02,0.05645560648141644
crypto_max_sharpe,crypto,max_sharpe,2021-02-03,0.05199943787724925
crypto_max_sharpe,crypto,max_sharpe,2021-02-04,-0.00826423726271498
crypto_max_sharpe,crypto,max_sharpe,2021-02-05,0.09234354765332266
crypto_max_sharpe,crypto,max_sharpe,2021-02-06,0.053207562962496284
crypto_max_sharpe,crypto,max_sharpe,2021-02-07,0.005973959903337109
crypto_max_sharpe,crypto,max_sharpe,2021-02-08,0.07622602621226111
crypto_max_sharpe,crypto,max_sharpe,2021-02-09,0.023631196347317286
crypto_max_sharpe,crypto,max_sharpe,2021-02-10,0.09721543741104396
crypto_max_sharpe,crypto,max_sharpe,2021-02-11,0.044897674936495706
crypto_max_sharpe,crypto,max_sharpe,2021-02-12,0.04816017340059425
crypto_max_sharpe,crypto,max_sharpe,2021-02-13,0.008653802238518471
crypto_max_sharpe,crypto,max_sharpe,2021-02-14,-0.03988897346045037
crypto_max_sharpe,crypto,max_sharpe,2021-02-15,-0.022687165474562503
crypto_max_sharpe,crypto,max_sharpe,2021-02-16,0.0010864730054740849
crypto_max_sharpe,crypto,max_sharpe,2021-02-17,0.031769793841934214
crypto_max_sharpe,crypto,max_sharpe,2021-02-18,0.015879676753865167
crypto_max_sharpe,crypto,max_sharpe,2021-02-19,0.03891055000049667
crypto_max_sharpe,crypto,max_sharpe,2021-02-20,0.04047025294686914
crypto_max_sharpe,crypto,max_sharpe,2021-02-21,0.009232436164272634
crypto_max_sharpe,crypto,max_sharpe,2021-02-22,-0.03462833546585897
crypto_max_sharpe,crypto,max_sharpe,2021-02-23,-0.13653087559964344
crypto_max_sharpe,crypto,max_sharpe,2021-02-24,0.05634134091140088
crypto_max_sharpe,crypto,max_sharpe,2021-02-25,-0.03386651756994608
crypto_max_sharpe,crypto,max_sharpe,2021-02-26,0.06023786109957438
crypto_max_sharpe,crypto,max_sharpe,2021-02-27,0.04856339554661888
crypto_max_sharpe,crypto,max_sharpe,2021-02-28,-0.030754101889771016
crypto_max_sharpe,crypto,max_sharpe,2021-03-01,0.06006020063790628
crypto_max_sharpe,crypto,max_sharpe,2021-03-02,-0.032536567886679954
crypto_max_sharpe,crypto,max_sharpe,2021-03-03,0.03061739781721463
crypto_max_sharpe,crypto,max_sharpe,2021-03-04,-0.024549404078457026
crypto_max_sharpe,crypto,max_sharpe,2021-03-05,0.0008406596587051136
crypto_max_sharpe,crypto,max_sharpe,2021-03-06,0.010063934347204703
crypto_max_sharpe,crypto,max_sharpe,2021-03-07,0.030290965729471805
crypto_max_sharpe,crypto,max_sharpe,2021-03-08,0.02296689312246731
crypto_max_sharpe,crypto,max_sharpe,2021-03-09,0.0351464264123946
crypto_max_sharpe,crypto,max_sharpe,2021-03-10,-0.02746806804848499
crypto_max_sharpe,crypto,max_sharpe,2021-03-11,0.007141967586952826
crypto_max_sharpe,crypto,max_sharpe,2021-03-12,-0.030617508163993522
crypto_max_sharpe,crypto,max_sharpe,2021-03-13,0.06500253993561024
crypto_max_sharpe,crypto,max_sharpe,2021-03-14,-0.03570411100511771
crypto_max_sharpe,crypto,max_sharpe,2021-03-15,-0.031403559910428785
crypto_max_sharpe,crypto,max_sharpe,2021-03-16,0.04533764882005179
crypto_max_sharpe,crypto,max_sharpe,2021-03-17,0.04243551214296377
crypto_max_sharpe,crypto,max_sharpe,2021-03-18,-0.03527258467840703
crypto_max_sharpe,crypto,max_sharpe,2021-03-19,0.03275173022540517
crypto_max_sharpe,crypto,max_sharpe,2021-03-20,0.0022271119420234874
crypto_max_sharpe,crypto,max_sharpe,2021-03-21,-0.006881241547698245
crypto_max_sharpe,crypto,max_sharpe,2021-03-22,-0.05002482931918104
crypto_max_sharpe,crypto,max_sharpe,2021-03-23,-0.0008413629106503767
crypto_max_sharpe,crypto,max_sharpe,2021-03-24,-0.050244490362793784
crypto_max_sharpe,crypto,max_sharpe,2021-03-25,-0.004041075807154569
crypto_max_sharpe,crypto,max_sharpe,2021-03-26,0.09141623987139522
crypto_max_sharpe,crypto,max_sharpe,2021-03-27,-0.0049065600435567736
crypto_max_sharpe,crypto,max_sharpe,2021-03-28,0.00435843164105586
crypto_max_sharpe,crypto,max_sharpe,2021-03-29,0.03363776798090554
crypto_max_sharpe,crypto,max_sharpe,2021-03-30,0.0126503459170187
crypto_max_sharpe,crypto,max_sharpe,2021-03-31,0.09191086465836068
crypto_max_sharpe,crypto,max_sharpe,2021-04-01,0.0003274898931229698
crypto_max_sharpe,crypto,max_sharpe,2021-04-02,0.042150500646335895
crypto_max_sharpe,crypto,max_sharpe,2021-04-03,-0.01486229528661325
crypto_max_sharpe,crypto,max_sharpe,2021-04-04,0.0805569316772675
crypto_max_sharpe,crypto,max_sharpe,2021-04-05,0.05754435742877227
crypto_max_sharpe,crypto,max_sharpe,2021-04-06,-0.0039037481570306726
crypto_max_sharpe,crypto,max_sharpe,2021-04-07,-0.08373070595998808
crypto_max_sharpe,crypto,max_sharpe,2021-04-08,0.06728464514775558
crypto_max_sharpe,crypto,max_sharpe,2021-04-09,-0.024665737439886044
crypto_max_sharpe,crypto,max_sharpe,2021-04-10,0.07538488674753092
crypto_max_sharpe,crypto,max_sharpe,2021-04-11,0.006653987147815602
crypto_max_sharpe,crypto,max_sharpe,2021-04-12,0.01781674252819543
crypto_max_sharpe,crypto,max_sharpe,2021-04-13,0.09905048247314348
crypto_max_sharpe,crypto,max_sharpe,2021-04-14,0.008755637589433481
crypto_max_sharpe,crypto,max_sharpe,2021-04-15,0.0484653078942263
crypto_max_sharpe,crypto,max_sharpe,2021-04-16,-0.025968060659453777
crypto_max_sharpe,crypto,max_sharpe,2021-04-17,-0.02365750505598459
crypto_max_sharpe,crypto,max_sharpe,2021-04-18,-0.08025074015577152
crypto_max_sharpe,crypto,max_sharpe,2021-04-19,-0.05436026175932818
crypto_max_sharpe,crypto,max_sharpe,2021-04-20,0.038642883343643596
crypto_max_sharpe,crypto,max_sharpe,2021-04-21,-0.04021367090647449
crypto_max_sharpe,crypto,max_sharpe,2021-04-22,-0.05034159960541834
crypto_max_sharpe,crypto,max_sharpe,2021-04-23,-0.01058127025610012
crypto_max_sharpe,crypto,max_sharpe,2021-04-24,-0.05472908359251266
crypto_max_sharpe,crypto,max_sharpe,2021-04-25,-0.0007875665773686912
crypto_max_sharpe,crypto,max_sharpe,2021-04-26,0.13383258998044342
crypto_max_sharpe,crypto,max_sharpe,2021-04-27,0.050098742794405314
crypto_max_sharpe,crypto,max_sharpe,2021-04-28,0.0007638816729524226
crypto_max_sharpe,crypto,max_sharpe,2021-04-29,-0.00911864227147967
crypto_max_sharpe,crypto,max_sharpe,2021-04-30,0.057754280583223266
crypto_max_sharpe,crypto,max_sharpe,2021-05-01,0.036792674834325245
crypto_max_sharpe,crypto,max_sharpe,2021-05-02,-0.01707617241706197
crypto_max_sharpe,crypto,max_sharpe,2021-05-03,0.06528812611015658
crypto_max_sharpe,crypto,max_sharpe,2021-05-04,-0.0199786440640108
crypto_max_sharpe,crypto,max_sharpe,2021-05-05,0.17333841734531338
crypto_max_sharpe,crypto,max_sharpe,2021-05-06,0.10646221907685366
crypto_max_sharpe,crypto,max_sharpe,2021-05-07,-0.02978482158240008
crypto_max_sharpe,crypto,max_sharpe,2021-05-08,0.029013111721484085
crypto_max_sharpe,crypto,max_sharpe,2021-05-09,-0.002616463773720569
crypto_max_sharpe,crypto,max_sharpe,2021-05-10,-0.0663126720753337
crypto_max_sharpe,crypto,max_sharpe,2021-05-11,0.05906489516513349
crypto_max_sharpe,crypto,max_sharpe,2021-05-12,-0.15149614461044122
crypto_max_sharpe,crypto,max_sharpe,2021-05-13,0.06746562584797416
crypto_max_sharpe,crypto,max_sharpe,2021-05-14,0.07190127174626992
crypto_max_sharpe,crypto,max_sharpe,2021-05-15,-0.03220468747285703
crypto_max_sharpe,crypto,max_sharpe,2021-05-16,0.006015866051426678
crypto_max_sharpe,crypto,max_sharpe,2021-05-17,-0.07054622124911221
crypto_max_sharpe,crypto,max_sharpe,2021-05-18,0.0073052251758329795
crypto_max_sharpe,crypto,max_sharpe,2021-05-19,-0.27386507059063714
crypto_max_sharpe,crypto,max_sharpe,2021-05-20,0.1658334726215928
crypto_max_sharpe,crypto,max_sharpe,2021-05-21,-0.12913150689367867
crypto_max_sharpe,crypto,max_sharpe,2021-05-22,-0.052968647031213685
crypto_max_sharpe,crypto,max_sharpe,2021-05-23,-0.10290419733444091
crypto_max_sharpe,crypto,max_sharpe,2021-05-24,0.23276266557498287
crypto_max_sharpe,crypto,max_sharpe,2021-05-25,0.018226727077763478
crypto_max_sharpe,crypto,max_sharpe,2021-05-26,0.07093766956792921
crypto_max_sharpe,crypto,max_sharpe,2021-05-27,-0.05856098035757376
crypto_max_sharpe,crypto,max_sharpe,2021-05-28,-0.08720092316866658
crypto_max_sharpe,crypto,max_sharpe,2021-05-29,-0.0571659745082774
crypto_max_sharpe,crypto,max_sharpe,2021-05-30,0.06360348797540924
crypto_max_sharpe,crypto,max_sharpe,2021-05-31,0.09190142327360505
crypto_max_sharpe,crypto,max_sharpe,2021-06-01,-0.022016281990439566
crypto_max_sharpe,crypto,max_sharpe,2021-06-02,0.017921109941104484
crypto_max_sharpe,crypto,max_sharpe,2021-06-03,0.040881542489137064
crypto_max_sharpe,crypto,max_sharpe,2021-06-04,-0.06483916571280018
crypto_max_sharpe,crypto,max_sharpe,2021-06-05,-0.030202307812742902
crypto_max_sharpe,crypto,max_sharpe,2021-06-06,0.018504526655949236
crypto_max_sharpe,crypto,max_sharpe,2021-06-07,-0.07120103355658021
crypto_max_sharpe,crypto,max_sharpe,2021-06-08,-0.0034713639404287296
crypto_max_sharpe,crypto,max_sharpe,2021-06-09,0.06093774796723164
crypto_max_sharpe,crypto,max_sharpe,2021-06-10,-0.04712840231289436
crypto_max_sharpe,crypto,max_sharpe,2021-06-11,-0.02818154224356243
crypto_max_sharpe,crypto,max_sharpe,2021-06-12,-0.01242044564303283
crypto_max_sharpe,crypto,max_sharpe,2021-06-13,0.06759858875863652
crypto_max_sharpe,crypto,max_sharpe,2021-06-14,0.013319045167921852
crypto_max_sharpe,crypto,max_sharpe,2021-06-15,0.010349807057105073
crypto_max_sharpe,crypto,max_sharpe,2021-06-16,-0.0683516938809306
crypto_max_sharpe,crypto,max_sharpe,2021-06-17,0.006946618194910434
crypto_max_sharpe,crypto,max_sharpe,2021-06-18,-0.054675573690569815
crypto_max_sharpe,crypto,max_sharpe,2021-06-19,-0.0198107879035973
crypto_max_sharpe,crypto,max_sharpe,2021-06-20,0.012646849543291984
crypto_max_sharpe,crypto,max_sharpe,2021-06-21,-0.17429227803737904
crypto_max_sharpe,crypto,max_sharpe,2021-06-22,-0.02579626226029559
crypto_max_sharpe,crypto,max_sharpe,2021-06-23,0.07832942274685425
crypto_max_sharpe,crypto,max_sharpe,2021-06-24,0.056630401797332856
crypto_max_sharpe,crypto,max_sharpe,2021-06-25,-0.08148024044262604
crypto_max_sharpe,crypto,max_sharpe,2021-06-26,0.01068410459594189
crypto_max_sharpe,crypto,max_sharpe,2021-06-27,0.06377222815180028
crypto_max_sharpe,crypto,max_sharpe,2021-06-28,0.010807457305946353
crypto_max_sharpe,crypto,max_sharpe,2021-06-29,0.08542769956162137
crypto_max_sharpe,crypto,max_sharpe,2021-06-30,0.012749761962369646
crypto_max_sharpe,crypto,max_sharpe,2021-07-01,-0.0558434162394077
crypto_max_sharpe,crypto,max_sharpe,2021-07-02,0.01819386228143958
crypto_max_sharpe,crypto,max_sharpe,2021-07-03,0.027281539754600757
crypto_max_sharpe,crypto,max_sharpe,2021-07-04,0.021409369562419144
crypto_max_sharpe,crypto,max_sharpe,2021-07-05,-0.04556516894719539
crypto_max_sharpe,crypto,max_sharpe,2021-07-06,0.022285320852142715
crypto_max_sharpe,crypto,max_sharpe,2021-07-07,-0.014895428048972904
crypto_max_sharpe,crypto,max_sharpe,2021-07-08,-0.05471230744122945
crypto_max_sharpe,crypto,max_sharpe,2021-07-09,0.017021812639220018
crypto_max_sharpe,crypto,max_sharpe,2021-07-10,-0.01361031014859896
crypto_max_sharpe,crypto,max_sharpe,2021-07-11,0.013342370937455189
crypto_max_sharpe,crypto,max_sharpe,2021-07-12,-0.031880937748101155
crypto_max_sharpe,crypto,max_sharpe,2021-07-13,-0.03206791722802002
crypto_max_sharpe,crypto,max_sharpe,2021-07-14,0.007183443142892795
crypto_max_sharpe,crypto,max_sharpe,2021-07-15,-0.03871136940790422
crypto_max_sharpe,crypto,max_sharpe,2021-07-16,-0.026479037624282522
crypto_max_sharpe,crypto,max_sharpe,2021-07-17,0.002430978371384137
crypto_max_sharpe,crypto,max_sharpe,2021-07-18,0.006768299801540315
crypto_max_sharpe,crypto,max_sharpe,2021-07-19,-0.03768897210388263
crypto_max_sharpe,crypto,max_sharpe,2021-07-20,-0.04170928483940391
crypto_max_sharpe,crypto,max_sharpe,2021-07-21,0.09109265100338026
crypto_max_sharpe,crypto,max_sharpe,2021-07-22,0.016696863374230528
crypto_max_sharpe,crypto,max_sharpe,2021-07-23,0.03609342738486198
crypto_max_sharpe,crypto,max_sharpe,2021-07-24,0.03239978057330595
crypto_max_sharpe,crypto,max_sharpe,2021-07-25,0.0024924834945365716
crypto_max_sharpe,crypto,max_sharpe,2021-07-26,0.0255683325179023
crypto_max_sharpe,crypto,max_sharpe,2021-07-27,0.030718049109820768
crypto_max_sharpe,crypto,max_sharpe,2021-07-28,0.015361224436624969
crypto_max_sharpe,crypto,max_sharpe,2021-07-29,0.01316485851273158
crypto_max_sharpe,crypto,max_sharpe,2021-07-30,0.03336479702145364
crypto_max_sharpe,crypto,max_sharpe,2021-07-31,0.006146522431331613
crypto_max_sharpe,crypto,max_sharpe,2021-08-01,-0.014571039875920948
crypto_max_sharpe,crypto,max_sharpe,2021-08-02,0.006688029350319787
crypto_max_sharpe,crypto,max_sharpe,2021-08-03,-0.01782296384476943
crypto_max_sharpe,crypto,max_sharpe,2021-08-04,0.04469735096810713
crypto_max_sharpe,crypto,max_sharpe,2021-08-05,0.022620597891634175
crypto_max_sharpe,crypto,max_sharpe,2021-08-06,0.02243394366496344
crypto_max_sharpe,crypto,max_sharpe,2021-08-07,0.07835788441231865
crypto_max_sharpe,crypto,max_sharpe,2021-08-08,-0.03897796154361955
crypto_max_sharpe,crypto,max_sharpe,2021-08-09,0.04391434918920027
crypto_max_sharpe,crypto,max_sharpe,2021-08-10,0.02413227932800397
crypto_max_sharpe,crypto,max_sharpe,2021-08-11,0.05392634747373874
crypto_max_sharpe,crypto,max_sharpe,2021-08-12,-0.015909941593546258
crypto_max_sharpe,crypto,max_sharpe,2021-08-13,0.10356927951996406
crypto_max_sharpe,crypto,max_sharpe,2021-08-14,0.030716661683409665
crypto_max_sharpe,crypto,max_sharpe,2021-08-15,0.02300935130010799
crypto_max_sharpe,crypto,max_sharpe,2021-08-16,-0.049361547822244764
crypto_max_sharpe,crypto,max_sharpe,2021-08-17,-0.06275220483121051
crypto_max_sharpe,crypto,max_sharpe,2021-08-18,0.0302143947247328
crypto_max_sharpe,crypto,max_sharpe,2021-08-19,0.07545761634564227
crypto_max_sharpe,crypto,max_sharpe,2021-08-20,0.031910066514936004
crypto_max_sharpe,crypto,max_sharpe,2021-08-21,-0.020779062737381195
crypto_max_sharpe,crypto,max_sharpe,2021-08-22,0.033034946531083166
crypto_max_sharpe,crypto,max_sharpe,2021-08-23,0.03154374427563809
crypto_max_sharpe,crypto,max_sharpe,2021-08-24,-0.06188856534810766
crypto_max_sharpe,crypto,max_sharpe,2021-08-25,0.01739537739249354
crypto_max_sharpe,crypto,max_sharpe,2021-08-26,-0.05860135748002711
crypto_max_sharpe,crypto,max_sharpe,2021-08-27,0.09205224701583145
crypto_max_sharpe,crypto,max_sharpe,2021-08-28,-0.01515325804842615
crypto_max_sharpe,crypto,max_sharpe,2021-08-29,-0.002507083740658077
crypto_max_sharpe,crypto,max_sharpe,2021-08-30,-0.02932784644676737
crypto_max_sharpe,crypto,max_sharpe,2021-08-31,0.03301652117342105
crypto_max_sharpe,crypto,max_sharpe,2021-09-01,0.06273492359436711
crypto_max_sharpe,crypto,max_sharpe,2021-09-02,0.0071632898923931244
crypto_max_sharpe,crypto,max_sharpe,2021-09-03,0.022734035217189055
crypto_max_sharpe,crypto,max_sharpe,2021-09-04,-0.01933750311772823
crypto_max_sharpe,crypto,max_sharpe,2021-09-05,0.03735837736924885
crypto_max_sharpe,crypto,max_sharpe,2021-09-06,0.0060568012832245615
crypto_max_sharpe,crypto,max_sharpe,2021-09-07,-0.14865069090788152
crypto_max_sharpe,crypto,max_sharpe,2021-09-08,-0.002044400131337493
crypto_max_sharpe,crypto,max_sharpe,2021-09-09,-0.0001040840507569034
crypto_max_sharpe,crypto,max_sharpe,2021-09-10,-0.04385207744031023
crypto_max_sharpe,crypto,max_sharpe,2021-09-11,0.033315487762252675
crypto_max_sharpe,crypto,max_sharpe,2021-09-12,0.02700523007802317
crypto_max_sharpe,crypto,max_sharpe,2021-09-13,-0.04522876070701644
crypto_max_sharpe,crypto,max_sharpe,2021-09-14,0.0350361002402151
crypto_max_sharpe,crypto,max_sharpe,2021-09-15,0.03579345722094715
crypto_max_sharpe,crypto,max_sharpe,2021-09-16,-0.02019516622167965
crypto_max_sharpe,crypto,max_sharpe,2021-09-17,-0.03201093874870236
crypto_max_sharpe,crypto,max_sharpe,2021-09-18,0.01235941463313469
crypto_max_sharpe,crypto,max_sharpe,2021-09-19,-0.02884387268021457
crypto_max_sharpe,crypto,max_sharpe,2021-09-20,-0.10822477060398661
crypto_max_sharpe,crypto,max_sharpe,2021-09-21,-0.05178080831866682
crypto_max_sharpe,crypto,max_sharpe,2021-09-22,0.11543650357947119
crypto_max_sharpe,crypto,max_sharpe,2021-09-23,0.017203660516994464
crypto_max_sharpe,crypto,max_sharpe,2021-09-24,-0.05390070066890826
crypto_max_sharpe,crypto,max_sharpe,2021-09-25,-0.002075669352455311
crypto_max_sharpe,crypto,max_sharpe,2021-09-26,0.0018075212819667614
crypto_max_sharpe,crypto,max_sharpe,2021-09-27,-0.030854659957696227
crypto_max_sharpe,crypto,max_sharpe,2021-09-28,-0.03234473284297401
crypto_max_sharpe,crypto,max_sharpe,2021-09-29,0.018522387466729618
crypto_max_sharpe,crypto,max_sharpe,2021-09-30,0.038649228280229105
crypto_max_sharpe,crypto,max_sharpe,2021-10-01,0.09178482215796988
crypto_max_sharpe,crypto,max_sharpe,2021-10-02,0.007416783342005983
crypto_max_sharpe,crypto,max_sharpe,2021-10-03,0.008071298012220519
crypto_max_sharpe,crypto,max_sharpe,2021-10-04,-0.011068283175382035
crypto_max_sharpe,crypto,max_sharpe,2021-10-05,0.03697064896449889
crypto_max_sharpe,crypto,max_sharpe,2021-10-06,0.017770728558207733
crypto_max_sharpe,crypto,max_sharpe,2021-10-07,-0.0038588547143034338
crypto_max_sharpe,crypto,max_sharpe,2021-10-08,-0.005956912327891894
crypto_max_sharpe,crypto,max_sharpe,2021-10-09,0.02999277080037545
crypto_max_sharpe,crypto,max_sharpe,2021-10-10,-0.029391780871649776
crypto_max_sharpe,crypto,max_sharpe,2021-10-11,0.019052607901311
crypto_max_sharpe,crypto,max_sharpe,2021-10-12,-0.02316201772186881
crypto_max_sharpe,crypto,max_sharpe,2021-10-13,0.025039411502847567
crypto_max_sharpe,crypto,max_sharpe,2021-10-14,0.012327552747226444
crypto_max_sharpe,crypto,max_sharpe,2021-10-15,0.025687147378636747
crypto_max_sharpe,crypto,max_sharpe,2021-10-16,-0.00870489985537873
crypto_max_sharpe,crypto,max_sharpe,2021-10-17,-0.007116995427690332
crypto_max_sharpe,crypto,max_sharpe,2021-10-18,-0.009534948483227912
crypto_max_sharpe,crypto,max_sharpe,2021-10-19,0.018575686606142176
crypto_max_sharpe,crypto,max_sharpe,2021-10-20,0.04444124850277937
crypto_max_sharpe,crypto,max_sharpe,2021-10-21,-0.031277121480547274
crypto_max_sharpe,crypto,max_sharpe,2021-10-22,-0.011923702881362562
crypto_max_sharpe,crypto,max_sharpe,2021-10-23,0.02095262415582297
crypto_max_sharpe,crypto,max_sharpe,2021-10-24,-0.014737340627272697
crypto_max_sharpe,crypto,max_sharpe,2021-10-25,0.01994503863676017
crypto_max_sharpe,crypto,max_sharpe,2021-10-26,-0.01728882553207047
crypto_max_sharpe,crypto,max_sharpe,2021-10-27,-0.07403706473580722
crypto_max_sharpe,crypto,max_sharpe,2021-10-28,0.060635814415471063
crypto_max_sharpe,crypto,max_sharpe,2021-10-29,0.025121373191466467
crypto_max_sharpe,crypto,max_sharpe,2021-10-30,-0.012192998086898228
crypto_max_sharpe,crypto,max_sharpe,2021-10-31,0.005599260898497196
crypto_max_sharpe,crypto,max_sharpe,2021-11-01,-0.005993471319446796
crypto_max_sharpe,crypto,max_sharpe,2021-11-02,0.03602107711206565
crypto_max_sharpe,crypto,max_sharpe,2021-11-03,0.0190707790906768
crypto_max_sharpe,crypto,max_sharpe,2021-11-04,-0.02379251266935104
crypto_max_sharpe,crypto,max_sharpe,2021-11-05,-0.01013266334733385
crypto_max_sharpe,crypto,max_sharpe,2021-11-06,0.0017979161980330462
crypto_max_sharpe,crypto,max_sharpe,2021-11-07,0.024949136218289293
crypto_max_sharpe,crypto,max_sharpe,2021-11-08,0.05171088440751966
crypto_max_sharpe,crypto,max_sharpe,2021-11-09,0.02320820740111011
crypto_max_sharpe,crypto,max_sharpe,2021-11-10,-0.05013920815107014
crypto_max_sharpe,crypto,max_sharpe,2021-11-11,0.007126541632408549
crypto_max_sharpe,crypto,max_sharpe,2021-11-12,-0.017780537293017352
crypto_max_sharpe,crypto,max_sharpe,2021-11-13,0.006514423949810873
crypto_max_sharpe,crypto,max_sharpe,2021-11-14,0.0017951092289514147
crypto_max_sharpe,crypto,max_sharpe,2021-11-15,-0.01489233790293785
crypto_max_sharpe,crypto,max_sharpe,2021-11-16,-0.07013712403806308
crypto_max_sharpe,crypto,max_sharpe,2021-11-17,0.006846580180978731
crypto_max_sharpe,crypto,max_sharpe,2021-11-18,-0.05778030167244415
crypto_max_sharpe,crypto,max_sharpe,2021-11-19,0.04603446844917238
crypto_max_sharpe,crypto,max_sharpe,2021-11-20,0.019235978328974543
crypto_max_sharpe,crypto,max_sharpe,2021-11-21,-0.024148056962481144
crypto_max_sharpe,crypto,max_sharpe,2021-11-22,-0.03728976577896172
crypto_max_sharpe,crypto,max_sharpe,2021-11-23,0.023063587474600498
crypto_max_sharpe,crypto,max_sharpe,2021-11-24,-0.025680517950654545
crypto_max_sharpe,crypto,max_sharpe,2021-11-25,-0.0020010971127664935
crypto_max_sharpe,crypto,max_sharpe,2021-11-26,-0.06309501575163926
crypto_max_sharpe,crypto,max_sharpe,2021-11-27,0.014437489826436648
crypto_max_sharpe,crypto,max_sharpe,2021-11-28,0.032048183494451286
crypto_max_sharpe,crypto,max_sharpe,2021-11-29,0.018279455378010772
crypto_max_sharpe,crypto,max_sharpe,2021-11-30,0.0027072400028859108
crypto_max_sharpe,crypto,max_sharpe,2021-12-01,-0.003459589016222232
crypto_max_sharpe,crypto,max_sharpe,2021-12-02,0.013348935994436316
crypto_max_sharpe,crypto,max_sharpe,2021-12-03,-0.05880646306300461
crypto_max_sharpe,crypto,max_sharpe,2021-12-04,-0.07824092383526494
crypto_max_sharpe,crypto,max_sharpe,2021-12-05,-0.010489202315778066
crypto_max_sharpe,crypto,max_sharpe,2021-12-06,0.030194940606695867
crypto_max_sharpe,crypto,max_sharpe,2021-12-07,-8.959667894298598e-05
crypto_max_sharpe,crypto,max_sharpe,2021-12-08,0.01832951400002606
crypto_max_sharpe,crypto,max_sharpe,2021-12-09,-0.06475303491441321
crypto_max_sharpe,crypto,max_sharpe,2021-12-10,-0.031876588568997284
crypto_max_sharpe,crypto,max_sharpe,2021-12-11,0.057393866226120034
crypto_max_sharpe,crypto,max_sharpe,2021-12-12,0.0029793023001009685
crypto_max_sharpe,crypto,max_sharpe,2021-12-13,-0.08092000931097387
crypto_max_sharpe,crypto,max_sharpe,2021-12-14,-0.0003704824778029039
crypto_max_sharpe,crypto,max_sharpe,2021-12-15,0.052432520040885416
crypto_max_sharpe,crypto,max_sharpe,2021-12-16,-0.028475956278458184
crypto_max_sharpe,crypto,max_sharpe,2021-12-17,-0.032572017187130084
crypto_max_sharpe,crypto,max_sharpe,2021-12-18,0.01655250915362862
crypto_max_sharpe,crypto,max_sharpe,2021-12-19,-0.0056953795344899215
crypto_max_sharpe,crypto,max_sharpe,2021-12-20,-0.006659426310162687
crypto_max_sharpe,crypto,max_sharpe,2021-12-21,0.02862269980109834
crypto_max_sharpe,crypto,max_sharpe,2021-12-22,0.006497816403913425
crypto_max_sharpe,crypto,max_sharpe,2021-12-23,0.05649788974623236
crypto_max_sharpe,crypto,max_sharpe,2021-12-24,-0.01941415648810199
crypto_max_sharpe,crypto,max_sharpe,2021-12-25,0.014480064476463357
crypto_max_sharpe,crypto,max_sharpe,2021-12-26,0.00011323479765900675
crypto_max_sharpe,crypto,max_sharpe,2021-12-27,0.003317053782707309
crypto_max_sharpe,crypto,max_sharpe,2021-12-28,-0.06180473527339765
crypto_max_sharpe,crypto,max_sharpe,2021-12-29,-0.031828327937564176
crypto_max_sharpe,crypto,max_sharpe,2021-12-30,0.019148397181046602
crypto_max_sharpe,crypto,max_sharpe,2021-12-31,-0.022523743339205274
crypto_max_sharpe,crypto,max_sharpe,2022-01-01,0.026906597269049072
crypto_max_sharpe,crypto,max_sharpe,2022-01-02,0.011554930137470953
crypto_max_sharpe,crypto,max_sharpe,2022-01-03,-0.023538452881003306
crypto_max_sharpe,crypto,max_sharpe,2022-01-04,-0.007103576318932997
crypto_max_sharpe,crypto,max_sharpe,2022-01-05,-0.061505086733097666
crypto_max_sharpe,crypto,max_sharpe,2022-01-06,-0.002070230958757001
crypto_max_sharpe,crypto,max_sharpe,2022-01-07,-0.044656019831219265
crypto_max_sharpe,crypto,max_sharpe,2022-01-08,-0.028078022963599618
crypto_max_sharpe,crypto,max_sharpe,2022-01-09,0.007625653478947569
crypto_max_sharpe,crypto,max_sharpe,2022-01-10,-0.03333039781485396
crypto_max_sharpe,crypto,max_sharpe,2022-01-11,0.04099197757348322
crypto_max_sharpe,crypto,max_sharpe,2022-01-12,0.0557114683040954
crypto_max_sharpe,crypto,max_sharpe,2022-01-13,-0.0372180018765342
crypto_max_sharpe,crypto,max_sharpe,2022-01-14,0.030446912298968017
crypto_max_sharpe,crypto,max_sharpe,2022-01-15,0.012121071622201716
crypto_max_sharpe,crypto,max_sharpe,2022-01-16,0.01838715272805057
crypto_max_sharpe,crypto,max_sharpe,2022-01-17,0.012795957683793123
crypto_max_sharpe,crypto,max_sharpe,2022-01-18,-0.02154185623498367
crypto_max_sharpe,crypto,max_sharpe,2022-01-19,-0.032697371095106044
crypto_max_sharpe,crypto,max_sharpe,2022-01-20,-0.04367673456953858
crypto_max_sharpe,crypto,max_sharpe,2022-01-21,-0.11631935762274993
crypto_max_sharpe,crypto,max_sharpe,2022-01-22,-0.061442650520232074
crypto_max_sharpe,crypto,max_sharpe,2022-01-23,0.04272909564682897
crypto_max_sharpe,crypto,max_sharpe,2022-01-24,-0.039635773752029396
crypto_max_sharpe,crypto,max_sharpe,2022-01-25,0.0003427272324884826
crypto_max_sharpe,crypto,max_sharpe,2022-01-26,0.014267736913291824
crypto_max_sharpe,crypto,max_sharpe,2022-01-27,-0.015269932991870192
crypto_max_sharpe,crypto,max_sharpe,2022-01-28,0.023565821280000784
crypto_max_sharpe,crypto,max_sharpe,2022-01-29,0.01745362917399552
crypto_max_sharpe,crypto,max_sharpe,2022-01-30,-0.016039855690623824
crypto_max_sharpe,crypto,max_sharpe,2022-01-31,0.021271868180234542
crypto_max_sharpe,crypto,max_sharpe,2022-02-01,0.02822830644542666
crypto_max_sharpe,crypto,max_sharpe,2022-02-02,-0.03566094839620773
crypto_max_sharpe,crypto,max_sharpe,2022-02-03,0.022562181254433628
crypto_max_sharpe,crypto,max_sharpe,2022-02-04,0.08483855197119713
crypto_max_sharpe,crypto,max_sharpe,2022-02-05,0.0018186394958472163
crypto_max_sharpe,crypto,max_sharpe,2022-02-06,0.01825246421881797
crypto_max_sharpe,crypto,max_sharpe,2022-02-07,0.06830027824150471
crypto_max_sharpe,crypto,max_sharpe,2022-02-08,-0.00022078901221205677
crypto_max_sharpe,crypto,max_sharpe,2022-02-09,0.024941855812156133
crypto_max_sharpe,crypto,max_sharpe,2022-02-10,-0.023367576438656796
crypto_max_sharpe,crypto,max_sharpe,2022-02-11,-0.05840353657466087
crypto_max_sharpe,crypto,max_sharpe,2022-02-12,-0.002984660340837277
crypto_max_sharpe,crypto,max_sharpe,2022-02-13,0.0036740190347271896
crypto_max_sharpe,crypto,max_sharpe,2022-02-14,-0.005251923806085542
crypto_max_sharpe,crypto,max_sharpe,2022-02-15,0.05957482888292841
crypto_max_sharpe,crypto,max_sharpe,2022-02-16,-0.01875970181218311
crypto_max_sharpe,crypto,max_sharpe,2022-02-17,-0.07515987385694839
crypto_max_sharpe,crypto,max_sharpe,2022-02-18,-0.008644156882876198
crypto_max_sharpe,crypto,max_sharpe,2022-02-19,0.0046062517459404114
crypto_max_sharpe,crypto,max_sharpe,2022-02-20,-0.046433906726891745
crypto_max_sharpe,crypto,max_sharpe,2022-02-21,-0.06072378412700595
crypto_max_sharpe,crypto,max_sharpe,2022-02-22,0.041659909632122
crypto_max_sharpe,crypto,max_sharpe,2022-02-23,-0.02078493044158166
crypto_max_sharpe,crypto,max_sharpe,2022-02-24,-9.553866826631213e-05
crypto_max_sharpe,crypto,max_sharpe,2022-02-25,0.043228385598019704
crypto_max_sharpe,crypto,max_sharpe,2022-02-26,0.0023195762989728654
crypto_max_sharpe,crypto,max_sharpe,2022-02-27,-0.04157022999175757
crypto_max_sharpe,crypto,max_sharpe,2022-02-28,0.09971369467435232
crypto_max_sharpe,crypto,max_sharpe,2022-03-01,0.01227088227154862
crypto_max_sharpe,crypto,max_sharpe,2022-03-02,-0.014644050420305399
crypto_max_sharpe,crypto,max_sharpe,2022-03-03,-0.01945649058676078
crypto_max_sharpe,crypto,max_sharpe,2022-03-04,-0.0650223125680671
crypto_max_sharpe,crypto,max_sharpe,2022-03-05,0.026470914850328653
crypto_max_sharpe,crypto,max_sharpe,2022-03-06,-0.0346145612458983
crypto_max_sharpe,crypto,max_sharpe,2022-03-07,-0.010902452858102209
crypto_max_sharpe,crypto,max_sharpe,2022-03-08,0.019430701718220623
crypto_max_sharpe,crypto,max_sharpe,2022-03-09,0.05213429637552056
crypto_max_sharpe,crypto,max_sharpe,2022-03-10,-0.04189763356042389
crypto_max_sharpe,crypto,max_sharpe,2022-03-11,0.011241512710573274
crypto_max_sharpe,crypto,max_sharpe,2022-03-12,-0.006093045487034795
crypto_max_sharpe,crypto,max_sharpe,2022-03-13,-0.023935155702144974
crypto_max_sharpe,crypto,max_sharpe,2022-03-14,0.025116692240388296
crypto_max_sharpe,crypto,max_sharpe,2022-03-15,-0.0007748103650581243
crypto_max_sharpe,crypto,max_sharpe,2022-03-16,0.04034341977423165
crypto_max_sharpe,crypto,max_sharpe,2022-03-17,-0.00017315024713689735
crypto_max_sharpe,crypto,max_sharpe,2022-03-18,0.024018154174064627
crypto_max_sharpe,crypto,max_sharpe,2022-03-19,0.04738420186573117
crypto_max_sharpe,crypto,max_sharpe,2022-03-20,0.012775813997153744
crypto_max_sharpe,crypto,max_sharpe,2022-03-21,0.012147869308269162
crypto_max_sharpe,crypto,max_sharpe,2022-03-22,0.06247124604292383
crypto_max_sharpe,crypto,max_sharpe,2022-03-23,0.004548151892198785
crypto_max_sharpe,crypto,max_sharpe,2022-03-24,0.03264375719119908
crypto_max_sharpe,crypto,max_sharpe,2022-03-25,-0.007505984002967399
crypto_max_sharpe,crypto,max_sharpe,2022-03-26,0.0037249036493954826
crypto_max_sharpe,crypto,max_sharpe,2022-03-27,0.03683103279762394
crypto_max_sharpe,crypto,max_sharpe,2022-03-28,0.0005637271569322682
crypto_max_sharpe,crypto,max_sharpe,2022-03-29,0.015649214874241143
crypto_max_sharpe,crypto,max_sharpe,2022-03-30,0.009961936938987708
crypto_max_sharpe,crypto,max_sharpe,2022-03-31,-0.031880222688743194
crypto_max_sharpe,crypto,max_sharpe,2022-04-01,0.01993927087076003
crypto_max_sharpe,crypto,max_sharpe,2022-04-02,-0.013119938351213972
crypto_max_sharpe,crypto,max_sharpe,2022-04-03,0.019834719060377523
crypto_max_sharpe,crypto,max_sharpe,2022-04-04,-0.003292617263052148
crypto_max_sharpe,crypto,max_sharpe,2022-04-05,-0.029704485412062057
crypto_max_sharpe,crypto,max_sharpe,2022-04-06,-0.09086886209928471
crypto_max_sharpe,crypto,max_sharpe,2022-04-07,0.04568419802744849
crypto_max_sharpe,crypto,max_sharpe,2022-04-08,-0.04273490162506174
crypto_max_sharpe,crypto,max_sharpe,2022-04-09,0.02181833363852349
crypto_max_sharpe,crypto,max_sharpe,2022-04-10,-0.018400919058119167
crypto_max_sharpe,crypto,max_sharpe,2022-04-11,-0.08263958710381637
crypto_max_sharpe,crypto,max_sharpe,2022-04-12,0.02797408159153391
crypto_max_sharpe,crypto,max_sharpe,2022-04-13,0.01957301260591513
crypto_max_sharpe,crypto,max_sharpe,2022-04-14,-0.02639964515435907
crypto_max_sharpe,crypto,max_sharpe,2022-04-15,0.029593670566041234
crypto_max_sharpe,crypto,max_sharpe,2022-04-16,0.004247058409764359
crypto_max_sharpe,crypto,max_sharpe,2022-04-17,-0.03239608454516367
crypto_max_sharpe,crypto,max_sharpe,2022-04-18,0.018666387100907948
crypto_max_sharpe,crypto,max_sharpe,2022-04-19,0.01830774562159141
crypto_max_sharpe,crypto,max_sharpe,2022-04-20,-0.019428653631994693
crypto_max_sharpe,crypto,max_sharpe,2022-04-21,-0.004585829135100209
crypto_max_sharpe,crypto,max_sharpe,2022-04-22,-0.015466750087059337
crypto_max_sharpe,crypto,max_sharpe,2022-04-23,-0.012111086777919437
crypto_max_sharpe,crypto,max_sharpe,2022-04-24,-0.013933858085660219
crypto_max_sharpe,crypto,max_sharpe,2022-04-25,0.0080524207154779
crypto_max_sharpe,crypto,max_sharpe,2022-04-26,-0.07207312257124811
crypto_max_sharpe,crypto,max_sharpe,2022-04-27,0.02110581877535689
crypto_max_sharpe,crypto,max_sharpe,2022-04-28,0.0034231436944331998
crypto_max_sharpe,crypto,max_sharpe,2022-04-29,-0.04083255658390566
crypto_max_sharpe,crypto,max_sharpe,2022-04-30,-0.04731689047637684
crypto_max_sharpe,crypto,max_sharpe,2022-05-01,0.05964131694516814
crypto_max_sharpe,crypto,max_sharpe,2022-05-02,-0.007884724668101197
crypto_max_sharpe,crypto,max_sharpe,2022-05-03,-0.00549074951346702
crypto_max_sharpe,crypto,max_sharpe,2022-05-04,0.12347270210528011
crypto_max_sharpe,crypto,max_sharpe,2022-05-05,-0.0971963665970073
crypto_max_sharpe,crypto,max_sharpe,2022-05-06,0.02387392891203103
crypto_max_sharpe,crypto,max_sharpe,2022-05-07,-0.027849738791875293
crypto_max_sharpe,crypto,max_sharpe,2022-05-08,-0.011411480351215706
crypto_max_sharpe,crypto,max_sharpe,2022-05-09,-0.14026198170940135
crypto_max_sharpe,crypto,max_sharpe,2022-05-10,0.03869509407485818
crypto_max_sharpe,crypto,max_sharpe,2022-05-11,-0.10856071802016613
crypto_max_sharpe,crypto,max_sharpe,2022-05-12,-0.05629554182367111
crypto_max_sharpe,crypto,max_sharpe,2022-05-13,0.06800430295916045
crypto_max_sharpe,crypto,max_sharpe,2022-05-14,0.011594881876798892
crypto_max_sharpe,crypto,max_sharpe,2022-05-15,0.041804461021504105
crypto_max_sharpe,crypto,max_sharpe,2022-05-16,-0.054207876111935324
crypto_max_sharpe,crypto,max_sharpe,2022-05-17,0.03712872168129576
crypto_max_sharpe,crypto,max_sharpe,2022-05-18,-0.06952146693706598
crypto_max_sharpe,crypto,max_sharpe,2022-05-19,0.04964476999008303
crypto_max_sharpe,crypto,max_sharpe,2022-05-20,-0.03169429518073469
crypto_max_sharpe,crypto,max_sharpe,2022-05-21,0.01802016261132797
crypto_max_sharpe,crypto,max_sharpe,2022-05-22,0.03918403833028303
crypto_max_sharpe,crypto,max_sharpe,2022-05-23,-0.023645063821618496
crypto_max_sharpe,crypto,max_sharpe,2022-05-24,0.04564577800263439
crypto_max_sharpe,crypto,max_sharpe,2022-05-25,0.004000501659206698
crypto_max_sharpe,crypto,max_sharpe,2022-05-26,-0.04589375014567687
crypto_max_sharpe,crypto,max_sharpe,2022-05-27,-0.02157794877360303
crypto_max_sharpe,crypto,max_sharpe,2022-05-28,0.012612033951936956
crypto_max_sharpe,crypto,max_sharpe,2022-05-29,0.01931167075342045
crypto_max_sharpe,crypto,max_sharpe,2022-05-30,0.07794321814989232
crypto_max_sharpe,crypto,max_sharpe,2022-05-31,0.006331697899405677
crypto_max_sharpe,crypto,max_sharpe,2022-06-01,-0.060937328739079755
crypto_max_sharpe,crypto,max_sharpe,2022-06-02,0.02310331997441977
crypto_max_sharpe,crypto,max_sharpe,2022-06-03,-0.03547135355872044
crypto_max_sharpe,crypto,max_sharpe,2022-06-04,0.004831008327160369
crypto_max_sharpe,crypto,max_sharpe,2022-06-05,0.005511808005167243
crypto_max_sharpe,crypto,max_sharpe,2022-06-06,0.034786373940426094
crypto_max_sharpe,crypto,max_sharpe,2022-06-07,-0.0011352931581944561
crypto_max_sharpe,crypto,max_sharpe,2022-06-08,-0.006480047765099573
crypto_max_sharpe,crypto,max_sharpe,2022-06-09,-0.003285430837613758
crypto_max_sharpe,crypto,max_sharpe,2022-06-10,-0.053983720339575665
crypto_max_sharpe,crypto,max_sharpe,2022-06-11,-0.04768640108057832
crypto_max_sharpe,crypto,max_sharpe,2022-06-12,-0.048555551029622473
crypto_max_sharpe,crypto,max_sharpe,2022-06-13,-0.13258071109924702
crypto_max_sharpe,crypto,max_sharpe,2022-06-14,-0.011065878810803648
crypto_max_sharpe,crypto,max_sharpe,2022-06-15,0.06721817769943114
crypto_max_sharpe,crypto,max_sharpe,2022-06-16,-0.0978651500203159
crypto_max_sharpe,crypto,max_sharpe,2022-06-17,0.018778709108007795
crypto_max_sharpe,crypto,max_sharpe,2022-06-18,-0.04702562725023384
crypto_max_sharpe,crypto,max_sharpe,2022-06-19,0.06429706957459226
crypto_max_sharpe,crypto,max_sharpe,2022-06-20,0.001023470470961472
crypto_max_sharpe,crypto,max_sharpe,2022-06-21,0.010702836736317146
crypto_max_sharpe,crypto,max_sharpe,2022-06-22,-0.03618439751183825
crypto_max_sharpe,crypto,max_sharpe,2022-06-23,0.04527137176483236
crypto_max_sharpe,crypto,max_sharpe,2022-06-24,0.050216628268907104
crypto_max_sharpe,crypto,max_sharpe,2022-06-25,0.0012847278625811465
crypto_max_sharpe,crypto,max_sharpe,2022-06-26,-0.019237051774265428
crypto_max_sharpe,crypto,max_sharpe,2022-06-27,-0.001853334673471505
crypto_max_sharpe,crypto,max_sharpe,2022-06-28,-0.03136514606829115
crypto_max_sharpe,crypto,max_sharpe,2022-06-29,-0.01960797264445129
crypto_max_sharpe,crypto,max_sharpe,2022-06-30,-0.009169092032555098
crypto_max_sharpe,crypto,max_sharpe,2022-07-01,-0.021392878402707514
crypto_max_sharpe,crypto,max_sharpe,2022-07-02,0.0003301023214341575
crypto_max_sharpe,crypto,max_sharpe,2022-07-03,0.010942844605115415
crypto_max_sharpe,crypto,max_sharpe,2022-07-04,0.03563110505417007
crypto_max_sharpe,crypto,max_sharpe,2022-07-05,-0.007953561008661474
crypto_max_sharpe,crypto,max_sharpe,2022-07-06,0.017726027908911896
crypto_max_sharpe,crypto,max_sharpe,2022-07-07,0.0366413504244966
crypto_max_sharpe,crypto,max_sharpe,2022-07-08,-0.002010909834077055
crypto_max_sharpe,crypto,max_sharpe,2022-07-09,0.0010779769757392164
crypto_max_sharpe,crypto,max_sharpe,2022-07-10,-0.04155689433156209
crypto_max_sharpe,crypto,max_sharpe,2022-07-11,-0.04762445108424808
crypto_max_sharpe,crypto,max_sharpe,2022-07-12,-0.021471667769747262
crypto_max_sharpe,crypto,max_sharpe,2022-07-13,0.04597401377314808
crypto_max_sharpe,crypto,max_sharpe,2022-07-14,0.028710012670406536
crypto_max_sharpe,crypto,max_sharpe,2022-07-15,0.012394377017019561
crypto_max_sharpe,crypto,max_sharpe,2022-07-16,0.04308754311487101
crypto_max_sharpe,crypto,max_sharpe,2022-07-17,-0.019332660622465497
crypto_max_sharpe,crypto,max_sharpe,2022-07-18,0.08932792207445359
crypto_max_sharpe,crypto,max_sharpe,2022-07-19,0.012369173781845726
crypto_max_sharpe,crypto,max_sharpe,2022-07-20,-0.025715024295350653
crypto_max_sharpe,crypto,max_sharpe,2022-07-21,0.01572544018699539
crypto_max_sharpe,crypto,max_sharpe,2022-07-22,-0.019651723669173456
crypto_max_sharpe,crypto,max_sharpe,2022-07-23,-0.0005559573122986446
crypto_max_sharpe,crypto,max_sharpe,2022-07-24,0.012175932952332916
crypto_max_sharpe,crypto,max_sharpe,2022-07-25,-0.06686106855572552
crypto_max_sharpe,crypto,max_sharpe,2022-07-26,0.0015515947486733628
crypto_max_sharpe,crypto,max_sharpe,2022-07-27,0.0826357194364559
crypto_max_sharpe,crypto,max_sharpe,2022-07-28,0.038899146301853746
crypto_max_sharpe,crypto,max_sharpe,2022-07-29,-0.001906745725701355
crypto_max_sharpe,crypto,max_sharpe,2022-07-30,0.005367392693119252
crypto_max_sharpe,crypto,max_sharpe,2022-07-31,-0.01131876963657065
crypto_max_sharpe,crypto,max_sharpe,2022-08-01,-0.010616578655111342
crypto_max_sharpe,crypto,max_sharpe,2022-08-02,-0.003762309151951684
crypto_max_sharpe,crypto,max_sharpe,2022-08-03,-0.008713888238132555
crypto_max_sharpe,crypto,max_sharpe,2022-08-04,-0.0058036634101646355
crypto_max_sharpe,crypto,max_sharpe,2022-08-05,0.045980746252908544
crypto_max_sharpe,crypto,max_sharpe,2022-08-06,-0.013377220200538442
crypto_max_sharpe,crypto,max_sharpe,2022-08-07,0.003034326017301173
crypto_max_sharpe,crypto,max_sharpe,2022-08-08,0.02059210870778388
crypto_max_sharpe,crypto,max_sharpe,2022-08-09,-0.03233368573252406
crypto_max_sharpe,crypto,max_sharpe,2022-08-10,0.0495730771614547
crypto_max_sharpe,crypto,max_sharpe,2022-08-11,0.02179432924179862
crypto_max_sharpe,crypto,max_sharpe,2022-08-12,0.018238789066546763
crypto_max_sharpe,crypto,max_sharpe,2022-08-13,0.0007808738474234789
crypto_max_sharpe,crypto,max_sharpe,2022-08-14,-0.014927240132804921
crypto_max_sharpe,crypto,max_sharpe,2022-08-15,-0.007346857520417398
crypto_max_sharpe,crypto,max_sharpe,2022-08-16,-0.012685921754866967
crypto_max_sharpe,crypto,max_sharpe,2022-08-17,-0.011162715617956129
crypto_max_sharpe,crypto,max_sharpe,2022-08-18,-0.00930268281128447
crypto_max_sharpe,crypto,max_sharpe,2022-08-19,-0.10998752597138403
crypto_max_sharpe,crypto,max_sharpe,2022-08-20,0.004359852746540651
crypto_max_sharpe,crypto,max_sharpe,2022-08-21,0.01886358695029977
crypto_max_sharpe,crypto,max_sharpe,2022-08-22,-0.0004673608712920372
crypto_max_sharpe,crypto,max_sharpe,2022-08-23,0.011500292258476411
crypto_max_sharpe,crypto,max_sharpe,2022-08-24,-0.0008941223616016584
crypto_max_sharpe,crypto,max_sharpe,2022-08-25,0.021287326432556344
crypto_max_sharpe,crypto,max_sharpe,2022-08-26,-0.07131074840070487
crypto_max_sharpe,crypto,max_sharpe,2022-08-27,-0.007488710983287362
crypto_max_sharpe,crypto,max_sharpe,2022-08-28,-0.03721817756495527
crypto_max_sharpe,crypto,max_sharpe,2022-08-29,0.05420052736981871
crypto_max_sharpe,crypto,max_sharpe,2022-08-30,-0.01610112267310459
crypto_max_sharpe,crypto,max_sharpe,2022-08-31,0.0034960245397921298
crypto_max_sharpe,crypto,max_sharpe,2022-09-01,0.0211658909281501
crypto_max_sharpe,crypto,max_sharpe,2022-09-02,0.00538253056077218
crypto_max_sharpe,crypto,max_sharpe,2022-09-03,-0.006870319843741358
crypto_max_sharpe,crypto,max_sharpe,2022-09-04,0.009402240882795546
crypto_max_sharpe,crypto,max_sharpe,2022-09-05,0.04205980782599844
crypto_max_sharpe,crypto,max_sharpe,2022-09-06,-0.07142521515913955
crypto_max_sharpe,crypto,max_sharpe,2022-09-07,0.04462984299449099
crypto_max_sharpe,crypto,max_sharpe,2022-09-08,0.0004657927424252502
crypto_max_sharpe,crypto,max_sharpe,2022-09-09,0.0607775004574973
crypto_max_sharpe,crypto,max_sharpe,2022-09-10,0.020987488929143726
crypto_max_sharpe,crypto,max_sharpe,2022-09-11,-0.011074610812956043
crypto_max_sharpe,crypto,max_sharpe,2022-09-12,-0.00453816464700336
crypto_max_sharpe,crypto,max_sharpe,2022-09-13,-0.06200748782730422
crypto_max_sharpe,crypto,max_sharpe,2022-09-14,0.03051486364834607
crypto_max_sharpe,crypto,max_sharpe,2022-09-15,-0.06023351421037116
crypto_max_sharpe,crypto,max_sharpe,2022-09-16,-0.015491585109113698
crypto_max_sharpe,crypto,max_sharpe,2022-09-17,0.021338567624261562
crypto_max_sharpe,crypto,max_sharpe,2022-09-18,-0.07644705890389937
crypto_max_sharpe,crypto,max_sharpe,2022-09-19,0.011234649713061878
crypto_max_sharpe,crypto,max_sharpe,2022-09-20,-0.02626997525796007
crypto_max_sharpe,crypto,max_sharpe,2022-09-21,-0.02855213698591576
crypto_max_sharpe,crypto,max_sharpe,2022-09-22,0.038607000343007646
crypto_max_sharpe,crypto,max_sharpe,2022-09-23,0.007676092082417797
crypto_max_sharpe,crypto,max_sharpe,2022-09-24,-0.014692017082331537
crypto_max_sharpe,crypto,max_sharpe,2022-09-25,-0.011504705107973858
crypto_max_sharpe,crypto,max_sharpe,2022-09-26,0.01382570340881993
crypto_max_sharpe,crypto,max_sharpe,2022-09-27,-0.007185927364194884
crypto_max_sharpe,crypto,max_sharpe,2022-09-28,0.004214101279166554
crypto_max_sharpe,crypto,max_sharpe,2022-09-29,0.009609137743210285
crypto_max_sharpe,crypto,max_sharpe,2022-09-30,-0.005239039153984003
crypto_max_sharpe,crypto,max_sharpe,2022-10-01,0.004634383835776171
crypto_max_sharpe,crypto,max_sharpe,2022-10-02,-0.0241753589024565
crypto_max_sharpe,crypto,max_sharpe,2022-10-03,0.016003944075231303
crypto_max_sharpe,crypto,max_sharpe,2022-10-04,0.023434242930022286
crypto_max_sharpe,crypto,max_sharpe,2022-10-05,0.0003118874316220678
crypto_max_sharpe,crypto,max_sharpe,2022-10-06,0.0045703924701814445
crypto_max_sharpe,crypto,max_sharpe,2022-10-07,0.009071548197067696
crypto_max_sharpe,crypto,max_sharpe,2022-10-08,-0.00131368262508005
crypto_max_sharpe,crypto,max_sharpe,2022-10-09,0.013483811890627927
crypto_max_sharpe,crypto,max_sharpe,2022-10-10,-0.0453721932594489
crypto_max_sharpe,crypto,max_sharpe,2022-10-11,-0.027846043798864344
crypto_max_sharpe,crypto,max_sharpe,2022-10-12,0.005533860816364682
crypto_max_sharpe,crypto,max_sharpe,2022-10-13,-0.02052447026617083
crypto_max_sharpe,crypto,max_sharpe,2022-10-14,0.016893550764929707
crypto_max_sharpe,crypto,max_sharpe,2022-10-15,-0.0177019475370604
crypto_max_sharpe,crypto,max_sharpe,2022-10-16,0.008567862318085397
crypto_max_sharpe,crypto,max_sharpe,2022-10-17,0.014935659405897899
crypto_max_sharpe,crypto,max_sharpe,2022-10-18,-0.017401594351852817
crypto_max_sharpe,crypto,max_sharpe,2022-10-19,-0.02260664529809113
crypto_max_sharpe,crypto,max_sharpe,2022-10-20,-0.006711042594056807
crypto_max_sharpe,crypto,max_sharpe,2022-10-21,0.011005395816656164
crypto_max_sharpe,crypto,max_sharpe,2022-10-22,0.013866003918983953
crypto_max_sharpe,crypto,max_sharpe,2022-10-23,0.012689901130515907
crypto_max_sharpe,crypto,max_sharpe,2022-10-24,-0.019670440699043147
crypto_max_sharpe,crypto,max_sharpe,2022-10-25,0.04444732565743832
crypto_max_sharpe,crypto,max_sharpe,2022-10-26,0.030880448684266027
crypto_max_sharpe,crypto,max_sharpe,2022-10-27,-0.020886038120189573
crypto_max_sharpe,crypto,max_sharpe,2022-10-28,0.020427588322483328
crypto_max_sharpe,crypto,max_sharpe,2022-10-29,0.014026883395233425
crypto_max_sharpe,crypto,max_sharpe,2022-10-30,-0.025497630132375125
crypto_max_sharpe,crypto,max_sharpe,2022-10-31,-0.0005332037285787658
crypto_max_sharpe,crypto,max_sharpe,2022-11-01,-0.0029683795767468497
crypto_max_sharpe,crypto,max_sharpe,2022-11-02,-0.0069718225980952495
crypto_max_sharpe,crypto,max_sharpe,2022-11-03,0.01794455765513328
crypto_max_sharpe,crypto,max_sharpe,2022-11-04,0.07650785981815159
crypto_max_sharpe,crypto,max_sharpe,2022-11-05,0.005496723633443027
crypto_max_sharpe,crypto,max_sharpe,2022-11-06,-0.03552953708106475
crypto_max_sharpe,crypto,max_sharpe,2022-11-07,-0.003757347753722894
crypto_max_sharpe,crypto,max_sharpe,2022-11-08,-0.1242820007977998
crypto_max_sharpe,crypto,max_sharpe,2022-11-09,-0.1424922124794044
crypto_max_sharpe,crypto,max_sharpe,2022-11-10,0.16567107277653004
crypto_max_sharpe,crypto,max_sharpe,2022-11-11,-0.014405304385572951
crypto_max_sharpe,crypto,max_sharpe,2022-11-12,-0.03207359573477948
crypto_max_sharpe,crypto,max_sharpe,2022-11-13,-0.04564575321934946
crypto_max_sharpe,crypto,max_sharpe,2022-11-14,0.01878434887707415
crypto_max_sharpe,crypto,max_sharpe,2022-11-15,0.01753061115707967
crypto_max_sharpe,crypto,max_sharpe,2022-11-16,-0.020981280397049266
crypto_max_sharpe,crypto,max_sharpe,2022-11-17,0.018868214034270595
crypto_max_sharpe,crypto,max_sharpe,2022-11-18,0.003958135745293357
crypto_max_sharpe,crypto,max_sharpe,2022-11-19,0.011624821529279654
crypto_max_sharpe,crypto,max_sharpe,2022-11-20,-0.04980245620005831
crypto_max_sharpe,crypto,max_sharpe,2022-11-21,-0.0027722716045952434
crypto_max_sharpe,crypto,max_sharpe,2022-11-22,0.05058122758761204
crypto_max_sharpe,crypto,max_sharpe,2022-11-23,0.06743422437144114
crypto_max_sharpe,crypto,max_sharpe,2022-11-24,0.014191062584833448
crypto_max_sharpe,crypto,max_sharpe,2022-11-25,-0.01705309993493724
crypto_max_sharpe,crypto,max_sharpe,2022-11-26,0.002202668656112584
crypto_max_sharpe,crypto,max_sharpe,2022-11-27,-0.005478225680746053
crypto_max_sharpe,crypto,max_sharpe,2022-11-28,-0.015162426758506887
crypto_max_sharpe,crypto,max_sharpe,2022-11-29,0.020512451656313758
crypto_max_sharpe,crypto,max_sharpe,2022-11-30,0.039653265185931506
crypto_max_sharpe,crypto,max_sharpe,2022-12-01,-0.02062631734824005
crypto_max_sharpe,crypto,max_sharpe,2022-12-02,0.006025345700277612
crypto_max_sharpe,crypto,max_sharpe,2022-12-03,-0.024655837338900345
crypto_max_sharpe,crypto,max_sharpe,2022-12-04,0.010042940562237241
crypto_max_sharpe,crypto,max_sharpe,2022-12-05,0.0037671387071727762
crypto_max_sharpe,crypto,max_sharpe,2022-12-06,0.004741621080465786
crypto_max_sharpe,crypto,max_sharpe,2022-12-07,-0.028384293781383976
crypto_max_sharpe,crypto,max_sharpe,2022-12-08,0.027199506653979563
crypto_max_sharpe,crypto,max_sharpe,2022-12-09,-0.010332034625442547
crypto_max_sharpe,crypto,max_sharpe,2022-12-10,-0.000385940454911215
crypto_max_sharpe,crypto,max_sharpe,2022-12-11,-0.007681558927024294
crypto_max_sharpe,crypto,max_sharpe,2022-12-12,-0.0019569382005301824
crypto_max_sharpe,crypto,max_sharpe,2022-12-13,0.02514702344528982
crypto_max_sharpe,crypto,max_sharpe,2022-12-14,-0.010971795562607294
crypto_max_sharpe,crypto,max_sharpe,2022-12-15,-0.02526788625651612
crypto_max_sharpe,crypto,max_sharpe,2022-12-16,-0.07959053171647747
crypto_max_sharpe,crypto,max_sharpe,2022-12-17,0.012207981919036215
crypto_max_sharpe,crypto,max_sharpe,2022-12-18,-0.011294928588344083
crypto_max_sharpe,crypto,max_sharpe,2022-12-19,-0.022697442308831604
crypto_max_sharpe,crypto,max_sharpe,2022-12-20,0.03715977154765536
crypto_max_sharpe,crypto,max_sharpe,2022-12-21,0.0033347260845728883
crypto_max_sharpe,crypto,max_sharpe,2022-12-22,0.006389493331419731
crypto_max_sharpe,crypto,max_sharpe,2022-12-23,-0.004630620588530384
crypto_max_sharpe,crypto,max_sharpe,2022-12-24,0.001826428743122202
crypto_max_sharpe,crypto,max_sharpe,2022-12-25,0.0034810613966477296
crypto_max_sharpe,crypto,max_sharpe,2022-12-26,0.01584706127042773
crypto_max_sharpe,crypto,max_sharpe,2022-12-27,-0.012787107774843907
crypto_max_sharpe,crypto,max_sharpe,2022-12-28,-0.02494576427499443
crypto_max_sharpe,crypto,max_sharpe,2022-12-29,0.0020199663767955034
crypto_max_sharpe,crypto,max_sharpe,2022-12-30,0.0037041719445914294
crypto_max_sharpe,crypto,max_sharpe,2022-12-31,0.004735707003158668
crypto_max_sharpe,crypto,max_sharpe,2023-01-01,0.004519181868143797
crypto_max_sharpe,crypto,max_sharpe,2023-01-02,0.025081402145662894
crypto_max_sharpe,crypto,max_sharpe,2023-01-03,-0.004497682048956724
crypto_max_sharpe,crypto,max_sharpe,2023-01-04,0.04919109516270195
crypto_max_sharpe,crypto,max_sharpe,2023-01-05,-0.02458859713860804
crypto_max_sharpe,crypto,max_sharpe,2023-01-06,0.03441216440200073
crypto_max_sharpe,crypto,max_sharpe,2023-01-07,-0.006367428591078297
crypto_max_sharpe,crypto,max_sharpe,2023-01-08,0.01714192831138853
crypto_max_sharpe,crypto,max_sharpe,2023-01-09,0.018675720348795572
crypto_max_sharpe,crypto,max_sharpe,2023-01-10,0.0026623365720470056
crypto_max_sharpe,crypto,max_sharpe,2023-01-11,0.03650791190519864
crypto_max_sharpe,crypto,max_sharpe,2023-01-12,0.015839775757219454
crypto_max_sharpe,crypto,max_sharpe,2023-01-13,0.02747939023351897
crypto_max_sharpe,crypto,max_sharpe,2023-01-14,0.03716133393180514
crypto_max_sharpe,crypto,max_sharpe,2023-01-15,-0.0050775673499717545
crypto_max_sharpe,crypto,max_sharpe,2023-01-16,-0.005301785666703483
crypto_max_sharpe,crypto,max_sharpe,2023-01-17,7.76102586190875e-05
crypto_max_sharpe,crypto,max_sharpe,2023-01-18,-0.04356431554695527
crypto_max_sharpe,crypto,max_sharpe,2023-01-19,0.022731918389725228
crypto_max_sharpe,crypto,max_sharpe,2023-01-20,0.06543503763083294
crypto_max_sharpe,crypto,max_sharpe,2023-01-21,-0.02336030825079305
crypto_max_sharpe,crypto,max_sharpe,2023-01-22,0.004609016468212695
crypto_max_sharpe,crypto,max_sharpe,2023-01-23,0.02201779527500728
crypto_max_sharpe,crypto,max_sharpe,2023-01-24,-0.045923072322414125
crypto_max_sharpe,crypto,max_sharpe,2023-01-25,0.02881759964693647
crypto_max_sharpe,crypto,max_sharpe,2023-01-26,-0.007721585135017958
crypto_max_sharpe,crypto,max_sharpe,2023-01-27,0.008892195023447371
crypto_max_sharpe,crypto,max_sharpe,2023-01-28,-0.007966812205718442
crypto_max_sharpe,crypto,max_sharpe,2023-01-29,0.037197972975182465
crypto_max_sharpe,crypto,max_sharpe,2023-01-30,-0.044868285008300965
crypto_max_sharpe,crypto,max_sharpe,2023-01-31,0.01845792349297616
crypto_max_sharpe,crypto,max_sharpe,2023-02-01,0.0328836509500007
crypto_max_sharpe,crypto,max_sharpe,2023-02-02,-0.0036211049020948554
crypto_max_sharpe,crypto,max_sharpe,2023-02-03,0.014915526895045461
crypto_max_sharpe,crypto,max_sharpe,2023-02-04,0.001696424994922927
crypto_max_sharpe,crypto,max_sharpe,2023-02-05,-0.021868165059367194
crypto_max_sharpe,crypto,max_sharpe,2023-02-06,-0.015094999836607895
crypto_max_sharpe,crypto,max_sharpe,2023-02-07,0.04051775283262315
crypto_max_sharpe,crypto,max_sharpe,2023-02-08,-0.010657498970123528
crypto_max_sharpe,crypto,max_sharpe,2023-02-09,-0.06301395901339117
crypto_max_sharpe,crypto,max_sharpe,2023-02-10,0.0027760980517069684
crypto_max_sharpe,crypto,max_sharpe,2023-02-11,0.011838514041408017
crypto_max_sharpe,crypto,max_sharpe,2023-02-12,-0.015966277692232266
crypto_max_sharpe,crypto,max_sharpe,2023-02-13,-0.003278297846549321
crypto_max_sharpe,crypto,max_sharpe,2023-02-14,0.030929518900717545
crypto_max_sharpe,crypto,max_sharpe,2023-02-15,0.06366809331423992
crypto_max_sharpe,crypto,max_sharpe,2023-02-16,-0.040412931467563334
crypto_max_sharpe,crypto,max_sharpe,2023-02-17,0.03535599393985919
crypto_max_sharpe,crypto,max_sharpe,2023-02-18,-0.0007454475992775689
crypto_max_sharpe,crypto,max_sharpe,2023-02-19,-0.01033042386592684
crypto_max_sharpe,crypto,max_sharpe,2023-02-20,0.015892291301259298
crypto_max_sharpe,crypto,max_sharpe,2023-02-21,-0.02360190240255826
crypto_max_sharpe,crypto,max_sharpe,2023-02-22,5.9121779677183796e-05
crypto_max_sharpe,crypto,max_sharpe,2023-02-23,-0.005851489730325297
crypto_max_sharpe,crypto,max_sharpe,2023-02-24,-0.031366627698596175
crypto_max_sharpe,crypto,max_sharpe,2023-02-25,0.0006240856095712206
crypto_max_sharpe,crypto,max_sharpe,2023-02-26,0.01935744671211578
crypto_max_sharpe,crypto,max_sharpe,2023-02-27,-0.003992887847510982
crypto_max_sharpe,crypto,max_sharpe,2023-02-28,-0.011618911066089095
crypto_max_sharpe,crypto,max_sharpe,2023-03-01,0.03396284401505146
crypto_max_sharpe,crypto,max_sharpe,2023-03-02,-0.004469819683084425
crypto_max_sharpe,crypto,max_sharpe,2023-03-03,-0.017739657193576824
crypto_max_sharpe,crypto,max_sharpe,2023-03-04,-0.026416991278316555
crypto_max_sharpe,crypto,max_sharpe,2023-03-05,0.0010554786662854054
crypto_max_sharpe,crypto,max_sharpe,2023-03-06,-0.007915589804771988
crypto_max_sharpe,crypto,max_sharpe,2023-03-07,-0.01631095547239285
crypto_max_sharpe,crypto,max_sharpe,2023-03-08,-0.035090945182782766
crypto_max_sharpe,crypto,max_sharpe,2023-03-09,-0.07249275442297498
crypto_max_sharpe,crypto,max_sharpe,2023-03-10,-0.015086463969191182
crypto_max_sharpe,crypto,max_sharpe,2023-03-11,-0.001280177128937252
crypto_max_sharpe,crypto,max_sharpe,2023-03-12,0.07913175736256377
crypto_max_sharpe,crypto,max_sharpe,2023-03-13,0.046824317829412127
crypto_max_sharpe,crypto,max_sharpe,2023-03-14,0.019738244865955216
crypto_max_sharpe,crypto,max_sharpe,2023-03-15,-0.05881500555705705
crypto_max_sharpe,crypto,max_sharpe,2023-03-16,0.020429006770532582
crypto_max_sharpe,crypto,max_sharpe,2023-03-17,0.06578361950770294
crypto_max_sharpe,crypto,max_sharpe,2023-03-18,-0.01955143359741876
crypto_max_sharpe,crypto,max_sharpe,2023-03-19,0.023629724311365292
crypto_max_sharpe,crypto,max_sharpe,2023-03-20,-0.03993964196238319
crypto_max_sharpe,crypto,max_sharpe,2023-03-21,0.045835737555211926
crypto_max_sharpe,crypto,max_sharpe,2023-03-22,-0.04484212188706052
crypto_max_sharpe,crypto,max_sharpe,2023-03-23,0.059837926582183745
crypto_max_sharpe,crypto,max_sharpe,2023-03-24,-0.018356748610337828
crypto_max_sharpe,crypto,max_sharpe,2023-03-25,-0.014934557929428079
crypto_max_sharpe,crypto,max_sharpe,2023-03-26,0.01744851945059275
crypto_max_sharpe,crypto,max_sharpe,2023-03-27,-0.03458400034022185
crypto_max_sharpe,crypto,max_sharpe,2023-03-28,0.018989150558999114
crypto_max_sharpe,crypto,max_sharpe,2023-03-29,0.01873844973690616
crypto_max_sharpe,crypto,max_sharpe,2023-03-30,-0.00017568244923520625
crypto_max_sharpe,crypto,max_sharpe,2023-03-31,0.012624900458297991
crypto_max_sharpe,crypto,max_sharpe,2023-04-01,0.004810409650534074
crypto_max_sharpe,crypto,max_sharpe,2023-04-02,-0.011349412340984265
crypto_max_sharpe,crypto,max_sharpe,2023-04-03,-0.002658224028795289
crypto_max_sharpe,crypto,max_sharpe,2023-04-04,0.012404178801591437
crypto_max_sharpe,crypto,max_sharpe,2023-04-05,0.00631262942345708
crypto_max_sharpe,crypto,max_sharpe,2023-04-06,-0.013025711548821104
crypto_max_sharpe,crypto,max_sharpe,2023-04-07,0.0005282184388612108
crypto_max_sharpe,crypto,max_sharpe,2023-04-08,-0.007356799549751286
crypto_max_sharpe,crypto,max_sharpe,2023-04-09,0.006251792510721664
crypto_max_sharpe,crypto,max_sharpe,2023-04-10,0.023513821885441814
crypto_max_sharpe,crypto,max_sharpe,2023-04-11,0.0010776404818838665
crypto_max_sharpe,crypto,max_sharpe,2023-04-12,-0.005601172170384424
crypto_max_sharpe,crypto,max_sharpe,2023-04-13,0.022497915837885192
crypto_max_sharpe,crypto,max_sharpe,2023-04-14,0.0207458785303399
crypto_max_sharpe,crypto,max_sharpe,2023-04-15,-0.004997045439392098
crypto_max_sharpe,crypto,max_sharpe,2023-04-16,0.013369768355252219
crypto_max_sharpe,crypto,max_sharpe,2023-04-17,-0.01871890099410082
crypto_max_sharpe,crypto,max_sharpe,2023-04-18,0.021679977813363005
crypto_max_sharpe,crypto,max_sharpe,2023-04-19,-0.07173997546930418
crypto_max_sharpe,crypto,max_sharpe,2023-04-20,-0.009773156079200374
crypto_max_sharpe,crypto,max_sharpe,2023-04-21,-0.03919259107665261
crypto_max_sharpe,crypto,max_sharpe,2023-04-22,0.02809847695780469
crypto_max_sharpe,crypto,max_sharpe,2023-04-23,-0.007788686089881147
crypto_max_sharpe,crypto,max_sharpe,2023-04-24,-0.004751394914993968
crypto_max_sharpe,crypto,max_sharpe,2023-04-25,0.015295030722525322
crypto_max_sharpe,crypto,max_sharpe,2023-04-26,-0.016188115055160605
crypto_max_sharpe,crypto,max_sharpe,2023-04-27,0.01672424363164159
crypto_max_sharpe,crypto,max_sharpe,2023-04-28,0.005769610909578152
crypto_max_sharpe,crypto,max_sharpe,2023-04-29,0.008627533496171576
crypto_max_sharpe,crypto,max_sharpe,2023-04-30,-0.01689978384825781
crypto_max_sharpe,crypto,max_sharpe,2023-05-01,-0.01450022757890713
crypto_max_sharpe,crypto,max_sharpe,2023-05-02,0.010448545949345824
crypto_max_sharpe,crypto,max_sharpe,2023-05-03,0.006001470926831421
crypto_max_sharpe,crypto,max_sharpe,2023-05-04,-0.004874066279595191
crypto_max_sharpe,crypto,max_sharpe,2023-05-05,0.01623193994424557
crypto_max_sharpe,crypto,max_sharpe,2023-05-06,-0.027676831567671062
crypto_max_sharpe,crypto,max_sharpe,2023-05-07,-0.012652466047355981
crypto_max_sharpe,crypto,max_sharpe,2023-05-08,-0.035648144946395496
crypto_max_sharpe,crypto,max_sharpe,2023-05-09,0.012401736125225105
crypto_max_sharpe,crypto,max_sharpe,2023-05-10,0.004855313051327207
crypto_max_sharpe,crypto,max_sharpe,2023-05-11,-0.02176249960292192
crypto_max_sharpe,crypto,max_sharpe,2023-05-12,0.006870442110893233
crypto_max_sharpe,crypto,max_sharpe,2023-05-13,-0.003464567021796827
crypto_max_sharpe,crypto,max_sharpe,2023-05-14,0.009134432941264137
crypto_max_sharpe,crypto,max_sharpe,2023-05-15,0.015814444313394297
crypto_max_sharpe,crypto,max_sharpe,2023-05-16,0.012319908923378316
crypto_max_sharpe,crypto,max_sharpe,2023-05-17,0.019595955420134543
crypto_max_sharpe,crypto,max_sharpe,2023-05-18,-0.011125720231720343
crypto_max_sharpe,crypto,max_sharpe,2023-05-19,0.007225320482344595
crypto_max_sharpe,crypto,max_sharpe,2023-05-20,0.009860963957105107
crypto_max_sharpe,crypto,max_sharpe,2023-05-21,-0.0043541096237428335
crypto_max_sharpe,crypto,max_sharpe,2023-05-22,0.011662110469140037
crypto_max_sharpe,crypto,max_sharpe,2023-05-23,0.007857048607673474
crypto_max_sharpe,crypto,max_sharpe,2023-05-24,-0.03406282411567995
crypto_max_sharpe,crypto,max_sharpe,2023-05-25,0.001395705415043076
crypto_max_sharpe,crypto,max_sharpe,2023-05-26,0.009253110004141411
crypto_max_sharpe,crypto,max_sharpe,2023-05-27,0.012150514430119623
crypto_max_sharpe,crypto,max_sharpe,2023-05-28,0.02396611995694319
crypto_max_sharpe,crypto,max_sharpe,2023-05-29,-0.004415133398159653
crypto_max_sharpe,crypto,max_sharpe,2023-05-30,0.013902420326683953
crypto_max_sharpe,crypto,max_sharpe,2023-05-31,-0.014811145909058585
crypto_max_sharpe,crypto,max_sharpe,2023-06-01,-0.0009956356049730633
crypto_max_sharpe,crypto,max_sharpe,2023-06-02,0.03994984646690226
crypto_max_sharpe,crypto,max_sharpe,2023-06-03,-0.00509539656373239
crypto_max_sharpe,crypto,max_sharpe,2023-06-04,0.002318960760692645
crypto_max_sharpe,crypto,max_sharpe,2023-06-05,-0.05230928387335595
crypto_max_sharpe,crypto,max_sharpe,2023-06-06,0.029042979688665836
crypto_max_sharpe,crypto,max_sharpe,2023-06-07,-0.02570597615996002
crypto_max_sharpe,crypto,max_sharpe,2023-06-08,0.0055493349634693975
crypto_max_sharpe,crypto,max_sharpe,2023-06-09,-0.009080572715126807
crypto_max_sharpe,crypto,max_sharpe,2023-06-10,-0.07572002631386567
crypto_max_sharpe,crypto,max_sharpe,2023-06-11,0.008366558183195085
crypto_max_sharpe,crypto,max_sharpe,2023-06-12,0.0036283830578420478
crypto_max_sharpe,crypto,max_sharpe,2023-06-13,0.0007398063965657789
crypto_max_sharpe,crypto,max_sharpe,2023-06-14,-0.046319671454620376
crypto_max_sharpe,crypto,max_sharpe,2023-06-15,0.009162277807353965
crypto_max_sharpe,crypto,max_sharpe,2023-06-16,0.00904309680736827
crypto_max_sharpe,crypto,max_sharpe,2023-06-17,0.00961028679313284
crypto_max_sharpe,crypto,max_sharpe,2023-06-18,-0.00246006109009759
crypto_max_sharpe,crypto,max_sharpe,2023-06-19,0.00634045722034462
crypto_max_sharpe,crypto,max_sharpe,2023-06-20,0.020473043031443018
crypto_max_sharpe,crypto,max_sharpe,2023-06-21,0.04350480517785312
crypto_max_sharpe,crypto,max_sharpe,2023-06-22,-0.005124463966258791
crypto_max_sharpe,crypto,max_sharpe,2023-06-23,0.04359607571206273
crypto_max_sharpe,crypto,max_sharpe,2023-06-24,-0.00552904638498758
crypto_max_sharpe,crypto,max_sharpe,2023-06-25,-0.007847221393086114
crypto_max_sharpe,crypto,max_sharpe,2023-06-26,-0.006610385425083596
crypto_max_sharpe,crypto,max_sharpe,2023-06-27,0.009305982528285305
crypto_max_sharpe,crypto,max_sharpe,2023-06-28,-0.04008227794378315
crypto_max_sharpe,crypto,max_sharpe,2023-06-29,0.01848151343959835
crypto_max_sharpe,crypto,max_sharpe,2023-06-30,0.1009167857435865
crypto_max_sharpe,crypto,max_sharpe,2023-07-01,-0.010910966752972772
crypto_max_sharpe,crypto,max_sharpe,2023-07-02,0.0213151273805952
crypto_max_sharpe,crypto,max_sharpe,2023-07-03,-0.010346994560872276
crypto_max_sharpe,crypto,max_sharpe,2023-07-04,-0.019966234192599883
crypto_max_sharpe,crypto,max_sharpe,2023-07-05,-0.012019108515356942
crypto_max_sharpe,crypto,max_sharpe,2023-07-06,-0.025645655623378453
crypto_max_sharpe,crypto,max_sharpe,2023-07-07,0.013896011000076593
crypto_max_sharpe,crypto,max_sharpe,2023-07-08,-0.0047544104110172
crypto_max_sharpe,crypto,max_sharpe,2023-07-09,-0.012752429091795506
crypto_max_sharpe,crypto,max_sharpe,2023-07-10,0.016370377227968996
crypto_max_sharpe,crypto,max_sharpe,2023-07-11,8.175326182547607e-05
crypto_max_sharpe,crypto,max_sharpe,2023-07-12,0.0011658234216085377
crypto_max_sharpe,crypto,max_sharpe,2023-07-13,0.15360183790789234
crypto_max_sharpe,crypto,max_sharpe,2023-07-14,-0.061236066461135275
crypto_max_sharpe,crypto,max_sharpe,2023-07-15,-0.010280465927858924
crypto_max_sharpe,crypto,max_sharpe,2023-07-16,0.0042513497661487
crypto_max_sharpe,crypto,max_sharpe,2023-07-17,-0.010284710531115522
crypto_max_sharpe,crypto,max_sharpe,2023-07-18,0.010168350751963753
crypto_max_sharpe,crypto,max_sharpe,2023-07-19,0.014731855430231066
crypto_max_sharpe,crypto,max_sharpe,2023-07-20,-0.009003577312744197
crypto_max_sharpe,crypto,max_sharpe,2023-07-21,-0.0020538925279262633
crypto_max_sharpe,crypto,max_sharpe,2023-07-22,-0.023233102253910343
crypto_max_sharpe,crypto,max_sharpe,2023-07-23,0.01514358500528648
crypto_max_sharpe,crypto,max_sharpe,2023-07-24,-0.0372587803567539
crypto_max_sharpe,crypto,max_sharpe,2023-07-25,0.003721464060998149
crypto_max_sharpe,crypto,max_sharpe,2023-07-26,0.009653311036675686
crypto_max_sharpe,crypto,max_sharpe,2023-07-27,-0.0012173112373656317
crypto_max_sharpe,crypto,max_sharpe,2023-07-28,0.0031246460636914853
crypto_max_sharpe,crypto,max_sharpe,2023-07-29,0.005895844535577464
crypto_max_sharpe,crypto,max_sharpe,2023-07-30,-0.0005854653808010624
crypto_max_sharpe,crypto,max_sharpe,2023-07-31,-0.010523287649743137
crypto_max_sharpe,crypto,max_sharpe,2023-08-01,0.0077841781751053505
crypto_max_sharpe,crypto,max_sharpe,2023-08-02,-0.04152522704298829
crypto_max_sharpe,crypto,max_sharpe,2023-08-03,-0.018034664162745837
crypto_max_sharpe,crypto,max_sharpe,2023-08-04,-0.010376416649011084
crypto_max_sharpe,crypto,max_sharpe,2023-08-05,0.0014169532566969713
crypto_max_sharpe,crypto,max_sharpe,2023-08-06,-0.008105262170187071
crypto_max_sharpe,crypto,max_sharpe,2023-08-07,0.0131946626722388
crypto_max_sharpe,crypto,max_sharpe,2023-08-08,0.015947015003741363
crypto_max_sharpe,crypto,max_sharpe,2023-08-09,-0.0023525997010492763
crypto_max_sharpe,crypto,max_sharpe,2023-08-10,-0.01019103867684697
crypto_max_sharpe,crypto,max_sharpe,2023-08-11,-0.002394385541749536
crypto_max_sharpe,crypto,max_sharpe,2023-08-12,-0.0008873590659299411
crypto_max_sharpe,crypto,max_sharpe,2023-08-13,-0.005793617624541229
crypto_max_sharpe,crypto,max_sharpe,2023-08-14,0.006039391665824132
crypto_max_sharpe,crypto,max_sharpe,2023-08-15,-0.020110723243521655
crypto_max_sharpe,crypto,max_sharpe,2023-08-16,-0.04384109937511594
crypto_max_sharpe,crypto,max_sharpe,2023-08-17,-0.09178714854542001
crypto_max_sharpe,crypto,max_sharpe,2023-08-18,-0.004652516378299638
crypto_max_sharpe,crypto,max_sharpe,2023-08-19,0.008428520141108098
crypto_max_sharpe,crypto,max_sharpe,2023-08-20,0.018695779622392574
crypto_max_sharpe,crypto,max_sharpe,2023-08-21,-0.006486527010155181
crypto_max_sharpe,crypto,max_sharpe,2023-08-22,-0.008202821258600123
crypto_max_sharpe,crypto,max_sharpe,2023-08-23,0.024537703777585403
crypto_max_sharpe,crypto,max_sharpe,2023-08-24,-0.01058461116277798
crypto_max_sharpe,crypto,max_sharpe,2023-08-25,0.0020898390578830443
crypto_max_sharpe,crypto,max_sharpe,2023-08-26,-0.0027033272182152225
crypto_max_sharpe,crypto,max_sharpe,2023-08-27,0.009727014113192673
crypto_max_sharpe,crypto,max_sharpe,2023-08-28,-0.010504490433922542
crypto_max_sharpe,crypto,max_sharpe,2023-08-29,0.06441805166219876
crypto_max_sharpe,crypto,max_sharpe,2023-08-30,-0.02295260485562135
crypto_max_sharpe,crypto,max_sharpe,2023-08-31,-0.03094438770508731
crypto_max_sharpe,crypto,max_sharpe,2023-09-01,-0.01813253448323355
crypto_max_sharpe,crypto,max_sharpe,2023-09-02,0.00393523135783796
crypto_max_sharpe,crypto,max_sharpe,2023-09-03,0.002376270752064468
crypto_max_sharpe,crypto,max_sharpe,2023-09-04,-0.0022773365165164408
crypto_max_sharpe,crypto,max_sharpe,2023-09-05,-0.004830911529917293
crypto_max_sharpe,crypto,max_sharpe,2023-09-06,0.002879418426281248
crypto_max_sharpe,crypto,max_sharpe,2023-09-07,0.00769625939282744
crypto_max_sharpe,crypto,max_sharpe,2023-09-08,-0.005912278350020679
crypto_max_sharpe,crypto,max_sharpe,2023-09-09,0.0011930757538521429
crypto_max_sharpe,crypto,max_sharpe,2023-09-10,-0.013743219036894952
crypto_max_sharpe,crypto,max_sharpe,2023-09-11,-0.03088910522112276
crypto_max_sharpe,crypto,max_sharpe,2023-09-12,0.03633186942242786
crypto_max_sharpe,crypto,max_sharpe,2023-09-13,0.012803127432747781
crypto_max_sharpe,crypto,max_sharpe,2023-09-14,0.02164964068967246
crypto_max_sharpe,crypto,max_sharpe,2023-09-15,0.024588667072390304
crypto_max_sharpe,crypto,max_sharpe,2023-09-16,-0.005894549972396636
crypto_max_sharpe,crypto,max_sharpe,2023-09-17,-0.013610421444665776
crypto_max_sharpe,crypto,max_sharpe,2023-09-18,0.02168903730223477
crypto_max_sharpe,crypto,max_sharpe,2023-09-19,0.014767482074380923
crypto_max_sharpe,crypto,max_sharpe,2023-09-20,-0.00960450352126245
crypto_max_sharpe,crypto,max_sharpe,2023-09-21,-0.019011536229032944
crypto_max_sharpe,crypto,max_sharpe,2023-09-22,0.0010152420072607321
crypto_max_sharpe,crypto,max_sharpe,2023-09-23,0.001545643146062323
crypto_max_sharpe,crypto,max_sharpe,2023-09-24,-0.012373655256822554
crypto_max_sharpe,crypto,max_sharpe,2023-09-25,0.011659955247239858
crypto_max_sharpe,crypto,max_sharpe,2023-09-26,-3.0495633229809258e-05
crypto_max_sharpe,crypto,max_sharpe,2023-09-27,0.015065824880662005
crypto_max_sharpe,crypto,max_sharpe,2023-09-28,0.026823736832996797
crypto_max_sharpe,crypto,max_sharpe,2023-09-29,0.0072114127181337586
crypto_max_sharpe,crypto,max_sharpe,2023-09-30,-0.0025748099821629646
crypto_max_sharpe,crypto,max_sharpe,2023-10-01,0.030319285272303827
crypto_max_sharpe,crypto,max_sharpe,2023-10-02,-0.01899741486687588
crypto_max_sharpe,crypto,max_sharpe,2023-10-03,-0.005447541398003819
crypto_max_sharpe,crypto,max_sharpe,2023-10-04,-0.0024401715520435355
crypto_max_sharpe,crypto,max_sharpe,2023-10-05,-0.011216414364833883
crypto_max_sharpe,crypto,max_sharpe,2023-10-06,0.007262871214826434
crypto_max_sharpe,crypto,max_sharpe,2023-10-07,-0.000542347387393424
crypto_max_sharpe,crypto,max_sharpe,2023-10-08,-0.003320093677547089
crypto_max_sharpe,crypto,max_sharpe,2023-10-09,-0.02793206239354768
crypto_max_sharpe,crypto,max_sharpe,2023-10-10,-0.007926011109489244
crypto_max_sharpe,crypto,max_sharpe,2023-10-11,-0.008885248976751121
crypto_max_sharpe,crypto,max_sharpe,2023-10-12,-0.00868035462102458
crypto_max_sharpe,crypto,max_sharpe,2023-10-13,0.008147865867673531
crypto_max_sharpe,crypto,max_sharpe,2023-10-14,-0.0026132989942662874
crypto_max_sharpe,crypto,max_sharpe,2023-10-15,0.007170182148663982
crypto_max_sharpe,crypto,max_sharpe,2023-10-16,0.04057175686877322
crypto_max_sharpe,crypto,max_sharpe,2023-10-17,-0.012929093349392315
crypto_max_sharpe,crypto,max_sharpe,2023-10-18,-0.0031906570129976884
crypto_max_sharpe,crypto,max_sharpe,2023-10-19,0.013133489542009054
crypto_max_sharpe,crypto,max_sharpe,2023-10-20,0.027321551807404743
crypto_max_sharpe,crypto,max_sharpe,2023-10-21,0.012183029270284192
crypto_max_sharpe,crypto,max_sharpe,2023-10-22,0.0027568848257954488
crypto_max_sharpe,crypto,max_sharpe,2023-10-23,0.062627917487185
crypto_max_sharpe,crypto,max_sharpe,2023-10-24,0.0024911528310839546
crypto_max_sharpe,crypto,max_sharpe,2023-10-25,0.007587954902721602
crypto_max_sharpe,crypto,max_sharpe,2023-10-26,-0.006886029713742859
crypto_max_sharpe,crypto,max_sharpe,2023-10-27,-0.012968343512517671
crypto_max_sharpe,crypto,max_sharpe,2023-10-28,0.007803949400242418
crypto_max_sharpe,crypto,max_sharpe,2023-10-29,0.010536774102431597
crypto_max_sharpe,crypto,max_sharpe,2023-10-30,0.006400554581984552
crypto_max_sharpe,crypto,max_sharpe,2023-10-31,0.006314439886602238
crypto_max_sharpe,crypto,max_sharpe,2023-11-01,0.016895245366115908
crypto_max_sharpe,crypto,max_sharpe,2023-11-02,-0.015003362827731985
crypto_max_sharpe,crypto,max_sharpe,2023-11-03,-0.0010057883821240335
crypto_max_sharpe,crypto,max_sharpe,2023-11-04,0.009011183278245098
crypto_max_sharpe,crypto,max_sharpe,2023-11-05,0.017275315743127115
crypto_max_sharpe,crypto,max_sharpe,2023-11-06,0.02822423918260489
crypto_max_sharpe,crypto,max_sharpe,2023-11-07,-0.010645109178498358
crypto_max_sharpe,crypto,max_sharpe,2023-11-08,0.005365696620081344
crypto_max_sharpe,crypto,max_sharpe,2023-11-09,-0.002899778918903426
crypto_max_sharpe,crypto,max_sharpe,2023-11-10,0.014527922800908227
crypto_max_sharpe,crypto,max_sharpe,2023-11-11,0.005573231067301534
crypto_max_sharpe,crypto,max_sharpe,2023-11-12,-0.0007672927133155897
crypto_max_sharpe,crypto,max_sharpe,2023-11-13,-0.012902858767690194
crypto_max_sharpe,crypto,max_sharpe,2023-11-14,-0.03275895997904147
crypto_max_sharpe,crypto,max_sharpe,2023-11-15,0.03842418285007003
crypto_max_sharpe,crypto,max_sharpe,2023-11-16,-0.0355092494513848
crypto_max_sharpe,crypto,max_sharpe,2023-11-17,-0.0011521189062759277
crypto_max_sharpe,crypto,max_sharpe,2023-11-18,-0.004480625707560811
crypto_max_sharpe,crypto,max_sharpe,2023-11-19,0.015445236628647708
crypto_max_sharpe,crypto,max_sharpe,2023-11-20,-0.015291937598470647
crypto_max_sharpe,crypto,max_sharpe,2023-11-21,-0.04626511970548014
crypto_max_sharpe,crypto,max_sharpe,2023-11-22,0.043692289878481505
crypto_max_sharpe,crypto,max_sharpe,2023-11-23,0.006949599172932915
crypto_max_sharpe,crypto,max_sharpe,2023-11-24,0.01278410021127484
crypto_max_sharpe,crypto,max_sharpe,2023-11-25,0.01298824832200468
crypto_max_sharpe,crypto,max_sharpe,2023-11-26,-0.01115975701484558
crypto_max_sharpe,crypto,max_sharpe,2023-11-27,-0.02189972994867653
crypto_max_sharpe,crypto,max_sharpe,2023-11-28,0.009097224402472034
crypto_max_sharpe,crypto,max_sharpe,2023-11-29,0.001077006411463413
crypto_max_sharpe,crypto,max_sharpe,2023-11-30,-0.0047800792925588404
crypto_max_sharpe,crypto,max_sharpe,2023-12-01,0.013336426476780319
crypto_max_sharpe,crypto,max_sharpe,2023-12-02,0.017151831904431716
crypto_max_sharpe,crypto,max_sharpe,2023-12-03,0.0075354833530026305
crypto_max_sharpe,crypto,max_sharpe,2023-12-04,0.034786646066904944
crypto_max_sharpe,crypto,max_sharpe,2023-12-05,0.01404755312323349
crypto_max_sharpe,crypto,max_sharpe,2023-12-06,-0.005361121950543781
crypto_max_sharpe,crypto,max_sharpe,2023-12-07,0.011114304775001775
crypto_max_sharpe,crypto,max_sharpe,2023-12-08,0.023059753914550278
crypto_max_sharpe,crypto,max_sharpe,2023-12-09,-0.008575270327895065
crypto_max_sharpe,crypto,max_sharpe,2023-12-10,0.002589273220369463
crypto_max_sharpe,crypto,max_sharpe,2023-12-11,-0.059060876506265
crypto_max_sharpe,crypto,max_sharpe,2023-12-12,-0.0002169678765099699
crypto_max_sharpe,crypto,max_sharpe,2023-12-13,0.01972952360675415
crypto_max_sharpe,crypto,max_sharpe,2023-12-14,0.011592244958889343
crypto_max_sharpe,crypto,max_sharpe,2023-12-15,-0.035855642958657674
crypto_max_sharpe,crypto,max_sharpe,2023-12-16,0.008181239707453962
crypto_max_sharpe,crypto,max_sharpe,2023-12-17,-0.01453082906873353
crypto_max_sharpe,crypto,max_sharpe,2023-12-18,0.008571588042203513
crypto_max_sharpe,crypto,max_sharpe,2023-12-19,-0.010689676219311252
crypto_max_sharpe,crypto,max_sharpe,2023-12-20,0.02091864245473131
crypto_max_sharpe,crypto,max_sharpe,2023-12-21,0.013339786828578988
crypto_max_sharpe,crypto,max_sharpe,2023-12-22,0.014530752301893171
crypto_max_sharpe,crypto,max_sharpe,2023-12-23,-0.006052225380472369
crypto_max_sharpe,crypto,max_sharpe,2023-12-24,-0.013590024395831493
crypto_max_sharpe,crypto,max_sharpe,2023-12-25,0.01785883702095601
crypto_max_sharpe,crypto,max_sharpe,2023-12-26,-0.0262993737223106
crypto_max_sharpe,crypto,max_sharpe,2023-12-27,0.0563377654765683
crypto_max_sharpe,crypto,max_sharpe,2023-12-28,-0.007524409560334066
crypto_max_sharpe,crypto,max_sharpe,2023-12-29,-0.016493776782941116
crypto_max_sharpe,crypto,max_sharpe,2023-12-30,0.013337891877798248
crypto_max_sharpe,crypto,max_sharpe,2023-12-31,-0.009225367207684822
crypto_min_cvar,crypto,min_cvar,2021-01-01,0.007455543926999748
crypto_min_cvar,crypto,min_cvar,2021-01-02,0.0366229090754245
crypto_min_cvar,crypto,min_cvar,2021-01-03,0.12410107477737067
crypto_min_cvar,crypto,min_cvar,2021-01-04,0.04716418572627115
crypto_min_cvar,crypto,min_cvar,2021-01-05,0.05205679755101779
crypto_min_cvar,crypto,min_cvar,2021-01-06,0.22918609534211448
crypto_min_cvar,crypto,min_cvar,2021-01-07,-0.007411320551058604
crypto_min_cvar,crypto,min_cvar,2021-01-08,-0.009589009851736078
crypto_min_cvar,crypto,min_cvar,2021-01-09,0.07222932041428298
crypto_min_cvar,crypto,min_cvar,2021-01-10,-0.029557111378573333
crypto_min_cvar,crypto,min_cvar,2021-01-11,-0.11713325028066893
crypto_min_cvar,crypto,min_cvar,2021-01-12,-0.020520954069733234
crypto_min_cvar,crypto,min_cvar,2021-01-13,0.08478062353797662
crypto_min_cvar,crypto,min_cvar,2021-01-14,0.032296699634042095
crypto_min_cvar,crypto,min_cvar,2021-01-15,-0.047823215703342
crypto_min_cvar,crypto,min_cvar,2021-01-16,0.016400101584295577
crypto_min_cvar,crypto,min_cvar,2021-01-17,0.00446933325967605
crypto_min_cvar,crypto,min_cvar,2021-01-18,0.02808885753306971
crypto_min_cvar,crypto,min_cvar,2021-01-19,0.01097311204552778
crypto_min_cvar,crypto,min_cvar,2021-01-20,-0.011761746494723387
crypto_min_cvar,crypto,min_cvar,2021-01-21,-0.14651963086133385
crypto_min_cvar,crypto,min_cvar,2021-01-22,0.06894075572497617
crypto_min_cvar,crypto,min_cvar,2021-01-23,-0.006496524826200964
crypto_min_cvar,crypto,min_cvar,2021-01-24,0.04175138838536611
crypto_min_cvar,crypto,min_cvar,2021-01-25,-0.026614010367511157
crypto_min_cvar,crypto,min_cvar,2021-01-26,0.003590723213227549
crypto_min_cvar,crypto,min_cvar,2021-01-27,-0.07772735079871998
crypto_min_cvar,crypto,min_cvar,2021-01-28,0.11002766529512908
crypto_min_cvar,crypto,min_cvar,2021-01-29,0.03490500880991318
crypto_min_cvar,crypto,min_cvar,2021-01-30,0.022956886487828822
crypto_min_cvar,crypto,min_cvar,2021-01-31,-0.04093520271729002
crypto_min_cvar,crypto,min_cvar,2021-02-01,0.035910210297428004
crypto_min_cvar,crypto,min_cvar,2021-02-02,0.04857681993455298
crypto_min_cvar,crypto,min_cvar,2021-02-03,0.05272392971943635
crypto_min_cvar,crypto,min_cvar,2021-02-04,-0.03567389147838275
crypto_min_cvar,crypto,min_cvar,2021-02-05,0.0715232093699429
crypto_min_cvar,crypto,min_cvar,2021-02-06,0.0064721161181594735
crypto_min_cvar,crypto,min_cvar,2021-02-07,0.0030932956556121273
crypto_min_cvar,crypto,min_cvar,2021-02-08,0.09837290749559216
crypto_min_cvar,crypto,min_cvar,2021-02-09,0.055155852950157784
crypto_min_cvar,crypto,min_cvar,2021-02-10,-0.0019312147474189899
crypto_min_cvar,crypto,min_cvar,2021-02-11,0.09995652990011383
crypto_min_cvar,crypto,min_cvar,2021-02-12,0.039537710239748086
crypto_min_cvar,crypto,min_cvar,2021-02-13,0.056298120174615315
crypto_min_cvar,crypto,min_cvar,2021-02-14,-0.04086380017702409
crypto_min_cvar,crypto,min_cvar,2021-02-15,-0.04634059578422669
crypto_min_cvar,crypto,min_cvar,2021-02-16,0.007967702911923284
crypto_min_cvar,crypto,min_cvar,2021-02-17,0.04102145087546175
crypto_min_cvar,crypto,min_cvar,2021-02-18,0.011874091983639378
crypto_min_cvar,crypto,min_cvar,2021-02-19,0.06145467173499066
crypto_min_cvar,crypto,min_cvar,2021-02-20,-0.035411432871116165
crypto_min_cvar,crypto,min_cvar,2021-02-21,0.02177804621473757
crypto_min_cvar,crypto,min_cvar,2021-02-22,-0.07354857835522331
crypto_min_cvar,crypto,min_cvar,2021-02-23,-0.14803385216248477
crypto_min_cvar,crypto,min_cvar,2021-02-24,0.039943731466245046
crypto_min_cvar,crypto,min_cvar,2021-02-25,-0.06086032003655948
crypto_min_cvar,crypto,min_cvar,2021-02-26,-0.004733988069980672
crypto_min_cvar,crypto,min_cvar,2021-02-27,0.03278476638920833
crypto_min_cvar,crypto,min_cvar,2021-02-28,-0.04076789538855013
crypto_min_cvar,crypto,min_cvar,2021-03-01,0.0715742297018167
crypto_min_cvar,crypto,min_cvar,2021-03-02,-0.025766154612198132
crypto_min_cvar,crypto,min_cvar,2021-03-03,0.039927625968326455
crypto_min_cvar,crypto,min_cvar,2021-03-04,-0.009260382631508123
crypto_min_cvar,crypto,min_cvar,2021-03-05,-0.009977241335576474
crypto_min_cvar,crypto,min_cvar,2021-03-06,0.01435688100574145
crypto_min_cvar,crypto,min_cvar,2021-03-07,0.032245852665812876
crypto_min_cvar,crypto,min_cvar,2021-03-08,0.025044100153376776
crypto_min_cvar,crypto,min_cvar,2021-03-09,0.03699948249118794
crypto_min_cvar,crypto,min_cvar,2021-03-10,-0.027467480341531784
crypto_min_cvar,crypto,min_cvar,2021-03-11,0.005251425773324084
crypto_min_cvar,crypto,min_cvar,2021-03-12,-0.030229332693287897
crypto_min_cvar,crypto,min_cvar,2021-03-13,0.07858322304160967
crypto_min_cvar,crypto,min_cvar,2021-03-14,-0.04216717240732362
crypto_min_cvar,crypto,min_cvar,2021-03-15,-0.032013534364059106
crypto_min_cvar,crypto,min_cvar,2021-03-16,0.03658567968709655
crypto_min_cvar,crypto,min_cvar,2021-03-17,0.028339306607376782
crypto_min_cvar,crypto,min_cvar,2021-03-18,-0.015231788315670194
crypto_min_cvar,crypto,min_cvar,2021-03-19,0.026881449527125217
crypto_min_cvar,crypto,min_cvar,2021-03-20,0.023299921228659065
crypto_min_cvar,crypto,min_cvar,2021-03-21,-0.00994082966023422
crypto_min_cvar,crypto,min_cvar,2021-03-22,-0.038028205546490716
crypto_min_cvar,crypto,min_cvar,2021-03-23,-0.0015312264821718948
crypto_min_cvar,crypto,min_cvar,2021-03-24,-0.062399462164139934
crypto_min_cvar,crypto,min_cvar,2021-03-25,-0.0037160508776920703
crypto_min_cvar,crypto,min_cvar,2021-03-26,0.10400655958360151
crypto_min_cvar,crypto,min_cvar,2021-03-27,-0.007132590232478019
crypto_min_cvar,crypto,min_cvar,2021-03-28,0.001477149825816256
crypto_min_cvar,crypto,min_cvar,2021-03-29,0.036324483600966
crypto_min_cvar,crypto,min_cvar,2021-03-30,0.014471914401486749
crypto_min_cvar,crypto,min_cvar,2021-03-31,0.11940695671676738
crypto_min_cvar,crypto,min_cvar,2021-04-01,0.0280871295108948
crypto_min_cvar,crypto,min_cvar,2021-04-02,0.06594539500947381
crypto_min_cvar,crypto,min_cvar,2021-04-03,-0.03766588592779819
crypto_min_cvar,crypto,min_cvar,2021-04-04,0.11131241011261533
crypto_min_cvar,crypto,min_cvar,2021-04-05,0.06548798631212674
crypto_min_cvar,crypto,min_cvar,2021-04-06,0.0010164248408137092
crypto_min_cvar,crypto,min_cvar,2021-04-07,-0.0924384914196549
crypto_min_cvar,crypto,min_cvar,2021-04-08,0.08243535567604227
crypto_min_cvar,crypto,min_cvar,2021-04-09,-0.02750811682000487
crypto_min_cvar,crypto,min_cvar,2021-04-10,0.08904653502543901
crypto_min_cvar,crypto,min_cvar,2021-04-11,0.0017349333890410538
crypto_min_cvar,crypto,min_cvar,2021-04-12,0.01263178964469749
crypto_min_cvar,crypto,min_cvar,2021-04-13,0.12089248500333842
crypto_min_cvar,crypto,min_cvar,2021-04-14,0.016825854429526825
crypto_min_cvar,crypto,min_cvar,2021-04-15,0.047977725693337595
crypto_min_cvar,crypto,min_cvar,2021-04-16,-0.006435880986857014
crypto_min_cvar,crypto,min_cvar,2021-04-17,-0.032947150346584644
crypto_min_cvar,crypto,min_cvar,2021-04-18,-0.07822278690712277
crypto_min_cvar,crypto,min_cvar,2021-04-19,-0.06143720189439423
crypto_min_cvar,crypto,min_cvar,2021-04-20,0.032118402156301254
crypto_min_cvar,crypto,min_cvar,2021-04-21,-0.04341943126385966
crypto_min_cvar,crypto,min_cvar,2021-04-22,-0.056216143629732464
crypto_min_cvar,crypto,min_cvar,2021-04-23,-0.017660981055063044
crypto_min_cvar,crypto,min_cvar,2021-04-24,-0.06661395337370388
crypto_min_cvar,crypto,min_cvar,2021-04-25,-0.0029444446770026415
crypto_min_cvar,crypto,min_cvar,2021-04-26,0.15608438230416105
crypto_min_cvar,crypto,min_cvar,2021-04-27,0.04275800907932427
crypto_min_cvar,crypto,min_cvar,2021-04-28,-0.0032823978371366177
crypto_min_cvar,crypto,min_cvar,2021-04-29,-0.0049661653155139256
crypto_min_cvar,crypto,min_cvar,2021-04-30,0.07237380267823876
crypto_min_cvar,crypto,min_cvar,2021-05-01,0.04665043269261701
crypto_min_cvar,crypto,min_cvar,2021-05-02,-0.011523159091075135
crypto_min_cvar,crypto,min_cvar,2021-05-03,0.07788654419155577
crypto_min_cvar,crypto,min_cvar,2021-05-04,0.002701171038656802
crypto_min_cvar,crypto,min_cvar,2021-05-05,0.2221884188538213
crypto_min_cvar,crypto,min_cvar,2021-05-06,0.17068848327544914
crypto_min_cvar,crypto,min_cvar,2021-05-07,-0.052821729993575026
crypto_min_cvar,crypto,min_cvar,2021-05-08,0.03174334998596857
crypto_min_cvar,crypto,min_cvar,2021-05-09,-0.012191847828257907
crypto_min_cvar,crypto,min_cvar,2021-05-10,-0.07794812523349764
crypto_min_cvar,crypto,min_cvar,2021-05-11,0.15199179625836845
crypto_min_cvar,crypto,min_cvar,2021-05-12,-0.19708312515392815
crypto_min_cvar,crypto,min_cvar,2021-05-13,0.035840289013631545
crypto_min_cvar,crypto,min_cvar,2021-05-14,0.08121048747638644
crypto_min_cvar,crypto,min_cvar,2021-05-15,-0.07086266729766806
crypto_min_cvar,crypto,min_cvar,2021-05-16,-0.006811083940112912
crypto_min_cvar,crypto,min_cvar,2021-05-17,-0.07175558596022184
crypto_min_cvar,crypto,min_cvar,2021-05-18,0.008516946098677241
crypto_min_cvar,crypto,min_cvar,2021-05-19,-0.3003285405394897
crypto_min_cvar,crypto,min_cvar,2021-05-20,0.1630150295697969
crypto_min_cvar,crypto,min_cvar,2021-05-21,-0.13297274641709123
crypto_min_cvar,crypto,min_cvar,2021-05-22,-0.05632372079586686
crypto_min_cvar,crypto,min_cvar,2021-05-23,-0.1138697605799039
crypto_min_cvar,crypto,min_cvar,2021-05-24,0.2679441857744101
crypto_min_cvar,crypto,min_cvar,2021-05-25,0.026319003597159423
crypto_min_cvar,crypto,min_cvar,2021-05-26,0.06500272351697788
crypto_min_cvar,crypto,min_cvar,2021-05-27,-0.029484352241126364
crypto_min_cvar,crypto,min_cvar,2021-05-28,-0.09570380326686291
crypto_min_cvar,crypto,min_cvar,2021-05-29,-0.0461800934718715
crypto_min_cvar,crypto,min_cvar,2021-05-30,0.03736276407321564
crypto_min_cvar,crypto,min_cvar,2021-05-31,0.08480969806076569
crypto_min_cvar,crypto,min_cvar,2021-06-01,-0.019343556136115204
crypto_min_cvar,crypto,min_cvar,2021-06-02,0.019273044615973896
crypto_min_cvar,crypto,min_cvar,2021-06-03,0.04441849082414791
crypto_min_cvar,crypto,min_cvar,2021-06-04,-0.0634575587215224
crypto_min_cvar,crypto,min_cvar,2021-06-05,-0.027424996572345917
crypto_min_cvar,crypto,min_cvar,2021-06-06,0.018798327902194902
crypto_min_cvar,crypto,min_cvar,2021-06-07,-0.06983007210585775
crypto_min_cvar,crypto,min_cvar,2021-06-08,-0.003286758378104627
crypto_min_cvar,crypto,min_cvar,2021-06-09,0.05901696858453555
crypto_min_cvar,crypto,min_cvar,2021-06-10,-0.04500810827393109
crypto_min_cvar,crypto,min_cvar,2021-06-11,-0.030950907512738504
crypto_min_cvar,crypto,min_cvar,2021-06-12,-0.01197739607752055
crypto_min_cvar,crypto,min_cvar,2021-06-13,0.06630053635997127
crypto_min_cvar,crypto,min_cvar,2021-06-14,0.01321554979715323
crypto_min_cvar,crypto,min_cvar,2021-06-15,0.011008080067570251
crypto_min_cvar,crypto,min_cvar,2021-06-16,-0.06662089549296554
crypto_min_cvar,crypto,min_cvar,2021-06-17,0.013813838945087004
crypto_min_cvar,crypto,min_cvar,2021-06-18,-0.05525384044702756
crypto_min_cvar,crypto,min_cvar,2021-06-19,-0.016512478178250665
crypto_min_cvar,crypto,min_cvar,2021-06-20,0.009066932049677645
crypto_min_cvar,crypto,min_cvar,2021-06-21,-0.17449415683621242
crypto_min_cvar,crypto,min_cvar,2021-06-22,-0.021040240603874258
crypto_min_cvar,crypto,min_cvar,2021-06-23,0.07416137444914357
crypto_min_cvar,crypto,min_cvar,2021-06-24,0.06947028713655008
crypto_min_cvar,crypto,min_cvar,2021-06-25,-0.07920771168678203
crypto_min_cvar,crypto,min_cvar,2021-06-26,0.012108792468494856
crypto_min_cvar,crypto,min_cvar,2021-06-27,0.0611248989831819
crypto_min_cvar,crypto,min_cvar,2021-06-28,0.011568692538286057
crypto_min_cvar,crypto,min_cvar,2021-06-29,0.07792833522496122
crypto_min_cvar,crypto,min_cvar,2021-06-30,0.012471701409130044
crypto_min_cvar,crypto,min_cvar,2021-07-01,-0.051752455925362886
crypto_min_cvar,crypto,min_cvar,2021-07-02,0.018444899920800457
crypto_min_cvar,crypto,min_cvar,2021-07-03,0.020905702706730978
crypto_min_cvar,crypto,min_cvar,2021-07-04,0.021040441171762767
crypto_min_cvar,crypto,min_cvar,2021-07-05,-0.044249086065311374
crypto_min_cvar,crypto,min_cvar,2021-07-06,0.021432696177528174
crypto_min_cvar,crypto,min_cvar,2021-07-07,-0.012041202166388659
crypto_min_cvar,crypto,min_cvar,2021-07-08,-0.05461415696993674
crypto_min_cvar,crypto,min_cvar,2021-07-09,0.016553247834026574
crypto_min_cvar,crypto,min_cvar,2021-07-10,-0.011806911757971373
crypto_min_cvar,crypto,min_cvar,2021-07-11,0.011859507460641275
crypto_min_cvar,crypto,min_cvar,2021-07-12,-0.0327256180760245
crypto_min_cvar,crypto,min_cvar,2021-07-13,-0.03032658109554244
crypto_min_cvar,crypto,min_cvar,2021-07-14,0.010272958325332619
crypto_min_cvar,crypto,min_cvar,2021-07-15,-0.03390897923504356
crypto_min_cvar,crypto,min_cvar,2021-07-16,-0.026988863341894008
crypto_min_cvar,crypto,min_cvar,2021-07-17,0.0028032910291337816
crypto_min_cvar,crypto,min_cvar,2021-07-18,0.004119792245027724
crypto_min_cvar,crypto,min_cvar,2021-07-19,-0.042832904243977364
crypto_min_cvar,crypto,min_cvar,2021-07-20,-0.03773719881367247
crypto_min_cvar,crypto,min_cvar,2021-07-21,0.08866457076330261
crypto_min_cvar,crypto,min_cvar,2021-07-22,0.027186561071473714
crypto_min_cvar,crypto,min_cvar,2021-07-23,0.03204642801981224
crypto_min_cvar,crypto,min_cvar,2021-07-24,0.027452708240683032
crypto_min_cvar,crypto,min_cvar,2021-07-25,0.0035550698412295696
crypto_min_cvar,crypto,min_cvar,2021-07-26,0.023331050678324288
crypto_min_cvar,crypto,min_cvar,2021-07-27,0.029332672665299733
crypto_min_cvar,crypto,min_cvar,2021-07-28,0.006301712571165038
crypto_min_cvar,crypto,min_cvar,2021-07-29,0.012773806326529502
crypto_min_cvar,crypto,min_cvar,2021-07-30,0.03462118598627542
crypto_min_cvar,crypto,min_cvar,2021-07-31,0.009314320678290742
crypto_min_cvar,crypto,min_cvar,2021-08-01,-0.014090998241805132
crypto_min_cvar,crypto,min_cvar,2021-08-02,0.004982872522690157
crypto_min_cvar,crypto,min_cvar,2021-08-03,-0.012381675817749616
crypto_min_cvar,crypto,min_cvar,2021-08-04,0.04561894334520466
crypto_min_cvar,crypto,min_cvar,2021-08-05,0.02484899491175558
crypto_min_cvar,crypto,min_cvar,2021-08-06,0.02352172649446384
crypto_min_cvar,crypto,min_cvar,2021-08-07,0.06829737641044087
crypto_min_cvar,crypto,min_cvar,2021-08-08,-0.03915279783947977
crypto_min_cvar,crypto,min_cvar,2021-08-09,0.042468957298713604
crypto_min_cvar,crypto,min_cvar,2021-08-10,0.024527225160626685
crypto_min_cvar,crypto,min_cvar,2021-08-11,0.051680426856527954
crypto_min_cvar,crypto,min_cvar,2021-08-12,-0.011351965587085474
crypto_min_cvar,crypto,min_cvar,2021-08-13,0.09900066914317648
crypto_min_cvar,crypto,min_cvar,2021-08-14,0.020376980139975243
crypto_min_cvar,crypto,min_cvar,2021-08-15,0.013003659844251
crypto_min_cvar,crypto,min_cvar,2021-08-16,-0.042647976677897284
crypto_min_cvar,crypto,min_cvar,2021-08-17,-0.058976294771169196
crypto_min_cvar,crypto,min_cvar,2021-08-18,0.024031271323276926
crypto_min_cvar,crypto,min_cvar,2021-08-19,0.07400703299213927
crypto_min_cvar,crypto,min_cvar,2021-08-20,0.032571599001335085
crypto_min_cvar,crypto,min_cvar,2021-08-21,-0.019584377499820664
crypto_min_cvar,crypto,min_cvar,2021-08-22,0.03302253544747946
crypto_min_cvar,crypto,min_cvar,2021-08-23,0.03260739367528258
crypto_min_cvar,crypto,min_cvar,2021-08-24,-0.05847752415667603
crypto_min_cvar,crypto,min_cvar,2021-08-25,0.018180197746821385
crypto_min_cvar,crypto,min_cvar,2021-08-26,-0.05519983215775938
crypto_min_cvar,crypto,min_cvar,2021-08-27,0.08704895923147057
crypto_min_cvar,crypto,min_cvar,2021-08-28,-0.013563844122643528
crypto_min_cvar,crypto,min_cvar,2021-08-29,-0.001747428557897383
crypto_min_cvar,crypto,min_cvar,2021-08-30,-0.029696703413593296
crypto_min_cvar,crypto,min_cvar,2021-08-31,0.02816726248239524
crypto_min_cvar,crypto,min_cvar,2021-09-01,0.06411530224867956
crypto_min_cvar,crypto,min_cvar,2021-09-02,0.01547440692893043
crypto_min_cvar,crypto,min_cvar,2021-09-03,0.020058625655338364
crypto_min_cvar,crypto,min_cvar,2021-09-04,-0.013146426253718976
crypto_min_cvar,crypto,min_cvar,2021-09-05,0.03690710818764752
crypto_min_cvar,crypto,min_cvar,2021-09-06,-0.00014351368115857882
crypto_min_cvar,crypto,min_cvar,2021-09-07,-0.14835827734981283
crypto_min_cvar,crypto,min_cvar,2021-09-08,0.014399177575010356
crypto_min_cvar,crypto,min_cvar,2021-09-09,0.0020873640774695663
crypto_min_cvar,crypto,min_cvar,2021-09-10,-0.04261589758468984
crypto_min_cvar,crypto,min_cvar,2021-09-11,0.0386942355178176
crypto_min_cvar,crypto,min_cvar,2021-09-12,0.0522799289286631
crypto_min_cvar,crypto,min_cvar,2021-09-13,-0.04941600343055103
crypto_min_cvar,crypto,min_cvar,2021-09-14,0.05427099515813924
crypto_min_cvar,crypto,min_cvar,2021-09-15,0.03455133592353027
crypto_min_cvar,crypto,min_cvar,2021-09-16,-0.02422665100949692
crypto_min_cvar,crypto,min_cvar,2021-09-17,-0.04594463193104474
crypto_min_cvar,crypto,min_cvar,2021-09-18,0.011689184117557566
crypto_min_cvar,crypto,min_cvar,2021-09-19,-0.027197043202893054
crypto_min_cvar,crypto,min_cvar,2021-09-20,-0.10789177081433683
crypto_min_cvar,crypto,min_cvar,2021-09-21,-0.04783903693619822
crypto_min_cvar,crypto,min_cvar,2021-09-22,0.11044150088464992
crypto_min_cvar,crypto,min_cvar,2021-09-23,0.020037031397729083
crypto_min_cvar,crypto,min_cvar,2021-09-24,-0.056530580033597504
crypto_min_cvar,crypto,min_cvar,2021-09-25,-0.005292108040060719
crypto_min_cvar,crypto,min_cvar,2021-09-26,-0.0046950905490750795
crypto_min_cvar,crypto,min_cvar,2021-09-27,-0.030031029720899723
crypto_min_cvar,crypto,min_cvar,2021-09-28,-0.034402644618837255
crypto_min_cvar,crypto,min_cvar,2021-09-29,0.0214195511402395
crypto_min_cvar,crypto,min_cvar,2021-09-30,0.04082378523144232
crypto_min_cvar,crypto,min_cvar,2021-10-01,0.08250739915923495
crypto_min_cvar,crypto,min_cvar,2021-10-02,0.0097498304955568
crypto_min_cvar,crypto,min_cvar,2021-10-03,0.0065132829462591765
crypto_min_cvar,crypto,min_cvar,2021-10-04,-0.011057652366258377
crypto_min_cvar,crypto,min_cvar,2021-10-05,0.035071011615790175
crypto_min_cvar,crypto,min_cvar,2021-10-06,0.032599028150506096
crypto_min_cvar,crypto,min_cvar,2021-10-07,-0.00545449165715744
crypto_min_cvar,crypto,min_cvar,2021-10-08,-0.004339002947520269
crypto_min_cvar,crypto,min_cvar,2021-10-09,0.026633431399271268
crypto_min_cvar,crypto,min_cvar,2021-10-10,-0.0357977731114032
crypto_min_cvar,crypto,min_cvar,2021-10-11,0.021169848730938797
crypto_min_cvar,crypto,min_cvar,2021-10-12,-0.022528342131739258
crypto_min_cvar,crypto,min_cvar,2021-10-13,0.038340228024950886
crypto_min_cvar,crypto,min_cvar,2021-10-14,0.008454573107746234
crypto_min_cvar,crypto,min_cvar,2021-10-15,0.02403350633961832
crypto_min_cvar,crypto,min_cvar,2021-10-16,0.006783613444523959
crypto_min_cvar,crypto,min_cvar,2021-10-17,-0.004791747030594069
crypto_min_cvar,crypto,min_cvar,2021-10-18,-0.008459225991999119
crypto_min_cvar,crypto,min_cvar,2021-10-19,0.017066305748998315
crypto_min_cvar,crypto,min_cvar,2021-10-20,0.04106258922002416
crypto_min_cvar,crypto,min_cvar,2021-10-21,-0.03606671494655549
crypto_min_cvar,crypto,min_cvar,2021-10-22,-0.009175175815570192
crypto_min_cvar,crypto,min_cvar,2021-10-23,0.02013994194873792
crypto_min_cvar,crypto,min_cvar,2021-10-24,-0.015431621332748684
crypto_min_cvar,crypto,min_cvar,2021-10-25,0.02501513694927703
crypto_min_cvar,crypto,min_cvar,2021-10-26,-0.020214880715472065
crypto_min_cvar,crypto,min_cvar,2021-10-27,-0.07689514264567911
crypto_min_cvar,crypto,min_cvar,2021-10-28,0.053932884003453065
crypto_min_cvar,crypto,min_cvar,2021-10-29,0.03180562734002632
crypto_min_cvar,crypto,min_cvar,2021-10-30,-0.00928322649417209
crypto_min_cvar,crypto,min_cvar,2021-10-31,0.0043639414757446855
crypto_min_cvar,crypto,min_cvar,2021-11-01,-0.005792213647878899
crypto_min_cvar,crypto,min_cvar,2021-11-02,0.04265316892033606
crypto_min_cvar,crypto,min_cvar,2021-11-03,0.007919374558714519
crypto_min_cvar,crypto,min_cvar,2021-11-04,-0.027550571795749504
crypto_min_cvar,crypto,min_cvar,2021-11-05,-0.006984741529713082
crypto_min_cvar,crypto,min_cvar,2021-11-06,0.0021026041323128123
crypto_min_cvar,crypto,min_cvar,2021-11-07,0.018435161405714034
crypto_min_cvar,crypto,min_cvar,2021-11-08,0.05034589441202126
crypto_min_cvar,crypto,min_cvar,2021-11-09,0.033631923012464565
crypto_min_cvar,crypto,min_cvar,2021-11-10,-0.05202131538467035
crypto_min_cvar,crypto,min_cvar,2021-11-11,0.009694441855313159
crypto_min_cvar,crypto,min_cvar,2021-11-12,-0.017367093709815668
crypto_min_cvar,crypto,min_cvar,2021-11-13,0.01041447700310367
crypto_min_cvar,crypto,min_cvar,2021-11-14,0.00804929660576235
crypto_min_cvar,crypto,min_cvar,2021-11-15,-0.0007310864599754424
crypto_min_cvar,crypto,min_cvar,2021-11-16,-0.07964298583044707
crypto_min_cvar,crypto,min_cvar,2021-11-17,0.00859917413597903
crypto_min_cvar,crypto,min_cvar,2021-11-18,-0.06503310535379976
crypto_min_cvar,crypto,min_cvar,2021-11-19,0.048504003298498126
crypto_min_cvar,crypto,min_cvar,2021-11-20,0.016922674848377655
crypto_min_cvar,crypto,min_cvar,2021-11-21,-0.017000943818745166
crypto_min_cvar,crypto,min_cvar,2021-11-22,-0.038694185437182775
crypto_min_cvar,crypto,min_cvar,2021-11-23,0.019046224150552467
crypto_min_cvar,crypto,min_cvar,2021-11-24,-0.02489385475552823
crypto_min_cvar,crypto,min_cvar,2021-11-25,-0.004089449778972787
crypto_min_cvar,crypto,min_cvar,2021-11-26,-0.056185411234225525
crypto_min_cvar,crypto,min_cvar,2021-11-27,0.013407286545295844
crypto_min_cvar,crypto,min_cvar,2021-11-28,0.027815727123157614
crypto_min_cvar,crypto,min_cvar,2021-11-29,0.017094550253671792
crypto_min_cvar,crypto,min_cvar,2021-11-30,0.0046149788951311615
crypto_min_cvar,crypto,min_cvar,2021-12-01,-0.005639814175567348
crypto_min_cvar,crypto,min_cvar,2021-12-02,0.020588534057303123
crypto_min_cvar,crypto,min_cvar,2021-12-03,-0.057198748258082126
crypto_min_cvar,crypto,min_cvar,2021-12-04,-0.07726502908419941
crypto_min_cvar,crypto,min_cvar,2021-12-05,-0.012722593348823589
crypto_min_cvar,crypto,min_cvar,2021-12-06,0.03570442702499948
crypto_min_cvar,crypto,min_cvar,2021-12-07,-0.005380326517805983
crypto_min_cvar,crypto,min_cvar,2021-12-08,0.023393124111633662
crypto_min_cvar,crypto,min_cvar,2021-12-09,-0.06837079685268352
crypto_min_cvar,crypto,min_cvar,2021-12-10,-0.03430275348625259
crypto_min_cvar,crypto,min_cvar,2021-12-11,0.05870224927126335
crypto_min_cvar,crypto,min_cvar,2021-12-12,0.004003166896859284
crypto_min_cvar,crypto,min_cvar,2021-12-13,-0.07904404003649201
crypto_min_cvar,crypto,min_cvar,2021-12-14,0.0028927586575275555
crypto_min_cvar,crypto,min_cvar,2021-12-15,0.05243371886359916
crypto_min_cvar,crypto,min_cvar,2021-12-16,-0.03383472864421949
crypto_min_cvar,crypto,min_cvar,2021-12-17,-0.029630371908395924
crypto_min_cvar,crypto,min_cvar,2021-12-18,0.013734979418042359
crypto_min_cvar,crypto,min_cvar,2021-12-19,-0.005948861991513317
crypto_min_cvar,crypto,min_cvar,2021-12-20,-0.0028415999419459737
crypto_min_cvar,crypto,min_cvar,2021-12-21,0.030505671463777376
crypto_min_cvar,crypto,min_cvar,2021-12-22,0.00488398358473836
crypto_min_cvar,crypto,min_cvar,2021-12-23,0.059886507330992975
crypto_min_cvar,crypto,min_cvar,2021-12-24,-0.02323983665442807
crypto_min_cvar,crypto,min_cvar,2021-12-25,0.01742766897678366
crypto_min_cvar,crypto,min_cvar,2021-12-26,0.0017929233959230538
crypto_min_cvar,crypto,min_cvar,2021-12-27,0.008182182967007762
crypto_min_cvar,crypto,min_cvar,2021-12-28,-0.06369261430447476
crypto_min_cvar,crypto,min_cvar,2021-12-29,-0.032329258607534314
crypto_min_cvar,crypto,min_cvar,2021-12-30,0.0179787612541725
crypto_min_cvar,crypto,min_cvar,2021-12-31,-0.020828078909760617
crypto_min_cvar,crypto,min_cvar,2022-01-01,0.030661480264309527
crypto_min_cvar,crypto,min_cvar,2022-01-02,0.013243475260767855
crypto_min_cvar,crypto,min_cvar,2022-01-03,-0.021012425171379013
crypto_min_cvar,crypto,min_cvar,2022-01-04,-0.010616134639464819
crypto_min_cvar,crypto,min_cvar,2022-01-05,-0.05680693955340585
crypto_min_cvar,crypto,min_cvar,2022-01-06,-0.0024027936052163808
crypto_min_cvar,crypto,min_cvar,2022-01-07,-0.04613808533713241
crypto_min_cvar,crypto,min_cvar,2022-01-08,-0.017477847574554714
crypto_min_cvar,crypto,min_cvar,2022-01-09,0.00804359204567795
crypto_min_cvar,crypto,min_cvar,2022-01-10,-0.026282133865940843
crypto_min_cvar,crypto,min_cvar,2022-01-11,0.03833629080378465
crypto_min_cvar,crypto,min_cvar,2022-01-12,0.05669309733774865
crypto_min_cvar,crypto,min_cvar,2022-01-13,-0.03912813148785119
crypto_min_cvar,crypto,min_cvar,2022-01-14,0.01998018293919935
crypto_min_cvar,crypto,min_cvar,2022-01-15,0.002807537368855124
crypto_min_cvar,crypto,min_cvar,2022-01-16,0.018557019035308122
crypto_min_cvar,crypto,min_cvar,2022-01-17,0.01361700206653147
crypto_min_cvar,crypto,min_cvar,2022-01-18,-0.024231401291159308
crypto_min_cvar,crypto,min_cvar,2022-01-19,-0.033897440316945526
crypto_min_cvar,crypto,min_cvar,2022-01-20,-0.042526520959482554
crypto_min_cvar,crypto,min_cvar,2022-01-21,-0.11677191741726077
crypto_min_cvar,crypto,min_cvar,2022-01-22,-0.05439993600051999
crypto_min_cvar,crypto,min_cvar,2022-01-23,0.043415354509620765
crypto_min_cvar,crypto,min_cvar,2022-01-24,-0.027094442035284157
crypto_min_cvar,crypto,min_cvar,2022-01-25,-0.00038969518881418425
crypto_min_cvar,crypto,min_cvar,2022-01-26,0.0101456674484243
crypto_min_cvar,crypto,min_cvar,2022-01-27,-0.01296577553431098
crypto_min_cvar,crypto,min_cvar,2022-01-28,0.02289484628858564
crypto_min_cvar,crypto,min_cvar,2022-01-29,0.016022091858826536
crypto_min_cvar,crypto,min_cvar,2022-01-30,-0.015473968629778914
crypto_min_cvar,crypto,min_cvar,2022-01-31,0.019984725591221664
crypto_min_cvar,crypto,min_cvar,2022-02-01,0.023993196277216293
crypto_min_cvar,crypto,min_cvar,2022-02-02,-0.03854485979633031
crypto_min_cvar,crypto,min_cvar,2022-02-03,0.016238205378377883
crypto_min_cvar,crypto,min_cvar,2022-02-04,0.09131987000726866
crypto_min_cvar,crypto,min_cvar,2022-02-05,0.0029757671755664718
crypto_min_cvar,crypto,min_cvar,2022-02-06,0.01894571741002571
crypto_min_cvar,crypto,min_cvar,2022-02-07,0.05778641474211602
crypto_min_cvar,crypto,min_cvar,2022-02-08,0.0004980574935789621
crypto_min_cvar,crypto,min_cvar,2022-02-09,0.020251693241465314
crypto_min_cvar,crypto,min_cvar,2022-02-10,-0.02687034130252117
crypto_min_cvar,crypto,min_cvar,2022-02-11,-0.05499273214954535
crypto_min_cvar,crypto,min_cvar,2022-02-12,-0.0011980069534485351
crypto_min_cvar,crypto,min_cvar,2022-02-13,0.000228812495808713
crypto_min_cvar,crypto,min_cvar,2022-02-14,0.0008715429021407266
crypto_min_cvar,crypto,min_cvar,2022-02-15,0.056772439036452564
crypto_min_cvar,crypto,min_cvar,2022-02-16,-0.016344733478061698
crypto_min_cvar,crypto,min_cvar,2022-02-17,-0.07326554543894905
crypto_min_cvar,crypto,min_cvar,2022-02-18,-0.009613170708228463
crypto_min_cvar,crypto,min_cvar,2022-02-19,0.0047773956520073225
crypto_min_cvar,crypto,min_cvar,2022-02-20,-0.045363172006095916
crypto_min_cvar,crypto,min_cvar,2022-02-21,-0.05362978323663906
crypto_min_cvar,crypto,min_cvar,2022-02-22,0.038081504543056935
crypto_min_cvar,crypto,min_cvar,2022-02-23,-0.022781956267297596
crypto_min_cvar,crypto,min_cvar,2022-02-24,0.0038772870318320393
crypto_min_cvar,crypto,min_cvar,2022-02-25,0.03743550535591705
crypto_min_cvar,crypto,min_cvar,2022-02-26,-0.0006039170527867566
crypto_min_cvar,crypto,min_cvar,2022-02-27,-0.039484575119135674
crypto_min_cvar,crypto,min_cvar,2022-02-28,0.10580876398344916
crypto_min_cvar,crypto,min_cvar,2022-03-01,0.011300163113867157
crypto_min_cvar,crypto,min_cvar,2022-03-02,-0.01492010011072089
crypto_min_cvar,crypto,min_cvar,2022-03-03,-0.027569986862480328
crypto_min_cvar,crypto,min_cvar,2022-03-04,-0.06421807043232021
crypto_min_cvar,crypto,min_cvar,2022-03-05,0.024895608089829768
crypto_min_cvar,crypto,min_cvar,2022-03-06,-0.03588785256934381
crypto_min_cvar,crypto,min_cvar,2022-03-07,-0.01541983874940406
crypto_min_cvar,crypto,min_cvar,2022-03-08,0.01933653031810281
crypto_min_cvar,crypto,min_cvar,2022-03-09,0.052702593343419576
crypto_min_cvar,crypto,min_cvar,2022-03-10,-0.04320598157648992
crypto_min_cvar,crypto,min_cvar,2022-03-11,-0.0011905133060258668
crypto_min_cvar,crypto,min_cvar,2022-03-12,-0.0028927692045497173
crypto_min_cvar,crypto,min_cvar,2022-03-13,-0.017621279304897354
crypto_min_cvar,crypto,min_cvar,2022-03-14,0.02496670069116974
crypto_min_cvar,crypto,min_cvar,2022-03-15,-0.0003015817147114946
crypto_min_cvar,crypto,min_cvar,2022-03-16,0.040500646002621266
crypto_min_cvar,crypto,min_cvar,2022-03-17,6.642312817741121e-05
crypto_min_cvar,crypto,min_cvar,2022-03-18,0.02432734400021626
crypto_min_cvar,crypto,min_cvar,2022-03-19,0.034487011270265294
crypto_min_cvar,crypto,min_cvar,2022-03-20,-0.005750722509997059
crypto_min_cvar,crypto,min_cvar,2022-03-21,0.016252400072547434
crypto_min_cvar,crypto,min_cvar,2022-03-22,0.052268421262624674
crypto_min_cvar,crypto,min_cvar,2022-03-23,0.03220063899158539
crypto_min_cvar,crypto,min_cvar,2022-03-24,0.026543353819226654
crypto_min_cvar,crypto,min_cvar,2022-03-25,-0.01050686210207073
crypto_min_cvar,crypto,min_cvar,2022-03-26,0.015823354994659016
crypto_min_cvar,crypto,min_cvar,2022-03-27,0.038383078960911435
crypto_min_cvar,crypto,min_cvar,2022-03-28,-0.0001540451355009127
crypto_min_cvar,crypto,min_cvar,2022-03-29,0.01433571560319112
crypto_min_cvar,crypto,min_cvar,2022-03-30,0.008848778068659548
crypto_min_cvar,crypto,min_cvar,2022-03-31,-0.0284930829611066
crypto_min_cvar,crypto,min_cvar,2022-04-01,0.02141129042558665
crypto_min_cvar,crypto,min_cvar,2022-04-02,-0.011494677375830663
crypto_min_cvar,crypto,min_cvar,2022-04-03,0.0167841263780625
crypto_min_cvar,crypto,min_cvar,2022-04-04,-0.0025805397749911773
crypto_min_cvar,crypto,min_cvar,2022-04-05,-0.027818043304524896
crypto_min_cvar,crypto,min_cvar,2022-04-06,-0.08214616467822021
crypto_min_cvar,crypto,min_cvar,2022-04-07,0.030547086280960412
crypto_min_cvar,crypto,min_cvar,2022-04-08,-0.03688839755783846
crypto_min_cvar,crypto,min_cvar,2022-04-09,0.019477577437597732
crypto_min_cvar,crypto,min_cvar,2022-04-10,-0.01698183818658304
crypto_min_cvar,crypto,min_cvar,2022-04-11,-0.07886052627724464
crypto_min_cvar,crypto,min_cvar,2022-04-12,0.02557744100333125
crypto_min_cvar,crypto,min_cvar,2022-04-13,0.024135542245524836
crypto_min_cvar,crypto,min_cvar,2022-04-14,-0.028609672039143337
crypto_min_cvar,crypto,min_cvar,2022-04-15,0.02365163139563979
crypto_min_cvar,crypto,min_cvar,2022-04-16,0.0021320863593783075
crypto_min_cvar,crypto,min_cvar,2022-04-17,-0.02859163431864411
crypto_min_cvar,crypto,min_cvar,2022-04-18,0.02160611925351777
crypto_min_cvar,crypto,min_cvar,2022-04-19,0.018611586655731243
crypto_min_cvar,crypto,min_cvar,2022-04-20,-0.014026579230860111
crypto_min_cvar,crypto,min_cvar,2022-04-21,0.004659703174215748
crypto_min_cvar,crypto,min_cvar,2022-04-22,-0.020840199816886583
crypto_min_cvar,crypto,min_cvar,2022-04-23,-0.008322704275763985
crypto_min_cvar,crypto,min_cvar,2022-04-24,-0.01141782149932767
crypto_min_cvar,crypto,min_cvar,2022-04-25,0.012559505098451598
crypto_min_cvar,crypto,min_cvar,2022-04-26,-0.06665440867345208
crypto_min_cvar,crypto,min_cvar,2022-04-27,0.02326161322985716
crypto_min_cvar,crypto,min_cvar,2022-04-28,0.007500491293977015
crypto_min_cvar,crypto,min_cvar,2022-04-29,-0.03410283855778886
crypto_min_cvar,crypto,min_cvar,2022-04-30,-0.036958790671193904
crypto_min_cvar,crypto,min_cvar,2022-05-01,0.0536585764185996
crypto_min_cvar,crypto,min_cvar,2022-05-02,-0.004845370925176955
crypto_min_cvar,crypto,min_cvar,2022-05-03,-0.0040298943282385605
crypto_min_cvar,crypto,min_cvar,2022-05-04,0.11005528518470778
crypto_min_cvar,crypto,min_cvar,2022-05-05,-0.09667596634468585
crypto_min_cvar,crypto,min_cvar,2022-05-06,0.02759007186277636
crypto_min_cvar,crypto,min_cvar,2022-05-07,-0.026865983884122233
crypto_min_cvar,crypto,min_cvar,2022-05-08,-0.013376387665665554
crypto_min_cvar,crypto,min_cvar,2022-05-09,-0.13989811427559123
crypto_min_cvar,crypto,min_cvar,2022-05-10,0.03927503444083144
crypto_min_cvar,crypto,min_cvar,2022-05-11,-0.1116020919577333
crypto_min_cvar,crypto,min_cvar,2022-05-12,-0.060154217563989816
crypto_min_cvar,crypto,min_cvar,2022-05-13,0.07040067839114314
crypto_min_cvar,crypto,min_cvar,2022-05-14,0.00847906441035132
crypto_min_cvar,crypto,min_cvar,2022-05-15,0.04164677662685837
crypto_min_cvar,crypto,min_cvar,2022-05-16,-0.05377741478202099
crypto_min_cvar,crypto,min_cvar,2022-05-17,0.0356717713439217
crypto_min_cvar,crypto,min_cvar,2022-05-18,-0.06656484437317481
crypto_min_cvar,crypto,min_cvar,2022-05-19,0.04592254501264458
crypto_min_cvar,crypto,min_cvar,2022-05-20,-0.029724729640493115
crypto_min_cvar,crypto,min_cvar,2022-05-21,0.018703945807060893
crypto_min_cvar,crypto,min_cvar,2022-05-22,0.03615773925554478
crypto_min_cvar,crypto,min_cvar,2022-05-23,-0.03621223520083155
crypto_min_cvar,crypto,min_cvar,2022-05-24,0.027601845488685148
crypto_min_cvar,crypto,min_cvar,2022-05-25,0.007867694932728923
crypto_min_cvar,crypto,min_cvar,2022-05-26,-0.03910098375050889
crypto_min_cvar,crypto,min_cvar,2022-05-27,-0.03051542389203504
crypto_min_cvar,crypto,min_cvar,2022-05-28,0.012167226052803182
crypto_min_cvar,crypto,min_cvar,2022-05-29,0.014176174597686527
crypto_min_cvar,crypto,min_cvar,2022-05-30,0.08397847569131453
crypto_min_cvar,crypto,min_cvar,2022-05-31,0.017009152762603848
crypto_min_cvar,crypto,min_cvar,2022-06-01,-0.06524585331391325
crypto_min_cvar,crypto,min_cvar,2022-06-02,0.021543551632649646
crypto_min_cvar,crypto,min_cvar,2022-06-03,-0.03087124623973901
crypto_min_cvar,crypto,min_cvar,2022-06-04,0.008087756919993368
crypto_min_cvar,crypto,min_cvar,2022-06-05,-0.0051134064770787125
crypto_min_cvar,crypto,min_cvar,2022-06-06,0.034098246973599165
crypto_min_cvar,crypto,min_cvar,2022-06-07,-0.008967813221403723
crypto_min_cvar,crypto,min_cvar,2022-06-08,-0.010938534744064613
crypto_min_cvar,crypto,min_cvar,2022-06-09,-0.004042959399667081
crypto_min_cvar,crypto,min_cvar,2022-06-10,-0.051267898316255264
crypto_min_cvar,crypto,min_cvar,2022-06-11,-0.049707890419650846
crypto_min_cvar,crypto,min_cvar,2022-06-12,-0.05047169765855324
crypto_min_cvar,crypto,min_cvar,2022-06-13,-0.14219468521610007
crypto_min_cvar,crypto,min_cvar,2022-06-14,-0.01924169981810796
crypto_min_cvar,crypto,min_cvar,2022-06-15,0.054867811620999435
crypto_min_cvar,crypto,min_cvar,2022-06-16,-0.10632298817003186
crypto_min_cvar,crypto,min_cvar,2022-06-17,0.031049735116072574
crypto_min_cvar,crypto,min_cvar,2022-06-18,-0.044913969614417924
crypto_min_cvar,crypto,min_cvar,2022-06-19,0.0597508744315502
crypto_min_cvar,crypto,min_cvar,2022-06-20,-0.0004304924591550291
crypto_min_cvar,crypto,min_cvar,2022-06-21,0.009466748439929874
crypto_min_cvar,crypto,min_cvar,2022-06-22,-0.04017757795587904
crypto_min_cvar,crypto,min_cvar,2022-06-23,0.04268604964847842
crypto_min_cvar,crypto,min_cvar,2022-06-24,0.031100563267979546
crypto_min_cvar,crypto,min_cvar,2022-06-25,0.002033738914218772
crypto_min_cvar,crypto,min_cvar,2022-06-26,-0.02016290969494797
crypto_min_cvar,crypto,min_cvar,2022-06-27,-0.0006201059475677919
crypto_min_cvar,crypto,min_cvar,2022-06-28,-0.035178391206899064
crypto_min_cvar,crypto,min_cvar,2022-06-29,-0.015292952589656801
crypto_min_cvar,crypto,min_cvar,2022-06-30,-0.012371782323558365
crypto_min_cvar,crypto,min_cvar,2022-07-01,-0.021413287475653776
crypto_min_cvar,crypto,min_cvar,2022-07-02,0.0020916672988334716
crypto_min_cvar,crypto,min_cvar,2022-07-03,0.010611208792442012
crypto_min_cvar,crypto,min_cvar,2022-07-04,0.03634316170995951
crypto_min_cvar,crypto,min_cvar,2022-07-05,-0.007824566878481237
crypto_min_cvar,crypto,min_cvar,2022-07-06,0.01756819760263754
crypto_min_cvar,crypto,min_cvar,2022-07-07,0.03609561821225889
crypto_min_cvar,crypto,min_cvar,2022-07-08,-0.003145360420115135
crypto_min_cvar,crypto,min_cvar,2022-07-09,0.003031405883791586
crypto_min_cvar,crypto,min_cvar,2022-07-10,-0.0405119336412831
crypto_min_cvar,crypto,min_cvar,2022-07-11,-0.04793905187534625
crypto_min_cvar,crypto,min_cvar,2022-07-12,-0.023601622942048844
crypto_min_cvar,crypto,min_cvar,2022-07-13,0.045974193912150026
crypto_min_cvar,crypto,min_cvar,2022-07-14,0.02813473643179757
crypto_min_cvar,crypto,min_cvar,2022-07-15,0.01229456389249053
crypto_min_cvar,crypto,min_cvar,2022-07-16,0.04408486510113477
crypto_min_cvar,crypto,min_cvar,2022-07-17,-0.019012279185632638
crypto_min_cvar,crypto,min_cvar,2022-07-18,0.09100863192044042
crypto_min_cvar,crypto,min_cvar,2022-07-19,0.013133094813072597
crypto_min_cvar,crypto,min_cvar,2022-07-20,-0.025263569030487366
crypto_min_cvar,crypto,min_cvar,2022-07-21,0.016000863512180816
crypto_min_cvar,crypto,min_cvar,2022-07-22,-0.020831179474665652
crypto_min_cvar,crypto,min_cvar,2022-07-23,0.004142422625631496
crypto_min_cvar,crypto,min_cvar,2022-07-24,0.010600009105153298
crypto_min_cvar,crypto,min_cvar,2022-07-25,-0.06747923974015076
crypto_min_cvar,crypto,min_cvar,2022-07-26,0.0007396049004347616
crypto_min_cvar,crypto,min_cvar,2022-07-27,0.0842489701774222
crypto_min_cvar,crypto,min_cvar,2022-07-28,0.036747236766714056
crypto_min_cvar,crypto,min_cvar,2022-07-29,-0.0012105690956530266
crypto_min_cvar,crypto,min_cvar,2022-07-30,0.004801107471628733
crypto_min_cvar,crypto,min_cvar,2022-07-31,-0.011529937136666663
crypto_min_cvar,crypto,min_cvar,2022-08-01,-0.002601368144148333
crypto_min_cvar,crypto,min_cvar,2022-08-02,-0.0180187056674751
crypto_min_cvar,crypto,min_cvar,2022-08-03,-0.0061711994677713135
crypto_min_cvar,crypto,min_cvar,2022-08-04,0.0004485544568478822
crypto_min_cvar,crypto,min_cvar,2022-08-05,0.03383024713866314
crypto_min_cvar,crypto,min_cvar,2022-08-06,-0.008331696729853746
crypto_min_cvar,crypto,min_cvar,2022-08-07,0.008100227475650243
crypto_min_cvar,crypto,min_cvar,2022-08-08,0.027273107386453423
crypto_min_cvar,crypto,min_cvar,2022-08-09,-0.035020515196743665
crypto_min_cvar,crypto,min_cvar,2022-08-10,0.04365647310920879
crypto_min_cvar,crypto,min_cvar,2022-08-11,0.0020651405345056507
crypto_min_cvar,crypto,min_cvar,2022-08-12,0.014625607247495736
crypto_min_cvar,crypto,min_cvar,2022-08-13,0.0032091345955384053
crypto_min_cvar,crypto,min_cvar,2022-08-14,-0.004976698700673551
crypto_min_cvar,crypto,min_cvar,2022-08-15,-0.01416246949539954
crypto_min_cvar,crypto,min_cvar,2022-08-16,-0.002905661998700269
crypto_min_cvar,crypto,min_cvar,2022-08-17,-0.016274029483050914
crypto_min_cvar,crypto,min_cvar,2022-08-18,-0.014862241284756154
crypto_min_cvar,crypto,min_cvar,2022-08-19,-0.09289964346885614
crypto_min_cvar,crypto,min_cvar,2022-08-20,0.006263739709356464
crypto_min_cvar,crypto,min_cvar,2022-08-21,0.017985347542978522
crypto_min_cvar,crypto,min_cvar,2022-08-22,-0.004567072909805145
crypto_min_cvar,crypto,min_cvar,2022-08-23,0.011851802119141993
crypto_min_cvar,crypto,min_cvar,2022-08-24,-0.009408831601056617
crypto_min_cvar,crypto,min_cvar,2022-08-25,0.01290308362462877
crypto_min_cvar,crypto,min_cvar,2022-08-26,-0.0664571846965617
crypto_min_cvar,crypto,min_cvar,2022-08-27,0.0030836172095718055
crypto_min_cvar,crypto,min_cvar,2022-08-28,-0.030627577309051433
crypto_min_cvar,crypto,min_cvar,2022-08-29,0.04387306604162812
crypto_min_cvar,crypto,min_cvar,2022-08-30,-0.012405235551278638
crypto_min_cvar,crypto,min_cvar,2022-08-31,0.0042763367264205925
crypto_min_cvar,crypto,min_cvar,2022-09-01,0.009112679330992914
crypto_min_cvar,crypto,min_cvar,2022-09-02,-0.006993357218638533
crypto_min_cvar,crypto,min_cvar,2022-09-03,-0.0015340744745518374
crypto_min_cvar,crypto,min_cvar,2022-09-04,0.008737830009119582
crypto_min_cvar,crypto,min_cvar,2022-09-05,-0.0003112861236680282
crypto_min_cvar,crypto,min_cvar,2022-09-06,-0.039703779041518054
crypto_min_cvar,crypto,min_cvar,2022-09-07,0.03269106501871519
crypto_min_cvar,crypto,min_cvar,2022-09-08,0.00362309657717872
crypto_min_cvar,crypto,min_cvar,2022-09-09,0.06762163567526283
crypto_min_cvar,crypto,min_cvar,2022-09-10,0.014405782502206416
crypto_min_cvar,crypto,min_cvar,2022-09-11,-0.005030097466576263
crypto_min_cvar,crypto,min_cvar,2022-09-12,0.0006140972977743656
crypto_min_cvar,crypto,min_cvar,2022-09-13,-0.07320679553527853
crypto_min_cvar,crypto,min_cvar,2022-09-14,0.013498266093332864
crypto_min_cvar,crypto,min_cvar,2022-09-15,-0.04227585239408806
crypto_min_cvar,crypto,min_cvar,2022-09-16,0.02465344299459574
crypto_min_cvar,crypto,min_cvar,2022-09-17,0.03618228787227294
crypto_min_cvar,crypto,min_cvar,2022-09-18,-0.05049356573992073
crypto_min_cvar,crypto,min_cvar,2022-09-19,0.03189186883101003
crypto_min_cvar,crypto,min_cvar,2022-09-20,0.012494177951854767
crypto_min_cvar,crypto,min_cvar,2022-09-21,-0.036991670012231095
crypto_min_cvar,crypto,min_cvar,2022-09-22,0.09976331338805673
crypto_min_cvar,crypto,min_cvar,2022-09-23,0.01205808562709161
crypto_min_cvar,crypto,min_cvar,2022-09-24,-0.024901297037994152
crypto_min_cvar,crypto,min_cvar,2022-09-25,-0.003749999600748586
crypto_min_cvar,crypto,min_cvar,2022-09-26,-0.01266045846420784
crypto_min_cvar,crypto,min_cvar,2022-09-27,-0.019040507435760384
crypto_min_cvar,crypto,min_cvar,2022-09-28,0.001958465685711075
crypto_min_cvar,crypto,min_cvar,2022-09-29,0.038935139255900024
crypto_min_cvar,crypto,min_cvar,2022-09-30,-0.00707366534145934
crypto_min_cvar,crypto,min_cvar,2022-10-01,0.004693364969383843
crypto_min_cvar,crypto,min_cvar,2022-10-02,-0.02248993679183225
crypto_min_cvar,crypto,min_cvar,2022-10-03,0.0181169135022419
crypto_min_cvar,crypto,min_cvar,2022-10-04,0.02725209387576522
crypto_min_cvar,crypto,min_cvar,2022-10-05,0.0007353333172047372
crypto_min_cvar,crypto,min_cvar,2022-10-06,0.001170603519578085
crypto_min_cvar,crypto,min_cvar,2022-10-07,0.007268481196197941
crypto_min_cvar,crypto,min_cvar,2022-10-08,0.0010433303726108268
crypto_min_cvar,crypto,min_cvar,2022-10-09,0.013614627594893553
crypto_min_cvar,crypto,min_cvar,2022-10-10,-0.029235513893469317
crypto_min_cvar,crypto,min_cvar,2022-10-11,-0.024641971273266592
crypto_min_cvar,crypto,min_cvar,2022-10-12,0.00584761306748151
crypto_min_cvar,crypto,min_cvar,2022-10-13,-0.011817423448701396
crypto_min_cvar,crypto,min_cvar,2022-10-14,0.01310024849148416
crypto_min_cvar,crypto,min_cvar,2022-10-15,-0.015601080448575035
crypto_min_cvar,crypto,min_cvar,2022-10-16,0.007807771061832831
crypto_min_cvar,crypto,min_cvar,2022-10-17,0.012141310486643497
crypto_min_cvar,crypto,min_cvar,2022-10-18,-0.015956024794035108
crypto_min_cvar,crypto,min_cvar,2022-10-19,-0.01623610972684315
crypto_min_cvar,crypto,min_cvar,2022-10-20,-0.00238741173806051
crypto_min_cvar,crypto,min_cvar,2022-10-21,0.009080801381756843
crypto_min_cvar,crypto,min_cvar,2022-10-22,0.0049471028541388795
crypto_min_cvar,crypto,min_cvar,2022-10-23,0.014794989452103245
crypto_min_cvar,crypto,min_cvar,2022-10-24,-0.01593241342173999
crypto_min_cvar,crypto,min_cvar,2022-10-25,0.035444781577567155
crypto_min_cvar,crypto,min_cvar,2022-10-26,0.031493776353765504
crypto_min_cvar,crypto,min_cvar,2022-10-27,-0.02029335009819465
crypto_min_cvar,crypto,min_cvar,2022-10-28,0.018011135272120733
crypto_min_cvar,crypto,min_cvar,2022-10-29,0.013349311436495388
crypto_min_cvar,crypto,min_cvar,2022-10-30,-0.017531612820262235
crypto_min_cvar,crypto,min_cvar,2022-10-31,-0.0001364538587298532
crypto_min_cvar,crypto,min_cvar,2022-11-01,-0.00402000510363707
crypto_min_cvar,crypto,min_cvar,2022-11-02,-0.024858939405114022
crypto_min_cvar,crypto,min_cvar,2022-11-03,0.006688328170549543
crypto_min_cvar,crypto,min_cvar,2022-11-04,0.0648058771655372
crypto_min_cvar,crypto,min_cvar,2022-11-05,-0.009395603035959956
crypto_min_cvar,crypto,min_cvar,2022-11-06,-0.02997005199053557
crypto_min_cvar,crypto,min_cvar,2022-11-07,-0.00604882014476472
crypto_min_cvar,crypto,min_cvar,2022-11-08,-0.10682273012319675
crypto_min_cvar,crypto,min_cvar,2022-11-09,-0.149112899292184
crypto_min_cvar,crypto,min_cvar,2022-11-10,0.14280517572160573
crypto_min_cvar,crypto,min_cvar,2022-11-11,-0.02467808902632153
crypto_min_cvar,crypto,min_cvar,2022-11-12,-0.030760276655162108
crypto_min_cvar,crypto,min_cvar,2022-11-13,-0.04415649970426105
crypto_min_cvar,crypto,min_cvar,2022-11-14,0.02969327392518467
crypto_min_cvar,crypto,min_cvar,2022-11-15,0.01641442835537774
crypto_min_cvar,crypto,min_cvar,2022-11-16,-0.02199853623331758
crypto_min_cvar,crypto,min_cvar,2022-11-17,0.0017822792785513622
crypto_min_cvar,crypto,min_cvar,2022-11-18,0.0023109925449909525
crypto_min_cvar,crypto,min_cvar,2022-11-19,0.010304642123013352
crypto_min_cvar,crypto,min_cvar,2022-11-20,-0.04584713453923501
crypto_min_cvar,crypto,min_cvar,2022-11-21,-0.010015084202771576
crypto_min_cvar,crypto,min_cvar,2022-11-22,0.018957692252038937
crypto_min_cvar,crypto,min_cvar,2022-11-23,0.024256833824052068
crypto_min_cvar,crypto,min_cvar,2022-11-24,0.021923827924854276
crypto_min_cvar,crypto,min_cvar,2022-11-25,0.0003710809597714496
crypto_min_cvar,crypto,min_cvar,2022-11-26,-0.008956699439850557
crypto_min_cvar,crypto,min_cvar,2022-11-27,0.004305694754645804
crypto_min_cvar,crypto,min_cvar,2022-11-28,-0.01708353350994253
crypto_min_cvar,crypto,min_cvar,2022-11-29,0.018704937068596703
crypto_min_cvar,crypto,min_cvar,2022-11-30,0.03400408041823156
crypto_min_cvar,crypto,min_cvar,2022-12-01,-0.017996577985328416
crypto_min_cvar,crypto,min_cvar,2022-12-02,0.006372193693847571
crypto_min_cvar,crypto,min_cvar,2022-12-03,-0.020565070339586478
crypto_min_cvar,crypto,min_cvar,2022-12-04,0.01135129360105402
crypto_min_cvar,crypto,min_cvar,2022-12-05,-0.007434427456414534
crypto_min_cvar,crypto,min_cvar,2022-12-06,0.004050077124371032
crypto_min_cvar,crypto,min_cvar,2022-12-07,-0.01949755486871673
crypto_min_cvar,crypto,min_cvar,2022-12-08,0.026237596117360016
crypto_min_cvar,crypto,min_cvar,2022-12-09,-0.006851975203952292
crypto_min_cvar,crypto,min_cvar,2022-12-10,-0.0002703965830259411
crypto_min_cvar,crypto,min_cvar,2022-12-11,-0.009398055631381559
crypto_min_cvar,crypto,min_cvar,2022-12-12,0.004889230249468827
crypto_min_cvar,crypto,min_cvar,2022-12-13,0.020841759380942054
crypto_min_cvar,crypto,min_cvar,2022-12-14,-0.0033196129992289565
crypto_min_cvar,crypto,min_cvar,2022-12-15,-0.018277530894058314
crypto_min_cvar,crypto,min_cvar,2022-12-16,-0.0651154804886748
crypto_min_cvar,crypto,min_cvar,2022-12-17,0.017495605335098106
crypto_min_cvar,crypto,min_cvar,2022-12-18,-0.0057707113766889695
crypto_min_cvar,crypto,min_cvar,2022-12-19,-0.02162150528539977
crypto_min_cvar,crypto,min_cvar,2022-12-20,0.0322932198723449
crypto_min_cvar,crypto,min_cvar,2022-12-21,-0.006393980803906077
crypto_min_cvar,crypto,min_cvar,2022-12-22,0.007210383369539082
crypto_min_cvar,crypto,min_cvar,2022-12-23,-0.003626031778689215
crypto_min_cvar,crypto,min_cvar,2022-12-24,-0.0006623575747130577
crypto_min_cvar,crypto,min_cvar,2022-12-25,-0.004500817542307994
crypto_min_cvar,crypto,min_cvar,2022-12-26,0.014912160896500002
crypto_min_cvar,crypto,min_cvar,2022-12-27,-0.007922157314852714
crypto_min_cvar,crypto,min_cvar,2022-12-28,-0.017671081951306913
crypto_min_cvar,crypto,min_cvar,2022-12-29,-0.004300546223159334
crypto_min_cvar,crypto,min_cvar,2022-12-30,0.002523641791401858
crypto_min_cvar,crypto,min_cvar,2022-12-31,-0.006271273178942797
crypto_min_cvar,crypto,min_cvar,2023-01-01,0.007255424611414365
crypto_min_cvar,crypto,min_cvar,2023-01-02,0.020372864928783267
crypto_min_cvar,crypto,min_cvar,2023-01-03,-0.002574308495168358
crypto_min_cvar,crypto,min_cvar,2023-01-04,0.005819222826438645
crypto_min_cvar,crypto,min_cvar,2023-01-05,-0.015011539257202514
crypto_min_cvar,crypto,min_cvar,2023-01-06,0.011424738107866447
crypto_min_cvar,crypto,min_cvar,2023-01-07,0.00042498410948538993
crypto_min_cvar,crypto,min_cvar,2023-01-08,0.016437094649969543
crypto_min_cvar,crypto,min_cvar,2023-01-09,0.022291720587413563
crypto_min_cvar,crypto,min_cvar,2023-01-10,0.003430249815934771
crypto_min_cvar,crypto,min_cvar,2023-01-11,0.03715754674588158
crypto_min_cvar,crypto,min_cvar,2023-01-12,0.018175151028763173
crypto_min_cvar,crypto,min_cvar,2023-01-13,0.03521676932203287
crypto_min_cvar,crypto,min_cvar,2023-01-14,0.03426116886108698
crypto_min_cvar,crypto,min_cvar,2023-01-15,-0.003603688498690084
crypto_min_cvar,crypto,min_cvar,2023-01-16,0.0012851764784638522
crypto_min_cvar,crypto,min_cvar,2023-01-17,-0.0028401688574769593
crypto_min_cvar,crypto,min_cvar,2023-01-18,-0.0355444754813955
crypto_min_cvar,crypto,min_cvar,2023-01-19,0.02338225540166033
crypto_min_cvar,crypto,min_cvar,2023-01-20,0.059755124458467215
crypto_min_cvar,crypto,min_cvar,2023-01-21,-0.008259225790055152
crypto_min_cvar,crypto,min_cvar,2023-01-22,-0.0016148957285056526
crypto_min_cvar,crypto,min_cvar,2023-01-23,0.028688849991198556
crypto_min_cvar,crypto,min_cvar,2023-01-24,-0.033877084192715956
crypto_min_cvar,crypto,min_cvar,2023-01-25,0.024289185860082108
crypto_min_cvar,crypto,min_cvar,2023-01-26,-0.009054278772194993
crypto_min_cvar,crypto,min_cvar,2023-01-27,0.010298267244753499
crypto_min_cvar,crypto,min_cvar,2023-01-28,-0.0029584126801919667
crypto_min_cvar,crypto,min_cvar,2023-01-29,0.02712635605118259
crypto_min_cvar,crypto,min_cvar,2023-01-30,-0.04011723255531246
crypto_min_cvar,crypto,min_cvar,2023-01-31,0.01610439324501954
crypto_min_cvar,crypto,min_cvar,2023-02-01,0.026277115548839027
crypto_min_cvar,crypto,min_cvar,2023-02-02,-0.006089532520884365
crypto_min_cvar,crypto,min_cvar,2023-02-03,0.0073322960682938535
crypto_min_cvar,crypto,min_cvar,2023-02-04,-0.0036626842836625147
crypto_min_cvar,crypto,min_cvar,2023-02-05,-0.017140307958580528
crypto_min_cvar,crypto,min_cvar,2023-02-06,-0.013367929521026473
crypto_min_cvar,crypto,min_cvar,2023-02-07,0.03455266875847683
crypto_min_cvar,crypto,min_cvar,2023-02-08,-0.00755490912418202
crypto_min_cvar,crypto,min_cvar,2023-02-09,-0.05643106217101982
crypto_min_cvar,crypto,min_cvar,2023-02-10,0.002078876620642229
crypto_min_cvar,crypto,min_cvar,2023-02-11,0.00803619106419276
crypto_min_cvar,crypto,min_cvar,2023-02-12,-0.01183604801559154
crypto_min_cvar,crypto,min_cvar,2023-02-13,0.0021617731138190745
crypto_min_cvar,crypto,min_cvar,2023-02-14,0.023748677300732407
crypto_min_cvar,crypto,min_cvar,2023-02-15,0.06572706452690599
crypto_min_cvar,crypto,min_cvar,2023-02-16,-0.039248627908368125
crypto_min_cvar,crypto,min_cvar,2023-02-17,0.03736705946426985
crypto_min_cvar,crypto,min_cvar,2023-02-18,0.0015753236431653413
crypto_min_cvar,crypto,min_cvar,2023-02-19,-0.012388867332102909
crypto_min_cvar,crypto,min_cvar,2023-02-20,0.021741509989986862
crypto_min_cvar,crypto,min_cvar,2023-02-21,-0.017808164048906477
crypto_min_cvar,crypto,min_cvar,2023-02-22,-0.004042859019082024
crypto_min_cvar,crypto,min_cvar,2023-02-23,-0.008023598366840873
crypto_min_cvar,crypto,min_cvar,2023-02-24,-0.027051833679700335
crypto_min_cvar,crypto,min_cvar,2023-02-25,-0.000925471359274565
crypto_min_cvar,crypto,min_cvar,2023-02-26,0.015437419266677653
crypto_min_cvar,crypto,min_cvar,2023-02-27,-0.0032887689082011042
crypto_min_cvar,crypto,min_cvar,2023-02-28,-0.009904951821868312
crypto_min_cvar,crypto,min_cvar,2023-03-01,0.021260304693203703
crypto_min_cvar,crypto,min_cvar,2023-03-02,-0.01200400575727511
crypto_min_cvar,crypto,min_cvar,2023-03-03,-0.0307658439980939
crypto_min_cvar,crypto,min_cvar,2023-03-04,-0.01106050241638924
crypto_min_cvar,crypto,min_cvar,2023-03-05,-0.0017396037646708403
crypto_min_cvar,crypto,min_cvar,2023-03-06,-0.0016081283487595923
crypto_min_cvar,crypto,min_cvar,2023-03-07,-0.003930135626248953
crypto_min_cvar,crypto,min_cvar,2023-03-08,-0.013001692757015655
crypto_min_cvar,crypto,min_cvar,2023-03-09,-0.06772953364108095
crypto_min_cvar,crypto,min_cvar,2023-03-10,-0.015248453450921913
crypto_min_cvar,crypto,min_cvar,2023-03-11,0.0065281864449428404
crypto_min_cvar,crypto,min_cvar,2023-03-12,0.06275756573498771
crypto_min_cvar,crypto,min_cvar,2023-03-13,0.04363484100015087
crypto_min_cvar,crypto,min_cvar,2023-03-14,0.019268407369833544
crypto_min_cvar,crypto,min_cvar,2023-03-15,-0.04344525426318712
crypto_min_cvar,crypto,min_cvar,2023-03-16,0.017333733540686548
crypto_min_cvar,crypto,min_cvar,2023-03-17,0.058708890008791675
crypto_min_cvar,crypto,min_cvar,2023-03-18,-0.023283971087645853
crypto_min_cvar,crypto,min_cvar,2023-03-19,0.027828439768490955
crypto_min_cvar,crypto,min_cvar,2023-03-20,-0.029834667766330637
crypto_min_cvar,crypto,min_cvar,2023-03-21,0.09280037018987189
crypto_min_cvar,crypto,min_cvar,2023-03-22,-0.05237379441036162
crypto_min_cvar,crypto,min_cvar,2023-03-23,0.05218516499458285
crypto_min_cvar,crypto,min_cvar,2023-03-24,-0.028636158013663433
crypto_min_cvar,crypto,min_cvar,2023-03-25,0.010053877272409402
crypto_min_cvar,crypto,min_cvar,2023-03-26,0.013965618781456475
crypto_min_cvar,crypto,min_cvar,2023-03-27,-0.0003284165025517552
crypto_min_cvar,crypto,min_cvar,2023-03-28,0.030722129153835022
crypto_min_cvar,crypto,min_cvar,2023-03-29,0.035254198028311104
crypto_min_cvar,crypto,min_cvar,2023-03-30,-0.0009400599590356426
crypto_min_cvar,crypto,min_cvar,2023-03-31,0.020126419553919056
crypto_min_cvar,crypto,min_cvar,2023-04-01,-0.006158944967317527
crypto_min_cvar,crypto,min_cvar,2023-04-02,-0.0063331474456985075
crypto_min_cvar,crypto,min_cvar,2023-04-03,-0.009453768256115751
crypto_min_cvar,crypto,min_cvar,2023-04-04,0.003127698982684938
crypto_min_cvar,crypto,min_cvar,2023-04-05,0.004207059717938309
crypto_min_cvar,crypto,min_cvar,2023-04-06,-0.008647924983158643
crypto_min_cvar,crypto,min_cvar,2023-04-07,0.003743216238385908
crypto_min_cvar,crypto,min_cvar,2023-04-08,-0.00798969496401454
crypto_min_cvar,crypto,min_cvar,2023-04-09,0.00673042093996134
crypto_min_cvar,crypto,min_cvar,2023-04-10,0.02515852432850669
crypto_min_cvar,crypto,min_cvar,2023-04-11,0.0011541039110724279
crypto_min_cvar,crypto,min_cvar,2023-04-12,-0.014239171457287703
crypto_min_cvar,crypto,min_cvar,2023-04-13,0.010925983935106295
crypto_min_cvar,crypto,min_cvar,2023-04-14,0.015222841361675225
crypto_min_cvar,crypto,min_cvar,2023-04-15,-0.0031177230872581037
crypto_min_cvar,crypto,min_cvar,2023-04-16,0.01096086420413269
crypto_min_cvar,crypto,min_cvar,2023-04-17,-0.021319288687297603
crypto_min_cvar,crypto,min_cvar,2023-04-18,0.027218813578785757
crypto_min_cvar,crypto,min_cvar,2023-04-19,-0.06647166632673093
crypto_min_cvar,crypto,min_cvar,2023-04-20,-0.016103603253393658
crypto_min_cvar,crypto,min_cvar,2023-04-21,-0.034825351004889274
crypto_min_cvar,crypto,min_cvar,2023-04-22,0.026104580826268993
crypto_min_cvar,crypto,min_cvar,2023-04-23,-0.005187425458337932
crypto_min_cvar,crypto,min_cvar,2023-04-24,-0.002224378423709726
crypto_min_cvar,crypto,min_cvar,2023-04-25,0.01771109313976647
crypto_min_cvar,crypto,min_cvar,2023-04-26,-0.013741092435892291
crypto_min_cvar,crypto,min_cvar,2023-04-27,0.016791708882966612
crypto_min_cvar,crypto,min_cvar,2023-04-28,0.008018765170431047
crypto_min_cvar,crypto,min_cvar,2023-04-29,0.007838072605031806
crypto_min_cvar,crypto,min_cvar,2023-04-30,-0.012310669613256203
crypto_min_cvar,crypto,min_cvar,2023-05-01,-0.016010658966069412
crypto_min_cvar,crypto,min_cvar,2023-05-02,0.01185164618451575
crypto_min_cvar,crypto,min_cvar,2023-05-03,0.0030487858762914756
crypto_min_cvar,crypto,min_cvar,2023-05-04,-0.0024123507068251953
crypto_min_cvar,crypto,min_cvar,2023-05-05,0.014675892049253108
crypto_min_cvar,crypto,min_cvar,2023-05-06,-0.025093767509180426
crypto_min_cvar,crypto,min_cvar,2023-05-07,-0.01132701961972238
crypto_min_cvar,crypto,min_cvar,2023-05-08,-0.03610175467900181
crypto_min_cvar,crypto,min_cvar,2023-05-09,0.006481967424419515
crypto_min_cvar,crypto,min_cvar,2023-05-10,0.003724313401306389
crypto_min_cvar,crypto,min_cvar,2023-05-11,-0.013048526150630336
crypto_min_cvar,crypto,min_cvar,2023-05-12,0.004788783359007505
crypto_min_cvar,crypto,min_cvar,2023-05-13,-0.004080150196895078
crypto_min_cvar,crypto,min_cvar,2023-05-14,0.010004536479168801
crypto_min_cvar,crypto,min_cvar,2023-05-15,0.01250945915395836
crypto_min_cvar,crypto,min_cvar,2023-05-16,0.012174686414858046
crypto_min_cvar,crypto,min_cvar,2023-05-17,0.01805515221129099
crypto_min_cvar,crypto,min_cvar,2023-05-18,-0.008545440797742821
crypto_min_cvar,crypto,min_cvar,2023-05-19,0.00861447825807233
crypto_min_cvar,crypto,min_cvar,2023-05-20,0.008836858468424288
crypto_min_cvar,crypto,min_cvar,2023-05-21,-0.0018421853603137542
crypto_min_cvar,crypto,min_cvar,2023-05-22,0.008488255147269289
crypto_min_cvar,crypto,min_cvar,2023-05-23,0.006654010492659878
crypto_min_cvar,crypto,min_cvar,2023-05-24,-0.031676757806412666
crypto_min_cvar,crypto,min_cvar,2023-05-25,0.003289276333725138
crypto_min_cvar,crypto,min_cvar,2023-05-26,0.00760570276718295
crypto_min_cvar,crypto,min_cvar,2023-05-27,0.01128278964547548
crypto_min_cvar,crypto,min_cvar,2023-05-28,0.021414827989343677
crypto_min_cvar,crypto,min_cvar,2023-05-29,-0.001355473853403285
crypto_min_cvar,crypto,min_cvar,2023-05-30,0.0180616448438851
crypto_min_cvar,crypto,min_cvar,2023-05-31,-0.008598509297542788
crypto_min_cvar,crypto,min_cvar,2023-06-01,-0.011937872418143414
crypto_min_cvar,crypto,min_cvar,2023-06-02,0.039666260821101654
crypto_min_cvar,crypto,min_cvar,2023-06-03,-0.006313823383685594
crypto_min_cvar,crypto,min_cvar,2023-06-04,0.003597919585779115
crypto_min_cvar,crypto,min_cvar,2023-06-05,-0.048420019113573735
crypto_min_cvar,crypto,min_cvar,2023-06-06,0.025872514410797118
crypto_min_cvar,crypto,min_cvar,2023-06-07,-0.03210527598512034
crypto_min_cvar,crypto,min_cvar,2023-06-08,0.004804003772972766
crypto_min_cvar,crypto,min_cvar,2023-06-09,-0.014935521923933872
crypto_min_cvar,crypto,min_cvar,2023-06-10,-0.055207576778526724
crypto_min_cvar,crypto,min_cvar,2023-06-11,0.009763384135897555
crypto_min_cvar,crypto,min_cvar,2023-06-12,0.003853417319771817
crypto_min_cvar,crypto,min_cvar,2023-06-13,-0.0011090735964637596
crypto_min_cvar,crypto,min_cvar,2023-06-14,-0.041788924699439234
crypto_min_cvar,crypto,min_cvar,2023-06-15,-0.002770737258833957
crypto_min_cvar,crypto,min_cvar,2023-06-16,0.00760633815973733
crypto_min_cvar,crypto,min_cvar,2023-06-17,0.014306019234239001
crypto_min_cvar,crypto,min_cvar,2023-06-18,-0.004875185893789961
crypto_min_cvar,crypto,min_cvar,2023-06-19,0.008478202732375838
crypto_min_cvar,crypto,min_cvar,2023-06-20,0.025989625256414784
crypto_min_cvar,crypto,min_cvar,2023-06-21,0.04158328748532302
crypto_min_cvar,crypto,min_cvar,2023-06-22,-0.0026991321161395267
crypto_min_cvar,crypto,min_cvar,2023-06-23,0.022781431984578725
crypto_min_cvar,crypto,min_cvar,2023-06-24,-0.008326222882758909
crypto_min_cvar,crypto,min_cvar,2023-06-25,0.0053703644398591386
crypto_min_cvar,crypto,min_cvar,2023-06-26,-0.008293743868407677
crypto_min_cvar,crypto,min_cvar,2023-06-27,0.03182581023999175
crypto_min_cvar,crypto,min_cvar,2023-06-28,-0.02769480460780721
crypto_min_cvar,crypto,min_cvar,2023-06-29,0.01712096854100557
crypto_min_cvar,crypto,min_cvar,2023-06-30,0.04584196464691143
crypto_min_cvar,crypto,min_cvar,2023-07-01,0.0009967088412604623
crypto_min_cvar,crypto,min_cvar,2023-07-02,0.0011896513089942138
crypto_min_cvar,crypto,min_cvar,2023-07-03,0.00933025003883571
crypto_min_cvar,crypto,min_cvar,2023-07-04,-0.010529631193979764
crypto_min_cvar,crypto,min_cvar,2023-07-05,-0.016539229261344882
crypto_min_cvar,crypto,min_cvar,2023-07-06,-0.02175317197115717
crypto_min_cvar,crypto,min_cvar,2023-07-07,0.015276538345541352
crypto_min_cvar,crypto,min_cvar,2023-07-08,0.012509901562663102
crypto_min_cvar,crypto,min_cvar,2023-07-09,-0.013592627324349307
crypto_min_cvar,crypto,min_cvar,2023-07-10,0.00976519156024928
crypto_min_cvar,crypto,min_cvar,2023-07-11,0.0009585982996313088
crypto_min_cvar,crypto,min_cvar,2023-07-12,-0.00930813181902326
crypto_min_cvar,crypto,min_cvar,2023-07-13,0.32345588775931516
crypto_min_cvar,crypto,min_cvar,2023-07-14,-0.08416818222443559
crypto_min_cvar,crypto,min_cvar,2023-07-15,-0.012324700608394403
crypto_min_cvar,crypto,min_cvar,2023-07-16,0.008582621219827512
crypto_min_cvar,crypto,min_cvar,2023-07-17,-0.00859106188971536
crypto_min_cvar,crypto,min_cvar,2023-07-18,0.01563881141699376
crypto_min_cvar,crypto,min_cvar,2023-07-19,0.06049751665315009
crypto_min_cvar,crypto,min_cvar,2023-07-20,-0.002329144574248489
crypto_min_cvar,crypto,min_cvar,2023-07-21,-0.017341173488023137
crypto_min_cvar,crypto,min_cvar,2023-07-22,-0.011092088366900016
crypto_min_cvar,crypto,min_cvar,2023-07-23,0.0072220922595196205
crypto_min_cvar,crypto,min_cvar,2023-07-24,-0.04299537725801894
crypto_min_cvar,crypto,min_cvar,2023-07-25,0.0019528217742923338
crypto_min_cvar,crypto,min_cvar,2023-07-26,0.02178905224526392
crypto_min_cvar,crypto,min_cvar,2023-07-27,0.0042650274603529105
crypto_min_cvar,crypto,min_cvar,2023-07-28,0.0087943857526838
crypto_min_cvar,crypto,min_cvar,2023-07-29,-0.004382553344557295
crypto_min_cvar,crypto,min_cvar,2023-07-30,-0.011286803620579492
crypto_min_cvar,crypto,min_cvar,2023-07-31,-0.021253852157455955
crypto_min_cvar,crypto,min_cvar,2023-08-01,0.010436223957666883
crypto_min_cvar,crypto,min_cvar,2023-08-02,-0.03593996318545953
crypto_min_cvar,crypto,min_cvar,2023-08-03,-0.012941753268642737
crypto_min_cvar,crypto,min_cvar,2023-08-04,-0.013597929382871377
crypto_min_cvar,crypto,min_cvar,2023-08-05,0.0032551735053519054
crypto_min_cvar,crypto,min_cvar,2023-08-06,-0.005197062602284158
crypto_min_cvar,crypto,min_cvar,2023-08-07,0.012453893299481282
crypto_min_cvar,crypto,min_cvar,2023-08-08,0.013154396530715838
crypto_min_cvar,crypto,min_cvar,2023-08-09,-0.004148551402085555
crypto_min_cvar,crypto,min_cvar,2023-08-10,-0.00933926183328292
crypto_min_cvar,crypto,min_cvar,2023-08-11,-0.0015881859658532838
crypto_min_cvar,crypto,min_cvar,2023-08-12,-0.002864597915172878
crypto_min_cvar,crypto,min_cvar,2023-08-13,-0.0027798093759950266
crypto_min_cvar,crypto,min_cvar,2023-08-14,0.002761879813007258
crypto_min_cvar,crypto,min_cvar,2023-08-15,-0.02220385107426597
crypto_min_cvar,crypto,min_cvar,2023-08-16,-0.030475079271112225
crypto_min_cvar,crypto,min_cvar,2023-08-17,-0.08353848982730575
crypto_min_cvar,crypto,min_cvar,2023-08-18,0.0012093004575300828
crypto_min_cvar,crypto,min_cvar,2023-08-19,0.019904717843642988
crypto_min_cvar,crypto,min_cvar,2023-08-20,0.0246816051487872
crypto_min_cvar,crypto,min_cvar,2023-08-21,-0.01812209500570372
crypto_min_cvar,crypto,min_cvar,2023-08-22,-0.010026994040765506
crypto_min_cvar,crypto,min_cvar,2023-08-23,0.03070072282028886
crypto_min_cvar,crypto,min_cvar,2023-08-24,-0.01526192374964742
crypto_min_cvar,crypto,min_cvar,2023-08-25,0.002062761628958975
crypto_min_cvar,crypto,min_cvar,2023-08-26,-0.006050959286648932
crypto_min_cvar,crypto,min_cvar,2023-08-27,0.00524004362565908
crypto_min_cvar,crypto,min_cvar,2023-08-28,-0.008902332271849927
crypto_min_cvar,crypto,min_cvar,2023-08-29,0.049710885429612106
crypto_min_cvar,crypto,min_cvar,2023-08-30,-0.023280165076470904
crypto_min_cvar,crypto,min_cvar,2023-08-31,-0.029185005041015347
crypto_min_cvar,crypto,min_cvar,2023-09-01,-0.01295704352029856
crypto_min_cvar,crypto,min_cvar,2023-09-02,0.00013433561264861057
crypto_min_cvar,crypto,min_cvar,2023-09-03,0.003464336869529144
crypto_min_cvar,crypto,min_cvar,2023-09-04,-0.0017181568000371355
crypto_min_cvar,crypto,min_cvar,2023-09-05,-0.0010829058371897907
crypto_min_cvar,crypto,min_cvar,2023-09-06,0.004894971056002501
crypto_min_cvar,crypto,min_cvar,2023-09-07,0.006964637222681699
crypto_min_cvar,crypto,min_cvar,2023-09-08,-0.005573773085879497
crypto_min_cvar,crypto,min_cvar,2023-09-09,0.0007912023997830665
crypto_min_cvar,crypto,min_cvar,2023-09-10,-0.009505530560092101
crypto_min_cvar,crypto,min_cvar,2023-09-11,-0.028537862867067467
crypto_min_cvar,crypto,min_cvar,2023-09-12,0.03491859859025698
crypto_min_cvar,crypto,min_cvar,2023-09-13,0.008785064276103474
crypto_min_cvar,crypto,min_cvar,2023-09-14,0.020328725603469912
crypto_min_cvar,crypto,min_cvar,2023-09-15,0.011940295167421634
crypto_min_cvar,crypto,min_cvar,2023-09-16,-0.004746141193387554
crypto_min_cvar,crypto,min_cvar,2023-09-17,-0.010064794976400823
crypto_min_cvar,crypto,min_cvar,2023-09-18,0.015768406888737558
crypto_min_cvar,crypto,min_cvar,2023-09-19,0.009466557203836344
crypto_min_cvar,crypto,min_cvar,2023-09-20,-0.008905213489813062
crypto_min_cvar,crypto,min_cvar,2023-09-21,-0.023570382805309004
crypto_min_cvar,crypto,min_cvar,2023-09-22,0.001123249339047203
crypto_min_cvar,crypto,min_cvar,2023-09-23,0.001620183860774724
crypto_min_cvar,crypto,min_cvar,2023-09-24,-0.009873906587422876
crypto_min_cvar,crypto,min_cvar,2023-09-25,0.011168373072242936
crypto_min_cvar,crypto,min_cvar,2023-09-26,0.0031012194343696658
crypto_min_cvar,crypto,min_cvar,2023-09-27,0.017133503954842012
crypto_min_cvar,crypto,min_cvar,2023-09-28,0.027701027482111087
crypto_min_cvar,crypto,min_cvar,2023-09-29,0.0034137958788730475
crypto_min_cvar,crypto,min_cvar,2023-09-30,0.0010787569791075894
crypto_min_cvar,crypto,min_cvar,2023-10-01,0.03248074168588651
crypto_min_cvar,crypto,min_cvar,2023-10-02,-0.01806980878943571
crypto_min_cvar,crypto,min_cvar,2023-10-03,-0.00585742093474505
crypto_min_cvar,crypto,min_cvar,2023-10-04,-0.0016627848065590858
crypto_min_cvar,crypto,min_cvar,2023-10-05,-0.01112813423495916
crypto_min_cvar,crypto,min_cvar,2023-10-06,0.008695668762040983
crypto_min_cvar,crypto,min_cvar,2023-10-07,-0.0034531344791259035
crypto_min_cvar,crypto,min_cvar,2023-10-08,-0.003869802258045469
crypto_min_cvar,crypto,min_cvar,2023-10-09,-0.02684385691044554
crypto_min_cvar,crypto,min_cvar,2023-10-10,-0.010394699538183136
crypto_min_cvar,crypto,min_cvar,2023-10-11,-0.004654687977108175
crypto_min_cvar,crypto,min_cvar,2023-10-12,-0.008698982709704216
crypto_min_cvar,crypto,min_cvar,2023-10-13,0.007237111268609177
crypto_min_cvar,crypto,min_cvar,2023-10-14,-0.0016452999311304447
crypto_min_cvar,crypto,min_cvar,2023-10-15,0.008371645874337176
crypto_min_cvar,crypto,min_cvar,2023-10-16,0.038661240119354734
crypto_min_cvar,crypto,min_cvar,2023-10-17,-0.014722328096339873
crypto_min_cvar,crypto,min_cvar,2023-10-18,-0.0009713516042846622
crypto_min_cvar,crypto,min_cvar,2023-10-19,0.009679970056455649
crypto_min_cvar,crypto,min_cvar,2023-10-20,0.027233296371082485
crypto_min_cvar,crypto,min_cvar,2023-10-21,0.014643190720778274
crypto_min_cvar,crypto,min_cvar,2023-10-22,0.004324636085882216
crypto_min_cvar,crypto,min_cvar,2023-10-23,0.06329654491558855
crypto_min_cvar,crypto,min_cvar,2023-10-24,-0.00040590405919300955
crypto_min_cvar,crypto,min_cvar,2023-10-25,0.009328325771577382
crypto_min_cvar,crypto,min_cvar,2023-10-26,-0.004258412397825409
crypto_min_cvar,crypto,min_cvar,2023-10-27,-0.008301921339535544
crypto_min_cvar,crypto,min_cvar,2023-10-28,0.008426675831888344
crypto_min_cvar,crypto,min_cvar,2023-10-29,0.01007987660895583
crypto_min_cvar,crypto,min_cvar,2023-10-30,0.007834107022356889
crypto_min_cvar,crypto,min_cvar,2023-10-31,0.000497827609352281
crypto_min_cvar,crypto,min_cvar,2023-11-01,0.0216229339846033
crypto_min_cvar,crypto,min_cvar,2023-11-02,-0.011629433302441984
crypto_min_cvar,crypto,min_cvar,2023-11-03,0.0042038961850953335
crypto_min_cvar,crypto,min_cvar,2023-11-04,0.008075946875985679
crypto_min_cvar,crypto,min_cvar,2023-11-05,0.01065699665208085
crypto_min_cvar,crypto,min_cvar,2023-11-06,0.015071894312523676
crypto_min_cvar,crypto,min_cvar,2023-11-07,-0.007583948179094398
crypto_min_cvar,crypto,min_cvar,2023-11-08,0.009692344965791735
crypto_min_cvar,crypto,min_cvar,2023-11-09,0.02823070703208693
crypto_min_cvar,crypto,min_cvar,2023-11-10,0.021244110985983163
crypto_min_cvar,crypto,min_cvar,2023-11-11,-0.0029461845626919366
crypto_min_cvar,crypto,min_cvar,2023-11-12,-0.0012330022762373793
crypto_min_cvar,crypto,min_cvar,2023-11-13,-0.017008383291891253
crypto_min_cvar,crypto,min_cvar,2023-11-14,-0.02692408864587233
crypto_min_cvar,crypto,min_cvar,2023-11-15,0.0412894722853264
crypto_min_cvar,crypto,min_cvar,2023-11-16,-0.029959954770476693
crypto_min_cvar,crypto,min_cvar,2023-11-17,-0.0012774058395169496
crypto_min_cvar,crypto,min_cvar,2023-11-18,0.0028692152780526742
crypto_min_cvar,crypto,min_cvar,2023-11-19,0.016714244721235103
crypto_min_cvar,crypto,min_cvar,2023-11-20,-0.008462200132021976
crypto_min_cvar,crypto,min_cvar,2023-11-21,-0.04669641013538454
crypto_min_cvar,crypto,min_cvar,2023-11-22,0.05072811337939424
crypto_min_cvar,crypto,min_cvar,2023-11-23,0.0037150393326367236
crypto_min_cvar,crypto,min_cvar,2023-11-24,0.010381194245465686
crypto_min_cvar,crypto,min_cvar,2023-11-25,0.014314284398675638
crypto_min_cvar,crypto,min_cvar,2023-11-26,-0.009238492599854473
crypto_min_cvar,crypto,min_cvar,2023-11-27,-0.02409611314755063
crypto_min_cvar,crypto,min_cvar,2023-11-28,0.011345385269896285
crypto_min_cvar,crypto,min_cvar,2023-11-29,-0.002579180385559061
crypto_min_cvar,crypto,min_cvar,2023-11-30,-0.0024921130492519326
crypto_min_cvar,crypto,min_cvar,2023-12-01,0.014551769637747116
crypto_min_cvar,crypto,min_cvar,2023-12-02,0.01955942319415674
crypto_min_cvar,crypto,min_cvar,2023-12-03,0.00630502345233935
crypto_min_cvar,crypto,min_cvar,2023-12-04,0.03780229370262311
crypto_min_cvar,crypto,min_cvar,2023-12-05,0.01936304769040641
crypto_min_cvar,crypto,min_cvar,2023-12-06,-0.00390525723176851
crypto_min_cvar,crypto,min_cvar,2023-12-07,0.01411160384936215
crypto_min_cvar,crypto,min_cvar,2023-12-08,0.0410556653272017
crypto_min_cvar,crypto,min_cvar,2023-12-09,0.0019789883380751487
crypto_min_cvar,crypto,min_cvar,2023-12-10,0.005898028295079077
crypto_min_cvar,crypto,min_cvar,2023-12-11,-0.060686014912266356
crypto_min_cvar,crypto,min_cvar,2023-12-12,0.006533492119215981
crypto_min_cvar,crypto,min_cvar,2023-12-13,0.04036981150811288
crypto_min_cvar,crypto,min_cvar,2023-12-14,0.004752849624576233
crypto_min_cvar,crypto,min_cvar,2023-12-15,-0.041457190926878454
crypto_min_cvar,crypto,min_cvar,2023-12-16,0.008624305827637587
crypto_min_cvar,crypto,min_cvar,2023-12-17,-0.01920922894745229
crypto_min_cvar,crypto,min_cvar,2023-12-18,0.013202148574991041
crypto_min_cvar,crypto,min_cvar,2023-12-19,-0.01526061417797783
crypto_min_cvar,crypto,min_cvar,2023-12-20,0.021224389141467685
crypto_min_cvar,crypto,min_cvar,2023-12-21,0.023732095263203877
crypto_min_cvar,crypto,min_cvar,2023-12-22,0.01027760471043673
crypto_min_cvar,crypto,min_cvar,2023-12-23,-0.00729864056009489
crypto_min_cvar,crypto,min_cvar,2023-12-24,-0.01692525154166968
crypto_min_cvar,crypto,min_cvar,2023-12-25,0.01979590216557859
crypto_min_cvar,crypto,min_cvar,2023-12-26,-0.025336683390629063
crypto_min_cvar,crypto,min_cvar,2023-12-27,0.05747363765918399
crypto_min_cvar,crypto,min_cvar,2023-12-28,-0.011012516118803894
crypto_min_cvar,crypto,min_cvar,2023-12-29,-0.016015653454746485
crypto_min_cvar,crypto,min_cvar,2023-12-30,0.011215084005354644
crypto_min_cvar,crypto,min_cvar,2023-12-31,-0.009590441120546259
combined_equal_weight,combined,equal_weight,2021-01-04,-0.0038907547941801576
combined_equal_weight,combined,equal_weight,2021-01-05,0.018935846474633637
combined_equal_weight,combined,equal_weight,2021-01-06,0.04682554464297435
combined_equal_weight,combined,equal_weight,2021-01-07,0.0075009639044954
combined_equal_weight,combined,equal_weight,2021-01-08,0.00014837913623014725
combined_equal_weight,combined,equal_weight,2021-01-11,-0.023976108236173053
combined_equal_weight,combined,equal_weight,2021-01-12,0.0014124661877677699
combined_equal_weight,combined,equal_weight,2021-01-13,0.014305437693911
combined_equal_weight,combined,equal_weight,2021-01-14,0.006223589963405875
combined_equal_weight,combined,equal_weight,2021-01-15,-0.01801719227028275
combined_equal_weight,combined,equal_weight,2021-01-19,0.007738513923559628
combined_equal_weight,combined,equal_weight,2021-01-20,0.005089689031193296
combined_equal_weight,combined,equal_weight,2021-01-21,-0.03155162323514963
combined_equal_weight,combined,equal_weight,2021-01-22,0.007923676220714906
combined_equal_weight,combined,equal_weight,2021-01-25,-0.0027781218558745927
combined_equal_weight,combined,equal_weight,2021-01-26,-0.004887780413148798
combined_equal_weight,combined,equal_weight,2021-01-27,-0.03425224570112072
combined_equal_weight,combined,equal_weight,2021-01-28,0.02607104685736693
combined_equal_weight,combined,equal_weight,2021-01-29,-0.007470618717091112
combined_equal_weight,combined,equal_weight,2021-02-01,0.010204431715737181
combined_equal_weight,combined,equal_weight,2021-02-02,0.02165809971638539
combined_equal_weight,combined,equal_weight,2021-02-03,0.009589675205373674
combined_equal_weight,combined,equal_weight,2021-02-04,0.00366481347617488
combined_equal_weight,combined,equal_weight,2021-02-05,0.020351550259225554
combined_equal_weight,combined,equal_weight,2021-02-08,0.025661294678188555
combined_equal_weight,combined,equal_weight,2021-02-09,0.010060418581111225
combined_equal_weight,combined,equal_weight,2021-02-10,0.01121330356879997
combined_equal_weight,combined,equal_weight,2021-02-11,0.014923915982378801
combined_equal_weight,combined,equal_weight,2021-02-12,0.01392285875899
combined_equal_weight,combined,equal_weight,2021-02-16,0.0008342773644169587
combined_equal_weight,combined,equal_weight,2021-02-17,0.011514209321954766
combined_equal_weight,combined,equal_weight,2021-02-18,-0.004112435878182397
combined_equal_weight,combined,equal_weight,2021-02-19,0.012920433262515877
combined_equal_weight,combined,equal_weight,2021-02-22,-0.013189509394386347
combined_equal_weight,combined,equal_weight,2021-02-23,-0.03642049809562561
combined_equal_weight,combined,equal_weight,2021-02-24,0.021858913011400506
combined_equal_weight,combined,equal_weight,2021-02-25,-0.02519018638808799
combined_equal_weight,combined,equal_weight,2021-02-26,-0.007920962386525428
combined_equal_weight,combined,equal_weight,2021-03-01,0.027648109503017663
combined_equal_weight,combined,equal_weight,2021-03-02,-0.005051223358201522
combined_equal_weight,combined,equal_weight,2021-03-03,5.691690167493465e-05
combined_equal_weight,combined,equal_weight,2021-03-04,-0.008937843035586902
combined_equal_weight,combined,equal_weight,2021-03-05,0.012893922421377213
combined_equal_weight,combined,equal_weight,2021-03-08,0.005139067160578569
combined_equal_weight,combined,equal_weight,2021-03-09,0.012274318469443256
combined_equal_weight,combined,equal_weight,2021-03-10,0.003389433711714922
combined_equal_weight,combined,equal_weight,2021-03-11,0.004440027839439725
combined_equal_weight,combined,equal_weight,2021-03-12,0.002929897796534287
combined_equal_weight,combined,equal_weight,2021-03-15,-0.002000515758313234
combined_equal_weight,combined,equal_weight,2021-03-16,0.005728843658630812
combined_equal_weight,combined,equal_weight,2021-03-17,0.007090152205412337
combined_equal_weight,combined,equal_weight,2021-03-18,-0.01496300800033311
combined_equal_weight,combined,equal_weight,2021-03-19,-0.0008655486522000246
combined_equal_weight,combined,equal_weight,2021-03-22,-0.0009142788616752398
combined_equal_weight,combined,equal_weight,2021-03-23,-0.00579814052102398
combined_equal_weight,combined,equal_weight,2021-03-24,-0.014092748822480277
combined_equal_weight,combined,equal_weight,2021-03-25,0.005947801689248594
combined_equal_weight,combined,equal_weight,2021-03-26,0.030651241674515654
combined_equal_weight,combined,equal_weight,2021-03-29,0.00736153587294559
combined_equal_weight,combined,equal_weight,2021-03-30,-0.0003770868341113965
combined_equal_weight,combined,equal_weight,2021-03-31,0.01182158627449126
combined_equal_weight,combined,equal_weight,2021-04-01,0.014672578757863942
combined_equal_weight,combined,equal_weight,2021-04-05,0.023279357597136983
combined_equal_weight,combined,equal_weight,2021-04-06,0.007587666348007159
combined_equal_weight,combined,equal_weight,2021-04-07,-0.016049060345336062
combined_equal_weight,combined,equal_weight,2021-04-08,0.010903703340729359
combined_equal_weight,combined,equal_weight,2021-04-09,-0.002921046595518197
combined_equal_weight,combined,equal_weight,2021-04-12,3.6634061886138373e-05
combined_equal_weight,combined,equal_weight,2021-04-13,0.02268126409590626
combined_equal_weight,combined,equal_weight,2021-04-14,0.007794298856378145
combined_equal_weight,combined,equal_weight,2021-04-15,0.01904186088000599
combined_equal_weight,combined,equal_weight,2021-04-16,0.014763272899412962
combined_equal_weight,combined,equal_weight,2021-04-19,-0.01762739095576338
combined_equal_weight,combined,equal_weight,2021-04-20,1.2220841234532624e-05
combined_equal_weight,combined,equal_weight,2021-04-21,-0.0007908267866470753
combined_equal_weight,combined,equal_weight,2021-04-22,-0.016687288036353692
combined_equal_weight,combined,equal_weight,2021-04-23,0.003473360350232348
combined_equal_weight,combined,equal_weight,2021-04-26,0.030800515598112883
combined_equal_weight,combined,equal_weight,2021-04-27,0.009656461130173079
combined_equal_weight,combined,equal_weight,2021-04-28,0.001311489663703553
combined_equal_weight,combined,equal_weight,2021-04-29,0.004789403755794168
combined_equal_weight,combined,equal_weight,2021-04-30,0.012333922440587338
combined_equal_weight,combined,equal_weight,2021-05-03,0.015444054543423336
combined_equal_weight,combined,equal_weight,2021-05-04,-0.0048393100084759754
combined_equal_weight,combined,equal_weight,2021-05-05,0.045892196771010293
combined_equal_weight,combined,equal_weight,2021-05-06,0.031043948969687978
combined_equal_weight,combined,equal_weight,2021-05-07,-0.0034424290476482676
combined_equal_weight,combined,equal_weight,2021-05-10,-0.018020224949174605
combined_equal_weight,combined,equal_weight,2021-05-11,0.017975473947352695
combined_equal_weight,combined,equal_weight,2021-05-12,-0.05525447615310903
combined_equal_weight,combined,equal_weight,2021-05-13,0.018497822751381978
combined_equal_weight,combined,equal_weight,2021-05-14,0.023847551264784286
combined_equal_weight,combined,equal_weight,2021-05-17,-0.010931679635632114
combined_equal_weight,combined,equal_weight,2021-05-18,-0.004727438543206438
combined_equal_weight,combined,equal_weight,2021-05-19,-0.06551031751177068
combined_equal_weight,combined,equal_weight,2021-05-20,0.029592711083539353
combined_equal_weight,combined,equal_weight,2021-05-21,-0.02084772273306948
combined_equal_weight,combined,equal_weight,2021-05-24,0.04342141353808044
combined_equal_weight,combined,equal_weight,2021-05-25,-0.0028222198947123293
combined_equal_weight,combined,equal_weight,2021-05-26,0.014938209570737066
combined_equal_weight,combined,equal_weight,2021-05-27,-0.004818460165022233
combined_equal_weight,combined,equal_weight,2021-05-28,-0.012979098736480767
combined_equal_weight,combined,equal_weight,2021-06-01,0.0019320991050394568
combined_equal_weight,combined,equal_weight,2021-06-02,0.005871720903786298
combined_equal_weight,combined,equal_weight,2021-06-03,0.006960525151493909
combined_equal_weight,combined,equal_weight,2021-06-04,-0.006410127532746653
combined_equal_weight,combined,equal_weight,2021-06-07,-0.014677621244462643
combined_equal_weight,combined,equal_weight,2021-06-08,-0.0022920555433239703
combined_equal_weight,combined,equal_weight,2021-06-09,0.00605914671776494
combined_equal_weight,combined,equal_weight,2021-06-10,-0.004179762112068949
combined_equal_weight,combined,equal_weight,2021-06-11,-0.005259946352155204
combined_equal_weight,combined,equal_weight,2021-06-14,0.0005924254516458218
combined_equal_weight,combined,equal_weight,2021-06-15,0.000550889858956163
combined_equal_weight,combined,equal_weight,2021-06-16,-0.016818177195426973
combined_equal_weight,combined,equal_weight,2021-06-17,-0.005996994018905911
combined_equal_weight,combined,equal_weight,2021-06-18,-0.021056399023819627
combined_equal_weight,combined,equal_weight,2021-06-21,-0.011228076069733542
combined_equal_weight,combined,equal_weight,2021-06-22,-0.0022507126393714267
combined_equal_weight,combined,equal_weight,2021-06-23,0.006043867928924043
combined_equal_weight,combined,equal_weight,2021-06-24,0.014283745514719488
combined_equal_weight,combined,equal_weight,2021-06-25,-0.002997076846065912
combined_equal_weight,combined,equal_weight,2021-06-28,0.0002868634886845841
combined_equal_weight,combined,equal_weight,2021-06-29,0.008056440129902698
combined_equal_weight,combined,equal_weight,2021-06-30,0.004860100399554911
combined_equal_weight,combined,equal_weight,2021-07-01,-0.0033192767515803833
combined_equal_weight,combined,equal_weight,2021-07-02,0.0042226000444228
combined_equal_weight,combined,equal_weight,2021-07-06,-0.0044563689821470786
combined_equal_weight,combined,equal_weight,2021-07-07,-0.002064150118545755
combined_equal_weight,combined,equal_weight,2021-07-08,-0.01382753806143881
combined_equal_weight,combined,equal_weight,2021-07-09,0.015066358575065745
combined_equal_weight,combined,equal_weight,2021-07-12,0.0003629499445549799
combined_equal_weight,combined,equal_weight,2021-07-13,-0.009152874003879204
combined_equal_weight,combined,equal_weight,2021-07-14,-0.0002967116982328367
combined_equal_weight,combined,equal_weight,2021-07-15,-0.005926915110478164
combined_equal_weight,combined,equal_weight,2021-07-16,-0.011255169923300706
combined_equal_weight,combined,equal_weight,2021-07-19,-0.02163117561208524
combined_equal_weight,combined,equal_weight,2021-07-20,0.0038223734407040123
combined_equal_weight,combined,equal_weight,2021-07-21,0.019475689775563694
combined_equal_weight,combined,equal_weight,2021-07-22,0.004038689909869517
combined_equal_weight,combined,equal_weight,2021-07-23,0.009003177527418568
combined_equal_weight,combined,equal_weight,2021-07-26,0.008081528935874055
combined_equal_weight,combined,equal_weight,2021-07-27,0.0025721215462906734
combined_equal_weight,combined,equal_weight,2021-07-28,0.005801781497373432
combined_equal_weight,combined,equal_weight,2021-07-29,0.008287916243945015
combined_equal_weight,combined,equal_weight,2021-07-30,0.0002946503033161876
combined_equal_weight,combined,equal_weight,2021-08-02,-0.0004144954999887856
combined_equal_weight,combined,equal_weight,2021-08-03,0.0028288713338388777
combined_equal_weight,combined,equal_weight,2021-08-04,-0.0007458405075578157
combined_equal_weight,combined,equal_weight,2021-08-05,0.00673960073635806
combined_equal_weight,combined,equal_weight,2021-08-06,0.006646527998350582
combined_equal_weight,combined,equal_weight,2021-08-09,0.0073153135994376275
combined_equal_weight,combined,equal_weight,2021-08-10,0.00860352461997369
combined_equal_weight,combined,equal_weight,2021-08-11,0.018826363374261884
combined_equal_weight,combined,equal_weight,2021-08-12,-0.0026252192063192835
combined_equal_weight,combined,equal_weight,2021-08-13,0.020129817437664854
combined_equal_weight,combined,equal_weight,2021-08-16,-0.0102064178900371
combined_equal_weight,combined,equal_weight,2021-08-17,-0.017326910114011045
combined_equal_weight,combined,equal_weight,2021-08-18,-0.007485685653352496
combined_equal_weight,combined,equal_weight,2021-08-19,0.00893863188549058
combined_equal_weight,combined,equal_weight,2021-08-20,0.011897565649129091
combined_equal_weight,combined,equal_weight,2021-08-23,0.012504528730857108
combined_equal_weight,combined,equal_weight,2021-08-24,-0.012694146727758468
combined_equal_weight,combined,equal_weight,2021-08-25,0.004514588789403153
combined_equal_weight,combined,equal_weight,2021-08-26,-0.01813169968994708
combined_equal_weight,combined,equal_weight,2021-08-27,0.02379895355093774
combined_equal_weight,combined,equal_weight,2021-08-30,-0.007717018870763674
combined_equal_weight,combined,equal_weight,2021-08-31,0.006168923814696463
combined_equal_weight,combined,equal_weight,2021-09-01,0.007531067699489176
combined_equal_weight,combined,equal_weight,2021-09-02,0.00768312946211226
combined_equal_weight,combined,equal_weight,2021-09-03,0.005255146579100715
combined_equal_weight,combined,equal_weight,2021-09-07,-0.03887100606009321
combined_equal_weight,combined,equal_weight,2021-09-08,-0.0014823586030318523
combined_equal_weight,combined,equal_weight,2021-09-09,-0.004918432983998438
combined_equal_weight,combined,equal_weight,2021-09-10,-0.009854849916388346
combined_equal_weight,combined,equal_weight,2021-09-13,-0.0020669330450443623
combined_equal_weight,combined,equal_weight,2021-09-14,-0.0021971675541551353
combined_equal_weight,combined,equal_weight,2021-09-15,0.01250631153171425
combined_equal_weight,combined,equal_weight,2021-09-16,-0.00774742986187254
combined_equal_weight,combined,equal_weight,2021-09-17,-0.014290287596920442
combined_equal_weight,combined,equal_weight,2021-09-20,-0.03197326112246704
combined_equal_weight,combined,equal_weight,2021-09-21,-0.00915432581880867
combined_equal_weight,combined,equal_weight,2021-09-22,0.022285279756503514
combined_equal_weight,combined,equal_weight,2021-09-23,0.012227496358637185
combined_equal_weight,combined,equal_weight,2021-09-24,-0.010972191812396117
combined_equal_weight,combined,equal_weight,2021-09-27,-0.001130051545171314
combined_equal_weight,combined,equal_weight,2021-09-28,-0.01393146762526241
combined_equal_weight,combined,equal_weight,2021-09-29,0.0065981313104570135
combined_equal_weight,combined,equal_weight,2021-09-30,-0.0035514446158644015
combined_equal_weight,combined,equal_weight,2021-10-01,0.024591481632230426
combined_equal_weight,combined,equal_weight,2021-10-04,-0.004810819522684349
combined_equal_weight,combined,equal_weight,2021-10-05,0.011483188086450932
combined_equal_weight,combined,equal_weight,2021-10-06,0.005587474761110264
combined_equal_weight,combined,equal_weight,2021-10-07,0.005238936078420404
combined_equal_weight,combined,equal_weight,2021-10-08,-0.0023747030400701266
combined_equal_weight,combined,equal_weight,2021-10-11,-0.004296087379301863
combined_equal_weight,combined,equal_weight,2021-10-12,-0.005098322002961775
combined_equal_weight,combined,equal_weight,2021-10-13,0.00840806527277546
combined_equal_weight,combined,equal_weight,2021-10-14,0.011900060022269846
combined_equal_weight,combined,equal_weight,2021-10-15,0.007837285263774928
combined_equal_weight,combined,equal_weight,2021-10-18,-0.0005192856469341977
combined_equal_weight,combined,equal_weight,2021-10-19,0.010329647449427593
combined_equal_weight,combined,equal_weight,2021-10-20,0.016666448080226378
combined_equal_weight,combined,equal_weight,2021-10-21,-0.006035184533763461
combined_equal_weight,combined,equal_weight,2021-10-22,-0.0008630902758750758
combined_equal_weight,combined,equal_weight,2021-10-25,0.008726217566526025
combined_equal_weight,combined,equal_weight,2021-10-26,0.001723280008152014
combined_equal_weight,combined,equal_weight,2021-10-27,-0.029782978307383592
combined_equal_weight,combined,equal_weight,2021-10-28,0.016737681776321178
combined_equal_weight,combined,equal_weight,2021-10-29,0.0029266088222896277
combined_equal_weight,combined,equal_weight,2021-11-01,0.00549653945551886
combined_equal_weight,combined,equal_weight,2021-11-02,0.009275863422753213
combined_equal_weight,combined,equal_weight,2021-11-03,0.00699515637706649
combined_equal_weight,combined,equal_weight,2021-11-04,-0.00045052615204544804
combined_equal_weight,combined,equal_weight,2021-11-05,0.0019122523554518174
combined_equal_weight,combined,equal_weight,2021-11-08,0.013235330178001886
combined_equal_weight,combined,equal_weight,2021-11-09,0.009391070491774352
combined_equal_weight,combined,equal_weight,2021-11-10,-0.01566562259300578
combined_equal_weight,combined,equal_weight,2021-11-11,0.003078730504174348
combined_equal_weight,combined,equal_weight,2021-11-12,-0.001972830777965723
combined_equal_weight,combined,equal_weight,2021-11-15,-0.003417532182750734
combined_equal_weight,combined,equal_weight,2021-11-16,-0.014345148643287965
combined_equal_weight,combined,equal_weight,2021-11-17,-0.00447826047813094
combined_equal_weight,combined,equal_weight,2021-11-18,-0.011407633511942012
combined_equal_weight,combined,equal_weight,2021-11-19,0.0009863625708337476
combined_equal_weight,combined,equal_weight,2021-11-22,-0.0045812138677266195
combined_equal_weight,combined,equal_weight,2021-11-23,0.00943116196064139
combined_equal_weight,combined,equal_weight,2021-11-24,-0.0022593511768690556
combined_equal_weight,combined,equal_weight,2021-11-26,-0.02874274140039863
combined_equal_weight,combined,equal_weight,2021-11-29,0.009563416530891147
combined_equal_weight,combined,equal_weight,2021-11-30,-0.01887619516006676
combined_equal_weight,combined,equal_weight,2021-12-01,-0.011750985011291237
combined_equal_weight,combined,equal_weight,2021-12-02,0.01834869035670467
combined_equal_weight,combined,equal_weight,2021-12-03,-0.009867545697557161
combined_equal_weight,combined,equal_weight,2021-12-06,0.017871164734786345
combined_equal_weight,combined,equal_weight,2021-12-07,0.011332865091101606
combined_equal_weight,combined,equal_weight,2021-12-08,0.005435315248703915
combined_equal_weight,combined,equal_weight,2021-12-09,-0.017063854676585402
combined_equal_weight,combined,equal_weight,2021-12-10,-0.0012832798183906547
combined_equal_weight,combined,equal_weight,2021-12-13,-0.016899507623561343
combined_equal_weight,combined,equal_weight,2021-12-14,-5.2137162015900105e-06
combined_equal_weight,combined,equal_weight,2021-12-15,0.013767615231737735
combined_equal_weight,combined,equal_weight,2021-12-16,-0.0003713197112628634
combined_equal_weight,combined,equal_weight,2021-12-17,-0.01421277809000666
combined_equal_weight,combined,equal_weight,2021-12-20,-0.0064256342701347995
combined_equal_weight,combined,equal_weight,2021-12-21,0.016484368649467247
combined_equal_weight,combined,equal_weight,2021-12-22,0.005888571560852016
combined_equal_weight,combined,equal_weight,2021-12-23,0.011706470618425837
combined_equal_weight,combined,equal_weight,2021-12-27,0.011606147445799169
combined_equal_weight,combined,equal_weight,2021-12-28,-0.008284994883057319
combined_equal_weight,combined,equal_weight,2021-12-29,-0.0035987556207627116
combined_equal_weight,combined,equal_weight,2021-12-30,0.0011251445638984464
combined_equal_weight,combined,equal_weight,2021-12-31,-0.003016172972404459
combined_equal_weight,combined,equal_weight,2022-01-03,0.003123160162046698
combined_equal_weight,combined,equal_weight,2022-01-04,0.005245285860481941
combined_equal_weight,combined,equal_weight,2022-01-05,-0.018096104556931013
combined_equal_weight,combined,equal_weight,2022-01-06,0.0005183915734026643
combined_equal_weight,combined,equal_weight,2022-01-07,-0.004578147563009755
combined_equal_weight,combined,equal_weight,2022-01-10,-0.009771789468378232
combined_equal_weight,combined,equal_weight,2022-01-11,0.013846979597974993
combined_equal_weight,combined,equal_weight,2022-01-12,0.01009832171404712
combined_equal_weight,combined,equal_weight,2022-01-13,-0.009303019034340628
combined_equal_weight,combined,equal_weight,2022-01-14,0.0062386021988574784
combined_equal_weight,combined,equal_weight,2022-01-18,-0.011275193369427644
combined_equal_weight,combined,equal_weight,2022-01-19,-0.010568991198801718
combined_equal_weight,combined,equal_weight,2022-01-20,-0.016353735957740635
combined_equal_weight,combined,equal_weight,2022-01-21,-0.028044954617635252
combined_equal_weight,combined,equal_weight,2022-01-24,-0.0021099015775916303
combined_equal_weight,combined,equal_weight,2022-01-25,-0.0013661359313969883
combined_equal_weight,combined,equal_weight,2022-01-26,-0.006829781687431365
combined_equal_weight,combined,equal_weight,2022-01-27,-0.00338224006227252
combined_equal_weight,combined,equal_weight,2022-01-28,0.016968758728294356
combined_equal_weight,combined,equal_weight,2022-01-31,0.012658757908259238
combined_equal_weight,combined,equal_weight,2022-02-01,0.012964162723813273
combined_equal_weight,combined,equal_weight,2022-02-02,0.0016346570656979456
combined_equal_weight,combined,equal_weight,2022-02-03,-0.005500623521787825
combined_equal_weight,combined,equal_weight,2022-02-04,0.013587287763032953
combined_equal_weight,combined,equal_weight,2022-02-07,0.014417506283383612
combined_equal_weight,combined,equal_weight,2022-02-08,0.002893098804751235
combined_equal_weight,combined,equal_weight,2022-02-09,0.01394562410394183
combined_equal_weight,combined,equal_weight,2022-02-10,-0.018540215539372146
combined_equal_weight,combined,equal_weight,2022-02-11,-0.01965509523488872
combined_equal_weight,combined,equal_weight,2022-02-14,-0.006327859374551291
combined_equal_weight,combined,equal_weight,2022-02-15,0.01856748550535257
combined_equal_weight,combined,equal_weight,2022-02-16,-0.0032180176710967247
combined_equal_weight,combined,equal_weight,2022-02-17,-0.02684227013228452
combined_equal_weight,combined,equal_weight,2022-02-18,-0.008268250795636112
combined_equal_weight,combined,equal_weight,2022-02-22,0.0010580186431956985
combined_equal_weight,combined,equal_weight,2022-02-23,-0.01301614010208263
combined_equal_weight,combined,equal_weight,2022-02-24,0.0053563514285512055
combined_equal_weight,combined,equal_weight,2022-02-25,0.02869708277513374
combined_equal_weight,combined,equal_weight,2022-02-28,0.01655282827677639
combined_equal_weight,combined,equal_weight,2022-03-01,-0.010226922298809876
combined_equal_weight,combined,equal_weight,2022-03-02,0.013160670566247226
combined_equal_weight,combined,equal_weight,2022-03-03,-0.0037821732115542366
combined_equal_weight,combined,equal_weight,2022-03-04,-0.008975721310218138
combined_equal_weight,combined,equal_weight,2022-03-07,-0.016758842699473392
combined_equal_weight,combined,equal_weight,2022-03-08,-0.001104900612091711
combined_equal_weight,combined,equal_weight,2022-03-09,0.02079571936324134
combined_equal_weight,combined,equal_weight,2022-03-10,-0.007427519862195578
combined_equal_weight,combined,equal_weight,2022-03-11,-0.005556651233217914
combined_equal_weight,combined,equal_weight,2022-03-14,-0.0042414477978551185
combined_equal_weight,combined,equal_weight,2022-03-15,0.007571560001856379
combined_equal_weight,combined,equal_weight,2022-03-16,0.018787145676463838
combined_equal_weight,combined,equal_weight,2022-03-17,0.012209231244783951
combined_equal_weight,combined,equal_weight,2022-03-18,0.007351346412345916
combined_equal_weight,combined,equal_weight,2022-03-21,0.007466153625463744
combined_equal_weight,combined,equal_weight,2022-03-22,0.014423199406002923
combined_equal_weight,combined,equal_weight,2022-03-23,-0.00566087984330208
combined_equal_weight,combined,equal_weight,2022-03-24,0.012871759114890321
combined_equal_weight,combined,equal_weight,2022-03-25,0.005485561762670619
combined_equal_weight,combined,equal_weight,2022-03-28,0.0009579964662566597
combined_equal_weight,combined,equal_weight,2022-03-29,0.012377539046555206
combined_equal_weight,combined,equal_weight,2022-03-30,-0.0015291453657374963
combined_equal_weight,combined,equal_weight,2022-03-31,-0.01727320399359467
combined_equal_weight,combined,equal_weight,2022-04-01,0.007345515668125022
combined_equal_weight,combined,equal_weight,2022-04-04,0.000799529033779044
combined_equal_weight,combined,equal_weight,2022-04-05,-0.013597478849595144
combined_equal_weight,combined,equal_weight,2022-04-06,-0.015726044603035345
combined_equal_weight,combined,equal_weight,2022-04-07,0.006745556202943713
combined_equal_weight,combined,equal_weight,2022-04-08,-0.0035367066106616104
combined_equal_weight,combined,equal_weight,2022-04-11,-0.022142334618078185
combined_equal_weight,combined,equal_weight,2022-04-12,0.003345397368330604
combined_equal_weight,combined,equal_weight,2022-04-13,0.012839470587404252
combined_equal_weight,combined,equal_weight,2022-04-14,-0.005005402969397079
combined_equal_weight,combined,equal_weight,2022-04-18,0.0038952156562760474
combined_equal_weight,combined,equal_weight,2022-04-19,0.013292032574333612
combined_equal_weight,combined,equal_weight,2022-04-20,-0.0001160681986520348
combined_equal_weight,combined,equal_weight,2022-04-21,-0.0130492763620883
combined_equal_weight,combined,equal_weight,2022-04-22,-0.021983904871802767
combined_equal_weight,combined,equal_weight,2022-04-25,-0.0010758306518203584
combined_equal_weight,combined,equal_weight,2022-04-26,-0.027028682018809667
combined_equal_weight,combined,equal_weight,2022-04-27,0.004213469872425269
combined_equal_weight,combined,equal_weight,2022-04-28,0.0157772648706571
combined_equal_weight,combined,equal_weight,2022-04-29,-0.03501958670568317
combined_equal_weight,combined,equal_weight,2022-05-02,0.0030438634196666248
combined_equal_weight,combined,equal_weight,2022-05-03,0.0035771896427388723
combined_equal_weight,combined,equal_weight,2022-05-04,0.04177220186804468
combined_equal_weight,combined,equal_weight,2022-05-05,-0.03625966348558568
combined_equal_weight,combined,equal_weight,2022-05-06,-0.0009527199684605915
combined_equal_weight,combined,equal_weight,2022-05-09,-0.05267803696828926
combined_equal_weight,combined,equal_weight,2022-05-10,0.0018119611403135828
combined_equal_weight,combined,equal_weight,2022-05-11,-0.024743018373478202
combined_equal_weight,combined,equal_weight,2022-05-12,-0.004670253268342836
combined_equal_weight,combined,equal_weight,2022-05-13,0.027788387963758612
combined_equal_weight,combined,equal_weight,2022-05-16,-0.006165022113996645
combined_equal_weight,combined,equal_weight,2022-05-17,0.02217684502469112
combined_equal_weight,combined,equal_weight,2022-05-18,-0.034048163982457434
combined_equal_weight,combined,equal_weight,2022-05-19,0.004168605554210164
combined_equal_weight,combined,equal_weight,2022-05-20,-0.003559211806169035
combined_equal_weight,combined,equal_weight,2022-05-23,0.01270325991100287
combined_equal_weight,combined,equal_weight,2022-05-24,0.0048117575094587545
combined_equal_weight,combined,equal_weight,2022-05-25,0.006938127474348706
combined_equal_weight,combined,equal_weight,2022-05-26,0.006945061691463547
combined_equal_weight,combined,equal_weight,2022-05-27,0.013832664988986549
combined_equal_weight,combined,equal_weight,2022-05-31,-0.006028189664139598
combined_equal_weight,combined,equal_weight,2022-06-01,-0.016220122078898152
combined_equal_weight,combined,equal_weight,2022-06-02,0.016038562983688612
combined_equal_weight,combined,equal_weight,2022-06-03,-0.011167205710326871
combined_equal_weight,combined,equal_weight,2022-06-06,0.004114461134851154
combined_equal_weight,combined,equal_weight,2022-06-07,0.006713171761886394
combined_equal_weight,combined,equal_weight,2022-06-08,-0.012902858448558421
combined_equal_weight,combined,equal_weight,2022-06-09,-0.020856012455891266
combined_equal_weight,combined,equal_weight,2022-06-10,-0.030024250948289654
combined_equal_weight,combined,equal_weight,2022-06-13,-0.0538369821480716
combined_equal_weight,combined,equal_weight,2022-06-14,-0.003969530564505054
combined_equal_weight,combined,equal_weight,2022-06-15,0.01878484593740649
combined_equal_weight,combined,equal_weight,2022-06-16,-0.040588988288524995
combined_equal_weight,combined,equal_weight,2022-06-17,0.0016221205610190733
combined_equal_weight,combined,equal_weight,2022-06-21,0.018962991896126834
combined_equal_weight,combined,equal_weight,2022-06-22,-0.007612364090035384
combined_equal_weight,combined,equal_weight,2022-06-23,0.00940063045742406
combined_equal_weight,combined,equal_weight,2022-06-24,0.029787842223479268
combined_equal_weight,combined,equal_weight,2022-06-27,-0.0039598196355041144
combined_equal_weight,combined,equal_weight,2022-06-28,-0.014732520911497822
combined_equal_weight,combined,equal_weight,2022-06-29,-0.006139851970863032
combined_equal_weight,combined,equal_weight,2022-06-30,-0.007122608138499191
combined_equal_weight,combined,equal_weight,2022-07-01,0.005155360012899511
combined_equal_weight,combined,equal_weight,2022-07-05,-0.008422948554401274
combined_equal_weight,combined,equal_weight,2022-07-06,0.0026418560591317496
combined_equal_weight,combined,equal_weight,2022-07-07,0.017800561605829865
combined_equal_weight,combined,equal_weight,2022-07-08,-0.004394985112496569
combined_equal_weight,combined,equal_weight,2022-07-11,-0.01559430890263438
combined_equal_weight,combined,equal_weight,2022-07-12,-0.006942971130113015
combined_equal_weight,combined,equal_weight,2022-07-13,0.003753239519482254
combined_equal_weight,combined,equal_weight,2022-07-14,0.0004897137258125411
combined_equal_weight,combined,equal_weight,2022-07-15,0.017626951167765685
combined_equal_weight,combined,equal_weight,2022-07-18,0.015054759435892942
combined_equal_weight,combined,equal_weight,2022-07-19,0.025719242676330637
combined_equal_weight,combined,equal_weight,2022-07-20,-0.003964918888452801
combined_equal_weight,combined,equal_weight,2022-07-21,0.00935168680878642
combined_equal_weight,combined,equal_weight,2022-07-22,-0.006199394750067578
combined_equal_weight,combined,equal_weight,2022-07-25,-0.009862827201626316
combined_equal_weight,combined,equal_weight,2022-07-26,-0.0036498097211556846
combined_equal_weight,combined,equal_weight,2022-07-27,0.028833414021524603
combined_equal_weight,combined,equal_weight,2022-07-28,0.0236883336190188
combined_equal_weight,combined,equal_weight,2022-07-29,0.007085481761083955
combined_equal_weight,combined,equal_weight,2022-08-01,-0.003463816514591548
combined_equal_weight,combined,equal_weight,2022-08-02,-0.011255808165092435
combined_equal_weight,combined,equal_weight,2022-08-03,0.004373514578355017
combined_equal_weight,combined,equal_weight,2022-08-04,-0.000925627505189294
combined_equal_weight,combined,equal_weight,2022-08-05,0.008418504690363232
combined_equal_weight,combined,equal_weight,2022-08-08,0.003619991058590741
combined_equal_weight,combined,equal_weight,2022-08-09,-0.008307027178909028
combined_equal_weight,combined,equal_weight,2022-08-10,0.02218626919486968
combined_equal_weight,combined,equal_weight,2022-08-11,0.007082189160881965
combined_equal_weight,combined,equal_weight,2022-08-12,0.01486156890694116
combined_equal_weight,combined,equal_weight,2022-08-15,0.000837446705154153
combined_equal_weight,combined,equal_weight,2022-08-16,0.0024541113629621674
combined_equal_weight,combined,equal_weight,2022-08-17,-0.007830974910600556
combined_equal_weight,combined,equal_weight,2022-08-18,0.0003828015726132703
combined_equal_weight,combined,equal_weight,2022-08-19,-0.02566249914487716
combined_equal_weight,combined,equal_weight,2022-08-22,-0.012963174834853056
combined_equal_weight,combined,equal_weight,2022-08-23,0.0036687536228416817
combined_equal_weight,combined,equal_weight,2022-08-24,0.0008730315596586687
combined_equal_weight,combined,equal_weight,2022-08-25,0.013227390181737625
combined_equal_weight,combined,equal_weight,2022-08-26,-0.03568844670681814
combined_equal_weight,combined,equal_weight,2022-08-29,0.0044868747741205715
combined_equal_weight,combined,equal_weight,2022-08-30,-0.015858351226891044
combined_equal_weight,combined,equal_weight,2022-08-31,-0.005672496652686302
combined_equal_weight,combined,equal_weight,2022-09-01,0.0034886436672656863
combined_equal_weight,combined,equal_weight,2022-09-02,-0.007038603499564756
combined_equal_weight,combined,equal_weight,2022-09-06,-0.015641627090444456
combined_equal_weight,combined,equal_weight,2022-09-07,0.022838978974063662
combined_equal_weight,combined,equal_weight,2022-09-08,0.00582329124414915
combined_equal_weight,combined,equal_weight,2022-09-09,0.02177344146897903
combined_equal_weight,combined,equal_weight,2022-09-12,0.005615109873927534
combined_equal_weight,combined,equal_weight,2022-09-13,-0.04530563531448812
combined_equal_weight,combined,equal_weight,2022-09-14,0.006059883851888262
combined_equal_weight,combined,equal_weight,2022-09-15,-0.021677294216998644
combined_equal_weight,combined,equal_weight,2022-09-16,-0.003837622437246474
combined_equal_weight,combined,equal_weight,2022-09-19,0.009004582956041361
combined_equal_weight,combined,equal_weight,2022-09-20,-0.012497707203421273
combined_equal_weight,combined,equal_weight,2022-09-21,-0.02091013461785515
combined_equal_weight,combined,equal_weight,2022-09-22,0.004779740878530839
combined_equal_weight,combined,equal_weight,2022-09-23,-0.016008858734630458
combined_equal_weight,combined,equal_weight,2022-09-26,-0.013060181172159447
combined_equal_weight,combined,equal_weight,2022-09-27,-0.0063838131655827475
combined_equal_weight,combined,equal_weight,2022-09-28,0.017099551578298247
combined_equal_weight,combined,equal_weight,2022-09-29,-0.010667825099177401
combined_equal_weight,combined,equal_weight,2022-09-30,-0.013114932780618175
combined_equal_weight,combined,equal_weight,2022-10-03,0.030449618306372543
combined_equal_weight,combined,equal_weight,2022-10-04,0.028877504211823044
combined_equal_weight,combined,equal_weight,2022-10-05,-0.003266676595005898
combined_equal_weight,combined,equal_weight,2022-10-06,-0.010141035436298847
combined_equal_weight,combined,equal_weight,2022-10-07,-0.020192731820149988
combined_equal_weight,combined,equal_weight,2022-10-10,-0.012316381544783976
combined_equal_weight,combined,equal_weight,2022-10-11,-0.005831707058143753
combined_equal_weight,combined,equal_weight,2022-10-12,-0.004097933364832378
combined_equal_weight,combined,equal_weight,2022-10-13,0.022351742989924876
combined_equal_weight,combined,equal_weight,2022-10-14,-0.015141824641345804
combined_equal_weight,combined,equal_weight,2022-10-17,0.01835114329991879
combined_equal_weight,combined,equal_weight,2022-10-18,0.0074877205933226824
combined_equal_weight,combined,equal_weight,2022-10-19,-0.009797062066869849
combined_equal_weight,combined,equal_weight,2022-10-20,-0.0035544299979239323
combined_equal_weight,combined,equal_weight,2022-10-21,0.022855399973065585
combined_equal_weight,combined,equal_weight,2022-10-24,0.004079824650627539
combined_equal_weight,combined,equal_weight,2022-10-25,0.0212580757744552
combined_equal_weight,combined,equal_weight,2022-10-26,0.007800824134907793
combined_equal_weight,combined,equal_weight,2022-10-27,-0.003190626177649615
combined_equal_weight,combined,equal_weight,2022-10-28,0.022869872857671298
combined_equal_weight,combined,equal_weight,2022-10-31,-0.00617299496858336
combined_equal_weight,combined,equal_weight,2022-11-01,0.0011665474279613675
combined_equal_weight,combined,equal_weight,2022-11-02,-0.016671641335631832
combined_equal_weight,combined,equal_weight,2022-11-03,0.0007802362265033827
combined_equal_weight,combined,equal_weight,2022-11-04,0.027015952766488233
combined_equal_weight,combined,equal_weight,2022-11-07,0.006310875560846254
combined_equal_weight,combined,equal_weight,2022-11-08,-0.014596263292338445
combined_equal_weight,combined,equal_weight,2022-11-09,-0.04063839833182055
combined_equal_weight,combined,equal_weight,2022-11-10,0.06424290176374234
combined_equal_weight,combined,equal_weight,2022-11-11,0.007320612077648076
combined_equal_weight,combined,equal_weight,2022-11-14,-0.003986421525270765
combined_equal_weight,combined,equal_weight,2022-11-15,0.010564233388794622
combined_equal_weight,combined,equal_weight,2022-11-16,-0.012083712587783688
combined_equal_weight,combined,equal_weight,2022-11-17,-0.0007720131980038529
combined_equal_weight,combined,equal_weight,2022-11-18,0.004472640588719124
combined_equal_weight,combined,equal_weight,2022-11-21,-0.0015233819110134048
combined_equal_weight,combined,equal_weight,2022-11-22,0.01886351226325997
combined_equal_weight,combined,equal_weight,2022-11-23,0.0105060317867192
combined_equal_weight,combined,equal_weight,2022-11-25,-0.0010043940441359484
combined_equal_weight,combined,equal_weight,2022-11-28,-0.01829674071716298
combined_equal_weight,combined,equal_weight,2022-11-29,0.006186443576615541
combined_equal_weight,combined,equal_weight,2022-11-30,0.02556817857100139
combined_equal_weight,combined,equal_weight,2022-12-01,-0.003572930901665892
combined_equal_weight,combined,equal_weight,2022-12-02,0.0026965231029986254
combined_equal_weight,combined,equal_weight,2022-12-05,-0.014667707926401027
combined_equal_weight,combined,equal_weight,2022-12-06,-0.009151359407889487
combined_equal_weight,combined,equal_weight,2022-12-07,-0.004211508569810515
combined_equal_weight,combined,equal_weight,2022-12-08,0.00946245307825965
combined_equal_weight,combined,equal_weight,2022-12-09,-0.009380742643873305
combined_equal_weight,combined,equal_weight,2022-12-12,0.013275269436103358
combined_equal_weight,combined,equal_weight,2022-12-13,0.011124259923503913
combined_equal_weight,combined,equal_weight,2022-12-14,-0.00912419882203184
combined_equal_weight,combined,equal_weight,2022-12-15,-0.02185459941049559
combined_equal_weight,combined,equal_weight,2022-12-16,-0.021433041196333935
combined_equal_weight,combined,equal_weight,2022-12-19,-0.01040843567084374
combined_equal_weight,combined,equal_weight,2022-12-20,0.008289737527466146
combined_equal_weight,combined,equal_weight,2022-12-21,0.014351999990703966
combined_equal_weight,combined,equal_weight,2022-12-22,-0.008706915394914168
combined_equal_weight,combined,equal_weight,2022-12-23,0.0062538160718763215
combined_equal_weight,combined,equal_weight,2022-12-27,-0.001280774201587515
combined_equal_weight,combined,equal_weight,2022-12-28,-0.014904028652020852
combined_equal_weight,combined,equal_weight,2022-12-29,0.01109696892567061
combined_equal_weight,combined,equal_weight,2022-12-30,-0.0016157088693379697
combined_equal_weight,combined,equal_weight,2023-01-03,0.0014249108631881687
combined_equal_weight,combined,equal_weight,2023-01-04,0.021577846306090314
combined_equal_weight,combined,equal_weight,2023-01-05,-0.008337131130038955
combined_equal_weight,combined,equal_weight,2023-01-06,0.02362356852219075
combined_equal_weight,combined,equal_weight,2023-01-09,0.004542415255479524
combined_equal_weight,combined,equal_weight,2023-01-10,0.007496925307921916
combined_equal_weight,combined,equal_weight,2023-01-11,0.01309299476339285
combined_equal_weight,combined,equal_weight,2023-01-12,0.010497422961632493
combined_equal_weight,combined,equal_weight,2023-01-13,0.008842389638227881
combined_equal_weight,combined,equal_weight,2023-01-17,-0.004256545449312347
combined_equal_weight,combined,equal_weight,2023-01-18,-0.020821729268868747
combined_equal_weight,combined,equal_weight,2023-01-19,-0.0022152843872535943
combined_equal_weight,combined,equal_weight,2023-01-20,0.02455303380445251
combined_equal_weight,combined,equal_weight,2023-01-23,0.013565206495896686
combined_equal_weight,combined,equal_weight,2023-01-24,-0.01030219044694763
combined_equal_weight,combined,equal_weight,2023-01-25,0.007334892725346275
combined_equal_weight,combined,equal_weight,2023-01-26,0.006837959562089141
combined_equal_weight,combined,equal_weight,2023-01-27,0.001024701456108765
combined_equal_weight,combined,equal_weight,2023-01-30,-0.01760959243515246
combined_equal_weight,combined,equal_weight,2023-01-31,0.013446790531768015
combined_equal_weight,combined,equal_weight,2023-02-01,0.009731505056982968
combined_equal_weight,combined,equal_weight,2023-02-02,-0.0003165818495885314
combined_equal_weight,combined,equal_weight,2023-02-03,-0.008436295092939512
combined_equal_weight,combined,equal_weight,2023-02-06,-0.006955920478255129
combined_equal_weight,combined,equal_weight,2023-02-07,0.015520453650503701
combined_equal_weight,combined,equal_weight,2023-02-08,-0.010543561587762044
combined_equal_weight,combined,equal_weight,2023-02-09,-0.018081240640713925
combined_equal_weight,combined,equal_weight,2023-02-10,0.005848146581872968
combined_equal_weight,combined,equal_weight,2023-02-13,0.006847272023867136
combined_equal_weight,combined,equal_weight,2023-02-14,0.004566798574443217
combined_equal_weight,combined,equal_weight,2023-02-15,0.011133095782415997
combined_equal_weight,combined,equal_weight,2023-02-16,-0.019444903854261397
combined_equal_weight,combined,equal_weight,2023-02-17,0.005975289632497067
combined_equal_weight,combined,equal_weight,2023-02-21,-0.018026190903352324
combined_equal_weight,combined,equal_weight,2023-02-22,-0.005777713031364516
combined_equal_weight,combined,equal_weight,2023-02-23,0.0026418552066099334
combined_equal_weight,combined,equal_weight,2023-02-24,-0.013898130275132457
combined_equal_weight,combined,equal_weight,2023-02-27,0.0007153760494190716
combined_equal_weight,combined,equal_weight,2023-02-28,-0.005776214328606236
combined_equal_weight,combined,equal_weight,2023-03-01,0.0034743615811126615
combined_equal_weight,combined,equal_weight,2023-03-02,0.008197848482987158
combined_equal_weight,combined,equal_weight,2023-03-03,0.007156371150729755
combined_equal_weight,combined,equal_weight,2023-03-06,-0.002210598913876606
combined_equal_weight,combined,equal_weight,2023-03-07,-0.01579344955971177
combined_equal_weight,combined,equal_weight,2023-03-08,-0.0017458602355268174
combined_equal_weight,combined,equal_weight,2023-03-09,-0.024067529760063724
combined_equal_weight,combined,equal_weight,2023-03-10,-0.0116544377134884
combined_equal_weight,combined,equal_weight,2023-03-13,0.0038966276831516656
combined_equal_weight,combined,equal_weight,2023-03-14,0.01543448776751518
combined_equal_weight,combined,equal_weight,2023-03-15,-0.015733653075184057
combined_equal_weight,combined,equal_weight,2023-03-16,0.015072340931199956
combined_equal_weight,combined,equal_weight,2023-03-17,0.0006654306063400341
combined_equal_weight,combined,equal_weight,2023-03-20,0.003296341301933904
combined_equal_weight,combined,equal_weight,2023-03-21,0.018200006240798722
combined_equal_weight,combined,equal_weight,2023-03-22,-0.024900709250967743
combined_equal_weight,combined,equal_weight,2023-03-23,0.009553968137143565
combined_equal_weight,combined,equal_weight,2023-03-24,0.001758221710139906
combined_equal_weight,combined,equal_weight,2023-03-27,5.056430159389451e-05
combined_equal_weight,combined,equal_weight,2023-03-28,0.006270288870840618
combined_equal_weight,combined,equal_weight,2023-03-29,0.018039999357188065
combined_equal_weight,combined,equal_weight,2023-03-30,0.00408034399284598
combined_equal_weight,combined,equal_weight,2023-03-31,0.014052401270395525
combined_equal_weight,combined,equal_weight,2023-04-03,0.005473537217209086
combined_equal_weight,combined,equal_weight,2023-04-04,-0.002859797580573319
combined_equal_weight,combined,equal_weight,2023-04-05,0.003963165046574712
combined_equal_weight,combined,equal_weight,2023-04-06,-0.001738571975603477
combined_equal_weight,combined,equal_weight,2023-04-10,0.006668235918680417
combined_equal_weight,combined,equal_weight,2023-04-11,0.0027582739087814593
combined_equal_weight,combined,equal_weight,2023-04-12,-0.0025137734982581803
combined_equal_weight,combined,equal_weight,2023-04-13,0.009797738614448786
combined_equal_weight,combined,equal_weight,2023-04-14,-0.002151848161317412
combined_equal_weight,combined,equal_weight,2023-04-17,-0.00017898754494422313
combined_equal_weight,combined,equal_weight,2023-04-18,0.0036955475627650316
combined_equal_weight,combined,equal_weight,2023-04-19,-0.01037755217078172
combined_equal_weight,combined,equal_weight,2023-04-20,-0.008598427396778796
combined_equal_weight,combined,equal_weight,2023-04-21,-0.006652282556334661
combined_equal_weight,combined,equal_weight,2023-04-24,0.0006551150759545679
combined_equal_weight,combined,equal_weight,2023-04-25,-0.009822316580608262
combined_equal_weight,combined,equal_weight,2023-04-26,-0.012743349436160532
combined_equal_weight,combined,equal_weight,2023-04-27,0.01450522803254847
combined_equal_weight,combined,equal_weight,2023-04-28,0.008237788794501658
combined_equal_weight,combined,equal_weight,2023-05-01,-0.00570146063816566
combined_equal_weight,combined,equal_weight,2023-05-02,-0.011747208359544013
combined_equal_weight,combined,equal_weight,2023-05-03,-0.008970442194808559
combined_equal_weight,combined,equal_weight,2023-05-04,-0.006272280245434502
combined_equal_weight,combined,equal_weight,2023-05-05,0.017790757893055016
combined_equal_weight,combined,equal_weight,2023-05-08,-0.006565942383559852
combined_equal_weight,combined,equal_weight,2023-05-09,-0.0009591240054541958
combined_equal_weight,combined,equal_weight,2023-05-10,-0.0017262503055987337
combined_equal_weight,combined,equal_weight,2023-05-11,-0.01099856486143688
combined_equal_weight,combined,equal_weight,2023-05-12,0.00039231479505691657
combined_equal_weight,combined,equal_weight,2023-05-15,0.005038405708650574
combined_equal_weight,combined,equal_weight,2023-05-16,-0.011631774933750448
combined_equal_weight,combined,equal_weight,2023-05-17,0.01256814166987443
combined_equal_weight,combined,equal_weight,2023-05-18,0.0030731992919817803
combined_equal_weight,combined,equal_weight,2023-05-19,-0.0015513905797365339
combined_equal_weight,combined,equal_weight,2023-05-22,0.002112644448776885
combined_equal_weight,combined,equal_weight,2023-05-23,-0.004500023913253846
combined_equal_weight,combined,equal_weight,2023-05-24,-0.012668313780372564
combined_equal_weight,combined,equal_weight,2023-05-25,0.0014412299486323923
combined_equal_weight,combined,equal_weight,2023-05-26,0.010049124967540934
combined_equal_weight,combined,equal_weight,2023-05-30,0.0003605499633835649
combined_equal_weight,combined,equal_weight,2023-05-31,-0.0066962128241833075
combined_equal_weight,combined,equal_weight,2023-06-01,0.0031227568803515173
combined_equal_weight,combined,equal_weight,2023-06-02,0.021282751043644816
combined_equal_weight,combined,equal_weight,2023-06-05,-0.014304147821427552
combined_equal_weight,combined,equal_weight,2023-06-06,0.00917222757348183
combined_equal_weight,combined,equal_weight,2023-06-07,0.0015316519773347992
combined_equal_weight,combined,equal_weight,2023-06-08,0.004357213767002688
combined_equal_weight,combined,equal_weight,2023-06-09,-0.004144730837880432
combined_equal_weight,combined,equal_weight,2023-06-12,0.004500408396145133
combined_equal_weight,combined,equal_weight,2023-06-13,0.006663197524819842
combined_equal_weight,combined,equal_weight,2023-06-14,-0.006748479297363783
combined_equal_weight,combined,equal_weight,2023-06-15,0.009369873786270492
combined_equal_weight,combined,equal_weight,2023-06-16,0.0021250111427015077
combined_equal_weight,combined,equal_weight,2023-06-20,-0.006671144902549474
combined_equal_weight,combined,equal_weight,2023-06-21,0.008252052759138184
combined_equal_weight,combined,equal_weight,2023-06-22,-0.005417455296094481
combined_equal_weight,combined,equal_weight,2023-06-23,0.007775744277373207
combined_equal_weight,combined,equal_weight,2023-06-26,0.008146444805190991
combined_equal_weight,combined,equal_weight,2023-06-27,0.010101255284288842
combined_equal_weight,combined,equal_weight,2023-06-28,-0.0083580127847497
combined_equal_weight,combined,equal_weight,2023-06-29,0.01188607686697866
combined_equal_weight,combined,equal_weight,2023-06-30,0.026428017492046513
combined_equal_weight,combined,equal_weight,2023-07-03,0.003877257598172458
combined_equal_weight,combined,equal_weight,2023-07-05,-0.006054391780700197
combined_equal_weight,combined,equal_weight,2023-07-06,-0.01415762396062973
combined_equal_weight,combined,equal_weight,2023-07-07,0.0034074946810157885
combined_equal_weight,combined,equal_weight,2023-07-10,0.005987818875117203
combined_equal_weight,combined,equal_weight,2023-07-11,0.011998215886061805
combined_equal_weight,combined,equal_weight,2023-07-12,0.006223740308397323
combined_equal_weight,combined,equal_weight,2023-07-13,0.03553837192057655
combined_equal_weight,combined,equal_weight,2023-07-14,-0.01787120537866748
combined_equal_weight,combined,equal_weight,2023-07-17,-0.003622439587102414
combined_equal_weight,combined,equal_weight,2023-07-18,0.0055988923662494035
combined_equal_weight,combined,equal_weight,2023-07-19,0.0108703299928115
combined_equal_weight,combined,equal_weight,2023-07-20,0.0012228144668174784
combined_equal_weight,combined,equal_weight,2023-07-21,0.0025546112327882176
combined_equal_weight,combined,equal_weight,2023-07-24,-0.0027657687744185233
combined_equal_weight,combined,equal_weight,2023-07-25,0.0028540068496084488
combined_equal_weight,combined,equal_weight,2023-07-26,0.004721951529379687
combined_equal_weight,combined,equal_weight,2023-07-27,-0.0033061844101043157
combined_equal_weight,combined,equal_weight,2023-07-28,0.004861743914619557
combined_equal_weight,combined,equal_weight,2023-07-31,0.00031392955890448856
combined_equal_weight,combined,equal_weight,2023-08-01,-0.0016767673196569446
combined_equal_weight,combined,equal_weight,2023-08-02,-0.017682873787711908
combined_equal_weight,combined,equal_weight,2023-08-03,-0.007006023077331102
combined_equal_weight,combined,equal_weight,2023-08-04,-0.003071386616543979
combined_equal_weight,combined,equal_weight,2023-08-07,0.007938148797194558
combined_equal_weight,combined,equal_weight,2023-08-08,-0.0004702881177856671
combined_equal_weight,combined,equal_weight,2023-08-09,-0.0019722463911961735
combined_equal_weight,combined,equal_weight,2023-08-10,-0.000837106921984579
combined_equal_weight,combined,equal_weight,2023-08-11,0.0010559489054877164
combined_equal_weight,combined,equal_weight,2023-08-14,0.0015802657905637442
combined_equal_weight,combined,equal_weight,2023-08-15,-0.015531967440824508
combined_equal_weight,combined,equal_weight,2023-08-16,-0.013079900370537429
combined_equal_weight,combined,equal_weight,2023-08-17,-0.017546229673732358
combined_equal_weight,combined,equal_weight,2023-08-18,0.0023248234226341197
combined_equal_weight,combined,equal_weight,2023-08-21,-0.002017383304538676
combined_equal_weight,combined,equal_weight,2023-08-22,-0.006287204764311433
combined_equal_weight,combined,equal_weight,2023-08-23,0.010660441207905718
combined_equal_weight,combined,equal_weight,2023-08-24,-0.0121895763071201
combined_equal_weight,combined,equal_weight,2023-08-25,0.003943689414144299
combined_equal_weight,combined,equal_weight,2023-08-28,0.006168449211012773
combined_equal_weight,combined,equal_weight,2023-08-29,0.0180031834643103
combined_equal_weight,combined,equal_weight,2023-08-30,-0.0019844834195806692
combined_equal_weight,combined,equal_weight,2023-08-31,-0.008033212263134347
combined_equal_weight,combined,equal_weight,2023-09-01,0.001219440181121436
combined_equal_weight,combined,equal_weight,2023-09-05,-0.007496349048565308
combined_equal_weight,combined,equal_weight,2023-09-06,-0.0032520573177904806
combined_equal_weight,combined,equal_weight,2023-09-07,0.0010731399332673758
combined_equal_weight,combined,equal_weight,2023-09-08,0.0013473272911345298
combined_equal_weight,combined,equal_weight,2023-09-11,-0.0031575854155839194
combined_equal_weight,combined,equal_weight,2023-09-12,0.005239686446758539
combined_equal_weight,combined,equal_weight,2023-09-13,0.000913043556767791
combined_equal_weight,combined,equal_weight,2023-09-14,0.012821202760446586
combined_equal_weight,combined,equal_weight,2023-09-15,-0.005749318547693783
combined_equal_weight,combined,equal_weight,2023-09-18,0.0032098002317065017
combined_equal_weight,combined,equal_weight,2023-09-19,-0.0015341090725698595
combined_equal_weight,combined,equal_weight,2023-09-20,-0.006168549932764768
combined_equal_weight,combined,equal_weight,2023-09-21,-0.01863486542859994
combined_equal_weight,combined,equal_weight,2023-09-22,-0.002614743887827871
combined_equal_weight,combined,equal_weight,2023-09-25,0.003252157224244967
combined_equal_weight,combined,equal_weight,2023-09-26,-0.010399747698289611
combined_equal_weight,combined,equal_weight,2023-09-27,0.0006402958683797823
combined_equal_weight,combined,equal_weight,2023-09-28,0.007786180332635634
combined_equal_weight,combined,equal_weight,2023-09-29,-0.0003139107010089888
combined_equal_weight,combined,equal_weight,2023-10-02,-0.015670879792627778
combined_equal_weight,combined,equal_weight,2023-10-03,-0.007303737467810603
combined_equal_weight,combined,equal_weight,2023-10-04,0.00016970758172449567
combined_equal_weight,combined,equal_weight,2023-10-05,-0.003339514990116086
combined_equal_weight,combined,equal_weight,2023-10-06,0.010425456301674678
combined_equal_weight,combined,equal_weight,2023-10-09,0.002148789816061401
combined_equal_weight,combined,equal_weight,2023-10-10,0.005695234832265444
combined_equal_weight,combined,equal_weight,2023-10-11,0.0014398492689030886
combined_equal_weight,combined,equal_weight,2023-10-12,-0.008207640861943994
combined_equal_weight,combined,equal_weight,2023-10-13,0.0018009377386754624
combined_equal_weight,combined,equal_weight,2023-10-16,0.013137942420117434
combined_equal_weight,combined,equal_weight,2023-10-17,-0.0006917087826885195
combined_equal_weight,combined,equal_weight,2023-10-18,-0.013077910958333713
combined_equal_weight,combined,equal_weight,2023-10-19,-0.005176034348267213
combined_equal_weight,combined,equal_weight,2023-10-20,-0.004201803240117234
combined_equal_weight,combined,equal_weight,2023-10-23,0.003924553753978003
combined_equal_weight,combined,equal_weight,2023-10-24,0.008855076247597857
combined_equal_weight,combined,equal_weight,2023-10-25,-0.00943440106292551
combined_equal_weight,combined,equal_weight,2023-10-26,-0.0019911215770202022
combined_equal_weight,combined,equal_weight,2023-10-27,-0.010344366523265706
combined_equal_weight,combined,equal_weight,2023-10-30,0.01025101970249221
combined_equal_weight,combined,equal_weight,2023-10-31,0.006520622652073765
combined_equal_weight,combined,equal_weight,2023-11-01,0.007473146689076639
combined_equal_weight,combined,equal_weight,2023-11-02,0.01961090539855489
combined_equal_weight,combined,equal_weight,2023-11-03,0.011714272862667265
combined_equal_weight,combined,equal_weight,2023-11-06,0.0012484544929962857
combined_equal_weight,combined,equal_weight,2023-11-07,-0.005639437662915313
combined_equal_weight,combined,equal_weight,2023-11-08,0.0006631869205043767
combined_equal_weight,combined,equal_weight,2023-11-09,-0.00429132616809375
combined_equal_weight,combined,equal_weight,2023-11-10,0.011748119038008459
combined_equal_weight,combined,equal_weight,2023-11-13,-0.0037429271509211845
combined_equal_weight,combined,equal_weight,2023-11-14,0.01504269053310818
combined_equal_weight,combined,equal_weight,2023-11-15,0.011370312341051448
combined_equal_weight,combined,equal_weight,2023-11-16,-0.004645276579931254
combined_equal_weight,combined,equal_weight,2023-11-17,0.0022783545081475893
combined_equal_weight,combined,equal_weight,2023-11-20,0.0018547464294218288
combined_equal_weight,combined,equal_weight,2023-11-21,-0.010679648038462573
combined_equal_weight,combined,equal_weight,2023-11-22,0.008774662838357655
combined_equal_weight,combined,equal_weight,2023-11-24,0.00371573552694663
combined_equal_weight,combined,equal_weight,2023-11-27,-0.003395629622970448
combined_equal_weight,combined,equal_weight,2023-11-28,0.0033733926529285214
combined_equal_weight,combined,equal_weight,2023-11-29,0.0039133154180927875
combined_equal_weight,combined,equal_weight,2023-11-30,0.00469388779452676
combined_equal_weight,combined,equal_weight,2023-12-01,0.01043124393858339
combined_equal_weight,combined,equal_weight,2023-12-04,0.002627212778261762
combined_equal_weight,combined,equal_weight,2023-12-05,-0.001189283086037647
combined_equal_weight,combined,equal_weight,2023-12-06,-0.0003529058806410266
combined_equal_weight,combined,equal_weight,2023-12-07,0.008169124287219009
combined_equal_weight,combined,equal_weight,2023-12-08,0.011199976001627466
combined_equal_weight,combined,equal_weight,2023-12-11,-0.006655269270754143
combined_equal_weight,combined,equal_weight,2023-12-12,0.002071512799819142
combined_equal_weight,combined,equal_weight,2023-12-13,0.02316881714037761
combined_equal_weight,combined,equal_weight,2023-12-14,0.012722580266266827
combined_equal_weight,combined,equal_weight,2023-12-15,-0.009637332445956928
combined_equal_weight,combined,equal_weight,2023-12-18,-0.0006932231056585061
combined_equal_weight,combined,equal_weight,2023-12-19,0.004221252456811319
combined_equal_weight,combined,equal_weight,2023-12-20,-0.009156585546862463
combined_equal_weight,combined,equal_weight,2023-12-21,0.011941213180798195
combined_equal_weight,combined,equal_weight,2023-12-22,0.004243675462445158
combined_equal_weight,combined,equal_weight,2023-12-26,0.001531323333259299
combined_equal_weight,combined,equal_weight,2023-12-27,0.010330503028107783
combined_equal_weight,combined,equal_weight,2023-12-28,-0.0006514886312369282
combined_equal_weight,combined,equal_weight,2023-12-29,-0.00589346068915315
combined_min_variance,combined,min_variance,2021-01-04,0.0027266209219812577
combined_min_variance,combined,min_variance,2021-01-05,0.0012525019374819686
combined_min_variance,combined,min_variance,2021-01-06,0.006354548126555316
combined_min_variance,combined,min_variance,2021-01-07,0.00637969841831174
combined_min_variance,combined,min_variance,2021-01-08,-0.0027188164697221563
combined_min_variance,combined,min_variance,2021-01-11,2.1192656292651907e-06
combined_min_variance,combined,min_variance,2021-01-12,0.0007856714636096185
combined_min_variance,combined,min_variance,2021-01-13,-0.0015192660999984978
combined_min_variance,combined,min_variance,2021-01-14,0.0041447904213592806
combined_min_variance,combined,min_variance,2021-01-15,-0.00477399331834752
combined_min_variance,combined,min_variance,2021-01-19,0.010898528547725668
combined_min_variance,combined,min_variance,2021-01-20,0.015080314979278649
combined_min_variance,combined,min_variance,2021-01-21,-0.009669342331157916
combined_min_variance,combined,min_variance,2021-01-22,-0.0008711260552322466
combined_min_variance,combined,min_variance,2021-01-25,0.003828348852012662
combined_min_variance,combined,min_variance,2021-01-26,-0.002683784656177993
combined_min_variance,combined,min_variance,2021-01-27,-0.021167232852202077
combined_min_variance,combined,min_variance,2021-01-28,0.0003946628508832836
combined_min_variance,combined,min_variance,2021-01-29,-0.00968743897381456
combined_min_variance,combined,min_variance,2021-02-01,0.001117224176992736
combined_min_variance,combined,min_variance,2021-02-02,0.006313572207971973
combined_min_variance,combined,min_variance,2021-02-03,-0.002833748945016481
combined_min_variance,combined,min_variance,2021-02-04,0.002191505184528902
combined_min_variance,combined,min_variance,2021-02-05,0.014586948690290162
combined_min_variance,combined,min_variance,2021-02-08,0.002947289707313985
combined_min_variance,combined,min_variance,2021-02-09,-0.001297348395865587
combined_min_variance,combined,min_variance,2021-02-10,-0.006930281862393017
combined_min_variance,combined,min_variance,2021-02-11,-0.005044748305728535
combined_min_variance,combined,min_variance,2021-02-12,0.0042383206267107435
combined_min_variance,combined,min_variance,2021-02-16,-0.009696734309143848
combined_min_variance,combined,min_variance,2021-02-17,0.006735254015731048
combined_min_variance,combined,min_variance,2021-02-18,-0.00976361794980518
combined_min_variance,combined,min_variance,2021-02-19,-0.00768870161453919
combined_min_variance,combined,min_variance,2021-02-22,0.0016767239511711399
combined_min_variance,combined,min_variance,2021-02-23,-0.006597387781228748
combined_min_variance,combined,min_variance,2021-02-24,-0.0002036285925636843
combined_min_variance,combined,min_variance,2021-02-25,-0.008820918068041065
combined_min_variance,combined,min_variance,2021-02-26,-0.0174947182078247
combined_min_variance,combined,min_variance,2021-03-01,0.00896622619703613
combined_min_variance,combined,min_variance,2021-03-02,0.0050766773190222296
combined_min_variance,combined,min_variance,2021-03-03,-0.013156408443386915
combined_min_variance,combined,min_variance,2021-03-04,-0.0028080155568454583
combined_min_variance,combined,min_variance,2021-03-05,0.01547711859449917
combined_min_variance,combined,min_variance,2021-03-08,-0.005018432626640864
combined_min_variance,combined,min_variance,2021-03-09,0.006924839201047594
combined_min_variance,combined,min_variance,2021-03-10,0.009298606696942864
combined_min_variance,combined,min_variance,2021-03-11,-0.0004017512347438005
combined_min_variance,combined,min_variance,2021-03-12,0.005076138679454121
combined_min_variance,combined,min_variance,2021-03-15,0.01403027890140911
combined_min_variance,combined,min_variance,2021-03-16,0.005153348105578285
combined_min_variance,combined,min_variance,2021-03-17,-0.00969926782257833
combined_min_variance,combined,min_variance,2021-03-18,-0.0076435618983149885
combined_min_variance,combined,min_variance,2021-03-19,-0.002738124106881357
combined_min_variance,combined,min_variance,2021-03-22,0.009219398365134933
combined_min_variance,combined,min_variance,2021-03-23,-0.0001013061521960147
combined_min_variance,combined,min_variance,2021-03-24,-0.006186149730318128
combined_min_variance,combined,min_variance,2021-03-25,0.0023924134056294696
combined_min_variance,combined,min_variance,2021-03-26,0.017358354103320206
combined_min_variance,combined,min_variance,2021-03-29,0.01090447924576047
combined_min_variance,combined,min_variance,2021-03-30,-0.009531867877829352
combined_min_variance,combined,min_variance,2021-03-31,0.0013388912245611117
combined_min_variance,combined,min_variance,2021-04-01,0.007191981192174891
combined_min_variance,combined,min_variance,2021-04-05,0.011743423897941486
combined_min_variance,combined,min_variance,2021-04-06,-0.0009036257443219014
combined_min_variance,combined,min_variance,2021-04-07,-0.0020215716497570895
combined_min_variance,combined,min_variance,2021-04-08,0.001005916961876034
combined_min_variance,combined,min_variance,2021-04-09,0.00298429940459613
combined_min_variance,combined,min_variance,2021-04-12,0.0020706299106999218
combined_min_variance,combined,min_variance,2021-04-13,0.0038650584019217175
combined_min_variance,combined,min_variance,2021-04-14,-0.003286848967962585
combined_min_variance,combined,min_variance,2021-04-15,0.009224767297797896
combined_min_variance,combined,min_variance,2021-04-16,0.0013203460170230319
combined_min_variance,combined,min_variance,2021-04-19,-0.002032238973840024
combined_min_variance,combined,min_variance,2021-04-20,0.006015592577659964
combined_min_variance,combined,min_variance,2021-04-21,0.003837031436572478
combined_min_variance,combined,min_variance,2021-04-22,-0.00034901582242312466
combined_min_variance,combined,min_variance,2021-04-23,0.0026361642577430963
combined_min_variance,combined,min_variance,2021-04-26,-0.004611622825315888
combined_min_variance,combined,min_variance,2021-04-27,-0.004101349053996155
combined_min_variance,combined,min_variance,2021-04-28,-0.0005081431913281162
combined_min_variance,combined,min_variance,2021-04-29,0.008254214663191659
combined_min_variance,combined,min_variance,2021-04-30,-0.00011324282820333181
combined_min_variance,combined,min_variance,2021-05-03,0.008363288579747911
combined_min_variance,combined,min_variance,2021-05-04,-0.005757001513657709
combined_min_variance,combined,min_variance,2021-05-05,0.004735681545664963
combined_min_variance,combined,min_variance,2021-05-06,0.007249240648381805
combined_min_variance,combined,min_variance,2021-05-07,0.0005649929032205092
combined_min_variance,combined,min_variance,2021-05-10,0.0035343866008529946
combined_min_variance,combined,min_variance,2021-05-11,-0.007741790009862628
combined_min_variance,combined,min_variance,2021-05-12,-0.015690867264179252
combined_min_variance,combined,min_variance,2021-05-13,0.012291136845549397
combined_min_variance,combined,min_variance,2021-05-14,0.002948685008039446
combined_min_variance,combined,min_variance,2021-05-17,-0.002370729318135401
combined_min_variance,combined,min_variance,2021-05-18,-0.004100373620703202
combined_min_variance,combined,min_variance,2021-05-19,-0.003566393621041455
combined_min_variance,combined,min_variance,2021-05-20,0.011155829482966126
combined_min_variance,combined,min_variance,2021-05-21,-0.0029698768495417744
combined_min_variance,combined,min_variance,2021-05-24,0.00027903546522423757
combined_min_variance,combined,min_variance,2021-05-25,-0.0054638196325906335
combined_min_variance,combined,min_variance,2021-05-26,0.0014621349706958058
combined_min_variance,combined,min_variance,2021-05-27,-0.004925562670217981
combined_min_variance,combined,min_variance,2021-05-28,0.00044879008978172233
combined_min_variance,combined,min_variance,2021-06-01,-0.00435221150937701
combined_min_variance,combined,min_variance,2021-06-02,0.0013085671085621394
combined_min_variance,combined,min_variance,2021-06-03,0.004236521352390829
combined_min_variance,combined,min_variance,2021-06-04,0.005774959604918779
combined_min_variance,combined,min_variance,2021-06-07,-0.004501883242929939
combined_min_variance,combined,min_variance,2021-06-08,-0.005369451457088862
combined_min_variance,combined,min_variance,2021-06-09,0.0051407201752769124
combined_min_variance,combined,min_variance,2021-06-10,0.008313140869898617
combined_min_variance,combined,min_variance,2021-06-11,0.001727416373255292
combined_min_variance,combined,min_variance,2021-06-14,0.00040869524848602244
combined_min_variance,combined,min_variance,2021-06-15,-0.004462104721961229
combined_min_variance,combined,min_variance,2021-06-16,-0.010971439657956859
combined_min_variance,combined,min_variance,2021-06-17,-2.2486699640071627e-05
combined_min_variance,combined,min_variance,2021-06-18,-0.010856524343727837
combined_min_variance,combined,min_variance,2021-06-21,0.009524009872833023
combined_min_variance,combined,min_variance,2021-06-22,-0.0011570841080827488
combined_min_variance,combined,min_variance,2021-06-23,-0.007079409370874045
combined_min_variance,combined,min_variance,2021-06-24,0.005655674753722526
combined_min_variance,combined,min_variance,2021-06-25,0.010739109250168624
combined_min_variance,combined,min_variance,2021-06-28,0.002069423327005798
combined_min_variance,combined,min_variance,2021-06-29,-0.00280068772733227
combined_min_variance,combined,min_variance,2021-06-30,0.007320427791505815
combined_min_variance,combined,min_variance,2021-07-01,0.0034061470486430995
combined_min_variance,combined,min_variance,2021-07-02,0.005107686153386492
combined_min_variance,combined,min_variance,2021-07-06,-0.0021193236609944664
combined_min_variance,combined,min_variance,2021-07-07,0.002359995502136562
combined_min_variance,combined,min_variance,2021-07-08,-0.005172855391197539
combined_min_variance,combined,min_variance,2021-07-09,0.00680104371479574
combined_min_variance,combined,min_variance,2021-07-12,0.001954153193913859
combined_min_variance,combined,min_variance,2021-07-13,-0.002781255967697647
combined_min_variance,combined,min_variance,2021-07-14,0.004229516739090001
combined_min_variance,combined,min_variance,2021-07-15,0.0012718560380886434
combined_min_variance,combined,min_variance,2021-07-16,-0.0015244265493470942
combined_min_variance,combined,min_variance,2021-07-19,-0.013968543751543681
combined_min_variance,combined,min_variance,2021-07-20,0.0050673059907548855
combined_min_variance,combined,min_variance,2021-07-21,-0.001458187773122054
combined_min_variance,combined,min_variance,2021-07-22,1.809917253232804e-05
combined_min_variance,combined,min_variance,2021-07-23,0.010225397793900953
combined_min_variance,combined,min_variance,2021-07-26,0.0011059428279549773
combined_min_variance,combined,min_variance,2021-07-27,0.0013007866358330337
combined_min_variance,combined,min_variance,2021-07-28,-0.001254791687240229
combined_min_variance,combined,min_variance,2021-07-29,-0.000517144309688922
combined_min_variance,combined,min_variance,2021-07-30,-0.002656016264279461
combined_min_variance,combined,min_variance,2021-08-02,-0.001345918509560988
combined_min_variance,combined,min_variance,2021-08-03,0.00035309203277808325
combined_min_variance,combined,min_variance,2021-08-04,-0.007835026773611722
combined_min_variance,combined,min_variance,2021-08-05,0.004758580126611428
combined_min_variance,combined,min_variance,2021-08-06,-0.0009411972904042127
combined_min_variance,combined,min_variance,2021-08-09,0.0012126383372289564
combined_min_variance,combined,min_variance,2021-08-10,0.004528881139612207
combined_min_variance,combined,min_variance,2021-08-11,0.005012269569026454
combined_min_variance,combined,min_variance,2021-08-12,0.002766310414167705
combined_min_variance,combined,min_variance,2021-08-13,0.004416782203984091
combined_min_variance,combined,min_variance,2021-08-16,0.006362956751126344
combined_min_variance,combined,min_variance,2021-08-17,0.0022670283359636323
combined_min_variance,combined,min_variance,2021-08-18,-0.010842060516096414
combined_min_variance,combined,min_variance,2021-08-19,0.001875597522240983
combined_min_variance,combined,min_variance,2021-08-20,0.004104079835429752
combined_min_variance,combined,min_variance,2021-08-23,-0.0014501063598133387
combined_min_variance,combined,min_variance,2021-08-24,-0.005774882683867031
combined_min_variance,combined,min_variance,2021-08-25,-0.003240608365627691
combined_min_variance,combined,min_variance,2021-08-26,-0.006493461035436314
combined_min_variance,combined,min_variance,2021-08-27,0.0022100002489929367
combined_min_variance,combined,min_variance,2021-08-30,0.0035369955085740802
combined_min_variance,combined,min_variance,2021-08-31,0.0038707836149148044
combined_min_variance,combined,min_variance,2021-09-01,0.0012057744501659758
combined_min_variance,combined,min_variance,2021-09-02,0.0066123796066698045
combined_min_variance,combined,min_variance,2021-09-03,-0.0011663977817548124
combined_min_variance,combined,min_variance,2021-09-07,-0.01537305359562251
combined_min_variance,combined,min_variance,2021-09-08,0.005025247808755845
combined_min_variance,combined,min_variance,2021-09-09,-0.011120297973500708
combined_min_variance,combined,min_variance,2021-09-10,-0.007853114957332746
combined_min_variance,combined,min_variance,2021-09-13,-0.0007364536858521092
combined_min_variance,combined,min_variance,2021-09-14,-0.004880063895728374
combined_min_variance,combined,min_variance,2021-09-15,0.0034315628211796312
combined_min_variance,combined,min_variance,2021-09-16,-0.004929578798784127
combined_min_variance,combined,min_variance,2021-09-17,-0.008420388703426526
combined_min_variance,combined,min_variance,2021-09-20,-0.009699150307263555
combined_min_variance,combined,min_variance,2021-09-21,-0.004483674034390944
combined_min_variance,combined,min_variance,2021-09-22,0.001105800244840398
combined_min_variance,combined,min_variance,2021-09-23,0.0031694282262987317
combined_min_variance,combined,min_variance,2021-09-24,-0.0032390030807690796
combined_min_variance,combined,min_variance,2021-09-27,-0.0032604890271204774
combined_min_variance,combined,min_variance,2021-09-28,-0.005527648874340202
combined_min_variance,combined,min_variance,2021-09-29,0.008970426069659785
combined_min_variance,combined,min_variance,2021-09-30,-0.009139645078257558
combined_min_variance,combined,min_variance,2021-10-01,0.014312777760566293
combined_min_variance,combined,min_variance,2021-10-04,0.002516294120237429
combined_min_variance,combined,min_variance,2021-10-05,0.0007777411248580227
combined_min_variance,combined,min_variance,2021-10-06,0.0023473084923880177
combined_min_variance,combined,min_variance,2021-10-07,0.008657360477900382
combined_min_variance,combined,min_variance,2021-10-08,-0.005242127905540723
combined_min_variance,combined,min_variance,2021-10-11,-0.008771580103486103
combined_min_variance,combined,min_variance,2021-10-12,-0.0007744233565544448
combined_min_variance,combined,min_variance,2021-10-13,0.0006857679067669472
combined_min_variance,combined,min_variance,2021-10-14,0.008791399674023712
combined_min_variance,combined,min_variance,2021-10-15,-0.0007110219856702228
combined_min_variance,combined,min_variance,2021-10-18,-0.0015052610936359696
combined_min_variance,combined,min_variance,2021-10-19,0.013459906301064528
combined_min_variance,combined,min_variance,2021-10-20,0.010319296232479822
combined_min_variance,combined,min_variance,2021-10-21,0.005699956015657188
combined_min_variance,combined,min_variance,2021-10-22,0.0025860938488793516
combined_min_variance,combined,min_variance,2021-10-25,0.00451095214491099
combined_min_variance,combined,min_variance,2021-10-26,9.20310165979253e-05
combined_min_variance,combined,min_variance,2021-10-27,-0.010860791795213869
combined_min_variance,combined,min_variance,2021-10-28,0.018350749647664283
combined_min_variance,combined,min_variance,2021-10-29,-0.0006974745694817335
combined_min_variance,combined,min_variance,2021-11-01,0.00535566369736977
combined_min_variance,combined,min_variance,2021-11-02,0.004709653316130641
combined_min_variance,combined,min_variance,2021-11-03,5.040540300605648e-05
combined_min_variance,combined,min_variance,2021-11-04,0.0007011799007700356
combined_min_variance,combined,min_variance,2021-11-05,-0.012401377421249441
combined_min_variance,combined,min_variance,2021-11-08,0.00192623236555149
combined_min_variance,combined,min_variance,2021-11-09,0.0005171580722536549
combined_min_variance,combined,min_variance,2021-11-10,0.00019981469680153063
combined_min_variance,combined,min_variance,2021-11-11,0.0025476647081213682
combined_min_variance,combined,min_variance,2021-11-12,0.0024538206119587565
combined_min_variance,combined,min_variance,2021-11-15,-0.0026528359991089176
combined_min_variance,combined,min_variance,2021-11-16,-0.004692095976346662
combined_min_variance,combined,min_variance,2021-11-17,-0.0028555655062383932
combined_min_variance,combined,min_variance,2021-11-18,-0.0018381041281057284
combined_min_variance,combined,min_variance,2021-11-19,-0.007798772923912532
combined_min_variance,combined,min_variance,2021-11-22,0.0034818711783330273
combined_min_variance,combined,min_variance,2021-11-23,0.006352853869892151
combined_min_variance,combined,min_variance,2021-11-24,-0.00032907631327738817
combined_min_variance,combined,min_variance,2021-11-26,-0.01475990803819238
combined_min_variance,combined,min_variance,2021-11-29,0.000262198621662978
combined_min_variance,combined,min_variance,2021-11-30,-0.021871672505952264
combined_min_variance,combined,min_variance,2021-12-01,-0.011558574504164195
combined_min_variance,combined,min_variance,2021-12-02,0.014114669968991272
combined_min_variance,combined,min_variance,2021-12-03,0.008921744543197465
combined_min_variance,combined,min_variance,2021-12-06,0.010430940567215672
combined_min_variance,combined,min_variance,2021-12-07,0.002934730239400986
combined_min_variance,combined,min_variance,2021-12-08,0.0009022021154820304
combined_min_variance,combined,min_variance,2021-12-09,-0.002854678362530523
combined_min_variance,combined,min_variance,2021-12-10,0.007716359678854538
combined_min_variance,combined,min_variance,2021-12-13,0.005205544523887078
combined_min_variance,combined,min_variance,2021-12-14,-0.0004112869514746021
combined_min_variance,combined,min_variance,2021-12-15,0.012982336323083807
combined_min_variance,combined,min_variance,2021-12-16,0.010124425687297578
combined_min_variance,combined,min_variance,2021-12-17,-0.01228555680782614
combined_min_variance,combined,min_variance,2021-12-20,0.0021501810511752807
combined_min_variance,combined,min_variance,2021-12-21,0.0031264017709429284
combined_min_variance,combined,min_variance,2021-12-22,0.006506603088437641
combined_min_variance,combined,min_variance,2021-12-23,0.0015975857438979286
combined_min_variance,combined,min_variance,2021-12-27,0.01046836608691212
combined_min_variance,combined,min_variance,2021-12-28,0.004384688765120897
combined_min_variance,combined,min_variance,2021-12-29,0.0011610543091211767
combined_min_variance,combined,min_variance,2021-12-30,0.000705453643678537
combined_min_variance,combined,min_variance,2021-12-31,-0.001104556873567398
combined_min_variance,combined,min_variance,2022-01-03,0.0021406560046878095
combined_min_variance,combined,min_variance,2022-01-04,-0.00041289792209512136
combined_min_variance,combined,min_variance,2022-01-05,-0.0018125677484258729
combined_min_variance,combined,min_variance,2022-01-06,-0.003988921895333153
combined_min_variance,combined,min_variance,2022-01-07,0.004602357754716955
combined_min_variance,combined,min_variance,2022-01-10,-0.000950151924215931
combined_min_variance,combined,min_variance,2022-01-11,0.0035376118772296496
combined_min_variance,combined,min_variance,2022-01-12,0.0009601571565472856
combined_min_variance,combined,min_variance,2022-01-13,-0.0018685423475358043
combined_min_variance,combined,min_variance,2022-01-14,-0.0022096103369439123
combined_min_variance,combined,min_variance,2022-01-18,-0.008920176339945284
combined_min_variance,combined,min_variance,2022-01-19,-0.00042847123651743144
combined_min_variance,combined,min_variance,2022-01-20,-0.010937229478974556
combined_min_variance,combined,min_variance,2022-01-21,-0.004693910814211514
combined_min_variance,combined,min_variance,2022-01-24,-0.00524905050330734
combined_min_variance,combined,min_variance,2022-01-25,-0.004571612880854954
combined_min_variance,combined,min_variance,2022-01-26,-0.01664867486421923
combined_min_variance,combined,min_variance,2022-01-27,0.0006841064188532284
combined_min_variance,combined,min_variance,2022-01-28,0.01550105252549301
combined_min_variance,combined,min_variance,2022-01-31,0.010200216646823287
combined_min_variance,combined,min_variance,2022-02-01,-0.0026029116143717027
combined_min_variance,combined,min_variance,2022-02-02,0.011325819621172389
combined_min_variance,combined,min_variance,2022-02-03,-0.005931240643690082
combined_min_variance,combined,min_variance,2022-02-04,-0.003625931852318462
combined_min_variance,combined,min_variance,2022-02-07,-0.0009286821465601827
combined_min_variance,combined,min_variance,2022-02-08,-0.0013152519754767314
combined_min_variance,combined,min_variance,2022-02-09,0.006545746685878042
combined_min_variance,combined,min_variance,2022-02-10,-0.01734665825747282
combined_min_variance,combined,min_variance,2022-02-11,-0.002937107957003859
combined_min_variance,combined,min_variance,2022-02-14,-0.007893384705077357
combined_min_variance,combined,min_variance,2022-02-15,0.002170169231415448
combined_min_variance,combined,min_variance,2022-02-16,-0.0018264093706738317
combined_min_variance,combined,min_variance,2022-02-17,-0.006883368691014873
combined_min_variance,combined,min_variance,2022-02-18,-0.005434340758908314
combined_min_variance,combined,min_variance,2022-02-22,-0.004055947377145186
combined_min_variance,combined,min_variance,2022-02-23,-0.002469406389826525
combined_min_variance,combined,min_variance,2022-02-24,-0.0012277217368903172
combined_min_variance,combined,min_variance,2022-02-25,0.02624524379498871
combined_min_variance,combined,min_variance,2022-02-28,-0.0047876896492623205
combined_min_variance,combined,min_variance,2022-03-01,-0.0017964376736975267
combined_min_variance,combined,min_variance,2022-03-02,0.01207579204302445
combined_min_variance,combined,min_variance,2022-03-03,0.00856329745882169
combined_min_variance,combined,min_variance,2022-03-04,0.007200610454203943
combined_min_variance,combined,min_variance,2022-03-07,-0.00814752674630852
combined_min_variance,combined,min_variance,2022-03-08,-0.013213922798682755
combined_min_variance,combined,min_variance,2022-03-09,0.003574685177441731
combined_min_variance,combined,min_variance,2022-03-10,0.002430863004981634
combined_min_variance,combined,min_variance,2022-03-11,-0.005125724476406719
combined_min_variance,combined,min_variance,2022-03-14,-0.004748967064704422
combined_min_variance,combined,min_variance,2022-03-15,0.006328907615654578
combined_min_variance,combined,min_variance,2022-03-16,0.004927090763518569
combined_min_variance,combined,min_variance,2022-03-17,0.011288552060399377
combined_min_variance,combined,min_variance,2022-03-18,0.003028465014933115
combined_min_variance,combined,min_variance,2022-03-21,0.002904225189216074
combined_min_variance,combined,min_variance,2022-03-22,0.0041190052359611025
combined_min_variance,combined,min_variance,2022-03-23,-0.008929153517193797
combined_min_variance,combined,min_variance,2022-03-24,0.006296439031648832
combined_min_variance,combined,min_variance,2022-03-25,0.008733061829042408
combined_min_variance,combined,min_variance,2022-03-28,0.005253779771807595
combined_min_variance,combined,min_variance,2022-03-29,0.012427922903471297
combined_min_variance,combined,min_variance,2022-03-30,0.001018366226264017
combined_min_variance,combined,min_variance,2022-03-31,-0.0087352712774262
combined_min_variance,combined,min_variance,2022-04-01,0.009104353757886072
combined_min_variance,combined,min_variance,2022-04-04,0.00279963235204588
combined_min_variance,combined,min_variance,2022-04-05,-0.004500257441743266
combined_min_variance,combined,min_variance,2022-04-06,0.01122068829677111
combined_min_variance,combined,min_variance,2022-04-07,0.0035856602047506705
combined_min_variance,combined,min_variance,2022-04-08,0.007292305474198039
combined_min_variance,combined,min_variance,2022-04-11,-0.01439478956232718
combined_min_variance,combined,min_variance,2022-04-12,0.0027905435597677525
combined_min_variance,combined,min_variance,2022-04-13,0.006196129109328888
combined_min_variance,combined,min_variance,2022-04-14,0.0018040111100404296
combined_min_variance,combined,min_variance,2022-04-18,-0.004396508766152182
combined_min_variance,combined,min_variance,2022-04-19,0.008281932892825694
combined_min_variance,combined,min_variance,2022-04-20,0.0030672728762278934
combined_min_variance,combined,min_variance,2022-04-21,-0.010267399516333642
combined_min_variance,combined,min_variance,2022-04-22,-0.016062947718720355
combined_min_variance,combined,min_variance,2022-04-25,-0.0013572588196330115
combined_min_variance,combined,min_variance,2022-04-26,-0.015729457440505416
combined_min_variance,combined,min_variance,2022-04-27,-0.002819632835478923
combined_min_variance,combined,min_variance,2022-04-28,0.015374860686919168
combined_min_variance,combined,min_variance,2022-04-29,-0.031191749963676033
combined_min_variance,combined,min_variance,2022-05-02,0.0006111827235891825
combined_min_variance,combined,min_variance,2022-05-03,0.002760888370617132
combined_min_variance,combined,min_variance,2022-05-04,0.024519610593956312
combined_min_variance,combined,min_variance,2022-05-05,-0.015073928659628635
combined_min_variance,combined,min_variance,2022-05-06,-0.0057234047522689985
combined_min_variance,combined,min_variance,2022-05-09,-0.014330759672473863
combined_min_variance,combined,min_variance,2022-05-10,-0.007899876042763184
combined_min_variance,combined,min_variance,2022-05-11,0.0064801739302393895
combined_min_variance,combined,min_variance,2022-05-12,0.007347706854577635
combined_min_variance,combined,min_variance,2022-05-13,0.009781049666981453
combined_min_variance,combined,min_variance,2022-05-16,0.006364718819629856
combined_min_variance,combined,min_variance,2022-05-17,-0.0027745332392643965
combined_min_variance,combined,min_variance,2022-05-18,-0.023445050404983438
combined_min_variance,combined,min_variance,2022-05-19,-0.0048446617966233195
combined_min_variance,combined,min_variance,2022-05-20,0.0030692830041408278
combined_min_variance,combined,min_variance,2022-05-23,0.016553973027596026
combined_min_variance,combined,min_variance,2022-05-24,0.009994408875829008
combined_min_variance,combined,min_variance,2022-05-25,0.005493586118659116
combined_min_variance,combined,min_variance,2022-05-26,0.0051531768205341786
combined_min_variance,combined,min_variance,2022-05-27,0.01051069090224807
combined_min_variance,combined,min_variance,2022-05-31,-0.009316294837321354
combined_min_variance,combined,min_variance,2022-06-01,-0.006198500884123173
combined_min_variance,combined,min_variance,2022-06-02,0.0029327977996960073
combined_min_variance,combined,min_variance,2022-06-03,-0.0053665008863713285
combined_min_variance,combined,min_variance,2022-06-06,-0.004019916194361814
combined_min_variance,combined,min_variance,2022-06-07,0.0074174063431459505
combined_min_variance,combined,min_variance,2022-06-08,-0.010011773451832502
combined_min_variance,combined,min_variance,2022-06-09,-0.02257135196845792
combined_min_variance,combined,min_variance,2022-06-10,-0.00940324259779622
combined_min_variance,combined,min_variance,2022-06-13,-0.033411263568477546
combined_min_variance,combined,min_variance,2022-06-14,-0.013752280276184832
combined_min_variance,combined,min_variance,2022-06-15,0.0029454328329105
combined_min_variance,combined,min_variance,2022-06-16,-0.008223607744735054
combined_min_variance,combined,min_variance,2022-06-17,-0.004031583103352141
combined_min_variance,combined,min_variance,2022-06-21,0.02265524791040621
combined_min_variance,combined,min_variance,2022-06-22,0.0032832185806494015
combined_min_variance,combined,min_variance,2022-06-23,0.013598794783829079
combined_min_variance,combined,min_variance,2022-06-24,0.013635651046792619
combined_min_variance,combined,min_variance,2022-06-27,-0.003112615663811403
combined_min_variance,combined,min_variance,2022-06-28,-0.008953960968853094
combined_min_variance,combined,min_variance,2022-06-29,0.0007180985351070413
combined_min_variance,combined,min_variance,2022-06-30,-0.007355312806081702
combined_min_variance,combined,min_variance,2022-07-01,0.014872469425187777
combined_min_variance,combined,min_variance,2022-07-05,-0.003664553305446046
combined_min_variance,combined,min_variance,2022-07-06,0.001468369439081985
combined_min_variance,combined,min_variance,2022-07-07,0.0023378389168199555
combined_min_variance,combined,min_variance,2022-07-08,-0.002860068145462066
combined_min_variance,combined,min_variance,2022-07-11,-6.604456276785474e-05
combined_min_variance,combined,min_variance,2022-07-12,-0.0056909649732159884
combined_min_variance,combined,min_variance,2022-07-13,-0.001268078843184015
combined_min_variance,combined,min_variance,2022-07-14,-0.00469158841696241
combined_min_variance,combined,min_variance,2022-07-15,0.010471609168411791
combined_min_variance,combined,min_variance,2022-07-18,-0.012188778675166134
combined_min_variance,combined,min_variance,2022-07-19,0.013796201742922861
combined_min_variance,combined,min_variance,2022-07-20,-0.006036997823303799
combined_min_variance,combined,min_variance,2022-07-21,0.004394394916495686
combined_min_variance,combined,min_variance,2022-07-22,-0.00025031053543249994
combined_min_variance,combined,min_variance,2022-07-25,-0.002325637661213147
combined_min_variance,combined,min_variance,2022-07-26,-0.006258427924164144
combined_min_variance,combined,min_variance,2022-07-27,0.004879840001441883
combined_min_variance,combined,min_variance,2022-07-28,0.008012554812262205
combined_min_variance,combined,min_variance,2022-07-29,0.0032901041816551318
combined_min_variance,combined,min_variance,2022-08-01,-0.0049016100048063765
combined_min_variance,combined,min_variance,2022-08-02,-0.0051542530834866014
combined_min_variance,combined,min_variance,2022-08-03,0.013633268374506312
combined_min_variance,combined,min_variance,2022-08-04,-0.007844034834457848
combined_min_variance,combined,min_variance,2022-08-05,-0.00460907122886472
combined_min_variance,combined,min_variance,2022-08-08,0.00416684979110596
combined_min_variance,combined,min_variance,2022-08-09,0.0020423461516674893
combined_min_variance,combined,min_variance,2022-08-10,0.011464863346970689
combined_min_variance,combined,min_variance,2022-08-11,-0.0013573599066297095
combined_min_variance,combined,min_variance,2022-08-12,0.014425032925198785
combined_min_variance,combined,min_variance,2022-08-15,0.012190304096332254
combined_min_variance,combined,min_variance,2022-08-16,0.01260491901412434
combined_min_variance,combined,min_variance,2022-08-17,-0.006341435693306067
combined_min_variance,combined,min_variance,2022-08-18,-0.002696123083545119
combined_min_variance,combined,min_variance,2022-08-19,-0.004557551837523303
combined_min_variance,combined,min_variance,2022-08-22,-0.014222064742342184
combined_min_variance,combined,min_variance,2022-08-23,-0.005237155788871773
combined_min_variance,combined,min_variance,2022-08-24,0.0003455626138024095
combined_min_variance,combined,min_variance,2022-08-25,0.005615922254765022
combined_min_variance,combined,min_variance,2022-08-26,-0.01836075250903858
combined_min_variance,combined,min_variance,2022-08-29,-0.003952195929923531
combined_min_variance,combined,min_variance,2022-08-30,-0.00832245414395671
combined_min_variance,combined,min_variance,2022-08-31,-0.0018929324042305275
combined_min_variance,combined,min_variance,2022-09-01,0.01178987380361396
combined_min_variance,combined,min_variance,2022-09-02,-0.009498680052034018
combined_min_variance,combined,min_variance,2022-09-06,-0.0024714841196133404
combined_min_variance,combined,min_variance,2022-09-07,0.016595918923069178
combined_min_variance,combined,min_variance,2022-09-08,0.0026633261443911264
combined_min_variance,combined,min_variance,2022-09-09,0.008992774025912392
combined_min_variance,combined,min_variance,2022-09-12,0.008442726959785134
combined_min_variance,combined,min_variance,2022-09-13,-0.030072961759999618
combined_min_variance,combined,min_variance,2022-09-14,0.006306754718372154
combined_min_variance,combined,min_variance,2022-09-15,-0.010526894823950665
combined_min_variance,combined,min_variance,2022-09-16,0.0007453777321305517
combined_min_variance,combined,min_variance,2022-09-19,0.0036919602291819
combined_min_variance,combined,min_variance,2022-09-20,-0.0135322057784029
combined_min_variance,combined,min_variance,2022-09-21,-0.012895545875726475
combined_min_variance,combined,min_variance,2022-09-22,0.0033728589842407773
combined_min_variance,combined,min_variance,2022-09-23,-0.016666781179094144
combined_min_variance,combined,min_variance,2022-09-26,-0.010519681538635464
combined_min_variance,combined,min_variance,2022-09-27,-0.005637370693976575
combined_min_variance,combined,min_variance,2022-09-28,0.0220693270407206
combined_min_variance,combined,min_variance,2022-09-29,-0.01590074976806418
combined_min_variance,combined,min_variance,2022-09-30,-0.016987148605174907
combined_min_variance,combined,min_variance,2022-10-03,0.02583196759756849
combined_min_variance,combined,min_variance,2022-10-04,0.021140081260842866
combined_min_variance,combined,min_variance,2022-10-05,-0.003823206270228442
combined_min_variance,combined,min_variance,2022-10-06,-0.007433892267990056
combined_min_variance,combined,min_variance,2022-10-07,-0.014044732779886179
combined_min_variance,combined,min_variance,2022-10-10,0.0011633775908420699
combined_min_variance,combined,min_variance,2022-10-11,0.015608585316200267
combined_min_variance,combined,min_variance,2022-10-12,-0.00428457247811333
combined_min_variance,combined,min_variance,2022-10-13,0.019450142687699973
combined_min_variance,combined,min_variance,2022-10-14,-0.011435536862847335
combined_min_variance,combined,min_variance,2022-10-17,0.011581726009521924
combined_min_variance,combined,min_variance,2022-10-18,0.010233986955663854
combined_min_variance,combined,min_variance,2022-10-19,-0.007375857887569887
combined_min_variance,combined,min_variance,2022-10-20,-0.002420340901352277
combined_min_variance,combined,min_variance,2022-10-21,0.020340922005287868
combined_min_variance,combined,min_variance,2022-10-24,0.01760033201387923
combined_min_variance,combined,min_variance,2022-10-25,0.008187250107667026
combined_min_variance,combined,min_variance,2022-10-26,0.012387794268154305
combined_min_variance,combined,min_variance,2022-10-27,0.0014842750708592325
combined_min_variance,combined,min_variance,2022-10-28,0.022806012858525182
combined_min_variance,combined,min_variance,2022-10-31,-0.00742424191122018
combined_min_variance,combined,min_variance,2022-11-01,-0.0012481829148750347
combined_min_variance,combined,min_variance,2022-11-02,-0.011204899165743586
combined_min_variance,combined,min_variance,2022-11-03,-0.004774308184862383
combined_min_variance,combined,min_variance,2022-11-04,0.014318011939776894
combined_min_variance,combined,min_variance,2022-11-07,0.013675947150982332
combined_min_variance,combined,min_variance,2022-11-08,0.010508002185076613
combined_min_variance,combined,min_variance,2022-11-09,-0.012660360994300384
combined_min_variance,combined,min_variance,2022-11-10,0.022257416486568118
combined_min_variance,combined,min_variance,2022-11-11,-0.005242704193191564
combined_min_variance,combined,min_variance,2022-11-14,-0.002267268946460267
combined_min_variance,combined,min_variance,2022-11-15,0.00654909709604687
combined_min_variance,combined,min_variance,2022-11-16,-0.0008062564769539019
combined_min_variance,combined,min_variance,2022-11-17,0.004404678467099138
combined_min_variance,combined,min_variance,2022-11-18,0.008403785870278185
combined_min_variance,combined,min_variance,2022-11-21,0.003749455883974149
combined_min_variance,combined,min_variance,2022-11-22,0.009047701324524133
combined_min_variance,combined,min_variance,2022-11-23,-0.001136346433602351
combined_min_variance,combined,min_variance,2022-11-25,0.0007873519986892408
combined_min_variance,combined,min_variance,2022-11-28,-0.009799459866318121
combined_min_variance,combined,min_variance,2022-11-29,0.0029323181589039193
combined_min_variance,combined,min_variance,2022-11-30,0.01707429091961686
combined_min_variance,combined,min_variance,2022-12-01,0.0011747622266661869
combined_min_variance,combined,min_variance,2022-12-02,0.0029370212203845988
combined_min_variance,combined,min_variance,2022-12-05,-0.008313945486883752
combined_min_variance,combined,min_variance,2022-12-06,-0.010436050696113072
combined_min_variance,combined,min_variance,2022-12-07,0.00303684660494471
combined_min_variance,combined,min_variance,2022-12-08,0.004243150491776735
combined_min_variance,combined,min_variance,2022-12-09,-0.016432439226979914
combined_min_variance,combined,min_variance,2022-12-12,0.006413671367211364
combined_min_variance,combined,min_variance,2022-12-13,0.0029943297069683007
combined_min_variance,combined,min_variance,2022-12-14,-0.00018416873019854287
combined_min_variance,combined,min_variance,2022-12-15,-0.01539705212829557
combined_min_variance,combined,min_variance,2022-12-16,-0.00602137510785528
combined_min_variance,combined,min_variance,2022-12-19,-0.0012783011251164304
combined_min_variance,combined,min_variance,2022-12-20,0.0008985639773891764
combined_min_variance,combined,min_variance,2022-12-21,0.011469202566160745
combined_min_variance,combined,min_variance,2022-12-22,-0.0047521803921103225
combined_min_variance,combined,min_variance,2022-12-23,0.004607753500949253
combined_min_variance,combined,min_variance,2022-12-27,0.0014150726344314573
combined_min_variance,combined,min_variance,2022-12-28,-0.010147157167324233
combined_min_variance,combined,min_variance,2022-12-29,0.006505967632244645
combined_min_variance,combined,min_variance,2022-12-30,-0.00013632681552191495
combined_min_variance,combined,min_variance,2023-01-03,0.00046730388390857195
combined_min_variance,combined,min_variance,2023-01-04,0.008724708673643895
combined_min_variance,combined,min_variance,2023-01-05,0.0014627304634562657
combined_min_variance,combined,min_variance,2023-01-06,0.015136688323377038
combined_min_variance,combined,min_variance,2023-01-09,-0.01641980124128131
combined_min_variance,combined,min_variance,2023-01-10,0.0021671734569623817
combined_min_variance,combined,min_variance,2023-01-11,0.002734834204519987
combined_min_variance,combined,min_variance,2023-01-12,-0.0027109872095905465
combined_min_variance,combined,min_variance,2023-01-13,0.0025036599694631878
combined_min_variance,combined,min_variance,2023-01-17,-0.0066786604377189526
combined_min_variance,combined,min_variance,2023-01-18,-0.0173813704671611
combined_min_variance,combined,min_variance,2023-01-19,-0.001668100442357585
combined_min_variance,combined,min_variance,2023-01-20,0.008877973455857027
combined_min_variance,combined,min_variance,2023-01-23,0.002682031996479699
combined_min_variance,combined,min_variance,2023-01-24,-0.002551183291472323
combined_min_variance,combined,min_variance,2023-01-25,-0.0014860198079174542
combined_min_variance,combined,min_variance,2023-01-26,0.00018280647367372826
combined_min_variance,combined,min_variance,2023-01-27,-0.005724494293051502
combined_min_variance,combined,min_variance,2023-01-30,-0.003962675864446147
combined_min_variance,combined,min_variance,2023-01-31,0.007400275248172018
combined_min_variance,combined,min_variance,2023-02-01,-0.018727828806489908
combined_min_variance,combined,min_variance,2023-02-02,-0.011459903356203708
combined_min_variance,combined,min_variance,2023-02-03,-0.009348698881017194
combined_min_variance,combined,min_variance,2023-02-06,-0.0015002066030739612
combined_min_variance,combined,min_variance,2023-02-07,0.008119830439358346
combined_min_variance,combined,min_variance,2023-02-08,-0.007394164657616191
combined_min_variance,combined,min_variance,2023-02-09,-0.0016491957636538465
combined_min_variance,combined,min_variance,2023-02-10,0.012209383626421762
combined_min_variance,combined,min_variance,2023-02-13,0.008045750480875783
combined_min_variance,combined,min_variance,2023-02-14,-0.006765415098887005
combined_min_variance,combined,min_variance,2023-02-15,-0.00010237002635929014
combined_min_variance,combined,min_variance,2023-02-16,-0.013237679474697473
combined_min_variance,combined,min_variance,2023-02-17,0.013921721726838492
combined_min_variance,combined,min_variance,2023-02-21,-0.00477779614892342
combined_min_variance,combined,min_variance,2023-02-22,-0.004566122291452143
combined_min_variance,combined,min_variance,2023-02-23,0.0026441401901917175
combined_min_variance,combined,min_variance,2023-02-24,-0.00694774138777702
combined_min_variance,combined,min_variance,2023-02-27,0.0001198916820777998
combined_min_variance,combined,min_variance,2023-02-28,-0.010369000328455577
combined_min_variance,combined,min_variance,2023-03-01,0.0003058445379977297
combined_min_variance,combined,min_variance,2023-03-02,0.005812831418693792
combined_min_variance,combined,min_variance,2023-03-03,0.003881082209965978
combined_min_variance,combined,min_variance,2023-03-06,0.00932341428448903
combined_min_variance,combined,min_variance,2023-03-07,-0.010720879429251326
combined_min_variance,combined,min_variance,2023-03-08,-0.006835388353003098
combined_min_variance,combined,min_variance,2023-03-09,-0.01156733926029769
combined_min_variance,combined,min_variance,2023-03-10,-0.003130777554870043
combined_min_variance,combined,min_variance,2023-03-13,0.005905650456966297
combined_min_variance,combined,min_variance,2023-03-14,0.0069868048072525635
combined_min_variance,combined,min_variance,2023-03-15,0.0043042712647537165
combined_min_variance,combined,min_variance,2023-03-16,0.001570831638156633
combined_min_variance,combined,min_variance,2023-03-17,-0.013325211622894583
combined_min_variance,combined,min_variance,2023-03-20,0.013262722858277213
combined_min_variance,combined,min_variance,2023-03-21,-0.001336614775868512
combined_min_variance,combined,min_variance,2023-03-22,-0.014713787718096099
combined_min_variance,combined,min_variance,2023-03-23,0.0057389884165620466
combined_min_variance,combined,min_variance,2023-03-24,0.016161014743332966
combined_min_variance,combined,min_variance,2023-03-27,0.005300706487675815
combined_min_variance,combined,min_variance,2023-03-28,-0.001123560092705767
combined_min_variance,combined,min_variance,2023-03-29,0.006535808687690396
combined_min_variance,combined,min_variance,2023-03-30,0.004567327423786714
combined_min_variance,combined,min_variance,2023-03-31,0.006889189917328572
combined_min_variance,combined,min_variance,2023-04-03,0.010833780598065675
combined_min_variance,combined,min_variance,2023-04-04,0.005520535743578921
combined_min_variance,combined,min_variance,2023-04-05,0.015362176552361677
combined_min_variance,combined,min_variance,2023-04-06,0.00021194609215496586
combined_min_variance,combined,min_variance,2023-04-10,-0.0014395638067642349
combined_min_variance,combined,min_variance,2023-04-11,-0.0004915799293480616
combined_min_variance,combined,min_variance,2023-04-12,0.0010475821815116326
combined_min_variance,combined,min_variance,2023-04-13,0.009387952647043923
combined_min_variance,combined,min_variance,2023-04-14,-0.00421162352173229
combined_min_variance,combined,min_variance,2023-04-17,0.00011786489019988669
combined_min_variance,combined,min_variance,2023-04-18,-0.001834751114621128
combined_min_variance,combined,min_variance,2023-04-19,-0.0007810109895650237
combined_min_variance,combined,min_variance,2023-04-20,-0.005138137660840654
combined_min_variance,combined,min_variance,2023-04-21,0.005492093287184392
combined_min_variance,combined,min_variance,2023-04-24,0.0019682059102068905
combined_min_variance,combined,min_variance,2023-04-25,-0.00021186510701344551
combined_min_variance,combined,min_variance,2023-04-26,-0.0196521612576409
combined_min_variance,combined,min_variance,2023-04-27,0.005081769847419094
combined_min_variance,combined,min_variance,2023-04-28,0.0035777597950021516
combined_min_variance,combined,min_variance,2023-05-01,0.0012257908077811092
combined_min_variance,combined,min_variance,2023-05-02,-0.007265842255147814
combined_min_variance,combined,min_variance,2023-05-03,-0.00910843716880292
combined_min_variance,combined,min_variance,2023-05-04,0.0005154596665159438
combined_min_variance,combined,min_variance,2023-05-05,0.01088956429218043
combined_min_variance,combined,min_variance,2023-05-08,-0.00024675474574323124
combined_min_variance,combined,min_variance,2023-05-09,-0.004623972264906358
combined_min_variance,combined,min_variance,2023-05-10,-0.00046532884986994855
combined_min_variance,combined,min_variance,2023-05-11,-0.0016133906653966689
combined_min_variance,combined,min_variance,2023-05-12,0.0013497261101138034
combined_min_variance,combined,min_variance,2023-05-15,-0.00294147864742769
combined_min_variance,combined,min_variance,2023-05-16,-0.014840587414455722
combined_min_variance,combined,min_variance,2023-05-17,-0.0014933559138176997
combined_min_variance,combined,min_variance,2023-05-18,0.0010331785064460347
combined_min_variance,combined,min_variance,2023-05-19,0.00024586716017097315
combined_min_variance,combined,min_variance,2023-05-22,-0.005919873093178023
combined_min_variance,combined,min_variance,2023-05-23,-0.00341719599756512
combined_min_variance,combined,min_variance,2023-05-24,-0.006539362521469319
combined_min_variance,combined,min_variance,2023-05-25,-0.012437507969594119
combined_min_variance,combined,min_variance,2023-05-26,-0.0008786695109348608
combined_min_variance,combined,min_variance,2023-05-30,-0.0036902756901281905
combined_min_variance,combined,min_variance,2023-05-31,0.006832687458166757
combined_min_variance,combined,min_variance,2023-06-01,-0.002059804468053321
combined_min_variance,combined,min_variance,2023-06-02,0.011832171004002412
combined_min_variance,combined,min_variance,2023-06-05,0.0021154384475478307
combined_min_variance,combined,min_variance,2023-06-06,-0.006415762852885949
combined_min_variance,combined,min_variance,2023-06-07,0.00107371411253738
combined_min_variance,combined,min_variance,2023-06-08,0.00630224302638377
combined_min_variance,combined,min_variance,2023-06-09,-1.2335453022859063e-05
combined_min_variance,combined,min_variance,2023-06-12,-0.0023294181714419108
combined_min_variance,combined,min_variance,2023-06-13,0.006521460818283956
combined_min_variance,combined,min_variance,2023-06-14,0.0015685515772920057
combined_min_variance,combined,min_variance,2023-06-15,0.008979297518710178
combined_min_variance,combined,min_variance,2023-06-16,0.0002924863312574115
combined_min_variance,combined,min_variance,2023-06-20,-0.007888363098552889
combined_min_variance,combined,min_variance,2023-06-21,-0.0018458046943761355
combined_min_variance,combined,min_variance,2023-06-22,0.007976781524047533
combined_min_variance,combined,min_variance,2023-06-23,-0.004832021546581504
combined_min_variance,combined,min_variance,2023-06-26,0.0006481990127823387
combined_min_variance,combined,min_variance,2023-06-27,0.0029502576391191217
combined_min_variance,combined,min_variance,2023-06-28,-0.0033673608484275238
combined_min_variance,combined,min_variance,2023-06-29,-0.00022916824882878795
combined_min_variance,combined,min_variance,2023-06-30,0.006841280580152383
combined_min_variance,combined,min_variance,2023-07-03,0.0038208797869350086
combined_min_variance,combined,min_variance,2023-07-05,0.0019477991990956114
combined_min_variance,combined,min_variance,2023-07-06,-0.008038425784845045
combined_min_variance,combined,min_variance,2023-07-07,-0.012965883931763058
combined_min_variance,combined,min_variance,2023-07-10,0.0008762653671377551
combined_min_variance,combined,min_variance,2023-07-11,0.008766635267216567
combined_min_variance,combined,min_variance,2023-07-12,-0.0026434713279175895
combined_min_variance,combined,min_variance,2023-07-13,0.0026581786373054573
combined_min_variance,combined,min_variance,2023-07-14,0.0023844042606612657
combined_min_variance,combined,min_variance,2023-07-17,-0.004975209846362068
combined_min_variance,combined,min_variance,2023-07-18,0.0008554340180678265
combined_min_variance,combined,min_variance,2023-07-19,0.007368955405663337
combined_min_variance,combined,min_variance,2023-07-20,0.01546125841508888
combined_min_variance,combined,min_variance,2023-07-21,0.005947828414230496
combined_min_variance,combined,min_variance,2023-07-24,0.0005016426979156871
combined_min_variance,combined,min_variance,2023-07-25,-0.0025646620833507804
combined_min_variance,combined,min_variance,2023-07-26,0.0032025478349721353
combined_min_variance,combined,min_variance,2023-07-27,-0.006478273697476554
combined_min_variance,combined,min_variance,2023-07-28,0.0033883421113102452
combined_min_variance,combined,min_variance,2023-07-31,-0.0046700465805588455
combined_min_variance,combined,min_variance,2023-08-01,-0.005262148619132725
combined_min_variance,combined,min_variance,2023-08-02,-0.009115265723259052
combined_min_variance,combined,min_variance,2023-08-03,-0.0066337805138638635
combined_min_variance,combined,min_variance,2023-08-04,-0.005679082590434236
combined_min_variance,combined,min_variance,2023-08-07,0.011681720704863539
combined_min_variance,combined,min_variance,2023-08-08,-0.0035827121234923115
combined_min_variance,combined,min_variance,2023-08-09,0.0022263207894636797
combined_min_variance,combined,min_variance,2023-08-10,-0.0018303266176211278
combined_min_variance,combined,min_variance,2023-08-11,0.006096895695615367
combined_min_variance,combined,min_variance,2023-08-14,-0.0003819755343247354
combined_min_variance,combined,min_variance,2023-08-15,-0.0064701922743855
combined_min_variance,combined,min_variance,2023-08-16,-0.0031248042926694834
combined_min_variance,combined,min_variance,2023-08-17,-0.006067014427225251
combined_min_variance,combined,min_variance,2023-08-18,0.0037274096454612475
combined_min_variance,combined,min_variance,2023-08-21,-0.0032260128055941694
combined_min_variance,combined,min_variance,2023-08-22,-0.0059296585417911085
combined_min_variance,combined,min_variance,2023-08-23,0.011430723147462041
combined_min_variance,combined,min_variance,2023-08-24,-0.009595958374165827
combined_min_variance,combined,min_variance,2023-08-25,0.0026448799272690807
combined_min_variance,combined,min_variance,2023-08-28,0.0024536380442532683
combined_min_variance,combined,min_variance,2023-08-29,0.005689823571632189
combined_min_variance,combined,min_variance,2023-08-30,0.0012924079067896032
combined_min_variance,combined,min_variance,2023-08-31,-0.004640468255902808
combined_min_variance,combined,min_variance,2023-09-01,0.0003678269466883526
combined_min_variance,combined,min_variance,2023-09-05,-0.009454521510055934
combined_min_variance,combined,min_variance,2023-09-06,-0.0020184883445698814
combined_min_variance,combined,min_variance,2023-09-07,0.006559162258015453
combined_min_variance,combined,min_variance,2023-09-08,0.003773314133331737
combined_min_variance,combined,min_variance,2023-09-11,0.0029447704232116365
combined_min_variance,combined,min_variance,2023-09-12,-0.00030912729350720516
combined_min_variance,combined,min_variance,2023-09-13,0.0003072929107484316
combined_min_variance,combined,min_variance,2023-09-14,0.009363986088401605
combined_min_variance,combined,min_variance,2023-09-15,-0.008583269534380747
combined_min_variance,combined,min_variance,2023-09-18,0.0008841933580483094
combined_min_variance,combined,min_variance,2023-09-19,0.0004760367519208344
combined_min_variance,combined,min_variance,2023-09-20,0.0016064140054483048
combined_min_variance,combined,min_variance,2023-09-21,-0.013816153836459202
combined_min_variance,combined,min_variance,2023-09-22,-0.0016799611187992905
combined_min_variance,combined,min_variance,2023-09-25,-0.0006376030403641849
combined_min_variance,combined,min_variance,2023-09-26,-0.005974986325029073
combined_min_variance,combined,min_variance,2023-09-27,-0.005926502267123611
combined_min_variance,combined,min_variance,2023-09-28,0.0025429551761429582
combined_min_variance,combined,min_variance,2023-09-29,-0.004399691807362419
combined_min_variance,combined,min_variance,2023-10-02,-0.007165015950559843
combined_min_variance,combined,min_variance,2023-10-03,-0.006663329442981071
combined_min_variance,combined,min_variance,2023-10-04,0.005315189198671572
combined_min_variance,combined,min_variance,2023-10-05,-0.008904039801081093
combined_min_variance,combined,min_variance,2023-10-06,0.003033849599372886
combined_min_variance,combined,min_variance,2023-10-09,0.004089961483267536
combined_min_variance,combined,min_variance,2023-10-10,0.008711311334373681
combined_min_variance,combined,min_variance,2023-10-11,0.002348522482772542
combined_min_variance,combined,min_variance,2023-10-12,-0.0036753626852969678
combined_min_variance,combined,min_variance,2023-10-13,0.0029481196943305656
combined_min_variance,combined,min_variance,2023-10-16,0.006165261508012758
combined_min_variance,combined,min_variance,2023-10-17,0.004221530246151994
combined_min_variance,combined,min_variance,2023-10-18,-0.0071348334177405845
combined_min_variance,combined,min_variance,2023-10-19,-0.005651143707254842
combined_min_variance,combined,min_variance,2023-10-20,8.311483124820375e-05
combined_min_variance,combined,min_variance,2023-10-23,-0.003238681101347601
combined_min_variance,combined,min_variance,2023-10-24,0.013502675970413103
combined_min_variance,combined,min_variance,2023-10-25,-0.0016672695156682619
combined_min_variance,combined,min_variance,2023-10-26,-0.0018678588837705088
combined_min_variance,combined,min_variance,2023-10-27,-0.016798594797298953
combined_min_variance,combined,min_variance,2023-10-30,0.004327753561652879
combined_min_variance,combined,min_variance,2023-10-31,0.006218367918522957
combined_min_variance,combined,min_variance,2023-11-01,0.004223522715736005
combined_min_variance,combined,min_variance,2023-11-02,0.014500638587718117
combined_min_variance,combined,min_variance,2023-11-03,0.0016048435121177101
combined_min_variance,combined,min_variance,2023-11-06,0.0009133523829945864
combined_min_variance,combined,min_variance,2023-11-07,0.00141341957081413
combined_min_variance,combined,min_variance,2023-11-08,-0.0007344617896790567
combined_min_variance,combined,min_variance,2023-11-09,-0.00987558566394296
combined_min_variance,combined,min_variance,2023-11-10,0.005180809834227024
combined_min_variance,combined,min_variance,2023-11-13,0.0030950744962885595
combined_min_variance,combined,min_variance,2023-11-14,0.007196336538951783
combined_min_variance,combined,min_variance,2023-11-15,0.003500991576635016
combined_min_variance,combined,min_variance,2023-11-16,-0.014717523273582785
combined_min_variance,combined,min_variance,2023-11-17,5.728676452357549e-05
combined_min_variance,combined,min_variance,2023-11-20,0.003968700057738314
combined_min_variance,combined,min_variance,2023-11-21,0.0030032210094973724
combined_min_variance,combined,min_variance,2023-11-22,-0.0005035802357757819
combined_min_variance,combined,min_variance,2023-11-24,0.00454500376579153
combined_min_variance,combined,min_variance,2023-11-27,0.00018817971527237856
combined_min_variance,combined,min_variance,2023-11-28,-0.00034955942080779886
combined_min_variance,combined,min_variance,2023-11-29,-0.0016366078859099225
combined_min_variance,combined,min_variance,2023-11-30,0.008888764388825353
combined_min_variance,combined,min_variance,2023-12-01,0.003661395810093446
combined_min_variance,combined,min_variance,2023-12-04,0.002212453564910816
combined_min_variance,combined,min_variance,2023-12-05,0.003558275690848406
combined_min_variance,combined,min_variance,2023-12-06,-0.002725843759054604
combined_min_variance,combined,min_variance,2023-12-07,-7.75928738672276e-05
combined_min_variance,combined,min_variance,2023-12-08,-0.0014377740733481756
combined_min_variance,combined,min_variance,2023-12-11,0.005100304361646491
combined_min_variance,combined,min_variance,2023-12-12,0.003820185500286366
combined_min_variance,combined,min_variance,2023-12-13,0.014967430939609935
combined_min_variance,combined,min_variance,2023-12-14,-0.002754635136987511
combined_min_variance,combined,min_variance,2023-12-15,-0.005090342159400034
combined_min_variance,combined,min_variance,2023-12-18,0.003830754595976213
combined_min_variance,combined,min_variance,2023-12-19,0.0036438746760109933
combined_min_variance,combined,min_variance,2023-12-20,-0.012016284453623084
combined_min_variance,combined,min_variance,2023-12-21,0.007665810585130012
combined_min_variance,combined,min_variance,2023-12-22,0.006454832292482878
combined_min_variance,combined,min_variance,2023-12-26,0.0025111326248901575
combined_min_variance,combined,min_variance,2023-12-27,0.004113546842792893
combined_min_variance,combined,min_variance,2023-12-28,0.001646958384245917
combined_min_variance,combined,min_variance,2023-12-29,-0.00039932960295686366
combined_max_sharpe,combined,max_sharpe,2021-01-04,0.02660328586672091
combined_max_sharpe,combined,max_sharpe,2021-01-05,0.044275888215508215
combined_max_sharpe,combined,max_sharpe,2021-01-06,0.12073796260277697
combined_max_sharpe,combined,max_sharpe,2021-01-07,0.008281350505493942
combined_max_sharpe,combined,max_sharpe,2021-01-08,-0.004488627837522034
combined_max_sharpe,combined,max_sharpe,2021-01-11,-0.04958290452035022
combined_max_sharpe,combined,max_sharpe,2021-01-12,-0.01347258849306
combined_max_sharpe,combined,max_sharpe,2021-01-13,0.04565574488935272
combined_max_sharpe,combined,max_sharpe,2021-01-14,0.021389042023781474
combined_max_sharpe,combined,max_sharpe,2021-01-15,-0.037329484658854106
combined_max_sharpe,combined,max_sharpe,2021-01-19,0.012149502283156772
combined_max_sharpe,combined,max_sharpe,2021-01-20,0.0081830243650883
combined_max_sharpe,combined,max_sharpe,2021-01-21,-0.08565917010876743
combined_max_sharpe,combined,max_sharpe,2021-01-22,0.037568325264765355
combined_max_sharpe,combined,max_sharpe,2021-01-25,-0.012629093821698224
combined_max_sharpe,combined,max_sharpe,2021-01-26,0.0006282053743908531
combined_max_sharpe,combined,max_sharpe,2021-01-27,-0.05446425506057232
combined_max_sharpe,combined,max_sharpe,2021-01-28,0.06880235669158924
combined_max_sharpe,combined,max_sharpe,2021-01-29,0.010697587678725654
combined_max_sharpe,combined,max_sharpe,2021-02-01,0.019847490596072194
combined_max_sharpe,combined,max_sharpe,2021-02-02,0.03692417360983008
combined_max_sharpe,combined,max_sharpe,2021-02-03,0.015374425804737121
combined_max_sharpe,combined,max_sharpe,2021-02-04,-0.012676318765538198
combined_max_sharpe,combined,max_sharpe,2021-02-05,0.03166285543196451
combined_max_sharpe,combined,max_sharpe,2021-02-08,0.0656981128621094
combined_max_sharpe,combined,max_sharpe,2021-02-09,-0.002274740629293408
combined_max_sharpe,combined,max_sharpe,2021-02-10,0.0033063126280599977
combined_max_sharpe,combined,max_sharpe,2021-02-11,0.035809338684955144
combined_max_sharpe,combined,max_sharpe,2021-02-12,0.03247424691288055
combined_max_sharpe,combined,max_sharpe,2021-02-16,0.0027487609928735506
combined_max_sharpe,combined,max_sharpe,2021-02-17,0.013935928301782669
combined_max_sharpe,combined,max_sharpe,2021-02-18,0.0014699102457850772
combined_max_sharpe,combined,max_sharpe,2021-02-19,0.02657046360295539
combined_max_sharpe,combined,max_sharpe,2021-02-22,-0.04070434877438
combined_max_sharpe,combined,max_sharpe,2021-02-23,-0.07553013850782447
combined_max_sharpe,combined,max_sharpe,2021-02-24,0.021991772761281295
combined_max_sharpe,combined,max_sharpe,2021-02-25,-0.05119451888750283
combined_max_sharpe,combined,max_sharpe,2021-02-26,0.008312856196667256
combined_max_sharpe,combined,max_sharpe,2021-03-01,0.03302812927525909
combined_max_sharpe,combined,max_sharpe,2021-03-02,-0.016557828722708414
combined_max_sharpe,combined,max_sharpe,2021-03-03,-0.002753896290019129
combined_max_sharpe,combined,max_sharpe,2021-03-04,-0.03179991939896505
combined_max_sharpe,combined,max_sharpe,2021-03-05,0.01591184022828111
combined_max_sharpe,combined,max_sharpe,2021-03-08,-0.010599653701575397
combined_max_sharpe,combined,max_sharpe,2021-03-09,0.030761138732809855
combined_max_sharpe,combined,max_sharpe,2021-03-10,-0.003982598009414759
combined_max_sharpe,combined,max_sharpe,2021-03-11,0.01408413203013164
combined_max_sharpe,combined,max_sharpe,2021-03-12,-0.009210123799134096
combined_max_sharpe,combined,max_sharpe,2021-03-15,-0.022290155832464218
combined_max_sharpe,combined,max_sharpe,2021-03-16,0.030649300799618567
combined_max_sharpe,combined,max_sharpe,2021-03-17,0.022641883256521257
combined_max_sharpe,combined,max_sharpe,2021-03-18,-0.02452312545995392
combined_max_sharpe,combined,max_sharpe,2021-03-19,0.008432419475591733
combined_max_sharpe,combined,max_sharpe,2021-03-22,-0.017287438344428287
combined_max_sharpe,combined,max_sharpe,2021-03-23,-0.002519458878790796
combined_max_sharpe,combined,max_sharpe,2021-03-24,-0.021716579096101616
combined_max_sharpe,combined,max_sharpe,2021-03-25,0.004765271041088226
combined_max_sharpe,combined,max_sharpe,2021-03-26,0.047383642735027896
combined_max_sharpe,combined,max_sharpe,2021-03-29,0.01218556931045382
combined_max_sharpe,combined,max_sharpe,2021-03-30,0.006959839781920525
combined_max_sharpe,combined,max_sharpe,2021-03-31,-0.000526653788618569
combined_max_sharpe,combined,max_sharpe,2021-04-01,0.0020543307577842412
combined_max_sharpe,combined,max_sharpe,2021-04-05,0.004652468491125341
combined_max_sharpe,combined,max_sharpe,2021-04-06,-0.004993407129312797
combined_max_sharpe,combined,max_sharpe,2021-04-07,-0.01874532997283144
combined_max_sharpe,combined,max_sharpe,2021-04-08,0.01884585197624216
combined_max_sharpe,combined,max_sharpe,2021-04-09,0.0012070296034722657
combined_max_sharpe,combined,max_sharpe,2021-04-12,0.006697164618957141
combined_max_sharpe,combined,max_sharpe,2021-04-13,0.0223178474728543
combined_max_sharpe,combined,max_sharpe,2021-04-14,-0.002158397457188571
combined_max_sharpe,combined,max_sharpe,2021-04-15,0.01631228054516681
combined_max_sharpe,combined,max_sharpe,2021-04-16,-0.012599624053438778
combined_max_sharpe,combined,max_sharpe,2021-04-19,-0.009556374408576467
combined_max_sharpe,combined,max_sharpe,2021-04-20,0.0014901071327437614
combined_max_sharpe,combined,max_sharpe,2021-04-21,-0.00778838204452397
combined_max_sharpe,combined,max_sharpe,2021-04-22,-0.02203702508277917
combined_max_sharpe,combined,max_sharpe,2021-04-23,0.00783776875487563
combined_max_sharpe,combined,max_sharpe,2021-04-26,0.034973954292082714
combined_max_sharpe,combined,max_sharpe,2021-04-27,0.02251356921249808
combined_max_sharpe,combined,max_sharpe,2021-04-28,0.004431263323301947
combined_max_sharpe,combined,max_sharpe,2021-04-29,1.949434255281554e-05
combined_max_sharpe,combined,max_sharpe,2021-04-30,0.01737380990290946
combined_max_sharpe,combined,max_sharpe,2021-05-03,0.012396377358992983
combined_max_sharpe,combined,max_sharpe,2021-05-04,-0.011122873654533278
combined_max_sharpe,combined,max_sharpe,2021-05-05,0.02707546504843966
combined_max_sharpe,combined,max_sharpe,2021-05-06,0.009285712298634409
combined_max_sharpe,combined,max_sharpe,2021-05-07,0.008219236295810357
combined_max_sharpe,combined,max_sharpe,2021-05-10,-0.015221877600259281
combined_max_sharpe,combined,max_sharpe,2021-05-11,-0.0003758252691047712
combined_max_sharpe,combined,max_sharpe,2021-05-12,-0.039998253079291404
combined_max_sharpe,combined,max_sharpe,2021-05-13,0.027326958784860658
combined_max_sharpe,combined,max_sharpe,2021-05-14,0.00935286827485148
combined_max_sharpe,combined,max_sharpe,2021-05-17,-0.013161586734297038
combined_max_sharpe,combined,max_sharpe,2021-05-18,-0.007802266814138614
combined_max_sharpe,combined,max_sharpe,2021-05-19,-0.04100282626135068
combined_max_sharpe,combined,max_sharpe,2021-05-20,0.027613588390124656
combined_max_sharpe,combined,max_sharpe,2021-05-21,-0.018705757543684535
combined_max_sharpe,combined,max_sharpe,2021-05-24,0.02969961281926584
combined_max_sharpe,combined,max_sharpe,2021-05-25,-0.005160235338019134
combined_max_sharpe,combined,max_sharpe,2021-05-26,0.015539922109460574
combined_max_sharpe,combined,max_sharpe,2021-05-27,-0.009129446785037697
combined_max_sharpe,combined,max_sharpe,2021-05-28,-0.008834339880868946
combined_max_sharpe,combined,max_sharpe,2021-06-01,0.0025878491087490303
combined_max_sharpe,combined,max_sharpe,2021-06-02,-0.0012561584703387838
combined_max_sharpe,combined,max_sharpe,2021-06-03,0.006726039172887991
combined_max_sharpe,combined,max_sharpe,2021-06-04,-0.002402703499076334
combined_max_sharpe,combined,max_sharpe,2021-06-07,-0.007271224235682105
combined_max_sharpe,combined,max_sharpe,2021-06-08,-0.001411462545935961
combined_max_sharpe,combined,max_sharpe,2021-06-09,-0.007844487773688106
combined_max_sharpe,combined,max_sharpe,2021-06-10,-0.008169109501562341
combined_max_sharpe,combined,max_sharpe,2021-06-11,-0.002840259073827332
combined_max_sharpe,combined,max_sharpe,2021-06-14,-0.005049877527046448
combined_max_sharpe,combined,max_sharpe,2021-06-15,-0.003782164513021359
combined_max_sharpe,combined,max_sharpe,2021-06-16,-0.014543332026576204
combined_max_sharpe,combined,max_sharpe,2021-06-17,-0.012634912690912959
combined_max_sharpe,combined,max_sharpe,2021-06-18,-0.01048502803386352
combined_max_sharpe,combined,max_sharpe,2021-06-21,0.005110840601710789
combined_max_sharpe,combined,max_sharpe,2021-06-22,-0.0004975359456926422
combined_max_sharpe,combined,max_sharpe,2021-06-23,0.0036493017899477615
combined_max_sharpe,combined,max_sharpe,2021-06-24,0.013690967582358302
combined_max_sharpe,combined,max_sharpe,2021-06-25,-0.005291852366722524
combined_max_sharpe,combined,max_sharpe,2021-06-28,0.0008667367645444616
combined_max_sharpe,combined,max_sharpe,2021-06-29,0.014169422088325365
combined_max_sharpe,combined,max_sharpe,2021-06-30,0.003822035329310234
combined_max_sharpe,combined,max_sharpe,2021-07-01,-0.0001805764688542536
combined_max_sharpe,combined,max_sharpe,2021-07-02,0.004554198783458073
combined_max_sharpe,combined,max_sharpe,2021-07-06,-0.0028274045982052054
combined_max_sharpe,combined,max_sharpe,2021-07-07,-4.979454737077211e-06
combined_max_sharpe,combined,max_sharpe,2021-07-08,-0.012142957488037998
combined_max_sharpe,combined,max_sharpe,2021-07-09,0.016768369109426962
combined_max_sharpe,combined,max_sharpe,2021-07-12,0.005785772420951824
combined_max_sharpe,combined,max_sharpe,2021-07-13,-0.011556588128460303
combined_max_sharpe,combined,max_sharpe,2021-07-14,-0.0010983012066368555
combined_max_sharpe,combined,max_sharpe,2021-07-15,-0.00497544976100669
combined_max_sharpe,combined,max_sharpe,2021-07-16,-0.01400046976506002
combined_max_sharpe,combined,max_sharpe,2021-07-19,-0.013347348938755964
combined_max_sharpe,combined,max_sharpe,2021-07-20,0.012838766462401617
combined_max_sharpe,combined,max_sharpe,2021-07-21,0.013006549507748835
combined_max_sharpe,combined,max_sharpe,2021-07-22,0.0015586645197395294
combined_max_sharpe,combined,max_sharpe,2021-07-23,0.007971547160820849
combined_max_sharpe,combined,max_sharpe,2021-07-26,0.0028748838487812384
combined_max_sharpe,combined,max_sharpe,2021-07-27,-0.0051748731257811025
combined_max_sharpe,combined,max_sharpe,2021-07-28,0.003229460092649694
combined_max_sharpe,combined,max_sharpe,2021-07-29,0.00848852583461647
combined_max_sharpe,combined,max_sharpe,2021-07-30,-0.0008771262678796222
combined_max_sharpe,combined,max_sharpe,2021-08-02,-0.00182123965045176
combined_max_sharpe,combined,max_sharpe,2021-08-03,0.007983880288428608
combined_max_sharpe,combined,max_sharpe,2021-08-04,-4.351715156599605e-05
combined_max_sharpe,combined,max_sharpe,2021-08-05,0.0069701644346744415
combined_max_sharpe,combined,max_sharpe,2021-08-06,0.004629797425237609
combined_max_sharpe,combined,max_sharpe,2021-08-09,0.0065787784926276335
combined_max_sharpe,combined,max_sharpe,2021-08-10,0.013611308485306416
combined_max_sharpe,combined,max_sharpe,2021-08-11,0.007885388562741694
combined_max_sharpe,combined,max_sharpe,2021-08-12,0.004376546522291801
combined_max_sharpe,combined,max_sharpe,2021-08-13,0.00476332801755
combined_max_sharpe,combined,max_sharpe,2021-08-16,-0.0019000472656625807
combined_max_sharpe,combined,max_sharpe,2021-08-17,-0.012305378060942148
combined_max_sharpe,combined,max_sharpe,2021-08-18,-0.005379321917885287
combined_max_sharpe,combined,max_sharpe,2021-08-19,-0.0026453052204499167
combined_max_sharpe,combined,max_sharpe,2021-08-20,0.011031289255257226
combined_max_sharpe,combined,max_sharpe,2021-08-23,0.009327189077308475
combined_max_sharpe,combined,max_sharpe,2021-08-24,0.0009906754823283603
combined_max_sharpe,combined,max_sharpe,2021-08-25,0.002010545027313435
combined_max_sharpe,combined,max_sharpe,2021-08-26,-0.010001216993939278
combined_max_sharpe,combined,max_sharpe,2021-08-27,0.013346304221748304
combined_max_sharpe,combined,max_sharpe,2021-08-30,-0.00039648183512735097
combined_max_sharpe,combined,max_sharpe,2021-08-31,-0.003150089060063431
combined_max_sharpe,combined,max_sharpe,2021-09-01,0.004740921397128223
combined_max_sharpe,combined,max_sharpe,2021-09-02,0.0037587508614819708
combined_max_sharpe,combined,max_sharpe,2021-09-03,-0.0029607605036898925
combined_max_sharpe,combined,max_sharpe,2021-09-07,-0.01829826382944684
combined_max_sharpe,combined,max_sharpe,2021-09-08,-0.0015383713673937818
combined_max_sharpe,combined,max_sharpe,2021-09-09,-0.00503721073949717
combined_max_sharpe,combined,max_sharpe,2021-09-10,-0.006699585952960675
combined_max_sharpe,combined,max_sharpe,2021-09-13,-0.004531059512353868
combined_max_sharpe,combined,max_sharpe,2021-09-14,-0.009036570302725007
combined_max_sharpe,combined,max_sharpe,2021-09-15,0.006997271098905128
combined_max_sharpe,combined,max_sharpe,2021-09-16,-0.006542057053690633
combined_max_sharpe,combined,max_sharpe,2021-09-17,-0.017065955253157225
combined_max_sharpe,combined,max_sharpe,2021-09-20,-0.022230970553956095
combined_max_sharpe,combined,max_sharpe,2021-09-21,-0.006302184005729158
combined_max_sharpe,combined,max_sharpe,2021-09-22,0.01282902565885756
combined_max_sharpe,combined,max_sharpe,2021-09-23,0.00884299299881711
combined_max_sharpe,combined,max_sharpe,2021-09-24,-0.009465698866056057
combined_max_sharpe,combined,max_sharpe,2021-09-27,-0.0034439977526290752
combined_max_sharpe,combined,max_sharpe,2021-09-28,-0.011749003188279882
combined_max_sharpe,combined,max_sharpe,2021-09-29,0.001365238512514731
combined_max_sharpe,combined,max_sharpe,2021-09-30,-0.01089325926716539
combined_max_sharpe,combined,max_sharpe,2021-10-01,0.016385814048371857
combined_max_sharpe,combined,max_sharpe,2021-10-04,-0.007809049425240883
combined_max_sharpe,combined,max_sharpe,2021-10-05,0.009782688686905227
combined_max_sharpe,combined,max_sharpe,2021-10-06,0.004511452970328552
combined_max_sharpe,combined,max_sharpe,2021-10-07,0.006364325887277652
combined_max_sharpe,combined,max_sharpe,2021-10-08,-0.0016744918517532484
combined_max_sharpe,combined,max_sharpe,2021-10-11,-0.004711877147660227
combined_max_sharpe,combined,max_sharpe,2021-10-12,0.004853822282971428
combined_max_sharpe,combined,max_sharpe,2021-10-13,0.007934964677947031
combined_max_sharpe,combined,max_sharpe,2021-10-14,0.015242286780283922
combined_max_sharpe,combined,max_sharpe,2021-10-15,0.005846287409112997
combined_max_sharpe,combined,max_sharpe,2021-10-18,0.00525127204645196
combined_max_sharpe,combined,max_sharpe,2021-10-19,0.0029041830623485194
combined_max_sharpe,combined,max_sharpe,2021-10-20,0.008053331548035211
combined_max_sharpe,combined,max_sharpe,2021-10-21,-0.0031779224553417497
combined_max_sharpe,combined,max_sharpe,2021-10-22,0.00715130950246398
combined_max_sharpe,combined,max_sharpe,2021-10-25,0.00991723313597165
combined_max_sharpe,combined,max_sharpe,2021-10-26,0.01115084991692275
combined_max_sharpe,combined,max_sharpe,2021-10-27,-0.022704458648079566
combined_max_sharpe,combined,max_sharpe,2021-10-28,0.019450266421341563
combined_max_sharpe,combined,max_sharpe,2021-10-29,0.003325383401284493
combined_max_sharpe,combined,max_sharpe,2021-11-01,0.003348987758677333
combined_max_sharpe,combined,max_sharpe,2021-11-02,0.009970534738705662
combined_max_sharpe,combined,max_sharpe,2021-11-03,-0.0008200862990596924
combined_max_sharpe,combined,max_sharpe,2021-11-04,0.0023700699685829216
combined_max_sharpe,combined,max_sharpe,2021-11-05,-0.01333887062700126
combined_max_sharpe,combined,max_sharpe,2021-11-08,0.011083687745861041
combined_max_sharpe,combined,max_sharpe,2021-11-09,-0.0002999119056151479
combined_max_sharpe,combined,max_sharpe,2021-11-10,-0.007938560337314757
combined_max_sharpe,combined,max_sharpe,2021-11-11,0.005524477059697242
combined_max_sharpe,combined,max_sharpe,2021-11-12,0.002778809284906478
combined_max_sharpe,combined,max_sharpe,2021-11-15,0.002069394411606614
combined_max_sharpe,combined,max_sharpe,2021-11-16,-0.005220427152979736
combined_max_sharpe,combined,max_sharpe,2021-11-17,-0.007814582173715516
combined_max_sharpe,combined,max_sharpe,2021-11-18,0.005692812004874081
combined_max_sharpe,combined,max_sharpe,2021-11-19,-0.006245042916595552
combined_max_sharpe,combined,max_sharpe,2021-11-22,0.0021247619316620532
combined_max_sharpe,combined,max_sharpe,2021-11-23,0.011869538363803459
combined_max_sharpe,combined,max_sharpe,2021-11-24,0.003816800153096631
combined_max_sharpe,combined,max_sharpe,2021-11-26,-0.030214280096247947
combined_max_sharpe,combined,max_sharpe,2021-11-29,0.014349080092340281
combined_max_sharpe,combined,max_sharpe,2021-11-30,-0.01665554366673385
combined_max_sharpe,combined,max_sharpe,2021-12-01,-0.007974889113172302
combined_max_sharpe,combined,max_sharpe,2021-12-02,0.02602494762333605
combined_max_sharpe,combined,max_sharpe,2021-12-03,-0.009852098208726198
combined_max_sharpe,combined,max_sharpe,2021-12-06,0.008013931970651623
combined_max_sharpe,combined,max_sharpe,2021-12-07,0.021609396594490505
combined_max_sharpe,combined,max_sharpe,2021-12-08,-0.0027239135328807076
combined_max_sharpe,combined,max_sharpe,2021-12-09,-0.009878559491792123
combined_max_sharpe,combined,max_sharpe,2021-12-10,0.0032435952094650475
combined_max_sharpe,combined,max_sharpe,2021-12-13,-0.008071678824177886
combined_max_sharpe,combined,max_sharpe,2021-12-14,-0.00020687871093379983
combined_max_sharpe,combined,max_sharpe,2021-12-15,0.018478295302050834
combined_max_sharpe,combined,max_sharpe,2021-12-16,0.0008363616730681793
combined_max_sharpe,combined,max_sharpe,2021-12-17,-0.015936150191382885
combined_max_sharpe,combined,max_sharpe,2021-12-20,-0.006040305732379243
combined_max_sharpe,combined,max_sharpe,2021-12-21,0.008833583858854611
combined_max_sharpe,combined,max_sharpe,2021-12-22,0.009646832422257284
combined_max_sharpe,combined,max_sharpe,2021-12-23,0.00244639984537537
combined_max_sharpe,combined,max_sharpe,2021-12-27,0.0203773307587115
combined_max_sharpe,combined,max_sharpe,2021-12-28,-0.0045511989356971675
combined_max_sharpe,combined,max_sharpe,2021-12-29,0.0016263346497361125
combined_max_sharpe,combined,max_sharpe,2021-12-30,-0.0029214267299657094
combined_max_sharpe,combined,max_sharpe,2021-12-31,-0.0011569054985068584
combined_max_sharpe,combined,max_sharpe,2022-01-03,-0.008776543621957926
combined_max_sharpe,combined,max_sharpe,2022-01-04,-0.00173182512282965
combined_max_sharpe,combined,max_sharpe,2022-01-05,-0.008803331189206202
combined_max_sharpe,combined,max_sharpe,2022-01-06,0.00015608590274649494
combined_max_sharpe,combined,max_sharpe,2022-01-07,-0.012506899399811458
combined_max_sharpe,combined,max_sharpe,2022-01-10,0.000942122257539648
combined_max_sharpe,combined,max_sharpe,2022-01-11,0.007588339677827484
combined_max_sharpe,combined,max_sharpe,2022-01-12,0.007219903384154358
combined_max_sharpe,combined,max_sharpe,2022-01-13,-0.013250565057568492
combined_max_sharpe,combined,max_sharpe,2022-01-14,0.000867079914207535
combined_max_sharpe,combined,max_sharpe,2022-01-18,-0.010597561198587036
combined_max_sharpe,combined,max_sharpe,2022-01-19,-0.0110732426591662
combined_max_sharpe,combined,max_sharpe,2022-01-20,-0.016169051833667094
combined_max_sharpe,combined,max_sharpe,2022-01-21,-0.012321547270423155
combined_max_sharpe,combined,max_sharpe,2022-01-24,-0.0018378681842186296
combined_max_sharpe,combined,max_sharpe,2022-01-25,0.002266485818684192
combined_max_sharpe,combined,max_sharpe,2022-01-26,-0.009797488690394582
combined_max_sharpe,combined,max_sharpe,2022-01-27,-0.0025321693128977315
combined_max_sharpe,combined,max_sharpe,2022-01-28,0.029485185905959013
combined_max_sharpe,combined,max_sharpe,2022-01-31,0.007174125773061507
combined_max_sharpe,combined,max_sharpe,2022-02-01,0.0048731815564094895
combined_max_sharpe,combined,max_sharpe,2022-02-02,0.021439402779310848
combined_max_sharpe,combined,max_sharpe,2022-02-03,-0.004669711258003198
combined_max_sharpe,combined,max_sharpe,2022-02-04,-0.002763031108127655
combined_max_sharpe,combined,max_sharpe,2022-02-07,0.00459000357108324
combined_max_sharpe,combined,max_sharpe,2022-02-08,0.001898576569931608
combined_max_sharpe,combined,max_sharpe,2022-02-09,0.01889221831273142
combined_max_sharpe,combined,max_sharpe,2022-02-10,-0.01877142031070308
combined_max_sharpe,combined,max_sharpe,2022-02-11,-0.007125650167918712
combined_max_sharpe,combined,max_sharpe,2022-02-14,-0.007606397179735358
combined_max_sharpe,combined,max_sharpe,2022-02-15,0.0045253939402795425
combined_max_sharpe,combined,max_sharpe,2022-02-16,0.00016475814212073205
combined_max_sharpe,combined,max_sharpe,2022-02-17,-0.01215481775271126
combined_max_sharpe,combined,max_sharpe,2022-02-18,-0.007647920944332214
combined_max_sharpe,combined,max_sharpe,2022-02-22,-0.00500123276813937
combined_max_sharpe,combined,max_sharpe,2022-02-23,-1.6130483215272845e-05
combined_max_sharpe,combined,max_sharpe,2022-02-24,0.0028063928685832826
combined_max_sharpe,combined,max_sharpe,2022-02-25,0.0368977740252584
combined_max_sharpe,combined,max_sharpe,2022-02-28,-0.0001762694995898922
combined_max_sharpe,combined,max_sharpe,2022-03-01,0.0034612818533524973
combined_max_sharpe,combined,max_sharpe,2022-03-02,0.01673622430185629
combined_max_sharpe,combined,max_sharpe,2022-03-03,0.0072566485411481646
combined_max_sharpe,combined,max_sharpe,2022-03-04,0.008337886336772177
combined_max_sharpe,combined,max_sharpe,2022-03-07,-0.010428341324655636
combined_max_sharpe,combined,max_sharpe,2022-03-08,-0.02134800891200126
combined_max_sharpe,combined,max_sharpe,2022-03-09,0.009181000162382458
combined_max_sharpe,combined,max_sharpe,2022-03-10,0.006905037150354035
combined_max_sharpe,combined,max_sharpe,2022-03-11,-0.0074083314236649996
combined_max_sharpe,combined,max_sharpe,2022-03-14,-0.004307149242436889
combined_max_sharpe,combined,max_sharpe,2022-03-15,0.011098524443120844
combined_max_sharpe,combined,max_sharpe,2022-03-16,0.006240647448211834
combined_max_sharpe,combined,max_sharpe,2022-03-17,0.01772553635092481
combined_max_sharpe,combined,max_sharpe,2022-03-18,0.009124344180655863
combined_max_sharpe,combined,max_sharpe,2022-03-21,0.0124838775101829
combined_max_sharpe,combined,max_sharpe,2022-03-22,0.0045809496310142885
combined_max_sharpe,combined,max_sharpe,2022-03-23,0.00027458747412257434
combined_max_sharpe,combined,max_sharpe,2022-03-24,0.01533048864386285
combined_max_sharpe,combined,max_sharpe,2022-03-25,0.011086563344275664
combined_max_sharpe,combined,max_sharpe,2022-03-28,4.635174945179064e-05
combined_max_sharpe,combined,max_sharpe,2022-03-29,0.007058064012797059
combined_max_sharpe,combined,max_sharpe,2022-03-30,0.0013395038412899005
combined_max_sharpe,combined,max_sharpe,2022-03-31,-0.011278716739265442
combined_max_sharpe,combined,max_sharpe,2022-04-01,0.011919005563470553
combined_max_sharpe,combined,max_sharpe,2022-04-04,-0.00404454194635232
combined_max_sharpe,combined,max_sharpe,2022-04-05,-0.0030118697753578954
combined_max_sharpe,combined,max_sharpe,2022-04-06,0.012238285796041564
combined_max_sharpe,combined,max_sharpe,2022-04-07,0.011620612210673623
combined_max_sharpe,combined,max_sharpe,2022-04-08,0.004163011720666694
combined_max_sharpe,combined,max_sharpe,2022-04-11,-0.025301635333570403
combined_max_sharpe,combined,max_sharpe,2022-04-12,0.00572439832489646
combined_max_sharpe,combined,max_sharpe,2022-04-13,-0.002385863295390758
combined_max_sharpe,combined,max_sharpe,2022-04-14,0.002695272182357362
combined_max_sharpe,combined,max_sharpe,2022-04-18,0.0039065242022593245
combined_max_sharpe,combined,max_sharpe,2022-04-19,0.0006991747059771985
combined_max_sharpe,combined,max_sharpe,2022-04-20,0.005307610681929958
combined_max_sharpe,combined,max_sharpe,2022-04-21,-0.01943120540507478
combined_max_sharpe,combined,max_sharpe,2022-04-22,-0.024435359703470078
combined_max_sharpe,combined,max_sharpe,2022-04-25,-0.009353039275830435
combined_max_sharpe,combined,max_sharpe,2022-04-26,-0.01132349300491954
combined_max_sharpe,combined,max_sharpe,2022-04-27,0.003448205514767522
combined_max_sharpe,combined,max_sharpe,2022-04-28,0.022308657275447546
combined_max_sharpe,combined,max_sharpe,2022-04-29,-0.05137098455957291
combined_max_sharpe,combined,max_sharpe,2022-05-02,-0.012727033113186938
combined_max_sharpe,combined,max_sharpe,2022-05-03,0.008466286938039008
combined_max_sharpe,combined,max_sharpe,2022-05-04,0.018185975833837367
combined_max_sharpe,combined,max_sharpe,2022-05-05,-0.022140842870574665
combined_max_sharpe,combined,max_sharpe,2022-05-06,0.0013026324263309009
combined_max_sharpe,combined,max_sharpe,2022-05-09,-0.05266210069188865
combined_max_sharpe,combined,max_sharpe,2022-05-10,-0.005753175903324376
combined_max_sharpe,combined,max_sharpe,2022-05-11,0.00024241981532621595
combined_max_sharpe,combined,max_sharpe,2022-05-12,0.006559833064385364
combined_max_sharpe,combined,max_sharpe,2022-05-13,0.015193284867907907
combined_max_sharpe,combined,max_sharpe,2022-05-16,0.0076490946509316805
combined_max_sharpe,combined,max_sharpe,2022-05-17,0.006768733455492752
combined_max_sharpe,combined,max_sharpe,2022-05-18,-0.030021615397065497
combined_max_sharpe,combined,max_sharpe,2022-05-19,7.944737008944234e-05
combined_max_sharpe,combined,max_sharpe,2022-05-20,0.002604037505192572
combined_max_sharpe,combined,max_sharpe,2022-05-23,0.01542230969530143
combined_max_sharpe,combined,max_sharpe,2022-05-24,0.004119575009832316
combined_max_sharpe,combined,max_sharpe,2022-05-25,0.011006320164643646
combined_max_sharpe,combined,max_sharpe,2022-05-26,0.008074405179890389
combined_max_sharpe,combined,max_sharpe,2022-05-27,0.01683665811045174
combined_max_sharpe,combined,max_sharpe,2022-05-31,-0.016482526894639655
combined_max_sharpe,combined,max_sharpe,2022-06-01,0.0007913876475329283
combined_max_sharpe,combined,max_sharpe,2022-06-02,0.0014834695613023907
combined_max_sharpe,combined,max_sharpe,2022-06-03,0.001862531300148942
combined_max_sharpe,combined,max_sharpe,2022-06-06,-0.0027910025791706167
combined_max_sharpe,combined,max_sharpe,2022-06-07,0.012856064724841836
combined_max_sharpe,combined,max_sharpe,2022-06-08,-0.008172372908220073
combined_max_sharpe,combined,max_sharpe,2022-06-09,-0.024560581352541168
combined_max_sharpe,combined,max_sharpe,2022-06-10,-0.012373096881907644
combined_max_sharpe,combined,max_sharpe,2022-06-13,-0.04251559263526106
combined_max_sharpe,combined,max_sharpe,2022-06-14,-0.007820803377952308
combined_max_sharpe,combined,max_sharpe,2022-06-15,-0.005367867469767676
combined_max_sharpe,combined,max_sharpe,2022-06-16,-0.022011408677430077
combined_max_sharpe,combined,max_sharpe,2022-06-17,-0.020088300353100393
combined_max_sharpe,combined,max_sharpe,2022-06-21,0.03540240327696134
combined_max_sharpe,combined,max_sharpe,2022-06-22,-0.00399515942276206
combined_max_sharpe,combined,max_sharpe,2022-06-23,0.004825012207856317
combined_max_sharpe,combined,max_sharpe,2022-06-24,0.017370046070712672
combined_max_sharpe,combined,max_sharpe,2022-06-27,0.01204850970795673
combined_max_sharpe,combined,max_sharpe,2022-06-28,0.00034140800259543306
combined_max_sharpe,combined,max_sharpe,2022-06-29,-0.005468243694385972
combined_max_sharpe,combined,max_sharpe,2022-06-30,-0.005955200706862573
combined_max_sharpe,combined,max_sharpe,2022-07-01,0.017177372272233798
combined_max_sharpe,combined,max_sharpe,2022-07-05,-0.01675505625236682
combined_max_sharpe,combined,max_sharpe,2022-07-06,-0.0011120899980870903
combined_max_sharpe,combined,max_sharpe,2022-07-07,0.004346961212218908
combined_max_sharpe,combined,max_sharpe,2022-07-08,-0.0010049477312340472
combined_max_sharpe,combined,max_sharpe,2022-07-11,-2.3685557793694766e-05
combined_max_sharpe,combined,max_sharpe,2022-07-12,-0.008976028983849945
combined_max_sharpe,combined,max_sharpe,2022-07-13,-0.0034350583293612474
combined_max_sharpe,combined,max_sharpe,2022-07-14,-0.0028313067423076646
combined_max_sharpe,combined,max_sharpe,2022-07-15,0.012721238301339139
combined_max_sharpe,combined,max_sharpe,2022-07-18,-0.008701623756577475
combined_max_sharpe,combined,max_sharpe,2022-07-19,0.014155625055165669
combined_max_sharpe,combined,max_sharpe,2022-07-20,-0.008112812146607324
combined_max_sharpe,combined,max_sharpe,2022-07-21,-0.00399471662648341
combined_max_sharpe,combined,max_sharpe,2022-07-22,0.0018568675763233503
combined_max_sharpe,combined,max_sharpe,2022-07-25,0.0179839601821414
combined_max_sharpe,combined,max_sharpe,2022-07-26,0.0020290834990046615
combined_max_sharpe,combined,max_sharpe,2022-07-27,0.0024594059319291866
combined_max_sharpe,combined,max_sharpe,2022-07-28,0.008299989408985596
combined_max_sharpe,combined,max_sharpe,2022-07-29,0.015557181572877294
combined_max_sharpe,combined,max_sharpe,2022-08-01,-0.011863901363073385
combined_max_sharpe,combined,max_sharpe,2022-08-02,-0.006599085706143987
combined_max_sharpe,combined,max_sharpe,2022-08-03,-0.01134960791491072
combined_max_sharpe,combined,max_sharpe,2022-08-04,-0.01795284700435204
combined_max_sharpe,combined,max_sharpe,2022-08-05,0.00529901296146554
combined_max_sharpe,combined,max_sharpe,2022-08-08,0.00642620153455703
combined_max_sharpe,combined,max_sharpe,2022-08-09,0.0137019324657026
combined_max_sharpe,combined,max_sharpe,2022-08-10,0.003959572409399077
combined_max_sharpe,combined,max_sharpe,2022-08-11,0.012764553405188572
combined_max_sharpe,combined,max_sharpe,2022-08-12,0.006838357536873127
combined_max_sharpe,combined,max_sharpe,2022-08-15,-0.007210811024124445
combined_max_sharpe,combined,max_sharpe,2022-08-16,9.780044559802104e-05
combined_max_sharpe,combined,max_sharpe,2022-08-17,-0.0006928553100130526
combined_max_sharpe,combined,max_sharpe,2022-08-18,0.01122910512970413
combined_max_sharpe,combined,max_sharpe,2022-08-19,0.016364978817372724
combined_max_sharpe,combined,max_sharpe,2022-08-22,-0.013999692892881013
combined_max_sharpe,combined,max_sharpe,2022-08-23,0.016298187983962112
combined_max_sharpe,combined,max_sharpe,2022-08-24,0.0031277237893185075
combined_max_sharpe,combined,max_sharpe,2022-08-25,0.0050452884471154525
combined_max_sharpe,combined,max_sharpe,2022-08-26,-0.014071313776963001
combined_max_sharpe,combined,max_sharpe,2022-08-29,0.004426037408794924
combined_max_sharpe,combined,max_sharpe,2022-08-30,-0.019411384138966696
combined_max_sharpe,combined,max_sharpe,2022-08-31,-0.011404039803260864
combined_max_sharpe,combined,max_sharpe,2022-09-01,-0.001786848028172442
combined_max_sharpe,combined,max_sharpe,2022-09-02,0.00029038627443398845
combined_max_sharpe,combined,max_sharpe,2022-09-06,-0.00690935859304438
combined_max_sharpe,combined,max_sharpe,2022-09-07,-6.724962179672036e-06
combined_max_sharpe,combined,max_sharpe,2022-09-08,0.0011648124915229706
combined_max_sharpe,combined,max_sharpe,2022-09-09,0.013037840952674181
combined_max_sharpe,combined,max_sharpe,2022-09-12,0.0069514244546691716
combined_max_sharpe,combined,max_sharpe,2022-09-13,-0.0248244507637796
combined_max_sharpe,combined,max_sharpe,2022-09-14,0.020336186415101706
combined_max_sharpe,combined,max_sharpe,2022-09-15,-0.016511357592521755
combined_max_sharpe,combined,max_sharpe,2022-09-16,-0.006003984021651906
combined_max_sharpe,combined,max_sharpe,2022-09-19,0.0021654084582381525
combined_max_sharpe,combined,max_sharpe,2022-09-20,-0.00813255591535665
combined_max_sharpe,combined,max_sharpe,2022-09-21,-0.014449472221606302
combined_max_sharpe,combined,max_sharpe,2022-09-22,0.0011749716668395158
combined_max_sharpe,combined,max_sharpe,2022-09-23,-0.03411546152784342
combined_max_sharpe,combined,max_sharpe,2022-09-26,-0.016689383161572605
combined_max_sharpe,combined,max_sharpe,2022-09-27,-0.0019509965963284632
combined_max_sharpe,combined,max_sharpe,2022-09-28,0.029025917695261427
combined_max_sharpe,combined,max_sharpe,2022-09-29,-0.01026413937782155
combined_max_sharpe,combined,max_sharpe,2022-09-30,-0.017996124043634227
combined_max_sharpe,combined,max_sharpe,2022-10-03,0.03450365335290066
combined_max_sharpe,combined,max_sharpe,2022-10-04,0.02454178145442305
combined_max_sharpe,combined,max_sharpe,2022-10-05,0.0075665023871249884
combined_max_sharpe,combined,max_sharpe,2022-10-06,0.0011152367516836315
combined_max_sharpe,combined,max_sharpe,2022-10-07,-0.009694958416825942
combined_max_sharpe,combined,max_sharpe,2022-10-10,-0.011829626880560329
combined_max_sharpe,combined,max_sharpe,2022-10-11,0.005974687659843171
combined_max_sharpe,combined,max_sharpe,2022-10-12,-0.00220801306972444
combined_max_sharpe,combined,max_sharpe,2022-10-13,0.035362348825975574
combined_max_sharpe,combined,max_sharpe,2022-10-14,-0.012122800177027424
combined_max_sharpe,combined,max_sharpe,2022-10-17,0.011423925566207357
combined_max_sharpe,combined,max_sharpe,2022-10-18,0.005145575005753605
combined_max_sharpe,combined,max_sharpe,2022-10-19,0.0018438104870988953
combined_max_sharpe,combined,max_sharpe,2022-10-20,-0.0009383259577870624
combined_max_sharpe,combined,max_sharpe,2022-10-21,0.026195637619744996
combined_max_sharpe,combined,max_sharpe,2022-10-24,0.011505522007282725
combined_max_sharpe,combined,max_sharpe,2022-10-25,0.0020636364568230826
combined_max_sharpe,combined,max_sharpe,2022-10-26,0.014444211327144607
combined_max_sharpe,combined,max_sharpe,2022-10-27,0.0019504358909550276
combined_max_sharpe,combined,max_sharpe,2022-10-28,0.002544374057872311
combined_max_sharpe,combined,max_sharpe,2022-10-31,-0.0008297238316610188
combined_max_sharpe,combined,max_sharpe,2022-11-01,0.007329931910757868
combined_max_sharpe,combined,max_sharpe,2022-11-02,-0.018277583212827648
combined_max_sharpe,combined,max_sharpe,2022-11-03,0.005119048437502154
combined_max_sharpe,combined,max_sharpe,2022-11-04,0.010273299663594398
combined_max_sharpe,combined,max_sharpe,2022-11-07,0.01943313920660764
combined_max_sharpe,combined,max_sharpe,2022-11-08,0.012553514269850123
combined_max_sharpe,combined,max_sharpe,2022-11-09,-0.024873725289881164
combined_max_sharpe,combined,max_sharpe,2022-11-10,0.012814788984866004
combined_max_sharpe,combined,max_sharpe,2022-11-11,0.00619495561643852
combined_max_sharpe,combined,max_sharpe,2022-11-14,0.004068646296052464
combined_max_sharpe,combined,max_sharpe,2022-11-15,0.003942301381373147
combined_max_sharpe,combined,max_sharpe,2022-11-16,-0.00704466117828041
combined_max_sharpe,combined,max_sharpe,2022-11-17,0.005625452015800797
combined_max_sharpe,combined,max_sharpe,2022-11-18,0.0021991175569376826
combined_max_sharpe,combined,max_sharpe,2022-11-21,0.0004252874996730949
combined_max_sharpe,combined,max_sharpe,2022-11-22,0.01714766870662088
combined_max_sharpe,combined,max_sharpe,2022-11-23,-0.007028142510583475
combined_max_sharpe,combined,max_sharpe,2022-11-25,0.00032899820910664676
combined_max_sharpe,combined,max_sharpe,2022-11-28,-0.015006278411214515
combined_max_sharpe,combined,max_sharpe,2022-11-29,0.003789725786310161
combined_max_sharpe,combined,max_sharpe,2022-11-30,0.014623899469481175
combined_max_sharpe,combined,max_sharpe,2022-12-01,-0.0019339839885053512
combined_max_sharpe,combined,max_sharpe,2022-12-02,0.0012714084798431983
combined_max_sharpe,combined,max_sharpe,2022-12-05,-0.009173807303369912
combined_max_sharpe,combined,max_sharpe,2022-12-06,-0.011873677630609345
combined_max_sharpe,combined,max_sharpe,2022-12-07,0.005128368090463513
combined_max_sharpe,combined,max_sharpe,2022-12-08,0.002602173255060838
combined_max_sharpe,combined,max_sharpe,2022-12-09,-0.01698797668623302
combined_max_sharpe,combined,max_sharpe,2022-12-12,0.009250493102175973
combined_max_sharpe,combined,max_sharpe,2022-12-13,0.0016822632937771734
combined_max_sharpe,combined,max_sharpe,2022-12-14,0.0004589389408624953
combined_max_sharpe,combined,max_sharpe,2022-12-15,-0.013906624047896993
combined_max_sharpe,combined,max_sharpe,2022-12-16,-0.004707510573748474
combined_max_sharpe,combined,max_sharpe,2022-12-19,0.0008239575583903608
combined_max_sharpe,combined,max_sharpe,2022-12-20,5.958392135341044e-07
combined_max_sharpe,combined,max_sharpe,2022-12-21,0.011074944470260554
combined_max_sharpe,combined,max_sharpe,2022-12-22,-0.006272924117447338
combined_max_sharpe,combined,max_sharpe,2022-12-23,0.007824372977241787
combined_max_sharpe,combined,max_sharpe,2022-12-27,0.0038010054565274735
combined_max_sharpe,combined,max_sharpe,2022-12-28,-0.011481189147235945
combined_max_sharpe,combined,max_sharpe,2022-12-29,0.003624966588911336
combined_max_sharpe,combined,max_sharpe,2022-12-30,0.0020144881619864677
combined_max_sharpe,combined,max_sharpe,2023-01-03,-0.011925785094473536
combined_max_sharpe,combined,max_sharpe,2023-01-04,0.005782982273730555
combined_max_sharpe,combined,max_sharpe,2023-01-05,0.012000793094462794
combined_max_sharpe,combined,max_sharpe,2023-01-06,0.01988352239784541
combined_max_sharpe,combined,max_sharpe,2023-01-09,-0.02217230314431025
combined_max_sharpe,combined,max_sharpe,2023-01-10,0.007425577534971945
combined_max_sharpe,combined,max_sharpe,2023-01-11,-0.00017094322047690432
combined_max_sharpe,combined,max_sharpe,2023-01-12,0.0021247903542630092
combined_max_sharpe,combined,max_sharpe,2023-01-13,0.0023829036703818304
combined_max_sharpe,combined,max_sharpe,2023-01-17,-0.00817225768061687
combined_max_sharpe,combined,max_sharpe,2023-01-18,-0.017202986452864624
combined_max_sharpe,combined,max_sharpe,2023-01-19,0.003827101572304169
combined_max_sharpe,combined,max_sharpe,2023-01-20,0.007487831156246112
combined_max_sharpe,combined,max_sharpe,2023-01-23,-0.00472496688978827
combined_max_sharpe,combined,max_sharpe,2023-01-24,-0.005898599918078664
combined_max_sharpe,combined,max_sharpe,2023-01-25,-0.0028512801969992046
combined_max_sharpe,combined,max_sharpe,2023-01-26,0.009230156514121651
combined_max_sharpe,combined,max_sharpe,2023-01-27,-0.00994135939876584
combined_max_sharpe,combined,max_sharpe,2023-01-30,-0.010685154538443088
combined_max_sharpe,combined,max_sharpe,2023-01-31,0.011929617059226922
combined_max_sharpe,combined,max_sharpe,2023-02-01,0.0029890110599917565
combined_max_sharpe,combined,max_sharpe,2023-02-02,-0.022969654564058563
combined_max_sharpe,combined,max_sharpe,2023-02-03,0.0038817129338294173
combined_max_sharpe,combined,max_sharpe,2023-02-06,-0.0037441623337375173
combined_max_sharpe,combined,max_sharpe,2023-02-07,0.010542200819578535
combined_max_sharpe,combined,max_sharpe,2023-02-08,-0.001488872099332714
combined_max_sharpe,combined,max_sharpe,2023-02-09,-0.003999988649788727
combined_max_sharpe,combined,max_sharpe,2023-02-10,0.019161655241189793
combined_max_sharpe,combined,max_sharpe,2023-02-13,0.008293544264998757
combined_max_sharpe,combined,max_sharpe,2023-02-14,-0.0016141008577692083
combined_max_sharpe,combined,max_sharpe,2023-02-15,-0.009176609855680477
combined_max_sharpe,combined,max_sharpe,2023-02-16,-0.008211001317780771
combined_max_sharpe,combined,max_sharpe,2023-02-17,0.00023045622946363514
combined_max_sharpe,combined,max_sharpe,2023-02-21,-0.009297178526497654
combined_max_sharpe,combined,max_sharpe,2023-02-22,-0.006536436218167848
combined_max_sharpe,combined,max_sharpe,2023-02-23,3.7863720283504675e-05
combined_max_sharpe,combined,max_sharpe,2023-02-24,-0.007078616344529652
combined_max_sharpe,combined,max_sharpe,2023-02-27,0.00046688447816121124
combined_max_sharpe,combined,max_sharpe,2023-02-28,-0.007805431095315566
combined_max_sharpe,combined,max_sharpe,2023-03-01,0.004773179674450087
combined_max_sharpe,combined,max_sharpe,2023-03-02,0.005712835455436355
combined_max_sharpe,combined,max_sharpe,2023-03-03,0.010347695435126907
combined_max_sharpe,combined,max_sharpe,2023-03-06,0.008566309967243859
combined_max_sharpe,combined,max_sharpe,2023-03-07,-0.012458743131758605
combined_max_sharpe,combined,max_sharpe,2023-03-08,-0.006589816492095134
combined_max_sharpe,combined,max_sharpe,2023-03-09,-0.014695616207133678
combined_max_sharpe,combined,max_sharpe,2023-03-10,-0.009313542564934817
combined_max_sharpe,combined,max_sharpe,2023-03-13,-0.008949414212581986
combined_max_sharpe,combined,max_sharpe,2023-03-14,0.010286074610274675
combined_max_sharpe,combined,max_sharpe,2023-03-15,-0.020695509989745155
combined_max_sharpe,combined,max_sharpe,2023-03-16,0.00321979427080554
combined_max_sharpe,combined,max_sharpe,2023-03-17,-0.019112396604309564
combined_max_sharpe,combined,max_sharpe,2023-03-20,0.021053099373733203
combined_max_sharpe,combined,max_sharpe,2023-03-21,0.012364945771195863
combined_max_sharpe,combined,max_sharpe,2023-03-22,-0.01757149312121292
combined_max_sharpe,combined,max_sharpe,2023-03-23,0.000634899104333527
combined_max_sharpe,combined,max_sharpe,2023-03-24,0.005271684351347019
combined_max_sharpe,combined,max_sharpe,2023-03-27,0.011845810882758366
combined_max_sharpe,combined,max_sharpe,2023-03-28,0.006659359018229474
combined_max_sharpe,combined,max_sharpe,2023-03-29,0.00621504529655542
combined_max_sharpe,combined,max_sharpe,2023-03-30,0.005811159502281323
combined_max_sharpe,combined,max_sharpe,2023-03-31,0.009700694981241327
combined_max_sharpe,combined,max_sharpe,2023-04-03,0.021369623977545257
combined_max_sharpe,combined,max_sharpe,2023-04-04,-0.007164266303761664
combined_max_sharpe,combined,max_sharpe,2023-04-05,0.013676773796691164
combined_max_sharpe,combined,max_sharpe,2023-04-06,-0.004427998855118951
combined_max_sharpe,combined,max_sharpe,2023-04-10,-0.0013039936181954287
combined_max_sharpe,combined,max_sharpe,2023-04-11,0.0014856514441452153
combined_max_sharpe,combined,max_sharpe,2023-04-12,0.001925492552244099
combined_max_sharpe,combined,max_sharpe,2023-04-13,0.009404797928877676
combined_max_sharpe,combined,max_sharpe,2023-04-14,0.0016167367079959753
combined_max_sharpe,combined,max_sharpe,2023-04-17,0.0006371561993511517
combined_max_sharpe,combined,max_sharpe,2023-04-18,0.0072763051169736186
combined_max_sharpe,combined,max_sharpe,2023-04-19,-0.0011615777523050182
combined_max_sharpe,combined,max_sharpe,2023-04-20,-0.012275902484370008
combined_max_sharpe,combined,max_sharpe,2023-04-21,0.011090264454438305
combined_max_sharpe,combined,max_sharpe,2023-04-24,0.002548909159462299
combined_max_sharpe,combined,max_sharpe,2023-04-25,-0.007957011627219627
combined_max_sharpe,combined,max_sharpe,2023-04-26,-0.017642995202270702
combined_max_sharpe,combined,max_sharpe,2023-04-27,0.012494618868994233
combined_max_sharpe,combined,max_sharpe,2023-04-28,0.0030701153812696625
combined_max_sharpe,combined,max_sharpe,2023-05-01,-0.00167915965375474
combined_max_sharpe,combined,max_sharpe,2023-05-02,-0.006942623386155157
combined_max_sharpe,combined,max_sharpe,2023-05-03,-0.02355608570034754
combined_max_sharpe,combined,max_sharpe,2023-05-04,-0.010898316008105115
combined_max_sharpe,combined,max_sharpe,2023-05-05,0.014838295612433487
combined_max_sharpe,combined,max_sharpe,2023-05-08,0.0004336008954737624
combined_max_sharpe,combined,max_sharpe,2023-05-09,-0.0017766522167233045
combined_max_sharpe,combined,max_sharpe,2023-05-10,-0.005900842062979068
combined_max_sharpe,combined,max_sharpe,2023-05-11,-0.004096319168554564
combined_max_sharpe,combined,max_sharpe,2023-05-12,-0.0026953661423989236
combined_max_sharpe,combined,max_sharpe,2023-05-15,0.007200830675442454
combined_max_sharpe,combined,max_sharpe,2023-05-16,-0.00947669208676367
combined_max_sharpe,combined,max_sharpe,2023-05-17,0.008658460389519066
combined_max_sharpe,combined,max_sharpe,2023-05-18,0.002485888923452747
combined_max_sharpe,combined,max_sharpe,2023-05-19,0.0027929811375680155
combined_max_sharpe,combined,max_sharpe,2023-05-22,-0.008764226687434427
combined_max_sharpe,combined,max_sharpe,2023-05-23,-0.010443970072472117
combined_max_sharpe,combined,max_sharpe,2023-05-24,0.0010568051610367938
combined_max_sharpe,combined,max_sharpe,2023-05-25,-0.01041683344457411
combined_max_sharpe,combined,max_sharpe,2023-05-26,-0.0021719449024200253
combined_max_sharpe,combined,max_sharpe,2023-05-30,-0.009346948808070923
combined_max_sharpe,combined,max_sharpe,2023-05-31,-0.001601050874036626
combined_max_sharpe,combined,max_sharpe,2023-06-01,0.01112949940817246
combined_max_sharpe,combined,max_sharpe,2023-06-02,0.014646146153925291
combined_max_sharpe,combined,max_sharpe,2023-06-05,-0.010065861115055252
combined_max_sharpe,combined,max_sharpe,2023-06-06,-0.003842911660854085
combined_max_sharpe,combined,max_sharpe,2023-06-07,-0.005135915440460484
combined_max_sharpe,combined,max_sharpe,2023-06-08,0.01662762188155468
combined_max_sharpe,combined,max_sharpe,2023-06-09,0.004559668868242845
combined_max_sharpe,combined,max_sharpe,2023-06-12,0.0038827096480125896
combined_max_sharpe,combined,max_sharpe,2023-06-13,0.006116138125229379
combined_max_sharpe,combined,max_sharpe,2023-06-14,-0.007724821782556845
combined_max_sharpe,combined,max_sharpe,2023-06-15,0.0054435135974615
combined_max_sharpe,combined,max_sharpe,2023-06-16,-0.0008523666968875321
combined_max_sharpe,combined,max_sharpe,2023-06-20,-0.006276713003819259
combined_max_sharpe,combined,max_sharpe,2023-06-21,0.00280793976822118
combined_max_sharpe,combined,max_sharpe,2023-06-22,0.0015210604929861437
combined_max_sharpe,combined,max_sharpe,2023-06-23,-0.004145160926601394
combined_max_sharpe,combined,max_sharpe,2023-06-26,-0.010640622820391769
combined_max_sharpe,combined,max_sharpe,2023-06-27,0.006657563335992045
combined_max_sharpe,combined,max_sharpe,2023-06-28,-0.0023209603639262814
combined_max_sharpe,combined,max_sharpe,2023-06-29,0.003908619838516463
combined_max_sharpe,combined,max_sharpe,2023-06-30,0.015583804827778183
combined_max_sharpe,combined,max_sharpe,2023-07-03,-0.005406933548214587
combined_max_sharpe,combined,max_sharpe,2023-07-05,-0.0009446667766971587
combined_max_sharpe,combined,max_sharpe,2023-07-06,-0.009438609650113535
combined_max_sharpe,combined,max_sharpe,2023-07-07,-0.00740924829368606
combined_max_sharpe,combined,max_sharpe,2023-07-10,0.012249857053570002
combined_max_sharpe,combined,max_sharpe,2023-07-11,0.0008525910679675232
combined_max_sharpe,combined,max_sharpe,2023-07-12,0.005836495270603991
combined_max_sharpe,combined,max_sharpe,2023-07-13,0.031509992357014543
combined_max_sharpe,combined,max_sharpe,2023-07-14,-0.010635014595212959
combined_max_sharpe,combined,max_sharpe,2023-07-17,-0.00033560194989636343
combined_max_sharpe,combined,max_sharpe,2023-07-18,0.008686528510394437
combined_max_sharpe,combined,max_sharpe,2023-07-19,0.0012217306304056889
combined_max_sharpe,combined,max_sharpe,2023-07-20,0.004561007157999574
combined_max_sharpe,combined,max_sharpe,2023-07-21,-0.0015707912223177811
combined_max_sharpe,combined,max_sharpe,2023-07-24,-0.011113486742374754
combined_max_sharpe,combined,max_sharpe,2023-07-25,0.013421307068569883
combined_max_sharpe,combined,max_sharpe,2023-07-26,-0.003507659502370852
combined_max_sharpe,combined,max_sharpe,2023-07-27,-0.001989708637285886
combined_max_sharpe,combined,max_sharpe,2023-07-28,0.0034640823063833374
combined_max_sharpe,combined,max_sharpe,2023-07-31,-0.002353940606228039
combined_max_sharpe,combined,max_sharpe,2023-08-01,-0.007486782742872755
combined_max_sharpe,combined,max_sharpe,2023-08-02,-0.012609151895588271
combined_max_sharpe,combined,max_sharpe,2023-08-03,-7.02999838858272e-05
combined_max_sharpe,combined,max_sharpe,2023-08-04,0.0015163516540529047
combined_max_sharpe,combined,max_sharpe,2023-08-07,0.015302727572291397
combined_max_sharpe,combined,max_sharpe,2023-08-08,-0.0015826467785619333
combined_max_sharpe,combined,max_sharpe,2023-08-09,-0.0075223745360153
combined_max_sharpe,combined,max_sharpe,2023-08-10,-0.0022229395135592842
combined_max_sharpe,combined,max_sharpe,2023-08-11,0.002258529613267471
combined_max_sharpe,combined,max_sharpe,2023-08-14,0.012681573175668061
combined_max_sharpe,combined,max_sharpe,2023-08-15,-0.008230620829879172
combined_max_sharpe,combined,max_sharpe,2023-08-16,-0.010057359705696708
combined_max_sharpe,combined,max_sharpe,2023-08-17,-0.020906299510684553
combined_max_sharpe,combined,max_sharpe,2023-08-18,0.003923739490912533
combined_max_sharpe,combined,max_sharpe,2023-08-21,0.009769034877758058
combined_max_sharpe,combined,max_sharpe,2023-08-22,-0.011474827349951425
combined_max_sharpe,combined,max_sharpe,2023-08-23,0.022645711651083037
combined_max_sharpe,combined,max_sharpe,2023-08-24,-0.012566095215476298
combined_max_sharpe,combined,max_sharpe,2023-08-25,0.0009707238251050548
combined_max_sharpe,combined,max_sharpe,2023-08-28,0.00591928466548363
combined_max_sharpe,combined,max_sharpe,2023-08-29,0.020855271395194764
combined_max_sharpe,combined,max_sharpe,2023-08-30,-0.00045926789643022667
combined_max_sharpe,combined,max_sharpe,2023-08-31,-0.004774616581281408
combined_max_sharpe,combined,max_sharpe,2023-09-01,-0.0037581199457000164
combined_max_sharpe,combined,max_sharpe,2023-09-05,-0.009839734509592577
combined_max_sharpe,combined,max_sharpe,2023-09-06,-0.00611671744565879
combined_max_sharpe,combined,max_sharpe,2023-09-07,0.0007443583362304519
combined_max_sharpe,combined,max_sharpe,2023-09-08,9.613715208760976e-05
combined_max_sharpe,combined,max_sharpe,2023-09-11,0.0009422327835541739
combined_max_sharpe,combined,max_sharpe,2023-09-12,0.005512706433565112
combined_max_sharpe,combined,max_sharpe,2023-09-13,-0.003267343580945656
combined_max_sharpe,combined,max_sharpe,2023-09-14,0.011371027759490806
combined_max_sharpe,combined,max_sharpe,2023-09-15,-0.008547650128768411
combined_max_sharpe,combined,max_sharpe,2023-09-18,0.00447617432427009
combined_max_sharpe,combined,max_sharpe,2023-09-19,-0.0030269447317978386
combined_max_sharpe,combined,max_sharpe,2023-09-20,-0.0076639946570850395
combined_max_sharpe,combined,max_sharpe,2023-09-21,-0.015868176827874086
combined_max_sharpe,combined,max_sharpe,2023-09-22,-0.0007273327602763944
combined_max_sharpe,combined,max_sharpe,2023-09-25,0.005873906368721071
combined_max_sharpe,combined,max_sharpe,2023-09-26,-0.006480292092254815
combined_max_sharpe,combined,max_sharpe,2023-09-27,0.004778770355724149
combined_max_sharpe,combined,max_sharpe,2023-09-28,0.00994846563001975
combined_max_sharpe,combined,max_sharpe,2023-09-29,-0.010828864715247587
combined_max_sharpe,combined,max_sharpe,2023-10-02,0.0005986294365595405
combined_max_sharpe,combined,max_sharpe,2023-10-03,-0.015814576060278994
combined_max_sharpe,combined,max_sharpe,2023-10-04,0.004306907912478552
combined_max_sharpe,combined,max_sharpe,2023-10-05,0.0019380909204082177
combined_max_sharpe,combined,max_sharpe,2023-10-06,0.012249747403423784
combined_max_sharpe,combined,max_sharpe,2023-10-09,0.0010688691505828512
combined_max_sharpe,combined,max_sharpe,2023-10-10,0.0028670171897359847
combined_max_sharpe,combined,max_sharpe,2023-10-11,0.013537254117877907
combined_max_sharpe,combined,max_sharpe,2023-10-12,-0.0031850080743026647
combined_max_sharpe,combined,max_sharpe,2023-10-13,-0.007893335627691376
combined_max_sharpe,combined,max_sharpe,2023-10-16,0.00988756699023753
combined_max_sharpe,combined,max_sharpe,2023-10-17,-0.008015221522261858
combined_max_sharpe,combined,max_sharpe,2023-10-18,-0.019347672291943546
combined_max_sharpe,combined,max_sharpe,2023-10-19,-0.009059044562056463
combined_max_sharpe,combined,max_sharpe,2023-10-20,-0.0014829582818671055
combined_max_sharpe,combined,max_sharpe,2023-10-23,0.011913710973904354
combined_max_sharpe,combined,max_sharpe,2023-10-24,0.013818352657510425
combined_max_sharpe,combined,max_sharpe,2023-10-25,-0.014621659642747125
combined_max_sharpe,combined,max_sharpe,2023-10-26,-0.01368985151102085
combined_max_sharpe,combined,max_sharpe,2023-10-27,-0.016311859444113865
combined_max_sharpe,combined,max_sharpe,2023-10-30,0.01289309474073252
combined_max_sharpe,combined,max_sharpe,2023-10-31,-0.012291774337455066
combined_max_sharpe,combined,max_sharpe,2023-11-01,0.007746574376411798
combined_max_sharpe,combined,max_sharpe,2023-11-02,0.0066069011667378675
combined_max_sharpe,combined,max_sharpe,2023-11-03,0.012261398078812182
combined_max_sharpe,combined,max_sharpe,2023-11-06,0.011137709087561306
combined_max_sharpe,combined,max_sharpe,2023-11-07,8.370774152670736e-07
combined_max_sharpe,combined,max_sharpe,2023-11-08,0.005031864484548276
combined_max_sharpe,combined,max_sharpe,2023-11-09,-0.006887152305408828
combined_max_sharpe,combined,max_sharpe,2023-11-10,0.0145095709763745
combined_max_sharpe,combined,max_sharpe,2023-11-13,0.004668582191322699
combined_max_sharpe,combined,max_sharpe,2023-11-14,0.007226878226095797
combined_max_sharpe,combined,max_sharpe,2023-11-15,-2.768065647361129e-05
combined_max_sharpe,combined,max_sharpe,2023-11-16,-0.009945126347934145
combined_max_sharpe,combined,max_sharpe,2023-11-17,-0.0014787183892000476
combined_max_sharpe,combined,max_sharpe,2023-11-20,0.00765557809136878
combined_max_sharpe,combined,max_sharpe,2023-11-21,-0.006860783083089417
combined_max_sharpe,combined,max_sharpe,2023-11-22,-0.005588445800976912
combined_max_sharpe,combined,max_sharpe,2023-11-24,-0.001144879729845837
combined_max_sharpe,combined,max_sharpe,2023-11-27,-0.00024232938023571176
combined_max_sharpe,combined,max_sharpe,2023-11-28,-0.0036583543220150413
combined_max_sharpe,combined,max_sharpe,2023-11-29,-0.00033503172513139385
combined_max_sharpe,combined,max_sharpe,2023-11-30,0.0011860353809556635
combined_max_sharpe,combined,max_sharpe,2023-12-01,0.004779651437479688
combined_max_sharpe,combined,max_sharpe,2023-12-04,-0.0008128384670242931
combined_max_sharpe,combined,max_sharpe,2023-12-05,0.005634643233314914
combined_max_sharpe,combined,max_sharpe,2023-12-06,-0.006326632589040647
combined_max_sharpe,combined,max_sharpe,2023-12-07,0.004517445320679259
combined_max_sharpe,combined,max_sharpe,2023-12-08,0.010945342424853594
combined_max_sharpe,combined,max_sharpe,2023-12-11,-0.011597358119928194
combined_max_sharpe,combined,max_sharpe,2023-12-12,0.009156075630722108
combined_max_sharpe,combined,max_sharpe,2023-12-13,0.01275508968138039
combined_max_sharpe,combined,max_sharpe,2023-12-14,-0.007734078766701766
combined_max_sharpe,combined,max_sharpe,2023-12-15,-0.001539939306470417
combined_max_sharpe,combined,max_sharpe,2023-12-18,0.012091749375953871
combined_max_sharpe,combined,max_sharpe,2023-12-19,0.0026154854768617756
combined_max_sharpe,combined,max_sharpe,2023-12-20,-0.01306613127411233
combined_max_sharpe,combined,max_sharpe,2023-12-21,0.013968583366341275
combined_max_sharpe,combined,max_sharpe,2023-12-22,0.0024785185502781268
combined_max_sharpe,combined,max_sharpe,2023-12-26,0.0024119402077154364
combined_max_sharpe,combined,max_sharpe,2023-12-27,0.012414065393500512
combined_max_sharpe,combined,max_sharpe,2023-12-28,-0.0005655873332057432
combined_max_sharpe,combined,max_sharpe,2023-12-29,-0.0046886282607327395
combined_min_cvar,combined,min_cvar,2021-01-04,0.007671107191306297
combined_min_cvar,combined,min_cvar,2021-01-05,0.003102552644895137
combined_min_cvar,combined,min_cvar,2021-01-06,0.011130532551900475
combined_min_cvar,combined,min_cvar,2021-01-07,0.012388438415006878
combined_min_cvar,combined,min_cvar,2021-01-08,-0.0034157840580489613
combined_min_cvar,combined,min_cvar,2021-01-11,-0.00022494418128039372
combined_min_cvar,combined,min_cvar,2021-01-12,-0.008880458739766199
combined_min_cvar,combined,min_cvar,2021-01-13,-0.0050000935852926014
combined_min_cvar,combined,min_cvar,2021-01-14,0.0006423951776427756
combined_min_cvar,combined,min_cvar,2021-01-15,-0.000945019772117188
combined_min_cvar,combined,min_cvar,2021-01-19,0.011742681819405139
combined_min_cvar,combined,min_cvar,2021-01-20,0.016063045980329538
combined_min_cvar,combined,min_cvar,2021-01-21,-0.011820135563168636
combined_min_cvar,combined,min_cvar,2021-01-22,-0.0013810932180782286
combined_min_cvar,combined,min_cvar,2021-01-25,0.0023492618968860342
combined_min_cvar,combined,min_cvar,2021-01-26,-0.010215001952542872
combined_min_cvar,combined,min_cvar,2021-01-27,-0.030393771855199418
combined_min_cvar,combined,min_cvar,2021-01-28,0.00775236168614325
combined_min_cvar,combined,min_cvar,2021-01-29,-0.005273918213759559
combined_min_cvar,combined,min_cvar,2021-02-01,-0.0009624889209585018
combined_min_cvar,combined,min_cvar,2021-02-02,0.00906922533622991
combined_min_cvar,combined,min_cvar,2021-02-03,-0.00822990017974041
combined_min_cvar,combined,min_cvar,2021-02-04,-0.0018555573018079839
combined_min_cvar,combined,min_cvar,2021-02-05,0.018695147508459357
combined_min_cvar,combined,min_cvar,2021-02-08,0.0065501904660817374
combined_min_cvar,combined,min_cvar,2021-02-09,-0.012310673989581036
combined_min_cvar,combined,min_cvar,2021-02-10,-0.004499393981650304
combined_min_cvar,combined,min_cvar,2021-02-11,-0.007848216857296841
combined_min_cvar,combined,min_cvar,2021-02-12,0.006095631495042501
combined_min_cvar,combined,min_cvar,2021-02-16,-0.012563237814861596
combined_min_cvar,combined,min_cvar,2021-02-17,0.0046218796927708925
combined_min_cvar,combined,min_cvar,2021-02-18,-0.011127200418670253
combined_min_cvar,combined,min_cvar,2021-02-19,-0.008460794979300154
combined_min_cvar,combined,min_cvar,2021-02-22,-0.002383416764696537
combined_min_cvar,combined,min_cvar,2021-02-23,-0.010801729584473164
combined_min_cvar,combined,min_cvar,2021-02-24,-0.0007678262959466943
combined_min_cvar,combined,min_cvar,2021-02-25,-0.008828882417001055
combined_min_cvar,combined,min_cvar,2021-02-26,-0.018572978364013216
combined_min_cvar,combined,min_cvar,2021-03-01,0.008181395446436646
combined_min_cvar,combined,min_cvar,2021-03-02,0.0076160229611032465
combined_min_cvar,combined,min_cvar,2021-03-03,-0.01184570202870368
combined_min_cvar,combined,min_cvar,2021-03-04,-0.006735193698009217
combined_min_cvar,combined,min_cvar,2021-03-05,0.012022141251807745
combined_min_cvar,combined,min_cvar,2021-03-08,-0.003963423832329398
combined_min_cvar,combined,min_cvar,2021-03-09,0.007191534613731067
combined_min_cvar,combined,min_cvar,2021-03-10,0.006278761398611339
combined_min_cvar,combined,min_cvar,2021-03-11,0.0017009752970466988
combined_min_cvar,combined,min_cvar,2021-03-12,0.005396214104821641
combined_min_cvar,combined,min_cvar,2021-03-15,0.016225817274762428
combined_min_cvar,combined,min_cvar,2021-03-16,0.0067146116055942845
combined_min_cvar,combined,min_cvar,2021-03-17,0.00048180971115168196
combined_min_cvar,combined,min_cvar,2021-03-18,-0.005723799835518204
combined_min_cvar,combined,min_cvar,2021-03-19,0.0019228079564357343
combined_min_cvar,combined,min_cvar,2021-03-22,0.003385000670210801
combined_min_cvar,combined,min_cvar,2021-03-23,-0.003744532804642934
combined_min_cvar,combined,min_cvar,2021-03-24,-0.003427507928939048
combined_min_cvar,combined,min_cvar,2021-03-25,-0.00017624535989230043
combined_min_cvar,combined,min_cvar,2021-03-26,0.017684483230213436
combined_min_cvar,combined,min_cvar,2021-03-29,0.011049403383232011
combined_min_cvar,combined,min_cvar,2021-03-30,-0.011933346791665652
combined_min_cvar,combined,min_cvar,2021-03-31,-0.0017638879951839346
combined_min_cvar,combined,min_cvar,2021-04-01,0.0048002564249026766
combined_min_cvar,combined,min_cvar,2021-04-05,0.016635834235246866
combined_min_cvar,combined,min_cvar,2021-04-06,-0.002651466112523207
combined_min_cvar,combined,min_cvar,2021-04-07,-0.00634816639262872
combined_min_cvar,combined,min_cvar,2021-04-08,0.0051001645618941535
combined_min_cvar,combined,min_cvar,2021-04-09,0.0007132201787564177
combined_min_cvar,combined,min_cvar,2021-04-12,0.004898309795830974
combined_min_cvar,combined,min_cvar,2021-04-13,0.00959068998232659
combined_min_cvar,combined,min_cvar,2021-04-14,-0.005295741209872259
combined_min_cvar,combined,min_cvar,2021-04-15,0.01683879475876497
combined_min_cvar,combined,min_cvar,2021-04-16,0.00018805045860747832
combined_min_cvar,combined,min_cvar,2021-04-19,-0.007061074369781237
combined_min_cvar,combined,min_cvar,2021-04-20,0.004635146624780737
combined_min_cvar,combined,min_cvar,2021-04-21,-0.00038770292345206413
combined_min_cvar,combined,min_cvar,2021-04-22,-0.007586076018504842
combined_min_cvar,combined,min_cvar,2021-04-23,0.002458085814005836
combined_min_cvar,combined,min_cvar,2021-04-26,0.003111951996124695
combined_min_cvar,combined,min_cvar,2021-04-27,0.0001525439520278487
combined_min_cvar,combined,min_cvar,2021-04-28,-0.005490107160783786
combined_min_cvar,combined,min_cvar,2021-04-29,0.010774385033146337
combined_min_cvar,combined,min_cvar,2021-04-30,0.004181135416677044
combined_min_cvar,combined,min_cvar,2021-05-03,0.008037330664256721
combined_min_cvar,combined,min_cvar,2021-05-04,-0.006656257397216658
combined_min_cvar,combined,min_cvar,2021-05-05,0.005294184713131592
combined_min_cvar,combined,min_cvar,2021-05-06,0.00833236330502831
combined_min_cvar,combined,min_cvar,2021-05-07,0.0024986139179022497
combined_min_cvar,combined,min_cvar,2021-05-10,0.002768031875078035
combined_min_cvar,combined,min_cvar,2021-05-11,-0.004311753923486615
combined_min_cvar,combined,min_cvar,2021-05-12,-0.02470131776116992
combined_min_cvar,combined,min_cvar,2021-05-13,0.016358501525109998
combined_min_cvar,combined,min_cvar,2021-05-14,0.004754584345052988
combined_min_cvar,combined,min_cvar,2021-05-17,-0.0020254509673441304
combined_min_cvar,combined,min_cvar,2021-05-18,0.002500162779342628
combined_min_cvar,combined,min_cvar,2021-05-19,-0.0133690266541345
combined_min_cvar,combined,min_cvar,2021-05-20,0.010464176721841632
combined_min_cvar,combined,min_cvar,2021-05-21,-0.005185118655789131
combined_min_cvar,combined,min_cvar,2021-05-24,0.00563679106456786
combined_min_cvar,combined,min_cvar,2021-05-25,-0.0024700138839093746
combined_min_cvar,combined,min_cvar,2021-05-26,0.0038554275743499806
combined_min_cvar,combined,min_cvar,2021-05-27,-0.004513740599653233
combined_min_cvar,combined,min_cvar,2021-05-28,-0.00023991547689785828
combined_min_cvar,combined,min_cvar,2021-06-01,-0.002697117400249272
combined_min_cvar,combined,min_cvar,2021-06-02,0.0030797718600272497
combined_min_cvar,combined,min_cvar,2021-06-03,0.006134002731692949
combined_min_cvar,combined,min_cvar,2021-06-04,0.0019194709868428528
combined_min_cvar,combined,min_cvar,2021-06-07,-0.001355282017322842
combined_min_cvar,combined,min_cvar,2021-06-08,-0.004687305038989052
combined_min_cvar,combined,min_cvar,2021-06-09,0.003086661678180415
combined_min_cvar,combined,min_cvar,2021-06-10,0.004544335487274218
combined_min_cvar,combined,min_cvar,2021-06-11,-0.00028042266853893787
combined_min_cvar,combined,min_cvar,2021-06-14,0.0013253898050984187
combined_min_cvar,combined,min_cvar,2021-06-15,-0.0014550657756608036
combined_min_cvar,combined,min_cvar,2021-06-16,-0.013620580019809614
combined_min_cvar,combined,min_cvar,2021-06-17,0.003034796148377169
combined_min_cvar,combined,min_cvar,2021-06-18,-0.0154818306209256
combined_min_cvar,combined,min_cvar,2021-06-21,0.010683885224342783
combined_min_cvar,combined,min_cvar,2021-06-22,-0.0022438910182216026
combined_min_cvar,combined,min_cvar,2021-06-23,-0.0062901043067293706
combined_min_cvar,combined,min_cvar,2021-06-24,0.003496213430606428
combined_min_cvar,combined,min_cvar,2021-06-25,0.013651215226738136
combined_min_cvar,combined,min_cvar,2021-06-28,0.000832060251327098
combined_min_cvar,combined,min_cvar,2021-06-29,-0.005178255062557104
combined_min_cvar,combined,min_cvar,2021-06-30,0.006666236732512476
combined_min_cvar,combined,min_cvar,2021-07-01,0.005661824533141979
combined_min_cvar,combined,min_cvar,2021-07-02,0.0045278737112726085
combined_min_cvar,combined,min_cvar,2021-07-06,-0.0023005781121958183
combined_min_cvar,combined,min_cvar,2021-07-07,0.0034610217663678658
combined_min_cvar,combined,min_cvar,2021-07-08,-0.007350629630002877
combined_min_cvar,combined,min_cvar,2021-07-09,0.007907708476753114
combined_min_cvar,combined,min_cvar,2021-07-12,0.002524662939557415
combined_min_cvar,combined,min_cvar,2021-07-13,-0.002077055036629635
combined_min_cvar,combined,min_cvar,2021-07-14,0.00311973929598414
combined_min_cvar,combined,min_cvar,2021-07-15,0.0038265086553806306
combined_min_cvar,combined,min_cvar,2021-07-16,0.0005012582959537228
combined_min_cvar,combined,min_cvar,2021-07-19,-0.010612331645210936
combined_min_cvar,combined,min_cvar,2021-07-20,0.004597639983133153
combined_min_cvar,combined,min_cvar,2021-07-21,-0.001899338275501537
combined_min_cvar,combined,min_cvar,2021-07-22,0.0036585479353586844
combined_min_cvar,combined,min_cvar,2021-07-23,0.011955607784481563
combined_min_cvar,combined,min_cvar,2021-07-26,0.00040359233199468476
combined_min_cvar,combined,min_cvar,2021-07-27,0.0012659557621152468
combined_min_cvar,combined,min_cvar,2021-07-28,-4.363719353645704e-05
combined_min_cvar,combined,min_cvar,2021-07-29,0.003467776684545499
combined_min_cvar,combined,min_cvar,2021-07-30,-0.002950335200215275
combined_min_cvar,combined,min_cvar,2021-08-02,0.0018588381225289254
combined_min_cvar,combined,min_cvar,2021-08-03,0.006132277265504113
combined_min_cvar,combined,min_cvar,2021-08-04,-0.003847287753128824
combined_min_cvar,combined,min_cvar,2021-08-05,0.004111505557084882
combined_min_cvar,combined,min_cvar,2021-08-06,-0.0014386994793078047
combined_min_cvar,combined,min_cvar,2021-08-09,0.0012746425361434947
combined_min_cvar,combined,min_cvar,2021-08-10,0.005494183010536221
combined_min_cvar,combined,min_cvar,2021-08-11,0.009982092072425862
combined_min_cvar,combined,min_cvar,2021-08-12,0.003350353267689071
combined_min_cvar,combined,min_cvar,2021-08-13,0.003863798023960887
combined_min_cvar,combined,min_cvar,2021-08-16,0.006506654929293269
combined_min_cvar,combined,min_cvar,2021-08-17,-0.001485999281303621
combined_min_cvar,combined,min_cvar,2021-08-18,-0.009571370040709697
combined_min_cvar,combined,min_cvar,2021-08-19,-1.2040619577277233e-05
combined_min_cvar,combined,min_cvar,2021-08-20,0.00856636255801299
combined_min_cvar,combined,min_cvar,2021-08-23,-0.001065857347036042
combined_min_cvar,combined,min_cvar,2021-08-24,-0.005452978977653752
combined_min_cvar,combined,min_cvar,2021-08-25,-0.0015540039483662952
combined_min_cvar,combined,min_cvar,2021-08-26,-0.0044961247236958695
combined_min_cvar,combined,min_cvar,2021-08-27,0.003637149805175005
combined_min_cvar,combined,min_cvar,2021-08-30,0.004202177536037291
combined_min_cvar,combined,min_cvar,2021-08-31,0.0016585787930919727
combined_min_cvar,combined,min_cvar,2021-09-01,0.004510639264968107
combined_min_cvar,combined,min_cvar,2021-09-02,0.007288328399381682
combined_min_cvar,combined,min_cvar,2021-09-03,-0.0029707033798652494
combined_min_cvar,combined,min_cvar,2021-09-07,-0.015558878137603331
combined_min_cvar,combined,min_cvar,2021-09-08,0.003026851075391939
combined_min_cvar,combined,min_cvar,2021-09-09,-0.006406028037512215
combined_min_cvar,combined,min_cvar,2021-09-10,-0.0008237719109441134
combined_min_cvar,combined,min_cvar,2021-09-13,-0.0018705878363913275
combined_min_cvar,combined,min_cvar,2021-09-14,-0.003542735080753006
combined_min_cvar,combined,min_cvar,2021-09-15,0.0045241970371252774
combined_min_cvar,combined,min_cvar,2021-09-16,-0.006576464708647329
combined_min_cvar,combined,min_cvar,2021-09-17,-0.012480491307492483
combined_min_cvar,combined,min_cvar,2021-09-20,-0.010503190949503137
combined_min_cvar,combined,min_cvar,2021-09-21,-0.0014771080417868329
combined_min_cvar,combined,min_cvar,2021-09-22,0.0028489093372479173
combined_min_cvar,combined,min_cvar,2021-09-23,0.0030154448926771344
combined_min_cvar,combined,min_cvar,2021-09-24,-0.010114426847625407
combined_min_cvar,combined,min_cvar,2021-09-27,-0.008379915197707614
combined_min_cvar,combined,min_cvar,2021-09-28,-0.008787265858244233
combined_min_cvar,combined,min_cvar,2021-09-29,0.0098387025942294
combined_min_cvar,combined,min_cvar,2021-09-30,-0.010422389708355663
combined_min_cvar,combined,min_cvar,2021-10-01,0.0059330714561065265
combined_min_cvar,combined,min_cvar,2021-10-04,-0.001643130342642013
combined_min_cvar,combined,min_cvar,2021-10-05,0.007261275764943913
combined_min_cvar,combined,min_cvar,2021-10-06,0.0006369358652681428
combined_min_cvar,combined,min_cvar,2021-10-07,0.008052483864241827
combined_min_cvar,combined,min_cvar,2021-10-08,-0.002969636236369028
combined_min_cvar,combined,min_cvar,2021-10-11,-0.007991482408825893
combined_min_cvar,combined,min_cvar,2021-10-12,0.002024709276912716
combined_min_cvar,combined,min_cvar,2021-10-13,0.0033669944863214413
combined_min_cvar,combined,min_cvar,2021-10-14,0.007910903225662999
combined_min_cvar,combined,min_cvar,2021-10-15,0.0029249491056194243
combined_min_cvar,combined,min_cvar,2021-10-18,-0.00334085757254855
combined_min_cvar,combined,min_cvar,2021-10-19,0.00639632376510045
combined_min_cvar,combined,min_cvar,2021-10-20,0.01017355256110876
combined_min_cvar,combined,min_cvar,2021-10-21,0.007339156254977513
combined_min_cvar,combined,min_cvar,2021-10-22,0.0024555069218295316
combined_min_cvar,combined,min_cvar,2021-10-25,0.005399064042993338
combined_min_cvar,combined,min_cvar,2021-10-26,0.005990139105559672
combined_min_cvar,combined,min_cvar,2021-10-27,-0.009079480940957674
combined_min_cvar,combined,min_cvar,2021-10-28,0.009821150727045164
combined_min_cvar,combined,min_cvar,2021-10-29,-0.006478373828831743
combined_min_cvar,combined,min_cvar,2021-11-01,0.00022271009763346022
combined_min_cvar,combined,min_cvar,2021-11-02,0.0037780223866343532
combined_min_cvar,combined,min_cvar,2021-11-03,0.005076062835040478
combined_min_cvar,combined,min_cvar,2021-11-04,0.003002998094429163
combined_min_cvar,combined,min_cvar,2021-11-05,-0.01087701898975519
combined_min_cvar,combined,min_cvar,2021-11-08,-2.9984334882268498e-05
combined_min_cvar,combined,min_cvar,2021-11-09,0.006097449980279345
combined_min_cvar,combined,min_cvar,2021-11-10,0.002245297713146292
combined_min_cvar,combined,min_cvar,2021-11-11,0.0018497848347329149
combined_min_cvar,combined,min_cvar,2021-11-12,0.006701687680101481
combined_min_cvar,combined,min_cvar,2021-11-15,-0.002321922463402839
combined_min_cvar,combined,min_cvar,2021-11-16,-0.001945364532844866
combined_min_cvar,combined,min_cvar,2021-11-17,-0.006286291486133399
combined_min_cvar,combined,min_cvar,2021-11-18,-0.0023349295077995883
combined_min_cvar,combined,min_cvar,2021-11-19,-0.0040917316423817116
combined_min_cvar,combined,min_cvar,2021-11-22,0.0003800102129385291
combined_min_cvar,combined,min_cvar,2021-11-23,0.004108950251054875
combined_min_cvar,combined,min_cvar,2021-11-24,-0.0014485332814496556
combined_min_cvar,combined,min_cvar,2021-11-26,-0.015245024440199772
combined_min_cvar,combined,min_cvar,2021-11-29,0.0076035738915266726
combined_min_cvar,combined,min_cvar,2021-11-30,-0.01701009773402893
combined_min_cvar,combined,min_cvar,2021-12-01,-0.0053141150859186154
combined_min_cvar,combined,min_cvar,2021-12-02,0.02046717251742298
combined_min_cvar,combined,min_cvar,2021-12-03,0.005434892730272114
combined_min_cvar,combined,min_cvar,2021-12-06,0.007469706400345384
combined_min_cvar,combined,min_cvar,2021-12-07,0.0035350407983207256
combined_min_cvar,combined,min_cvar,2021-12-08,0.002747487631454396
combined_min_cvar,combined,min_cvar,2021-12-09,-0.00013323423703262384
combined_min_cvar,combined,min_cvar,2021-12-10,0.007039002262284965
combined_min_cvar,combined,min_cvar,2021-12-13,0.002588155169093277
combined_min_cvar,combined,min_cvar,2021-12-14,-0.0036290183072985502
combined_min_cvar,combined,min_cvar,2021-12-15,0.011352161507928355
combined_min_cvar,combined,min_cvar,2021-12-16,0.008465259987012405
combined_min_cvar,combined,min_cvar,2021-12-17,-0.011346145742830497
combined_min_cvar,combined,min_cvar,2021-12-20,-0.00036493153237643057
combined_min_cvar,combined,min_cvar,2021-12-21,0.00111426722874914
combined_min_cvar,combined,min_cvar,2021-12-22,0.010222232311910358
combined_min_cvar,combined,min_cvar,2021-12-23,0.0005375762820911453
combined_min_cvar,combined,min_cvar,2021-12-27,0.014075928218391386
combined_min_cvar,combined,min_cvar,2021-12-28,0.002483653781563947
combined_min_cvar,combined,min_cvar,2021-12-29,0.004154039835436705
combined_min_cvar,combined,min_cvar,2021-12-30,-0.0009578513290752914
combined_min_cvar,combined,min_cvar,2021-12-31,-0.002219407761063923
combined_min_cvar,combined,min_cvar,2022-01-03,-0.007031017742153558
combined_min_cvar,combined,min_cvar,2022-01-04,-0.001024133403739555
combined_min_cvar,combined,min_cvar,2022-01-05,-0.002947470347612345
combined_min_cvar,combined,min_cvar,2022-01-06,-0.004091323190193669
combined_min_cvar,combined,min_cvar,2022-01-07,-0.005137016545949539
combined_min_cvar,combined,min_cvar,2022-01-10,-0.0014068557790009725
combined_min_cvar,combined,min_cvar,2022-01-11,0.007353182415915725
combined_min_cvar,combined,min_cvar,2022-01-12,6.999438748570334e-05
combined_min_cvar,combined,min_cvar,2022-01-13,-0.00940614445007996
combined_min_cvar,combined,min_cvar,2022-01-14,-0.005471265855752623
combined_min_cvar,combined,min_cvar,2022-01-18,-0.004291365480733746
combined_min_cvar,combined,min_cvar,2022-01-19,-0.004684978745416654
combined_min_cvar,combined,min_cvar,2022-01-20,-0.01051967709153393
combined_min_cvar,combined,min_cvar,2022-01-21,-0.002272467656563279
combined_min_cvar,combined,min_cvar,2022-01-24,-0.0011850470695323352
combined_min_cvar,combined,min_cvar,2022-01-25,0.000933374043662041
combined_min_cvar,combined,min_cvar,2022-01-26,-0.016180381970437547
combined_min_cvar,combined,min_cvar,2022-01-27,-0.002555132126991517
combined_min_cvar,combined,min_cvar,2022-01-28,0.01584780428571635
combined_min_cvar,combined,min_cvar,2022-01-31,0.0033418953313809723
combined_min_cvar,combined,min_cvar,2022-02-01,0.005322886923187359
combined_min_cvar,combined,min_cvar,2022-02-02,0.0029593426592729676
combined_min_cvar,combined,min_cvar,2022-02-03,-0.012914673656041067
combined_min_cvar,combined,min_cvar,2022-02-04,-0.0018915301197364484
combined_min_cvar,combined,min_cvar,2022-02-07,-0.0009648784473109203
combined_min_cvar,combined,min_cvar,2022-02-08,-0.003794059773827407
combined_min_cvar,combined,min_cvar,2022-02-09,0.010812939967127058
combined_min_cvar,combined,min_cvar,2022-02-10,-0.016453328394456297
combined_min_cvar,combined,min_cvar,2022-02-11,-0.006823757202634293
combined_min_cvar,combined,min_cvar,2022-02-14,-0.012049919504229623
combined_min_cvar,combined,min_cvar,2022-02-15,0.004437884475572494
combined_min_cvar,combined,min_cvar,2022-02-16,3.3466055794166956e-06
combined_min_cvar,combined,min_cvar,2022-02-17,-0.016818908988873556
combined_min_cvar,combined,min_cvar,2022-02-18,-0.006132993026268652
combined_min_cvar,combined,min_cvar,2022-02-22,-0.007680315379356966
combined_min_cvar,combined,min_cvar,2022-02-23,0.0023317734190489185
combined_min_cvar,combined,min_cvar,2022-02-24,-0.0008839055497507538
combined_min_cvar,combined,min_cvar,2022-02-25,0.025596098729096736
combined_min_cvar,combined,min_cvar,2022-02-28,-0.008925822291847576
combined_min_cvar,combined,min_cvar,2022-03-01,-0.009764841324739619
combined_min_cvar,combined,min_cvar,2022-03-02,0.01213900925662548
combined_min_cvar,combined,min_cvar,2022-03-03,0.0017207140009689475
combined_min_cvar,combined,min_cvar,2022-03-04,-0.0015618000086477025
combined_min_cvar,combined,min_cvar,2022-03-07,-0.020428179774457024
combined_min_cvar,combined,min_cvar,2022-03-08,-0.02041098057407614
combined_min_cvar,combined,min_cvar,2022-03-09,0.01104361373539384
combined_min_cvar,combined,min_cvar,2022-03-10,-0.007576498415982444
combined_min_cvar,combined,min_cvar,2022-03-11,-0.006743315804594659
combined_min_cvar,combined,min_cvar,2022-03-14,-0.004754993839774114
combined_min_cvar,combined,min_cvar,2022-03-15,0.011463726221934355
combined_min_cvar,combined,min_cvar,2022-03-16,0.009861069035416569
combined_min_cvar,combined,min_cvar,2022-03-17,0.013813474791736122
combined_min_cvar,combined,min_cvar,2022-03-18,0.006964165919973601
combined_min_cvar,combined,min_cvar,2022-03-21,0.0014263406664776737
combined_min_cvar,combined,min_cvar,2022-03-22,0.007493989967101161
combined_min_cvar,combined,min_cvar,2022-03-23,-0.009923821397377783
combined_min_cvar,combined,min_cvar,2022-03-24,0.006276449546848909
combined_min_cvar,combined,min_cvar,2022-03-25,0.00842601048103928
combined_min_cvar,combined,min_cvar,2022-03-28,0.005818702344084659
combined_min_cvar,combined,min_cvar,2022-03-29,0.017530239710432764
combined_min_cvar,combined,min_cvar,2022-03-30,-0.004411682872495541
combined_min_cvar,combined,min_cvar,2022-03-31,-0.010101740708118838
combined_min_cvar,combined,min_cvar,2022-04-01,0.0066169149318181415
combined_min_cvar,combined,min_cvar,2022-04-04,0.006837441569123277
combined_min_cvar,combined,min_cvar,2022-04-05,-0.005418199070881655
combined_min_cvar,combined,min_cvar,2022-04-06,0.009920429092825296
combined_min_cvar,combined,min_cvar,2022-04-07,0.0043093957785114165
combined_min_cvar,combined,min_cvar,2022-04-08,0.005881585605220728
combined_min_cvar,combined,min_cvar,2022-04-11,-0.014068144192273351
combined_min_cvar,combined,min_cvar,2022-04-12,-0.004519861259891686
combined_min_cvar,combined,min_cvar,2022-04-13,0.0007163674180823145
combined_min_cvar,combined,min_cvar,2022-04-14,-0.0008811791180798215
combined_min_cvar,combined,min_cvar,2022-04-18,-0.009490925728407398
combined_min_cvar,combined,min_cvar,2022-04-19,0.010294846412821284
combined_min_cvar,combined,min_cvar,2022-04-20,-0.00024704281242076244
combined_min_cvar,combined,min_cvar,2022-04-21,-0.013000540859614159
combined_min_cvar,combined,min_cvar,2022-04-22,-0.016223825019368206
combined_min_cvar,combined,min_cvar,2022-04-25,0.0009449478554161618
combined_min_cvar,combined,min_cvar,2022-04-26,-0.006948872029223097
combined_min_cvar,combined,min_cvar,2022-04-27,-0.0011789664612993716
combined_min_cvar,combined,min_cvar,2022-04-28,0.010914817533754475
combined_min_cvar,combined,min_cvar,2022-04-29,-0.03323940501036377
combined_min_cvar,combined,min_cvar,2022-05-02,0.00301074832559502
combined_min_cvar,combined,min_cvar,2022-05-03,0.0007944998349355168
combined_min_cvar,combined,min_cvar,2022-05-04,0.0290992060581607
combined_min_cvar,combined,min_cvar,2022-05-05,-0.019563808819933703
combined_min_cvar,combined,min_cvar,2022-05-06,-0.010155134437976335
combined_min_cvar,combined,min_cvar,2022-05-09,-0.018013095895095005
combined_min_cvar,combined,min_cvar,2022-05-10,-0.010317180382027998
combined_min_cvar,combined,min_cvar,2022-05-11,0.00733033531709464
combined_min_cvar,combined,min_cvar,2022-05-12,0.010317590795302646
combined_min_cvar,combined,min_cvar,2022-05-13,0.01199327257471663
combined_min_cvar,combined,min_cvar,2022-05-16,0.0033406069217174197
combined_min_cvar,combined,min_cvar,2022-05-17,0.01710249543746968
combined_min_cvar,combined,min_cvar,2022-05-18,-0.014045957376171427
combined_min_cvar,combined,min_cvar,2022-05-19,-0.001666255842328026
combined_min_cvar,combined,min_cvar,2022-05-20,0.001173346409044277
combined_min_cvar,combined,min_cvar,2022-05-23,0.014595257940551084
combined_min_cvar,combined,min_cvar,2022-05-24,0.007546752495484328
combined_min_cvar,combined,min_cvar,2022-05-25,0.005488750829982614
combined_min_cvar,combined,min_cvar,2022-05-26,0.002924011365014857
combined_min_cvar,combined,min_cvar,2022-05-27,0.010719201564834314
combined_min_cvar,combined,min_cvar,2022-05-31,-0.006396198656351769
combined_min_cvar,combined,min_cvar,2022-06-01,-0.002932865820754086
combined_min_cvar,combined,min_cvar,2022-06-02,0.0058412540247001245
combined_min_cvar,combined,min_cvar,2022-06-03,-0.004734677312730917
combined_min_cvar,combined,min_cvar,2022-06-06,0.0007941806319728219
combined_min_cvar,combined,min_cvar,2022-06-07,0.009469642706950915
combined_min_cvar,combined,min_cvar,2022-06-08,-0.013690459784302864
combined_min_cvar,combined,min_cvar,2022-06-09,-0.02223213726529558
combined_min_cvar,combined,min_cvar,2022-06-10,-0.016996247103774675
combined_min_cvar,combined,min_cvar,2022-06-13,-0.038303641690360234
combined_min_cvar,combined,min_cvar,2022-06-14,-0.017977538228814982
combined_min_cvar,combined,min_cvar,2022-06-15,0.007374390465226869
combined_min_cvar,combined,min_cvar,2022-06-16,-0.015122222456077068
combined_min_cvar,combined,min_cvar,2022-06-17,0.0014664866472478893
combined_min_cvar,combined,min_cvar,2022-06-21,0.01848305846991472
combined_min_cvar,combined,min_cvar,2022-06-22,0.003108812431053269
combined_min_cvar,combined,min_cvar,2022-06-23,0.014866674818690858
combined_min_cvar,combined,min_cvar,2022-06-24,0.017486964280563795
combined_min_cvar,combined,min_cvar,2022-06-27,-0.004783483941438992
combined_min_cvar,combined,min_cvar,2022-06-28,-0.012546358948252805
combined_min_cvar,combined,min_cvar,2022-06-29,0.0015298133514969432
combined_min_cvar,combined,min_cvar,2022-06-30,-0.00826632425854081
combined_min_cvar,combined,min_cvar,2022-07-01,0.016092676378415927
combined_min_cvar,combined,min_cvar,2022-07-05,-0.0003504357829864983
combined_min_cvar,combined,min_cvar,2022-07-06,0.0010240772646411605
combined_min_cvar,combined,min_cvar,2022-07-07,0.0025959120000567364
combined_min_cvar,combined,min_cvar,2022-07-08,-0.0019059301659231159
combined_min_cvar,combined,min_cvar,2022-07-11,-0.0010691088373092784
combined_min_cvar,combined,min_cvar,2022-07-12,-0.0048632313602586024
combined_min_cvar,combined,min_cvar,2022-07-13,-0.0026328241523124666
combined_min_cvar,combined,min_cvar,2022-07-14,-0.0018643152117006697
combined_min_cvar,combined,min_cvar,2022-07-15,0.01144760595156565
combined_min_cvar,combined,min_cvar,2022-07-18,-0.01180801572156041
combined_min_cvar,combined,min_cvar,2022-07-19,0.014948047959849447
combined_min_cvar,combined,min_cvar,2022-07-20,-0.003391976614188351
combined_min_cvar,combined,min_cvar,2022-07-21,0.004587333752973427
combined_min_cvar,combined,min_cvar,2022-07-22,0.0004438791755158097
combined_min_cvar,combined,min_cvar,2022-07-25,0.0014775482679668201
combined_min_cvar,combined,min_cvar,2022-07-26,-0.003144935658368232
combined_min_cvar,combined,min_cvar,2022-07-27,0.0013938704424393536
combined_min_cvar,combined,min_cvar,2022-07-28,0.008088442834371504
combined_min_cvar,combined,min_cvar,2022-07-29,0.0034071556503733735
combined_min_cvar,combined,min_cvar,2022-08-01,-0.004734501068589311
combined_min_cvar,combined,min_cvar,2022-08-02,-0.0067900571578601195
combined_min_cvar,combined,min_cvar,2022-08-03,0.016877131801121978
combined_min_cvar,combined,min_cvar,2022-08-04,-0.004999315715315518
combined_min_cvar,combined,min_cvar,2022-08-05,-0.0051666070059485135
combined_min_cvar,combined,min_cvar,2022-08-08,0.0029635491405328677
combined_min_cvar,combined,min_cvar,2022-08-09,0.0014964598114796663
combined_min_cvar,combined,min_cvar,2022-08-10,0.012383343643830477
combined_min_cvar,combined,min_cvar,2022-08-11,-0.002900583921597151
combined_min_cvar,combined,min_cvar,2022-08-12,0.014354298817119762
combined_min_cvar,combined,min_cvar,2022-08-15,0.01525563972236429
combined_min_cvar,combined,min_cvar,2022-08-16,0.01102872553359427
combined_min_cvar,combined,min_cvar,2022-08-17,-0.005355099894452828
combined_min_cvar,combined,min_cvar,2022-08-18,-0.0031856166579827647
combined_min_cvar,combined,min_cvar,2022-08-19,-0.00455008563943433
combined_min_cvar,combined,min_cvar,2022-08-22,-0.014656279985137874
combined_min_cvar,combined,min_cvar,2022-08-23,-0.006122379843671616
combined_min_cvar,combined,min_cvar,2022-08-24,0.0008765773499780042
combined_min_cvar,combined,min_cvar,2022-08-25,0.006380256329423453
combined_min_cvar,combined,min_cvar,2022-08-26,-0.012625884075993027
combined_min_cvar,combined,min_cvar,2022-08-29,-0.005020961217765636
combined_min_cvar,combined,min_cvar,2022-08-30,-0.008388110306521326
combined_min_cvar,combined,min_cvar,2022-08-31,-0.0013641855237309288
combined_min_cvar,combined,min_cvar,2022-09-01,0.013194889071449962
combined_min_cvar,combined,min_cvar,2022-09-02,-0.010337034778594295
combined_min_cvar,combined,min_cvar,2022-09-06,-0.002794180076601661
combined_min_cvar,combined,min_cvar,2022-09-07,0.015992899942255515
combined_min_cvar,combined,min_cvar,2022-09-08,0.00379136720710925
combined_min_cvar,combined,min_cvar,2022-09-09,0.008017226990608637
combined_min_cvar,combined,min_cvar,2022-09-12,0.011299216500863707
combined_min_cvar,combined,min_cvar,2022-09-13,-0.03015273258029419
combined_min_cvar,combined,min_cvar,2022-09-14,0.009301300673968308
combined_min_cvar,combined,min_cvar,2022-09-15,-0.010619263096603873
combined_min_cvar,combined,min_cvar,2022-09-16,0.0005924233764428434
combined_min_cvar,combined,min_cvar,2022-09-19,0.004093305718223153
combined_min_cvar,combined,min_cvar,2022-09-20,-0.014838903189460548
combined_min_cvar,combined,min_cvar,2022-09-21,-0.01526173244609717
combined_min_cvar,combined,min_cvar,2022-09-22,0.0032845246801636433
combined_min_cvar,combined,min_cvar,2022-09-23,-0.01676766636426707
combined_min_cvar,combined,min_cvar,2022-09-26,-0.010374329473083654
combined_min_cvar,combined,min_cvar,2022-09-27,-0.0040373837563664975
combined_min_cvar,combined,min_cvar,2022-09-28,0.021395354847142643
combined_min_cvar,combined,min_cvar,2022-09-29,-0.01628117967344592
combined_min_cvar,combined,min_cvar,2022-09-30,-0.014208050732205425
combined_min_cvar,combined,min_cvar,2022-10-03,0.02609272278255595
combined_min_cvar,combined,min_cvar,2022-10-04,0.018973576632674027
combined_min_cvar,combined,min_cvar,2022-10-05,-0.0013187605705190365
combined_min_cvar,combined,min_cvar,2022-10-06,-0.004429956543651179
combined_min_cvar,combined,min_cvar,2022-10-07,-0.015482566149092615
combined_min_cvar,combined,min_cvar,2022-10-10,0.004905775360013399
combined_min_cvar,combined,min_cvar,2022-10-11,0.013249083315791558
combined_min_cvar,combined,min_cvar,2022-10-12,-0.002160502350015984
combined_min_cvar,combined,min_cvar,2022-10-13,0.018921424495570154
combined_min_cvar,combined,min_cvar,2022-10-14,-0.009317688986308524
combined_min_cvar,combined,min_cvar,2022-10-17,0.011826203246022652
combined_min_cvar,combined,min_cvar,2022-10-18,0.00850996492247493
combined_min_cvar,combined,min_cvar,2022-10-19,-0.009994631546108815
combined_min_cvar,combined,min_cvar,2022-10-20,0.004044560833781499
combined_min_cvar,combined,min_cvar,2022-10-21,0.021660755502495476
combined_min_cvar,combined,min_cvar,2022-10-24,0.01337030283793881
combined_min_cvar,combined,min_cvar,2022-10-25,0.006446454727777911
combined_min_cvar,combined,min_cvar,2022-10-26,0.013121992673773451
combined_min_cvar,combined,min_cvar,2022-10-27,0.0005456781809324946
combined_min_cvar,combined,min_cvar,2022-10-28,0.01613213413659694
combined_min_cvar,combined,min_cvar,2022-10-31,-0.008783777042133213
combined_min_cvar,combined,min_cvar,2022-11-01,-0.0017123187230761222
combined_min_cvar,combined,min_cvar,2022-11-02,-0.012294979607631585
combined_min_cvar,combined,min_cvar,2022-11-03,-0.008776812965955122
combined_min_cvar,combined,min_cvar,2022-11-04,0.020763633127122448
combined_min_cvar,combined,min_cvar,2022-11-07,0.014120148560956744
combined_min_cvar,combined,min_cvar,2022-11-08,0.015108053842740625
combined_min_cvar,combined,min_cvar,2022-11-09,-0.010283304455882516
combined_min_cvar,combined,min_cvar,2022-11-10,0.0231569602551462
combined_min_cvar,combined,min_cvar,2022-11-11,-0.006549012013183861
combined_min_cvar,combined,min_cvar,2022-11-14,-0.0006671698484899623
combined_min_cvar,combined,min_cvar,2022-11-15,0.0013989454456141623
combined_min_cvar,combined,min_cvar,2022-11-16,0.0007905033254439761
combined_min_cvar,combined,min_cvar,2022-11-17,0.0038853461963951064
combined_min_cvar,combined,min_cvar,2022-11-18,0.008635845284826443
combined_min_cvar,combined,min_cvar,2022-11-21,0.0028884032040604117
combined_min_cvar,combined,min_cvar,2022-11-22,0.009388184672321212
combined_min_cvar,combined,min_cvar,2022-11-23,0.00043138204293872767
combined_min_cvar,combined,min_cvar,2022-11-25,-0.00020869470363301773
combined_min_cvar,combined,min_cvar,2022-11-28,-0.007745559842514595
combined_min_cvar,combined,min_cvar,2022-11-29,0.003329586765303607
combined_min_cvar,combined,min_cvar,2022-11-30,0.02019843327327925
combined_min_cvar,combined,min_cvar,2022-12-01,0.000433930439595797
combined_min_cvar,combined,min_cvar,2022-12-02,0.0022115572613955964
combined_min_cvar,combined,min_cvar,2022-12-05,-0.008049790131490384
combined_min_cvar,combined,min_cvar,2022-12-06,-0.007614530212699123
combined_min_cvar,combined,min_cvar,2022-12-07,0.004812030843714884
combined_min_cvar,combined,min_cvar,2022-12-08,0.0035095337490425984
combined_min_cvar,combined,min_cvar,2022-12-09,-0.015482373229975439
combined_min_cvar,combined,min_cvar,2022-12-12,0.005207275280193801
combined_min_cvar,combined,min_cvar,2022-12-13,0.0024037702786941354
combined_min_cvar,combined,min_cvar,2022-12-14,-0.001075790523705803
combined_min_cvar,combined,min_cvar,2022-12-15,-0.014240839319009792
combined_min_cvar,combined,min_cvar,2022-12-16,-0.006607837902232346
combined_min_cvar,combined,min_cvar,2022-12-19,-0.0012809043569732535
combined_min_cvar,combined,min_cvar,2022-12-20,0.0008414122908577083
combined_min_cvar,combined,min_cvar,2022-12-21,0.012101482765731928
combined_min_cvar,combined,min_cvar,2022-12-22,-0.005283035445308027
combined_min_cvar,combined,min_cvar,2022-12-23,0.005324011349500896
combined_min_cvar,combined,min_cvar,2022-12-27,0.000598116525777207
combined_min_cvar,combined,min_cvar,2022-12-28,-0.010939187220418421
combined_min_cvar,combined,min_cvar,2022-12-29,0.007113333138604923
combined_min_cvar,combined,min_cvar,2022-12-30,-0.0017923163809083122
combined_min_cvar,combined,min_cvar,2023-01-03,-0.0007523926871159446
combined_min_cvar,combined,min_cvar,2023-01-04,0.008997487389934685
combined_min_cvar,combined,min_cvar,2023-01-05,0.0008038721367096293
combined_min_cvar,combined,min_cvar,2023-01-06,0.01525635215211102
combined_min_cvar,combined,min_cvar,2023-01-09,-0.014848475998551562
combined_min_cvar,combined,min_cvar,2023-01-10,0.0015952850570919719
combined_min_cvar,combined,min_cvar,2023-01-11,0.006837709542169864
combined_min_cvar,combined,min_cvar,2023-01-12,-0.0005876757586346059
combined_min_cvar,combined,min_cvar,2023-01-13,0.0008563612157284407
combined_min_cvar,combined,min_cvar,2023-01-17,-0.005736628177086145
combined_min_cvar,combined,min_cvar,2023-01-18,-0.016975965471869976
combined_min_cvar,combined,min_cvar,2023-01-19,-0.00275379684604294
combined_min_cvar,combined,min_cvar,2023-01-20,0.00920784935433036
combined_min_cvar,combined,min_cvar,2023-01-23,0.0015133907730001677
combined_min_cvar,combined,min_cvar,2023-01-24,-0.002599135970651099
combined_min_cvar,combined,min_cvar,2023-01-25,-0.0017561246237656676
combined_min_cvar,combined,min_cvar,2023-01-26,0.0015208733638420824
combined_min_cvar,combined,min_cvar,2023-01-27,-0.004493161315237533
combined_min_cvar,combined,min_cvar,2023-01-30,-0.003683109079006141
combined_min_cvar,combined,min_cvar,2023-01-31,0.008272801721468798
combined_min_cvar,combined,min_cvar,2023-02-01,-0.02383564927271488
combined_min_cvar,combined,min_cvar,2023-02-02,-0.01249903376411336
combined_min_cvar,combined,min_cvar,2023-02-03,-0.008344690675697023
combined_min_cvar,combined,min_cvar,2023-02-06,-0.0010367358175176415
combined_min_cvar,combined,min_cvar,2023-02-07,0.007602424885552769
combined_min_cvar,combined,min_cvar,2023-02-08,-0.0065273216661877005
combined_min_cvar,combined,min_cvar,2023-02-09,-0.00251390922370997
combined_min_cvar,combined,min_cvar,2023-02-10,0.013807570395409263
combined_min_cvar,combined,min_cvar,2023-02-13,0.007006157889380055
combined_min_cvar,combined,min_cvar,2023-02-14,-0.008601180505006387
combined_min_cvar,combined,min_cvar,2023-02-15,0.0005001902964006113
combined_min_cvar,combined,min_cvar,2023-02-16,-0.01229718664264223
combined_min_cvar,combined,min_cvar,2023-02-17,0.01121769019342964
combined_min_cvar,combined,min_cvar,2023-02-21,-0.004277237198291257
combined_min_cvar,combined,min_cvar,2023-02-22,-0.00486863386071211
combined_min_cvar,combined,min_cvar,2023-02-23,0.002944920155952468
combined_min_cvar,combined,min_cvar,2023-02-24,-0.008252807537666948
combined_min_cvar,combined,min_cvar,2023-02-27,0.00041983585201668444
combined_min_cvar,combined,min_cvar,2023-02-28,-0.010301960539472726
combined_min_cvar,combined,min_cvar,2023-03-01,1.5533603679812602e-05
combined_min_cvar,combined,min_cvar,2023-03-02,0.004998126462347766
combined_min_cvar,combined,min_cvar,2023-03-03,0.0054140023074437755
combined_min_cvar,combined,min_cvar,2023-03-06,0.007749344632817643
combined_min_cvar,combined,min_cvar,2023-03-07,-0.012689344701804581
combined_min_cvar,combined,min_cvar,2023-03-08,-0.004365386609712175
combined_min_cvar,combined,min_cvar,2023-03-09,-0.011282277583506936
combined_min_cvar,combined,min_cvar,2023-03-10,-0.006137318435186193
combined_min_cvar,combined,min_cvar,2023-03-13,0.010082192798604239
combined_min_cvar,combined,min_cvar,2023-03-14,0.0059598149728842
combined_min_cvar,combined,min_cvar,2023-03-15,0.006314678221795728
combined_min_cvar,combined,min_cvar,2023-03-16,-0.0010187280646626088
combined_min_cvar,combined,min_cvar,2023-03-17,-0.012603735297656286
combined_min_cvar,combined,min_cvar,2023-03-20,0.013109656947498011
combined_min_cvar,combined,min_cvar,2023-03-21,-0.005047358248232728
combined_min_cvar,combined,min_cvar,2023-03-22,-0.015609736036991412
combined_min_cvar,combined,min_cvar,2023-03-23,0.006046040071570311
combined_min_cvar,combined,min_cvar,2023-03-24,0.018011600099801406
combined_min_cvar,combined,min_cvar,2023-03-27,0.0035971340157768174
combined_min_cvar,combined,min_cvar,2023-03-28,0.0001944900133062782
combined_min_cvar,combined,min_cvar,2023-03-29,0.007370995582556901
combined_min_cvar,combined,min_cvar,2023-03-30,0.005424833702139515
combined_min_cvar,combined,min_cvar,2023-03-31,0.00777730227727675
combined_min_cvar,combined,min_cvar,2023-04-03,0.009676154764754188
combined_min_cvar,combined,min_cvar,2023-04-04,0.008651113551309705
combined_min_cvar,combined,min_cvar,2023-04-05,0.017094296356991945
combined_min_cvar,combined,min_cvar,2023-04-06,0.0008994953812149951
combined_min_cvar,combined,min_cvar,2023-04-10,-0.003029068748319882
combined_min_cvar,combined,min_cvar,2023-04-11,-0.002080099516968052
combined_min_cvar,combined,min_cvar,2023-04-12,0.0005004443489494344
combined_min_cvar,combined,min_cvar,2023-04-13,0.009311068588186852
combined_min_cvar,combined,min_cvar,2023-04-14,-0.006631765987832087
combined_min_cvar,combined,min_cvar,2023-04-17,-0.0010585469302157103
combined_min_cvar,combined,min_cvar,2023-04-18,-0.0008816542642138359
combined_min_cvar,combined,min_cvar,2023-04-19,-0.0007681111136146293
combined_min_cvar,combined,min_cvar,2023-04-20,-0.00695496963731956
combined_min_cvar,combined,min_cvar,2023-04-21,0.0063260963096594845
combined_min_cvar,combined,min_cvar,2023-04-24,0.0016357891486123318
combined_min_cvar,combined,min_cvar,2023-04-25,0.00033958756757114967
combined_min_cvar,combined,min_cvar,2023-04-26,-0.020027701423398415
combined_min_cvar,combined,min_cvar,2023-04-27,0.012355951680311929
combined_min_cvar,combined,min_cvar,2023-04-28,0.001969875808886929
combined_min_cvar,combined,min_cvar,2023-05-01,-9.632329875884207e-05
combined_min_cvar,combined,min_cvar,2023-05-02,-0.006774507532514751
combined_min_cvar,combined,min_cvar,2023-05-03,-0.015696539066521836
combined_min_cvar,combined,min_cvar,2023-05-04,0.0031204992906260767
combined_min_cvar,combined,min_cvar,2023-05-05,0.013016880293734174
combined_min_cvar,combined,min_cvar,2023-05-08,3.659357861615246e-05
combined_min_cvar,combined,min_cvar,2023-05-09,-0.004142605410557737
combined_min_cvar,combined,min_cvar,2023-05-10,0.0008868086484158705
combined_min_cvar,combined,min_cvar,2023-05-11,-0.004581393095536798
combined_min_cvar,combined,min_cvar,2023-05-12,0.000831354852251381
combined_min_cvar,combined,min_cvar,2023-05-15,-0.002753795537216023
combined_min_cvar,combined,min_cvar,2023-05-16,-0.015505354433163298
combined_min_cvar,combined,min_cvar,2023-05-17,-0.0018957452956998263
combined_min_cvar,combined,min_cvar,2023-05-18,-0.0002933180006009647
combined_min_cvar,combined,min_cvar,2023-05-19,-0.0014508110126328871
combined_min_cvar,combined,min_cvar,2023-05-22,-0.004264534308585326
combined_min_cvar,combined,min_cvar,2023-05-23,-0.006746751945454916
combined_min_cvar,combined,min_cvar,2023-05-24,-0.006105455065467653
combined_min_cvar,combined,min_cvar,2023-05-25,-0.014646863393328985
combined_min_cvar,combined,min_cvar,2023-05-26,0.0003443529632177457
combined_min_cvar,combined,min_cvar,2023-05-30,-0.0034251249224973184
combined_min_cvar,combined,min_cvar,2023-05-31,0.008215978629348135
combined_min_cvar,combined,min_cvar,2023-06-01,-0.000517499880716357
combined_min_cvar,combined,min_cvar,2023-06-02,0.012340812617707005
combined_min_cvar,combined,min_cvar,2023-06-05,0.0012542050352006358
combined_min_cvar,combined,min_cvar,2023-06-06,-0.0074008262879870675
combined_min_cvar,combined,min_cvar,2023-06-07,0.0006347672335401729
combined_min_cvar,combined,min_cvar,2023-06-08,0.007731526668733729
combined_min_cvar,combined,min_cvar,2023-06-09,0.0008694695356685292
combined_min_cvar,combined,min_cvar,2023-06-12,-0.001374846371823768
combined_min_cvar,combined,min_cvar,2023-06-13,0.005160305234816418
combined_min_cvar,combined,min_cvar,2023-06-14,0.0025367026457519103
combined_min_cvar,combined,min_cvar,2023-06-15,0.007557166594436843
combined_min_cvar,combined,min_cvar,2023-06-16,-0.0002466540762038243
combined_min_cvar,combined,min_cvar,2023-06-20,-0.0071552185305998215
combined_min_cvar,combined,min_cvar,2023-06-21,-0.001455950126589866
combined_min_cvar,combined,min_cvar,2023-06-22,0.007986472838751405
combined_min_cvar,combined,min_cvar,2023-06-23,-0.004435340159547393
combined_min_cvar,combined,min_cvar,2023-06-26,0.0014328442981217295
combined_min_cvar,combined,min_cvar,2023-06-27,0.003668146776164753
combined_min_cvar,combined,min_cvar,2023-06-28,-0.0038275550662852137
combined_min_cvar,combined,min_cvar,2023-06-29,-0.0008680185338895847
combined_min_cvar,combined,min_cvar,2023-06-30,0.007938932553043707
combined_min_cvar,combined,min_cvar,2023-07-03,0.0025773726114613885
combined_min_cvar,combined,min_cvar,2023-07-05,0.000352501175885492
combined_min_cvar,combined,min_cvar,2023-07-06,-0.008726677973314317
combined_min_cvar,combined,min_cvar,2023-07-07,-0.01330705710241171
combined_min_cvar,combined,min_cvar,2023-07-10,0.002207571533946341
combined_min_cvar,combined,min_cvar,2023-07-11,0.0101755835719984
combined_min_cvar,combined,min_cvar,2023-07-12,-0.0029637288883376978
combined_min_cvar,combined,min_cvar,2023-07-13,0.0020415661950805666
combined_min_cvar,combined,min_cvar,2023-07-14,0.0006571638284902537
combined_min_cvar,combined,min_cvar,2023-07-17,-0.007217372414132051
combined_min_cvar,combined,min_cvar,2023-07-18,-0.0006281983963186111
combined_min_cvar,combined,min_cvar,2023-07-19,0.006555391914846336
combined_min_cvar,combined,min_cvar,2023-07-20,0.013929782297711918
combined_min_cvar,combined,min_cvar,2023-07-21,0.0074144034230136085
combined_min_cvar,combined,min_cvar,2023-07-24,0.000650595234118789
combined_min_cvar,combined,min_cvar,2023-07-25,-0.002026651236117151
combined_min_cvar,combined,min_cvar,2023-07-26,0.0016432890962588943
combined_min_cvar,combined,min_cvar,2023-07-27,-0.009555327145887861
combined_min_cvar,combined,min_cvar,2023-07-28,0.0019560409685957974
combined_min_cvar,combined,min_cvar,2023-07-31,-0.003631628731904645
combined_min_cvar,combined,min_cvar,2023-08-01,-0.0064387169723421084
combined_min_cvar,combined,min_cvar,2023-08-02,-0.012192257552909574
combined_min_cvar,combined,min_cvar,2023-08-03,-0.010010480145692233
combined_min_cvar,combined,min_cvar,2023-08-04,-0.006831334949579033
combined_min_cvar,combined,min_cvar,2023-08-07,0.01095494439118785
combined_min_cvar,combined,min_cvar,2023-08-08,-0.0014114703974725123
combined_min_cvar,combined,min_cvar,2023-08-09,0.0016094714821681467
combined_min_cvar,combined,min_cvar,2023-08-10,-0.0015639418057987573
combined_min_cvar,combined,min_cvar,2023-08-11,0.006129149244320858
combined_min_cvar,combined,min_cvar,2023-08-14,3.443639885555899e-05
combined_min_cvar,combined,min_cvar,2023-08-15,-0.007453505357960045
combined_min_cvar,combined,min_cvar,2023-08-16,-0.0035954837273836126
combined_min_cvar,combined,min_cvar,2023-08-17,-0.010955136012850069
combined_min_cvar,combined,min_cvar,2023-08-18,0.0034771718673958212
combined_min_cvar,combined,min_cvar,2023-08-21,-0.0023619858040490153
combined_min_cvar,combined,min_cvar,2023-08-22,-0.005014151245189789
combined_min_cvar,combined,min_cvar,2023-08-23,0.013304172869522471
combined_min_cvar,combined,min_cvar,2023-08-24,-0.010570952517584836
combined_min_cvar,combined,min_cvar,2023-08-25,0.0025487173740207374
combined_min_cvar,combined,min_cvar,2023-08-28,0.0025471731772486674
combined_min_cvar,combined,min_cvar,2023-08-29,0.009381429169331858
combined_min_cvar,combined,min_cvar,2023-08-30,0.0013013093978501635
combined_min_cvar,combined,min_cvar,2023-08-31,-0.005771137762574241
combined_min_cvar,combined,min_cvar,2023-09-01,0.0026888699906132884
combined_min_cvar,combined,min_cvar,2023-09-05,-0.012946789573990758
combined_min_cvar,combined,min_cvar,2023-09-06,-0.0033402845716171523
combined_min_cvar,combined,min_cvar,2023-09-07,0.007975986965066415
combined_min_cvar,combined,min_cvar,2023-09-08,0.0036359512095804803
combined_min_cvar,combined,min_cvar,2023-09-11,0.0020303798988433107
combined_min_cvar,combined,min_cvar,2023-09-12,0.001417752969879162
combined_min_cvar,combined,min_cvar,2023-09-13,0.0006910280734298877
combined_min_cvar,combined,min_cvar,2023-09-14,0.005167859194747185
combined_min_cvar,combined,min_cvar,2023-09-15,-0.007520389456378293
combined_min_cvar,combined,min_cvar,2023-09-18,-3.310643426656106e-05
combined_min_cvar,combined,min_cvar,2023-09-19,-0.0002519055025199259
combined_min_cvar,combined,min_cvar,2023-09-20,-0.0019382903791261823
combined_min_cvar,combined,min_cvar,2023-09-21,-0.01510552160696243
combined_min_cvar,combined,min_cvar,2023-09-22,-0.003465740839209841
combined_min_cvar,combined,min_cvar,2023-09-25,-0.001150770313172266
combined_min_cvar,combined,min_cvar,2023-09-26,-0.008331907798745873
combined_min_cvar,combined,min_cvar,2023-09-27,-0.008166654137685561
combined_min_cvar,combined,min_cvar,2023-09-28,0.004146453537806315
combined_min_cvar,combined,min_cvar,2023-09-29,-0.005626194747328837
combined_min_cvar,combined,min_cvar,2023-10-02,-0.0052320966533104816
combined_min_cvar,combined,min_cvar,2023-10-03,-0.01336243324118442
combined_min_cvar,combined,min_cvar,2023-10-04,0.006781841606257551
combined_min_cvar,combined,min_cvar,2023-10-05,-0.00409277416802367
combined_min_cvar,combined,min_cvar,2023-10-06,0.005690888447476254
combined_min_cvar,combined,min_cvar,2023-10-09,0.005883008960860764
combined_min_cvar,combined,min_cvar,2023-10-10,0.007436807035084793
combined_min_cvar,combined,min_cvar,2023-10-11,0.0016618730883887515
combined_min_cvar,combined,min_cvar,2023-10-12,-0.004768754126830907
combined_min_cvar,combined,min_cvar,2023-10-13,0.0025331464954210722
combined_min_cvar,combined,min_cvar,2023-10-16,0.007956813226336013
combined_min_cvar,combined,min_cvar,2023-10-17,-0.0007935229310191189
combined_min_cvar,combined,min_cvar,2023-10-18,-0.010432893799294013
combined_min_cvar,combined,min_cvar,2023-10-19,-0.01039859106421575
combined_min_cvar,combined,min_cvar,2023-10-20,0.0009637639224903963
combined_min_cvar,combined,min_cvar,2023-10-23,-0.00020148439408662882
combined_min_cvar,combined,min_cvar,2023-10-24,0.010888884586597578
combined_min_cvar,combined,min_cvar,2023-10-25,-0.003216070885452316
combined_min_cvar,combined,min_cvar,2023-10-26,-0.004242734980324202
combined_min_cvar,combined,min_cvar,2023-10-27,-0.01544450502148718
combined_min_cvar,combined,min_cvar,2023-10-30,0.007618776540247579
combined_min_cvar,combined,min_cvar,2023-10-31,0.006578434951766186
combined_min_cvar,combined,min_cvar,2023-11-01,0.007168783270744715
combined_min_cvar,combined,min_cvar,2023-11-02,0.010456865310681126
combined_min_cvar,combined,min_cvar,2023-11-03,0.004417012839087117
combined_min_cvar,combined,min_cvar,2023-11-06,-0.0014694420459621142
combined_min_cvar,combined,min_cvar,2023-11-07,-0.00018340359339909587
combined_min_cvar,combined,min_cvar,2023-11-08,-0.0044998574119434346
combined_min_cvar,combined,min_cvar,2023-11-09,-0.006847088288281972
combined_min_cvar,combined,min_cvar,2023-11-10,0.0069687472008930365
combined_min_cvar,combined,min_cvar,2023-11-13,-0.0008420938990365298
combined_min_cvar,combined,min_cvar,2023-11-14,0.007731058429862531
combined_min_cvar,combined,min_cvar,2023-11-15,0.0026895305450228496
combined_min_cvar,combined,min_cvar,2023-11-16,-0.00565810077432268
combined_min_cvar,combined,min_cvar,2023-11-17,0.0005210682385383233
combined_min_cvar,combined,min_cvar,2023-11-20,0.00477204856402396
combined_min_cvar,combined,min_cvar,2023-11-21,0.0008038452407905349
combined_min_cvar,combined,min_cvar,2023-11-22,0.000801949800317492
combined_min_cvar,combined,min_cvar,2023-11-24,0.0023613697688323384
combined_min_cvar,combined,min_cvar,2023-11-27,-0.0009684492274899279
combined_min_cvar,combined,min_cvar,2023-11-28,-0.0008755364053101887
combined_min_cvar,combined,min_cvar,2023-11-29,5.4175131422240334e-05
combined_min_cvar,combined,min_cvar,2023-11-30,0.008977189754463684
combined_min_cvar,combined,min_cvar,2023-12-01,0.004108649500837699
combined_min_cvar,combined,min_cvar,2023-12-04,0.0025804082340966767
combined_min_cvar,combined,min_cvar,2023-12-05,0.0004899165220865893
combined_min_cvar,combined,min_cvar,2023-12-06,0.001380602093312238
combined_min_cvar,combined,min_cvar,2023-12-07,5.773384823802932e-05
combined_min_cvar,combined,min_cvar,2023-12-08,0.0004269685935511427
combined_min_cvar,combined,min_cvar,2023-12-11,0.008776291558581562
combined_min_cvar,combined,min_cvar,2023-12-12,0.004735354975494964
combined_min_cvar,combined,min_cvar,2023-12-13,0.013774232866888524
combined_min_cvar,combined,min_cvar,2023-12-14,-0.0075987372127334215
combined_min_cvar,combined,min_cvar,2023-12-15,-0.004948981358217114
combined_min_cvar,combined,min_cvar,2023-12-18,0.004398101831843935
combined_min_cvar,combined,min_cvar,2023-12-19,0.0005534904157693068
combined_min_cvar,combined,min_cvar,2023-12-20,-0.014118071178610504
combined_min_cvar,combined,min_cvar,2023-12-21,0.0053398442570138935
combined_min_cvar,combined,min_cvar,2023-12-22,0.005958260255263947
combined_min_cvar,combined,min_cvar,2023-12-26,0.0028995063330663744
combined_min_cvar,combined,min_cvar,2023-12-27,0.0032428135283007016
combined_min_cvar,combined,min_cvar,2023-12-28,0.003212545514113513
combined_min_cvar,combined,min_cvar,2023-12-29,0.001667079116902859
