date,ticker,sector,base_weight,stock_sentiment_z,sector_neutral_weight
2021-01-04,ABBV,Healthcare,0.1622349620349714,1.5605503963734806,0.0
2021-01-04,ABT,Healthcare,0.0,-0.380148935522578,0.0
2021-01-04,ADBE,Tech,0.0,1.8219010759019565,-0.0
2021-01-04,AEP,Utilities,0.0,0.15201026674632243,0.0
2021-01-04,AMD,Tech,2.070816856436508e-18,-0.49786775074942236,2.16809076105656e-18
2021-01-04,AMGN,Healthcare,0.0,-0.2807272352221677,0.0
2021-01-04,AMT,RealEstate,2.0816328210448296e-18,-0.30970071621447887,2.0823441229517765e-18
2021-01-04,BA,Industrials,1.0295713412540857e-18,-1.237515995357153,4.199544761136957e-18
2021-01-04,CAT,Industrials,2.3683045783617236e-17,-0.4486685308708471,6.254407896478784e-17
2021-01-04,CCI,RealEstate,1.67555480106856e-18,0.05798388703615839,1.2055723467262146e-18
2021-01-04,CMCSA,Comm,0.0,-0.13398166398193712,0.0
2021-01-04,COP,Energy,0.0,0.016287877326443934,0.0
2021-01-04,CVX,Energy,0.0,1.6209803274586831,-0.0
2021-01-04,D,Utilities,0.0,-0.1838598254294662,0.0
2021-01-04,DD,Materials,0.0,-0.11016599529328779,0.0
2021-01-04,DIS,Consumer,0.0,0.19252223649151015,0.0
2021-01-04,DOW,Materials,8.190159177548324e-20,-0.27011522741396954,7.837258749909776e-20
2021-01-04,DUK,Utilities,5.521998497905473e-18,-0.18160607433585704,5.385668005744777e-18
2021-01-04,EA,Comm,0.0765250955833149,-0.42344993760491784,0.07826188913602021
2021-01-04,GE,Industrials,1.7387841339771125e-18,-0.20767436894166735,3.828028289294281e-18
2021-01-04,GILD,Healthcare,0.1333174701448225,-0.26338481842427436,0.22986848265699447
2021-01-04,GS,Financials,0.0,0.19881929254485609,0.0
2021-01-04,INTC,Tech,1.2818963896530333e-18,-0.29145014337235453,1.1571585431532653e-18
2021-01-04,KO,Consumer,0.0,2.123749485506311,-0.0
2021-01-04,MMM,Industrials,0.082559990673902,0.6235430663899971,0.05665843264459451
2021-01-04,MRK,Healthcare,0.062547580808715,-0.5021994440797896,0.1282315303315144
2021-01-04,MS,Financials,0.0,0.9516358848235796,0.0
2021-01-04,NEE,Utilities,9.398199032565045e-19,-0.3872596428263509,1.0761503954172006e-18
2021-01-04,NEM,Materials,0.1386943440635856,-0.3273066793243434,0.1386943440635856
2021-01-04,NKE,Consumer,0.002201319636799,0.08070939801308395,0.0023023099373793124
2021-01-04,NUE,Materials,0.0,-0.2768573795693852,0.0
2021-01-04,NVDA,Tech,1.0595214954352236e-19,0.0,7.405801526088866e-20
2021-01-04,O,RealEstate,1.1122388479767622e-18,0.7912103319954219,1.7737130991693372e-19
2021-01-04,OXY,Energy,9.286614370404082e-19,-0.08018828772513066,9.286614370404082e-19
2021-01-04,PLD,RealEstate,0.0,-0.282992606142755,0.0
2021-01-04,PSA,RealEstate,0.0822826397792971,-0.30925333933440186,0.0822826397792971
2021-01-04,QCOM,Tech,3.8442525919903187e-19,-0.6515692077923608,4.437833353613822e-19
2021-01-04,SBUX,Consumer,1.162166013389726e-18,1.8260780962887009,0.0
2021-01-04,SHW,Materials,4.712703968837295e-19,-0.11489972968769237,3.958536834629226e-19
2021-01-04,SLB,Energy,0.0,-0.1053564818460363,0.0
2021-01-04,SO,Utilities,0.0,0.06415278689394448,0.0
2021-01-04,T,Comm,6.473483653799307e-19,0.044262060448758474,4.445095854722851e-19
2021-01-04,TMUS,Comm,1.3765977573920733e-18,-0.34743125281238263,1.332655581466633e-18
2021-01-04,TTWO,Comm,0.0420330299236461,-0.334349323726872,0.04029623637094077
2021-01-04,UPS,Industrials,0.0176035673509459,-0.35568914191259204,0.04350512538025334
2021-01-04,USB,Financials,0.0,-0.2728843014404789,0.0
2021-01-04,V,Financials,2.830154396193415e-20,0.2805268867821664,2.830154396193415e-20
2021-01-04,WFC,Financials,0.0,-0.11724760534502533,0.0
2021-01-04,WMT,Consumer,0.2,0.12147770598042652,0.1998990096994197
2021-01-04,XOM,Energy,0.0,-0.7632482009499775,0.0
2021-02-01,ABBV,Healthcare,0.1479245689363824,-0.21860859727002913,0.11280793202542208
2021-02-01,ABT,Healthcare,7.21238345277866e-18,1.722276299052102,0.0
2021-02-01,ADBE,Tech,0.0,-0.47975410687227443,0.0
2021-02-01,AEP,Utilities,1.4662285493097245e-18,-0.02152219626586158,1.8727284288537566e-18
2021-02-01,AMD,Tech,3.019656723312113e-18,-0.13000050120265702,3.2428170297085413e-18
2021-02-01,AMGN,Healthcare,0.0,-0.2222510772228054,0.0
2021-02-01,AMT,RealEstate,0.0,-0.16574281655280573,0.0
2021-02-01,BA,Industrials,0.0,-0.1996140275516477,0.0
2021-02-01,CAT,Industrials,0.0,-1.1476266080922635,0.0
2021-02-01,CCI,RealEstate,3.559791953607376e-19,-0.13019417954520823,2.9558519382633445e-19
2021-02-01,CMCSA,Comm,0.0,0.07103157158930998,0.0
2021-02-01,COP,Energy,0.0,-4.26759196920167,0.0
2021-02-01,CVX,Energy,1.1091647596995409e-18,-1.0509643269115152,6.51306295542333e-19
2021-02-01,D,Utilities,4.298661186334061e-18,-0.05584004700465868,5.674879844342424e-18
2021-02-01,DD,Materials,2.214107665478135e-18,-0.21370357828713066,2.381173903210898e-18
2021-02-01,DIS,Consumer,0.0,0.37047266735645895,0.0
2021-02-01,DOW,Materials,0.0,-0.14622527154406462,0.0
2021-02-01,DUK,Utilities,3.2350786573267384e-18,-0.21428130191593453,4.911673347978277e-18
2021-02-01,EA,Comm,0.0899056772878342,-0.16971024327605522,0.08873378906901375
2021-02-01,GE,Industrials,3.7113122077408705e-19,0.5005746451805568,9.533262442558438e-20
2021-02-01,GILD,Healthcare,0.1254934996386311,-1.0760699879541766,0.1630415549689443
2021-02-01,GS,Financials,3.0750175581199205e-18,-0.5163601345302266,4.583520171310652e-18
2021-02-01,INTC,Tech,1.6546345267031365e-18,-0.38306807501520546,2.1748628413187552e-18
2021-02-01,KO,Consumer,1.6396578459258998e-17,0.9501012948698847,4.641127640330493e-19
2021-02-01,MMM,Industrials,0.103890096398999,-1.000776962772904,0.10690950024695187
2021-02-01,MRK,Healthcare,0.0708156179972159,-0.543091328329074,0.06838419957786307
2021-02-01,MS,Financials,1.6117244462681052e-18,0.28606775944912216,1.1310895157005692e-18
2021-02-01,NEE,Utilities,0.0,-0.37748080557014607,0.0
2021-02-01,NEM,Materials,0.1299115178374157,-0.12854856702407283,0.1299115178374157
2021-02-01,NKE,Consumer,1.269237811934866e-17,-0.5876592176575902,1.1430922915293405e-17
2021-02-01,NUE,Materials,3.0263184663092623e-19,-1.6498451316030118,7.105830877776335e-19
2021-02-01,NVDA,Tech,4.1981564058444376e-18,0.0,3.989742331239905e-18
2021-02-01,O,RealEstate,3.250929692890217e-18,0.10150679137386673,2.1459883924959373e-18
2021-02-01,OXY,Energy,0.0,-0.19737560031507664,0.0
2021-02-01,PLD,RealEstate,0.0,-0.23076493172763582,0.0
2021-02-01,PSA,RealEstate,0.085801174999586,-0.3611155871097895,0.085801174999586
2021-02-01,QCOM,Tech,5.349745464075145e-19,1.6302969583783813,0.0
2021-02-01,SBUX,Consumer,1.2207934454428957e-18,-0.030716734525265747,7.137769534670225e-19
2021-02-01,SHW,Materials,4.2016208709882314e-19,-0.12710086155516978,4.1962310191990196e-19
2021-02-01,SLB,Energy,0.0,-0.2675003517427883,0.0
2021-02-01,SO,Utilities,3.4593132282039337e-18,1.7956956307422558,0.0
2021-02-01,T,Comm,0.0,0.6111577176531373,0.0
2021-02-01,TMUS,Comm,0.0,0.47768487012273775,0.0
2021-02-01,TTWO,Comm,0.0354986627894317,-0.22428301698026198,0.03667055100825218
2021-02-01,UPS,Industrials,0.0107591841145037,-0.3986395984201646,0.00773978026655084
2021-02-01,USB,Financials,6.111016261485925e-19,-0.30231496015628495,7.823095964824859e-19
2021-02-01,V,Financials,1.799582194335436e-18,0.9386440562340757,1.0853692594398232e-19
2021-02-01,WFC,Financials,1.389521919335346e-18,-0.37748753568045673,1.881491534769711e-18
2021-02-01,WMT,Consumer,0.2,-0.7628647541852642,0.2
2021-02-01,XOM,Energy,3.0010139218230667e-18,-3.0256445192295054,3.458872385980275e-18
2021-03-01,ABBV,Healthcare,0.1799699511195576,-0.4600014143303751,0.1846604907920879
2021-03-01,ABT,Healthcare,3.296039648443023e-18,-0.577122418908193,3.653242848893323e-18
2021-03-01,ADBE,Tech,3.2063042104971445e-18,1.8111828222635964,0.0
2021-03-01,AEP,Utilities,0.0,-0.24360419700486316,0.0
2021-03-01,AMD,Tech,2.325805847761357e-18,-0.6143121945634938,4.435536882432754e-18
2021-03-01,AMGN,Healthcare,1.0495101224573175e-17,-0.5618856571246962,1.1520108747544435e-17
2021-03-01,AMT,RealEstate,0.0,-0.1155922667503431,0.0
2021-03-01,BA,Industrials,0.0,0.6419536386702854,0.0
2021-03-01,CAT,Industrials,0.0,-0.12509183313067665,0.0
2021-03-01,CCI,RealEstate,0.0,-0.21447135184267085,0.0
2021-03-01,CMCSA,Comm,2.10166440722853e-18,-0.025554457800305422,1.6622546732004848e-18
2021-03-01,COP,Energy,1.003788626038548e-18,0.07414825122396292,6.138628496798472e-19
2021-03-01,CVX,Energy,1.1785780816167932e-18,-0.7269006240793028,1.3443530478699413e-18
2021-03-01,D,Utilities,1.9942228930418952e-18,-1.9518197620312188,3.4983902166040046e-18
2021-03-01,DD,Materials,1.5718638570802794e-18,-0.08708891303770495,3.0101444864820355e-17
2021-03-01,DIS,Consumer,8.131457254125035e-19,-0.15145014219725902,1.0775176900865823e-18
2021-03-01,DOW,Materials,1.0956426096412485e-18,-0.15954188896252788,2.2380135087693128e-17
2021-03-01,DUK,Utilities,0.0,-0.15764841953712622,0.0
2021-03-01,EA,Comm,0.0945886359479055,-0.27075223405391935,0.0926990559001047
2021-03-01,GE,Industrials,0.0,1.0689399291187676,-0.0
2021-03-01,GILD,Healthcare,0.1340871369572307,-0.37869105061800634,0.12991963284490324
2021-03-01,GS,Financials,0.0,0.3914562213064276,0.0
2021-03-01,INTC,Tech,0.0,-0.6915001262577949,0.0
2021-03-01,KO,Consumer,0.0,-0.23838209159907278,0.0
2021-03-01,MMM,Industrials,0.0786833084173802,-0.23367611538126123,0.07588076597247607
2021-03-01,MRK,Healthcare,0.0234109999501539,-0.3911260869699915,0.022887964389951037
2021-03-01,MS,Financials,1.2141023431308462e-18,-1.466555614120842,1.6530384359502194e-18
2021-03-01,NEE,Utilities,5.494366209993724e-18,-0.4041141817974317,4.584845915527116e-18
2021-03-01,NEM,Materials,0.1327330714967095,0.9432334301721947,0.13273307149670943
2021-03-01,NKE,Consumer,3.168311875196912e-18,-0.3702159197443347,4.996062031655113e-18
2021-03-01,NUE,Materials,5.996720639509478e-19,1.4383400339419432,0.0
2021-03-01,NVDA,Tech,1.1476835854755998e-18,0.0,1.3558366820646082e-18
2021-03-01,O,RealEstate,0.0,-0.4985215470565308,0.0
2021-03-01,OXY,Energy,0.0,-0.21837488409543337,0.0
2021-03-01,PLD,RealEstate,0.0,-0.1982713659702134,0.0
2021-03-01,PSA,RealEstate,0.1184289771278164,-0.396016163910242,0.1184289771278164
2021-03-01,QCOM,Tech,1.2296037929575085e-18,-0.4580769594622317,2.118023872194248e-18
2021-03-01,SBUX,Consumer,1.7462625094837396e-18,1.3524972905556851,0.0
2021-03-01,SHW,Materials,0.0,-0.2228135600123892,0.0
2021-03-01,SLB,Energy,8.06352606055659e-19,-0.22015655223085215,6.498725300900949e-19
2021-03-01,SO,Utilities,2.2433971698500674e-18,-0.23664191257992226,1.6487501407545656e-18
2021-03-01,T,Comm,6.128568392581297e-18,-0.3885082557641882,6.562706317420695e-18
2021-03-01,TMUS,Comm,4.899261992811944e-18,0.6834867362143301,1.195908754856398e-18
2021-03-01,TTWO,Comm,0.015747111135156,-0.4522478808238308,0.017636691182956795
2021-03-01,UPS,Industrials,0.0223508078480899,-0.43964255958301374,0.02515335029299402
2021-03-01,USB,Financials,1.1495764955323284e-18,-0.22036949466549707,7.744010998561844e-19
2021-03-01,V,Financials,3.3434786954911824e-19,-0.6042374456638002,2.960765093886128e-19
2021-03-01,WFC,Financials,1.4402991838214822e-18,-0.7795435335166845,1.4148098468387582e-18
2021-03-01,WMT,Consumer,0.2,0.13106135540281857,0.2
2021-03-01,XOM,Energy,2.113955199763574e-18,-0.7865496362453873,2.4945860858346902e-18
2021-04-01,ABBV,Healthcare,0.1112928164218289,0.8573812679357167,0.02125243702623149
2021-04-01,ABT,Healthcare,0.0,1.0152410006101045,-0.0
2021-04-01,ADBE,Tech,1.4082612024782873e-18,-0.6700572828019056,1.8334031832703482e-18
2021-04-01,AEP,Utilities,0.0,-0.08742380280182939,0.0
2021-04-01,AMD,Tech,2.13789066941754e-19,-0.4937101677864744,2.4894031105660857e-19
2021-04-01,AMGN,Healthcare,7.466458264761857e-18,0.9184958661613265,8.148155569481598e-19
2021-04-01,AMT,RealEstate,2.718516607309835e-18,-0.20872056606730227,2.3440590514875574e-18
2021-04-01,BA,Industrials,0.0,1.7239486107891868,-0.0
2021-04-01,CAT,Industrials,0.0,-0.2675419913996908,0.0
2021-04-01,CCI,RealEstate,1.0009656353015702e-18,-0.42857206841534473,1.0200746815940364e-18
2021-04-01,CMCSA,Comm,0.0,-0.10806190213568767,0.0
2021-04-01,COP,Energy,9.843528564263322e-19,1.371852601022773,0.0
2021-04-01,CVX,Energy,6.878150389285561e-19,-0.0907934660913633,1.0541089400004275e-18
2021-04-01,D,Utilities,0.0625210815611671,-0.1190188203183261,0.06252108156116712
2021-04-01,DD,Materials,1.347255015145163e-18,0.012821060720038517,1.2175200604516907e-18
2021-04-01,DIS,Consumer,0.0072825293063056,1.181071639422154,0.0
2021-04-01,DOW,Materials,8.413454824543168e-19,-0.11044761221290826,8.552692876028813e-19
2021-04-01,DUK,Utilities,4.524199294405095e-18,-0.24127186865183997,5.018469046590335e-18
2021-04-01,EA,Comm,0.0934356238352472,-0.2235100681761384,0.06524862895764548
2021-04-01,GE,Industrials,0.0,0.1615821562629965,0.0
2021-04-01,GILD,Healthcare,0.0566123675246507,-0.2958140944982507,0.09822432449228977
2021-04-01,GS,Financials,4.436470645071308e-19,0.33918383734832963,1.528171584890867e-19
2021-04-01,INTC,Tech,2.297945093074065e-18,-0.013151784925125266,1.8149203076283067e-18
2021-04-01,KO,Consumer,0.0,0.4308133479206194,0.0
2021-04-01,MMM,Industrials,0.107598079530453,-0.18082877761588503,0.107598079530453
2021-04-01,MRK,Healthcare,0.05019899726215,-0.4673631053018501,0.09862741969010834
2021-04-01,MS,Financials,0.0,0.46490150720455614,0.0
2021-04-01,NEE,Utilities,2.1216631401011845e-18,-0.42653278954632096,2.7047105757034276e-18
2021-04-01,NEM,Materials,0.00404383199663,-0.09236949763045191,0.004043831996630002
2021-04-01,NKE,Consumer,0.0001329119865427,1.1004624106877072,0.0
2021-04-01,NUE,Materials,7.379362133818563e-19,2.3568229124514612,0.0
2021-04-01,NVDA,Tech,0.0,0.0,0.0
2021-04-01,O,RealEstate,2.1316869445145212e-18,-0.520981776390016,2.3129065295611898e-18
2021-04-01,OXY,Energy,0.0,-0.12910613788941622,0.0
2021-04-01,PLD,RealEstate,2.3519706670294322e-18,-0.19193894925751084,1.9998460235737587e-18
2021-04-01,PSA,RealEstate,0.1267398022678803,-0.4018106456685177,0.1267398022678803
2021-04-01,QCOM,Tech,1.2265539369072657e-18,-0.3065668913765871,1.2492854974461092e-18
2021-04-01,SBUX,Consumer,0.0,-0.15406476893341844,0.0
2021-04-01,SHW,Materials,0.0,-0.25747181055072177,0.0
2021-04-01,SLB,Energy,6.33982319505412e-19,-0.4056273477858836,1.2520412748598728e-18
2021-04-01,SO,Utilities,2.062870777676702e-18,-0.24574890997781104,2.2964931206293725e-18
2021-04-01,T,Comm,0.0979295679766321,-1.5796519209783428,0.1441870649388963
2021-04-01,TMUS,Comm,0.0,-0.4700066292651169,0.0
2021-04-01,TTWO,Comm,0.0822123903305119,-0.36695151874695725,0.06414188824584942
2021-04-01,UPS,Industrials,2.4525989498839113e-18,1.6385918834839002,0.0
2021-04-01,USB,Financials,1.0910008162279847e-18,-0.23820945985640432,7.041627451622851e-19
2021-04-01,V,Financials,4.987529817734213e-19,1.5387980498464136,0.0
2021-04-01,WFC,Financials,1.500176261058711e-18,-2.4228422379231946,2.6765972199158756e-18
2021-04-01,WMT,Consumer,0.2,0.3647191709266208,0.20741544129284833
2021-04-01,XOM,Energy,0.0,1.3548131904766196,-0.0
2021-05-03,ABBV,Healthcare,0.0861201903205629,-0.20191997639274523,0.08189187605775429
2021-05-03,ABT,Healthcare,0.0,-0.3219598629226467,0.0
2021-05-03,ADBE,Tech,6.7689238210875385e-18,-0.6436271925144135,7.490675121344458e-18
2021-05-03,AEP,Utilities,0.0570507954645903,-0.026563227937723397,0.02250888821813214
2021-05-03,AMD,Tech,1.910123179094741e-18,-0.3317925427016205,1.712757866838957e-18
2021-05-03,AMGN,Healthcare,0.0,-0.1965193834317239,0.0
2021-05-03,AMT,RealEstate,0.0,2.5380711213613782,-0.0
2021-05-03,BA,Industrials,0.0,-1.2183645515282504,0.0
2021-05-03,CAT,Industrials,5.098244523081888e-19,2.229532187564015,0.0
2021-05-03,CCI,RealEstate,4.943134899222564e-19,-0.4104780723128142,5.045883718523084e-19
2021-05-03,CMCSA,Comm,0.0,0.6697749369784884,0.0
2021-05-03,COP,Energy,0.0,-0.040392200666708934,0.0
2021-05-03,CVX,Energy,0.0,-0.6105140388138619,0.0
2021-05-03,D,Utilities,0.0830465526329116,-2.923767773550381,0.1252366787409097
2021-05-03,DD,Materials,0.0,-0.05711918884111976,0.0
2021-05-03,DIS,Consumer,0.0,-1.8219279379135234,0.0
2021-05-03,DOW,Materials,2.444744933177988e-18,-0.21116360354003455,0.0019168268940385025
2021-05-03,DUK,Utilities,0.0142654840445066,-0.2069391920568032,0.006617265182966651
2021-05-03,EA,Comm,0.0622515921964063,-0.39361229094376354,0.061455467124421397
2021-05-03,GE,Industrials,4.170631483847504e-19,-0.17566881311030083,3.6518063335364796e-19
2021-05-03,GILD,Healthcare,0.0446190893366742,0.032939910699644415,0.03413771502238431
2021-05-03,GS,Financials,0.0,-0.013457593077731709,0.0
2021-05-03,INTC,Tech,2.896537604225981e-18,-0.6143270558983436,3.1482463904399776e-18
2021-05-03,KO,Consumer,1.1062554255460176e-18,1.5778394691246853,0.0
2021-05-03,MMM,Industrials,0.0705937898844846,-0.34270027452058677,0.0705937898844846
2021-05-03,MRK,Healthcare,0.1085651878826002,-0.4352372633593172,0.1232748764596987
2021-05-03,MS,Financials,0.0,-0.5513983491822313,0.0
2021-05-03,NEE,Utilities,6.298050941127802e-19,-1.8807739148993692,6.973037192403272e-19
2021-05-03,NEM,Materials,0.0019168268940385,1.0308056002896093,0.0
2021-05-03,NKE,Consumer,0.0272166602831882,-0.4224270184180733,0.044404810144298104
2021-05-03,NUE,Materials,0.0,-0.40462753055644496,0.0
2021-05-03,NVDA,Tech,2.3464077552223972e-18,0.0,1.5797977932775175e-18
2021-05-03,O,RealEstate,9.480989085204157e-20,-0.3367978577524779,9.172502189375502e-20
2021-05-03,OXY,Energy,5.135632412479999e-19,-0.033097502293831085,1.5388879011335746e-18
2021-05-03,PLD,RealEstate,0.0,-0.28064007818215847,0.0
2021-05-03,PSA,RealEstate,0.0656464827328552,-0.38175665012716076,0.0656464827328552
2021-05-03,QCOM,Tech,8.458080137432694e-20,-0.31870280129588313,7.509598910407718e-20
2021-05-03,SBUX,Consumer,3.127101607673014e-20,0.19605378094271111,2.883594456857655e-20
2021-05-03,SHW,Materials,0.0,-0.27215497974868674,0.0
2021-05-03,SLB,Energy,0.0,-1.6630289128005353,0.0
2021-05-03,SO,Utilities,2.4845953223031523e-19,-0.21524442691915785,1.1604486777402657e-19
2021-05-03,T,Comm,0.1152843293968205,-0.4602572331892517,0.11925256695926414
2021-05-03,TMUS,Comm,0.0,-0.26547713069734663,0.0
2021-05-03,TTWO,Comm,0.0634230189303604,-0.34106115211634846,0.06025090643990166
2021-05-03,UPS,Industrials,7.67900908076417e-19,-0.3572334453423431,7.762125434302127e-19
2021-05-03,USB,Financials,0.0,-0.348320347749867,0.0
2021-05-03,V,Financials,3.3513867337456405e-18,-0.4390675541240181,4.49026109696798e-18
2021-05-03,WFC,Financials,2.1063773993398548e-18,0.5066555088197117,9.67503036117515e-19
2021-05-03,WMT,Consumer,0.2,0.20309022097749724,0.1828118501388901
2021-05-03,XOM,Energy,3.7333516173828096e-18,0.749918050682191,2.7080269574972345e-18
2021-06-01,ABBV,Healthcare,0.0477471664506854,-0.6198568030689875,0.05542307105850187
2021-06-01,ABT,Healthcare,0.0,-0.5381057508731326,0.0
2021-06-01,ADBE,Tech,4.457557766424443e-18,-0.5449577194236095,5.7530406275648046e-18
2021-06-01,AEP,Utilities,0.0919195906461366,-0.24339128532202692,0.09178027755729609
2021-06-01,AMD,Tech,1.0085789793486305e-18,1.224099833494499,0.0
2021-06-01,AMGN,Healthcare,1.4493578188095268e-18,0.7780834455917234,2.3047916804161626e-19
2021-06-01,AMT,RealEstate,1.8688770192777343e-19,-0.2531471901398836,1.7408770359205264e-19
2021-06-01,BA,Industrials,0.0,-0.3707193010820564,0.0
2021-06-01,CAT,Industrials,0.0,-0.24869757060429143,0.0
2021-06-01,CCI,RealEstate,0.0,-0.41854083103204,0.0
2021-06-01,CMCSA,Comm,0.0,-0.02089791768004118,0.0
2021-06-01,COP,Energy,1.4791851428857414e-18,0.061602483576000226,1.4491016278931335e-18
2021-06-01,CVX,Energy,0.0,-0.232893081311717,0.0
2021-06-01,D,Utilities,0.0502586108142599,-0.22011138610222947,0.04924287786533072
2021-06-01,DD,Materials,0.0,-0.31498089079558333,0.0
2021-06-01,DIS,Consumer,0.0098914817116809,-1.4207754255231744,0.010399186380720911
2021-06-01,DOW,Materials,3.182439852327362e-19,-0.23716603400312267,3.0579180494000293e-19
2021-06-01,DUK,Utilities,0.0127134007848973,-0.3584154783377734,0.013868446822666965
2021-06-01,EA,Comm,0.0626822412192684,-0.026368350929652486,0.11618587467787625
2021-06-01,GE,Industrials,0.0,-0.18323447508394683,0.0
2021-06-01,GILD,Healthcare,0.058816916364993,-0.07746377321192913,0.04541206888844157
2021-06-01,GS,Financials,2.745586694561268e-18,-1.6114650371749681,3.8266431168951946e-18
2021-06-01,INTC,Tech,0.0,0.33470447784047763,0.0
2021-06-01,KO,Consumer,1.1175668129092317e-17,4.180257784659698,0.0
2021-06-01,MMM,Industrials,0.0850906745355059,2.695464637082722,0.0850906745355059
2021-06-01,MRK,Healthcare,0.1183986392447417,-0.46303671728948664,0.12412758211347667
2021-06-01,MS,Financials,5.840884211483805e-18,-1.4797351682106028,7.730053178074389e-18
2021-06-01,NEE,Utilities,8.94932782213682e-19,-0.35985541595696874,9.772746155674007e-19
2021-06-01,NEM,Materials,0.0,-0.08179448934300924,0.0
2021-06-01,NKE,Consumer,0.0259002434513843,0.08028451763769676,0.010345246693104996
2021-06-01,NUE,Materials,1.00337867486086e-19,-0.44733233239228404,1.1279004777881926e-19
2021-06-01,NVDA,Tech,1.742820883235625e-18,0.0,1.455917001443893e-18
2021-06-01,O,RealEstate,0.0,0.034036600964300945,0.0
2021-06-01,OXY,Energy,1.5265619125473064e-19,-0.14664515749049276,1.8273970624733842e-19
2021-06-01,PLD,RealEstate,0.0,-0.2842741418528692,0.0
2021-06-01,PSA,RealEstate,0.0883867323789799,-0.34528627645807386,0.0883867323789799
2021-06-01,QCOM,Tech,0.0,-0.014381797182692743,0.0
2021-06-01,SBUX,Consumer,3.945720513569729e-18,4.013258316381204,0.0
2021-06-01,SHW,Materials,0.0,-0.14029648182777985,0.0
2021-06-01,SLB,Energy,0.0,-0.22639170622706017,0.0
2021-06-01,SO,Utilities,7.446425695362567e-19,-0.3154478656501732,7.866018560551373e-19
2021-06-01,T,Comm,0.1165350568093969,1.1329022599942993,0.0
2021-06-01,TMUS,Comm,1.1956837323258437e-18,0.5310282479647739,1.0126714556269992e-18
2021-06-01,TTWO,Comm,0.0572003840211804,-0.16389785389521946,0.12023180737196944
2021-06-01,UPS,Industrials,0.0,-0.6729218269652203,0.0
2021-06-01,USB,Financials,2.9702253889245093e-18,2.621568120282806,0.0
2021-06-01,V,Financials,0.0,-0.36133576783992905,0.0
2021-06-01,WFC,Financials,0.0,1.4622873364610214,-0.0
2021-06-01,WMT,Consumer,0.1744588615668889,-1.5011905270464108,0.18950615365612822
2021-06-01,XOM,Energy,0.0,-0.30479556442511685,0.0
2021-07-01,ABBV,Healthcare,0.0380624803059418,0.9437630919471359,0.001822975619281256
2021-07-01,ABT,Healthcare,0.0016077722085933,1.2583803986669087,0.0
2021-07-01,ADBE,Tech,0.0,-0.4749695657812504,0.0
2021-07-01,AEP,Utilities,0.0730718193404089,-0.02361334762406989,0.06928280581904311
2021-07-01,AMD,Tech,0.0073326656014773,0.06657994264751857,0.007332665601477299
2021-07-01,AMGN,Healthcare,0.0,-0.12607511856541673,0.0
2021-07-01,AMT,RealEstate,2.0650789510077975e-20,-0.3740900255605399,2.1682592997756302e-20
2021-07-01,BA,Industrials,1.4975265781603232e-18,-0.26680219106386993,1.355289207373746e-18
2021-07-01,CAT,Industrials,9.968010400271868e-05,-0.38390758958861193,9.855172005613669e-05
2021-07-01,CCI,RealEstate,0.0539360827180216,-0.3109762619802189,0.05402982984188214
2021-07-01,CMCSA,Comm,0.0,0.10474535512432685,0.0
2021-07-01,COP,Energy,0.0,0.5399728734553945,0.0
2021-07-01,CVX,Energy,0.0,1.409961939772245,-0.0
2021-07-01,D,Utilities,0.0235463857328418,-0.25331881846115073,0.027335399254207603
2021-07-01,DD,Materials,5.391651826757604e-19,-0.19182698322570021,4.716334496244507e-19
2021-07-01,DIS,Consumer,0.0149955829897531,0.6985745149075013,0.0018408771000445045
2021-07-01,DOW,Materials,0.0,-0.1821151173150308,0.0
2021-07-01,DUK,Utilities,1.2035023435551883e-17,-0.35679668496102707,1.5125206780059162e-17
2021-07-01,EA,Comm,0.0254881359143255,-0.3914592531541275,0.03443254318689499
2021-07-01,GE,Industrials,0.0,-0.1608743859274338,0.0
2021-07-01,GILD,Healthcare,0.0308201482031869,-0.26637382208069454,0.03323984480658
2021-07-01,GS,Financials,0.0206379650676253,0.257165364212749,0.020637965067625295
2021-07-01,INTC,Tech,0.0,-0.4243343695053842,0.0
2021-07-01,KO,Consumer,0.0,-0.4504125868974571,0.0
2021-07-01,MMM,Industrials,0.0944139075381789,-0.3997695936941695,0.09441503592212547
2021-07-01,MRK,Healthcare,0.1344959053569957,-0.483481057484705,0.16992348564885643
2021-07-01,MS,Financials,5.622017352190926e-18,1.2116562514390747,0.0
2021-07-01,NEE,Utilities,2.1015637567801963e-18,-0.41081453278460356,2.7463260813783477e-18
2021-07-01,NEM,Materials,0.0,-0.19254297667099543,0.0
2021-07-01,NKE,Consumer,0.0363087166525879,0.8746470319624657,0.001853646827964799
2021-07-01,NUE,Materials,1.6144002514242157e-18,-0.4892187642797265,1.7645715067068025e-18
2021-07-01,NVDA,Tech,6.975805899848986e-19,0.0,7.473383333581781e-19
2021-07-01,O,RealEstate,0.0,2.392199098570939,-0.0
2021-07-01,OXY,Energy,1.5247273705571812e-18,-0.18057066216974008,1.5247273705571812e-18
2021-07-01,PLD,RealEstate,0.0,-0.13677097349238346,0.0
2021-07-01,PSA,RealEstate,0.1041223186861557,-0.30752329094707376,0.10402857156229517
2021-07-01,QCOM,Tech,1.8951661320178e-18,-0.35638211766335215,2.753925664251566e-18
2021-07-01,SBUX,Consumer,0.0216910410851244,-4.37561093712747,0.04748863624471743
2021-07-01,SHW,Materials,1.3708428942356584e-18,-0.28034556204815436,1.2882033720043807e-18
2021-07-01,SLB,Energy,0.0,-0.3852674145963079,0.0
2021-07-01,SO,Utilities,3.80466701899689e-18,-0.13538077520742484,4.001269434620756e-18
2021-07-01,T,Comm,0.1641552333639103,0.12538722081856007,0.1393898288548456
2021-07-01,TMUS,Comm,5.336287779687109e-19,0.9778050550773688,1.1498835141491846e-20
2021-07-01,TTWO,Comm,0.0491580015975259,-0.36150193505796807,0.0649789988340211
2021-07-01,UPS,Industrials,2.38184891030784e-18,-0.6802228155176316,2.8591024768817956e-18
2021-07-01,USB,Financials,0.0,-0.1642059012831957,0.0
2021-07-01,V,Financials,7.915493082270388e-18,-0.47315588610981596,1.5697646102958247e-17
2021-07-01,WFC,Financials,0.0,-0.08799004599501235,0.0
2021-07-01,WMT,Consumer,0.1060561575333423,-1.9603677215307118,0.12786833808808093
2021-07-01,XOM,Energy,0.0,-0.9349811587691459,0.0
2021-08-02,ABBV,Healthcare,0.0293873797772643,0.13045399144751127,0.01960907779628052
2021-08-02,ABT,Healthcare,0.0094208702322595,-0.39510905457420253,0.010085627342400354
2021-08-02,ADBE,Tech,0.0,0.8275447179376221,0.0
2021-08-02,AEP,Utilities,0.0826298902390586,0.17891132485877367,0.07690634413145861
2021-08-02,AMD,Tech,0.0020636446187928,-0.8272154640473619,0.002063644618792802
2021-08-02,AMGN,Healthcare,1.0131122062474177e-17,-0.2071788289502958,9.384970166386748e-18
2021-08-02,AMT,RealEstate,0.0,-0.2744180291142086,0.0
2021-08-02,BA,Industrials,7.9217360838753235e-19,-0.14073351156768987,8.063555000616299e-19
2021-08-02,CAT,Industrials,0.0062819879238268,-0.26837323936338936,0.007109943517031024
2021-08-02,CCI,RealEstate,0.0648290055316313,-0.25492473034609514,0.06519945597405194
2021-08-02,CMCSA,Comm,0.0,0.6369648739478354,0.0
2021-08-02,COP,Energy,0.0,-0.3400309136580788,0.0
2021-08-02,CVX,Energy,3.75930699168068e-18,-0.05232560553028397,3.4005070070431256e-18
2021-08-02,D,Utilities,1.3853239168123493e-18,-0.2785890244208453,2.007785128460208e-18
2021-08-02,DD,Materials,1.8041463641375937e-19,-0.1973240247860124,7.202630248603118e-19
2021-08-02,DIS,Consumer,0.0140690084606986,-1.0351357732031712,0.02532793893615486
2021-08-02,DOW,Materials,6.46182167531217e-19,-0.06473569882666937,2.2940582465037415e-18
2021-08-02,DUK,Utilities,0.0099684548647117,-0.3887227515718087,0.015692000972311708
2021-08-02,EA,Comm,0.0227785517517542,-0.2843427231735109,0.019538118020432853
2021-08-02,GE,Industrials,1.0458455074345591e-18,1.2222237968716292,0.0
2021-08-02,GILD,Healthcare,0.0234182350818979,-0.09025927672730649,0.01959240231627077
2021-08-02,GS,Financials,0.0227339437106229,-1.3079068149045359,0.0227339437106229
2021-08-02,INTC,Tech,1.723548772941314e-18,-0.32263027044668663,1.2475911158468278e-18
2021-08-02,KO,Consumer,0.0,-0.0006014620471562459,0.0
2021-08-02,MMM,Industrials,0.0821986163352396,-0.1093826068455316,0.08137066074203538
2021-08-02,MRK,Healthcare,0.1452668379854837,-0.4192317573574946,0.15820621562195375
2021-08-02,MS,Financials,5.199456293186765e-19,-2.1217255761625005,7.032899070169599e-19
2021-08-02,NEE,Utilities,0.0,-0.3623671397975999,0.0
2021-08-02,NEM,Materials,0.0,-0.20623683978015275,0.0
2021-08-02,NKE,Consumer,0.0332847371556951,0.9067121049717203,0.0027467137195005525
2021-08-02,NUE,Materials,2.1877244674190765e-18,2.7089563773718073,0.0
2021-08-02,NVDA,Tech,2.9313462683323826e-18,0.0,1.6042696255642045e-18
2021-08-02,O,RealEstate,5.5041871479015e-18,-0.4043733712966917,6.194877351954077e-18
2021-08-02,OXY,Energy,9.598846444873461e-19,-0.2926471024232499,1.0665587057506152e-18
2021-08-02,PLD,RealEstate,0.0,-0.09818132843645368,0.0
2021-08-02,PSA,RealEstate,0.1043735417290731,-0.24336572938637244,0.10400309128665244
2021-08-02,QCOM,Tech,0.0,-0.32595877916812777,0.0
2021-08-02,SBUX,Consumer,0.0139868629006087,0.10986834345176769,0.011013301682353026
2021-08-02,SHW,Materials,0.0,-0.32231739835934686,0.0
2021-08-02,SLB,Energy,8.974650031281253e-19,-0.4901845673227952,1.14959092650241e-18
2021-08-02,SO,Utilities,2.490290227911128e-18,-0.1604608881534788,3.275785083534979e-18
2021-08-02,T,Comm,0.165031094826543,-0.5887035949773574,0.17509927580913803
2021-08-02,TMUS,Comm,0.0,-0.5515447044619626,0.0
2021-08-02,TTWO,Comm,0.0574665906756904,-0.31944914090775434,0.0506388434244167
2021-08-02,UPS,Industrials,6.96541569033073e-18,-0.5730909767537645,9.777388290340063e-18
2021-08-02,USB,Financials,1.8522810479606963e-18,-0.2861383181896291,1.0322295581666429e-18
2021-08-02,V,Financials,0.0,-0.5253509345136547,0.0
2021-08-02,WFC,Financials,2.1884437291907873e-18,-0.781263822391463,1.6890611080882195e-18
2021-08-02,WMT,Consumer,0.110810746199147,-0.3574810218203628,0.13306340037814096
2021-08-02,XOM,Energy,0.0,0.33622784828443647,0.0
2021-09-01,ABBV,Healthcare,0.0194757684924495,-0.5487805799289777,0.01530981776745211
2021-09-01,ABT,Healthcare,0.011239534313719,-0.4237054757018457,0.008121831897103846
2021-09-01,ADBE,Tech,1.185139093956005e-18,-0.47416113392064974,9.682163203131465e-19
2021-09-01,AEP,Utilities,0.0950656553992699,0.18245277474002689,0.09165232269612858
2021-09-01,AMD,Tech,0.0111913364048669,-0.8044376591739563,0.011191336404866902
2021-09-01,AMGN,Healthcare,1.3907813381460164e-18,-0.21952586243375108,8.608656772945712e-19
2021-09-01,AMT,RealEstate,0.0,-0.14024944147670884,0.0
2021-09-01,BA,Industrials,2.294073252305684e-18,0.0,2.0876017046835936e-18
2021-09-01,CAT,Industrials,0.0038855582778765,1.6136925018336974,0.0
2021-09-01,CCI,RealEstate,0.0689019004917443,-0.2889530244648571,0.1849951725447575
2021-09-01,CMCSA,Comm,2.583309287098062e-18,-0.35775239767123473,2.4424592578816597e-18
2021-09-01,COP,Energy,1.1103162545448541e-18,-0.3408366559469653,1.1347297589253018e-18
2021-09-01,CVX,Energy,0.0,-0.024963145658560237,0.0
2021-09-01,D,Utilities,5.3193071178609995e-18,-0.2963984872993523,8.132059756038954e-18
2021-09-01,DD,Materials,2.355950294504756e-18,0.051132718820926966,2.136027324645307e-18
2021-09-01,DIS,Consumer,0.0136776790173403,0.10624798322818474,0.006479320024868703
2021-09-01,DOW,Materials,3.0430108350198577e-18,-0.12219816886320155,3.262933804879307e-18
2021-09-01,DUK,Utilities,0.0055139054159614,-0.37293768832736646,0.008927238119102706
2021-09-01,EA,Comm,0.0231010467851476,-0.049130241621003046,0.016876850761225415
2021-09-01,GE,Industrials,1.2803259574618182e-18,0.20618519919600445,9.248687471745347e-19
2021-09-01,GILD,Healthcare,0.0181422896530937,-0.3251913785158168,0.012202708071921855
2021-09-01,GS,Financials,0.0310359734290833,-0.44407048761604556,0.031035973429083298
2021-09-01,INTC,Tech,3.6492986194613725e-18,-0.44823020626437143,2.9289038972963093e-18
2021-09-01,KO,Consumer,0.0,-0.7709028969142204,0.0
2021-09-01,MMM,Industrials,0.0749389131390058,-0.1558815070159767,0.0788244714168823
2021-09-01,MRK,Healthcare,0.1313956083758059,-1.16849542119906,0.14461884309859033
2021-09-01,MS,Financials,0.0,0.7906264274602127,0.0
2021-09-01,NEE,Utilities,0.0,-0.28687609419874777,0.0
2021-09-01,NEM,Materials,0.0,-0.0868616958191321,0.0
2021-09-01,NKE,Consumer,0.029641820100726,-0.4384213673482047,0.022599091549921582
2021-09-01,NUE,Materials,0.0,0.6219505163915676,0.0
2021-09-01,NVDA,Tech,0.0,1.3140970930449298,-0.0
2021-09-01,O,RealEstate,3.0348859112704313e-18,-0.4071795526722822,8.895779102827438e-18
2021-09-01,OXY,Energy,1.4860699718389261e-18,-0.2099340478272841,1.3704740905776535e-18
2021-09-01,PLD,RealEstate,9.687813954807531e-21,-0.12373496542879327,2.2676801003680323e-20
2021-09-01,PSA,RealEstate,0.1160932720530132,2.546180091558619,0.0
2021-09-01,QCOM,Tech,0.0,-0.3628923539537355,0.0
2021-09-01,SBUX,Consumer,0.0038577416541039,-0.33927377922110236,0.0027384353669852204
2021-09-01,SHW,Materials,0.0,-0.24315973279878897,0.0
2021-09-01,SLB,Energy,1.929952507262882e-18,-0.3739749136914616,2.0211348841437065e-18
2021-09-01,SO,Utilities,0.0,-0.06192092980007237,0.0
2021-09-01,T,Comm,0.1634006549072116,-0.5635152817672708,0.1779042272578234
2021-09-01,TMUS,Comm,0.0,-0.3704121290595049,0.0
2021-09-01,TTWO,Comm,0.0565632675072167,-0.2258502740993363,0.04828389118052703
2021-09-01,UPS,Industrials,0.0,-0.40375585140505843,0.0
2021-09-01,USB,Financials,0.0,-0.2583129533612739,0.0
2021-09-01,V,Financials,3.803103182950879e-18,-0.5435219549816315,4.065018508643594e-18
2021-09-01,WFC,Financials,0.0,0.028856747467067425,0.0
2021-09-01,WMT,Consumer,0.1228780745823636,-1.1225333720437423,0.1382384684127583
2021-09-01,XOM,Energy,0.0,-0.3481087629209227,0.0
2021-10-01,ABBV,Healthcare,1.2776178409104753e-18,-0.4488992314044532,1.5224967922996023e-18
2021-10-01,ABT,Healthcare,0.0331635596095104,-0.2614258121987678,0.0344064677711662
2021-10-01,ADBE,Tech,0.0,0.8168005365386979,0.0
2021-10-01,AEP,Utilities,0.0533806679921224,-0.08381500161779619,0.047599434824179485
2021-10-01,AMD,Tech,0.0197181704768511,0.26625396906787446,0.01686408495084778
2021-10-01,AMGN,Healthcare,1.0967874776987833e-18,-0.14660685817857083,1.0343184103016554e-18
2021-10-01,AMT,RealEstate,2.2851032443059633e-18,0.02312478189196251,1.7142410765541167e-18
2021-10-01,BA,Industrials,1.4595695527410216e-18,0.0,1.1526119244709608e-18
2021-10-01,CAT,Industrials,0.0,-0.16634791807476582,0.0
2021-10-01,CCI,RealEstate,0.0905593837421352,-0.3163576059346382,0.09154493566625081
2021-10-01,CMCSA,Comm,0.0,-1.0570128021402048,0.0
2021-10-01,COP,Energy,0.0,-0.11734460679405258,0.0
2021-10-01,CVX,Energy,3.4262668411393858e-18,-0.3588141819599754,4.49253447408381e-18
2021-10-01,D,Utilities,3.0552513086645377e-18,-0.27095149661705403,3.1947622909797025e-18
2021-10-01,DD,Materials,0.0007621999346442,0.1222026390837471,0.0007621999346441996
2021-10-01,DIS,Consumer,0.0074657387815712,-0.6719189157526394,0.036088028600754586
2021-10-01,DOW,Materials,0.0,-0.11285948474591634,0.0
2021-10-01,DUK,Utilities,0.0449657979755483,-0.3717207266603529,0.05074703114349121
2021-10-01,EA,Comm,0.0459771286451421,-0.9856785976450088,0.13921991212262774
2021-10-01,GE,Industrials,1.054918174148737e-18,-0.7541031479418575,1.4612758787824965e-18
2021-10-01,GILD,Healthcare,0.0057433171866668,-0.08577672673678222,0.005128856719695656
2021-10-01,GS,Financials,0.044078381282969,0.250528436648848,0.044078381282968995
2021-10-01,INTC,Tech,0.0021035486324032,-1.0219551557325521,0.00495763415840652
2021-10-01,KO,Consumer,0.0,-0.3004573129338292,0.0
2021-10-01,MMM,Industrials,0.0832165519205781,-0.26631481225647735,0.0832165519205781
2021-10-01,MRK,Healthcare,0.1466168178671409,-0.21064617470112643,0.14598837017245622
2021-10-01,MS,Financials,1.7053392788869678e-18,0.6032406469206577,9.027818294354308e-19
2021-10-01,NEE,Utilities,4.8556371072148824e-18,0.5789857908761592,1.681921061916054e-18
2021-10-01,NEM,Materials,0.0,-0.2171057360985061,0.0
2021-10-01,NKE,Consumer,1.3572200520032653e-18,-0.9439767905884032,7.628102139247249e-18
2021-10-01,NUE,Materials,6.88948741125297e-19,-0.352831070828977,1.0617840799042139e-18
2021-10-01,NVDA,Tech,0.0,0.9005956852020938,0.0
2021-10-01,O,RealEstate,0.0,-0.2596392418747674,0.0
2021-10-01,OXY,Energy,0.0024559892759712,-0.10647125157769959,0.0026222661262199744
2021-10-01,PLD,RealEstate,0.0,-0.08311381393763136,0.0
2021-10-01,PSA,RealEstate,0.0940716428756393,-0.2885435048048058,0.09308609095152366
2021-10-01,QCOM,Tech,5.225193298008259e-19,0.08973938231450328,5.543939901911047e-19
2021-10-01,SBUX,Consumer,0.0205464268756992,-0.4402268244608339,0.08555440177704526
2021-10-01,SHW,Materials,0.0,0.22966204794467604,0.0
2021-10-01,SLB,Energy,0.0020334855534672,0.04842810308618304,0.0018672087032184244
2021-10-01,SO,Utilities,0.0,-0.35977627020233094,0.0
2021-10-01,T,Comm,0.1343945134105355,0.9343386588247693,0.01345680141845354
2021-10-01,TMUS,Comm,0.0,-0.3452155623584616,0.0
2021-10-01,TTWO,Comm,0.0405091932522972,-0.10409507268500029,0.0682041217668935
2021-10-01,UPS,Industrials,1.681982112536074e-18,1.7518341373842408,0.0
2021-10-01,USB,Financials,1.674667928166507e-19,-0.2914578920127927,2.8857173748672607e-19
2021-10-01,V,Financials,3.7288150414595364e-18,-0.4940114135460235,7.433093533306601e-18
2021-10-01,WFC,Financials,0.0,0.0677034429728974,0.0
2021-10-01,WMT,Consumer,0.1282374847091067,0.9066581152218411,0.03460721998857724
2021-10-01,XOM,Energy,0.0,1.8896478325281785,-0.0
2021-11-01,ABBV,Healthcare,0.0162851338282283,0.7304188877984429,0.004255375604413387
2021-11-01,ABT,Healthcare,0.0559663332148798,-1.9110499817185358,0.15791872281786354
2021-11-01,ADBE,Tech,5.337954102600731e-19,-2.740918190382834,2.3688630263467572e-18
2021-11-01,AEP,Utilities,0.047078903685746,-0.2219552421103188,0.04572810100316322
2021-11-01,AMD,Tech,0.0352758178357633,0.15768573221946924,0.03524829802700415
2021-11-01,AMGN,Healthcare,0.0,-0.17105175449187207,0.0
2021-11-01,AMT,RealEstate,8.784699319651517e-19,-0.33350730514332905,1.0557144781876712e-18
2021-11-01,BA,Industrials,1.0584679147276001e-18,0.0,9.24092776234802e-19
2021-11-01,CAT,Industrials,0.0,0.8392356599420717,0.0
2021-11-01,CCI,RealEstate,0.0556984390843728,-0.04595088024710845,0.052502319615598446
2021-11-01,CMCSA,Comm,8.306539372819416e-18,-0.20032367339378926,8.825020949190014e-18
2021-11-01,COP,Energy,0.0006010084101103,2.660167619306521,0.0
2021-11-01,CVX,Energy,0.0,0.9940647774321878,0.0
2021-11-01,D,Utilities,0.0,-0.2920463166079284,0.0
2021-11-01,DD,Materials,0.0,0.12412081508368696,0.0
2021-11-01,DIS,Consumer,6.857140899820936e-19,-2.891385580301654,1.7306902706041988e-18
2021-11-01,DOW,Materials,0.0,-0.030721934230769164,0.0
2021-11-01,DUK,Utilities,0.0542487321551784,-0.289377355867886,0.055599534837761186
2021-11-01,EA,Comm,0.0527071829206578,0.5422839579436609,0.02135321063684663
2021-11-01,GE,Industrials,0.0,0.9225822120503311,0.0
2021-11-01,GILD,Healthcare,0.044344137403872,0.6667341519925488,0.01432465361374567
2021-11-01,GS,Financials,0.0631379646669277,0.5950060325654615,0.06313796466692768
2021-11-01,INTC,Tech,6.800222258137198e-05,-0.1841140620616801,9.55220313405069e-05
2021-11-01,KO,Consumer,0.0629812995493953,-0.2567618665794324,0.05133772576549503
2021-11-01,MMM,Industrials,0.0641765739866207,-0.1700481424370958,0.06555685910140681
2021-11-01,MRK,Healthcare,0.0735337961614057,0.8087627776423356,0.013630648572363182
2021-11-01,MS,Financials,0.0,-0.260100183304888,0.0
2021-11-01,NEE,Utilities,0.0,-0.26526710223947314,0.0
2021-11-01,NEM,Materials,0.0011231385252618,-0.0539015440824548,0.0011231385252617996
2021-11-01,NKE,Consumer,3.2526950940651242e-18,0.8719389585961579,2.701670604237557e-19
2021-11-01,NUE,Materials,1.6841263548190708e-18,-0.34166537632788563,2.143970689016523e-18
2021-11-01,NVDA,Tech,1.2444481442642238e-18,-0.41941953524761816,2.0954364099873052e-18
2021-11-01,O,RealEstate,1.3170985485635726e-18,0.4143449276245773,6.951593323961624e-19
2021-11-01,OXY,Energy,0.0042528953305488,2.888955815410473,0.0
2021-11-01,PLD,RealEstate,0.0,-0.17907359353711166,0.0
2021-11-01,PSA,RealEstate,0.1023682461160555,-0.14426839366984176,0.10556436558482986
2021-11-01,QCOM,Tech,1.6077076598283941e-18,-0.18878862913665512,2.2672459078388126e-18
2021-11-01,SBUX,Consumer,0.0131774755629534,0.2577470480160443,0.00634389763426153
2021-11-01,SHW,Materials,0.0,-0.037346958218960585,0.0
2021-11-01,SLB,Energy,0.0,-0.1882225566296729,0.0
2021-11-01,SO,Utilities,0.0,-0.3280250898542709,0.0
2021-11-01,T,Comm,0.1107837791586617,-0.5368597357451856,0.15069805748734902
2021-11-01,TMUS,Comm,0.0007924448792135,-0.2701106471366287,0.0008908567305225582
2021-11-01,TTWO,Comm,0.0269095664005026,0.23373477842119558,0.0182508485043174
2021-11-01,UPS,Industrials,0.0072805427721,0.0717406293690125,0.005900257657313892
2021-11-01,USB,Financials,8.03633220649375e-19,-0.3356151347785577,2.6502732845857313e-18
2021-11-01,V,Financials,1.9123579502758808e-18,0.17662680033977368,3.887920342094559e-18
2021-11-01,WFC,Financials,0.0,2.150854304915646,-0.0
2021-11-01,WMT,Consumer,0.1072085861289623,-0.8075254334499923,0.1256857378415544
2021-11-01,XOM,Energy,4.602219424222223e-19,0.6264019003046297,0.004853903740659101
2021-12-01,ABBV,Healthcare,0.0315496415369122,-0.4177978812031178,0.07661118180266929
2021-12-01,ABT,Healthcare,0.0770329854479042,0.9776731839145589,0.002945689278342852
2021-12-01,ADBE,Tech,0.0,-2.985029666235976,0.0
2021-12-01,AEP,Utilities,0.053564831393149,-0.26716811049088046,0.05104717342511659
2021-12-01,AMD,Tech,0.0259552946352252,0.14176097776713287,0.02867254845968912
2021-12-01,AMGN,Healthcare,3.971861133923717e-18,-0.056775516774371856,7.1888630249655e-18
2021-12-01,AMT,RealEstate,0.0,-0.4672588418236457,0.0
2021-12-01,BA,Industrials,0.0,0.0,0.0
2021-12-01,CAT,Industrials,2.091497546022317e-18,-0.27551960063669517,2.2920879183569415e-18
2021-12-01,CCI,RealEstate,0.0013248081082059,-0.3271011748519073,0.0013804696610931946
2021-12-01,CMCSA,Comm,0.0,2.177713935861777,-0.0
2021-12-01,COP,Energy,0.0122155874040574,-0.28720243705187365,0.009034653454847007
2021-12-01,CVX,Energy,0.0132296264430161,-1.1588652720940795,0.016410560392226492
2021-12-01,D,Utilities,0.0,-0.2648022629708582,0.0
2021-12-01,DD,Materials,9.09874975162338e-18,-0.12706047047386543,1.1354105639958528e-17
2021-12-01,DIS,Consumer,0.0048965036517954,1.0851340708208541,0.0
2021-12-01,DOW,Materials,0.0,0.0594682866015307,0.0
2021-12-01,DUK,Utilities,0.0666040435577712,-0.37647473492296735,0.06894877630621002
2021-12-01,EA,Comm,0.0680119832319313,-0.07866852778773871,0.055574655075356326
2021-12-01,GE,Industrials,7.493847481346346e-19,-0.24440151457581188,8.012206922431428e-19
2021-12-01,GILD,Healthcare,0.0393942195809565,-0.2002073116291235,0.08097895704892319
2021-12-01,GS,Financials,0.0517651396651778,0.09730450682101555,0.0517651396651778
2021-12-01,INTC,Tech,0.0064063797599488,0.552617773621663,0.003689125935484876
2021-12-01,KO,Consumer,0.0331469277587641,-0.34113691692953396,0.02017954160978815
2021-12-01,MMM,Industrials,0.0634694140242604,-0.16279902175225588,0.06340973269390768
2021-12-01,MRK,Healthcare,0.033706682946597,0.6336773740702475,0.02114770138243456
2021-12-01,MS,Financials,0.0,-0.16151950821782077,0.0
2021-12-01,NEE,Utilities,0.0,-0.4723265531261088,0.0
2021-12-01,NEM,Materials,0.0146794582474997,-0.3665596255846111,0.02221071838755779
2021-12-01,NKE,Consumer,0.0013055103870534,0.6865024383104547,0.00018578446516319283
2021-12-01,NUE,Materials,0.0,-0.32428672847609996,0.0
2021-12-01,NVDA,Tech,6.271720648275567e-19,-0.26667603547647617,1.0225494872067645e-18
2021-12-01,O,RealEstate,0.0030665497783677,-0.4994218940456272,0.0036103035817021565
2021-12-01,OXY,Energy,3.9104101785301484e-18,-3.033624035731887,9.062917381072234e-18
2021-12-01,PLD,RealEstate,8.239986297380823e-18,-0.13146663167826583,7.320455340294087e-18
2021-12-01,PSA,RealEstate,0.1273890925643044,-0.26759873406677637,0.12678967720808265
2021-12-01,QCOM,Tech,6.882675513199397e-18,0.4164967774588728,5.169310616377313e-18
2021-12-01,SBUX,Consumer,0.0116064263644389,-0.6464228125770314,0.008674307089156045
2021-12-01,SHW,Materials,0.0272056372020182,0.3468422323335107,0.01967437706196011
2021-12-01,SLB,Energy,0.0,1.8297181092442012,-0.0
2021-12-01,SO,Utilities,0.0100668126929251,-0.3525057828243595,0.010239737912518665
2021-12-01,T,Comm,0.0885800477188128,-0.5332457068981636,0.10288474761272555
2021-12-01,TMUS,Comm,2.8288364422361664e-19,-1.9151223256125023,6.246948864449513e-19
2021-12-01,TTWO,Comm,0.0212444492163925,-0.20403599488232518,0.019377077479054705
2021-12-01,UPS,Industrials,0.0002588614360239,-0.43223279981230256,0.00031854276637662736
2021-12-01,USB,Financials,0.0,-0.3269997659540863,0.0
2021-12-01,V,Financials,0.0,-0.13280848810712104,0.0
2021-12-01,WFC,Financials,0.0,0.41526290197236465,0.0
2021-12-01,WMT,Consumer,0.1123230852464896,-1.6327777867789581,0.13423882024443404
2021-12-01,XOM,Energy,0.0,-0.1476953139284086,0.0
2022-01-03,ABBV,Healthcare,0.0217342919338228,-0.03940308934507981,0.025979457262088248
2022-01-03,ABT,Healthcare,0.068437810737438,2.4616189399765287,0.0
2022-01-03,ADBE,Tech,0.0110678246940347,-0.1611462800331326,0.00976573875511867
2022-01-03,AEP,Utilities,0.053733319250944,-0.1676624776781552,0.053360482253975085
2022-01-03,AMD,Tech,0.0226631571766571,-0.5221651537946079,0.026214288928500598
2022-01-03,AMGN,Healthcare,7.575738337312766e-19,-0.029729436092232622,8.971161359112708e-19
2022-01-03,AMT,RealEstate,5.097998322351276e-19,-0.3116311838411873,5.043915735455863e-19
2022-01-03,BA,Industrials,0.0,0.025384908253749467,0.0
2022-01-03,CAT,Industrials,1.0326220169557833e-18,-0.3175530016383818,1.3639602810393137e-18
2022-01-03,CCI,RealEstate,2.5402642077828772e-18,4.526790345185573,0.0
2022-01-03,CMCSA,Comm,0.0,-0.2723617358932152,0.0
2022-01-03,COP,Energy,2.2536316803269798e-18,2.0972775515658517,0.0
2022-01-03,CVX,Energy,0.0170130386319473,-0.19158169118100063,0.017612900109034737
2022-01-03,D,Utilities,1.990316500564072e-18,-0.01737041825602002,1.7221064826171724e-18
2022-01-03,DD,Materials,0.0,-0.1734684224906717,0.0
2022-01-03,DIS,Consumer,0.0245987111011618,-0.39687677893739975,0.019072037093170627
2022-01-03,DOW,Materials,0.0,-0.008525892488932584,0.0
2022-01-03,DUK,Utilities,0.0704974273973133,-0.17700297652367467,0.07056828816431464
2022-01-03,EA,Comm,0.0596256904375856,-0.30538518757776006,0.11721518738033862
2022-01-03,GE,Industrials,0.0,3.1295660479583858,-0.0
2022-01-03,GILD,Healthcare,0.0695973672020406,-0.2541783034353083,0.10038126606159777
2022-01-03,GS,Financials,0.0446120626492949,-0.2201755550458413,0.0446120626492949
2022-01-03,INTC,Tech,0.0079293234804623,0.057291257104287896,0.005680277667534836
2022-01-03,KO,Consumer,0.0249801799284473,-0.4567448556326149,0.02019787537366871
2022-01-03,MMM,Industrials,0.076616446978113,0.029088912894917787,0.07457507810980005
2022-01-03,MRK,Healthcare,0.0487964650647426,-0.4649082180816219,0.08220521161435795
2022-01-03,MS,Financials,2.1672965196557204e-19,1.5867317483680463,0.0
2022-01-03,NEE,Utilities,0.0,-0.5172685384890973,0.0
2022-01-03,NEM,Materials,0.0135314160002655,-0.3978803360111892,0.014948261548588002
2022-01-03,NKE,Consumer,0.0092513235630901,0.3751864945696009,0.003208343884748358
2022-01-03,NUE,Materials,1.551589796671066e-18,-0.4110224859162256,1.7301680828757683e-18
2022-01-03,NVDA,Tech,7.393804601026618e-18,0.3377010775048342,3.721156307933744e-18
2022-01-03,O,RealEstate,0.0056586543910193,-0.5421744645221477,0.006582685076041453
2022-01-03,OXY,Energy,0.0041905789194061,0.013761288884129197,0.0035907174423186654
2022-01-03,PLD,RealEstate,0.0,-0.27618185197151623,0.0
2022-01-03,PSA,RealEstate,0.1155790965657316,-0.3150962877133257,0.11465506588070946
2022-01-03,QCOM,Tech,1.1476138098390405e-18,1.7271010151085606,0.0
2022-01-03,SBUX,Consumer,0.0,-0.5298025442375233,0.0
2022-01-03,SHW,Materials,0.0061852642096189,0.024474386441932998,0.004768418661296398
2022-01-03,SLB,Energy,9.613789334268568e-19,-0.08292305629690976,9.04518312427244e-19
2022-01-03,SO,Utilities,0.0122743139745634,-0.20474898670027833,0.012576290204530964
2022-01-03,T,Comm,0.0739388267559107,1.1689616379632681,0.0
2022-01-03,TMUS,Comm,0.0,-0.1427764225794216,0.0
2022-01-03,TTWO,Comm,0.0197360878366997,-0.21411236466125397,0.03608541764985738
2022-01-03,UPS,Industrials,0.0036852792735414,-0.5500219449258957,0.00572664814185435
2022-01-03,USB,Financials,1.1225987516944605e-18,-0.18054873843798794,1.086140870962757e-18
2022-01-03,V,Financials,5.047885489783667e-19,0.3042287477412557,2.878416629444421e-19
2022-01-03,WFC,Financials,5.088805329844305e-18,-0.5372616280056675,6.4112292150177315e-18
2022-01-03,WMT,Consumer,0.1140660418461469,-1.0599398146818793,0.1304180000872584
2022-01-03,XOM,Energy,0.0,0.9015924413730347,0.0
2022-02-01,ABBV,Healthcare,0.0472343327446119,0.5837738229059334,0.020373703575158074
2022-02-01,ABT,Healthcare,0.0352038286738297,-0.509519477077761,0.055069537371552124
2022-02-01,ADBE,Tech,0.00698326025211,-0.20923011346689607,0.02126476682894876
2022-02-01,AEP,Utilities,0.0364896097737269,-0.37433226709910933,0.10492505056385111
2022-02-01,AMD,Tech,0.0086691260492168,0.726996316009711,0.005959876613462101
2022-02-01,AMGN,Healthcare,0.0,-0.07059333155513833,0.0
2022-02-01,AMT,RealEstate,5.420501283690715e-18,1.1323135673100828,0.0
2022-02-01,BA,Industrials,2.7887274230031586e-18,-0.2642470547733187,2.8399442093596193e-18
2022-02-01,CAT,Industrials,0.0170447221908045,-0.24771916606470215,0.017130836256062022
2022-02-01,CCI,RealEstate,4.2655945178061016e-18,0.6258916882438422,2.1836659604545576e-17
2022-02-01,CMCSA,Comm,0.0,-0.2033519237279793,0.0
2022-02-01,COP,Energy,3.0235449889234643e-18,1.3231841098449943,0.0
2022-02-01,CVX,Energy,0.0766790131538643,0.25325281077606276,0.0766790131538643
2022-02-01,D,Utilities,0.0,-0.3255440831809353,0.0
2022-02-01,DD,Materials,0.0,-2.5172563491151303,0.0
2022-02-01,DIS,Consumer,0.0146217945299446,0.5544708645326605,0.011346272330707625
2022-02-01,DOW,Materials,2.595211444527894e-18,-0.2569372652483404,2.544930883989523e-18
2022-02-01,DUK,Utilities,0.0575942948743978,0.20802672688373447,0.0954351183155331
2022-02-01,EA,Comm,0.0632591803652196,0.064539304639011,0.0621257631929168
2022-02-01,GE,Industrials,2.3869110006560422e-18,-0.30368957058312873,2.5065836802988674e-18
2022-02-01,GILD,Healthcare,0.0685757346761586,0.21323740907530267,0.05591096385982985
2022-02-01,GS,Financials,0.0028852943470231,-0.17121026563057895,0.002409671869349432
2022-02-01,INTC,Tech,0.0135509303412497,0.942015553576648,0.0019786732001656386
2022-02-01,KO,Consumer,0.0285422279562282,1.1637845254702428,0.0
2022-02-01,MMM,Industrials,0.0170197172232156,-0.271934131813289,0.01743768195255462
2022-02-01,MRK,Healthcare,0.0626527495676329,-0.2677760316808199,0.08231244085569304
2022-02-01,MS,Financials,0.0202648866202001,-0.43529879954853473,0.020740509097873772
2022-02-01,NEE,Utilities,0.0,-0.45574337682389343,0.0
2022-02-01,NEM,Materials,0.0130136716037666,-0.422452648203093,0.014441998766527159
2022-02-01,NKE,Consumer,0.018166635161459,-0.19870436295542288,0.037928266755334214
2022-02-01,NUE,Materials,0.0,-0.1867253229671695,0.0
2022-02-01,NVDA,Tech,9.621422632048668e-20,0.6183684349491005,9.246492543586492e-20
2022-02-01,O,RealEstate,0.0067643096812403,-0.2096504102076278,0.1119676689081303
2022-02-01,OXY,Energy,0.0,1.1716505142009828,-0.0
2022-02-01,PLD,RealEstate,0.0,2.1618583153596225,-0.0
2022-02-01,PSA,RealEstate,0.10520335922689,1.62933734605678,0.0
2022-02-01,QCOM,Tech,0.0,0.5790052686616963,0.0
2022-02-01,SBUX,Consumer,0.0246119275351788,-0.09654432518514762,0.04700545227988119
2022-02-01,SHW,Materials,0.012109972957403,-0.13059056556021204,0.010681645794642446
2022-02-01,SLB,Energy,2.5742528075535073e-18,-0.3354513643371128,4.6036857903258045e-18
2022-02-01,SO,Utilities,0.1062762642312595,1.2168531702486531,0.0
2022-02-01,T,Comm,0.0097287027415165,-0.45618392195847174,0.014872836272354759
2022-02-01,TMUS,Comm,0.0,0.7153719421841536,0.0
2022-02-01,TTWO,Comm,0.0314866923101776,0.16880397861455637,0.027475975951642154
2022-02-01,UPS,Industrials,0.0021104900782686,0.05506564117128717,0.001606411283672064
2022-02-01,USB,Financials,4.601121101357568e-18,-0.4739440897087517,4.835903061062657e-18
2022-02-01,V,Financials,0.0,-0.10630170901779969,0.0
2022-02-01,WFC,Financials,8.200064918243938e-19,1.1174992263724652,0.0
2022-02-01,WMT,Consumer,0.0932572711334043,0.48949562697851334,0.08291986495029188
2022-02-01,XOM,Energy,2.151162951776554e-18,0.9371265931901818,1.8112012382907963e-19
2022-03-01,ABBV,Healthcare,0.0339687767735922,-0.7200153725760244,0.05364655564892193
2022-03-01,ABT,Healthcare,0.0132581594898595,-0.06262790188496842,0.012935822904586466
2022-03-01,ADBE,Tech,0.0099951475727671,-0.19941127329018588,0.010120660767674797
2022-03-01,AEP,Utilities,0.0412721696550197,-0.4422191840063823,0.12325210413159612
2022-03-01,AMD,Tech,7.298359521648087e-18,-0.6366210918792152,1.0083816360121023e-17
2022-03-01,AMGN,Healthcare,3.681919119682637e-18,-0.3189984512895097,4.459109496030971e-18
2022-03-01,AMT,RealEstate,0.0,-0.28779990161889424,0.0
2022-03-01,BA,Industrials,2.080964785210414e-18,1.1941911021570752,0.0
2022-03-01,CAT,Industrials,0.0126077452690288,-0.13742537419123477,0.009346425430772475
2022-03-01,CCI,RealEstate,0.0,-0.36319902777943214,0.0
2022-03-01,CMCSA,Comm,0.0,-0.5039115850648204,0.0
2022-03-01,COP,Energy,2.432380365674408e-18,2.5652317610538105,0.0
2022-03-01,CVX,Energy,0.0598691327935631,-0.6074136570977755,0.06206313369621157
2022-03-01,D,Utilities,3.553338817596898e-18,-2.187444888572393,2.3452280435708247e-17
2022-03-01,DD,Materials,1.8902373570619792e-18,-0.24658373336759418,1.8853367174830272e-18
2022-03-01,DIS,Consumer,0.0676537313794624,-0.49193114600295806,0.07245540494217437
2022-03-01,DOW,Materials,0.0,-0.29758725539585595,0.0
2022-03-01,DUK,Utilities,0.0050721301503609,-0.2916059095065016,0.013565199534698646
2022-03-01,EA,Comm,0.0684212764113175,2.086190541559914,0.0
2022-03-01,GE,Industrials,0.0,-0.6733475288891225,0.0
2022-03-01,GILD,Healthcare,0.1406889575316029,-0.305066941012617,0.1685863497108889
2022-03-01,GS,Financials,0.0026440553867761,-0.3071285883742235,0.0018749568930758159
2022-03-01,INTC,Tech,0.0001255131949077,1.0576182665935276,0.0
2022-03-01,KO,Consumer,0.091828804650892,-0.2622896786428247,0.08320860000195322
2022-03-01,MMM,Industrials,4.4323359831864675e-18,-0.0785836357345155,3.115815316534386e-18
2022-03-01,MRK,Healthcare,0.0472528344693427,1.1484015006705626,0.0
2022-03-01,MS,Financials,0.0095634628286986,-0.9915462269248677,0.010332561322398884
2022-03-01,NEE,Utilities,0.0,-0.5504511287910459,0.0
2022-03-01,NEM,Materials,0.0215435996828639,-0.24982403390678637,0.0215435996828639
2022-03-01,NKE,Consumer,0.0227684665928192,0.3451142583117976,0.010703592598452006
2022-03-01,NUE,Materials,0.0,-2.0758899235561783,0.0
2022-03-01,NVDA,Tech,0.0,-0.3898585004696327,0.0
2022-03-01,O,RealEstate,0.0046491973279627,-0.4971011270336163,0.004745504612876442
2022-03-01,OXY,Energy,0.0038520205647366,0.33258186891149466,0.0016580196620881468
2022-03-01,PLD,RealEstate,0.0,-0.05572728748958129,0.0
2022-03-01,PSA,RealEstate,0.0696658731423556,-0.46469070500451365,0.06956956585744187
2022-03-01,QCOM,Tech,0.0,-0.7413824754603153,0.0
2022-03-01,SBUX,Consumer,1.7204512776049977e-18,0.2842871072605757,8.839169692845368e-19
2022-03-01,SHW,Materials,4.918872808036801e-18,-0.1457655944008635,4.509334973392631e-18
2022-03-01,SLB,Energy,0.0,-0.3641767250212387,0.0
2022-03-01,SO,Utilities,0.0904730038609142,1.3911821832440772,0.0
2022-03-01,T,Comm,0.0,-0.1263493874713435,0.0
2022-03-01,TMUS,Comm,0.0,-0.49064511634996816,0.0
2022-03-01,TTWO,Comm,0.0403530283179755,-0.2506737304113804,0.10877430472929302
2022-03-01,UPS,Industrials,0.0117862347334616,-0.9588700831033874,0.01504755457171793
2022-03-01,USB,Financials,8.911899212237164e-18,-0.5732007345350781,7.606008957058962e-18
2022-03-01,V,Financials,0.0,0.20780726917652168,0.0
2022-03-01,WFC,Financials,0.0,-0.33005647130135357,0.0
2022-03-01,WMT,Consumer,0.1306866782197184,-0.5623695374619448,0.14657008330031238
2022-03-01,XOM,Energy,2.6577627037139434e-18,-1.1812263285901394,3.73869479022769e-18
2022-04-01,ABBV,Healthcare,0.0452041382805249,0.6079785637228807,0.11443704882395211
2022-04-01,ABT,Healthcare,0.0,-0.3530025417991787,0.0
2022-04-01,ADBE,Tech,0.0107011101949842,0.6062702879568076,0.006433326663026671
2022-04-01,AEP,Utilities,0.0116684704991312,-0.23593150438995478,0.0092637201551338
2022-04-01,AMD,Tech,0.0027847034513353,-0.13373397778144921,0.00482057333544861
2022-04-01,AMGN,Healthcare,0.0,-0.20922496326040874,0.0
2022-04-01,AMT,RealEstate,1.715288997659321e-18,-0.41950369210510463,1.5673775533283456e-18
2022-04-01,BA,Industrials,0.0,-0.3126323850623984,0.0
2022-04-01,CAT,Industrials,0.0287411731147411,2.419580239376336,0.0287411731147411
2022-04-01,CCI,RealEstate,0.0,1.699125650071946,-0.0
2022-04-01,CMCSA,Comm,0.0,0.9819579415046581,0.0
2022-04-01,COP,Energy,0.0,-0.8231139081011035,0.0
2022-04-01,CVX,Energy,0.0859932842205216,-1.6245285177976114,0.08599328422052159
2022-04-01,D,Utilities,1.121700211931693e-18,-0.4422770557379034,1.039208256249698e-18
2022-04-01,DD,Materials,7.156298945196355e-18,-0.31095937965832715,4.4847772451765523e-17
2022-04-01,DIS,Consumer,0.0492945140694856,0.2033622611560169,0.032971639838653505
2022-04-01,DOW,Materials,0.0,-0.3894205594595847,0.0
2022-04-01,DUK,Utilities,0.0143761456185199,-0.48002616820190486,0.013667495803176456
2022-04-01,EA,Comm,0.0743939510332349,-0.2965095054120536,0.07293632985329955
2022-04-01,GE,Industrials,1.4801511493669606e-18,1.2999271569090907,1.4801511493669606e-18
2022-04-01,GILD,Healthcare,0.1419418364383362,1.864222504339902,0.0
2022-04-01,GS,Financials,0.0,0.2695908478426179,0.0
2022-04-01,INTC,Tech,0.0015319620817969,-0.6090838705325934,0.003763875729641118
2022-04-01,KO,Consumer,0.0890999818155347,-0.8986170719974964,0.14203522978734284
2022-04-01,MMM,Industrials,0.0,1.1904532521617046,0.0
2022-04-01,MRK,Healthcare,0.0506938350437537,0.623043627095955,0.12340276093866263
2022-04-01,MS,Financials,0.0,0.5257871014706933,0.0
2022-04-01,NEE,Utilities,0.0190158836160957,-1.6724221922580604,0.032643646942991045
2022-04-01,NEM,Materials,0.0350420383832001,2.2786086435292123,0.0
2022-04-01,NKE,Consumer,0.0136572765333027,0.005112663201270279,0.011408251514132708
2022-04-01,NUE,Materials,9.940325162381502e-21,1.4998893978299261,0.0
2022-04-01,NVDA,Tech,0.0,0.243587368690062,0.0
2022-04-01,O,RealEstate,0.0074235395612351,-0.5162284478657404,0.007245618481572493
2022-04-01,OXY,Energy,2.3681674413870317e-19,-0.29775810694437166,1.1709945138034599e-19
2022-04-01,PLD,RealEstate,0.0,-0.4808160195834191,0.0
2022-04-01,PSA,RealEstate,0.0494077609009218,-0.5590545950196714,0.04958568198058439
2022-04-01,QCOM,Tech,1.8318825605715663e-19,-0.2814231053085514,3.584253823832221e-19
2022-04-01,SBUX,Consumer,0.0,0.10755545027138537,0.0
2022-04-01,SHW,Materials,0.0078210442711719,-0.14645098065791032,0.04286308265437197
2022-04-01,SLB,Energy,6.285566265041032e-19,-0.20731765764865623,2.8914432015670504e-19
2022-04-01,SO,Utilities,0.0978218181126188,-0.3894358692995801,0.08730745494506431
2022-04-01,T,Comm,3.773425113143311e-18,0.4848412486334989,1.4699663514201214e-18
2022-04-01,TMUS,Comm,0.0144634278561005,-0.49398332776097154,0.016339831015954837
2022-04-01,TTWO,Comm,0.0334785656987219,-0.30587794861258577,0.033059783718802915
2022-04-01,UPS,Industrials,8.632617576008743e-18,1.399967305988019,8.632617576008743e-18
2022-04-01,USB,Financials,0.0,-0.6647119973566084,0.0
2022-04-01,V,Financials,5.728185683016135e-18,-0.6644603420679552,5.7407542433590946e-18
2022-04-01,WFC,Financials,4.124680226221089e-19,-0.6102085169692946,3.998994622791486e-19
2022-04-01,WMT,Consumer,0.11544353920473,0.1635036573002489,0.08108019048292399
2022-04-01,XOM,Energy,5.0472159271584184e-20,-1.7268217851905285,5.2439355302892156e-20
2022-05-02,ABBV,Healthcare,0.0186060455739928,-0.14828166849944344,0.05635184054659083
2022-05-02,ABT,Healthcare,3.4409036320224505e-18,-0.1267615988401667,1.0226102473927345e-17
2022-05-02,ADBE,Tech,0.016030835667908,-1.0493601919724205,0.016030835667908
2022-05-02,AEP,Utilities,0.0,2.4570470859704954,-0.0
2022-05-02,AMD,Tech,0.0,0.0032681838984258706,0.0
2022-05-02,AMGN,Healthcare,0.0096796417598785,2.420188681682426,0.0
2022-05-02,AMT,RealEstate,1.1559378087767886e-18,0.3365989885610393,9.181923142011616e-19
2022-05-02,BA,Industrials,3.2184527216628693e-18,-0.04290172992939759,3.499152288848834e-17
2022-05-02,CAT,Industrials,0.0423838118369628,0.9040759122769582,0.04238381183696276
2022-05-02,CCI,RealEstate,3.7374682719634554e-19,-0.3664395975961567,6.114923217719727e-19
2022-05-02,CMCSA,Comm,3.779371739069753e-18,-0.09113811292438541,2.205618461215817e-18
2022-05-02,COP,Energy,8.952082819726237e-19,-1.3837304487046505,1.1863756340257556e-18
2022-05-02,CVX,Energy,0.0645430706926345,-0.79870116889504,0.0645430706926345
2022-05-02,D,Utilities,1.3273040399648361e-18,-0.29585480245799534,1.1463152427658155e-18
2022-05-02,DD,Materials,0.0,2.1511227431023894,-0.0
2022-05-02,DIS,Consumer,0.0398485512104613,0.7716278688583447,0.008759761854176871
2022-05-02,DOW,Materials,0.0,-0.5449770025855595,0.0
2022-05-02,DUK,Utilities,0.087904461149449,-0.609667451950445,0.09430275642007971
2022-05-02,EA,Comm,0.093590518946711,-0.20304993492783494,0.06022080554526224
2022-05-02,GE,Industrials,0.0,0.6780446244709948,0.0
2022-05-02,GILD,Healthcare,0.1295879715317279,1.3869588338029624,0.0
2022-05-02,GS,Financials,1.9122130314281302e-17,-0.14961985778297518,1.8782372913903162e-17
2022-05-02,INTC,Tech,4.383275130931688e-19,-0.5955632213272889,3.4126712401600506e-19
2022-05-02,KO,Consumer,0.1106025637803453,-0.3274964315471827,0.14133027856431818
2022-05-02,MMM,Industrials,3.7597558930912795e-18,0.816542710104204,7.190630040785765e-18
2022-05-02,MRK,Healthcare,0.0550527682951627,-0.0782923356743884,0.15657458661417104
2022-05-02,MS,Financials,1.937315449651766e-18,-0.3756775649911705,2.277072850029905e-18
2022-05-02,NEE,Utilities,1.3491999891163493e-18,0.6981837304889952,2.7139152685584278e-19
2022-05-02,NEM,Materials,0.0483436442568325,-0.3343312246108044,0.05289597237674157
2022-05-02,NKE,Consumer,5.652760803883073e-19,-0.2746612610238435,6.93572802236219e-19
2022-05-02,NUE,Materials,0.0,-0.49391266517364024,0.0
2022-05-02,NVDA,Tech,0.0,-2.4194904482128843,0.0
2022-05-02,O,RealEstate,0.0,-0.5356427193708975,0.0
2022-05-02,OXY,Energy,6.098284977159069e-19,-0.8541264531605072,6.286197891341754e-19
2022-05-02,PLD,RealEstate,0.0,-0.5769358750782929,0.0
2022-05-02,PSA,RealEstate,0.0,-0.41117875983061486,0.0
2022-05-02,QCOM,Tech,0.0,-1.0027037914961547,0.0
2022-05-02,SBUX,Consumer,2.0801929968080133e-18,0.513654704417439,9.738341671954128e-19
2022-05-02,SHW,Materials,0.0686851393236062,-0.1386701165546184,0.06413281120369714
2022-05-02,SLB,Energy,0.0,0.9244776719277199,0.0
2022-05-02,SO,Utilities,0.0679014347460713,-0.359067495857152,0.0615031394754406
2022-05-02,T,Comm,3.3966856252573143e-19,0.19695881040709762,1.4588956394877112e-19
2022-05-02,TMUS,Comm,0.0,-0.11658448755395537,0.0
2022-05-02,TTWO,Comm,0.0389072115635772,-2.4732697138621957,0.07227692496502598
2022-05-02,UPS,Industrials,0.0,1.1793162246823612,-0.0
2022-05-02,USB,Financials,0.0,-0.34260899182711174,0.0
2022-05-02,V,Financials,0.0,0.5021740418801205,0.0
2022-05-02,WFC,Financials,0.0,-0.5152894470482221,0.0
2022-05-02,WMT,Consumer,0.1083323296646782,-0.04233770906457615,0.10869340423698977
2022-05-02,XOM,Energy,0.0,-0.22983170830070832,0.0
2022-06-01,ABBV,Healthcare,0.068008477856224,2.514157361516306,0.0
2022-06-01,ABT,Healthcare,0.0,0.3567648986668147,0.0
2022-06-01,ADBE,Tech,0.0050783241402852,-0.13694600935336657,0.0076493608314637
2022-06-01,AEP,Utilities,0.0,-0.18070747827312156,0.0
2022-06-01,AMD,Tech,0.0,2.1639604025633647,-0.0
2022-06-01,AMGN,Healthcare,0.0342089418325112,0.8926048146834551,0.011738897954076668
2022-06-01,AMT,RealEstate,0.0,-0.5393070615891361,0.0
2022-06-01,BA,Industrials,4.005341170513617e-18,0.8205812908758643,6.348703134397769e-19
2022-06-01,CAT,Industrials,0.0186936566039317,-0.13193691247224637,0.018693656603931706
2022-06-01,CCI,RealEstate,5.858276360951058e-19,-0.3956903193391061,4.591536602129626e-18
2022-06-01,CMCSA,Comm,4.441130697155782e-19,-1.1289593794287114,4.878925755981597e-19
2022-06-01,COP,Energy,1.6041653686073317e-18,0.3049972893184131,3.651704703261666e-18
2022-06-01,CVX,Energy,0.0354297561828774,0.6946907348319252,0.03542975618287738
2022-06-01,D,Utilities,0.0,-0.3396819688022746,0.0
2022-06-01,DD,Materials,5.757408694418542e-19,-0.27577617777095126,4.119813697716536e-19
2022-06-01,DIS,Consumer,0.0581305294994626,-1.1572507918368924,0.09983198685118894
2022-06-01,DOW,Materials,1.242897120389574e-18,2.2896387227882493,0.0
2022-06-01,DUK,Utilities,0.1622048093453385,-0.3141935426478086,0.16393809151169939
2022-06-01,EA,Comm,0.0920420823920132,-1.160175850915495,0.10259798289481041
2022-06-01,GE,Industrials,6.368975710976027e-19,-0.23727118375330594,6.961651334440936e-19
2022-06-01,GILD,Healthcare,0.1698056935503392,1.744502929162562,0.0
2022-06-01,GS,Financials,9.38729530551523e-19,-1.8983057184874792,1.70006505352497e-18
2022-06-01,INTC,Tech,0.0025710366911785,2.491085279222295,0.0
2022-06-01,KO,Consumer,1.3000418143271316e-18,1.1383238716010833,0.0
2022-06-01,MMM,Industrials,0.0,-0.008407465989545388,0.0
2022-06-01,MRK,Healthcare,0.0735058866545452,-0.4211779432370957,0.33379010193954295
2022-06-01,MS,Financials,0.0,-0.1597494485793866,0.0
2022-06-01,NEE,Utilities,0.0,-0.4616809968130694,0.0
2022-06-01,NEM,Materials,0.0633093319810299,-1.2795674732861746,0.08094615270986512
2022-06-01,NKE,Consumer,1.1542658851003044e-18,-0.2070796309746554,1.109191620614277e-18
2022-06-01,NUE,Materials,6.417066482546419e-20,-0.46377739413831753,5.268507517420378e-20
2022-06-01,NVDA,Tech,0.0,1.4166271043763201,-0.0
2022-06-01,O,RealEstate,0.0,-0.4764081435306436,0.0
2022-06-01,OXY,Energy,1.4137374674001652e-18,-1.3229708511255205,1.0756538705455583e-17
2022-06-01,PLD,RealEstate,1.656149842794504e-20,0.7394031846518906,2.4236386011540706e-20
2022-06-01,PSA,RealEstate,4.013383853618116e-18,1.9044292632180095,0.0
2022-06-01,QCOM,Tech,1.2871157655956224e-18,0.36920919663770113,1.075642246862037e-18
2022-06-01,SBUX,Consumer,0.0,0.016168590179112336,0.0
2022-06-01,SHW,Materials,0.0524213968695913,-0.18304726767621007,0.034784576140756085
2022-06-01,SLB,Energy,7.238346201143455e-19,0.9053057176823636,2.245035041129641e-19
2022-06-01,SO,Utilities,0.0529809693745257,-0.25775934061924016,0.05124768720816485
2022-06-01,T,Comm,4.477528018049472e-18,1.416318540369386,0.0
2022-06-01,TMUS,Comm,0.0,-0.38197837233753806,0.0
2022-06-01,TTWO,Comm,0.0262060272680403,-0.1573198204980789,0.015650126765243088
2022-06-01,UPS,Industrials,5.4189983003328216e-18,0.6573247605798282,1.6405123991656953e-18
2022-06-01,USB,Financials,4.969166971105332e-18,-0.4306733801677663,4.442270014277298e-18
2022-06-01,V,Financials,6.722066152094938e-19,-0.04222242306033029,4.377680490640802e-19
2022-06-01,WFC,Financials,0.0,-0.33808041702104336,0.0
2022-06-01,WMT,Consumer,0.0854030797581052,0.35722462636961216,0.043701622406378864
2022-06-01,XOM,Energy,0.0,1.008145094730233,-0.0
2022-07-01,ABBV,Healthcare,0.0439436296387132,0.647137687861941,0.01177626171121264
2022-07-01,ABT,Healthcare,8.417006403505936e-19,0.7093513677397959,1.8579421550385472e-19
2022-07-01,ADBE,Tech,8.006160820738988e-18,0.06604555065472197,7.905121217844679e-18
2022-07-01,AEP,Utilities,3.942000466016266e-18,-0.49327972361777556,4.204441484103273e-18
2022-07-01,AMD,Tech,2.1264382657874933e-21,-1.1509416931590861,4.835483944392343e-21
2022-07-01,AMGN,Healthcare,0.0701519475782552,-0.44859518396290715,0.07717791060256662
2022-07-01,AMT,RealEstate,0.0,-0.5952589879354392,0.0
2022-07-01,BA,Industrials,8.922738119220034e-19,-0.4413478516957745,8.905916748202929e-18
2022-07-01,CAT,Industrials,0.0090294956034617,1.140144053474289,0.0
2022-07-01,CCI,RealEstate,0.0,1.111027239225959,-0.0
2022-07-01,CMCSA,Comm,0.0,1.3100673304697592,-0.0
2022-07-01,COP,Energy,1.1484511675576336e-18,-3.908145164165388,5.019995986121798e-18
2022-07-01,CVX,Energy,0.0467070170208513,-0.1228624604305272,0.04670701702085131
2022-07-01,D,Utilities,4.562576216348966e-18,-0.4379460432338751,4.686009832129502e-18
2022-07-01,DD,Materials,6.2574340311975295e-19,-0.08149600993421256,5.585015358900374e-19
2022-07-01,DIS,Consumer,0.0520605146188849,0.15565296000859932,0.1931280092638481
2022-07-01,DOW,Materials,0.0,-0.2499206516580749,0.0
2022-07-01,DUK,Utilities,0.1773443002175938,-0.4369580336105444,0.18201693326112248
2022-07-01,EA,Comm,0.0917372552868082,1.0546760323083457,0.0
2022-07-01,GE,Industrials,0.0,-0.10285532777613343,0.0
2022-07-01,GILD,Healthcare,0.1756576326546372,-0.27180833668535886,0.16966604655874165
2022-07-01,GS,Financials,0.0,-0.013750970972476684,0.0
2022-07-01,INTC,Tech,0.0,0.23116556784945766,0.0
2022-07-01,KO,Consumer,0.0306621452895166,2.0983008732011195,0.0
2022-07-01,MMM,Industrials,0.0015015848683308,-0.8563968045899575,0.01930333619586669
2022-07-01,MRK,Healthcare,0.0606487391304336,-0.9926371194465521,0.09178173012951829
2022-07-01,MS,Financials,4.311690611515254e-18,0.8223723213307148,1.2541228832975554e-18
2022-07-01,NEE,Utilities,5.6389619672326355e-19,1.3429381057718892,0.0
2022-07-01,NEM,Materials,0.0620065717502308,-0.22223378653951292,0.06254537142301618
2022-07-01,NKE,Consumer,4.369255305468763e-19,0.0016804714381734498,1.9164293380649286e-18
2022-07-01,NUE,Materials,0.0,1.578902075330531,-0.0
2022-07-01,NVDA,Tech,0.0,-1.8670131165480264,0.0
2022-07-01,O,RealEstate,0.0,-0.4687865441024324,0.0
2022-07-01,OXY,Energy,0.0,-1.096802396588803,0.0
2022-07-01,PLD,RealEstate,8.875767842053328e-19,-0.415156062881334,8.875767842053328e-19
2022-07-01,PSA,RealEstate,0.0,-0.30048520333527634,0.0
2022-07-01,QCOM,Tech,2.126235247492379e-19,-0.3833319894502904,3.109540819649414e-19
2022-07-01,SBUX,Consumer,0.0,0.6685391746088942,0.0
2022-07-01,SHW,Materials,0.0275505984399974,-0.18800781713164122,0.02701179876721202
2022-07-01,SLB,Energy,9.2862064600118e-20,-0.3582402041017466,1.1232808471254223e-19
2022-07-01,SO,Utilities,0.0046726330435287,1.1830326106573053,0.0
2022-07-01,T,Comm,3.5499465176071754e-18,-1.7615397116914555,1.3015421688704712e-16
2022-07-01,TMUS,Comm,3.0256073620708204e-19,0.7348424863203525,1.0651276203860373e-18
2022-07-01,TTWO,Comm,0.0271483297792353,0.6701618067110139,0.11888558506604338
2022-07-01,UPS,Industrials,0.0087722557240742,2.3189012261010267,0.0
2022-07-01,USB,Financials,0.0,-0.35028876844683976,0.0
2022-07-01,V,Financials,2.1854520090471946e-18,-0.46506993653925643,5.243019737264893e-18
2022-07-01,WFC,Financials,0.0,-0.6070934985436387,0.0
2022-07-01,WMT,Consumer,0.1104053493554466,1.0722425211287114,0.0
2022-07-01,XOM,Energy,4.4879853817985415e-18,1.2748699636081366,0.0
2022-08-01,ABBV,Healthcare,0.0552761924078318,0.056601528327948646,0.06700805969051431
2022-08-01,ABT,Healthcare,0.0,-0.4847123931218768,0.0
2022-08-01,ADBE,Tech,5.142195213118321e-19,0.7277569717154039,1.1203814289563561e-18
2022-08-01,AEP,Utilities,8.945068727301976e-19,0.7860927323254744,1.6610666004779848e-19
2022-08-01,AMD,Tech,0.0,0.7426712913558803,0.0
2022-08-01,AMGN,Healthcare,0.0730429842098466,1.7365192386571455,0.0
2022-08-01,AMT,RealEstate,2.92223186592075e-19,-0.25263427987913767,3.167489278084443e-19
2022-08-01,BA,Industrials,0.0,-0.4729697557737009,0.0
2022-08-01,CAT,Industrials,1.0237492250299238e-17,-0.40692828220437477,1.2054848801782459e-17
2022-08-01,CCI,RealEstate,1.7364428525002167e-18,-0.13932086065844962,1.711917111283847e-18
2022-08-01,CMCSA,Comm,0.0,-0.08184474297518675,0.0
2022-08-01,COP,Energy,2.4992030195832964e-19,1.5868787540953184,0.0
2022-08-01,CVX,Energy,0.048349011527794,2.154075801391941,0.0
2022-08-01,D,Utilities,6.440645108090321e-18,-0.35379960408399336,7.56940209237973e-18
2022-08-01,DD,Materials,1.6945479089377574e-19,-0.15248578718564249,1.7871881396845157e-19
2022-08-01,DIS,Consumer,0.0513974119336378,-0.2859474791665162,0.1364485371568174
2022-08-01,DOW,Materials,0.0,-0.10801149934716184,0.0
2022-08-01,DUK,Utilities,0.1602734289291465,-0.17829057792884903,0.16394257688216204
2022-08-01,EA,Comm,0.0954094231023301,-0.46727362638032477,0.1227596772175453
2022-08-01,GE,Industrials,0.0,-0.16784986482277542,0.0
2022-08-01,GILD,Healthcare,0.1706496376332664,-0.3382332998457605,0.29344786704229847
2022-08-01,GS,Financials,1.4616840317457904e-18,0.8572434499604078,2.972659654282091e-19
2022-08-01,INTC,Tech,2.246231582132125e-18,0.7948413520467713,3.688119057624853e-18
2022-08-01,KO,Consumer,0.0295437633716657,0.13497555253623925,0.052759248332171285
2022-08-01,MMM,Industrials,0.0320452711754902,-0.1948235620893382,0.0320452711754902
2022-08-01,MRK,Healthcare,0.061487112481868,2.2084191640241735,0.0
2022-08-01,MS,Financials,0.0,-1.1790343411723605,0.0
2022-08-01,NEE,Utilities,0.0,0.31962335586008894,0.0
2022-08-01,NEM,Materials,0.0592757623364459,-0.05476205688446942,0.05721534092460231
2022-08-01,NKE,Consumer,0.0,1.2921222480765815,-0.0
2022-08-01,NUE,Materials,1.1610496761710376e-19,-0.5686926704056418,1.6667463493051432e-19
2022-08-01,NVDA,Tech,0.0,2.29419583666326,-0.0
2022-08-01,O,RealEstate,0.0,-0.3785831602676912,0.0
2022-08-01,OXY,Energy,4.056293704919084e-19,0.14826659957848592,0.048349011527794
2022-08-01,PLD,RealEstate,0.0,1.7631512382326702,-0.0
2022-08-01,PSA,RealEstate,0.0,-0.2724459734709429,0.0
2022-08-01,QCOM,Tech,2.0480493831372514e-18,1.1159075361502067,0.0
2022-08-01,SBUX,Consumer,6.821199631430719e-18,-0.2150177418359917,1.7109912203373024e-17
2022-08-01,SHW,Materials,0.02236005517065,-0.1934395359158917,0.024420476582493595
2022-08-01,SLB,Energy,1.931504315864647e-18,1.542440558963292,0.0
2022-08-01,SO,Utilities,0.0052730814211258,0.649616175662976,0.0016039334681102284
2022-08-01,T,Comm,2.6081876784521208e-18,-0.32717920492851194,3.0354407755288425e-18
2022-08-01,TMUS,Comm,5.669070259552702e-18,-0.20699194677307756,6.000253079265809e-18
2022-08-01,TTWO,Comm,0.0273502541152152,3.838537521780092,0.0
2022-08-01,UPS,Industrials,9.353544089875708e-19,-0.5490127097182887,1.2126274653298574e-18
2022-08-01,USB,Financials,0.0,-0.46824682094939535,0.0
2022-08-01,V,Financials,0.0,-0.2641136533223357,0.0
2022-08-01,WFC,Financials,2.1465169591152177e-18,-0.08273129993802517,3.310935025432799e-18
2022-08-01,WMT,Consumer,0.1082666101836852,1.2317151480106727,0.0
2022-08-01,XOM,Energy,0.0,0.953434802700571,0.0
2022-09-01,ABBV,Healthcare,0.0537369008691361,-0.5924849848127244,0.029294239546006868
2022-09-01,ABT,Healthcare,0.0,-1.827630265980689,0.0
2022-09-01,ADBE,Tech,3.790036146503667e-19,-0.23797208848077026,3.32191301275358e-19
2022-09-01,AEP,Utilities,0.0,-0.5287452681489422,0.0
2022-09-01,AMD,Tech,0.0,0.8225817822301991,0.0
2022-09-01,AMGN,Healthcare,0.1337225596439812,-0.39301781753082765,0.06376694614242638
2022-09-01,AMT,RealEstate,3.5999808434700684e-19,-0.4433010471375565,3.911359136854589e-19
2022-09-01,BA,Industrials,6.919835413275134e-19,-0.5528674754007783,0.0033017187512519672
2022-09-01,CAT,Industrials,0.0,-0.2027844972995793,0.0
2022-09-01,CCI,RealEstate,3.611261755704997e-18,1.8545500925277514,0.0
2022-09-01,CMCSA,Comm,4.349612997767335e-19,0.7431023011500882,9.338260854375655e-20
2022-09-01,COP,Energy,1.9252756094388464e-18,1.6625444489591705,0.0
2022-09-01,CVX,Energy,0.0740500707859507,0.542524233644551,0.0740500707859507
2022-09-01,D,Utilities,0.0,-0.5049579820037187,0.0
2022-09-01,DD,Materials,6.568211094490672e-19,-0.0515500766430362,1.8699157256936914e-19
2022-09-01,DIS,Consumer,0.0296801043432055,-1.093193383408099,0.03178424083734474
2022-09-01,DOW,Materials,0.0,-0.10926284091697312,0.0
2022-09-01,DUK,Utilities,0.1103505230624852,-0.2419402083572535,0.10518922795279562
2022-09-01,EA,Comm,0.1013276088801728,-0.31772954326204683,0.11158588099054921
2022-09-01,GE,Industrials,3.5860392783626653e-19,-0.3387263689565335,0.001475084084988734
2022-09-01,GILD,Healthcare,0.1414246305282089,-3.350925112147653,0.21064003947084678
2022-09-01,GS,Financials,1.8843782340306473e-18,2.529772581934481,0.0
2022-09-01,INTC,Tech,0.0,0.37256884729327505,0.0
2022-09-01,KO,Consumer,0.0336507222886412,-0.534742048890236,0.02642207060287927
2022-09-01,MMM,Industrials,0.0,-0.5337700561252161,0.0
2022-09-01,MRK,Healthcare,0.0648949261307001,-3.054830676381364,0.09007779201274622
2022-09-01,MS,Financials,5.590838866819885e-20,1.1267703218977987,0.0
2022-09-01,NEE,Utilities,0.0,0.5060471336038621,0.0
2022-09-01,NEM,Materials,0.0591852001311056,-3.8366616144187358,0.07750037378437308
2022-09-01,NKE,Consumer,1.3497575544252773e-18,0.05973011805755967,6.492999333684873e-19
2022-09-01,NUE,Materials,1.2728901245209708e-18,-0.671923548063438,5.761722056957904e-19
2022-09-01,NVDA,Tech,0.0,-0.3309497374440795,0.0
2022-09-01,O,RealEstate,0.0181232253325987,-0.32840169855480544,0.018123225332598702
2022-09-01,OXY,Energy,1.1078607841660034e-18,0.7779183681179589,5.378110687824705e-19
2022-09-01,PLD,RealEstate,0.0,-0.5275838000998426,0.0
2022-09-01,PSA,RealEstate,0.0,-0.2210602637843835,0.0
2022-09-01,QCOM,Tech,4.292233460527421e-19,-0.5664700648665091,4.760356594277509e-19
2022-09-01,SBUX,Consumer,1.2770544698531256e-18,0.7228715035428089,1.8106215005876706e-19
2022-09-01,SHW,Materials,0.0256871615177666,-0.06004309772913846,0.007371987864499104
2022-09-01,SLB,Energy,5.3113304021584617e-20,-0.38701454154142023,1.6103350263587312e-19
2022-09-01,SO,Utilities,0.0382877325310876,-0.4785098784730351,0.04344902764077718
2022-09-01,T,Comm,0.0,1.0854271735949983,-0.0
2022-09-01,TMUS,Comm,0.0,1.0262744328653826,-0.0
2022-09-01,TTWO,Comm,0.0122056426325629,0.809088200114471,0.0019473705221864685
2022-09-01,UPS,Industrials,0.0047768028362407,1.543685787716661,0.0
2022-09-01,USB,Financials,1.3259961584286038e-18,-0.3574677338956562,2.309742614776201e-18
2022-09-01,V,Financials,0.0,-0.31874125741650405,0.0
2022-09-01,WFC,Financials,1.5475092673797692e-18,-0.2610079771908167,2.5040494337310186e-18
2022-09-01,WMT,Consumer,0.0988961884861558,-1.055905589336611,0.10402070367777853
2022-09-01,XOM,Energy,1.0105554914667626e-18,0.45546258517521815,1.2028730597999322e-18
2022-10-03,ABBV,Healthcare,0.0733522048435119,-0.6058125018378474,0.0817201853303035
2022-10-03,ABT,Healthcare,6.898659141957297e-19,-0.33962505906165935,6.411642304739692e-19
2022-10-03,ADBE,Tech,0.0,1.281595171594082,-0.0
2022-10-03,AEP,Utilities,0.0,-0.5987344734236679,0.0
2022-10-03,AMD,Tech,0.0,-0.6391855628534377,0.0
2022-10-03,AMGN,Healthcare,0.1643087693575159,-0.4438478022357177,0.1645900187171491
2022-10-03,AMT,RealEstate,0.0,-0.5580195142668168,0.0
2022-10-03,BA,Industrials,1.2256466206712412e-18,-0.24573960028204886,3.349767982419968e-17
2022-10-03,CAT,Industrials,0.0,-0.19304355391347597,0.0
2022-10-03,CCI,RealEstate,0.0,-0.3436627956995944,0.0
2022-10-03,CMCSA,Comm,2.453594475952553e-18,0.0803009884268712,2.144507397950947e-18
2022-10-03,COP,Energy,3.659854736059943e-18,1.0847251013116639,0.0
2022-10-03,CVX,Energy,0.0780074569370769,-0.1335856202814064,0.0780074569370769
2022-10-03,D,Utilities,0.0,-0.3092513302127718,0.0
2022-10-03,DD,Materials,0.0,2.7551152559133487,-0.0
2022-10-03,DIS,Consumer,0.0,-0.14024290233714734,0.0
2022-10-03,DOW,Materials,2.6600653475123896e-19,-0.03648332547129376,2.538926090067769e-19
2022-10-03,DUK,Utilities,0.0562537150757434,-0.3352880585881217,0.056253715075743393
2022-10-03,EA,Comm,0.0943018245548799,-0.055649977185021335,0.09460608744424208
2022-10-03,GE,Industrials,2.470679046971051e-19,-0.4496045748423655,7.857566548105384e-18
2022-10-03,GILD,Healthcare,0.0971620833888753,-0.18469029157737193,0.07985883744987801
2022-10-03,GS,Financials,0.0,-0.2373229671009517,0.0
2022-10-03,INTC,Tech,4.726002103790808e-19,0.37327347896720514,1.4882488847246021e-19
2022-10-03,KO,Consumer,0.0643115273395396,0.8164888694098215,0.0186585614148875
2022-10-03,MMM,Industrials,0.0206830677014548,2.4337680332936804,0.0
2022-10-03,MRK,Healthcare,0.0789670148181063,-0.5993418524319257,0.08762103091067884
2022-10-03,MS,Financials,8.901843927919538e-19,-0.03364069552287019,9.564238458385474e-19
2022-10-03,NEE,Utilities,5.19438789372145e-18,-0.7674843057394775,6.875669276772693e-18
2022-10-03,NEM,Materials,0.0554072712950909,-0.09237138820648673,0.05573557833698511
2022-10-03,NKE,Consumer,3.261952941285015e-19,-0.725928093799601,8.900764513599516e-19
2022-10-03,NUE,Materials,0.0,-0.17568742232910173,0.0
2022-10-03,NVDA,Tech,0.0,-0.3917879333981436,0.0
2022-10-03,O,RealEstate,0.0736873357085774,0.4895726051233472,0.0736873357085774
2022-10-03,OXY,Energy,1.0492381346264093e-19,0.7450640793979582,2.35966728049488e-20
2022-10-03,PLD,RealEstate,3.3685768563483417e-19,1.8610659884084348,0.0
2022-10-03,PSA,RealEstate,2.463282268905658e-18,-0.2553852148200491,6.0583898343854225e-18
2022-10-03,QCOM,Tech,4.097251453031e-19,-2.562904607244266,7.335004672097208e-19
2022-10-03,SBUX,Consumer,1.5586111113605286e-18,0.651405051754624,8.589853931888218e-19
2022-10-03,SHW,Materials,0.0136708694480582,-0.05985797926301614,0.013342562406163981
2022-10-03,SLB,Energy,5.498801483127752e-19,-0.389952182538708,6.742385388518914e-19
2022-10-03,SO,Utilities,0.0,-0.39566051366853394,0.0
2022-10-03,T,Comm,0.0,-0.5638507837727535,0.0
2022-10-03,TMUS,Comm,2.918829407817489e-19,-0.21233969060226682,3.3628855007311493e-19
2022-10-03,TTWO,Comm,0.0136185698912797,-0.028745666730722264,0.013314307001917509
2022-10-03,UPS,Industrials,0.0006682589652316,-0.45632359681582135,0.02135132666668636
2022-10-03,USB,Financials,6.011553074442797e-19,-0.3238928356268802,8.272567850597589e-19
2022-10-03,V,Financials,0.0,0.4598756006536466,0.0
2022-10-03,WFC,Financials,2.923409306620728e-19,2.6899322034398017,0.0
2022-10-03,WMT,Consumer,0.1156000306750574,0.11768650271671072,0.16125299659970949
2022-10-03,XOM,Energy,0.0,-0.8188589349703812,0.0
2022-11-01,ABBV,Healthcare,0.0894148988844257,-0.6890476741085441,0.1649825996073655
2022-11-01,ABT,Healthcare,0.0,-0.21738982852068456,0.0
2022-11-01,ADBE,Tech,0.0,0.7999553371032206,0.0
2022-11-01,AEP,Utilities,4.7302496068868795e-18,2.0459993484974266,0.0
2022-11-01,AMD,Tech,0.0,-0.3262727572279451,0.0
2022-11-01,AMGN,Healthcare,0.1759566965406699,0.9456148833378342,0.010453752389913659
2022-11-01,AMT,RealEstate,0.0,0.6553218813710198,0.0
2022-11-01,BA,Industrials,5.731953708424337e-19,0.0,3.7163589892001786e-19
2022-11-01,CAT,Industrials,9.301658692487046e-19,0.5209849854790569,2.888846797471004e-19
2022-11-01,CCI,RealEstate,0.0,-0.27998987894950605,0.0
2022-11-01,CMCSA,Comm,0.0,-0.02893250459388779,0.0
2022-11-01,COP,Energy,5.785045104799649e-19,0.9375711682571561,1.7506853524950405e-20
2022-11-01,CVX,Energy,0.0715141054235115,-1.0629269957482144,0.0715141054235115
2022-11-01,D,Utilities,0.0,1.7249329361934558,-0.0
2022-11-01,DD,Materials,2.5312132635266363e-19,-0.22092904751816414,3.3082299804054847e-19
2022-11-01,DIS,Consumer,0.0,0.7960488544148967,0.0
2022-11-01,DOW,Materials,0.0,0.13589648243320754,0.0
2022-11-01,DUK,Utilities,0.0175044966972303,-0.04335720224482059,0.018482960324799402
2022-11-01,EA,Comm,0.1058876464585896,0.3111994504691413,0.1253479053466155
2022-11-01,GE,Industrials,3.78459061290916e-19,0.6480210690469994,8.636754208403696e-20
2022-11-01,GILD,Healthcare,0.0388013285756585,-0.2374414990525421,0.05245146437005082
2022-11-01,GS,Financials,9.84230265982152e-19,0.19976508594579476,2.87982667144137e-18
2022-11-01,INTC,Tech,1.2254130174602238e-19,-0.01756793650458026,1.5982749801423735e-19
2022-11-01,KO,Consumer,0.0816676460409147,-0.5128147133003425,0.11980393982982367
2022-11-01,MMM,Industrials,4.397342804052941e-19,1.3976474950673172,0.0
2022-11-01,MRK,Healthcare,0.1337705908524708,-0.4374325587521583,0.21005569848589492
2022-11-01,MS,Financials,0.0,-0.08926630977503872,0.0
2022-11-01,NEE,Utilities,0.0,0.17358924711277388,0.0
2022-11-01,NEM,Materials,0.0553173467051857,0.06583526018220466,0.0553173467051857
2022-11-01,NKE,Consumer,4.155497698268214e-19,-1.0877245535898892,8.412625727572342e-19
2022-11-01,NUE,Materials,0.0,-0.10903305012970105,0.0
2022-11-01,NVDA,Tech,0.0,-0.7784561130747282,0.0
2022-11-01,O,RealEstate,0.0835763653012676,0.72302554481275,0.0835763653012676
2022-11-01,OXY,Energy,2.253187103729434e-19,-0.06025462008834365,1.1580400283559932e-19
2022-11-01,PLD,RealEstate,2.674201935366012e-20,2.147349991123284,0.0
2022-11-01,PSA,RealEstate,0.0,-0.1866764478123922,0.0
2022-11-01,QCOM,Tech,5.175942093035949e-19,0.2760229061178021,4.8030801303538e-19
2022-11-01,SBUX,Consumer,0.0,-0.39388775845324936,0.0
2022-11-01,SHW,Materials,7.057935163477141e-18,-0.03415485509122343,7.813394795496768e-18
2022-11-01,SLB,Energy,6.198616511124295e-19,-0.26797899074105436,3.809982381327816e-19
2022-11-01,SO,Utilities,0.0009784636275691,3.157032541808028,0.0
2022-11-01,T,Comm,2.9201052137605232e-18,-0.6738789062543027,8.400416839839294e-18
2022-11-01,TMUS,Comm,0.0,-0.5019632807519662,0.0
2022-11-01,TTWO,Comm,0.0194602588880259,3.168868188082385,0.0
2022-11-01,UPS,Industrials,0.0156874486200543,-0.5423573785744387,0.015687448620054303
2022-11-01,USB,Financials,0.0,1.7349299692185554,-0.0
2022-11-01,V,Financials,1.895596405459218e-18,1.148413448951263,0.0
2022-11-01,WFC,Financials,0.0,0.12272182268627102,0.0
2022-11-01,WMT,Consumer,0.1104627073844261,0.3247790255180782,0.07232641359551713
2022-11-01,XOM,Energy,0.0,0.1142298976991369,0.0
2022-12-01,ABBV,Healthcare,0.074238237008077,0.6679914272736267,0.0389134139098403
2022-12-01,ABT,Healthcare,0.0,-0.20084649453587147,0.0
2022-12-01,ADBE,Tech,0.0,0.06505731645706003,0.0
2022-12-01,AEP,Utilities,0.0,1.2152736506075639,-0.0
2022-12-01,AMD,Tech,1.0617691164300037e-18,0.9842787428967851,3.0903890549553294e-20
2022-12-01,AMGN,Healthcare,0.1770598949071761,0.2681365925570334,0.20458445028323222
2022-12-01,AMT,RealEstate,0.0,-0.4220447622236908,0.0
2022-12-01,BA,Industrials,0.0,0.0,0.0
2022-12-01,CAT,Industrials,0.0,2.9547338905258163,-0.0
2022-12-01,CCI,RealEstate,0.0,-0.19215808890867894,0.0
2022-12-01,CMCSA,Comm,1.864510815783084e-19,0.7640696149995994,4.3217336766721536e-20
2022-12-01,COP,Energy,0.0,0.09366670491617318,0.0
2022-12-01,CVX,Energy,0.0623144080479255,-0.8366154375066328,0.07301578225805377
2022-12-01,D,Utilities,0.0045907620089267,-0.1316493510977414,0.004203461293995706
2022-12-01,DD,Materials,5.755015920063707e-19,-0.05518086426281051,6.216235001666403e-19
2022-12-01,DIS,Consumer,1.0285720743847096e-19,0.5086690703282767,6.68609238280283e-20
2022-12-01,DOW,Materials,0.0,0.1685292826408448,0.0
2022-12-01,DUK,Utilities,0.0183332779198888,-0.2620273043044266,0.01872057863481979
2022-12-01,EA,Comm,0.1087060899286322,0.03445464094867296,0.10311830660105147
2022-12-01,GE,Industrials,8.920893042237415e-19,-1.5562649421208565,1.6843557005860455e-18
2022-12-01,GILD,Healthcare,0.0313377591592705,0.3591135826643236,0.03170818562919043
2022-12-01,GS,Financials,0.0,-0.31545830550110493,0.0
2022-12-01,INTC,Tech,0.0,-0.3768007725400968,0.0
2022-12-01,KO,Consumer,0.0987465335062544,-0.3373128131627174,0.17471025762994327
2022-12-01,MMM,Industrials,0.0,0.2452517899462157,0.0
2022-12-01,MRK,Healthcare,0.2,0.34307036599487956,0.2074298412522607
2022-12-01,MS,Financials,6.481438154145032e-19,0.031141159017449693,4.711962947505636e-19
2022-12-01,NEE,Utilities,0.0,0.5178256928869113,0.0
2022-12-01,NEM,Materials,0.016117118695217,0.023109217918698136,0.016117118695217
2022-12-01,NKE,Consumer,0.0,1.2666057618258013,-0.0
2022-12-01,NUE,Materials,0.0,-0.14713605648416037,0.0
2022-12-01,NVDA,Tech,2.117172168708862e-18,0.19686619143649242,3.1480373945893127e-18
2022-12-01,O,RealEstate,0.0446946032970883,-0.3980594095499153,0.0446946032970883
2022-12-01,OXY,Energy,4.711139294383543e-19,1.9677770582588932,0.0
2022-12-01,PLD,RealEstate,1.5341402782425013e-18,-0.26951872149884615,1.3930880128057732e-18
2022-12-01,PSA,RealEstate,0.0,-1.8044128940148232,0.0
2022-12-01,QCOM,Tech,0.0,-0.3350249817698713,0.0
2022-12-01,SBUX,Consumer,1.4816242355127345e-18,-0.6801683123557323,3.2934752399344634e-18
2022-12-01,SHW,Materials,0.0,-0.062937746719147,0.0
2022-12-01,SLB,Energy,0.0,-0.42531201724572,0.0
2022-12-01,SO,Utilities,0.0,-0.33715672513568157,0.0
2022-12-01,T,Comm,2.054068214138417e-18,-0.5037192867916988,3.034525903509706e-18
2022-12-01,TMUS,Comm,3.1179415958898178e-18,2.2872199243307594,0.0
2022-12-01,TTWO,Comm,0.0343406504822874,-0.18348985943650362,0.03992843380986812
2022-12-01,UPS,Industrials,3.035082660777122e-18,-0.00046882136483070093,2.2428162644148175e-18
2022-12-01,USB,Financials,0.0,-1.3656037845814903,0.0
2022-12-01,V,Financials,0.0,0.40998120320696,0.0
2022-12-01,WFC,Financials,6.983919820579089e-19,-0.6703493192815387,8.753395027218485e-19
2022-12-01,WMT,Consumer,0.1133944055986723,0.7504988420651758,0.037430681474983435
2022-12-01,XOM,Energy,0.0161262594405834,0.4727132308849114,0.005424885230455104
2023-01-03,ABBV,Healthcare,0.083704594812383,-0.7278150163078435,0.12832865929524595
2023-01-03,ABT,Healthcare,0.0,-0.37057369920037586,0.0
2023-01-03,ADBE,Tech,1.2645311073501094e-19,-2.8035108344420783,2.732885801596185e-19
2023-01-03,AEP,Utilities,0.0,-0.5397153225740571,0.0
2023-01-03,AMD,Tech,0.0,-1.0600286839971433,0.0
2023-01-03,AMGN,Healthcare,0.1788034585709559,-0.4181360738328312,0.22499399858186955
2023-01-03,AMT,RealEstate,1.8873681583033705e-18,-0.43250878152995254,1.4675690693467472e-18
2023-01-03,BA,Industrials,8.297022151928938e-19,0.0,8.627138493811447e-19
2023-01-03,CAT,Industrials,1.2142551732463462e-18,0.38612385494193924,7.750598500783421e-19
2023-01-03,CCI,RealEstate,6.785068341080011e-19,-0.29493465447065037,4.769212932580168e-19
2023-01-03,CMCSA,Comm,0.0,1.89354292735259,-0.0
2023-01-03,COP,Energy,1.4424080262735106e-19,1.4374304066271355,0.0
2023-01-03,CVX,Energy,0.0527599004829809,0.210997531655329,0.0624405918538822
2023-01-03,D,Utilities,0.0149014196562809,-0.2738528774440696,0.0372634698468585
2023-01-03,DD,Materials,0.0,-0.2208514911056487,0.0
2023-01-03,DIS,Consumer,0.0,1.5730946548471034,-0.0
2023-01-03,DOW,Materials,0.0,-0.1597830016247301,0.0
2023-01-03,DUK,Utilities,0.0223620501905776,1.8060669156127585,0.0
2023-01-03,EA,Comm,0.1070165671642941,-0.11380712414591049,0.10362781140991273
2023-01-03,GE,Industrials,0.0,-0.3628245921935207,0.0
2023-01-03,GILD,Healthcare,0.0120520655627786,-0.40409319785424425,0.015015318039549317
2023-01-03,GS,Financials,9.537295960632413e-19,0.9034573836772078,7.161510208923245e-19
2023-01-03,INTC,Tech,2.8844816189739583e-19,0.13597343552131747,1.4161269247278829e-19
2023-01-03,KO,Consumer,0.0946510027662561,-0.41639323382899784,0.11930066439206545
2023-01-03,MMM,Industrials,1.1076575362859488e-18,-0.31440832415808156,1.5138412252657022e-18
2023-01-03,MRK,Healthcare,0.2,0.40143964431886264,0.10622214302945271
2023-01-03,MS,Financials,0.0,-0.2170129270867435,0.0
2023-01-03,NEE,Utilities,0.0,1.3908810860838667,-0.0
2023-01-03,NEM,Materials,0.0154187044126385,-0.97077852136086,0.015418704412638498
2023-01-03,NKE,Consumer,0.0,0.3802518286773902,0.0
2023-01-03,NUE,Materials,2.8887167837102284e-19,-0.17853521807679587,1.7274667994154884e-19
2023-01-03,NVDA,Tech,0.0,-1.4694300316773263,0.0
2023-01-03,O,RealEstate,0.0627047695262962,-0.842278852301695,0.0627047695262962
2023-01-03,OXY,Energy,0.0,2.1928068172293367,-0.0
2023-01-03,PLD,RealEstate,0.0,-0.4181217735244753,0.0
2023-01-03,PSA,RealEstate,0.0,-0.34497106425135265,0.0
2023-01-03,QCOM,Tech,0.0,-0.09895794046864125,0.0
2023-01-03,SBUX,Consumer,0.0,-0.38319768072086485,0.0
2023-01-03,SHW,Materials,0.0,-0.24967802826605381,0.0
2023-01-03,SLB,Energy,0.0,0.5647953381053851,0.0
2023-01-03,SO,Utilities,1.8405135114830296e-19,-0.3518325002819969,4.884254304038029e-19
2023-01-03,T,Comm,0.005188409810672,-0.5887461392506023,0.007166450393371729
2023-01-03,TMUS,Comm,9.93943363117059e-19,-1.4466889328515395,2.1142469589953083e-18
2023-01-03,TTWO,Comm,0.0337577001666773,-0.19829743405383368,0.035168415338358947
2023-01-03,UPS,Industrials,0.0,0.33895763769929105,0.0
2023-01-03,USB,Financials,0.0,-0.24252345562951158,0.0
2023-01-03,V,Financials,0.0,-0.5995045146578196,0.0
2023-01-03,WFC,Financials,1.969697622056817e-20,-0.6793401280534132,2.572755513914849e-19
2023-01-03,WMT,Consumer,0.1069986655063069,0.13513924681359363,0.08234900388049755
2023-01-03,XOM,Energy,0.0096806913709013,1.7228560567742566,0.0
2023-02-01,ABBV,Healthcare,0.065082490113261,0.07349473783522689,0.04003240600247319
2023-02-01,ABT,Healthcare,0.0,-0.36736262491519933,0.0
2023-02-01,ADBE,Tech,0.0,-0.4979726155167263,0.0
2023-02-01,AEP,Utilities,1.914224894013249e-18,-0.4305980779603342,1.3099007350674247e-18
2023-02-01,AMD,Tech,0.0,-0.8359808831023818,0.0
2023-02-01,AMGN,Healthcare,0.1834410988113413,-1.6186135061651337,0.3189096698331097
2023-02-01,AMT,RealEstate,0.0,1.7876925543880227,-0.0
2023-02-01,BA,Industrials,3.951589164159281e-20,0.0,2.8378695803198746e-20
2023-02-01,CAT,Industrials,1.2421463593003865e-18,-0.404934002331243,1.2532835551387806e-18
2023-02-01,CCI,RealEstate,0.0,1.2896492596350113,-0.0
2023-02-01,CMCSA,Comm,0.0,-0.5086484627908976,0.0
2023-02-01,COP,Energy,3.8025147739800074e-19,-0.47878794091939436,7.062874278283933e-18
2023-02-01,CVX,Energy,0.0508592777085887,1.811650226341858,0.0
2023-02-01,D,Utilities,0.029781265007285,-1.3327837084933594,0.03323115251423361
2023-02-01,DD,Materials,2.5497989759940546e-19,-3.7385540531461112,1.0349410816231802e-18
2023-02-01,DIS,Consumer,3.095242263022668e-19,0.4880607253827014,1.037877881042213e-19
2023-02-01,DOW,Materials,0.0,0.43277397413666163,0.0
2023-02-01,DUK,Utilities,0.0127178960806145,-0.5235031835764193,0.009268008573665892
2023-02-01,EA,Comm,0.1343942439746948,-0.8872526578743798,0.1456877957998753
2023-02-01,GE,Industrials,0.0,1.2160594953929116,-0.0
2023-02-01,GILD,Healthcare,0.0,0.24725386671221983,0.0
2023-02-01,GS,Financials,0.0,0.5035781573282401,0.0
2023-02-01,INTC,Tech,0.0,-1.085504362572516,0.0
2023-02-01,KO,Consumer,0.0795220642861403,-0.6834261068712623,0.08768289175970605
2023-02-01,MMM,Industrials,0.0,-0.14916240343735504,0.0
2023-02-01,MRK,Healthcare,0.2,0.32533410489531417,0.08958151308901938
2023-02-01,MS,Financials,2.9373165493628975e-19,-2.456143988070122,2.9373165493628975e-19
2023-02-01,NEE,Utilities,0.0,-1.050597883654855,0.0
2023-02-01,NEM,Materials,0.0076867005191321,-0.1674442619916783,0.007686700519132099
2023-02-01,NKE,Consumer,0.0,-0.38790192610248253,0.0
2023-02-01,NUE,Materials,0.0,-0.4127870460071439,0.0
2023-02-01,NVDA,Tech,0.0,-1.2681023247545458,0.0
2023-02-01,O,RealEstate,0.0737839955140904,-2.9034769381743692,0.0737839955140904
2023-02-01,OXY,Energy,0.0,-2.78255132480135,0.0
2023-02-01,PLD,RealEstate,1.627228286312561e-19,-0.4835459406609055,6.184404204054668e-20
2023-02-01,PSA,RealEstate,5.900368690329817e-19,-0.18808193464341824,1.7958659830061882e-19
2023-02-01,QCOM,Tech,0.0,0.4403991540772827,0.0
2023-02-01,SBUX,Consumer,6.082985157228555e-19,0.6055193292550948,1.571721687264066e-19
2023-02-01,SHW,Materials,0.0,-0.3230379451604271,0.0
2023-02-01,SLB,Energy,0.0,0.5476575512589767,0.0
2023-02-01,SO,Utilities,0.0,-0.32652965510764953,0.0
2023-02-01,T,Comm,0.0306289307726944,-0.5389762675475734,0.027075483285996894
2023-02-01,TMUS,Comm,1.7399370344898977e-18,-0.20489971618031091,1.2041952025204563e-18
2023-02-01,TTWO,Comm,0.0226252565382917,-0.14537397000175403,0.014885152199808706
2023-02-01,UPS,Industrials,0.0,0.6361378463329163,0.0
2023-02-01,USB,Financials,0.0,-0.37104530128489926,0.0
2023-02-01,V,Financials,0.0,-0.6771722368728452,0.0
2023-02-01,WFC,Financials,0.0,0.858304015453295,0.0
2023-02-01,WMT,Consumer,0.1010066318695366,-0.40339276299796406,0.09284580439597086
2023-02-01,XOM,Energy,0.0084701488043288,0.4423336430660846,0.0593294265129175
2023-03-01,ABBV,Healthcare,0.0509609070814394,-0.9498158021295028,0.06793556017924793
2023-03-01,ABT,Healthcare,0.0,-0.40194045081597696,0.0
2023-03-01,ADBE,Tech,7.446574600287645e-19,2.9438707173863845,0.0
2023-03-01,AEP,Utilities,0.0,-0.30924905324373786,0.0
2023-03-01,AMD,Tech,1.4016760795965665e-18,-0.5487715573850612,2.0528692336575724e-18
2023-03-01,AMGN,Healthcare,0.2,-1.6061569790618826,0.35636659911657553
2023-03-01,AMT,RealEstate,0.0,-0.5333075179670143,0.0
2023-03-01,BA,Industrials,0.0,0.0,0.0
2023-03-01,CAT,Industrials,3.4459875671821503e-19,0.6238361740620035,1.6323387085460396e-19
2023-03-01,CCI,RealEstate,2.9959665414769216e-19,-0.2182608793789888,2.255947712521599e-19
2023-03-01,CMCSA,Comm,0.0,-0.4479654480154696,0.0
2023-03-01,COP,Energy,0.0,-0.45368973125719536,0.0
2023-03-01,CVX,Energy,0.0614195323741354,-0.04297563809252594,0.0614195323741354
2023-03-01,D,Utilities,0.0068984166280511,-0.3091850808723587,0.0055221017553562235
2023-03-01,DD,Materials,4.1734614736313537e-19,-0.01194461511571586,3.311153336366443e-19
2023-03-01,DIS,Consumer,5.2792969081078725e-19,0.5374953877105002,2.614675201755093e-19
2023-03-01,DOW,Materials,0.0,-0.33030473455624343,0.0
2023-03-01,DUK,Utilities,0.0458031554869109,-0.6846268757670885,0.04717947035960578
2023-03-01,EA,Comm,0.0946641633356485,0.8566757803299909,0.02011220711981285
2023-03-01,GE,Industrials,0.0,1.615771590008921,-0.0
2023-03-01,GILD,Healthcare,4.246265479455107e-18,-0.5249036522667854,4.427065760073705e-18
2023-03-01,GS,Financials,1.4021807532538365e-19,-0.5611345558435841,1.5878391068122089e-19
2023-03-01,INTC,Tech,0.0,1.8514394048391132,-0.0
2023-03-01,KO,Consumer,0.0848758025957796,-0.18921878327939426,0.10808644838801955
2023-03-01,MMM,Industrials,0.0,-0.03445629025969724,0.0
2023-03-01,MRK,Healthcare,0.1999999999999999,0.80504098373202,0.02665874778561579
2023-03-01,MS,Financials,3.4905339833364716e-19,-0.5268959194897431,3.866014339016599e-19
2023-03-01,NEE,Utilities,0.0,-0.7470521687013892,0.0
2023-03-01,NEM,Materials,0.0014200227934703,-0.2754806061831853,0.0014200227934702998
2023-03-01,NKE,Consumer,9.842993864089605e-19,-0.3674049813277449,1.441285324187699e-18
2023-03-01,NUE,Materials,3.158597161743457e-19,-0.27037615877847093,3.1459565202420174e-19
2023-03-01,NVDA,Tech,1.0619712918843017e-18,0.06611230438302021,9.378506630647125e-19
2023-03-01,O,RealEstate,0.0872181610816722,-0.6178871580893331,0.08721816108167219
2023-03-01,OXY,Energy,4.27064617951265e-19,0.6105259706062088,1.5947695371791933e-19
2023-03-01,PLD,RealEstate,0.0,1.3697918519399892,-0.0
2023-03-01,PSA,RealEstate,0.0,-0.25347611057606306,0.0
2023-03-01,QCOM,Tech,1.6746580944018098e-18,-0.19488057626555044,1.8922430291891578e-18
2023-03-01,SBUX,Consumer,0.0,-0.3228359917529803,0.0
2023-03-01,SHW,Materials,0.0,-0.30154763222653236,0.0
2023-03-01,SLB,Energy,0.0,-0.4477591712306659,0.0
2023-03-01,SO,Utilities,0.0,3.440329580517942,-0.0
2023-03-01,T,Comm,0.0436755211310244,-0.5383917682422595,0.09960005747836488
2023-03-01,TMUS,Comm,1.833403046701684e-18,-0.22978435509908507,3.3422694442202908e-18
2023-03-01,TTWO,Comm,0.0272792786226965,-0.13524247738535838,0.045906698491191646
2023-03-01,UPS,Industrials,4.631431931327795e-19,-0.10507953403933343,6.445080789963905e-19
2023-03-01,USB,Financials,6.939211791734465e-18,-0.3674506114667733,6.883097920810614e-18
2023-03-01,V,Financials,0.0,1.414952432713056,-0.0
2023-03-01,WFC,Financials,0.0,-0.6408845823918426,0.0
2023-03-01,WMT,Consumer,0.0957850388691714,0.2924451041484065,0.07257439307693146
2023-03-01,XOM,Energy,0.0,2.7115801766141203,-0.0
2023-04-03,ABBV,Healthcare,0.0551773933563015,0.8016847450100236,0.006761045219099399
2023-04-03,ABT,Healthcare,0.0,-0.3440051666714595,0.0
2023-04-03,ADBE,Tech,0.0,0.26793981266031347,0.0
2023-04-03,AEP,Utilities,3.400434523734554e-18,-0.2163138191781763,3.00852549943266e-18
2023-04-03,AMD,Tech,0.0,0.028443340223081825,0.0
2023-04-03,AMGN,Healthcare,0.1916906227418725,-1.1275034113655207,0.2519809281227216
2023-04-03,AMT,RealEstate,6.135182806034732e-19,0.8745874239295782,5.313542190188626e-20
2023-04-03,BA,Industrials,0.0,0.0,0.0
2023-04-03,CAT,Industrials,0.0,2.2014904938953985,0.0
2023-04-03,CCI,RealEstate,1.0957507450451893e-18,-0.22710108242106036,9.285550382382673e-19
2023-04-03,CMCSA,Comm,0.0,1.2029821989668834,-0.0
2023-04-03,COP,Energy,0.0,1.2819320941540318,-0.0
2023-04-03,CVX,Energy,0.0327270057525382,-0.5592406274523984,0.037552041589904515
2023-04-03,D,Utilities,0.0142723824226504,-0.2783874727648282,0.01327188528241646
2023-04-03,DD,Materials,0.0,0.04062073769287082,0.0
2023-04-03,DIS,Consumer,1.6585112677060856e-18,-0.0481403574166128,1.567524428575066e-18
2023-04-03,DOW,Materials,0.0,-0.13310294891900745,0.0
2023-04-03,DUK,Utilities,0.0108384205840258,-0.5016625971450461,0.011838917724259735
2023-04-03,EA,Comm,0.1049346539632852,-0.4042187486262127,0.11599787871378353
2023-04-03,GE,Industrials,0.0,-0.6297865870706082,0.0
2023-04-03,GILD,Healthcare,0.0,-0.6535342051666154,0.0
2023-04-03,GS,Financials,0.0,-0.7429506640249347,0.0
2023-04-03,INTC,Tech,0.0,-0.4277139676741898,0.0
2023-04-03,KO,Consumer,0.1350272313189791,-0.5297456481913148,0.18625890140664916
2023-04-03,MMM,Industrials,0.0,0.07449306389585283,0.0
2023-04-03,MRK,Healthcare,0.1892031773928342,-0.5168943748940792,0.17732922014918717
2023-04-03,MS,Financials,0.0,-0.4630813631122975,0.0
2023-04-03,NEE,Utilities,1.551893490010183e-17,-0.46340497702713157,1.6519620950544785e-17
2023-04-03,NEM,Materials,0.0057385223561666,-3.1631955660413573,0.005738522356166602
2023-04-03,NKE,Consumer,0.0,-0.30142356264919223,0.0
2023-04-03,NUE,Materials,0.0,1.6074638526164224,-0.0
2023-04-03,NVDA,Tech,0.0,1.0608821539160365,0.0
2023-04-03,O,RealEstate,0.0717602210929832,-0.44805301779388046,0.0717602210929832
2023-04-03,OXY,Energy,2.3728285300295576e-19,-0.24236046696493965,2.1693424618679103e-19
2023-04-03,PLD,RealEstate,6.473656869212643e-19,-0.5932435242782967,7.122744649906798e-19
2023-04-03,PSA,RealEstate,0.0,-0.15769754278767065,0.0
2023-04-03,QCOM,Tech,0.0,0.08452292558450654,0.0
2023-04-03,SBUX,Consumer,2.6687004693965064e-19,-0.14085536280358446,2.745407831482749e-19
2023-04-03,SHW,Materials,1.5638553358504176e-18,-0.29420786909073904,4.861539290362142e-19
2023-04-03,SLB,Energy,1.4569122249936346e-19,-1.2426335517197715,2.404395137537944e-19
2023-04-03,SO,Utilities,0.0,-0.14633179984702857,0.0
2023-04-03,T,Comm,0.05117249027077,-0.03978521454820221,0.041886737486018344
2023-04-03,TMUS,Comm,0.0,1.538975661113052,-0.0
2023-04-03,TTWO,Comm,0.0237243924636864,-0.17511980403442104,0.02194692049793973
2023-04-03,UPS,Industrials,0.0,-0.849952763651298,0.0
2023-04-03,USB,Financials,0.0,-0.3030900457201823,0.0
2023-04-03,V,Financials,1.543738303353128e-18,-0.6272145306888337,2.1593741663247366e-18
2023-04-03,WFC,Financials,6.156358629716088e-19,2.1403355240506716,0.0
2023-04-03,WMT,Consumer,0.1042831084901999,0.43583421050420407,0.05305143840252982
2023-04-03,XOM,Energy,0.0094503777937064,0.3349098171720035,0.004625341956340091
2023-05-01,ABBV,Healthcare,0.0768074585156313,0.3790393584223568,0.0412693870737202
2023-05-01,ABT,Healthcare,0.0,-0.4007223395113747,0.0
2023-05-01,ADBE,Tech,8.858036927272974e-19,0.07725216674805842,8.858036927272974e-19
2023-05-01,AEP,Utilities,0.0,0.8367624985983011,0.0
2023-05-01,AMD,Tech,0.0,0.4982862273522396,0.0
2023-05-01,AMGN,Healthcare,0.1797954087176564,0.2378808754277432,0.11856650192339488
2023-05-01,AMT,RealEstate,0.0,3.824860834190809,-0.0
2023-05-01,BA,Industrials,0.0,0.0,0.0
2023-05-01,CAT,Industrials,5.051318656111553e-18,-0.4447036638194245,4.794065436654806e-18
2023-05-01,CCI,RealEstate,3.536413890739493e-19,4.639969705239362,0.0
2023-05-01,CMCSA,Comm,0.0,0.2534953937221906,0.0
2023-05-01,COP,Energy,0.0,1.106883527330491,-0.0
2023-05-01,CVX,Energy,0.042139879572955,0.2856977063010444,0.042139879572955
2023-05-01,D,Utilities,0.0072989989542188,-1.5143520801431718,0.007298998954218806
2023-05-01,DD,Materials,8.229005709553446e-19,-0.06796343724231364,7.040648565367108e-19
2023-05-01,DIS,Consumer,0.0,-1.1863908567590409,0.0
2023-05-01,DOW,Materials,1.829927768142593e-17,0.6880609170701286,4.573120629323557e-18
2023-05-01,DUK,Utilities,2.5264822880262732e-18,0.5362177604455026,4.660197046345538e-19
2023-05-01,EA,Comm,0.0783571597048162,-0.43751189966488546,0.08902036515587025
2023-05-01,GE,Industrials,0.0,-0.8237487751075114,0.0
2023-05-01,GILD,Healthcare,0.0,-0.45109413442997676,0.0
2023-05-01,GS,Financials,0.0,-1.9067688459472845,0.0
2023-05-01,INTC,Tech,0.0,-0.23017036773727,0.0
2023-05-01,KO,Consumer,0.1516503715833925,-0.8663488943638823,0.20276196551703543
2023-05-01,MMM,Industrials,0.0,0.10643670805231943,0.0
2023-05-01,MRK,Healthcare,0.1773449778395348,-0.7862758825825004,0.2741119560757074
2023-05-01,MS,Financials,1.500226973222297e-17,-1.9058233685914419,1.652962467179852e-17
2023-05-01,NEE,Utilities,1.1354230353031961e-18,-0.3748906200450753,6.208686895323678e-19
2023-05-01,NEM,Materials,0.0043092949973342,-0.24821983956006766,0.0043092949973342135
2023-05-01,NKE,Consumer,2.476419494661204e-20,1.8466172349540144,0.0
2023-05-01,NUE,Materials,0.0,-0.15511560973607727,0.0
2023-05-01,NVDA,Tech,0.0,-0.20038385091557367,0.0
2023-05-01,O,RealEstate,0.103621365940851,1.9153026084821803,0.0
2023-05-01,OXY,Energy,9.242798807261637e-19,-0.4303671951378862,1.8508405085338396e-18
2023-05-01,PLD,RealEstate,1.000842906600566e-18,-0.4823895364068326,0.103621365940851
2023-05-01,PSA,RealEstate,0.0,-0.39354402110844117,0.0
2023-05-01,QCOM,Tech,0.0,-1.566343094769339,0.0
2023-05-01,SBUX,Consumer,0.0,-0.023586544556933913,0.0
2023-05-01,SHW,Materials,5.399829925933751e-19,-0.17318192300598478,5.075214041338258e-19
2023-05-01,SLB,Energy,4.177257144837539e-19,3.3765625751177306,0.0
2023-05-01,SO,Utilities,3.8017704494983966e-18,0.5306557682201326,7.096615645497127e-19
2023-05-01,T,Comm,0.0361170774258937,0.12520161667992993,0.02497007286305497
2023-05-01,TMUS,Comm,0.0,0.8193648840565185,0.0
2023-05-01,TTWO,Comm,0.0227543889150102,-0.29222413157744376,0.023238188026794893
2023-05-01,UPS,Industrials,1.4960750273236544e-18,-0.7839777711277442,1.7533282467804008e-18
2023-05-01,USB,Financials,0.0,-0.30868532065832543,0.0
2023-05-01,V,Financials,2.1041452737765262e-18,0.2770546941847744,5.767903342009795e-19
2023-05-01,WFC,Financials,0.0,-0.4322084446040972,0.0
2023-05-01,WMT,Consumer,0.1198036178327055,0.1996384818265277,0.06869202389906254
2023-05-01,XOM,Energy,0.0,0.6589137966397541,0.0
2023-06-01,ABBV,Healthcare,0.0606229679535468,-0.580957379622353,0.14390773301889898
2023-06-01,ABT,Healthcare,1.3183901283369537e-18,-0.4605683675151321,2.8912963518450633e-18
2023-06-01,ADBE,Tech,0.0,0.23601333410359118,0.0
2023-06-01,AEP,Utilities,0.0,-0.26927783553479284,0.0
2023-06-01,AMD,Tech,2.4662672771411324e-19,-0.9503197158079945,3.1627826454682214e-19
2023-06-01,AMGN,Healthcare,0.0872825910396922,-0.3402104042268606,0.17564160228509887
2023-06-01,AMT,RealEstate,1.2856002105828799e-18,-0.43075407256715365,1.1048712417261554e-18
2023-06-01,BA,Industrials,0.0,0.0,0.0
2023-06-01,CAT,Industrials,8.931369971361956e-19,-0.3785084513061647,8.931369971361956e-19
2023-06-01,CCI,RealEstate,2.3241307396400617e-18,0.6476547110696873,4.918920096496473e-19
2023-06-01,CMCSA,Comm,4.1372364894692074e-18,-1.3122308348165985,6.694061462631252e-18
2023-06-01,COP,Energy,0.0,-0.4537909386902543,0.0
2023-06-01,CVX,Energy,0.0424636492461103,0.3048488317931438,0.0424636492461103
2023-06-01,D,Utilities,4.8774471236597995e-18,-0.2295973335439566,5.358259129905279e-18
2023-06-01,DD,Materials,0.0,-0.04774193383348759,0.0
2023-06-01,DIS,Consumer,0.0,-0.18067367336083506,0.0
2023-06-01,DOW,Materials,0.0,0.1423297330485521,0.0
2023-06-01,DUK,Utilities,2.8682855602434493e-18,-0.5004936439675118,3.845251734071386e-18
2023-06-01,EA,Comm,0.1322374789886553,-0.3050706735997475,0.12076379508742902
2023-06-01,GE,Industrials,0.0,0.9849951777803914,0.0
2023-06-01,GILD,Healthcare,7.932604379201593e-18,-0.30398362342194796,1.553154672887588e-17
2023-06-01,GS,Financials,3.9050436183533553e-20,-0.1079096062591525,3.6277500401023864e-20
2023-06-01,INTC,Tech,0.0,-0.8451203400783874,0.0
2023-06-01,KO,Consumer,0.2,-0.9699341765597533,0.36426256981855304
2023-06-01,MMM,Industrials,0.0,-0.26401210082751897,0.0
2023-06-01,MRK,Healthcare,0.1716437763107589,1.423032913173221,0.0
2023-06-01,MS,Financials,0.0,-0.5067872399101729,0.0
2023-06-01,NEE,Utilities,4.415417301458795e-18,0.2502694686181167,2.9576391213853784e-18
2023-06-01,NEM,Materials,3.355797764130069e-18,0.8883693182356605,1.2505361027096247e-18
2023-06-01,NKE,Consumer,3.3915664424667375e-19,0.9648117459500095,1.1033946781197993e-20
2023-06-01,NUE,Materials,0.0,0.5650586152255765,0.0
2023-06-01,NVDA,Tech,0.0,-0.9715405468773931,0.0
2023-06-01,O,RealEstate,0.1120942813427668,-0.6647892238655436,0.1120942813427668
2023-06-01,OXY,Energy,0.0,2.225941105997976,-0.0
2023-06-01,PLD,RealEstate,0.0,2.928806272540867,-0.0
2023-06-01,PSA,RealEstate,8.504811726736852e-18,-0.4023419758739965,7.164062759618e-18
2023-06-01,QCOM,Tech,3.7952824392303713e-19,-0.2417135946499321,3.0987670709032824e-19
2023-06-01,SBUX,Consumer,2.104549104772924e-18,-0.31594707891618945,2.5605326880323857e-18
2023-06-01,SHW,Materials,6.694015747529932e-19,-0.24167138713025646,2.774663236173437e-18
2023-06-01,SLB,Energy,2.674882534375304e-18,-0.13173257746082132,4.354810641895773e-18
2023-06-01,SO,Utilities,0.0,-0.3633187828843677,0.0
2023-06-01,T,Comm,0.0282644237892234,-1.0327688947967522,0.040204651643145885
2023-06-01,TMUS,Comm,0.0011282615106931,0.16186355692631585,0.0006617175579968999
2023-06-01,TTWO,Comm,0.0,-0.29907049780136813,0.0
2023-06-01,UPS,Industrials,0.0,-0.020374309227971545,0.0
2023-06-01,USB,Financials,1.0140276910665833e-19,2.0137072644529272,0.0
2023-06-01,V,Financials,0.0,-0.02984370181913646,0.0
2023-06-01,WFC,Financials,2.5705822211626945e-18,-0.24092588907830728,2.674757926051862e-18
2023-06-01,WMT,Consumer,0.164262569818553,1.4403263579865384,0.0
2023-06-01,XOM,Energy,0.0,0.03261317090134441,0.0
2023-07-03,ABBV,Healthcare,0.0906321890559409,-0.11775965902413875,0.076717833732537
2023-07-03,ABT,Healthcare,0.0,1.8388602545645214,-0.0
2023-07-03,ADBE,Tech,4.317189619740668e-19,-0.30866520688137605,1.2713242472070885e-18
2023-07-03,AEP,Utilities,2.774853435084731e-18,-0.06780269239717511,1.0045739029064258e-17
2023-07-03,AMD,Tech,0.0,-0.24650092572881582,0.0
2023-07-03,AMGN,Healthcare,0.0156042266075027,-1.2418236058519683,0.026491656580065734
2023-07-03,AMT,RealEstate,0.0,-0.24021612035522105,0.0
2023-07-03,BA,Industrials,0.0,0.0,0.0
2023-07-03,CAT,Industrials,1.0417568994676396e-19,-0.35920038652707276,1.1001059014898976e-19
2023-07-03,CCI,RealEstate,3.801457367156943e-18,-0.16872934835344616,3.1736525793039507e-18
2023-07-03,CMCSA,Comm,2.4708106384857143e-18,-0.46474378579051734,2.675549117549038e-18
2023-07-03,COP,Energy,0.0,-2.125243353188786,0.0
2023-07-03,CVX,Energy,0.0153812522292251,0.29712652770509207,0.010487304880311837
2023-07-03,D,Utilities,0.0,-3.1654628650689394,0.0
2023-07-03,DD,Materials,1.5797006403878276e-19,-0.2625969760247478,1.2685190213112852e-19
2023-07-03,DIS,Consumer,1.4873633552581945e-18,0.5307351580228682,4.840839285174721e-19
2023-07-03,DOW,Materials,1.6728635707068864e-18,-2.566678084833563,3.794738747774696e-18
2023-07-03,DUK,Utilities,3.000181336609217e-18,1.7508337863682566,0.0
2023-07-03,EA,Comm,0.1289041887725239,-0.43683938511200365,0.13692635752863258
2023-07-03,GE,Industrials,0.0,-0.48759522086164536,0.0
2023-07-03,GILD,Healthcare,0.0,-0.4816328213167027,0.0
2023-07-03,GS,Financials,0.0,0.49827153255969814,0.0
2023-07-03,INTC,Tech,0.0,-0.44993133597686036,0.0
2023-07-03,KO,Consumer,0.2,-0.938510313218829,0.26889559087882475
2023-07-03,MMM,Industrials,2.0319428168588233e-20,0.08249541088920768,1.448452796636246e-20
2023-07-03,MRK,Healthcare,0.1838311294226137,-0.34223122549830853,0.18685805477345463
2023-07-03,MS,Financials,1.266893447966807e-18,0.7769228852170169,2.4472247325339717e-19
2023-07-03,NEE,Utilities,1.4212947853723589e-18,1.3361907559343476,0.0
2023-07-03,NEM,Materials,8.483872637133557e-18,-0.25854331875040953,6.7907814450240546e-18
2023-07-03,NKE,Consumer,0.0,0.7265080226895819,0.0
2023-07-03,NUE,Materials,0.0,-0.5751989422207661,0.0
2023-07-03,NVDA,Tech,0.0,1.3400781245367113,-0.0
2023-07-03,O,RealEstate,0.1292949993171208,-0.39992474931996447,0.1292949993171208
2023-07-03,OXY,Energy,0.0053145157232981,0.18082884926321205,0.00422311971249213
2023-07-03,PLD,RealEstate,0.0,-0.42268804195970067,0.0
2023-07-03,PSA,RealEstate,9.977783117452089e-19,-0.33597603335682613,9.521996891206936e-19
2023-07-03,QCOM,Tech,1.4077842896815674e-18,0.8206413124609346,5.681790044485458e-19
2023-07-03,SBUX,Consumer,0.0,-0.3086428805070495,0.0
2023-07-03,SHW,Materials,2.0320055403427096e-18,-0.26461987343284166,1.6343397172920551e-18
2023-07-03,SLB,Energy,3.59564549852899e-18,0.9300925205166554,2.438347271779114e-19
2023-07-03,SO,Utilities,2.8494094719979512e-18,1.1063435723119073,0.0
2023-07-03,T,Comm,0.0452617099438949,-0.24896851855477706,0.04179210536760419
2023-07-03,TMUS,Comm,0.0321774633098558,-0.16434451070753767,0.02769778916974269
2023-07-03,TTWO,Comm,0.0014995209018293,-0.2869073748797611,0.001426630862124457
2023-07-03,UPS,Industrials,0.0,1.0650465963625209,-0.0
2023-07-03,USB,Financials,8.233315560760999e-19,-0.2601032105664582,8.983790658471238e-19
2023-07-03,V,Financials,2.1946358662155353e-18,-0.5155337603674254,2.880095124172028e-18
2023-07-03,WFC,Financials,5.313411178005869e-18,-0.21170967316832173,5.575075384991762e-18
2023-07-03,WMT,Consumer,0.1442980520303212,0.24657594217125248,0.07540246115149644
2023-07-03,XOM,Energy,0.0078007526858732,-0.8218379454626402,0.013786096045592432
2023-08-01,ABBV,Healthcare,0.0904323810300926,-0.4029817912027408,0.14997221773879882
2023-08-01,ABT,Healthcare,2.5191593804682818e-18,1.0882997645270733,0.0
2023-08-01,ADBE,Tech,0.0,2.020837149524917,-0.0
2023-08-01,AEP,Utilities,0.0,-0.1798150125711547,0.0
2023-08-01,AMD,Tech,1.1266372151822116e-18,1.826654395391044,0.0
2023-08-01,AMGN,Healthcare,0.0172040809739242,-0.2839401705556181,0.026110252895900746
2023-08-01,AMT,RealEstate,1.514967804375525e-18,-1.565052584408085,2.7556253589482274e-18
2023-08-01,BA,Industrials,0.0,0.0,0.0
2023-08-01,CAT,Industrials,0.0,0.2404886045150638,0.0
2023-08-01,CCI,RealEstate,2.6898233896444925e-19,-0.14231928752459583,2.178872271318881e-19
2023-08-01,CMCSA,Comm,2.7668825004173813e-18,-0.1460103525273058,3.5013883276282245e-18
2023-08-01,COP,Energy,0.0,0.6227229599854627,0.0
2023-08-01,CVX,Energy,0.0136941854473472,1.481142321538383,0.0
2023-08-01,D,Utilities,0.0,1.259435056778308,-0.0
2023-08-01,DD,Materials,0.0,-0.23093485160784566,0.0
2023-08-01,DIS,Consumer,0.0,0.28526136455515977,0.0
2023-08-01,DOW,Materials,0.0,-0.04458732250897955,0.0
2023-08-01,DUK,Utilities,4.241177362236274e-18,-0.4750388860064321,4.241177362236274e-18
2023-08-01,EA,Comm,0.1156112467647196,0.2870698548095676,0.09101397563445474
2023-08-01,GE,Industrials,0.0,-0.3375548677166848,0.0
2023-08-01,GILD,Healthcare,5.147502615798375e-18,-0.31005839063953977,7.971169470658083e-18
2023-08-01,GS,Financials,2.6415216242237445e-18,0.8018162816915426,1.5223200942992338e-18
2023-08-01,INTC,Tech,0.0,1.2020021338572096,-0.0
2023-08-01,KO,Consumer,0.2,0.29536367380812995,0.16577009767607392
2023-08-01,MMM,Industrials,0.0,-0.1846440683527203,0.0
2023-08-01,MRK,Healthcare,0.1655995247391419,0.5036767461582784,0.09715351610845915
2023-08-01,MS,Financials,0.0,1.5219637103360302,-0.0
2023-08-01,NEE,Utilities,0.0,1.0053815480333,-0.0
2023-08-01,NEM,Materials,0.0,-0.23240384903192726,0.0
2023-08-01,NKE,Consumer,0.0,0.3940268407664722,0.0
2023-08-01,NUE,Materials,0.0,-0.6320240952847294,0.0
2023-08-01,NVDA,Tech,9.898073770778588e-19,0.028941982946902797,2.1164445922600705e-18
2023-08-01,O,RealEstate,0.1314243426864664,-0.4101960810056153,0.1314243426864664
2023-08-01,OXY,Energy,0.013291745376502,0.6963205916141696,0.011361225484254434
2023-08-01,PLD,RealEstate,0.0,-0.3962213699202527,0.0
2023-08-01,PSA,RealEstate,0.0,-0.39212078975449555,0.0
2023-08-01,QCOM,Tech,0.0,0.38611100776566,0.0
2023-08-01,SBUX,Consumer,1.0978949689204876e-19,0.7784343569567457,2.861372386025701e-20
2023-08-01,SHW,Materials,0.0,-0.4036327480087174,0.0
2023-08-01,SLB,Energy,1.248999458937675e-18,1.7931091083848578,0.0
2023-08-01,SO,Utilities,0.0,0.6282915221616274,0.0
2023-08-01,T,Comm,0.0271769514069223,-0.709805410830159,0.05131075997347043
2023-08-01,TMUS,Comm,0.0538715072824753,0.10640462502454533,0.053157073261700834
2023-08-01,TTWO,Comm,0.0025881011917356,-0.3177644413530699,0.003765997776226805
2023-08-01,UPS,Industrials,2.851585795142811e-18,0.47918510262090996,2.851585795142811e-18
2023-08-01,USB,Financials,0.0,0.8257164453365852,0.0
2023-08-01,V,Financials,0.0184200494518225,0.6561126799539215,0.018420049451822483
2023-08-01,WFC,Financials,8.046438860653434e-18,-0.08731158984903847,2.5441433051465404e-17
2023-08-01,WMT,Consumer,0.1445059860530861,-0.051513266578356184,0.1787358883770122
2023-08-01,XOM,Energy,0.0061798975957637,-0.25354255640516576,0.021804602935358467
2023-09-01,ABBV,Healthcare,0.0809658054042958,-0.6845239501052565,0.18303508462688706
2023-09-01,ABT,Healthcare,3.934895046177862e-18,0.7355112382618408,1.3966767074672747e-18
2023-09-01,ADBE,Tech,9.686213013658399e-19,1.5779018183594544,0.0
2023-09-01,AEP,Utilities,5.534093250593981e-18,0.18773769602010304,3.863373811031803e-18
2023-09-01,AMD,Tech,1.1183191077463509e-18,-2.771832443690335,2.5180824478971476e-18
2023-09-01,AMGN,Healthcare,0.0406780534089493,-0.6061083503830959,0.08767797608652507
2023-09-01,AMT,RealEstate,0.0,0.9515500338913426,0.0
2023-09-01,BA,Industrials,2.3563379486882933e-19,0.0,8.311790779101595e-19
2023-09-01,CAT,Industrials,0.0,-0.32893340420672457,0.0
2023-09-01,CCI,RealEstate,0.0,-0.3573597925929243,0.0
2023-09-01,CMCSA,Comm,0.0,-0.453059588135753,0.0
2023-09-01,COP,Energy,0.0,0.3790408959345302,0.0
2023-09-01,CVX,Energy,2.5389847491027754e-18,0.9314082932157436,1.962780330090165e-19
2023-09-01,D,Utilities,8.153119123504279e-18,-0.007803700673441675,7.061934685333977e-18
2023-09-01,DD,Materials,0.0,2.2494405738364143,-0.0
2023-09-01,DIS,Consumer,1.1990142630190098e-18,-0.567237890441929,2.618157665492925e-18
2023-09-01,DOW,Materials,0.0,1.160331445656504,-0.0
2023-09-01,DUK,Utilities,7.560196060426267e-18,-0.4110609830161396,9.168595263647742e-18
2023-09-01,EA,Comm,0.0798693483095864,-1.5396195435579976,0.12155324554001032
2023-09-01,GE,Industrials,4.333036167859921e-18,0.8337365164640178,2.5412431142092903e-18
2023-09-01,GILD,Healthcare,4.026374604481326e-18,-0.6155466680597315,8.729496598332824e-18
2023-09-01,GS,Financials,0.0,0.17854854551570298,0.0
2023-09-01,INTC,Tech,7.212876807675845e-19,-0.2761912055832533,5.495105956177866e-19
2023-09-01,KO,Consumer,0.1999999999999999,1.934036988728381,0.0
2023-09-01,MMM,Industrials,0.0,-0.7033814643527113,0.0
2023-09-01,MRK,Healthcare,0.151080345147843,0.9900807343145529,0.0020111432476759487
2023-09-01,MS,Financials,0.0,-0.38158792793652085,0.0
2023-09-01,NEE,Utilities,5.4460018240795345e-18,-0.4099695004316726,6.5995064985905445e-18
2023-09-01,NEM,Materials,0.0,-0.1131564906375525,0.0
2023-09-01,NKE,Consumer,0.0,-0.07124742574513891,0.0
2023-09-01,NUE,Materials,2.9604150477338796e-19,-0.5334479801473127,2.9604150477338796e-19
2023-09-01,NVDA,Tech,0.0,1.4205308513097517,-0.0
2023-09-01,O,RealEstate,0.109895656811432,0.8953258288111038,0.10989565681143192
2023-09-01,OXY,Energy,0.0188355212346116,-0.45894400515017125,0.0309710737201873
2023-09-01,PLD,RealEstate,0.0,1.841599042881584,-0.0
2023-09-01,PSA,RealEstate,6.177838290507249e-18,-0.33823343690394886,7.89821373720065e-17
2023-09-01,QCOM,Tech,1.6835171088484698e-18,-0.4170561149523819,1.4241521552133108e-18
2023-09-01,SBUX,Consumer,0.0,-1.4923857200442294,0.0
2023-09-01,SHW,Materials,0.0,-1.2041709494536361,0.0
2023-09-01,SLB,Energy,0.0,-0.2621510784758284,0.0
2023-09-01,SO,Utilities,0.0,-0.4586697921564495,0.0
2023-09-01,T,Comm,0.0335998271689154,-0.37697004450669575,0.027725494053913256
2023-09-01,TMUS,Comm,0.0368125490267998,0.6866527306097554,0.006912570329001626
2023-09-01,TTWO,Comm,0.015573008166422,-0.03547760358128023,0.009663422748798403
2023-09-01,UPS,Industrials,9.123854517530244e-18,0.6793371671840369,1.0320102288139544e-17
2023-09-01,USB,Financials,6.041701087629906e-19,-0.37583679618158533,7.468139881137444e-19
2023-09-01,V,Financials,0.0277044712619202,-0.11304753261069081,0.027704471261920202
2023-09-01,WFC,Financials,1.800372019097026e-18,-0.44276514014731494,2.3336954733256253e-18
2023-09-01,WMT,Consumer,0.1928498615736482,-0.46207869573552285,0.39284986157364815
2023-09-01,XOM,Energy,0.0121355524855757,1.1150741810283848,0.0
2023-10-02,ABBV,Healthcare,0.0731025917579709,-0.4314464151319523,0.084153315330743
2023-10-02,ABT,Healthcare,3.3983296183528872e-18,-0.5763382521935642,4.308025601540088e-18
2023-10-02,ADBE,Tech,2.227141405636594e-18,-0.7994914513249284,2.9936764801989584e-18
2023-10-02,AEP,Utilities,0.0,0.34811476640402994,0.0
2023-10-02,AMD,Tech,9.454302042281352e-19,0.7400003610308257,1.836155691376217e-19
2023-10-02,AMGN,Healthcare,0.0457320886127077,0.7381382157034405,0.009630670393640534
2023-10-02,AMT,RealEstate,2.25735337217336e-18,-2.4628775193226167,5.806447127728955e-18
2023-10-02,BA,Industrials,1.278974684352059e-18,0.0,1.3435058668308964e-18
2023-10-02,CAT,Industrials,3.369862832283495e-18,-0.12376245602652983,3.977996174765219e-18
2023-10-02,CCI,RealEstate,1.6253113091411145e-18,-0.40912893388586163,1.7012223687985438e-18
2023-10-02,CMCSA,Comm,0.0,-0.4375277876016978,0.0
2023-10-02,COP,Energy,1.633332006875842e-19,1.5575679522698294,0.0
2023-10-02,CVX,Energy,0.0300607452236682,1.7254106548838135,0.0
2023-10-02,D,Utilities,0.0,3.355641642948376,-0.0
2023-10-02,DD,Materials,0.0,-0.18711212871701235,0.0
2023-10-02,DIS,Consumer,2.4759433289350474e-19,0.9269921419305531,4.7867610206323024e-20
2023-10-02,DOW,Materials,0.0,-0.11091671410330889,0.0
2023-10-02,DUK,Utilities,1.509558851133808e-18,0.9038305397577181,1.169201471905111e-19
2023-10-02,EA,Comm,0.0833758228537111,-0.3908583160610435,0.15939197426731969
2023-10-02,GE,Industrials,0.0033705142306755,0.048031932030974854,0.0033705142306754998
2023-10-02,GILD,Healthcare,3.672296300424471e-18,0.7057271572531113,8.690629996219796e-19
2023-10-02,GS,Financials,3.147402130095971e-18,-1.1858850037706368,4.145407112960552e-18
2023-10-02,INTC,Tech,4.762696686385822e-19,-0.325460621442534,4.715492291667312e-19
2023-10-02,KO,Consumer,0.2,0.2878980915083904,0.3771408573788927
2023-10-02,MMM,Industrials,0.0,-0.38417335729271207,0.0
2023-10-02,MRK,Healthcare,0.1314773404803929,-0.4803958624539721,0.156528035126688
2023-10-02,MS,Financials,5.118774781641763e-18,-0.5407413308260901,4.752076218864909e-18
2023-10-02,NEE,Utilities,4.580064140086765e-18,-0.6632924797231974,6.13539191724425e-18
2023-10-02,NEM,Materials,0.0,-0.026124594943336542,0.0
2023-10-02,NKE,Consumer,8.006192096506368e-19,0.8277956882479306,3.6509128502544453e-19
2023-10-02,NUE,Materials,9.57294972864262e-20,-0.3449542980742401,8.907485189996568e-20
2023-10-02,NVDA,Tech,0.0,1.8152655144443943,-0.0
2023-10-02,O,RealEstate,0.0888101332229273,-0.3462515155500305,0.0888101332229273
2023-10-02,OXY,Energy,0.0150111929029191,-0.4007406518137829,0.04507193812658729
2023-10-02,PLD,RealEstate,1.0358258334798691e-18,1.4316959426300433,0.0
2023-10-02,PSA,RealEstate,0.0,-0.5223264719759659,0.0
2023-10-02,QCOM,Tech,0.0,-0.4758203422769588,0.0
2023-10-02,SBUX,Consumer,0.0,-0.30302864510953453,0.0
2023-10-02,SHW,Materials,1.372857637647956e-18,-0.4524402114057747,1.3795122830344163e-18
2023-10-02,SLB,Energy,6.328039139477432e-18,0.18108429684434796,1.1108147819690821e-17
2023-10-02,SO,Utilities,1.8037800276487975e-18,-0.12965792097052664,1.6410909544346093e-18
2023-10-02,T,Comm,0.0288732147869952,1.670177990469724,0.0
2023-10-02,TMUS,Comm,0.0630517869456135,1.7881776061415762,0.0
2023-10-02,TTWO,Comm,0.016237423970771,-0.4403568094913644,0.032146274289771105
2023-10-02,UPS,Industrials,0.0,1.5742735715528708,-0.0
2023-10-02,USB,Financials,5.0868343630301104e-20,-2.5987721915510824,1.103035768273597e-19
2023-10-02,V,Financials,0.0437562876327544,-0.6596341274908245,0.0437562876327544
2023-10-02,WFC,Financials,0.0,0.24816568018832683,0.0
2023-10-02,WMT,Consumer,0.1771408573788927,1.1788651001909805,0.0
2023-10-02,XOM,Energy,0.0,0.37219664710828254,0.0
2023-11-01,ABBV,Healthcare,0.0761351045187695,1.1976800242781818,0.0
2023-11-01,ABT,Healthcare,0.0,2.352225754583533,-0.0
2023-11-01,ADBE,Tech,0.0,-1.0957645442474546,0.0
2023-11-01,AEP,Utilities,1.1715317536874184e-17,-0.15046241392717746,1.1570077630795072e-17
2023-11-01,AMD,Tech,0.0,0.7940581121863471,0.0
2023-11-01,AMGN,Healthcare,0.0327325134901911,0.7590971156873201,0.009568654967057891
2023-11-01,AMT,RealEstate,0.0,-0.36923337619384144,0.0
2023-11-01,BA,Industrials,0.0,0.9665668580180091,0.0
2023-11-01,CAT,Industrials,1.5404163868653174e-18,0.38613955232842706,0.0004498861446731212
2023-11-01,CCI,RealEstate,0.0,-0.38547164221846597,0.0
2023-11-01,CMCSA,Comm,0.000212459791618,0.1373601534109092,0.00015685016738196627
2023-11-01,COP,Energy,2.614399972286395e-19,0.8563673792436606,0.00036966129671284204
2023-11-01,CVX,Energy,0.0470944857284586,1.1310595745758552,0.0
2023-11-01,D,Utilities,5.5458102530316265e-18,-0.1335565350984045,5.396571869978358e-18
2023-11-01,DD,Materials,0.0186762634937749,-0.22168583221108054,0.0186762634937749
2023-11-01,DIS,Consumer,1.8624773905625593e-19,0.9945513566532524,2.1759001383675826e-21
2023-11-01,DOW,Materials,5.604943870760521e-18,-0.3544721736763648,6.214151222678118e-18
2023-11-01,DUK,Utilities,2.462224231151514e-18,-0.20035696954814017,2.537159634290851e-18
2023-11-01,EA,Comm,0.0672573780323407,-0.3301590369266246,0.07656357827167133
2023-11-01,GE,Industrials,0.0082236466016232,1.0193074598652319,0.0
2023-11-01,GILD,Healthcare,1.221780320745077e-18,0.06312999978337562,1.3889992063923085e-18
2023-11-01,GS,Financials,0.005222751633386,0.5369517147661343,0.002965630782363796
2023-11-01,INTC,Tech,4.412792263972214e-19,0.21659076880560915,5.429418777462548e-19
2023-11-01,KO,Consumer,0.1778942176170603,0.025679746884020218,0.3716405818582357
2023-11-01,MMM,Industrials,7.631760387283369e-19,2.2554184846210243,0.0
2023-11-01,MRK,Healthcare,0.1220774325978548,-0.4943983715395736,0.2213763956397575
2023-11-01,MS,Financials,5.593239441185222e-18,0.37358383781933174,4.296529450095571e-18
2023-11-01,NEE,Utilities,1.751459272477319e-19,2.250399788620688,0.0
2023-11-01,NEM,Materials,0.0,-0.21956006762603858,0.0
2023-11-01,NKE,Consumer,0.0,-0.06080438279398105,0.0
2023-11-01,NUE,Materials,6.951750399664817e-19,-0.19547276768685914,6.80259038079737e-19
2023-11-01,NVDA,Tech,0.0040938210497785,0.36327950805911585,0.0040938210497785
2023-11-01,O,RealEstate,0.1008857496398476,-0.0416498440693806,0.1008857496398476
2023-11-01,OXY,Energy,6.042335491917815e-19,3.0131562750969767,0.0
2023-11-01,PLD,RealEstate,0.0,-0.7249760945554794,0.0
2023-11-01,PSA,RealEstate,4.669829994267854e-18,0.06907880962825097,4.173421348688815e-18
2023-11-01,QCOM,Tech,1.8755481554225696e-19,-0.7802531688686538,5.2439816046737035e-19
2023-11-01,SBUX,Consumer,0.0,1.5115707401562657,-0.0
2023-11-01,SHW,Materials,0.0,-0.4468186026713181,0.0
2023-11-01,SLB,Energy,2.9433357105876466e-18,-0.1794599346848285,0.034174475670818855
2023-11-01,SO,Utilities,2.0922221986572555e-18,-0.3846584674489558,2.4869110118980326e-18
2023-11-01,T,Comm,0.0410809988305479,3.2625662894153984,0.0
2023-11-01,TMUS,Comm,0.0618118189131368,-0.7701965508035145,0.09364222712859015
2023-11-01,TTWO,Comm,4.331936564709276e-18,1.136846988295544,0.0
2023-11-01,UPS,Industrials,1.0542680219318028e-17,-0.5498343557930502,0.007773760456950093
2023-11-01,USB,Financials,5.034180914306898e-19,-0.20252721131489532,7.423610176716772e-19
2023-11-01,V,Financials,0.0394960253039467,0.13792631928582763,0.041753146154968904
2023-11-01,WFC,Financials,8.74050912172629e-19,0.13348532954749295,9.287612285739071e-19
2023-11-01,WMT,Consumer,0.1971053327576647,0.9920521806094925,0.003358968516489322
2023-11-01,XOM,Energy,5.7197159669797874e-18,0.7771039028765028,0.012550348760926906
2023-12-01,ABBV,Healthcare,0.0874032531658438,0.0003421363407504167,0.08181730279163373
2023-12-01,ABT,Healthcare,0.0204429167735737,3.4680492680261024,0.0
2023-12-01,ADBE,Tech,5.3763463165203135e-18,0.3118070546514798,5.2269354774000255e-18
2023-12-01,AEP,Utilities,2.049885246416776e-18,-0.2861772895888909,1.9414650661364295e-18
2023-12-01,AMD,Tech,0.0090405971342296,-0.6329237185575418,0.02085512036801519
2023-12-01,AMGN,Healthcare,0.010154868025425,1.2513777104609738,0.0
2023-12-01,AMT,RealEstate,0.0,0.8442439638011534,0.0
2023-12-01,BA,Industrials,2.933780500890674e-19,0.14997180738029095,0.011742621034668405
2023-12-01,CAT,Industrials,2.0714965362180547e-18,2.0697678018819805,0.0
2023-12-01,CCI,RealEstate,1.3838226771614685e-18,-0.34633395656507393,1.1513437208875255e-18
2023-12-01,CMCSA,Comm,0.0,0.6244550649052854,0.0
2023-12-01,COP,Energy,0.0,-1.5047136528753933,0.0
2023-12-01,CVX,Energy,0.0246951639183851,1.5068751781507714,0.0
2023-12-01,D,Utilities,0.0,3.208930089913045,-0.0
2023-12-01,DD,Materials,0.0076030851437203,-0.06927338616077162,0.007126361859897026
2023-12-01,DIS,Consumer,0.0,-0.6027736304030664,0.0
2023-12-01,DOW,Materials,0.0,-0.2791170678096326,0.0
2023-12-01,DUK,Utilities,0.0,0.46019825083598304,0.0
2023-12-01,EA,Comm,0.0418943272733227,-0.4016305478572076,0.09985967079808425
2023-12-01,GE,Industrials,0.0117426210346684,1.7015000271410525,0.0
2023-12-01,GILD,Healthcare,2.4716861255003298e-18,-0.3035982480448814,3.017194185387441e-18
2023-12-01,GS,Financials,0.0,-0.1646132530872475,0.0
2023-12-01,INTC,Tech,0.0028298407435776,0.31685392139105023,0.002731022396506709
2023-12-01,KO,Consumer,0.1852392993344771,-0.7014900069745794,0.30987350533893937
2023-12-01,MMM,Industrials,2.6975601410636372e-18,2.155854145063575,0.0
2023-12-01,MRK,Healthcare,0.104649574718687,-0.4371488254344189,0.14083330989189574
2023-12-01,MS,Financials,7.280335955042451e-18,-0.6382940291353917,0.07508661134449784
2023-12-01,NEE,Utilities,1.8555654650869104e-19,-0.379716091589955,1.8852337429885646e-19
2023-12-01,NEM,Materials,0.0113999589549621,-0.18850931494686815,0.011876682238785375
2023-12-01,NKE,Consumer,1.0675829219390241e-18,1.0002000394787918,0.0
2023-12-01,NUE,Materials,0.0,-0.1278235558670413,0.0
2023-12-01,NVDA,Tech,0.0117157048867147,1.6806391119156545,0.0
2023-12-01,O,RealEstate,0.0844924070154578,-0.6181852789287737,0.0844924070154578
2023-12-01,OXY,Energy,0.0286899565761959,-0.4336157333750825,0.053385120494580995
2023-12-01,PLD,RealEstate,0.0,1.2395673778626586,-0.0
2023-12-01,PSA,RealEstate,2.5226782029404125e-18,-0.4808599143394814,2.308594124639079e-18
2023-12-01,QCOM,Tech,0.0,-0.29850134615237883,0.0
2023-12-01,SBUX,Consumer,0.0,-0.8527406218464367,0.0
2023-12-01,SHW,Materials,0.0,-0.4597473386709143,0.0
2023-12-01,SLB,Energy,4.1993638142835215e-18,-0.08146023253610352,5.894563270254736e-18
2023-12-01,SO,Utilities,1.2738895956173422e-18,-0.47041957095585896,1.3793429481075239e-18
2023-12-01,T,Comm,0.036052052288961,1.2833547755503525,0.0
2023-12-01,TMUS,Comm,0.0633801004385804,0.6152786034431212,0.041466809202779856
2023-12-01,TTWO,Comm,1.5102583092876086e-19,1.5454412681052103,0.0
2023-12-01,UPS,Industrials,1.2113925310044736e-18,1.6815150602641407,0.0
2023-12-01,USB,Financials,5.407803201373271e-19,-0.18519689361962058,0.004034879964137961
2023-12-01,V,Financials,0.0791214913086358,1.0577073420356298,0.0
2023-12-01,WFC,Financials,0.0,-0.5584434457484055,0.0
2023-12-01,WMT,Consumer,0.1794527812645813,0.6892897089812334,0.05481857526011902
2023-12-01,XOM,Energy,0.0,-0.5432403497943045,0.0
