mapped_trading_date,sector,sector_sentiment,sector_sentiment_lag1
2020-01-02,Comm,0.09235866666666667,
2020-01-03,Comm,0.0065699999999999995,0.09235866666666667
2020-01-06,Comm,0.057606666666666674,0.0065699999999999995
2020-01-07,Comm,0.09332,0.057606666666666674
2020-01-08,Comm,0.047416,0.09332
2020-01-09,Comm,-0.027080000000000003,0.047416
2020-01-10,Comm,-0.09694333333333334,-0.027080000000000003
2020-01-13,Comm,0.0108175,-0.09694333333333334
2020-01-14,Comm,0.020593333333333335,0.0108175
2020-01-15,Comm,0.010883333333333332,0.020593333333333335
2020-01-16,Comm,0.06245166666666666,0.010883333333333332
2020-01-17,Comm,0.01932,0.06245166666666666
2020-01-21,Comm,0.01816333333333333,0.01932
2020-01-22,Comm,-0.07086,0.01816333333333333
2020-01-23,Comm,0.17371285714285714,-0.07086
2020-01-24,Comm,0.008177090909090912,0.17371285714285714
2020-01-27,Comm,-0.010422424242424243,0.008177090909090912
2020-01-28,Comm,0.0067149999999999935,-0.010422424242424243
2020-01-29,Comm,0.11291500000000002,0.0067149999999999935
2020-01-30,Comm,-0.03582666666666666,0.11291500000000002
2020-01-31,Comm,-0.18282727272727273,-0.03582666666666666
2020-02-03,Comm,0.10843500000000002,-0.18282727272727273
2020-02-04,Comm,0.20932150000000002,0.10843500000000002
2020-02-05,Comm,0.0239,0.20932150000000002
2020-02-06,Comm,0.025545952380952384,0.0239
2020-02-07,Comm,0.05646700000000001,0.025545952380952384
2020-02-10,Comm,0.04206,0.05646700000000001
2020-02-11,Comm,-0.032351058823529406,0.04206
2020-02-12,Comm,0.06683833333333333,-0.032351058823529406
2020-02-13,Comm,0.07716785714285715,0.06683833333333333
2020-02-14,Comm,0.11717999999999999,0.07716785714285715
2020-02-18,Comm,0.02304457142857143,0.11717999999999999
2020-02-19,Comm,0.05024166666666667,0.02304457142857143
2020-02-20,Comm,0.055214166666666675,0.05024166666666667
2020-02-21,Comm,0.05649,0.055214166666666675
2020-02-24,Comm,0.030709999999999998,0.05649
2020-02-25,Comm,-0.01798,0.030709999999999998
2020-02-26,Comm,0.02384666666666667,-0.01798
2020-02-27,Comm,-0.011079999999999996,0.02384666666666667
2020-02-28,Comm,-0.14993357142857142,-0.011079999999999996
2020-03-02,Comm,0.09419,-0.14993357142857142
2020-03-03,Comm,0.048021999999999995,0.09419
2020-03-04,Comm,0.021496666666666667,0.048021999999999995
2020-03-05,Comm,0.08521666666666666,0.021496666666666667
2020-03-06,Comm,-0.012309999999999998,0.08521666666666666
2020-03-09,Comm,-0.008664761904761903,-0.012309999999999998
2020-03-10,Comm,-0.040745333333333335,-0.008664761904761903
2020-03-11,Comm,0.03312,-0.040745333333333335
2020-03-12,Comm,-0.033122,0.03312
2020-03-13,Comm,0.048723,-0.033122
2020-03-16,Comm,0.013208222222222227,0.048723
2020-03-17,Comm,0.021330666666666668,0.013208222222222227
2020-03-18,Comm,-0.0028459999999999987,0.021330666666666668
2020-03-19,Comm,0.03406000000000001,-0.0028459999999999987
2020-03-20,Comm,-0.048604999999999995,0.03406000000000001
2020-03-23,Comm,0.09480590909090908,-0.048604999999999995
2020-03-24,Comm,0.0844832380952381,0.09480590909090908
2020-03-25,Comm,0.12598066666666669,0.0844832380952381
2020-03-26,Comm,0.11148166666666666,0.12598066666666669
2020-03-27,Comm,0.060190666666666656,0.11148166666666666
2020-03-30,Comm,0.052564000000000013,0.060190666666666656
2020-03-31,Comm,0.09763,0.052564000000000013
2020-04-01,Comm,0.08195000000000001,0.09763
2020-04-02,Comm,0.007093333333333336,0.08195000000000001
2020-04-03,Comm,0.14545285714285713,0.007093333333333336
2020-04-06,Comm,0.07988666666666666,0.14545285714285713
2020-04-07,Comm,0.04579181818181818,0.07988666666666666
2020-04-08,Comm,0.02659933333333333,0.04579181818181818
2020-04-09,Comm,-0.0132,0.02659933333333333
2020-04-13,Comm,-0.08926666666666667,-0.0132
2020-04-14,Comm,0.10852857142857145,-0.08926666666666667
2020-04-15,Comm,0.0023430000000000005,0.10852857142857145
2020-04-16,Comm,0.176971,0.0023430000000000005
2020-04-17,Comm,0.11201333333333334,0.176971
2020-04-20,Comm,0.07279000000000001,0.11201333333333334
2020-04-21,Comm,0.04266833333333334,0.07279000000000001
2020-04-22,Comm,0.06400019047619047,0.04266833333333334
2020-04-23,Comm,-0.005474999999999999,0.06400019047619047
2020-04-24,Comm,0.022366060606060605,-0.005474999999999999
2020-04-27,Comm,0.11120727272727274,0.022366060606060605
2020-04-28,Comm,0.023317525252525256,0.11120727272727274
2020-04-29,Comm,0.06933428571428571,0.023317525252525256
2020-04-30,Comm,0.03844,0.06933428571428571
2020-05-01,Comm,-0.033931666666666666,0.03844
2020-05-04,Comm,0.035076444444444445,-0.033931666666666666
2020-05-05,Comm,0.19058285714285716,0.035076444444444445
2020-05-06,Comm,-0.01025166666666667,0.19058285714285716
2020-05-07,Comm,0.10442599999999999,-0.01025166666666667
2020-05-08,Comm,0.10773000000000002,0.10442599999999999
2020-05-11,Comm,0.0863495238095238,0.10773000000000002
2020-05-12,Comm,0.06129833333333333,0.0863495238095238
2020-05-13,Comm,-0.031720000000000005,0.06129833333333333
2020-05-14,Comm,0.02447333333333333,-0.031720000000000005
2020-05-15,Comm,0.03297166666666666,0.02447333333333333
2020-05-18,Comm,0.017687999999999995,0.03297166666666666
2020-05-19,Comm,0.131037,0.017687999999999995
2020-05-20,Comm,0.08712533333333333,0.131037
2020-05-21,Comm,0.038624000000000006,0.08712533333333333
2020-05-22,Comm,0.09448500000000001,0.038624000000000006
2020-05-26,Comm,0.120498,0.09448500000000001
2020-05-27,Comm,0.11563222222222222,0.120498
2020-05-28,Comm,0.044736484848484845,0.11563222222222222
2020-05-29,Comm,0.06203333333333334,0.044736484848484845
2020-06-01,Comm,0.052932,0.06203333333333334
2020-06-02,Comm,0.14842666666666665,0.052932
2020-06-03,Comm,-0.02498,0.14842666666666665
2020-06-04,Comm,0.05088499999999999,-0.02498
2020-06-05,Comm,0.100294,0.05088499999999999
2020-06-08,Comm,-0.1422275,0.100294
2020-06-09,Comm,-0.00244,-0.1422275
2020-06-10,Comm,-0.0793,-0.00244
2020-06-11,Comm,0.07463619047619048,-0.0793
2020-06-12,Comm,0.017660000000000002,0.07463619047619048
2020-06-15,Comm,0.002628333333333331,0.017660000000000002
2020-06-16,Comm,-7.777777777777662e-05,0.002628333333333331
2020-06-17,Comm,0.12914833333333334,-7.777777777777662e-05
2020-06-18,Comm,0.059714,0.12914833333333334
2020-06-19,Comm,-0.010006666666666664,0.059714
2020-06-22,Comm,0.028239999999999998,-0.010006666666666664
2020-06-23,Comm,0.056486666666666664,0.028239999999999998
2020-06-24,Comm,-0.0020239393939393917,0.056486666666666664
2020-06-25,Comm,0.032507999999999995,-0.0020239393939393917
2020-06-26,Comm,0.06982000000000001,0.032507999999999995
2020-06-29,Comm,0.06640628205128205,0.06982000000000001
2020-06-30,Comm,0.0009257142857142856,0.06640628205128205
2020-07-01,Comm,0.07823,0.0009257142857142856
2020-07-02,Comm,0.005935,0.07823
2020-07-06,Comm,0.06571,0.005935
2020-07-07,Comm,0.08569166666666667,0.06571
2020-07-08,Comm,0.03712499999999999,0.08569166666666667
2020-07-09,Comm,0.034385,0.03712499999999999
2020-07-10,Comm,0.005686666666666667,0.034385
2020-07-13,Comm,0.02483333333333334,0.005686666666666667
2020-07-14,Comm,0.03468857142857143,0.02483333333333334
2020-07-15,Comm,0.10998666666666665,0.03468857142857143
2020-07-16,Comm,0.04802333333333333,0.10998666666666665
2020-07-17,Comm,-0.10783000000000001,0.04802333333333333
2020-07-20,Comm,0.033850000000000005,-0.10783000000000001
2020-07-21,Comm,0.15707333333333334,0.033850000000000005
2020-07-22,Comm,0.05211333333333333,0.15707333333333334
2020-07-23,Comm,0.0022075000000000016,0.05211333333333333
2020-07-24,Comm,-0.007394999999999999,0.0022075000000000016
2020-07-27,Comm,0.031069999999999997,-0.007394999999999999
2020-07-28,Comm,0.04878400000000001,0.031069999999999997
2020-07-29,Comm,0.04803999999999999,0.04878400000000001
2020-07-30,Comm,0.06031500000000001,0.04803999999999999
2020-07-31,Comm,0.006209999999999999,0.06031500000000001
2020-08-03,Comm,0.045426,0.006209999999999999
2020-08-04,Comm,0.09231974358974358,0.045426
2020-08-05,Comm,0.119855,0.09231974358974358
2020-08-06,Comm,0.09038857142857143,0.119855
2020-08-07,Comm,0.007414358974358976,0.09038857142857143
2020-08-10,Comm,0.18227333333333334,0.007414358974358976
2020-08-11,Comm,0.07971333333333333,0.18227333333333334
2020-08-12,Comm,0.00516,0.07971333333333333
2020-08-13,Comm,0.11949499999999999,0.00516
2020-08-14,Comm,-0.060419999999999995,0.11949499999999999
2020-08-17,Comm,0.14206333333333332,-0.060419999999999995
2020-08-18,Comm,0.15536333333333335,0.14206333333333332
2020-08-19,Comm,-0.0015400000000000001,0.15536333333333335
2020-08-20,Comm,0.082764,-0.0015400000000000001
2020-08-21,Comm,0.08690666666666667,0.082764
2020-08-24,Comm,-0.07301,0.08690666666666667
2020-08-25,Comm,0.04686666666666667,-0.07301
2020-08-26,Comm,0.11437800000000001,0.04686666666666667
2020-08-27,Comm,0.0007699999999999999,0.11437800000000001
2020-08-28,Comm,0.008711666666666664,0.0007699999999999999
2020-08-31,Comm,0.033273333333333335,0.008711666666666664
2020-09-01,Comm,0.039049999999999994,0.033273333333333335
2020-09-02,Comm,0.10771333333333333,0.039049999999999994
2020-09-03,Comm,-0.012352857142857141,0.10771333333333333
2020-09-04,Comm,0.005583333333333333,-0.012352857142857141
2020-09-08,Comm,0.03498,0.005583333333333333
2020-09-09,Comm,0.14357999999999999,0.03498
2020-09-10,Comm,-0.03065,0.14357999999999999
2020-09-11,Comm,0.014179999999999998,-0.03065
2020-09-14,Comm,0.119065,0.014179999999999998
2020-09-15,Comm,0.016826666666666667,0.119065
2020-09-16,Comm,-0.02453666666666667,0.016826666666666667
2020-09-17,Comm,0.027693333333333337,-0.02453666666666667
2020-09-18,Comm,-0.06237,0.027693333333333337
2020-09-21,Comm,0.100627,-0.06237
2020-09-22,Comm,0.032130000000000006,0.100627
2020-09-23,Comm,0.00852,0.032130000000000006
2020-09-24,Comm,0.042946000000000005,0.00852
2020-09-25,Comm,0.00373,0.042946000000000005
2020-09-28,Comm,0.008579499999999999,0.00373
2020-09-29,Comm,0.013573333333333335,0.008579499999999999
2020-09-30,Comm,-0.02303,0.013573333333333335
2020-10-01,Comm,0.028501666666666665,-0.02303
2020-10-02,Comm,0.023180000000000006,0.028501666666666665
2020-10-05,Comm,0.028685,0.023180000000000006
2020-10-06,Comm,0.03443,0.028685
2020-10-07,Comm,-0.029330000000000005,0.03443
2020-10-08,Comm,0.0013240000000000018,-0.029330000000000005
2020-10-09,Comm,0.07925357142857144,0.0013240000000000018
2020-10-12,Comm,-0.026373636363636366,0.07925357142857144
2020-10-13,Comm,-0.028817142857142857,-0.026373636363636366
2020-10-14,Comm,0.2065846666666667,-0.028817142857142857
2020-10-15,Comm,0.004893333333333333,0.2065846666666667
2020-10-16,Comm,0.07544,0.004893333333333333
2020-10-19,Comm,0.2282433333333333,0.07544
2020-10-20,Comm,0.0010266666666666666,0.2282433333333333
2020-10-21,Comm,-0.023420000000000003,0.0010266666666666666
2020-10-22,Comm,0.023526666666666668,-0.023420000000000003
2020-10-23,Comm,-0.003007500000000001,0.023526666666666668
2020-10-26,Comm,0.07369400000000001,-0.003007500000000001
2020-10-27,Comm,0.0036,0.07369400000000001
2020-10-28,Comm,0.065994,0.0036
2020-10-29,Comm,0.174656,0.065994
2020-10-30,Comm,0.2030266666666667,0.174656
2020-11-02,Comm,0.03973,0.2030266666666667
2020-11-03,Comm,0.031172666666666664,0.03973
2020-11-04,Comm,-0.006957333333333332,0.031172666666666664
2020-11-05,Comm,-0.03838933333333334,-0.006957333333333332
2020-11-06,Comm,0.006842401960784313,-0.03838933333333334
2020-11-09,Comm,0.21002628571428575,0.006842401960784313
2020-11-10,Comm,0.034534999999999996,0.21002628571428575
2020-11-11,Comm,0.00142,0.034534999999999996
2020-11-12,Comm,-0.034025,0.00142
2020-11-13,Comm,0.02671,-0.034025
2020-11-16,Comm,0.08647600000000001,0.02671
2020-11-17,Comm,-0.044169,0.08647600000000001
2020-11-18,Comm,0.008654,-0.044169
2020-11-19,Comm,0.03659285714285714,0.008654
2020-11-20,Comm,0.004177500000000001,0.03659285714285714
2020-11-23,Comm,0.002634666666666674,0.004177500000000001
2020-11-24,Comm,0.01101666666666667,0.002634666666666674
2020-11-25,Comm,0.13037200000000002,0.01101666666666667
2020-11-27,Comm,0.08055999999999999,0.13037200000000002
2020-11-30,Comm,0.007566666666666668,0.08055999999999999
2020-12-01,Comm,0.08179,0.007566666666666668
2020-12-02,Comm,-0.09741999999999999,0.08179
2020-12-03,Comm,0.009594285714285713,-0.09741999999999999
2020-12-04,Comm,0.018712857142857142,0.009594285714285713
2020-12-07,Comm,0.09206666666666666,0.018712857142857142
2020-12-08,Comm,0.07686545454545454,0.09206666666666666
2020-12-09,Comm,0.0825525,0.07686545454545454
2020-12-10,Comm,0.075345,0.0825525
2020-12-11,Comm,0.03859714285714285,0.075345
2020-12-14,Comm,0.03007464285714286,0.03859714285714285
2020-12-15,Comm,0.05728285714285715,0.03007464285714286
2020-12-16,Comm,0.024883333333333334,0.05728285714285715
2020-12-17,Comm,0.007732500000000001,0.024883333333333334
2020-12-18,Comm,0.178924,0.007732500000000001
2020-12-21,Comm,0.06353866666666667,0.178924
2020-12-22,Comm,0.02248,0.06353866666666667
2020-12-23,Comm,0.051905,0.02248
2020-12-24,Comm,0.0017349999999999998,0.051905
2020-12-28,Comm,0.11725250000000001,0.0017349999999999998
2020-12-29,Comm,0.007299999999999999,0.11725250000000001
2020-12-30,Comm,0.09805,0.007299999999999999
2020-12-31,Comm,0.0158,0.09805
2021-01-04,Comm,0.015503333333333336,0.0158
2021-01-05,Comm,0.09771666666666667,0.015503333333333336
2021-01-06,Comm,0.07511085714285715,0.09771666666666667
2021-01-07,Comm,0.12009,0.07511085714285715
2021-01-08,Comm,-0.03265,0.12009
2021-01-11,Comm,0.05678000000000001,-0.03265
2021-01-12,Comm,-0.028240000000000005,0.05678000000000001
2021-01-13,Comm,-0.12030999999999999,-0.028240000000000005
2021-01-14,Comm,0.009497333333333333,-0.12030999999999999
2021-01-15,Comm,0.003183333333333333,0.009497333333333333
2021-01-19,Comm,-0.034384,0.003183333333333333
2021-01-20,Comm,-0.14081,-0.034384
2021-01-21,Comm,0.02463333333333333,-0.14081
2021-01-22,Comm,0.10973999999999999,0.02463333333333333
2021-01-25,Comm,0.05551380952380952,0.10973999999999999
2021-01-26,Comm,-0.030638571428571425,0.05551380952380952
2021-01-27,Comm,-0.0011039999999999995,-0.030638571428571425
2021-01-28,Comm,0.11014583333333335,-0.0011039999999999995
2021-01-29,Comm,0.05554999999999999,0.11014583333333335
2021-02-01,Comm,0.27318333333333333,0.05554999999999999
2021-02-02,Comm,0.06943666666666667,0.27318333333333333
2021-02-03,Comm,0.0026366666666666665,0.06943666666666667
2021-02-04,Comm,0.07558833333333334,0.0026366666666666665
2021-02-05,Comm,0.099341,0.07558833333333334
2021-02-08,Comm,-0.03685166666666667,0.099341
2021-02-09,Comm,0.06196238095238095,-0.03685166666666667
2021-02-10,Comm,0.030869999999999998,0.06196238095238095
2021-02-11,Comm,0.102065,0.030869999999999998
2021-02-12,Comm,0.0111,0.102065
2021-02-16,Comm,0.12924575757575757,0.0111
2021-02-17,Comm,0.02804666666666667,0.12924575757575757
2021-02-18,Comm,0.0009649999999999999,0.02804666666666667
2021-02-19,Comm,0.18919999999999998,0.0009649999999999999
2021-02-22,Comm,0.091988,0.18919999999999998
2021-02-23,Comm,0.10847333333333335,0.091988
2021-02-24,Comm,0.07367285714285714,0.10847333333333335
2021-02-25,Comm,-0.035924444444444446,0.07367285714285714
2021-02-26,Comm,0.030504999999999997,-0.035924444444444446
2021-03-01,Comm,0.018833333333333334,0.030504999999999997
2021-03-02,Comm,0.045753333333333326,0.018833333333333334
2021-03-03,Comm,-0.018518,0.045753333333333326
2021-03-04,Comm,0.12911,-0.018518
2021-03-05,Comm,0.08680266666666667,0.12911
2021-03-08,Comm,-0.059132,0.08680266666666667
2021-03-09,Comm,-0.0375,-0.059132
2021-03-10,Comm,0.09988416666666666,-0.0375
2021-03-11,Comm,0.003892000000000002,0.09988416666666666
2021-03-12,Comm,0.09489142857142858,0.003892000000000002
2021-03-15,Comm,0.1416625,0.09489142857142858
2021-03-16,Comm,0.031068000000000002,0.1416625
2021-03-17,Comm,0.02046,0.031068000000000002
2021-03-18,Comm,0.11428,0.02046
2021-03-19,Comm,0.3084966666666667,0.11428
2021-03-22,Comm,0.004765,0.3084966666666667
2021-03-23,Comm,0.015071999999999999,0.004765
2021-03-24,Comm,0.08001,0.015071999999999999
2021-03-25,Comm,0.007082,0.08001
2021-03-26,Comm,0.03454,0.007082
2021-03-29,Comm,0.0652038888888889,0.03454
2021-03-30,Comm,0.12309999999999999,0.0652038888888889
2021-03-31,Comm,-0.01806666666666667,0.12309999999999999
2021-04-01,Comm,0.11568200000000002,-0.01806666666666667
2021-04-05,Comm,0.049968,0.11568200000000002
2021-04-06,Comm,0.020585714285714284,0.049968
2021-04-07,Comm,0.0035340000000000002,0.020585714285714284
2021-04-08,Comm,0.04880666666666667,0.0035340000000000002
2021-04-09,Comm,0.041303,0.04880666666666667
2021-04-12,Comm,0.015007999999999999,0.041303
2021-04-13,Comm,0.10978399999999999,0.015007999999999999
2021-04-14,Comm,0.146795,0.10978399999999999
2021-04-15,Comm,-0.015043333333333334,0.146795
2021-04-16,Comm,0.04017,-0.015043333333333334
2021-04-19,Comm,-0.012864999999999998,0.04017
2021-04-20,Comm,-0.08489523809523809,-0.012864999999999998
2021-04-21,Comm,-0.08302333333333334,-0.08489523809523809
2021-04-22,Comm,0.11385999999999999,-0.08302333333333334
2021-04-23,Comm,0.006015999999999999,0.11385999999999999
2021-04-26,Comm,-0.053636666666666666,0.006015999999999999
2021-04-27,Comm,-0.05455555555555556,-0.053636666666666666
2021-04-28,Comm,0.06714666666666667,-0.05455555555555556
2021-04-29,Comm,0.192467,0.06714666666666667
2021-04-30,Comm,0.028166666666666666,0.192467
2021-05-03,Comm,0.14438666666666666,0.028166666666666666
2021-05-04,Comm,0.171248,0.14438666666666666
2021-05-05,Comm,0.16350866666666666,0.171248
2021-05-06,Comm,-0.031549999999999995,0.16350866666666666
2021-05-07,Comm,0.05290666666666667,-0.031549999999999995
2021-05-10,Comm,0.02085366666666667,0.05290666666666667
2021-05-11,Comm,0.09981333333333334,0.02085366666666667
2021-05-12,Comm,0.05911333333333333,0.09981333333333334
2021-05-13,Comm,0.0033599999999999997,0.05911333333333333
2021-05-14,Comm,0.0,0.0033599999999999997
2021-05-17,Comm,0.0372165811965812,0.0
2021-05-18,Comm,-0.05804,0.0372165811965812
2021-05-19,Comm,0.017627999999999998,-0.05804
2021-05-20,Comm,0.11903999999999999,0.017627999999999998
2021-05-21,Comm,0.07385428571428572,0.11903999999999999
2021-05-24,Comm,0.13756600000000002,0.07385428571428572
2021-05-25,Comm,0.08700999999999999,0.13756600000000002
2021-05-26,Comm,0.03586285714285714,0.08700999999999999
2021-05-27,Comm,0.10634999999999999,0.03586285714285714
2021-05-28,Comm,0.08505866666666667,0.10634999999999999
2021-06-01,Comm,0.061382000000000006,0.08505866666666667
2021-06-02,Comm,0.168595,0.061382000000000006
2021-06-03,Comm,0.09991333333333334,0.168595
2021-06-04,Comm,0.143315,0.09991333333333334
2021-06-07,Comm,0.11433333333333333,0.143315
2021-06-08,Comm,0.21276333333333333,0.11433333333333333
2021-06-09,Comm,-0.03464,0.21276333333333333
2021-06-10,Comm,-0.06098085714285715,-0.03464
2021-06-11,Comm,0.056310000000000006,-0.06098085714285715
2021-06-14,Comm,0.07553333333333333,0.056310000000000006
2021-06-15,Comm,0.013620000000000002,0.07553333333333333
2021-06-16,Comm,0.2096,0.013620000000000002
2021-06-17,Comm,0.10932000000000001,0.2096
2021-06-18,Comm,0.00167,0.10932000000000001
2021-06-21,Comm,0.10353333333333334,0.00167
2021-06-22,Comm,0.03791,0.10353333333333334
2021-06-23,Comm,0.02096866666666667,0.03791
2021-06-24,Comm,-0.052620000000000014,0.02096866666666667
2021-06-25,Comm,-0.006,-0.052620000000000014
2021-06-28,Comm,0.162192,-0.006
2021-06-29,Comm,0.05693999999999999,0.162192
2021-06-30,Comm,0.07072454545454546,0.05693999999999999
2021-07-01,Comm,-0.005063333333333335,0.07072454545454546
2021-07-02,Comm,0.16005999999999998,-0.005063333333333335
2021-07-06,Comm,0.09919000000000001,0.16005999999999998
2021-07-07,Comm,0.006196,0.09919000000000001
2021-07-08,Comm,-0.021605,0.006196
2021-07-09,Comm,0.13186000000000003,-0.021605
2021-07-12,Comm,0.04738833333333333,0.13186000000000003
2021-07-13,Comm,0.04977999999999999,0.04738833333333333
2021-07-14,Comm,0.0033666666666666662,0.04977999999999999
2021-07-15,Comm,0.004499999999999999,0.0033666666666666662
2021-07-16,Comm,-0.014105999999999997,0.004499999999999999
2021-07-19,Comm,0.15502,-0.014105999999999997
2021-07-20,Comm,0.181012,0.15502
2021-07-21,Comm,-0.05255,0.181012
2021-07-22,Comm,0.10194500000000002,-0.05255
2021-07-23,Comm,0.09214611111111112,0.10194500000000002
2021-07-26,Comm,0.009123999999999998,0.09214611111111112
2021-07-27,Comm,-0.05295333333333333,0.009123999999999998
2021-07-28,Comm,-0.06451666666666667,-0.05295333333333333
2021-07-29,Comm,0.08080071428571428,-0.06451666666666667
2021-07-30,Comm,0.026026666666666663,0.08080071428571428
2021-08-02,Comm,0.009945833333333334,0.026026666666666663
2021-08-03,Comm,0.074182,0.009945833333333334
2021-08-04,Comm,0.008946666666666667,0.074182
2021-08-05,Comm,0.055715,0.008946666666666667
2021-08-06,Comm,-0.16833,0.055715
2021-08-09,Comm,0.018851666666666673,-0.16833
2021-08-10,Comm,0.14117666666666667,0.018851666666666673
2021-08-11,Comm,-0.054559999999999984,0.14117666666666667
2021-08-12,Comm,0.22063666666666668,-0.054559999999999984
2021-08-13,Comm,0.01475,0.22063666666666668
2021-08-16,Comm,0.06595142857142858,0.01475
2021-08-17,Comm,0.07921,0.06595142857142858
2021-08-18,Comm,-0.02309714285714286,0.07921
2021-08-19,Comm,-0.03902,-0.02309714285714286
2021-08-20,Comm,0.01658,-0.03902
2021-08-23,Comm,0.08181333333333334,0.01658
2021-08-24,Comm,0.12956,0.08181333333333334
2021-08-25,Comm,0.03859,0.12956
2021-08-26,Comm,0.040735,0.03859
2021-08-27,Comm,0.24049666666666666,0.040735
2021-08-30,Comm,0.061341,0.24049666666666666
2021-08-31,Comm,0.004953333333333333,0.061341
2021-09-01,Comm,0.0,0.004953333333333333
2021-09-02,Comm,0.039999999999999994,0.0
2021-09-03,Comm,0.012523333333333334,0.039999999999999994
2021-09-07,Comm,0.07639666666666667,0.012523333333333334
2021-09-08,Comm,0.03261833333333333,0.07639666666666667
2021-09-09,Comm,-0.12737885714285718,0.03261833333333333
2021-09-10,Comm,0.08069000000000001,-0.12737885714285718
2021-09-13,Comm,0.23813285714285715,0.08069000000000001
2021-09-14,Comm,0.043374333333333334,0.23813285714285715
2021-09-15,Comm,-0.037805000000000005,0.043374333333333334
2021-09-16,Comm,0.03273,-0.037805000000000005
2021-09-17,Comm,0.014282952380952379,0.03273
2021-09-20,Comm,0.19987575757575757,0.014282952380952379
2021-09-21,Comm,-0.01471,0.19987575757575757
2021-09-22,Comm,0.025987999999999983,-0.01471
2021-09-23,Comm,0.14879,0.025987999999999983
2021-09-24,Comm,-0.043605,0.14879
2021-09-27,Comm,0.12368333333333334,-0.043605
2021-09-28,Comm,0.010003999999999999,0.12368333333333334
2021-09-29,Comm,-0.06254,0.010003999999999999
2021-09-30,Comm,-0.0202,-0.06254
2021-10-01,Comm,0.00697,-0.0202
2021-10-04,Comm,0.024210000000000002,0.00697
2021-10-05,Comm,0.030502857142857144,0.024210000000000002
2021-10-06,Comm,0.020623809523809523,0.030502857142857144
2021-10-07,Comm,0.04882499999999999,0.020623809523809523
2021-10-08,Comm,0.0022725,0.04882499999999999
2021-10-11,Comm,0.09204,0.0022725
2021-10-12,Comm,0.07604,0.09204
2021-10-13,Comm,0.023913333333333328,0.07604
2021-10-14,Comm,-0.02143,0.023913333333333328
2021-10-15,Comm,0.06242000000000001,-0.02143
2021-10-18,Comm,0.11191,0.06242000000000001
2021-10-19,Comm,0.15425333333333333,0.11191
2021-10-20,Comm,-0.010673333333333332,0.15425333333333333
2021-10-21,Comm,0.03417714285714286,-0.010673333333333332
2021-10-22,Comm,0.03958,0.03417714285714286
2021-10-25,Comm,0.016420000000000004,0.03958
2021-10-26,Comm,0.18363142857142858,0.016420000000000004
2021-10-27,Comm,0.02116,0.18363142857142858
2021-10-28,Comm,0.028450000000000003,0.02116
2021-10-29,Comm,0.04654166666666666,0.028450000000000003
2021-11-01,Comm,0.050355000000000004,0.04654166666666666
2021-11-02,Comm,0.031338333333333336,0.050355000000000004
2021-11-03,Comm,0.0822885,0.031338333333333336
2021-11-04,Comm,0.1337637142857143,0.0822885
2021-11-05,Comm,0.020976666666666668,0.1337637142857143
2021-11-08,Comm,-0.04465999999999999,0.020976666666666668
2021-11-09,Comm,0.11652,-0.04465999999999999
2021-11-10,Comm,0.044526666666666666,0.11652
2021-11-11,Comm,0.0018199999999999994,0.044526666666666666
2021-11-12,Comm,0.03000999999999999,0.0018199999999999994
2021-11-15,Comm,0.10281,0.03000999999999999
2021-11-16,Comm,0.10376285714285713,0.10281
2021-11-17,Comm,0.002728,0.10376285714285713
2021-11-18,Comm,0.05434666666666667,0.002728
2021-11-19,Comm,0.0007900000000000019,0.05434666666666667
2021-11-22,Comm,0.04467666666666666,0.0007900000000000019
2021-11-23,Comm,0.009232000000000008,0.04467666666666666
2021-11-24,Comm,0.027135000000000003,0.009232000000000008
2021-11-26,Comm,-0.10455999999999999,0.027135000000000003
2021-11-29,Comm,-0.11019999999999999,-0.10455999999999999
2021-11-30,Comm,0.0347890909090909,-0.11019999999999999
2021-12-01,Comm,0.16165666666666664,0.0347890909090909
2021-12-02,Comm,0.0005299999999999999,0.16165666666666664
2021-12-03,Comm,-0.02846666666666666,0.0005299999999999999
2021-12-06,Comm,0.03216,-0.02846666666666666
2021-12-07,Comm,0.10364999999999999,0.03216
2021-12-08,Comm,0.2184,0.10364999999999999
2021-12-09,Comm,0.00527,0.2184
2021-12-10,Comm,0.10558333333333333,0.00527
2021-12-13,Comm,0.00781,0.10558333333333333
2021-12-14,Comm,0.006953333333333334,0.00781
2021-12-15,Comm,0.106268,0.006953333333333334
2021-12-16,Comm,0.0252075,0.106268
2021-12-17,Comm,0.038148571428571434,0.0252075
2021-12-20,Comm,-0.0549875,0.038148571428571434
2021-12-21,Comm,-0.010535,-0.0549875
2021-12-22,Comm,0.04257333333333334,-0.010535
2021-12-23,Comm,0.086566,0.04257333333333334
2021-12-27,Comm,0.007035,0.086566
2021-12-28,Comm,0.0077175,0.007035
2021-12-29,Comm,-0.01788666666666667,0.0077175
2021-12-30,Comm,0.018881333333333337,-0.01788666666666667
2021-12-31,Comm,0.047733333333333336,0.018881333333333337
2022-01-03,Comm,-0.035530769230769234,0.047733333333333336
2022-01-04,Comm,0.0253625,-0.035530769230769234
2022-01-05,Comm,0.08544833333333332,0.0253625
2022-01-06,Comm,0.035782666666666664,0.08544833333333332
2022-01-07,Comm,0.026385,0.035782666666666664
2022-01-10,Comm,0.016726964285714286,0.026385
2022-01-11,Comm,-0.05584,0.016726964285714286
2022-01-12,Comm,0.15532133333333334,-0.05584
2022-01-13,Comm,0.060848,0.15532133333333334
2022-01-14,Comm,0.036624000000000004,0.060848
2022-01-18,Comm,0.014320749299719899,0.036624000000000004
2022-01-19,Comm,0.05359600000000001,0.014320749299719899
2022-01-20,Comm,0.2015351515151515,0.05359600000000001
2022-01-21,Comm,0.17536333333333334,0.2015351515151515
2022-01-24,Comm,0.10914722222222221,0.17536333333333334
2022-01-25,Comm,0.03633666666666667,0.10914722222222221
2022-01-26,Comm,0.2770233333333333,0.03633666666666667
2022-01-27,Comm,0.058309761904761906,0.2770233333333333
2022-01-28,Comm,-0.13058,0.058309761904761906
2022-01-31,Comm,0.05192457142857143,-0.13058
2022-02-01,Comm,-0.09332285714285712,0.05192457142857143
2022-02-02,Comm,0.03468047619047619,-0.09332285714285712
2022-02-03,Comm,-0.00809095238095238,0.03468047619047619
2022-02-04,Comm,-0.026054666666666677,-0.00809095238095238
2022-02-07,Comm,0.08348533333333334,-0.026054666666666677
2022-02-08,Comm,0.10326666666666666,0.08348533333333334
2022-02-09,Comm,0.05007400000000001,0.10326666666666666
2022-02-10,Comm,0.23323,0.05007400000000001
2022-02-11,Comm,0.03716,0.23323
2022-02-14,Comm,0.05287666666666666,0.03716
2022-02-15,Comm,0.09074933333333333,0.05287666666666666
2022-02-16,Comm,0.00851,0.09074933333333333
2022-02-17,Comm,0.14301285714285714,0.00851
2022-02-18,Comm,0.18182,0.14301285714285714
2022-02-22,Comm,-0.03787714285714286,0.18182
2022-02-23,Comm,-0.03564,-0.03787714285714286
2022-02-24,Comm,-0.002499999999999991,-0.03564
2022-02-25,Comm,0.24440999999999996,-0.002499999999999991
2022-02-28,Comm,0.07137111111111111,0.24440999999999996
2022-03-01,Comm,0.010090000000000005,0.07137111111111111
2022-03-02,Comm,0.049491999999999994,0.010090000000000005
2022-03-03,Comm,-0.030522000000000004,0.049491999999999994
2022-03-04,Comm,0.053790000000000004,-0.030522000000000004
2022-03-07,Comm,0.18143333333333334,0.053790000000000004
2022-03-08,Comm,-0.04343333333333334,0.18143333333333334
2022-03-09,Comm,0.011992000000000003,-0.04343333333333334
2022-03-10,Comm,0.03175666666666667,0.011992000000000003
2022-03-11,Comm,0.0062025,0.03175666666666667
2022-03-14,Comm,0.07205857142857142,0.0062025
2022-03-15,Comm,0.09712600000000002,0.07205857142857142
2022-03-16,Comm,-0.0091,0.09712600000000002
2022-03-17,Comm,-0.01738666666666666,-0.0091
2022-03-18,Comm,0.10883000000000001,-0.01738666666666666
2022-03-21,Comm,0.013316,0.10883000000000001
2022-03-22,Comm,0.06323333333333334,0.013316
2022-03-23,Comm,0.19607999999999998,0.06323333333333334
2022-03-24,Comm,0.0057050000000000035,0.19607999999999998
2022-03-25,Comm,0.0,0.0057050000000000035
2022-03-28,Comm,0.02934933333333333,0.0
2022-03-29,Comm,0.06385833333333334,0.02934933333333333
2022-03-30,Comm,0.0989,0.06385833333333334
2022-03-31,Comm,0.06411666666666667,0.0989
2022-04-01,Comm,0.012250000000000006,0.06411666666666667
2022-04-04,Comm,0.134963,0.012250000000000006
2022-04-05,Comm,-0.032884,0.134963
2022-04-06,Comm,0.036699999999999997,-0.032884
2022-04-07,Comm,0.070615,0.036699999999999997
2022-04-08,Comm,0.027690000000000003,0.070615
2022-04-11,Comm,0.022287647058823534,0.027690000000000003
2022-04-12,Comm,0.024717142857142858,0.022287647058823534
2022-04-13,Comm,0.066915,0.024717142857142858
2022-04-14,Comm,-0.0716,0.066915
2022-04-18,Comm,0.16566142857142857,-0.0716
2022-04-19,Comm,-0.023722666666666656,0.16566142857142857
2022-04-20,Comm,0.09954166666666667,-0.023722666666666656
2022-04-21,Comm,0.12396336842105264,0.09954166666666667
2022-04-22,Comm,-0.0030571428571428555,0.12396336842105264
2022-04-25,Comm,0.07698799999999999,-0.0030571428571428555
2022-04-26,Comm,0.055786,0.07698799999999999
2022-04-27,Comm,0.0954452380952381,0.055786
2022-04-28,Comm,0.12721999999999997,0.0954452380952381
2022-04-29,Comm,-0.03549600000000001,0.12721999999999997
2022-05-02,Comm,-0.03816599999999999,-0.03549600000000001
2022-05-03,Comm,0.10384000000000002,-0.03816599999999999
2022-05-04,Comm,-0.10908999999999999,0.10384000000000002
2022-05-05,Comm,0.09646666666666667,-0.10908999999999999
2022-05-06,Comm,0.030067,0.09646666666666667
2022-05-09,Comm,-0.05826,0.030067
2022-05-10,Comm,0.10866285714285714,-0.05826
2022-05-11,Comm,-0.026658000000000005,0.10866285714285714
2022-05-12,Comm,0.015952666666666664,-0.026658000000000005
2022-05-13,Comm,0.15947666666666668,0.015952666666666664
2022-05-16,Comm,-0.10618666666666665,0.15947666666666668
2022-05-17,Comm,-0.02210133333333333,-0.10618666666666665
2022-05-18,Comm,0.00787,-0.02210133333333333
2022-05-19,Comm,0.03830666666666667,0.00787
2022-05-20,Comm,-0.00039,0.03830666666666667
2022-05-23,Comm,0.08270999999999999,-0.00039
2022-05-24,Comm,0.14484000000000002,0.08270999999999999
2022-05-25,Comm,0.08567142857142858,0.14484000000000002
2022-05-26,Comm,0.09483,0.08567142857142858
2022-05-27,Comm,0.17949833333333334,0.09483
2022-05-31,Comm,0.012420666666666668,0.17949833333333334
2022-06-01,Comm,-0.080875,0.012420666666666668
2022-06-02,Comm,0.0045333333333333215,-0.080875
2022-06-03,Comm,0.07775733333333333,0.0045333333333333215
2022-06-06,Comm,0.05440666666666667,0.07775733333333333
2022-06-07,Comm,0.10150999999999999,0.05440666666666667
2022-06-08,Comm,0.090164,0.10150999999999999
2022-06-09,Comm,0.06975866666666666,0.090164
2022-06-10,Comm,0.012904000000000002,0.06975866666666666
2022-06-13,Comm,0.10822000000000001,0.012904000000000002
2022-06-14,Comm,0.20600000000000002,0.10822000000000001
2022-06-15,Comm,0.022746666666666672,0.20600000000000002
2022-06-16,Comm,0.10038999999999998,0.022746666666666672
2022-06-17,Comm,0.034912,0.10038999999999998
2022-06-21,Comm,0.05734857142857143,0.034912
2022-06-22,Comm,0.027695000000000004,0.05734857142857143
2022-06-23,Comm,-0.0005239999999999995,0.027695000000000004
2022-06-24,Comm,-0.012135999999999997,-0.0005239999999999995
2022-06-27,Comm,0.055345,-0.012135999999999997
2022-06-28,Comm,0.12563,0.055345
2022-06-29,Comm,-0.0009983333333333337,0.12563
2022-06-30,Comm,0.09654333333333334,-0.0009983333333333337
2022-07-01,Comm,0.19614666666666666,0.09654333333333334
2022-07-05,Comm,0.159365,0.19614666666666666
2022-07-06,Comm,-0.12129666666666665,0.159365
2022-07-07,Comm,0.0015400000000000001,-0.12129666666666665
2022-07-08,Comm,0.011183333333333333,0.0015400000000000001
2022-07-11,Comm,0.033730666666666666,0.011183333333333333
2022-07-12,Comm,0.19141333333333335,0.033730666666666666
2022-07-13,Comm,0.013003333333333339,0.19141333333333335
2022-07-14,Comm,-0.032458,0.013003333333333339
2022-07-15,Comm,-0.14390999999999998,-0.032458
2022-07-18,Comm,0.030743214285714287,-0.14390999999999998
2022-07-19,Comm,0.08609,0.030743214285714287
2022-07-20,Comm,-0.070375,0.08609
2022-07-21,Comm,0.11896566666666668,-0.070375
2022-07-22,Comm,0.05552933333333334,0.11896566666666668
2022-07-25,Comm,-0.020140555555555557,0.05552933333333334
2022-07-26,Comm,0.025086666666666663,-0.020140555555555557
2022-07-27,Comm,0.06413777777777778,0.025086666666666663
2022-07-28,Comm,-0.01586722222222222,0.06413777777777778
2022-07-29,Comm,0.12686000000000003,-0.01586722222222222
2022-08-01,Comm,0.056598888888888886,0.12686000000000003
2022-08-02,Comm,-0.0303025,0.056598888888888886
2022-08-03,Comm,0.131666,-0.0303025
2022-08-04,Comm,0.06009666666666667,0.131666
2022-08-05,Comm,0.10057,0.06009666666666667
2022-08-08,Comm,-0.12651133333333334,0.10057
2022-08-09,Comm,0.11277999999999999,-0.12651133333333334
2022-08-10,Comm,0.10597133333333333,0.11277999999999999
2022-08-11,Comm,0.06110000000000001,0.10597133333333333
2022-08-12,Comm,0.042980000000000004,0.06110000000000001
2022-08-15,Comm,0.03887999999999999,0.042980000000000004
2022-08-16,Comm,0.0032533333333333316,0.03887999999999999
2022-08-17,Comm,-0.03601333333333333,0.0032533333333333316
2022-08-18,Comm,0.006064999999999999,-0.03601333333333333
2022-08-19,Comm,-0.035535000000000004,0.006064999999999999
2022-08-22,Comm,0.09700666666666666,-0.035535000000000004
2022-08-23,Comm,0.016086666666666666,0.09700666666666666
2022-08-24,Comm,0.10275666666666668,0.016086666666666666
2022-08-25,Comm,-0.07821833333333333,0.10275666666666668
2022-08-26,Comm,0.04084466666666667,-0.07821833333333333
2022-08-29,Comm,0.03504,0.04084466666666667
2022-08-30,Comm,-0.09526,0.03504
2022-08-31,Comm,0.13906666666666667,-0.09526
2022-09-01,Comm,-0.03349333333333334,0.13906666666666667
2022-09-02,Comm,0.0025900000000000003,-0.03349333333333334
2022-09-06,Comm,0.081955,0.0025900000000000003
2022-09-07,Comm,-0.10146857142857142,0.081955
2022-09-08,Comm,0.1363282857142857,-0.10146857142857142
2022-09-09,Comm,0.044725,0.1363282857142857
2022-09-12,Comm,0.026157619047619048,0.044725
2022-09-13,Comm,-0.09143333333333334,0.026157619047619048
2022-09-14,Comm,0.077796,-0.09143333333333334
2022-09-15,Comm,0.10264166666666667,0.077796
2022-09-16,Comm,0.04997,0.10264166666666667
2022-09-19,Comm,0.020084545454545456,0.04997
2022-09-20,Comm,-0.006209999999999999,0.020084545454545456
2022-09-21,Comm,0.06454533333333334,-0.006209999999999999
2022-09-22,Comm,0.0469,0.06454533333333334
2022-09-23,Comm,0.044545999999999995,0.0469
2022-09-26,Comm,0.06302333333333333,0.044545999999999995
2022-09-27,Comm,0.10796166666666666,0.06302333333333333
2022-09-28,Comm,-0.06076114285714286,0.10796166666666666
2022-09-29,Comm,-0.09496,-0.06076114285714286
2022-09-30,Comm,0.011640000000000001,-0.09496
2022-10-03,Comm,0.200462,0.011640000000000001
2022-10-04,Comm,-0.06743999999999999,0.200462
2022-10-05,Comm,0.12452,-0.06743999999999999
2022-10-06,Comm,0.08387,0.12452
2022-10-07,Comm,0.05419,0.08387
2022-10-10,Comm,0.00413,0.05419
2022-10-11,Comm,0.070164,0.00413
2022-10-12,Comm,-0.040490000000000005,0.070164
2022-10-13,Comm,0.04321,-0.040490000000000005
2022-10-14,Comm,0.09740666666666667,0.04321
2022-10-17,Comm,0.05145999999999999,0.09740666666666667
2022-10-18,Comm,0.143636,0.05145999999999999
2022-10-19,Comm,0.06095166666666666,0.143636
2022-10-20,Comm,0.03826333333333333,0.06095166666666666
2022-10-21,Comm,-0.11030666666666664,0.03826333333333333
2022-10-24,Comm,0.10984833333333335,-0.11030666666666664
2022-10-25,Comm,0.02602888888888889,0.10984833333333335
2022-10-26,Comm,0.0026533333333333326,0.02602888888888889
2022-10-27,Comm,0.06683266666666668,0.0026533333333333326
2022-10-28,Comm,0.03822142857142857,0.06683266666666668
2022-10-31,Comm,0.14162,0.03822142857142857
2022-11-01,Comm,0.03708499999999999,0.14162
2022-11-02,Comm,0.0014766666666666706,0.03708499999999999
2022-11-03,Comm,0.11202999999999999,0.0014766666666666706
2022-11-04,Comm,0.0378,0.11202999999999999
2022-11-07,Comm,0.043221333333333334,0.0378
2022-11-08,Comm,0.03992846153846154,0.043221333333333334
2022-11-09,Comm,0.044,0.03992846153846154
2022-11-10,Comm,0.006840000000000001,0.044
2022-11-11,Comm,0.0431,0.006840000000000001
2022-11-14,Comm,0.09353880952380952,0.0431
2022-11-15,Comm,-0.02365666666666666,0.09353880952380952
2022-11-16,Comm,0.19109333333333334,-0.02365666666666666
2022-11-17,Comm,-0.02042666666666667,0.19109333333333334
2022-11-18,Comm,0.0,-0.02042666666666667
2022-11-21,Comm,0.00645,0.0
2022-11-22,Comm,0.07339333333333334,0.00645
2022-11-23,Comm,0.00412,0.07339333333333334
2022-11-25,Comm,0.097475,0.00412
2022-11-28,Comm,0.12781333333333333,0.097475
2022-11-29,Comm,0.18124,0.12781333333333333
2022-11-30,Comm,0.1166,0.18124
2022-12-01,Comm,0.08274666666666666,0.1166
2022-12-02,Comm,0.20031,0.08274666666666666
2022-12-05,Comm,0.001950285714285714,0.20031
2022-12-06,Comm,0.021699999999999994,0.001950285714285714
2022-12-07,Comm,0.07477,0.021699999999999994
2022-12-08,Comm,0.04550333333333333,0.07477
2022-12-09,Comm,0.05537500000000001,0.04550333333333333
2022-12-12,Comm,-0.03704333333333333,0.05537500000000001
2022-12-13,Comm,0.025439999999999997,-0.03704333333333333
2022-12-14,Comm,0.09396166666666668,0.025439999999999997
2022-12-15,Comm,0.008995,0.09396166666666668
2022-12-16,Comm,-0.19075499999999998,0.008995
2022-12-19,Comm,0.08065,-0.19075499999999998
2022-12-20,Comm,0.17818,0.08065
2022-12-21,Comm,-0.06707666666666666,0.17818
2022-12-22,Comm,-0.04409,-0.06707666666666666
2022-12-23,Comm,0.034613333333333336,-0.04409
2022-12-27,Comm,0.13304,0.034613333333333336
2022-12-28,Comm,0.006298999999999999,0.13304
2022-12-29,Comm,-0.028409999999999998,0.006298999999999999
2022-12-30,Comm,0.035566,-0.028409999999999998
2023-01-03,Comm,0.03518371428571428,0.035566
2023-01-04,Comm,0.00230999999999999,0.03518371428571428
2023-01-05,Comm,0.09826800000000001,0.00230999999999999
2023-01-06,Comm,0.14131,0.09826800000000001
2023-01-09,Comm,0.133222,0.14131
2023-01-10,Comm,0.10250333333333335,0.133222
2023-01-11,Comm,0.10231000000000001,0.10250333333333335
2023-01-12,Comm,0.11865466666666666,0.10231000000000001
2023-01-13,Comm,0.017650000000000002,0.11865466666666666
2023-01-17,Comm,0.18174,0.017650000000000002
2023-01-18,Comm,0.00956,0.18174
2023-01-19,Comm,0.07267833333333333,0.00956
2023-01-20,Comm,0.06251142857142857,0.07267833333333333
2023-01-23,Comm,0.029454,0.06251142857142857
2023-01-24,Comm,0.027105,0.029454
2023-01-25,Comm,-0.06121428571428571,0.027105
2023-01-26,Comm,0.22284045454545454,-0.06121428571428571
2023-01-27,Comm,0.08385600000000001,0.22284045454545454
2023-01-30,Comm,0.02904,0.08385600000000001
2023-01-31,Comm,-0.013524444444444447,0.02904
2023-02-01,Comm,-0.06240363636363637,-0.013524444444444447
2023-02-02,Comm,0.029126000000000003,-0.06240363636363637
2023-02-03,Comm,0.12014999999999998,0.029126000000000003
2023-02-06,Comm,0.0401025,0.12014999999999998
2023-02-07,Comm,0.17452300000000004,0.0401025
2023-02-08,Comm,0.02643,0.17452300000000004
2023-02-09,Comm,0.17922000000000002,0.02643
2023-02-10,Comm,0.02731999999999999,0.17922000000000002
2023-02-13,Comm,0.089792,0.02731999999999999
2023-02-14,Comm,-0.02829,0.089792
2023-02-15,Comm,0.28818,-0.02829
2023-02-16,Comm,-0.0035133333333333345,0.28818
2023-02-17,Comm,0.16071,-0.0035133333333333345
2023-02-21,Comm,0.06343666666666667,0.16071
2023-02-22,Comm,0.068015,0.06343666666666667
2023-02-23,Comm,-0.006290000000000001,0.068015
2023-02-24,Comm,0.043440000000000006,-0.006290000000000001
2023-02-27,Comm,0.005240000000000004,0.043440000000000006
2023-02-28,Comm,0.042629999999999994,0.005240000000000004
2023-03-01,Comm,-0.07891666666666666,0.042629999999999994
2023-03-02,Comm,0.14133500000000002,-0.07891666666666666
2023-03-03,Comm,-0.14424,0.14133500000000002
2023-03-06,Comm,0.11872,-0.14424
2023-03-07,Comm,0.21732,0.11872
2023-03-08,Comm,-0.08133,0.21732
2023-03-09,Comm,-0.010453333333333337,-0.08133
2023-03-10,Comm,0.019904,-0.010453333333333337
2023-03-13,Comm,0.04013666666666667,0.019904
2023-03-14,Comm,0.0007733333333333332,0.04013666666666667
2023-03-15,Comm,0.07778166666666667,0.0007733333333333332
2023-03-16,Comm,0.06461542857142857,0.07778166666666667
2023-03-17,Comm,0.007300000000000001,0.06461542857142857
2023-03-20,Comm,0.074002,0.007300000000000001
2023-03-21,Comm,0.07568400000000002,0.074002
2023-03-22,Comm,0.07243,0.07568400000000002
2023-03-23,Comm,0.21105000000000002,0.07243
2023-03-24,Comm,0.07444,0.21105000000000002
2023-03-27,Comm,0.08678285714285715,0.07444
2023-03-28,Comm,0.06400333333333333,0.08678285714285715
2023-03-29,Comm,0.047080000000000004,0.06400333333333333
2023-03-30,Comm,0.12376666666666666,0.047080000000000004
2023-03-31,Comm,0.139872,0.12376666666666666
2023-04-03,Comm,0.0744302380952381,0.139872
2023-04-04,Comm,0.05649,0.0744302380952381
2023-04-05,Comm,0.007485,0.05649
2023-04-06,Comm,0.04088,0.007485
2023-04-10,Comm,0.06466333333333334,0.04088
2023-04-11,Comm,-0.012925,0.06466333333333334
2023-04-12,Comm,0.11609333333333334,-0.012925
2023-04-13,Comm,0.09497619047619048,0.11609333333333334
2023-04-14,Comm,0.013503333333333334,0.09497619047619048
2023-04-17,Comm,0.029304444444444445,0.013503333333333334
2023-04-18,Comm,0.08828285714285715,0.029304444444444445
2023-04-19,Comm,0.023029333333333336,0.08828285714285715
2023-04-20,Comm,-0.052072820512820514,0.023029333333333336
2023-04-21,Comm,0.19502045454545452,-0.052072820512820514
2023-04-24,Comm,0.00368510822510823,0.19502045454545452
2023-04-25,Comm,-0.0003733333333333311,0.00368510822510823
2023-04-26,Comm,0.05710611111111112,-0.0003733333333333311
2023-04-27,Comm,0.1643531746031746,0.05710611111111112
2023-04-28,Comm,0.07775966666666667,0.1643531746031746
2023-05-01,Comm,-0.107985,0.07775966666666667
2023-05-02,Comm,0.076545,-0.107985
2023-05-03,Comm,-0.0023299999999999987,0.076545
2023-05-04,Comm,0.00669,-0.0023299999999999987
2023-05-05,Comm,0.09372,0.00669
2023-05-08,Comm,0.05247166666666667,0.09372
2023-05-09,Comm,0.04017,0.05247166666666667
2023-05-10,Comm,0.13032000000000002,0.04017
2023-05-11,Comm,0.12679047619047618,0.13032000000000002
2023-05-12,Comm,0.09010500000000002,0.12679047619047618
2023-05-15,Comm,0.06603,0.09010500000000002
2023-05-16,Comm,-0.0182,0.06603
2023-05-17,Comm,0.06474333333333333,-0.0182
2023-05-18,Comm,0.016046666666666667,0.06474333333333333
2023-05-19,Comm,0.038775,0.016046666666666667
2023-05-22,Comm,0.006354857142857151,0.038775
2023-05-23,Comm,0.03326333333333333,0.006354857142857151
2023-05-24,Comm,0.032363333333333334,0.03326333333333333
2023-05-25,Comm,0.01634,0.032363333333333334
2023-05-26,Comm,0.09204333333333334,0.01634
2023-05-30,Comm,-0.013084999999999996,0.09204333333333334
2023-05-31,Comm,-0.012744999999999998,-0.013084999999999996
2023-06-01,Comm,0.032765,-0.012744999999999998
2023-06-02,Comm,0.0019728205128205127,0.032765
2023-06-05,Comm,0.07759666666666667,0.0019728205128205127
2023-06-06,Comm,0.021381,0.07759666666666667
2023-06-07,Comm,0.21061066666666664,0.021381
2023-06-08,Comm,-0.0037616666666666658,0.21061066666666664
2023-06-09,Comm,0.1286,-0.0037616666666666658
2023-06-12,Comm,0.018056666666666665,0.1286
2023-06-13,Comm,-0.006099999999999997,0.018056666666666665
2023-06-14,Comm,0.05305,-0.006099999999999997
2023-06-15,Comm,0.013309000000000001,0.05305
2023-06-16,Comm,0.08273,0.013309000000000001
2023-06-20,Comm,0.116693,0.08273
2023-06-21,Comm,0.00722,0.116693
2023-06-22,Comm,0.077565,0.00722
2023-06-23,Comm,0.022474999999999995,0.077565
2023-06-26,Comm,0.011501111111111115,0.022474999999999995
2023-06-27,Comm,0.105348,0.011501111111111115
2023-06-28,Comm,0.009935000000000005,0.105348
2023-06-29,Comm,0.03404095238095238,0.009935000000000005
2023-06-30,Comm,0.007646666666666667,0.03404095238095238
2023-07-03,Comm,0.05403066666666667,0.007646666666666667
2023-07-05,Comm,0.14296,0.05403066666666667
2023-07-06,Comm,0.10670666666666666,0.14296
2023-07-07,Comm,-0.008171333333333336,0.10670666666666666
2023-07-10,Comm,0.04436833333333333,-0.008171333333333336
2023-07-11,Comm,0.024679999999999997,0.04436833333333333
2023-07-12,Comm,0.2014403333333333,0.024679999999999997
2023-07-13,Comm,-0.0065725,0.2014403333333333
2023-07-14,Comm,0.1693698039215686,-0.0065725
2023-07-17,Comm,0.021047179487179483,0.1693698039215686
2023-07-18,Comm,0.16569484848484847,0.021047179487179483
2023-07-19,Comm,0.14896254901960784,0.16569484848484847
2023-07-20,Comm,0.030770357142857148,0.14896254901960784
2023-07-21,Comm,0.11247238095238096,0.030770357142857148
2023-07-24,Comm,0.14758,0.11247238095238096
2023-07-25,Comm,-0.011757333333333331,0.14758
2023-07-26,Comm,0.15202766666666667,-0.011757333333333331
2023-07-27,Comm,0.12282714285714287,0.15202766666666667
2023-07-28,Comm,0.16641333333333336,0.12282714285714287
2023-07-31,Comm,0.044833954545454545,0.16641333333333336
2023-08-01,Comm,0.14025142857142858,0.044833954545454545
2023-08-02,Comm,0.03247333333333333,0.14025142857142858
2023-08-03,Comm,-0.01886428571428572,0.03247333333333333
2023-08-04,Comm,0.058288333333333345,-0.01886428571428572
2023-08-07,Comm,0.08409599999999999,0.058288333333333345
2023-08-08,Comm,0.15244166666666664,0.08409599999999999
2023-08-09,Comm,0.07574066666666668,0.15244166666666664
2023-08-10,Comm,-0.010510000000000002,0.07574066666666668
2023-08-11,Comm,0.05014333333333334,-0.010510000000000002
2023-08-14,Comm,0.05241666666666667,0.05014333333333334
2023-08-15,Comm,0.043013333333333334,0.05241666666666667
2023-08-16,Comm,0.05179,0.043013333333333334
2023-08-17,Comm,0.020235,0.05179
2023-08-18,Comm,0.097275,0.020235
2023-08-21,Comm,0.0065552380952380975,0.097275
2023-08-22,Comm,0.07952000000000001,0.0065552380952380975
2023-08-23,Comm,0.036452222222222226,0.07952000000000001
2023-08-24,Comm,0.023768333333333336,0.036452222222222226
2023-08-25,Comm,0.027306666666666667,0.023768333333333336
2023-08-28,Comm,0.061706,0.027306666666666667
2023-08-29,Comm,0.105135,0.061706
2023-08-30,Comm,0.052773333333333325,0.105135
2023-08-31,Comm,0.01394333333333333,0.052773333333333325
2023-09-01,Comm,0.045975,0.01394333333333333
2023-09-05,Comm,0.294088,0.045975
2023-09-06,Comm,0.1793816666666667,0.294088
2023-09-07,Comm,0.07969766666666667,0.1793816666666667
2023-09-08,Comm,0.15349266666666667,0.07969766666666667
2023-09-11,Comm,0.035440833333333324,0.15349266666666667
2023-09-12,Comm,0.057136666666666655,0.035440833333333324
2023-09-13,Comm,0.021891666666666667,0.057136666666666655
2023-09-14,Comm,0.08148,0.021891666666666667
2023-09-15,Comm,0.0016599999999999948,0.08148
2023-09-18,Comm,0.02033333333333333,0.0016599999999999948
2023-09-19,Comm,0.04677,0.02033333333333333
2023-09-20,Comm,0.07721,0.04677
2023-09-21,Comm,0.021643333333333337,0.07721
2023-09-22,Comm,-0.0004420000000000007,0.021643333333333337
2023-09-25,Comm,-0.0244375,-0.0004420000000000007
2023-09-26,Comm,0.11770733333333334,-0.0244375
2023-09-27,Comm,0.06428999999999999,0.11770733333333334
2023-09-28,Comm,0.13431085714285715,0.06428999999999999
2023-09-29,Comm,0.11539000000000002,0.13431085714285715
2023-10-02,Comm,0.187876,0.11539000000000002
2023-10-03,Comm,0.00968,0.187876
2023-10-04,Comm,0.10269571428571429,0.00968
2023-10-05,Comm,0.038185000000000004,0.10269571428571429
2023-10-06,Comm,0.038447499999999996,0.038185000000000004
2023-10-09,Comm,0.17556388888888888,0.038447499999999996
2023-10-10,Comm,0.058906,0.17556388888888888
2023-10-11,Comm,0.0003499999999999996,0.058906
2023-10-12,Comm,-0.061616666666666674,0.0003499999999999996
2023-10-13,Comm,0.006848333333333333,-0.061616666666666674
2023-10-16,Comm,0.10098666666666667,0.006848333333333333
2023-10-17,Comm,-0.035269999999999996,0.10098666666666667
2023-10-18,Comm,0.00801333333333333,-0.035269999999999996
2023-10-19,Comm,0.0369837037037037,0.00801333333333333
2023-10-20,Comm,0.008760606060606059,0.0369837037037037
2023-10-23,Comm,-0.013438999999999996,0.008760606060606059
2023-10-24,Comm,0.05236666666666667,-0.013438999999999996
2023-10-25,Comm,0.1574702380952381,0.05236666666666667
2023-10-26,Comm,0.06978803418803418,0.1574702380952381
2023-10-27,Comm,0.007813333333333334,0.06978803418803418
2023-10-30,Comm,0.06168666666666667,0.007813333333333334
2023-10-31,Comm,0.12,0.06168666666666667
2023-11-01,Comm,-0.00465333333333332,0.12
2023-11-02,Comm,0.020011666666666667,-0.00465333333333332
2023-11-03,Comm,0.022490000000000003,0.020011666666666667
2023-11-06,Comm,0.020177999999999998,0.022490000000000003
2023-11-07,Comm,0.08501,0.020177999999999998
2023-11-08,Comm,0.059312,0.08501
2023-11-09,Comm,0.10945023809523809,0.059312
2023-11-10,Comm,0.023796,0.10945023809523809
2023-11-13,Comm,0.03570333333333333,0.023796
2023-11-14,Comm,0.00801,0.03570333333333333
2023-11-15,Comm,0.04189,0.00801
2023-11-16,Comm,-0.011689999999999999,0.04189
2023-11-17,Comm,0.0037400000000000003,-0.011689999999999999
2023-11-20,Comm,0.20491,0.0037400000000000003
2023-11-21,Comm,0.06610666666666667,0.20491
2023-11-22,Comm,0.078512,0.06610666666666667
2023-11-24,Comm,0.13531433333333334,0.078512
2023-11-27,Comm,0.04462666666666666,0.13531433333333334
2023-11-28,Comm,0.08261,0.04462666666666666
2023-11-29,Comm,-0.006365333333333332,0.08261
2023-11-30,Comm,0.13871266666666665,-0.006365333333333332
2023-12-01,Comm,0.05769,0.13871266666666665
2023-12-04,Comm,0.01684166666666666,0.05769
2023-12-05,Comm,-0.004397794871794871,0.01684166666666666
2023-12-06,Comm,0.03194416666666666,-0.004397794871794871
2023-12-07,Comm,0.10443333333333334,0.03194416666666666
2023-12-08,Comm,0.04810666666666667,0.10443333333333334
2023-12-11,Comm,0.032145238095238095,0.04810666666666667
2023-12-12,Comm,0.07652507936507937,0.032145238095238095
2023-12-13,Comm,0.139816,0.07652507936507937
2023-12-14,Comm,0.10257333333333334,0.139816
2023-12-15,Comm,0.009166666666666665,0.10257333333333334
2023-12-18,Comm,0.14927600000000002,0.009166666666666665
2023-12-19,Comm,0.0,0.14927600000000002
2023-12-20,Comm,0.0,0.0
2023-12-21,Comm,0.0,0.0
2023-12-22,Comm,0.0,0.0
2023-12-26,Comm,0.0,0.0
2023-12-27,Comm,0.0,0.0
2023-12-28,Comm,0.0,0.0
2023-12-29,Comm,0.0,0.0
2020-01-02,Consumer,-0.06817095238095237,
2020-01-03,Consumer,-0.18427833333333335,-0.06817095238095237
2020-01-06,Consumer,0.026227083333333335,-0.18427833333333335
2020-01-07,Consumer,0.08132750000000001,0.026227083333333335
2020-01-08,Consumer,0.06178571428571429,0.08132750000000001
2020-01-09,Consumer,0.12821817460317458,0.06178571428571429
2020-01-10,Consumer,0.12495799999999999,0.12821817460317458
2020-01-13,Consumer,0.02722371428571429,0.12495799999999999
2020-01-14,Consumer,0.011278333333333333,0.02722371428571429
2020-01-15,Consumer,0.027477904761904766,0.011278333333333333
2020-01-16,Consumer,0.06447800000000001,0.027477904761904766
2020-01-17,Consumer,0.09828711111111112,0.06447800000000001
2020-01-21,Consumer,0.09778840909090909,0.09828711111111112
2020-01-22,Consumer,0.08948190476190476,0.09778840909090909
2020-01-23,Consumer,0.106486,0.08948190476190476
2020-01-24,Consumer,0.04928641025641026,0.106486
2020-01-27,Consumer,0.06913722222222222,0.04928641025641026
2020-01-28,Consumer,0.04611657142857144,0.06913722222222222
2020-01-29,Consumer,0.009065809523809521,0.04611657142857144
2020-01-30,Consumer,-0.03794842857142858,0.009065809523809521
2020-01-31,Consumer,0.019808585858585855,-0.03794842857142858
2020-02-03,Consumer,0.1009135064935065,0.019808585858585855
2020-02-04,Consumer,0.08558999999999999,0.1009135064935065
2020-02-05,Consumer,0.01635537037037037,0.08558999999999999
2020-02-06,Consumer,0.10843222222222222,0.01635537037037037
2020-02-07,Consumer,0.14757583333333332,0.10843222222222222
2020-02-10,Consumer,-0.048616904761904764,0.14757583333333332
2020-02-11,Consumer,-0.09065016666666667,-0.048616904761904764
2020-02-12,Consumer,0.11260696078431373,-0.09065016666666667
2020-02-13,Consumer,0.002850166666666662,0.11260696078431373
2020-02-14,Consumer,-0.040176333333333335,0.002850166666666662
2020-02-18,Consumer,0.052236111111111115,-0.040176333333333335
2020-02-19,Consumer,0.137966,0.052236111111111115
2020-02-20,Consumer,-0.022733857142857142,0.137966
2020-02-21,Consumer,-0.038008333333333325,-0.022733857142857142
2020-02-24,Consumer,0.01328857142857143,-0.038008333333333325
2020-02-25,Consumer,0.17341942307692307,0.01328857142857143
2020-02-26,Consumer,0.0066616666666666656,0.17341942307692307
2020-02-27,Consumer,0.02737022222222222,0.0066616666666666656
2020-02-28,Consumer,-0.15373880952380953,0.02737022222222222
2020-03-02,Consumer,0.03244273504273504,-0.15373880952380953
2020-03-03,Consumer,-0.02930666666666667,0.03244273504273504
2020-03-04,Consumer,0.09807333333333332,-0.02930666666666667
2020-03-05,Consumer,0.008944597402597397,0.09807333333333332
2020-03-06,Consumer,-0.0673484065934066,0.008944597402597397
2020-03-09,Consumer,-0.013459743589743589,-0.0673484065934066
2020-03-10,Consumer,-0.0009353131313131313,-0.013459743589743589
2020-03-11,Consumer,0.0006436190476190471,-0.0009353131313131313
2020-03-12,Consumer,-0.010071755555555556,0.0006436190476190471
2020-03-13,Consumer,0.007379444444444444,-0.010071755555555556
2020-03-16,Consumer,-0.0516471847826087,0.007379444444444444
2020-03-17,Consumer,0.07516404761904763,-0.0516471847826087
2020-03-18,Consumer,0.0006428282828282922,0.07516404761904763
2020-03-19,Consumer,0.008341416666666667,0.0006428282828282922
2020-03-20,Consumer,0.059924159090909104,0.008341416666666667
2020-03-23,Consumer,0.0361261949814891,0.059924159090909104
2020-03-24,Consumer,0.11563116483516482,0.0361261949814891
2020-03-25,Consumer,0.14363219047619047,0.11563116483516482
2020-03-26,Consumer,0.182375,0.14363219047619047
2020-03-27,Consumer,0.061634102564102566,0.182375
2020-03-30,Consumer,0.06981064912280702,0.061634102564102566
2020-03-31,Consumer,-0.01064,0.06981064912280702
2020-04-01,Consumer,-0.11608888888888891,-0.01064
2020-04-02,Consumer,-0.018875,-0.11608888888888891
2020-04-03,Consumer,0.051473333333333336,-0.018875
2020-04-06,Consumer,0.13361227705627707,0.051473333333333336
2020-04-07,Consumer,0.145785797979798,0.13361227705627707
2020-04-08,Consumer,-0.018366384210526315,0.145785797979798
2020-04-09,Consumer,0.14514630952380952,-0.018366384210526315
2020-04-13,Consumer,-0.057543163170163183,0.14514630952380952
2020-04-14,Consumer,0.18973199999999998,-0.057543163170163183
2020-04-15,Consumer,-0.019541484848484846,0.18973199999999998
2020-04-16,Consumer,0.15317980676328502,-0.019541484848484846
2020-04-17,Consumer,0.09648166666666666,0.15317980676328502
2020-04-20,Consumer,0.03311857142857143,0.09648166666666666
2020-04-21,Consumer,-0.014864684684684683,0.03311857142857143
2020-04-22,Consumer,0.11903019607843138,-0.014864684684684683
2020-04-23,Consumer,-0.018421030303030307,0.11903019607843138
2020-04-24,Consumer,0.00010099999999999276,-0.018421030303030307
2020-04-27,Consumer,0.12891488888888888,0.00010099999999999276
2020-04-28,Consumer,0.06390230769230769,0.12891488888888888
2020-04-29,Consumer,0.06024821978021978,0.06390230769230769
2020-04-30,Consumer,0.027295416666666666,0.06024821978021978
2020-05-01,Consumer,0.11268466666666668,0.027295416666666666
2020-05-04,Consumer,0.06100193406593406,0.11268466666666668
2020-05-05,Consumer,0.11389866666666668,0.06100193406593406
2020-05-06,Consumer,0.05896027450980392,0.11389866666666668
2020-05-07,Consumer,0.09296777777777777,0.05896027450980392
2020-05-08,Consumer,0.056439012987012996,0.09296777777777777
2020-05-11,Consumer,0.05705129166666667,0.056439012987012996
2020-05-12,Consumer,0.07850120000000001,0.05705129166666667
2020-05-13,Consumer,0.0704356507936508,0.07850120000000001
2020-05-14,Consumer,0.05096790196078431,0.0704356507936508
2020-05-15,Consumer,0.04326637037037037,0.05096790196078431
2020-05-18,Consumer,0.1069854871794872,0.04326637037037037
2020-05-19,Consumer,-0.02539507692307692,0.1069854871794872
2020-05-20,Consumer,0.016016071428571428,-0.02539507692307692
2020-05-21,Consumer,0.008754242424242425,0.016016071428571428
2020-05-22,Consumer,-0.004194666666666663,0.008754242424242425
2020-05-26,Consumer,0.16909075,-0.004194666666666663
2020-05-27,Consumer,0.027466893939393937,0.16909075
2020-05-28,Consumer,0.072276,0.027466893939393937
2020-05-29,Consumer,0.08024990476190477,0.072276
2020-06-01,Consumer,0.04882191866028708,0.08024990476190477
2020-06-02,Consumer,-0.13008966666666666,0.04882191866028708
2020-06-03,Consumer,0.09213952380952381,-0.13008966666666666
2020-06-04,Consumer,0.05212,0.09213952380952381
2020-06-05,Consumer,0.016042000000000004,0.05212
2020-06-08,Consumer,0.04185666666666666,0.016042000000000004
2020-06-09,Consumer,0.0867462380952381,0.04185666666666666
2020-06-10,Consumer,-0.010837136363636368,0.0867462380952381
2020-06-11,Consumer,0.011012056277056276,-0.010837136363636368
2020-06-12,Consumer,0.02116266666666667,0.011012056277056276
2020-06-15,Consumer,-0.008524545454545451,0.02116266666666667
2020-06-16,Consumer,0.06583333333333334,-0.008524545454545451
2020-06-17,Consumer,0.17406516666666666,0.06583333333333334
2020-06-18,Consumer,0.03977247619047619,0.17406516666666666
2020-06-19,Consumer,-0.04950488888888889,0.03977247619047619
2020-06-22,Consumer,0.027109499999999998,-0.04950488888888889
2020-06-23,Consumer,0.16102466666666668,0.027109499999999998
2020-06-24,Consumer,0.02088816666666667,0.16102466666666668
2020-06-25,Consumer,0.08746373333333335,0.02088816666666667
2020-06-26,Consumer,0.06869313725490196,0.08746373333333335
2020-06-29,Consumer,0.02898353846153846,0.06869313725490196
2020-06-30,Consumer,0.11343133333333333,0.02898353846153846
2020-07-01,Consumer,0.035307857142857155,0.11343133333333333
2020-07-02,Consumer,0.131772,0.035307857142857155
2020-07-06,Consumer,0.028039095238095234,0.131772
2020-07-07,Consumer,0.09055145454545455,0.028039095238095234
2020-07-08,Consumer,0.06966416666666667,0.09055145454545455
2020-07-09,Consumer,0.04728535714285714,0.06966416666666667
2020-07-10,Consumer,-0.006964285714285716,0.04728535714285714
2020-07-13,Consumer,0.009322761904761907,-0.006964285714285716
2020-07-14,Consumer,0.05972047619047619,0.009322761904761907
2020-07-15,Consumer,0.09048257142857144,0.05972047619047619
2020-07-16,Consumer,0.1316243650793651,0.09048257142857144
2020-07-17,Consumer,0.05696444444444445,0.1316243650793651
2020-07-20,Consumer,0.07957846753246753,0.05696444444444445
2020-07-21,Consumer,0.203759751552795,0.07957846753246753
2020-07-22,Consumer,0.087928,0.203759751552795
2020-07-23,Consumer,0.054859038461538466,0.087928
2020-07-24,Consumer,-0.021718833333333333,0.054859038461538466
2020-07-27,Consumer,0.013748888888888889,-0.021718833333333333
2020-07-28,Consumer,0.06920504761904762,0.013748888888888889
2020-07-29,Consumer,0.05920388888888889,0.06920504761904762
2020-07-30,Consumer,0.05456066666666666,0.05920388888888889
2020-07-31,Consumer,0.046304285714285714,0.05456066666666666
2020-08-03,Consumer,0.009408705882352944,0.046304285714285714
2020-08-04,Consumer,0.15952474747474749,0.009408705882352944
2020-08-05,Consumer,0.07067094117647059,0.15952474747474749
2020-08-06,Consumer,0.023632666666666663,0.07067094117647059
2020-08-07,Consumer,0.12109,0.023632666666666663
2020-08-10,Consumer,0.06529536796536797,0.12109
2020-08-11,Consumer,0.00017950000000000187,0.06529536796536797
2020-08-12,Consumer,0.06367,0.00017950000000000187
2020-08-13,Consumer,-0.02278404761904763,0.06367
2020-08-14,Consumer,-0.0374175,-0.02278404761904763
2020-08-17,Consumer,0.0611751851851852,-0.0374175
2020-08-18,Consumer,0.06116080357142857,0.0611751851851852
2020-08-19,Consumer,0.12965636363636363,0.06116080357142857
2020-08-20,Consumer,0.10902,0.12965636363636363
2020-08-21,Consumer,0.18183033333333332,0.10902
2020-08-24,Consumer,0.044612857142857135,0.18183033333333332
2020-08-25,Consumer,0.06942999999999999,0.044612857142857135
2020-08-26,Consumer,-0.0032242857142857156,0.06942999999999999
2020-08-27,Consumer,-0.004821754385964913,-0.0032242857142857156
2020-08-28,Consumer,-0.02084940170940171,-0.004821754385964913
2020-08-31,Consumer,0.017386176470588238,-0.02084940170940171
2020-09-01,Consumer,0.0627392857142857,0.017386176470588238
2020-09-02,Consumer,0.10792333333333334,0.0627392857142857
2020-09-03,Consumer,0.07811785714285716,0.10792333333333334
2020-09-04,Consumer,0.035274,0.07811785714285716
2020-09-08,Consumer,0.0094539696969697,0.035274
2020-09-09,Consumer,0.09148969696969697,0.0094539696969697
2020-09-10,Consumer,0.15494499999999997,0.09148969696969697
2020-09-11,Consumer,0.05814166666666667,0.15494499999999997
2020-09-14,Consumer,0.040295761904761904,0.05814166666666667
2020-09-15,Consumer,0.13792476190476194,0.040295761904761904
2020-09-16,Consumer,-0.03927666666666667,0.13792476190476194
2020-09-17,Consumer,0.1363636666666667,-0.03927666666666667
2020-09-18,Consumer,0.06682409090909092,0.1363636666666667
2020-09-21,Consumer,0.07170746666666666,0.06682409090909092
2020-09-22,Consumer,0.06683833333333333,0.07170746666666666
2020-09-23,Consumer,0.08730533333333333,0.06683833333333333
2020-09-24,Consumer,0.14656190476190475,0.08730533333333333
2020-09-25,Consumer,0.041043333333333334,0.14656190476190475
2020-09-28,Consumer,0.05991515151515152,0.041043333333333334
2020-09-29,Consumer,0.13686349206349208,0.05991515151515152
2020-09-30,Consumer,0.07428467532467534,0.13686349206349208
2020-10-01,Consumer,0.014682,0.07428467532467534
2020-10-02,Consumer,0.05465309523809523,0.014682
2020-10-05,Consumer,0.07650266666666668,0.05465309523809523
2020-10-06,Consumer,0.08606555555555556,0.07650266666666668
2020-10-07,Consumer,0.08164785714285713,0.08606555555555556
2020-10-08,Consumer,0.08023547619047619,0.08164785714285713
2020-10-09,Consumer,0.07509428571428571,0.08023547619047619
2020-10-12,Consumer,0.14782948717948716,0.07509428571428571
2020-10-13,Consumer,0.0050071929824561405,0.14782948717948716
2020-10-14,Consumer,0.10893607142857142,0.0050071929824561405
2020-10-15,Consumer,0.026577454545454543,0.10893607142857142
2020-10-16,Consumer,0.08866666666666667,0.026577454545454543
2020-10-19,Consumer,0.1524895238095238,0.08866666666666667
2020-10-20,Consumer,0.15121,0.1524895238095238
2020-10-21,Consumer,0.11479814285714288,0.15121
2020-10-22,Consumer,0.1137856283891547,0.11479814285714288
2020-10-23,Consumer,0.23327166666666668,0.1137856283891547
2020-10-26,Consumer,0.03533000000000001,0.23327166666666668
2020-10-27,Consumer,0.16576500000000002,0.03533000000000001
2020-10-28,Consumer,-0.008787999999999999,0.16576500000000002
2020-10-29,Consumer,0.032655809523809524,-0.008787999999999999
2020-10-30,Consumer,0.1453228888888889,0.032655809523809524
2020-11-02,Consumer,0.0571738888888889,0.1453228888888889
2020-11-03,Consumer,0.0704897142857143,0.0571738888888889
2020-11-04,Consumer,0.03752971428571429,0.0704897142857143
2020-11-05,Consumer,-0.006130000000000001,0.03752971428571429
2020-11-06,Consumer,0.06907178571428571,-0.006130000000000001
2020-11-09,Consumer,0.06604499999999999,0.06907178571428571
2020-11-10,Consumer,0.12021111111111112,0.06604499999999999
2020-11-11,Consumer,0.06505066666666667,0.12021111111111112
2020-11-12,Consumer,0.010181411255411252,0.06505066666666667
2020-11-13,Consumer,0.11140968944099379,0.010181411255411252
2020-11-16,Consumer,0.020287500000000003,0.11140968944099379
2020-11-17,Consumer,0.20896631578947367,0.020287500000000003
2020-11-18,Consumer,0.05440999999999999,0.20896631578947367
2020-11-19,Consumer,-0.15655333333333335,0.05440999999999999
2020-11-20,Consumer,0.03344202380952381,-0.15655333333333335
2020-11-23,Consumer,0.12246493406593409,0.03344202380952381
2020-11-24,Consumer,0.036575,0.12246493406593409
2020-11-25,Consumer,0.10034499999999999,0.036575
2020-11-27,Consumer,0.13417600000000002,0.10034499999999999
2020-11-30,Consumer,0.099747,0.13417600000000002
2020-12-01,Consumer,0.024655000000000003,0.099747
2020-12-02,Consumer,0.046773555555555554,0.024655000000000003
2020-12-03,Consumer,0.06172466666666667,0.046773555555555554
2020-12-04,Consumer,0.03193666666666667,0.06172466666666667
2020-12-07,Consumer,0.034422190476190474,0.03193666666666667
2020-12-08,Consumer,0.09968611111111111,0.034422190476190474
2020-12-09,Consumer,0.03285557575757576,0.09968611111111111
2020-12-10,Consumer,0.057187809523809516,0.03285557575757576
2020-12-11,Consumer,0.05407143859649123,0.057187809523809516
2020-12-14,Consumer,0.05790533333333333,0.05407143859649123
2020-12-15,Consumer,0.05631571428571428,0.05790533333333333
2020-12-16,Consumer,0.09171866666666666,0.05631571428571428
2020-12-17,Consumer,0.176637,0.09171866666666666
2020-12-18,Consumer,0.12048466666666666,0.176637
2020-12-21,Consumer,0.09608633333333334,0.12048466666666666
2020-12-22,Consumer,0.033398,0.09608633333333334
2020-12-23,Consumer,0.119937,0.033398
2020-12-24,Consumer,0.097007,0.119937
2020-12-28,Consumer,0.11161654545454547,0.097007
2020-12-29,Consumer,0.1398507777777778,0.11161654545454547
2020-12-30,Consumer,0.19137666666666667,0.1398507777777778
2020-12-31,Consumer,0.2062755555555556,0.19137666666666667
2021-01-04,Consumer,0.02131488888888889,0.2062755555555556
2021-01-05,Consumer,0.03788166666666667,0.02131488888888889
2021-01-06,Consumer,0.045183333333333325,0.03788166666666667
2021-01-07,Consumer,0.052100333333333325,0.045183333333333325
2021-01-08,Consumer,0.180001,0.052100333333333325
2021-01-11,Consumer,0.11077666666666666,0.180001
2021-01-12,Consumer,0.07829666666666665,0.11077666666666666
2021-01-13,Consumer,-0.016315999999999997,0.07829666666666665
2021-01-14,Consumer,0.031535,-0.016315999999999997
2021-01-15,Consumer,0.011461666666666665,0.031535
2021-01-19,Consumer,0.05317109090909091,0.011461666666666665
2021-01-20,Consumer,-0.017931,0.05317109090909091
2021-01-21,Consumer,0.0471245,-0.017931
2021-01-22,Consumer,0.043835,0.0471245
2021-01-25,Consumer,0.04069249999999999,0.043835
2021-01-26,Consumer,0.03357,0.04069249999999999
2021-01-27,Consumer,-0.058402857142857145,0.03357
2021-01-28,Consumer,0.10682580952380952,-0.058402857142857145
2021-01-29,Consumer,0.07070277777777777,0.10682580952380952
2021-02-01,Consumer,0.04089333333333332,0.07070277777777777
2021-02-02,Consumer,0.07493666666666667,0.04089333333333332
2021-02-03,Consumer,-0.004650000000000001,0.07493666666666667
2021-02-04,Consumer,0.06805333333333333,-0.004650000000000001
2021-02-05,Consumer,-0.015886666666666664,0.06805333333333333
2021-02-08,Consumer,0.08497771428571428,-0.015886666666666664
2021-02-09,Consumer,-0.003075952380952382,0.08497771428571428
2021-02-10,Consumer,0.12720166666666666,-0.003075952380952382
2021-02-11,Consumer,0.019048333333333323,0.12720166666666666
2021-02-12,Consumer,0.022622,0.019048333333333323
2021-02-16,Consumer,0.0717542380952381,0.022622
2021-02-17,Consumer,0.06024833333333333,0.0717542380952381
2021-02-18,Consumer,0.05209961904761905,0.06024833333333333
2021-02-19,Consumer,0.049736666666666665,0.05209961904761905
2021-02-22,Consumer,0.06250466666666667,0.049736666666666665
2021-02-23,Consumer,0.05329380952380952,0.06250466666666667
2021-02-24,Consumer,0.0672625,0.05329380952380952
2021-02-25,Consumer,0.0357407380952381,0.0672625
2021-02-26,Consumer,0.0853095,0.0357407380952381
2021-03-01,Consumer,0.13871,0.0853095
2021-03-02,Consumer,0.048311999999999994,0.13871
2021-03-03,Consumer,0.02657071428571428,0.048311999999999994
2021-03-04,Consumer,-0.054287272727272726,0.02657071428571428
2021-03-05,Consumer,0.0669375,-0.054287272727272726
2021-03-08,Consumer,0.11917,0.0669375
2021-03-09,Consumer,0.05018133333333332,0.11917
2021-03-10,Consumer,0.10306966233766235,0.05018133333333332
2021-03-11,Consumer,0.0694052380952381,0.10306966233766235
2021-03-12,Consumer,0.017530952380952387,0.0694052380952381
2021-03-15,Consumer,0.09107785714285714,0.017530952380952387
2021-03-16,Consumer,0.1265445,0.09107785714285714
2021-03-17,Consumer,0.126465,0.1265445
2021-03-18,Consumer,0.07053266666666666,0.126465
2021-03-19,Consumer,0.049834285714285706,0.07053266666666666
2021-03-22,Consumer,0.104698,0.049834285714285706
2021-03-23,Consumer,0.103029,0.104698
2021-03-24,Consumer,0.09566272727272727,0.103029
2021-03-25,Consumer,0.03043314285714286,0.09566272727272727
2021-03-26,Consumer,0.0224168253968254,0.03043314285714286
2021-03-29,Consumer,0.03622028571428571,0.0224168253968254
2021-03-30,Consumer,0.08961,0.03622028571428571
2021-03-31,Consumer,0.12532666666666667,0.08961
2021-04-01,Consumer,-0.022365000000000003,0.12532666666666667
2021-04-05,Consumer,0.17382666666666666,-0.022365000000000003
2021-04-06,Consumer,0.03095044444444444,0.17382666666666666
2021-04-07,Consumer,0.011946000000000002,0.03095044444444444
2021-04-08,Consumer,0.20576957142857144,0.011946000000000002
2021-04-09,Consumer,0.10433714285714286,0.20576957142857144
2021-04-12,Consumer,0.17604380952380955,0.10433714285714286
2021-04-13,Consumer,0.1398633333333333,0.17604380952380955
2021-04-14,Consumer,0.049459166666666665,0.1398633333333333
2021-04-15,Consumer,-0.042880190476190475,0.049459166666666665
2021-04-16,Consumer,0.13259716666666668,-0.042880190476190475
2021-04-19,Consumer,0.10649607843137254,0.13259716666666668
2021-04-20,Consumer,0.04415650793650794,0.10649607843137254
2021-04-21,Consumer,0.07903333333333333,0.04415650793650794
2021-04-22,Consumer,0.11177000000000001,0.07903333333333333
2021-04-23,Consumer,0.02822466666666667,0.11177000000000001
2021-04-26,Consumer,0.07747254901960784,0.02822466666666667
2021-04-27,Consumer,0.03908457142857143,0.07747254901960784
2021-04-28,Consumer,0.11154850000000001,0.03908457142857143
2021-04-29,Consumer,0.11595233333333335,0.11154850000000001
2021-04-30,Consumer,0.06802749999999999,0.11595233333333335
2021-05-03,Consumer,0.06674361904761905,0.06802749999999999
2021-05-04,Consumer,0.0775985,0.06674361904761905
2021-05-05,Consumer,0.025670833333333337,0.0775985
2021-05-06,Consumer,0.062096,0.025670833333333337
2021-05-07,Consumer,-0.042256,0.062096
2021-05-10,Consumer,0.007541666666666669,-0.042256
2021-05-11,Consumer,0.04430533333333333,0.007541666666666669
2021-05-12,Consumer,-0.01649,0.04430533333333333
2021-05-13,Consumer,0.1641,-0.01649
2021-05-14,Consumer,-0.02180315217391305,0.1641
2021-05-17,Consumer,0.004552910216718266,-0.02180315217391305
2021-05-18,Consumer,0.09893535714285714,0.004552910216718266
2021-05-19,Consumer,0.0019246666666666635,0.09893535714285714
2021-05-20,Consumer,0.09605166666666667,0.0019246666666666635
2021-05-21,Consumer,-0.006056904761904758,0.09605166666666667
2021-05-24,Consumer,0.12555188888888888,-0.006056904761904758
2021-05-25,Consumer,0.09849833333333333,0.12555188888888888
2021-05-26,Consumer,0.11302272727272726,0.09849833333333333
2021-05-27,Consumer,0.07371999999999998,0.11302272727272726
2021-05-28,Consumer,0.25740833333333335,0.07371999999999998
2021-06-01,Consumer,0.17556294871794872,0.25740833333333335
2021-06-02,Consumer,0.043362857142857134,0.17556294871794872
2021-06-03,Consumer,0.11261333333333332,0.043362857142857134
2021-06-04,Consumer,0.02912933333333334,0.11261333333333332
2021-06-07,Consumer,0.025779166666666676,0.02912933333333334
2021-06-08,Consumer,-0.050084166666666666,0.025779166666666676
2021-06-09,Consumer,-0.01403,-0.050084166666666666
2021-06-10,Consumer,0.022729833333333328,-0.01403
2021-06-11,Consumer,0.03107833333333333,0.022729833333333328
2021-06-14,Consumer,0.035148253968253974,0.03107833333333333
2021-06-15,Consumer,0.06966666666666667,0.035148253968253974
2021-06-16,Consumer,0.0995237142857143,0.06966666666666667
2021-06-17,Consumer,-0.016455,0.0995237142857143
2021-06-18,Consumer,0.2652816666666667,-0.016455
2021-06-21,Consumer,0.013358492063492069,0.2652816666666667
2021-06-22,Consumer,0.056401,0.013358492063492069
2021-06-23,Consumer,0.08662966666666667,0.056401
2021-06-24,Consumer,0.134575,0.08662966666666667
2021-06-25,Consumer,0.17041833333333334,0.134575
2021-06-28,Consumer,0.03256730158730159,0.17041833333333334
2021-06-29,Consumer,0.0003514285714285692,0.03256730158730159
2021-06-30,Consumer,-0.10069399999999999,0.0003514285714285692
2021-07-01,Consumer,0.029523333333333335,-0.10069399999999999
2021-07-02,Consumer,0.20226000000000002,0.029523333333333335
2021-07-06,Consumer,0.105436,0.20226000000000002
2021-07-07,Consumer,0.11741333333333333,0.105436
2021-07-08,Consumer,0.07237,0.11741333333333333
2021-07-09,Consumer,0.113155,0.07237
2021-07-12,Consumer,-0.028342222222222224,0.113155
2021-07-13,Consumer,0.1731225,-0.028342222222222224
2021-07-14,Consumer,-0.027685333333333333,0.1731225
2021-07-15,Consumer,0.007449999999999998,-0.027685333333333333
2021-07-16,Consumer,0.04980476190476191,0.007449999999999998
2021-07-19,Consumer,0.07317472727272728,0.04980476190476191
2021-07-20,Consumer,0.056843,0.07317472727272728
2021-07-21,Consumer,0.028478749999999997,0.056843
2021-07-22,Consumer,0.018072,0.028478749999999997
2021-07-23,Consumer,0.07123399999999999,0.018072
2021-07-26,Consumer,0.08874499999999999,0.07123399999999999
2021-07-27,Consumer,0.0005458333333333343,0.08874499999999999
2021-07-28,Consumer,0.08098666666666668,0.0005458333333333343
2021-07-29,Consumer,0.08264438095238094,0.08098666666666668
2021-07-30,Consumer,0.06275761904761905,0.08264438095238094
2021-08-02,Consumer,0.06830606060606059,0.06275761904761905
2021-08-03,Consumer,0.1302357142857143,0.06830606060606059
2021-08-04,Consumer,-0.04516333333333333,0.1302357142857143
2021-08-05,Consumer,0.18742166666666665,-0.04516333333333333
2021-08-06,Consumer,0.05275333333333334,0.18742166666666665
2021-08-09,Consumer,0.04914121212121212,0.05275333333333334
2021-08-10,Consumer,0.04036666666666666,0.04914121212121212
2021-08-11,Consumer,0.103136,0.04036666666666666
2021-08-12,Consumer,0.057917916666666666,0.103136
2021-08-13,Consumer,0.11718894736842105,0.057917916666666666
2021-08-16,Consumer,0.0018011403508771963,0.11718894736842105
2021-08-17,Consumer,0.0039157777777777784,0.0018011403508771963
2021-08-18,Consumer,0.09458516666666668,0.0039157777777777784
2021-08-19,Consumer,0.04022,0.09458516666666668
2021-08-20,Consumer,0.08010666666666666,0.04022
2021-08-23,Consumer,0.022129166666666665,0.08010666666666666
2021-08-24,Consumer,0.014724285714285714,0.022129166666666665
2021-08-25,Consumer,0.12029433333333332,0.014724285714285714
2021-08-26,Consumer,0.020220833333333334,0.12029433333333332
2021-08-27,Consumer,0.019727272727272725,0.020220833333333334
2021-08-30,Consumer,0.13707940476190475,0.019727272727272725
2021-08-31,Consumer,-0.009732857142857144,0.13707940476190475
2021-09-01,Consumer,0.18071666666666666,-0.009732857142857144
2021-09-02,Consumer,0.030372000000000003,0.18071666666666666
2021-09-03,Consumer,0.11648800000000001,0.030372000000000003
2021-09-07,Consumer,0.073485,0.11648800000000001
2021-09-08,Consumer,0.06882833333333334,0.073485
2021-09-09,Consumer,0.03913333333333333,0.06882833333333334
2021-09-10,Consumer,0.03374200000000001,0.03913333333333333
2021-09-13,Consumer,0.08141316017316017,0.03374200000000001
2021-09-14,Consumer,0.09666833333333333,0.08141316017316017
2021-09-15,Consumer,0.06972166666666665,0.09666833333333333
2021-09-16,Consumer,-0.078058,0.06972166666666665
2021-09-17,Consumer,0.17123866666666668,-0.078058
2021-09-20,Consumer,0.09572595604395603,0.17123866666666668
2021-09-21,Consumer,-0.002750476190476192,0.09572595604395603
2021-09-22,Consumer,0.17579666666666666,-0.002750476190476192
2021-09-23,Consumer,0.1056047619047619,0.17579666666666666
2021-09-24,Consumer,0.0038267500000000038,0.1056047619047619
2021-09-27,Consumer,0.08821380952380953,0.0038267500000000038
2021-09-28,Consumer,0.11322833333333335,0.08821380952380953
2021-09-29,Consumer,0.20567200000000002,0.11322833333333335
2021-09-30,Consumer,0.02436119047619048,0.20567200000000002
2021-10-01,Consumer,0.1141550476190476,0.02436119047619048
2021-10-04,Consumer,0.04696833333333334,0.1141550476190476
2021-10-05,Consumer,0.0029303333333333334,0.04696833333333334
2021-10-06,Consumer,0.12604933333333335,0.0029303333333333334
2021-10-07,Consumer,0.0389,0.12604933333333335
2021-10-08,Consumer,0.12882500000000002,0.0389
2021-10-11,Consumer,0.05944121212121212,0.12882500000000002
2021-10-12,Consumer,0.0591705,0.05944121212121212
2021-10-13,Consumer,0.023655,0.0591705
2021-10-14,Consumer,0.12459690476190477,0.023655
2021-10-15,Consumer,0.05689000000000001,0.12459690476190477
2021-10-18,Consumer,0.008026969696969696,0.05689000000000001
2021-10-19,Consumer,0.07722708333333335,0.008026969696969696
2021-10-20,Consumer,0.13533499999999998,0.07722708333333335
2021-10-21,Consumer,-0.057347999999999996,0.13533499999999998
2021-10-22,Consumer,-0.02467999999999999,-0.057347999999999996
2021-10-25,Consumer,0.14969,-0.02467999999999999
2021-10-26,Consumer,0.06786933333333332,0.14969
2021-10-27,Consumer,0.09282583333333334,0.06786933333333332
2021-10-28,Consumer,0.025738888888888888,0.09282583333333334
2021-10-29,Consumer,0.018286166666666676,0.025738888888888888
2021-11-01,Consumer,0.08418833333333334,0.018286166666666676
2021-11-02,Consumer,0.028133,0.08418833333333334
2021-11-03,Consumer,0.10341523809523809,0.028133
2021-11-04,Consumer,0.07101666666666666,0.10341523809523809
2021-11-05,Consumer,0.266125,0.07101666666666666
2021-11-08,Consumer,0.07364033333333334,0.266125
2021-11-09,Consumer,0.05415333333333333,0.07364033333333334
2021-11-10,Consumer,0.17871897435897438,0.05415333333333333
2021-11-11,Consumer,0.059277199999999995,0.17871897435897438
2021-11-12,Consumer,-0.08931333333333333,0.059277199999999995
2021-11-15,Consumer,-0.03197005263157894,-0.08931333333333333
2021-11-16,Consumer,0.05715641304347826,-0.03197005263157894
2021-11-17,Consumer,0.0646225238095238,0.05715641304347826
2021-11-18,Consumer,0.15168714285714285,0.0646225238095238
2021-11-19,Consumer,0.060594333333333326,0.15168714285714285
2021-11-22,Consumer,0.16049504761904762,0.060594333333333326
2021-11-23,Consumer,-0.003907333333333335,0.16049504761904762
2021-11-24,Consumer,0.02897666666666666,-0.003907333333333335
2021-11-26,Consumer,0.20476533333333333,0.02897666666666666
2021-11-29,Consumer,0.020853393939393942,0.20476533333333333
2021-11-30,Consumer,0.05701777777777778,0.020853393939393942
2021-12-01,Consumer,-0.06514133333333333,0.05701777777777778
2021-12-02,Consumer,0.10021785714285714,-0.06514133333333333
2021-12-03,Consumer,0.03626942857142858,0.10021785714285714
2021-12-06,Consumer,0.08267190476190477,0.03626942857142858
2021-12-07,Consumer,0.021223333333333334,0.08267190476190477
2021-12-08,Consumer,0.11822166666666667,0.021223333333333334
2021-12-09,Consumer,0.07699533333333333,0.11822166666666667
2021-12-10,Consumer,0.08024,0.07699533333333333
2021-12-13,Consumer,0.07715238095238096,0.08024
2021-12-14,Consumer,0.08703666666666668,0.07715238095238096
2021-12-15,Consumer,0.183825,0.08703666666666668
2021-12-16,Consumer,0.04532666666666667,0.183825
2021-12-17,Consumer,0.06534380952380953,0.04532666666666667
2021-12-20,Consumer,0.13618242835595779,0.06534380952380953
2021-12-21,Consumer,0.09669348370927319,0.13618242835595779
2021-12-22,Consumer,-0.033690000000000005,0.09669348370927319
2021-12-23,Consumer,0.050022500000000004,-0.033690000000000005
2021-12-27,Consumer,0.06791749999999999,0.050022500000000004
2021-12-28,Consumer,0.06391100000000001,0.06791749999999999
2021-12-29,Consumer,0.11056249999999998,0.06391100000000001
2021-12-30,Consumer,0.0630675,0.11056249999999998
2021-12-31,Consumer,0.020306666666666664,0.0630675
2022-01-03,Consumer,0.006964000000000002,0.020306666666666664
2022-01-04,Consumer,0.00717,0.006964000000000002
2022-01-05,Consumer,0.03674722222222222,0.00717
2022-01-06,Consumer,0.10212133333333333,0.03674722222222222
2022-01-07,Consumer,0.06978633333333333,0.10212133333333333
2022-01-10,Consumer,0.08456233333333332,0.06978633333333333
2022-01-11,Consumer,0.10466,0.08456233333333332
2022-01-12,Consumer,0.09936633333333333,0.10466
2022-01-13,Consumer,0.090175,0.09936633333333333
2022-01-14,Consumer,0.010119999999999997,0.090175
2022-01-18,Consumer,0.08271796736596737,0.010119999999999997
2022-01-19,Consumer,0.04623066666666667,0.08271796736596737
2022-01-20,Consumer,0.06499412698412699,0.04623066666666667
2022-01-21,Consumer,0.046827843137254896,0.06499412698412699
2022-01-24,Consumer,0.0951153492063492,0.046827843137254896
2022-01-25,Consumer,0.07306766666666667,0.0951153492063492
2022-01-26,Consumer,0.08539784313725489,0.07306766666666667
2022-01-27,Consumer,0.013092142857142854,0.08539784313725489
2022-01-28,Consumer,0.0063300000000000006,0.013092142857142854
2022-01-31,Consumer,0.11277790476190477,0.0063300000000000006
2022-02-01,Consumer,-0.041575999999999995,0.11277790476190477
2022-02-02,Consumer,0.014825476190476194,-0.041575999999999995
2022-02-03,Consumer,0.005973333333333329,0.014825476190476194
2022-02-04,Consumer,0.07748333333333332,0.005973333333333329
2022-02-07,Consumer,0.05950481818181817,0.07748333333333332
2022-02-08,Consumer,0.15297927272727274,0.05950481818181817
2022-02-09,Consumer,0.05251080952380952,0.15297927272727274
2022-02-10,Consumer,0.11729114078674949,0.05251080952380952
2022-02-11,Consumer,0.008024761904761904,0.11729114078674949
2022-02-14,Consumer,0.06868746031746031,0.008024761904761904
2022-02-15,Consumer,0.17660111111111113,0.06868746031746031
2022-02-16,Consumer,0.180104,0.17660111111111113
2022-02-17,Consumer,0.086374,0.180104
2022-02-18,Consumer,0.06321083333333333,0.086374
2022-02-22,Consumer,0.08086214285714285,0.06321083333333333
2022-02-23,Consumer,0.06109666666666667,0.08086214285714285
2022-02-24,Consumer,0.016035000000000008,0.06109666666666667
2022-02-25,Consumer,0.057050000000000003,0.016035000000000008
2022-02-28,Consumer,0.05261852747252747,0.057050000000000003
2022-03-01,Consumer,0.05492095238095238,0.05261852747252747
2022-03-02,Consumer,0.06032460317460316,0.05492095238095238
2022-03-03,Consumer,0.049261999999999986,0.06032460317460316
2022-03-04,Consumer,0.06902971428571428,0.049261999999999986
2022-03-07,Consumer,0.12276130952380952,0.06902971428571428
2022-03-08,Consumer,0.09313,0.12276130952380952
2022-03-09,Consumer,-0.028282357142857144,0.09313
2022-03-10,Consumer,0.018410666666666665,-0.028282357142857144
2022-03-11,Consumer,0.0015713333333333274,0.018410666666666665
2022-03-14,Consumer,0.04133328571428572,0.0015713333333333274
2022-03-15,Consumer,0.11301666666666668,0.04133328571428572
2022-03-16,Consumer,0.009156666666666664,0.11301666666666668
2022-03-17,Consumer,0.04192833333333333,0.009156666666666664
2022-03-18,Consumer,0.04733714285714286,0.04192833333333333
2022-03-21,Consumer,0.128049,0.04733714285714286
2022-03-22,Consumer,0.12948555555555555,0.128049
2022-03-23,Consumer,0.057714999999999995,0.12948555555555555
2022-03-24,Consumer,-0.040530476190476186,0.057714999999999995
2022-03-25,Consumer,0.0813425,-0.040530476190476186
2022-03-28,Consumer,0.07107238095238097,0.0813425
2022-03-29,Consumer,0.12755833333333336,0.07107238095238097
2022-03-30,Consumer,0.005625714285714285,0.12755833333333336
2022-03-31,Consumer,0.04547333333333333,0.005625714285714285
2022-04-01,Consumer,-0.013229238095238096,0.04547333333333333
2022-04-04,Consumer,0.07806353641456584,-0.013229238095238096
2022-04-05,Consumer,0.013065238095238097,0.07806353641456584
2022-04-06,Consumer,0.07304,0.013065238095238097
2022-04-07,Consumer,-0.025301555555555556,0.07304
2022-04-08,Consumer,0.04946233333333334,-0.025301555555555556
2022-04-11,Consumer,0.08861614285714285,0.04946233333333334
2022-04-12,Consumer,0.06578999999999999,0.08861614285714285
2022-04-13,Consumer,0.06778999999999999,0.06578999999999999
2022-04-14,Consumer,0.11209166666666667,0.06778999999999999
2022-04-18,Consumer,0.16941833333333334,0.11209166666666667
2022-04-19,Consumer,0.09364916666666666,0.16941833333333334
2022-04-20,Consumer,-0.01740666666666666,0.09364916666666666
2022-04-21,Consumer,0.07367133333333334,-0.01740666666666666
2022-04-22,Consumer,0.04148857142857143,0.07367133333333334
2022-04-25,Consumer,0.02140986666666667,0.04148857142857143
2022-04-26,Consumer,0.09061999999999999,0.02140986666666667
2022-04-27,Consumer,0.06697077777777778,0.09061999999999999
2022-04-28,Consumer,0.06447166666666666,0.06697077777777778
2022-04-29,Consumer,0.0749591038961039,0.06447166666666666
2022-05-02,Consumer,0.01853904761904762,0.0749591038961039
2022-05-03,Consumer,0.025335999999999997,0.01853904761904762
2022-05-04,Consumer,0.05278362318840579,0.025335999999999997
2022-05-05,Consumer,0.02002761904761905,0.05278362318840579
2022-05-06,Consumer,0.05706209523809523,0.02002761904761905
2022-05-09,Consumer,0.06571881818181818,0.05706209523809523
2022-05-10,Consumer,0.10515666666666668,0.06571881818181818
2022-05-11,Consumer,-0.12204975,0.10515666666666668
2022-05-12,Consumer,0.05097872549019609,-0.12204975
2022-05-13,Consumer,0.03139285714285714,0.05097872549019609
2022-05-16,Consumer,0.006614666666666666,0.03139285714285714
2022-05-17,Consumer,0.02432129411764706,0.006614666666666666
2022-05-18,Consumer,-0.10685790322580643,0.02432129411764706
2022-05-19,Consumer,0.010025714285714292,-0.10685790322580643
2022-05-20,Consumer,0.039393024844720494,0.010025714285714292
2022-05-23,Consumer,0.028675872670807456,0.039393024844720494
2022-05-24,Consumer,0.1393585,0.028675872670807456
2022-05-25,Consumer,-0.011497428571428565,0.1393585
2022-05-26,Consumer,-0.008145333333333343,-0.011497428571428565
2022-05-27,Consumer,0.05443,-0.008145333333333343
2022-05-31,Consumer,0.06174844444444444,0.05443
2022-06-01,Consumer,-0.005235000000000001,0.06174844444444444
2022-06-02,Consumer,0.019831333333333333,-0.005235000000000001
2022-06-03,Consumer,-0.08350500000000001,0.019831333333333333
2022-06-06,Consumer,0.009782000000000002,-0.08350500000000001
2022-06-07,Consumer,0.061487499999999994,0.009782000000000002
2022-06-08,Consumer,0.11031809523809524,0.061487499999999994
2022-06-09,Consumer,0.04606642857142858,0.11031809523809524
2022-06-10,Consumer,0.06649718181818182,0.04606642857142858
2022-06-13,Consumer,0.09016909090909091,0.06649718181818182
2022-06-14,Consumer,0.0629732142857143,0.09016909090909091
2022-06-15,Consumer,0.0032700000000000008,0.0629732142857143
2022-06-16,Consumer,0.12295888888888888,0.0032700000000000008
2022-06-17,Consumer,0.080518,0.12295888888888888
2022-06-21,Consumer,0.00591453463203463,0.080518
2022-06-22,Consumer,0.07569645454545457,0.00591453463203463
2022-06-23,Consumer,0.0045973571428571435,0.07569645454545457
2022-06-24,Consumer,0.08731333333333333,0.0045973571428571435
2022-06-27,Consumer,0.06381711764705883,0.08731333333333333
2022-06-28,Consumer,0.12730670175438596,0.06381711764705883
2022-06-29,Consumer,-0.012415636363636365,0.12730670175438596
2022-06-30,Consumer,0.14711626373626374,-0.012415636363636365
2022-07-01,Consumer,0.06265964285714286,0.14711626373626374
2022-07-05,Consumer,-0.0010547649572649586,0.06265964285714286
2022-07-06,Consumer,0.006028666666666666,-0.0010547649572649586
2022-07-07,Consumer,-0.06684,0.006028666666666666
2022-07-08,Consumer,0.038333,-0.06684
2022-07-11,Consumer,0.03873800000000001,0.038333
2022-07-12,Consumer,0.03377555194805194,0.03873800000000001
2022-07-13,Consumer,0.10244190476190478,0.03377555194805194
2022-07-14,Consumer,0.025857142857142856,0.10244190476190478
2022-07-15,Consumer,0.09052642424242426,0.025857142857142856
2022-07-18,Consumer,0.089825,0.09052642424242426
2022-07-19,Consumer,0.07302928571428573,0.089825
2022-07-20,Consumer,0.01891761904761905,0.07302928571428573
2022-07-21,Consumer,0.030240000000000006,0.01891761904761905
2022-07-22,Consumer,0.09908380952380953,0.030240000000000006
2022-07-25,Consumer,0.045381794871794875,0.09908380952380953
2022-07-26,Consumer,-0.0646620231884058,0.045381794871794875
2022-07-27,Consumer,0.03193833333333333,-0.0646620231884058
2022-07-28,Consumer,0.10733933333333331,0.03193833333333333
2022-07-29,Consumer,0.09414357142857144,0.10733933333333331
2022-08-01,Consumer,0.04835742857142857,0.09414357142857144
2022-08-02,Consumer,0.04402133333333333,0.04835742857142857
2022-08-03,Consumer,0.09831798701298701,0.04402133333333333
2022-08-04,Consumer,0.064547,0.09831798701298701
2022-08-05,Consumer,0.11835333333333335,0.064547
2022-08-08,Consumer,0.07233857142857143,0.11835333333333335
2022-08-09,Consumer,0.14788,0.07233857142857143
2022-08-10,Consumer,0.08467381818181818,0.14788
2022-08-11,Consumer,-0.04618166666666666,0.08467381818181818
2022-08-12,Consumer,0.03154914285714286,-0.04618166666666666
2022-08-15,Consumer,0.053484108225108226,0.03154914285714286
2022-08-16,Consumer,0.09074226190476191,0.053484108225108226
2022-08-17,Consumer,0.02619925120772947,0.09074226190476191
2022-08-18,Consumer,-0.010689999999999996,0.02619925120772947
2022-08-19,Consumer,-0.052564,-0.010689999999999996
2022-08-22,Consumer,0.15351666666666666,-0.052564
2022-08-23,Consumer,0.04184228571428571,0.15351666666666666
2022-08-24,Consumer,0.010143999999999997,0.04184228571428571
2022-08-25,Consumer,0.09547400000000002,0.010143999999999997
2022-08-26,Consumer,0.02038904761904762,0.09547400000000002
2022-08-29,Consumer,0.03645042857142857,0.02038904761904762
2022-08-30,Consumer,0.09284833333333334,0.03645042857142857
2022-08-31,Consumer,0.0252325,0.09284833333333334
2022-09-01,Consumer,0.121523,0.0252325
2022-09-02,Consumer,-0.029816666666666658,0.121523
2022-09-06,Consumer,0.1344526666666667,-0.029816666666666658
2022-09-07,Consumer,0.09545357142857144,0.1344526666666667
2022-09-08,Consumer,0.19724,0.09545357142857144
2022-09-09,Consumer,0.12228166666666666,0.19724
2022-09-12,Consumer,0.12216483333333335,0.12228166666666666
2022-09-13,Consumer,0.21525699999999998,0.12216483333333335
2022-09-14,Consumer,0.14555095238095236,0.21525699999999998
2022-09-15,Consumer,-0.02957571428571429,0.14555095238095236
2022-09-16,Consumer,0.06892266666666669,-0.02957571428571429
2022-09-19,Consumer,0.22380685714285714,0.06892266666666669
2022-09-20,Consumer,-0.06996000000000002,0.22380685714285714
2022-09-21,Consumer,0.07518333333333334,-0.06996000000000002
2022-09-22,Consumer,0.15200857142857144,0.07518333333333334
2022-09-23,Consumer,-0.011028333333333331,0.15200857142857144
2022-09-26,Consumer,0.1746647619047619,-0.011028333333333331
2022-09-27,Consumer,0.096345,0.1746647619047619
2022-09-28,Consumer,0.08861333333333334,0.096345
2022-09-29,Consumer,0.07119623809523809,0.08861333333333334
2022-09-30,Consumer,0.09134909090909091,0.07119623809523809
2022-10-03,Consumer,0.12836940476190478,0.09134909090909091
2022-10-04,Consumer,-0.06330666666666666,0.12836940476190478
2022-10-05,Consumer,0.06284133333333333,-0.06330666666666666
2022-10-06,Consumer,0.13519333333333333,0.06284133333333333
2022-10-07,Consumer,0.05157333333333334,0.13519333333333333
2022-10-10,Consumer,0.049522500000000004,0.05157333333333334
2022-10-11,Consumer,0.08384666666666667,0.049522500000000004
2022-10-12,Consumer,0.048552142857142856,0.08384666666666667
2022-10-13,Consumer,0.013563499999999996,0.048552142857142856
2022-10-14,Consumer,-0.011842222222222221,0.013563499999999996
2022-10-17,Consumer,0.10871009523809523,-0.011842222222222221
2022-10-18,Consumer,-0.05506476190476191,0.10871009523809523
2022-10-19,Consumer,0.105558,-0.05506476190476191
2022-10-20,Consumer,0.13783499999999999,0.105558
2022-10-21,Consumer,0.032003333333333335,0.13783499999999999
2022-10-24,Consumer,0.071673,0.032003333333333335
2022-10-25,Consumer,0.06211666666666667,0.071673
2022-10-26,Consumer,0.06389500000000001,0.06211666666666667
2022-10-27,Consumer,-0.0414375,0.06389500000000001
2022-10-28,Consumer,-0.08109200000000001,-0.0414375
2022-10-31,Consumer,0.02672708333333334,-0.08109200000000001
2022-11-01,Consumer,0.223995,0.02672708333333334
2022-11-02,Consumer,0.2029233333333333,0.223995
2022-11-03,Consumer,0.127445,0.2029233333333333
2022-11-04,Consumer,0.03947392156862746,0.127445
2022-11-07,Consumer,0.10036007142857142,0.03947392156862746
2022-11-08,Consumer,0.07687966666666668,0.10036007142857142
2022-11-09,Consumer,0.07111999999999999,0.07687966666666668
2022-11-10,Consumer,-0.022899444444444455,0.07111999999999999
2022-11-11,Consumer,0.13000333333333333,-0.022899444444444455
2022-11-14,Consumer,0.06505764705882353,0.13000333333333333
2022-11-15,Consumer,0.07058077777777778,0.06505764705882353
2022-11-16,Consumer,0.05541333333333333,0.07058077777777778
2022-11-17,Consumer,0.1931045,0.05541333333333333
2022-11-18,Consumer,-0.15152285714285715,0.1931045
2022-11-21,Consumer,0.17807318518518517,-0.15152285714285715
2022-11-22,Consumer,0.03083366666666667,0.17807318518518517
2022-11-23,Consumer,0.07469174603174603,0.03083366666666667
2022-11-25,Consumer,0.10203666666666666,0.07469174603174603
2022-11-28,Consumer,0.0022083736263736387,0.10203666666666666
2022-11-29,Consumer,0.051178888888888885,0.0022083736263736387
2022-11-30,Consumer,0.11857500000000001,0.051178888888888885
2022-12-01,Consumer,0.09669904761904762,0.11857500000000001
2022-12-02,Consumer,0.10670945454545455,0.09669904761904762
2022-12-05,Consumer,0.0882570873015873,0.10670945454545455
2022-12-06,Consumer,0.012915,0.0882570873015873
2022-12-07,Consumer,0.07162666666666666,0.012915
2022-12-08,Consumer,0.06219533333333334,0.07162666666666666
2022-12-09,Consumer,0.17935416666666665,0.06219533333333334
2022-12-12,Consumer,0.11290549999999999,0.17935416666666665
2022-12-13,Consumer,0.05859130952380953,0.11290549999999999
2022-12-14,Consumer,0.060765,0.05859130952380953
2022-12-15,Consumer,0.02958571428571428,0.060765
2022-12-16,Consumer,0.07829133333333335,0.02958571428571428
2022-12-19,Consumer,0.11952849816849817,0.07829133333333335
2022-12-20,Consumer,0.09252623376623377,0.11952849816849817
2022-12-21,Consumer,-0.09677954545454545,0.09252623376623377
2022-12-22,Consumer,0.08512666666666667,-0.09677954545454545
2022-12-23,Consumer,0.05775333333333334,0.08512666666666667
2022-12-27,Consumer,0.19053795093795095,0.05775333333333334
2022-12-28,Consumer,0.033260000000000005,0.19053795093795095
2022-12-29,Consumer,0.12891777777777777,0.033260000000000005
2022-12-30,Consumer,0.08948666666666667,0.12891777777777777
2023-01-03,Consumer,0.02542936507936508,0.08948666666666667
2023-01-04,Consumer,0.05017761904761906,0.02542936507936508
2023-01-05,Consumer,0.11695222222222224,0.05017761904761906
2023-01-06,Consumer,0.116615,0.11695222222222224
2023-01-09,Consumer,0.049037777777777784,0.116615
2023-01-10,Consumer,-0.05762190476190476,0.049037777777777784
2023-01-11,Consumer,0.021421000000000003,-0.05762190476190476
2023-01-12,Consumer,0.04639800000000001,0.021421000000000003
2023-01-13,Consumer,0.16449333333333332,0.04639800000000001
2023-01-17,Consumer,0.11214802857142858,0.16449333333333332
2023-01-18,Consumer,0.15792988888888887,0.11214802857142858
2023-01-19,Consumer,0.012129523809523807,0.15792988888888887
2023-01-20,Consumer,-0.007675000000000001,0.012129523809523807
2023-01-23,Consumer,0.13846928571428568,-0.007675000000000001
2023-01-24,Consumer,0.049298190476190475,0.13846928571428568
2023-01-25,Consumer,0.069946,0.049298190476190475
2023-01-26,Consumer,0.024881999999999998,0.069946
2023-01-27,Consumer,-0.07618000000000001,0.024881999999999998
2023-01-30,Consumer,-0.030798888888888886,-0.07618000000000001
2023-01-31,Consumer,0.05592057142857143,-0.030798888888888886
2023-02-01,Consumer,0.08661636363636363,0.05592057142857143
2023-02-02,Consumer,0.05090933333333334,0.08661636363636363
2023-02-03,Consumer,0.0435532380952381,0.05090933333333334
2023-02-06,Consumer,0.043362333333333336,0.0435532380952381
2023-02-07,Consumer,0.18415666666666666,0.043362333333333336
2023-02-08,Consumer,0.13976380952380954,0.18415666666666666
2023-02-09,Consumer,0.19801798850574712,0.13976380952380954
2023-02-10,Consumer,0.1104595,0.19801798850574712
2023-02-13,Consumer,0.09531190151515152,0.1104595
2023-02-14,Consumer,0.1276878181818182,0.09531190151515152
2023-02-15,Consumer,0.052788666666666664,0.1276878181818182
2023-02-16,Consumer,0.01509409523809524,0.052788666666666664
2023-02-17,Consumer,0.06429,0.01509409523809524
2023-02-21,Consumer,0.02871785714285714,0.06429
2023-02-22,Consumer,0.041870000000000004,0.02871785714285714
2023-02-23,Consumer,0.02350000000000001,0.041870000000000004
2023-02-24,Consumer,0.027133333333333332,0.02350000000000001
2023-02-27,Consumer,0.016453888888888886,0.027133333333333332
2023-02-28,Consumer,0.062812,0.016453888888888886
2023-03-01,Consumer,0.07274533333333334,0.062812
2023-03-02,Consumer,0.16594532467532466,0.07274533333333334
2023-03-03,Consumer,-0.033786666666666666,0.16594532467532466
2023-03-06,Consumer,-0.048133833333333334,-0.033786666666666666
2023-03-07,Consumer,0.12924933333333335,-0.048133833333333334
2023-03-08,Consumer,0.10688333333333336,0.12924933333333335
2023-03-09,Consumer,0.12281800000000001,0.10688333333333336
2023-03-10,Consumer,0.029835666666666667,0.12281800000000001
2023-03-13,Consumer,0.05273619047619047,0.029835666666666667
2023-03-14,Consumer,0.1615575,0.05273619047619047
2023-03-15,Consumer,0.06912833333333333,0.1615575
2023-03-16,Consumer,-0.068435,0.06912833333333333
2023-03-17,Consumer,-0.03482400000000001,-0.068435
2023-03-20,Consumer,0.05890698412698412,-0.03482400000000001
2023-03-21,Consumer,0.13632222222222223,0.05890698412698412
2023-03-22,Consumer,0.045471538461538466,0.13632222222222223
2023-03-23,Consumer,0.04752800000000001,0.045471538461538466
2023-03-24,Consumer,0.04470266666666667,0.04752800000000001
2023-03-27,Consumer,0.12885833333333335,0.04470266666666667
2023-03-28,Consumer,0.147588,0.12885833333333335
2023-03-29,Consumer,0.09776133333333334,0.147588
2023-03-30,Consumer,0.040354102564102566,0.09776133333333334
2023-03-31,Consumer,0.04533628571428572,0.040354102564102566
2023-04-03,Consumer,0.09433397493734336,0.04533628571428572
2023-04-04,Consumer,0.09481666666666666,0.09433397493734336
2023-04-05,Consumer,0.048834523809523814,0.09481666666666666
2023-04-06,Consumer,0.059865888888888885,0.048834523809523814
2023-04-10,Consumer,0.07265992673992674,0.059865888888888885
2023-04-11,Consumer,0.040462,0.07265992673992674
2023-04-12,Consumer,0.03806380952380952,0.040462
2023-04-13,Consumer,-0.049477999999999994,0.03806380952380952
2023-04-14,Consumer,0.07736099999999999,-0.049477999999999994
2023-04-17,Consumer,0.005493655462184874,0.07736099999999999
2023-04-18,Consumer,0.072245,0.005493655462184874
2023-04-19,Consumer,0.06895666666666667,0.072245
2023-04-20,Consumer,0.11266044444444445,0.06895666666666667
2023-04-21,Consumer,0.16006628571428572,0.11266044444444445
2023-04-24,Consumer,0.092206,0.16006628571428572
2023-04-25,Consumer,0.063809,0.092206
2023-04-26,Consumer,0.06165662337662338,0.063809
2023-04-27,Consumer,0.002510000000000004,0.06165662337662338
2023-04-28,Consumer,0.07442066666666666,0.002510000000000004
2023-05-01,Consumer,0.0384562380952381,0.07442066666666666
2023-05-02,Consumer,0.002485666666666668,0.0384562380952381
2023-05-03,Consumer,-0.022561249999999998,0.002485666666666668
2023-05-04,Consumer,-0.014633047619047618,-0.022561249999999998
2023-05-05,Consumer,0.011351333333333335,-0.014633047619047618
2023-05-08,Consumer,0.03957904761904761,0.011351333333333335
2023-05-09,Consumer,0.005147666666666666,0.03957904761904761
2023-05-10,Consumer,-0.036979794871794876,0.005147666666666666
2023-05-11,Consumer,0.07882933333333333,-0.036979794871794876
2023-05-12,Consumer,0.047502863636363635,0.07882933333333333
2023-05-15,Consumer,0.01785141025641026,0.047502863636363635
2023-05-16,Consumer,0.059545757575757564,0.01785141025641026
2023-05-17,Consumer,0.09307727272727273,0.059545757575757564
2023-05-18,Consumer,0.09165340277777777,0.09307727272727273
2023-05-19,Consumer,0.012942493715434888,0.09165340277777777
2023-05-22,Consumer,0.054868207070707074,0.012942493715434888
2023-05-23,Consumer,-0.027137142857142853,0.054868207070707074
2023-05-24,Consumer,-0.011415333333333336,-0.027137142857142853
2023-05-25,Consumer,-0.044565,-0.011415333333333336
2023-05-26,Consumer,0.04235,-0.044565
2023-05-30,Consumer,0.020601948051948055,0.04235
2023-05-31,Consumer,0.07213238095238096,0.020601948051948055
2023-06-01,Consumer,0.0505697619047619,0.07213238095238096
2023-06-02,Consumer,0.0066426666666666665,0.0505697619047619
2023-06-05,Consumer,0.07900292307692308,0.0066426666666666665
2023-06-06,Consumer,0.11133166666666668,0.07900292307692308
2023-06-07,Consumer,0.04067833333333334,0.11133166666666668
2023-06-08,Consumer,0.056457,0.04067833333333334
2023-06-09,Consumer,0.05814647619047619,0.056457
2023-06-12,Consumer,0.07430922222222222,0.05814647619047619
2023-06-13,Consumer,0.06631666666666668,0.07430922222222222
2023-06-14,Consumer,0.0938536111111111,0.06631666666666668
2023-06-15,Consumer,0.04454190476190477,0.0938536111111111
2023-06-16,Consumer,0.06707666666666667,0.04454190476190477
2023-06-20,Consumer,0.0033417142857142925,0.06707666666666667
2023-06-21,Consumer,0.10964219047619048,0.0033417142857142925
2023-06-22,Consumer,0.07400571428571429,0.10964219047619048
2023-06-23,Consumer,0.04709009523809523,0.07400571428571429
2023-06-26,Consumer,0.00718047619047619,0.04709009523809523
2023-06-27,Consumer,0.09345333333333335,0.00718047619047619
2023-06-28,Consumer,0.08963866666666667,0.09345333333333335
2023-06-29,Consumer,0.09391066666666667,0.08963866666666667
2023-06-30,Consumer,0.05381419413919414,0.09391066666666667
2023-07-03,Consumer,0.01317590476190476,0.05381419413919414
2023-07-05,Consumer,0.09113109523809525,0.01317590476190476
2023-07-06,Consumer,0.07493595238095238,0.09113109523809525
2023-07-07,Consumer,0.038189000000000015,0.07493595238095238
2023-07-10,Consumer,0.06539916666666667,0.038189000000000015
2023-07-11,Consumer,0.027776999999999996,0.06539916666666667
2023-07-12,Consumer,0.070722,0.027776999999999996
2023-07-13,Consumer,0.10468103296703297,0.070722
2023-07-14,Consumer,0.091564,0.10468103296703297
2023-07-17,Consumer,0.023889772727272728,0.091564
2023-07-18,Consumer,0.05000380952380953,0.023889772727272728
2023-07-19,Consumer,0.10767266666666667,0.05000380952380953
2023-07-20,Consumer,0.08281028571428573,0.10767266666666667
2023-07-21,Consumer,0.06261733333333333,0.08281028571428573
2023-07-24,Consumer,0.07876385714285714,0.06261733333333333
2023-07-25,Consumer,0.09395971428571429,0.07876385714285714
2023-07-26,Consumer,0.09889270175438597,0.09395971428571429
2023-07-27,Consumer,0.09758166666666666,0.09889270175438597
2023-07-28,Consumer,0.066405,0.09758166666666666
2023-07-31,Consumer,0.0916288888888889,0.066405
2023-08-01,Consumer,0.09380633333333334,0.0916288888888889
2023-08-02,Consumer,0.012445059523809527,0.09380633333333334
2023-08-03,Consumer,0.044083666666666674,0.012445059523809527
2023-08-04,Consumer,0.030721666666666668,0.044083666666666674
2023-08-07,Consumer,0.132842,0.030721666666666668
2023-08-08,Consumer,0.041759761904761904,0.132842
2023-08-09,Consumer,0.09967463157894738,0.041759761904761904
2023-08-10,Consumer,0.05107690476190476,0.09967463157894738
2023-08-11,Consumer,0.021614837606837613,0.05107690476190476
2023-08-14,Consumer,0.06468238095238096,0.021614837606837613
2023-08-15,Consumer,0.01329901515151515,0.06468238095238096
2023-08-16,Consumer,0.0718229355742297,0.01329901515151515
2023-08-17,Consumer,0.03245757575757576,0.0718229355742297
2023-08-18,Consumer,0.056022833333333334,0.03245757575757576
2023-08-21,Consumer,0.033015166666666665,0.056022833333333334
2023-08-22,Consumer,0.07337107142857144,0.033015166666666665
2023-08-23,Consumer,0.08259208333333334,0.07337107142857144
2023-08-24,Consumer,0.04249130303030303,0.08259208333333334
2023-08-25,Consumer,-0.05774383333333334,0.04249130303030303
2023-08-28,Consumer,0.06269619047619047,-0.05774383333333334
2023-08-29,Consumer,0.16534878787878787,0.06269619047619047
2023-08-30,Consumer,-0.001796190476190479,0.16534878787878787
2023-08-31,Consumer,0.04584971428571429,-0.001796190476190479
2023-09-01,Consumer,0.03953500000000001,0.04584971428571429
2023-09-05,Consumer,0.03385682983682984,0.03953500000000001
2023-09-06,Consumer,0.045318333333333335,0.03385682983682984
2023-09-07,Consumer,0.03176166666666667,0.045318333333333335
2023-09-08,Consumer,0.11357194444444445,0.03176166666666667
2023-09-11,Consumer,0.07392472222222222,0.11357194444444445
2023-09-12,Consumer,0.013038809523809525,0.07392472222222222
2023-09-13,Consumer,0.08817666666666665,0.013038809523809525
2023-09-14,Consumer,0.037820476190476196,0.08817666666666665
2023-09-15,Consumer,0.23738066666666668,0.037820476190476196
2023-09-18,Consumer,0.12204324675324676,0.23738066666666668
2023-09-19,Consumer,0.06710849999999999,0.12204324675324676
2023-09-20,Consumer,-0.07180633333333333,0.06710849999999999
2023-09-21,Consumer,0.04800428571428571,-0.07180633333333333
2023-09-22,Consumer,0.1833211111111111,0.04800428571428571
2023-09-25,Consumer,0.02615015476190476,0.1833211111111111
2023-09-26,Consumer,0.098414,0.02615015476190476
2023-09-27,Consumer,0.060904666666666676,0.098414
2023-09-28,Consumer,0.053608183150183154,0.060904666666666676
2023-09-29,Consumer,0.11789572431077695,0.053608183150183154
2023-10-02,Consumer,0.07465690909090908,0.11789572431077695
2023-10-03,Consumer,0.08151733333333333,0.07465690909090908
2023-10-04,Consumer,0.027882500000000005,0.08151733333333333
2023-10-05,Consumer,0.10360749999999999,0.027882500000000005
2023-10-06,Consumer,0.03704840909090909,0.10360749999999999
2023-10-09,Consumer,0.0861715,0.03704840909090909
2023-10-10,Consumer,0.08130257142857142,0.0861715
2023-10-11,Consumer,0.003258166666666665,0.08130257142857142
2023-10-12,Consumer,0.06044895238095238,0.003258166666666665
2023-10-13,Consumer,0.08808452380952381,0.06044895238095238
2023-10-16,Consumer,0.11116144444444445,0.08808452380952381
2023-10-17,Consumer,0.14807444444444445,0.11116144444444445
2023-10-18,Consumer,0.07475742424242424,0.14807444444444445
2023-10-19,Consumer,-0.020000253968253962,0.07475742424242424
2023-10-20,Consumer,0.03361333333333333,-0.020000253968253962
2023-10-23,Consumer,0.0690424487179487,0.03361333333333333
2023-10-24,Consumer,0.08890166666666666,0.0690424487179487
2023-10-25,Consumer,7.202380952381349e-05,0.08890166666666666
2023-10-26,Consumer,0.12503933333333334,7.202380952381349e-05
2023-10-27,Consumer,0.1410102857142857,0.12503933333333334
2023-10-30,Consumer,0.08114200854700855,0.1410102857142857
2023-10-31,Consumer,0.13982833333333333,0.08114200854700855
2023-11-01,Consumer,0.17071268253968253,0.13982833333333333
2023-11-02,Consumer,0.12009833333333333,0.17071268253968253
2023-11-03,Consumer,0.08848266666666667,0.12009833333333333
2023-11-06,Consumer,0.036330603174603175,0.08848266666666667
2023-11-07,Consumer,0.06716177777777779,0.036330603174603175
2023-11-08,Consumer,0.03714615384615384,0.06716177777777779
2023-11-09,Consumer,0.050054482456140345,0.03714615384615384
2023-11-10,Consumer,0.06870009090909092,0.050054482456140345
2023-11-13,Consumer,0.09967867391304348,0.06870009090909092
2023-11-14,Consumer,0.07384,0.09967867391304348
2023-11-15,Consumer,0.1325538034188034,0.07384
2023-11-16,Consumer,0.03928609523809524,0.1325538034188034
2023-11-17,Consumer,0.04127277777777777,0.03928609523809524
2023-11-20,Consumer,0.0030615064935064925,0.04127277777777777
2023-11-21,Consumer,0.04264841666666667,0.0030615064935064925
2023-11-22,Consumer,0.03295045454545455,0.04264841666666667
2023-11-24,Consumer,0.05828866666666667,0.03295045454545455
2023-11-27,Consumer,0.05954221428571428,0.05828866666666667
2023-11-28,Consumer,0.044560833333333334,0.05954221428571428
2023-11-29,Consumer,0.03834107142857143,0.044560833333333334
2023-11-30,Consumer,0.06425555555555555,0.03834107142857143
2023-12-01,Consumer,0.18271892857142857,0.06425555555555555
2023-12-04,Consumer,0.093698,0.18271892857142857
2023-12-05,Consumer,0.1434733333333333,0.093698
2023-12-06,Consumer,-0.000166222222222219,0.1434733333333333
2023-12-07,Consumer,0.185815,-0.000166222222222219
2023-12-08,Consumer,0.02012300000000001,0.185815
2023-12-11,Consumer,0.0690215873015873,0.02012300000000001
2023-12-12,Consumer,0.04999133333333333,0.0690215873015873
2023-12-13,Consumer,0.0217835,0.04999133333333333
2023-12-14,Consumer,-0.008315,0.0217835
2023-12-15,Consumer,0.06037555555555555,-0.008315
2023-12-18,Consumer,-0.000711666666666666,0.06037555555555555
2023-12-19,Consumer,0.0,-0.000711666666666666
2023-12-20,Consumer,0.0,0.0
2023-12-21,Consumer,0.0,0.0
2023-12-22,Consumer,0.0,0.0
2023-12-26,Consumer,0.0,0.0
2023-12-27,Consumer,0.0,0.0
2023-12-28,Consumer,0.0,0.0
2023-12-29,Consumer,0.0,0.0
2020-01-02,Energy,0.011983333333333328,
2020-01-03,Energy,-0.11866809090909092,0.011983333333333328
2020-01-06,Energy,-0.011302196969696974,-0.11866809090909092
2020-01-07,Energy,-0.005936666666666662,-0.011302196969696974
2020-01-08,Energy,-0.12723666666666666,-0.005936666666666662
2020-01-09,Energy,-0.0066219999999999985,-0.12723666666666666
2020-01-10,Energy,-0.200256,-0.0066219999999999985
2020-01-13,Energy,0.06339,-0.200256
2020-01-14,Energy,0.04658166666666667,0.06339
2020-01-15,Energy,0.011300000000000001,0.04658166666666667
2020-01-16,Energy,0.11939542857142857,0.011300000000000001
2020-01-17,Energy,-0.003487777777777773,0.11939542857142857
2020-01-21,Energy,0.042009285714285714,-0.003487777777777773
2020-01-22,Energy,0.04276833333333334,0.042009285714285714
2020-01-23,Energy,0.046168,0.04276833333333334
2020-01-24,Energy,0.03700333333333333,0.046168
2020-01-27,Energy,0.04936083333333333,0.03700333333333333
2020-01-28,Energy,0.006966666666666668,0.04936083333333333
2020-01-29,Energy,-0.054156666666666665,0.006966666666666668
2020-01-30,Energy,-0.01527047619047619,-0.054156666666666665
2020-01-31,Energy,-0.0005198412698412674,-0.01527047619047619
2020-02-03,Energy,0.034207564102564106,-0.0005198412698412674
2020-02-04,Energy,-0.04180333333333333,0.034207564102564106
2020-02-05,Energy,0.2420249523809524,-0.04180333333333333
2020-02-06,Energy,0.086316,0.2420249523809524
2020-02-07,Energy,0.039543,0.086316
2020-02-10,Energy,-0.014450000000000001,0.039543
2020-02-11,Energy,0.043153428571428565,-0.014450000000000001
2020-02-12,Energy,0.01695083333333333,0.043153428571428565
2020-02-13,Energy,-0.005018333333333333,0.01695083333333333
2020-02-14,Energy,0.017548,-0.005018333333333333
2020-02-18,Energy,-0.03703416666666667,0.017548
2020-02-19,Energy,0.05260666666666667,-0.03703416666666667
2020-02-20,Energy,0.027129999999999998,0.05260666666666667
2020-02-21,Energy,-0.016865,0.027129999999999998
2020-02-24,Energy,-0.23225071428571428,-0.016865
2020-02-25,Energy,-0.13799666666666666,-0.23225071428571428
2020-02-26,Energy,0.049018571428571425,-0.13799666666666666
2020-02-27,Energy,0.03749466666666666,0.049018571428571425
2020-02-28,Energy,0.047421000000000005,0.03749466666666666
2020-03-02,Energy,-0.01721499999999999,0.047421000000000005
2020-03-03,Energy,-0.06497911111111113,-0.01721499999999999
2020-03-04,Energy,0.09727,-0.06497911111111113
2020-03-05,Energy,-0.10313416666666667,0.09727
2020-03-06,Energy,-0.16457785714285714,-0.10313416666666667
2020-03-09,Energy,-0.1054826894158473,-0.16457785714285714
2020-03-10,Energy,0.025496676328502416,-0.1054826894158473
2020-03-11,Energy,-0.04747339285714285,0.025496676328502416
2020-03-12,Energy,-0.10330947368421053,-0.04747339285714285
2020-03-13,Energy,0.17839162464985994,-0.10330947368421053
2020-03-16,Energy,-0.2075652549019608,0.17839162464985994
2020-03-17,Energy,-0.20667050000000003,-0.2075652549019608
2020-03-18,Energy,-0.04423888888888888,-0.20667050000000003
2020-03-19,Energy,0.05907,-0.04423888888888888
2020-03-20,Energy,-0.04423682051282052,0.05907
2020-03-23,Energy,-0.09019555555555556,-0.04423682051282052
2020-03-24,Energy,0.13875866666666667,-0.09019555555555556
2020-03-25,Energy,0.008869333333333335,0.13875866666666667
2020-03-26,Energy,-0.053452,0.008869333333333335
2020-03-27,Energy,0.13962233333333335,-0.053452
2020-03-30,Energy,-0.105098,0.13962233333333335
2020-03-31,Energy,0.127355,-0.105098
2020-04-01,Energy,-0.05901047619047619,0.127355
2020-04-02,Energy,0.21863776923076922,-0.05901047619047619
2020-04-03,Energy,-0.04957738095238094,0.21863776923076922
2020-04-06,Energy,0.0687623015873016,-0.04957738095238094
2020-04-07,Energy,0.20207785714285714,0.0687623015873016
2020-04-08,Energy,0.1670127142857143,0.20207785714285714
2020-04-09,Energy,0.06999288095238096,0.1670127142857143
2020-04-13,Energy,-0.0063589615384615356,0.06999288095238096
2020-04-14,Energy,-0.14219166666666666,-0.0063589615384615356
2020-04-15,Energy,-0.12896474358974358,-0.14219166666666666
2020-04-16,Energy,-0.025225850649350658,-0.12896474358974358
2020-04-17,Energy,-0.042256444444444444,-0.025225850649350658
2020-04-20,Energy,-0.21006457556935815,-0.042256444444444444
2020-04-21,Energy,-0.2635079047619048,-0.21006457556935815
2020-04-22,Energy,0.08172100000000002,-0.2635079047619048
2020-04-23,Energy,0.13230372222222225,0.08172100000000002
2020-04-24,Energy,0.03376,0.13230372222222225
2020-04-27,Energy,-0.022790833333333333,0.03376
2020-04-28,Energy,-0.06921666666666666,-0.022790833333333333
2020-04-29,Energy,0.04978811904761904,-0.06921666666666666
2020-04-30,Energy,0.07222251948051948,0.04978811904761904
2020-05-01,Energy,-0.11496107936507935,0.07222251948051948
2020-05-04,Energy,0.009889032634032634,-0.11496107936507935
2020-05-05,Energy,0.11433404040404042,0.009889032634032634
2020-05-06,Energy,0.12302485714285716,0.11433404040404042
2020-05-07,Energy,0.1865614285714286,0.12302485714285716
2020-05-08,Energy,0.07531833333333333,0.1865614285714286
2020-05-11,Energy,-0.06533233333333333,0.07531833333333333
2020-05-12,Energy,0.005630666666666667,-0.06533233333333333
2020-05-13,Energy,-0.10073532467532469,0.005630666666666667
2020-05-14,Energy,-0.08145166666666667,-0.10073532467532469
2020-05-15,Energy,0.10089999999999999,-0.08145166666666667
2020-05-18,Energy,0.11972687301587304,0.10089999999999999
2020-05-19,Energy,0.107894,0.11972687301587304
2020-05-20,Energy,0.022725476190476192,0.107894
2020-05-21,Energy,0.007386666666666666,0.022725476190476192
2020-05-22,Energy,-0.045506,0.007386666666666666
2020-05-26,Energy,0.10566285714285714,-0.045506
2020-05-27,Energy,0.040775000000000006,0.10566285714285714
2020-05-28,Energy,0.03350499999999999,0.040775000000000006
2020-05-29,Energy,0.070184,0.03350499999999999
2020-06-01,Energy,0.017657121212121214,0.070184
2020-06-02,Energy,0.13364,0.017657121212121214
2020-06-03,Energy,0.3019866666666666,0.13364
2020-06-04,Energy,-0.018039333333333334,0.3019866666666666
2020-06-05,Energy,0.19086759595959596,-0.018039333333333334
2020-06-08,Energy,0.11374866666666668,0.19086759595959596
2020-06-09,Energy,0.3021273333333333,0.11374866666666668
2020-06-10,Energy,-0.24050600000000003,0.3021273333333333
2020-06-11,Energy,-0.15887666666666667,-0.24050600000000003
2020-06-12,Energy,0.116675,-0.15887666666666667
2020-06-15,Energy,-0.054791999999999993,0.116675
2020-06-16,Energy,0.014242500000000009,-0.054791999999999993
2020-06-17,Energy,-0.015662,0.014242500000000009
2020-06-18,Energy,0.01702266666666667,-0.015662
2020-06-19,Energy,0.006200476190476189,0.01702266666666667
2020-06-22,Energy,0.10241666666666667,0.006200476190476189
2020-06-23,Energy,-0.031194999999999994,0.10241666666666667
2020-06-24,Energy,-0.0009557142857142858,-0.031194999999999994
2020-06-25,Energy,-0.01512,-0.0009557142857142858
2020-06-26,Energy,0.024909999999999998,-0.01512
2020-06-29,Energy,-0.02439333333333333,0.024909999999999998
2020-06-30,Energy,0.025892666666666665,-0.02439333333333333
2020-07-01,Energy,0.04484999999999999,0.025892666666666665
2020-07-02,Energy,-0.005678484848484849,0.04484999999999999
2020-07-06,Energy,0.06979761904761905,-0.005678484848484849
2020-07-07,Energy,-0.0748507142857143,0.06979761904761905
2020-07-08,Energy,0.00414,-0.0748507142857143
2020-07-09,Energy,0.05413500000000001,0.00414
2020-07-10,Energy,0.10475999999999999,0.05413500000000001
2020-07-13,Energy,-0.032630000000000006,0.10475999999999999
2020-07-14,Energy,0.00129,-0.032630000000000006
2020-07-15,Energy,-0.09749,0.00129
2020-07-16,Energy,-0.008845000000000004,-0.09749
2020-07-17,Energy,-0.08376666666666666,-0.008845000000000004
2020-07-20,Energy,0.05840277777777778,-0.08376666666666666
2020-07-21,Energy,-0.004075848595848597,0.05840277777777778
2020-07-22,Energy,0.14691666666666667,-0.004075848595848597
2020-07-23,Energy,-0.031479999999999994,0.14691666666666667
2020-07-24,Energy,0.1275023076923077,-0.031479999999999994
2020-07-27,Energy,-0.09357866666666667,0.1275023076923077
2020-07-28,Energy,0.00828,-0.09357866666666667
2020-07-29,Energy,0.01857,0.00828
2020-07-30,Energy,0.006316222222222226,0.01857
2020-07-31,Energy,-0.04964038095238095,0.006316222222222226
2020-08-03,Energy,0.08128450000000001,-0.04964038095238095
2020-08-04,Energy,-0.0033733333333333337,0.08128450000000001
2020-08-05,Energy,-0.044228333333333335,-0.0033733333333333337
2020-08-06,Energy,0.04983,-0.044228333333333335
2020-08-07,Energy,0.0017919999999999998,0.04983
2020-08-10,Energy,0.11762555555555557,0.0017919999999999998
2020-08-11,Energy,0.07004285714285714,0.11762555555555557
2020-08-12,Energy,0.11122833333333333,0.07004285714285714
2020-08-13,Energy,-0.03213,0.11122833333333333
2020-08-14,Energy,0.149135,-0.03213
2020-08-17,Energy,-0.10540333333333333,0.149135
2020-08-18,Energy,0.03318333333333333,-0.10540333333333333
2020-08-19,Energy,0.030806666666666666,0.03318333333333333
2020-08-20,Energy,-0.005058000000000002,0.030806666666666666
2020-08-21,Energy,0.0047799999999999995,-0.005058000000000002
2020-08-24,Energy,0.04803644444444445,0.0047799999999999995
2020-08-25,Energy,0.015981333333333334,0.04803644444444445
2020-08-26,Energy,0.05951642857142857,0.015981333333333334
2020-08-27,Energy,-0.07820714285714285,0.05951642857142857
2020-08-28,Energy,-0.0063750000000000005,-0.07820714285714285
2020-08-31,Energy,0.04428619047619048,-0.0063750000000000005
2020-09-01,Energy,0.15507166666666666,0.04428619047619048
2020-09-02,Energy,-0.032288,0.15507166666666666
2020-09-03,Energy,0.007319999999999998,-0.032288
2020-09-04,Energy,0.11083500000000002,0.007319999999999998
2020-09-08,Energy,-0.14831228571428573,0.11083500000000002
2020-09-09,Energy,0.0401,-0.14831228571428573
2020-09-10,Energy,0.006720000000000001,0.0401
2020-09-11,Energy,0.04697333333333333,0.006720000000000001
2020-09-14,Energy,-0.04622285714285715,0.04697333333333333
2020-09-15,Energy,-0.11471333333333333,-0.04622285714285715
2020-09-16,Energy,0.05235666666666666,-0.11471333333333333
2020-09-17,Energy,0.016673333333333335,0.05235666666666666
2020-09-18,Energy,-0.03764000000000001,0.016673333333333335
2020-09-21,Energy,-0.03764333333333335,-0.03764000000000001
2020-09-22,Energy,0.16570000000000001,-0.03764333333333335
2020-09-23,Energy,-0.03970166666666667,0.16570000000000001
2020-09-24,Energy,0.07548666666666666,-0.03970166666666667
2020-09-25,Energy,0.02264,0.07548666666666666
2020-09-28,Energy,0.017414285714285712,0.02264
2020-09-29,Energy,0.20027,0.017414285714285712
2020-09-30,Energy,-0.06923333333333333,0.20027
2020-10-01,Energy,0.03877222222222222,-0.06923333333333333
2020-10-02,Energy,0.019973333333333336,0.03877222222222222
2020-10-05,Energy,-0.005231499999999998,0.019973333333333336
2020-10-06,Energy,0.0057700000000000026,-0.005231499999999998
2020-10-07,Energy,-0.031664,0.0057700000000000026
2020-10-08,Energy,0.14415,-0.031664
2020-10-09,Energy,0.0,0.14415
2020-10-12,Energy,-0.02730749999999999,0.0
2020-10-13,Energy,-0.0012900000000000001,-0.02730749999999999
2020-10-14,Energy,-0.006831999999999996,-0.0012900000000000001
2020-10-15,Energy,0.13291,-0.006831999999999996
2020-10-16,Energy,0.04621625,0.13291
2020-10-19,Energy,0.025028787878787883,0.04621625
2020-10-20,Energy,0.09211666666666667,0.025028787878787883
2020-10-21,Energy,0.0244,0.09211666666666667
2020-10-22,Energy,0.059129999999999995,0.0244
2020-10-23,Energy,0.14288499999999998,0.059129999999999995
2020-10-26,Energy,-0.0028216666666666694,0.14288499999999998
2020-10-27,Energy,-0.07925333333333333,-0.0028216666666666694
2020-10-28,Energy,-0.06261968253968254,-0.07925333333333333
2020-10-29,Energy,-0.04701357142857142,-0.06261968253968254
2020-10-30,Energy,-0.0109295,-0.04701357142857142
2020-11-02,Energy,0.017356666666666673,-0.0109295
2020-11-03,Energy,-0.000905000000000003,0.017356666666666673
2020-11-04,Energy,0.006319,-0.000905000000000003
2020-11-05,Energy,0.030873333333333343,0.006319
2020-11-06,Energy,0.017495,0.030873333333333343
2020-11-09,Energy,0.13282820512820512,0.017495
2020-11-10,Energy,-0.06794533333333333,0.13282820512820512
2020-11-11,Energy,0.006652,-0.06794533333333333
2020-11-12,Energy,0.15435666666666667,0.006652
2020-11-13,Energy,0.08779333333333333,0.15435666666666667
2020-11-16,Energy,0.14484249999999999,0.08779333333333333
2020-11-17,Energy,-0.10550999999999999,0.14484249999999999
2020-11-18,Energy,0.09800833333333334,-0.10550999999999999
2020-11-19,Energy,-0.00745,0.09800833333333334
2020-11-20,Energy,0.00776,-0.00745
2020-11-23,Energy,-0.06911685714285715,0.00776
2020-11-24,Energy,0.10384333333333333,-0.06911685714285715
2020-11-25,Energy,0.025419999999999998,0.10384333333333333
2020-11-27,Energy,0.031314999999999996,0.025419999999999998
2020-11-30,Energy,0.053713333333333335,0.031314999999999996
2020-12-01,Energy,0.13486333333333334,0.053713333333333335
2020-12-02,Energy,0.027852333333333333,0.13486333333333334
2020-12-03,Energy,-0.04553,0.027852333333333333
2020-12-04,Energy,0.06635220779220778,-0.04553
2020-12-07,Energy,0.08459799999999999,0.06635220779220778
2020-12-08,Energy,0.028449999999999996,0.08459799999999999
2020-12-09,Energy,-0.019614000000000003,0.028449999999999996
2020-12-10,Energy,0.09038133333333334,-0.019614000000000003
2020-12-11,Energy,-0.21738400000000002,0.09038133333333334
2020-12-14,Energy,0.06727,-0.21738400000000002
2020-12-15,Energy,0.04185333333333333,0.06727
2020-12-16,Energy,-0.030196666666666667,0.04185333333333333
2020-12-17,Energy,0.14119,-0.030196666666666667
2020-12-18,Energy,0.0091,0.14119
2020-12-21,Energy,0.06230066666666667,0.0091
2020-12-22,Energy,-0.0749065,0.06230066666666667
2020-12-23,Energy,0.09702,-0.0749065
2020-12-24,Energy,0.04988,0.09702
2020-12-28,Energy,0.15321533333333331,0.04988
2020-12-29,Energy,0.059075,0.15321533333333331
2020-12-30,Energy,0.054810000000000005,0.059075
2020-12-31,Energy,0.05832666666666668,0.054810000000000005
2021-01-04,Energy,0.008071666666666668,0.05832666666666668
2021-01-05,Energy,0.092525,0.008071666666666668
2021-01-06,Energy,-0.008569999999999998,0.092525
2021-01-07,Energy,-0.08997999999999999,-0.008569999999999998
2021-01-08,Energy,0.024674285714285715,-0.08997999999999999
2021-01-11,Energy,-0.009986666666666673,0.024674285714285715
2021-01-12,Energy,-0.02009666666666667,-0.009986666666666673
2021-01-13,Energy,0.021495,-0.02009666666666667
2021-01-14,Energy,0.0035750000000000005,0.021495
2021-01-15,Energy,-0.012273846153846154,0.0035750000000000005
2021-01-19,Energy,0.11279833333333333,-0.012273846153846154
2021-01-20,Energy,-0.017075,0.11279833333333333
2021-01-21,Energy,0.02124,-0.017075
2021-01-22,Energy,-0.1909225,0.02124
2021-01-25,Energy,0.10385333333333333,-0.1909225
2021-01-26,Energy,0.06810999999999999,0.10385333333333333
2021-01-27,Energy,0.05636333333333334,0.06810999999999999
2021-01-28,Energy,0.045189999999999994,0.05636333333333334
2021-01-29,Energy,-0.20068833333333336,0.045189999999999994
2021-02-01,Energy,-0.03981878787878788,-0.20068833333333336
2021-02-02,Energy,0.04181684210526316,-0.03981878787878788
2021-02-03,Energy,-0.012715,0.04181684210526316
2021-02-04,Energy,-0.0648,-0.012715
2021-02-05,Energy,-0.07320733333333333,-0.0648
2021-02-08,Energy,0.13439500000000001,-0.07320733333333333
2021-02-09,Energy,-0.010124999999999999,0.13439500000000001
2021-02-10,Energy,-0.09326,-0.010124999999999999
2021-02-11,Energy,0.05545500000000001,-0.09326
2021-02-12,Energy,-0.19486333333333333,0.05545500000000001
2021-02-16,Energy,0.07542,-0.19486333333333333
2021-02-17,Energy,-0.024740363636363637,0.07542
2021-02-18,Energy,0.027773333333333334,-0.024740363636363637
2021-02-19,Energy,0.08874,0.027773333333333334
2021-02-22,Energy,0.0753711111111111,0.08874
2021-02-23,Energy,0.12819166666666665,0.0753711111111111
2021-02-24,Energy,0.14397166666666666,0.12819166666666665
2021-02-25,Energy,0.008450000000000001,0.14397166666666666
2021-02-26,Energy,-0.03639166666666667,0.008450000000000001
2021-03-01,Energy,0.04674433333333333,-0.03639166666666667
2021-03-02,Energy,0.0025986666666666684,0.04674433333333333
2021-03-03,Energy,-0.04599863636363637,0.0025986666666666684
2021-03-04,Energy,0.12084999999999999,-0.04599863636363637
2021-03-05,Energy,0.09293333333333334,0.12084999999999999
2021-03-08,Energy,0.05333333333333333,0.09293333333333334
2021-03-09,Energy,-0.09912095238095238,0.05333333333333333
2021-03-10,Energy,0.012754999999999999,-0.09912095238095238
2021-03-11,Energy,0.04122333333333333,0.012754999999999999
2021-03-12,Energy,0.061880000000000004,0.04122333333333333
2021-03-15,Energy,-0.002289999999999999,0.061880000000000004
2021-03-16,Energy,0.033940000000000005,-0.002289999999999999
2021-03-17,Energy,0.036286666666666675,0.033940000000000005
2021-03-18,Energy,-0.10256666666666665,0.036286666666666675
2021-03-19,Energy,0.16091333333333332,-0.10256666666666665
2021-03-22,Energy,0.013383333333333334,0.16091333333333332
2021-03-23,Energy,-0.09178861111111111,0.013383333333333334
2021-03-24,Energy,0.19192466666666666,-0.09178861111111111
2021-03-25,Energy,-0.018658333333333336,0.19192466666666666
2021-03-26,Energy,0.17572366666666667,-0.018658333333333336
2021-03-29,Energy,0.127492,0.17572366666666667
2021-03-30,Energy,0.25068,0.127492
2021-03-31,Energy,0.08606499999999999,0.25068
2021-04-01,Energy,-0.13063,0.08606499999999999
2021-04-05,Energy,0.010257333333333334,-0.13063
2021-04-06,Energy,0.05508299999999999,0.010257333333333334
2021-04-07,Energy,-0.10174000000000001,0.05508299999999999
2021-04-08,Energy,0.0029599999999999995,-0.10174000000000001
2021-04-09,Energy,-0.06113,0.0029599999999999995
2021-04-12,Energy,0.00011999999999999996,-0.06113
2021-04-13,Energy,0.05722999999999999,0.00011999999999999996
2021-04-14,Energy,0.0105,0.05722999999999999
2021-04-15,Energy,0.01213,0.0105
2021-04-16,Energy,0.12048666666666667,0.01213
2021-04-19,Energy,0.05075500000000001,0.12048666666666667
2021-04-20,Energy,0.04008,0.05075500000000001
2021-04-21,Energy,0.050915,0.04008
2021-04-22,Energy,-0.006590000000000001,0.050915
2021-04-23,Energy,0.028797499999999997,-0.006590000000000001
2021-04-26,Energy,0.009946666666666677,0.028797499999999997
2021-04-27,Energy,0.0006933333333333333,0.009946666666666677
2021-04-28,Energy,0.131684,0.0006933333333333333
2021-04-29,Energy,0.05235333333333332,0.131684
2021-04-30,Energy,-0.009022142857142857,0.05235333333333332
2021-05-03,Energy,0.057323,-0.009022142857142857
2021-05-04,Energy,0.04288657142857143,0.057323
2021-05-05,Energy,0.025021666666666654,0.04288657142857143
2021-05-06,Energy,0.10173666666666667,0.025021666666666654
2021-05-07,Energy,-0.03308,0.10173666666666667
2021-05-10,Energy,0.14538485714285715,-0.03308
2021-05-11,Energy,0.030678,0.14538485714285715
2021-05-12,Energy,0.09061333333333334,0.030678
2021-05-13,Energy,0.025696666666666666,0.09061333333333334
2021-05-14,Energy,-0.059710000000000006,0.025696666666666666
2021-05-17,Energy,0.09135466666666667,-0.059710000000000006
2021-05-18,Energy,-0.032055,0.09135466666666667
2021-05-19,Energy,-0.028055000000000004,-0.032055
2021-05-20,Energy,0.045880000000000004,-0.028055000000000004
2021-05-21,Energy,-0.012488000000000008,0.045880000000000004
2021-05-24,Energy,0.13616166666666665,-0.012488000000000008
2021-05-25,Energy,-0.041978888888888885,0.13616166666666665
2021-05-26,Energy,0.1289475,-0.041978888888888885
2021-05-27,Energy,0.08198933333333333,0.1289475
2021-05-28,Energy,0.010846,0.08198933333333333
2021-06-01,Energy,0.07000866666666668,0.010846
2021-06-02,Energy,0.09056800000000001,0.07000866666666668
2021-06-03,Energy,0.20820333333333335,0.09056800000000001
2021-06-04,Energy,0.027006666666666672,0.20820333333333335
2021-06-07,Energy,-0.22472666666666669,0.027006666666666672
2021-06-08,Energy,0.01237,-0.22472666666666669
2021-06-09,Energy,0.0048579999999999995,0.01237
2021-06-10,Energy,0.052635,0.0048579999999999995
2021-06-11,Energy,0.011585000000000002,0.052635
2021-06-14,Energy,0.30417933333333336,0.011585000000000002
2021-06-15,Energy,0.04608266666666667,0.30417933333333336
2021-06-16,Energy,0.047144000000000005,0.04608266666666667
2021-06-17,Energy,-0.036977333333333334,0.047144000000000005
2021-06-18,Energy,0.09713,-0.036977333333333334
2021-06-21,Energy,0.21067399999999997,0.09713
2021-06-22,Energy,0.06033499999999999,0.21067399999999997
2021-06-23,Energy,0.33735099999999996,0.06033499999999999
2021-06-24,Energy,-0.08288166666666667,0.33735099999999996
2021-06-25,Energy,0.03183,-0.08288166666666667
2021-06-28,Energy,-0.10074333333333334,0.03183
2021-06-29,Energy,0.33798,-0.10074333333333334
2021-06-30,Energy,0.06687333333333333,0.33798
2021-07-01,Energy,0.18545,0.06687333333333333
2021-07-02,Energy,0.25813,0.18545
2021-07-06,Energy,-0.07617333333333332,0.25813
2021-07-07,Energy,-0.007940000000000006,-0.07617333333333332
2021-07-08,Energy,-0.03239333333333334,-0.007940000000000006
2021-07-09,Energy,0.22047866666666666,-0.03239333333333334
2021-07-12,Energy,-0.02628999999999999,0.22047866666666666
2021-07-13,Energy,0.07586000000000001,-0.02628999999999999
2021-07-14,Energy,0.007869999999999999,0.07586000000000001
2021-07-15,Energy,-0.025501333333333338,0.007869999999999999
2021-07-16,Energy,0.23842066666666667,-0.025501333333333338
2021-07-19,Energy,-0.142428,0.23842066666666667
2021-07-20,Energy,0.35969666666666666,-0.142428
2021-07-21,Energy,0.12923333333333334,0.35969666666666666
2021-07-22,Energy,0.16191499999999998,0.12923333333333334
2021-07-23,Energy,0.23813466666666666,0.16191499999999998
2021-07-26,Energy,0.023134666666666668,0.23813466666666666
2021-07-27,Energy,0.00414,0.023134666666666668
2021-07-28,Energy,0.028685,0.00414
2021-07-29,Energy,-0.029533333333333335,0.028685
2021-07-30,Energy,0.03468954545454546,-0.029533333333333335
2021-08-02,Energy,-0.07257866666666665,0.03468954545454546
2021-08-03,Energy,0.10697333333333334,-0.07257866666666665
2021-08-04,Energy,0.00123,0.10697333333333334
2021-08-05,Energy,0.007096666666666666,0.00123
2021-08-06,Energy,-0.005166666666666664,0.007096666666666666
2021-08-09,Energy,-0.11939666666666668,-0.005166666666666664
2021-08-10,Energy,-0.05684571428571429,-0.11939666666666668
2021-08-11,Energy,0.11065266666666666,-0.05684571428571429
2021-08-12,Energy,0.061086666666666664,0.11065266666666666
2021-08-13,Energy,0.10952500000000001,0.061086666666666664
2021-08-16,Energy,-0.07831857142857145,0.10952500000000001
2021-08-17,Energy,-0.11551499999999999,-0.07831857142857145
2021-08-18,Energy,-0.09702000000000001,-0.11551499999999999
2021-08-19,Energy,-0.034492857142857145,-0.09702000000000001
2021-08-20,Energy,-0.10462400000000001,-0.034492857142857145
2021-08-23,Energy,0.0408580303030303,-0.10462400000000001
2021-08-24,Energy,0.09787666666666667,0.0408580303030303
2021-08-25,Energy,0.0049,0.09787666666666667
2021-08-26,Energy,-0.0177,0.0049
2021-08-27,Energy,0.12845666666666666,-0.0177
2021-08-30,Energy,0.11058428571428572,0.12845666666666666
2021-08-31,Energy,0.0065833333333333325,0.11058428571428572
2021-09-01,Energy,0.08036380952380953,0.0065833333333333325
2021-09-02,Energy,0.2658378974358974,0.08036380952380953
2021-09-03,Energy,0.004543928571428571,0.2658378974358974
2021-09-07,Energy,0.17787833333333333,0.004543928571428571
2021-09-08,Energy,0.06351809523809523,0.17787833333333333
2021-09-09,Energy,0.17578114285714286,0.06351809523809523
2021-09-10,Energy,0.10906333333333333,0.17578114285714286
2021-09-13,Energy,0.058136785714285724,0.10906333333333333
2021-09-14,Energy,-0.03655799999999999,0.058136785714285724
2021-09-15,Energy,0.04526666666666666,-0.03655799999999999
2021-09-16,Energy,-0.024780000000000003,0.04526666666666666
2021-09-17,Energy,0.00292,-0.024780000000000003
2021-09-20,Energy,0.064003,0.00292
2021-09-21,Energy,0.01489,0.064003
2021-09-22,Energy,0.05246166666666667,0.01489
2021-09-23,Energy,0.12605833333333333,0.05246166666666667
2021-09-24,Energy,-0.06381904761904762,0.12605833333333333
2021-09-27,Energy,0.035706666666666664,-0.06381904761904762
2021-09-28,Energy,0.007483333333333333,0.035706666666666664
2021-09-29,Energy,-0.07143357142857143,0.007483333333333333
2021-09-30,Energy,0.07696166666666666,-0.07143357142857143
2021-10-01,Energy,0.12868500000000002,0.07696166666666666
2021-10-04,Energy,0.09483,0.12868500000000002
2021-10-05,Energy,0.176765,0.09483
2021-10-06,Energy,0.11509833333333333,0.176765
2021-10-07,Energy,0.04354714285714286,0.11509833333333333
2021-10-08,Energy,0.06897777777777778,0.04354714285714286
2021-10-11,Energy,-0.03952952380952381,0.06897777777777778
2021-10-12,Energy,0.0613,-0.03952952380952381
2021-10-13,Energy,0.09103333333333333,0.0613
2021-10-14,Energy,0.10146333333333332,0.09103333333333333
2021-10-15,Energy,0.21812399999999998,0.10146333333333332
2021-10-18,Energy,0.015122000000000005,0.21812399999999998
2021-10-19,Energy,0.07772799999999999,0.015122000000000005
2021-10-20,Energy,-0.06608166666666666,0.07772799999999999
2021-10-21,Energy,-0.02356666666666667,-0.06608166666666666
2021-10-22,Energy,0.08462685714285714,-0.02356666666666667
2021-10-25,Energy,0.05961166666666666,0.08462685714285714
2021-10-26,Energy,0.11421071428571428,0.05961166666666666
2021-10-27,Energy,-0.005961428571428569,0.11421071428571428
2021-10-28,Energy,0.10398749999999998,-0.005961428571428569
2021-10-29,Energy,0.2805783333333333,0.10398749999999998
2021-11-01,Energy,-0.008714166666666665,0.2805783333333333
2021-11-02,Energy,0.019638888888888893,-0.008714166666666665
2021-11-03,Energy,0.029848000000000003,0.019638888888888893
2021-11-04,Energy,0.01862266666666667,0.029848000000000003
2021-11-05,Energy,0.129905,0.01862266666666667
2021-11-08,Energy,0.06068333333333333,0.129905
2021-11-09,Energy,-0.004904666666666668,0.06068333333333333
2021-11-10,Energy,-0.04501000000000001,-0.004904666666666668
2021-11-11,Energy,0.0047666666666666664,-0.04501000000000001
2021-11-12,Energy,0.0,0.0047666666666666664
2021-11-15,Energy,-0.20143666666666665,0.0
2021-11-16,Energy,0.017965,-0.20143666666666665
2021-11-17,Energy,-0.04137761904761905,0.017965
2021-11-18,Energy,-0.04736333333333333,-0.04137761904761905
2021-11-19,Energy,0.11547809523809524,-0.04736333333333333
2021-11-22,Energy,0.10089166666666667,0.11547809523809524
2021-11-23,Energy,0.15505,0.10089166666666667
2021-11-24,Energy,0.008953333333333334,0.15505
2021-11-26,Energy,-0.12109666666666667,0.008953333333333334
2021-11-29,Energy,-0.14518166666666665,-0.12109666666666667
2021-11-30,Energy,-0.08028,-0.14518166666666665
2021-12-01,Energy,0.008953333333333332,-0.08028
2021-12-02,Energy,0.08070404761904762,0.008953333333333332
2021-12-03,Energy,-0.0019850000000000007,0.08070404761904762
2021-12-06,Energy,-0.20314642857142856,-0.0019850000000000007
2021-12-07,Energy,0.10561366666666668,-0.20314642857142856
2021-12-08,Energy,0.1467552380952381,0.10561366666666668
2021-12-09,Energy,-0.018600000000000002,0.1467552380952381
2021-12-10,Energy,0.086964,-0.018600000000000002
2021-12-13,Energy,0.02679142857142857,0.086964
2021-12-14,Energy,0.00929,0.02679142857142857
2021-12-15,Energy,0.08335999999999999,0.00929
2021-12-16,Energy,-0.06052,0.08335999999999999
2021-12-17,Energy,0.07382999999999999,-0.06052
2021-12-20,Energy,-0.013299999999999996,0.07382999999999999
2021-12-21,Energy,0.0,-0.013299999999999996
2021-12-22,Energy,0.03808,0.0
2021-12-23,Energy,0.0201,0.03808
2021-12-27,Energy,0.07257166666666667,0.0201
2021-12-28,Energy,-0.010463333333333335,0.07257166666666667
2021-12-29,Energy,0.0363,-0.010463333333333335
2021-12-30,Energy,0.033325,0.0363
2021-12-31,Energy,0.111272,0.033325
2022-01-03,Energy,0.07255476190476191,0.111272
2022-01-04,Energy,0.026793333333333336,0.07255476190476191
2022-01-05,Energy,-0.010690000000000002,0.026793333333333336
2022-01-06,Energy,-0.060863999999999994,-0.010690000000000002
2022-01-07,Energy,0.14336666666666667,-0.060863999999999994
2022-01-10,Energy,0.052969523809523814,0.14336666666666667
2022-01-11,Energy,0.05437714285714286,0.052969523809523814
2022-01-12,Energy,0.15453916666666667,0.05437714285714286
2022-01-13,Energy,0.15042300000000003,0.15453916666666667
2022-01-14,Energy,0.15935066666666667,0.15042300000000003
2022-01-18,Energy,0.24100535714285712,0.15935066666666667
2022-01-19,Energy,0.08646000000000001,0.24100535714285712
2022-01-20,Energy,0.16768083333333333,0.08646000000000001
2022-01-21,Energy,0.043805,0.16768083333333333
2022-01-24,Energy,0.007115833333333324,0.043805
2022-01-25,Energy,0.030084000000000007,0.007115833333333324
2022-01-26,Energy,0.13683805555555556,0.030084000000000007
2022-01-27,Energy,0.238760641025641,0.13683805555555556
2022-01-28,Energy,0.1208275,0.238760641025641
2022-01-31,Energy,0.14595083333333334,0.1208275
2022-02-01,Energy,0.03005895652173913,0.14595083333333334
2022-02-02,Energy,0.25156266666666666,0.03005895652173913
2022-02-03,Energy,0.06707388888888889,0.25156266666666666
2022-02-04,Energy,0.1858216666666667,0.06707388888888889
2022-02-07,Energy,0.1137686507936508,0.1858216666666667
2022-02-08,Energy,0.10921600000000001,0.1137686507936508
2022-02-09,Energy,0.0974,0.10921600000000001
2022-02-10,Energy,0.09988785714285715,0.0974
2022-02-11,Energy,0.093436,0.09988785714285715
2022-02-14,Energy,0.23607777777777778,0.093436
2022-02-15,Energy,-0.010717952380952371,0.23607777777777778
2022-02-16,Energy,0.13266066666666668,-0.010717952380952371
2022-02-17,Energy,0.061537999999999995,0.13266066666666668
2022-02-18,Energy,0.06583466666666668,0.061537999999999995
2022-02-22,Energy,0.005963749999999997,0.06583466666666668
2022-02-23,Energy,0.10152883333333333,0.005963749999999997
2022-02-24,Energy,-0.14099799999999998,0.10152883333333333
2022-02-25,Energy,0.133414358974359,-0.14099799999999998
2022-02-28,Energy,0.11170333333333335,0.133414358974359
2022-03-01,Energy,0.04028320488721805,0.11170333333333335
2022-03-02,Energy,0.10969095238095236,0.04028320488721805
2022-03-03,Energy,0.04009450549450549,0.10969095238095236
2022-03-04,Energy,0.10030100000000002,0.04009450549450549
2022-03-07,Energy,0.03193907326007326,0.10030100000000002
2022-03-08,Energy,0.09682155555555558,0.03193907326007326
2022-03-09,Energy,0.086724,0.09682155555555558
2022-03-10,Energy,-0.0010543571428571386,0.086724
2022-03-11,Energy,-0.010496388888888888,-0.0010543571428571386
2022-03-14,Energy,0.11551105555555556,-0.010496388888888888
2022-03-15,Energy,0.23932616666666667,0.11551105555555556
2022-03-16,Energy,0.10575931818181819,0.23932616666666667
2022-03-17,Energy,0.11645414141414143,0.10575931818181819
2022-03-18,Energy,0.0185,0.11645414141414143
2022-03-21,Energy,0.026883506493506494,0.0185
2022-03-22,Energy,0.14213933333333334,0.026883506493506494
2022-03-23,Energy,-0.01361,0.14213933333333334
2022-03-24,Energy,0.07854384615384616,-0.01361
2022-03-25,Energy,0.11659233333333334,0.07854384615384616
2022-03-28,Energy,0.12867555555555557,0.11659233333333334
2022-03-29,Energy,0.027059818181818185,0.12867555555555557
2022-03-30,Energy,0.12028333333333334,0.027059818181818185
2022-03-31,Energy,-0.020846666666666666,0.12028333333333334
2022-04-01,Energy,-0.05218433333333333,-0.020846666666666666
2022-04-04,Energy,-0.05650555555555555,-0.05218433333333333
2022-04-05,Energy,0.064445,-0.05650555555555555
2022-04-06,Energy,0.062075000000000005,0.064445
2022-04-07,Energy,0.08800200000000001,0.062075000000000005
2022-04-08,Energy,0.15863028571428572,0.08800200000000001
2022-04-11,Energy,0.1545716666666667,0.15863028571428572
2022-04-12,Energy,0.12612733333333334,0.1545716666666667
2022-04-13,Energy,0.14589322222222223,0.12612733333333334
2022-04-14,Energy,0.06067,0.14589322222222223
2022-04-18,Energy,0.16109111111111113,0.06067
2022-04-19,Energy,0.21350100000000002,0.16109111111111113
2022-04-20,Energy,0.18329,0.21350100000000002
2022-04-21,Energy,0.08066000000000001,0.18329
2022-04-22,Energy,0.19173500000000002,0.08066000000000001
2022-04-25,Energy,0.15641435497835499,0.19173500000000002
2022-04-26,Energy,0.08978285714285714,0.15641435497835499
2022-04-27,Energy,0.27921666666666667,0.08978285714285714
2022-04-28,Energy,0.23318714285714287,0.27921666666666667
2022-04-29,Energy,0.041111703703703706,0.23318714285714287
2022-05-02,Energy,0.07928574358974358,0.041111703703703706
2022-05-03,Energy,0.21705466666666667,0.07928574358974358
2022-05-04,Energy,0.10826711111111112,0.21705466666666667
2022-05-05,Energy,0.29388016666666666,0.10826711111111112
2022-05-06,Energy,0.08837057142857144,0.29388016666666666
2022-05-09,Energy,0.09777531601731601,0.08837057142857144
2022-05-10,Energy,0.06962642857142858,0.09777531601731601
2022-05-11,Energy,0.13516166666666668,0.06962642857142858
2022-05-12,Energy,0.06307595238095239,0.13516166666666668
2022-05-13,Energy,-0.013397777777777778,0.06307595238095239
2022-05-16,Energy,0.012378339438339447,-0.013397777777777778
2022-05-17,Energy,0.10951478787878788,0.012378339438339447
2022-05-18,Energy,0.09873125641025642,0.10951478787878788
2022-05-19,Energy,0.16049228571428573,0.09873125641025642
2022-05-20,Energy,0.023687999999999997,0.16049228571428573
2022-05-23,Energy,0.141001,0.023687999999999997
2022-05-24,Energy,0.1446371111111111,0.141001
2022-05-25,Energy,0.043120476190476195,0.1446371111111111
2022-05-26,Energy,0.151149,0.043120476190476195
2022-05-27,Energy,0.07781761904761905,0.151149
2022-05-31,Energy,0.150991336996337,0.07781761904761905
2022-06-01,Energy,0.08023642857142857,0.150991336996337
2022-06-02,Energy,0.171298,0.08023642857142857
2022-06-03,Energy,0.14383566666666667,0.171298
2022-06-06,Energy,0.06649260073260073,0.14383566666666667
2022-06-07,Energy,0.07248942857142857,0.06649260073260073
2022-06-08,Energy,0.11282015873015874,0.07248942857142857
2022-06-09,Energy,0.12899466666666667,0.11282015873015874
2022-06-10,Energy,0.06462866666666665,0.12899466666666667
2022-06-13,Energy,0.09362176767676769,0.06462866666666665
2022-06-14,Energy,0.11724916666666667,0.09362176767676769
2022-06-15,Energy,0.18411750000000002,0.11724916666666667
2022-06-16,Energy,0.00769333333333333,0.18411750000000002
2022-06-17,Energy,0.12384166666666666,0.00769333333333333
2022-06-21,Energy,0.05884935520361991,0.12384166666666666
2022-06-22,Energy,0.022169999999999995,0.05884935520361991
2022-06-23,Energy,0.08865888888888888,0.022169999999999995
2022-06-24,Energy,-0.07087083333333333,0.08865888888888888
2022-06-27,Energy,0.048985000000000015,-0.07087083333333333
2022-06-28,Energy,0.054554845938375354,0.048985000000000015
2022-06-29,Energy,0.12055415384615387,0.054554845938375354
2022-06-30,Energy,-0.03017249999999999,0.12055415384615387
2022-07-01,Energy,0.13771692307692307,-0.03017249999999999
2022-07-05,Energy,0.030800136946386947,0.13771692307692307
2022-07-06,Energy,0.11010271428571428,0.030800136946386947
2022-07-07,Energy,0.0696511111111111,0.11010271428571428
2022-07-08,Energy,0.043604,0.0696511111111111
2022-07-11,Energy,-0.06392461538461539,0.043604
2022-07-12,Energy,0.13888904761904763,-0.06392461538461539
2022-07-13,Energy,0.125325,0.13888904761904763
2022-07-14,Energy,0.06535514069264069,0.125325
2022-07-15,Energy,0.10438700000000001,0.06535514069264069
2022-07-18,Energy,0.21415690476190474,0.10438700000000001
2022-07-19,Energy,0.184808,0.21415690476190474
2022-07-20,Energy,0.050697142857142864,0.184808
2022-07-21,Energy,0.14792833333333333,0.050697142857142864
2022-07-22,Energy,0.18850318181818182,0.14792833333333333
2022-07-25,Energy,0.17238797113997112,0.18850318181818182
2022-07-26,Energy,0.053515,0.17238797113997112
2022-07-27,Energy,0.0737887619047619,0.053515
2022-07-28,Energy,0.13024645454545455,0.0737887619047619
2022-07-29,Energy,0.2648026923076923,0.13024645454545455
2022-08-01,Energy,0.1511230505050505,0.2648026923076923
2022-08-02,Energy,0.08177428571428572,0.1511230505050505
2022-08-03,Energy,0.19868481283422462,0.08177428571428572
2022-08-04,Energy,0.08515595238095239,0.19868481283422462
2022-08-05,Energy,0.149474,0.08515595238095239
2022-08-08,Energy,0.08616833333333333,0.149474
2022-08-09,Energy,0.023661396825396825,0.08616833333333333
2022-08-10,Energy,0.12434914285714287,0.023661396825396825
2022-08-11,Energy,0.042326666666666665,0.12434914285714287
2022-08-12,Energy,0.0010129999999999959,0.042326666666666665
2022-08-15,Energy,0.1153380505050505,0.0010129999999999959
2022-08-16,Energy,0.07825666666666667,0.1153380505050505
2022-08-17,Energy,0.21281999999999995,0.07825666666666667
2022-08-18,Energy,-0.07461266666666666,0.21281999999999995
2022-08-19,Energy,0.07480666666666666,-0.07461266666666666
2022-08-22,Energy,0.050291111111111106,0.07480666666666666
2022-08-23,Energy,0.015244444444444446,0.050291111111111106
2022-08-24,Energy,-0.009934666666666666,0.015244444444444446
2022-08-25,Energy,0.1902039285714286,-0.009934666666666666
2022-08-26,Energy,0.08287333333333333,0.1902039285714286
2022-08-29,Energy,0.0876888888888889,0.08287333333333333
2022-08-30,Energy,0.04520857142857143,0.0876888888888889
2022-08-31,Energy,0.17269436363636365,0.04520857142857143
2022-09-01,Energy,0.045333,0.17269436363636365
2022-09-02,Energy,0.060367142857142855,0.045333
2022-09-06,Energy,0.010801333333333335,0.060367142857142855
2022-09-07,Energy,0.07901166666666667,0.010801333333333335
2022-09-08,Energy,0.10269666666666666,0.07901166666666667
2022-09-09,Energy,-0.09911466666666666,0.10269666666666666
2022-09-12,Energy,0.16237416666666665,-0.09911466666666666
2022-09-13,Energy,0.1441747142857143,0.16237416666666665
2022-09-14,Energy,0.04580583333333334,0.1441747142857143
2022-09-15,Energy,0.07594833333333333,0.04580583333333334
2022-09-16,Energy,0.22305999999999998,0.07594833333333333
2022-09-19,Energy,0.043953857142857135,0.22305999999999998
2022-09-20,Energy,0.08328333333333333,0.043953857142857135
2022-09-21,Energy,0.06058699999999999,0.08328333333333333
2022-09-22,Energy,0.04504999999999999,0.06058699999999999
2022-09-23,Energy,-0.11180416666666666,0.04504999999999999
2022-09-26,Energy,-0.018381666666666654,-0.11180416666666666
2022-09-27,Energy,0.011421428571428572,-0.018381666666666654
2022-09-28,Energy,0.09319,0.011421428571428572
2022-09-29,Energy,0.12033466666666667,0.09319
2022-09-30,Energy,0.10291619047619047,0.12033466666666667
2022-10-03,Energy,0.06984974358974358,0.10291619047619047
2022-10-04,Energy,0.12168333333333334,0.06984974358974358
2022-10-05,Energy,0.06580888888888889,0.12168333333333334
2022-10-06,Energy,0.10715699999999999,0.06580888888888889
2022-10-07,Energy,0.182672,0.10715699999999999
2022-10-10,Energy,0.042112857142857146,0.182672
2022-10-11,Energy,0.060694000000000005,0.042112857142857146
2022-10-12,Energy,0.033637230769230766,0.060694000000000005
2022-10-13,Energy,-0.018503555555555558,0.033637230769230766
2022-10-14,Energy,0.1781198095238095,-0.018503555555555558
2022-10-17,Energy,0.02836600000000001,0.1781198095238095
2022-10-18,Energy,0.11290250000000002,0.02836600000000001
2022-10-19,Energy,0.15421733333333335,0.11290250000000002
2022-10-20,Energy,0.16064733333333334,0.15421733333333335
2022-10-21,Energy,0.1387152380952381,0.16064733333333334
2022-10-24,Energy,0.15279183333333335,0.1387152380952381
2022-10-25,Energy,0.11142800000000001,0.15279183333333335
2022-10-26,Energy,0.03485400000000001,0.11142800000000001
2022-10-27,Energy,0.07068460606060607,0.03485400000000001
2022-10-28,Energy,0.14887388888888892,0.07068460606060607
2022-10-31,Energy,0.07966083333333333,0.14887388888888892
2022-11-01,Energy,0.10331272727272726,0.07966083333333333
2022-11-02,Energy,0.14085638095238096,0.10331272727272726
2022-11-03,Energy,0.24373,0.14085638095238096
2022-11-04,Energy,0.19466666666666668,0.24373
2022-11-07,Energy,0.06394155844155844,0.19466666666666668
2022-11-08,Energy,0.06907166666666667,0.06394155844155844
2022-11-09,Energy,-0.013739999999999994,0.06907166666666667
2022-11-10,Energy,0.053234000000000004,-0.013739999999999994
2022-11-11,Energy,-0.001214571428571426,0.053234000000000004
2022-11-14,Energy,0.13179772727272726,-0.001214571428571426
2022-11-15,Energy,0.1947542857142857,0.13179772727272726
2022-11-16,Energy,0.102961,0.1947542857142857
2022-11-17,Energy,-0.0013759999999999994,0.102961
2022-11-18,Energy,-0.04445,-0.0013759999999999994
2022-11-21,Energy,0.12102483333333333,-0.04445
2022-11-22,Energy,-0.06608933333333333,0.12102483333333333
2022-11-23,Energy,0.10573390476190477,-0.06608933333333333
2022-11-25,Energy,0.15059499999999998,0.10573390476190477
2022-11-28,Energy,-0.03693824999999999,0.15059499999999998
2022-11-29,Energy,0.03551863636363636,-0.03693824999999999
2022-11-30,Energy,0.1156184761904762,0.03551863636363636
2022-12-01,Energy,0.14911666666666668,0.1156184761904762
2022-12-02,Energy,0.21316333333333332,0.14911666666666668
2022-12-05,Energy,0.02759126984126984,0.21316333333333332
2022-12-06,Energy,0.18567633333333333,0.02759126984126984
2022-12-07,Energy,0.07407119047619047,0.18567633333333333
2022-12-08,Energy,0.07831451282051281,0.07407119047619047
2022-12-09,Energy,0.0230665873015873,0.07831451282051281
2022-12-12,Energy,0.01257166666666667,0.0230665873015873
2022-12-13,Energy,0.044855,0.01257166666666667
2022-12-14,Energy,0.0066106666666666675,0.044855
2022-12-15,Energy,-5.533333333333501e-05,0.0066106666666666675
2022-12-16,Energy,0.025802000000000002,-5.533333333333501e-05
2022-12-19,Energy,0.10149088888888888,0.025802000000000002
2022-12-20,Energy,0.15705249999999998,0.10149088888888888
2022-12-21,Energy,0.04079166666666667,0.15705249999999998
2022-12-22,Energy,0.19517500000000002,0.04079166666666667
2022-12-23,Energy,0.03219,0.19517500000000002
2022-12-27,Energy,0.12540820512820514,0.03219
2022-12-28,Energy,0.04645142857142857,0.12540820512820514
2022-12-29,Energy,-0.05894690476190476,0.04645142857142857
2022-12-30,Energy,0.26858666666666664,-0.05894690476190476
2023-01-03,Energy,0.2645258253968254,0.26858666666666664
2023-01-04,Energy,0.15492166666666668,0.2645258253968254
2023-01-05,Energy,0.0743075,0.15492166666666668
2023-01-06,Energy,0.07829409523809525,0.0743075
2023-01-09,Energy,0.24254023809523811,0.07829409523809525
2023-01-10,Energy,-0.03110685714285714,0.24254023809523811
2023-01-11,Energy,0.07103000000000001,-0.03110685714285714
2023-01-12,Energy,0.004062500000000001,0.07103000000000001
2023-01-13,Energy,0.16251357142857142,0.004062500000000001
2023-01-17,Energy,0.044414274509803925,0.16251357142857142
2023-01-18,Energy,0.21044944444444447,0.044414274509803925
2023-01-19,Energy,0.10681500000000002,0.21044944444444447
2023-01-20,Energy,0.08550934615384616,0.10681500000000002
2023-01-23,Energy,0.13797329545454545,0.08550934615384616
2023-01-24,Energy,0.22274857142857143,0.13797329545454545
2023-01-25,Energy,0.1443977777777778,0.22274857142857143
2023-01-26,Energy,0.14388769230769233,0.1443977777777778
2023-01-27,Energy,0.03659152380952381,0.14388769230769233
2023-01-30,Energy,-0.03445225108225108,0.03659152380952381
2023-01-31,Energy,0.042362410256410264,-0.03445225108225108
2023-02-01,Energy,-0.04860455555555556,0.042362410256410264
2023-02-02,Energy,0.11024714285714285,-0.04860455555555556
2023-02-03,Energy,-0.070055,0.11024714285714285
2023-02-06,Energy,0.006007777777777776,-0.070055
2023-02-07,Energy,-0.06697390476190475,0.006007777777777776
2023-02-08,Energy,0.07098000000000002,-0.06697390476190475
2023-02-09,Energy,0.06798657142857142,0.07098000000000002
2023-02-10,Energy,0.09714633333333333,0.06798657142857142
2023-02-13,Energy,0.04074444444444445,0.09714633333333333
2023-02-14,Energy,-0.06645333333333334,0.04074444444444445
2023-02-15,Energy,0.0046300000000000004,-0.06645333333333334
2023-02-16,Energy,0.08503644444444444,0.0046300000000000004
2023-02-17,Energy,0.13854285714285713,0.08503644444444444
2023-02-21,Energy,0.016490505050505047,0.13854285714285713
2023-02-22,Energy,-0.019436000000000002,0.016490505050505047
2023-02-23,Energy,0.030220476190476193,-0.019436000000000002
2023-02-24,Energy,0.042355000000000004,0.030220476190476193
2023-02-27,Energy,-0.020125857142857147,0.042355000000000004
2023-02-28,Energy,0.13579555555555556,-0.020125857142857147
2023-03-01,Energy,0.03299333333333333,0.13579555555555556
2023-03-02,Energy,0.10125833333333334,0.03299333333333333
2023-03-03,Energy,0.066175,0.10125833333333334
2023-03-06,Energy,0.05104177777777778,0.066175
2023-03-07,Energy,0.08072333333333334,0.05104177777777778
2023-03-08,Energy,0.10141,0.08072333333333334
2023-03-09,Energy,0.06640850000000001,0.10141
2023-03-10,Energy,0.042693333333333326,0.06640850000000001
2023-03-13,Energy,0.06364416666666667,0.042693333333333326
2023-03-14,Energy,0.09894666666666667,0.06364416666666667
2023-03-15,Energy,0.04474892857142858,0.09894666666666667
2023-03-16,Energy,-0.024301000000000003,0.04474892857142858
2023-03-17,Energy,0.02568666666666667,-0.024301000000000003
2023-03-20,Energy,0.06331133333333333,0.02568666666666667
2023-03-21,Energy,-0.01653533333333333,0.06331133333333333
2023-03-22,Energy,0.16395283333333335,-0.01653533333333333
2023-03-23,Energy,-0.0008343333333333314,0.16395283333333335
2023-03-24,Energy,0.072556,-0.0008343333333333314
2023-03-27,Energy,0.030017500000000003,0.072556
2023-03-28,Energy,0.12492666666666667,0.030017500000000003
2023-03-29,Energy,0.029091222222222223,0.12492666666666667
2023-03-30,Energy,0.02185466666666666,0.029091222222222223
2023-03-31,Energy,0.030812000000000006,0.02185466666666666
2023-04-03,Energy,-0.08666087719298246,0.030812000000000006
2023-04-04,Energy,0.26662549206349206,-0.08666087719298246
2023-04-05,Energy,0.01476952380952381,0.26662549206349206
2023-04-06,Energy,0.04557969230769231,0.01476952380952381
2023-04-10,Energy,0.06352420666290232,0.04557969230769231
2023-04-11,Energy,0.09638833333333333,0.06352420666290232
2023-04-12,Energy,0.05460666666666667,0.09638833333333333
2023-04-13,Energy,0.063857,0.05460666666666667
2023-04-14,Energy,0.155235,0.063857
2023-04-17,Energy,0.04836566666666666,0.155235
2023-04-18,Energy,0.06758858585858586,0.04836566666666666
2023-04-19,Energy,0.13531016666666668,0.06758858585858586
2023-04-20,Energy,0.0099325,0.13531016666666668
2023-04-21,Energy,0.138348358974359,0.0099325
2023-04-24,Energy,0.12433424242424243,0.138348358974359
2023-04-25,Energy,0.06360214285714286,0.12433424242424243
2023-04-26,Energy,0.105752,0.06360214285714286
2023-04-27,Energy,0.03935733333333332,0.105752
2023-04-28,Energy,0.20219403714565004,0.03935733333333332
2023-05-01,Energy,0.07081726315789473,0.20219403714565004
2023-05-02,Energy,0.044001174603174605,0.07081726315789473
2023-05-03,Energy,0.06642571428571428,0.044001174603174605
2023-05-04,Energy,0.10175133333333335,0.06642571428571428
2023-05-05,Energy,0.033433000000000004,0.10175133333333335
2023-05-08,Energy,0.07002620728291317,0.033433000000000004
2023-05-09,Energy,0.10445571428571429,0.07002620728291317
2023-05-10,Energy,0.06551866666666667,0.10445571428571429
2023-05-11,Energy,0.16355833333333333,0.06551866666666667
2023-05-12,Energy,-0.003377999999999992,0.16355833333333333
2023-05-15,Energy,0.08928497979797981,-0.003377999999999992
2023-05-16,Energy,0.020896666666666668,0.08928497979797981
2023-05-17,Energy,-0.025944000000000002,0.020896666666666668
2023-05-18,Energy,0.072427,-0.025944000000000002
2023-05-19,Energy,0.09141583333333334,0.072427
2023-05-22,Energy,0.06724711111111112,0.09141583333333334
2023-05-23,Energy,-0.07818714285714286,0.06724711111111112
2023-05-24,Energy,-0.005970000000000003,-0.07818714285714286
2023-05-25,Energy,-0.04575211111111112,-0.005970000000000003
2023-05-26,Energy,0.04702777777777778,-0.04575211111111112
2023-05-30,Energy,0.08714785714285714,0.04702777777777778
2023-05-31,Energy,0.10691199999999998,0.08714785714285714
2023-06-01,Energy,0.11983249999999998,0.10691199999999998
2023-06-02,Energy,-0.005744444444444443,0.11983249999999998
2023-06-05,Energy,0.05840288888888889,-0.005744444444444443
2023-06-06,Energy,-0.009601111111111116,0.05840288888888889
2023-06-07,Energy,0.07518,-0.009601111111111116
2023-06-08,Energy,0.15572619047619046,0.07518
2023-06-09,Energy,0.03331085714285714,0.15572619047619046
2023-06-12,Energy,0.055757500000000015,0.03331085714285714
2023-06-13,Energy,0.11348333333333335,0.055757500000000015
2023-06-14,Energy,-0.018801666666666668,0.11348333333333335
2023-06-15,Energy,0.025203333333333335,-0.018801666666666668
2023-06-16,Energy,0.035436666666666665,0.025203333333333335
2023-06-20,Energy,0.039036,0.035436666666666665
2023-06-21,Energy,0.100245,0.039036
2023-06-22,Energy,0.006599090909090913,0.100245
2023-06-23,Energy,0.06575333333333333,0.006599090909090913
2023-06-26,Energy,0.04502266666666667,0.06575333333333333
2023-06-27,Energy,0.031006666666666672,0.04502266666666667
2023-06-28,Energy,0.09608933333333333,0.031006666666666672
2023-06-29,Energy,0.057146969696969696,0.09608933333333333
2023-06-30,Energy,0.022427333333333334,0.057146969696969696
2023-07-03,Energy,0.09278866666666667,0.022427333333333334
2023-07-05,Energy,0.018395384615384612,0.09278866666666667
2023-07-06,Energy,0.023068571428571428,0.018395384615384612
2023-07-07,Energy,0.07317,0.023068571428571428
2023-07-10,Energy,-0.05380971428571428,0.07317
2023-07-11,Energy,-0.13464119047619047,-0.05380971428571428
2023-07-12,Energy,0.029531333333333337,-0.13464119047619047
2023-07-13,Energy,0.0379497619047619,0.029531333333333337
2023-07-14,Energy,0.04794353846153847,0.0379497619047619
2023-07-17,Energy,0.08470433333333334,0.04794353846153847
2023-07-18,Energy,0.030085666666666667,0.08470433333333334
2023-07-19,Energy,0.022036,0.030085666666666667
2023-07-20,Energy,0.10067833333333334,0.022036
2023-07-21,Energy,0.007987550724637688,0.10067833333333334
2023-07-24,Energy,0.196407,0.007987550724637688
2023-07-25,Energy,0.10734066666666667,0.196407
2023-07-26,Energy,0.024546000000000002,0.10734066666666667
2023-07-27,Energy,0.10869,0.024546000000000002
2023-07-28,Energy,0.15279066666666669,0.10869
2023-07-31,Energy,0.15842266666666666,0.15279066666666669
2023-08-01,Energy,0.029059999999999996,0.15842266666666666
2023-08-02,Energy,0.017801666666666677,0.029059999999999996
2023-08-03,Energy,0.061067142857142855,0.017801666666666677
2023-08-04,Energy,-0.09433,0.061067142857142855
2023-08-07,Energy,0.15042383333333334,-0.09433
2023-08-08,Energy,0.16878833333333332,0.15042383333333334
2023-08-09,Energy,0.008933333333333326,0.16878833333333332
2023-08-10,Energy,0.009235999999999989,0.008933333333333326
2023-08-11,Energy,0.05692646153846155,0.009235999999999989
2023-08-14,Energy,0.08097055555555557,0.05692646153846155
2023-08-15,Energy,0.0038821428571428644,0.08097055555555557
2023-08-16,Energy,0.014426666666666666,0.0038821428571428644
2023-08-17,Energy,0.03306145054945055,0.014426666666666666
2023-08-18,Energy,0.03478742857142858,0.03306145054945055
2023-08-21,Energy,0.12682775,0.03478742857142858
2023-08-22,Energy,-0.033982253968253974,0.12682775
2023-08-23,Energy,-0.08161984126984127,-0.033982253968253974
2023-08-24,Energy,-0.004646,-0.08161984126984127
2023-08-25,Energy,-0.0394525,-0.004646
2023-08-28,Energy,0.08815939393939394,-0.0394525
2023-08-29,Energy,-0.05648363636363636,0.08815939393939394
2023-08-30,Energy,0.001974603174603173,-0.05648363636363636
2023-08-31,Energy,0.076941,0.001974603174603173
2023-09-01,Energy,0.1613,0.076941
2023-09-05,Energy,-0.10982696428571428,0.1613
2023-09-06,Energy,0.08896095238095239,-0.10982696428571428
2023-09-07,Energy,0.11278600000000001,0.08896095238095239
2023-09-08,Energy,0.06455285714285715,0.11278600000000001
2023-09-11,Energy,0.056299999999999996,0.06455285714285715
2023-09-12,Energy,-0.09108999999999999,0.056299999999999996
2023-09-13,Energy,0.03819694444444445,-0.09108999999999999
2023-09-14,Energy,0.06154533333333333,0.03819694444444445
2023-09-15,Energy,-0.01093666666666666,0.06154533333333333
2023-09-18,Energy,-0.015557333333333336,-0.01093666666666666
2023-09-19,Energy,0.02358669230769231,-0.015557333333333336
2023-09-20,Energy,0.015891428571428574,0.02358669230769231
2023-09-21,Energy,0.06847583333333333,0.015891428571428574
2023-09-22,Energy,0.12150799999999999,0.06847583333333333
2023-09-25,Energy,0.08167214285714286,0.12150799999999999
2023-09-26,Energy,0.08453095238095237,0.08167214285714286
2023-09-27,Energy,0.20508800000000002,0.08453095238095237
2023-09-28,Energy,0.04997111111111112,0.20508800000000002
2023-09-29,Energy,0.14579933333333334,0.04997111111111112
2023-10-02,Energy,0.19814678571428573,0.14579933333333334
2023-10-03,Energy,0.25128300000000003,0.19814678571428573
2023-10-04,Energy,0.09352654545454545,0.25128300000000003
2023-10-05,Energy,0.037355641025641026,0.09352654545454545
2023-10-06,Energy,0.04453615384615385,0.037355641025641026
2023-10-09,Energy,-0.0646561212121212,0.04453615384615385
2023-10-10,Energy,0.09770288888888888,-0.0646561212121212
2023-10-11,Energy,0.020395942028985512,0.09770288888888888
2023-10-12,Energy,0.20864000000000002,0.020395942028985512
2023-10-13,Energy,0.04589288888888889,0.20864000000000002
2023-10-16,Energy,0.05863,0.04589288888888889
2023-10-17,Energy,0.02904142857142857,0.05863
2023-10-18,Energy,-0.07883047008547009,0.02904142857142857
2023-10-19,Energy,0.12031340909090908,-0.07883047008547009
2023-10-20,Energy,0.022101537176274017,0.12031340909090908
2023-10-23,Energy,-0.011037272727272729,0.022101537176274017
2023-10-24,Energy,0.13921257142857144,-0.011037272727272729
2023-10-25,Energy,0.1228759090909091,0.13921257142857144
2023-10-26,Energy,-0.017550443223443225,0.1228759090909091
2023-10-27,Energy,0.05913540229885057,-0.017550443223443225
2023-10-30,Energy,0.03770424242424243,0.05913540229885057
2023-10-31,Energy,0.22664842857142858,0.03770424242424243
2023-11-01,Energy,0.18079166666666668,0.22664842857142858
2023-11-02,Energy,-0.03221811764705882,0.18079166666666668
2023-11-03,Energy,0.06098166666666667,-0.03221811764705882
2023-11-06,Energy,0.05316038095238096,0.06098166666666667
2023-11-07,Energy,-0.020252500000000003,0.05316038095238096
2023-11-08,Energy,0.03606616666666666,-0.020252500000000003
2023-11-09,Energy,0.04098757575757576,0.03606616666666666
2023-11-10,Energy,0.01951857142857143,0.04098757575757576
2023-11-13,Energy,0.06972284848484848,0.01951857142857143
2023-11-14,Energy,0.02546866666666666,0.06972284848484848
2023-11-15,Energy,0.06238166666666667,0.02546866666666666
2023-11-16,Energy,0.034362500000000004,0.06238166666666667
2023-11-17,Energy,0.05256380952380953,0.034362500000000004
2023-11-20,Energy,-0.009505,0.05256380952380953
2023-11-21,Energy,0.12037857142857142,-0.009505
2023-11-22,Energy,0.026671428571428575,0.12037857142857142
2023-11-24,Energy,0.025592857142857146,0.026671428571428575
2023-11-27,Energy,-0.0028266666666666605,0.025592857142857146
2023-11-28,Energy,-0.072213,-0.0028266666666666605
2023-11-29,Energy,0.0047669444444444434,-0.072213
2023-11-30,Energy,0.014480000000000003,0.0047669444444444434
2023-12-01,Energy,-0.0070550000000000005,0.014480000000000003
2023-12-04,Energy,0.17157533333333333,-0.0070550000000000005
2023-12-05,Energy,0.0049099999999999994,0.17157533333333333
2023-12-06,Energy,0.11266637362637362,0.0049099999999999994
2023-12-07,Energy,-0.03232266666666667,0.11266637362637362
2023-12-08,Energy,-0.010830714285714282,-0.03232266666666667
2023-12-11,Energy,0.07155104283559578,-0.010830714285714282
2023-12-12,Energy,0.05981384615384615,0.07155104283559578
2023-12-13,Energy,0.13683333333333333,0.05981384615384615
2023-12-14,Energy,0.09311666666666667,0.13683333333333333
2023-12-15,Energy,0.02317,0.09311666666666667
2023-12-18,Energy,0.10303428571428572,0.02317
2023-12-19,Energy,0.0,0.10303428571428572
2023-12-20,Energy,0.0,0.0
2023-12-21,Energy,0.0,0.0
2023-12-22,Energy,0.0,0.0
2023-12-26,Energy,0.0,0.0
2023-12-27,Energy,0.0,0.0
2023-12-28,Energy,0.0,0.0
2023-12-29,Energy,0.0,0.0
2020-01-02,Financials,0.06496666666666667,
2020-01-03,Financials,0.052860000000000004,0.06496666666666667
2020-01-06,Financials,0.03407399999999999,0.052860000000000004
2020-01-07,Financials,0.10754300000000001,0.03407399999999999
2020-01-08,Financials,0.19597,0.10754300000000001
2020-01-09,Financials,0.14523999999999998,0.19597
2020-01-10,Financials,0.10354,0.14523999999999998
2020-01-13,Financials,0.10831428571428572,0.10354
2020-01-14,Financials,0.03647142857142858,0.10831428571428572
2020-01-15,Financials,0.042468000000000006,0.03647142857142858
2020-01-16,Financials,0.1432251623931624,0.042468000000000006
2020-01-17,Financials,0.20757799999999998,0.1432251623931624
2020-01-21,Financials,0.14067000000000002,0.20757799999999998
2020-01-22,Financials,-0.03269999999999999,0.14067000000000002
2020-01-23,Financials,0.051019999999999996,-0.03269999999999999
2020-01-24,Financials,-0.027199999999999995,0.051019999999999996
2020-01-27,Financials,-0.08573333333333334,-0.027199999999999995
2020-01-28,Financials,0.04438857142857143,-0.08573333333333334
2020-01-29,Financials,0.011210000000000001,0.04438857142857143
2020-01-30,Financials,0.021204999999999998,0.011210000000000001
2020-01-31,Financials,0.10433285714285714,0.021204999999999998
2020-02-03,Financials,0.14398,0.10433285714285714
2020-02-04,Financials,0.20873,0.14398
2020-02-05,Financials,0.00194,0.20873
2020-02-06,Financials,0.17873866666666666,0.00194
2020-02-07,Financials,-0.008658333333333332,0.17873866666666666
2020-02-10,Financials,0.12945666666666666,-0.008658333333333332
2020-02-11,Financials,0.24635428571428575,0.12945666666666666
2020-02-12,Financials,0.2700066666666667,0.24635428571428575
2020-02-13,Financials,0.11872000000000002,0.2700066666666667
2020-02-14,Financials,0.11935333333333334,0.11872000000000002
2020-02-18,Financials,0.04511238095238095,0.11935333333333334
2020-02-19,Financials,0.11922000000000002,0.04511238095238095
2020-02-20,Financials,0.1820188888888889,0.11922000000000002
2020-02-21,Financials,0.1535355,0.1820188888888889
2020-02-24,Financials,-0.04748533333333333,0.1535355
2020-02-25,Financials,0.16562933333333332,-0.04748533333333333
2020-02-26,Financials,0.05206933333333334,0.16562933333333332
2020-02-27,Financials,-0.059476666666666664,0.05206933333333334
2020-02-28,Financials,-0.06827833333333334,-0.059476666666666664
2020-03-02,Financials,0.07417333333333334,-0.06827833333333334
2020-03-03,Financials,-0.06623333333333332,0.07417333333333334
2020-03-04,Financials,0.045336,-0.06623333333333332
2020-03-05,Financials,0.021313333333333333,0.045336
2020-03-06,Financials,-0.06417383333333335,0.021313333333333333
2020-03-09,Financials,0.08450433333333333,-0.06417383333333335
2020-03-10,Financials,0.10927666666666666,0.08450433333333333
2020-03-11,Financials,0.17780500000000002,0.10927666666666666
2020-03-12,Financials,0.04467504761904763,0.17780500000000002
2020-03-13,Financials,0.006274999999999994,0.04467504761904763
2020-03-16,Financials,-0.05073202380952381,0.006274999999999994
2020-03-17,Financials,0.031675,-0.05073202380952381
2020-03-18,Financials,-0.005170000000000008,0.031675
2020-03-19,Financials,-0.12764333333333333,-0.005170000000000008
2020-03-20,Financials,-0.004000000000000002,-0.12764333333333333
2020-03-23,Financials,-0.025029999999999997,-0.004000000000000002
2020-03-24,Financials,0.40857,-0.025029999999999997
2020-03-25,Financials,0.07359833333333334,0.40857
2020-03-26,Financials,-0.00933,0.07359833333333334
2020-03-27,Financials,0.06126266666666665,-0.00933
2020-03-30,Financials,-0.12505933333333333,0.06126266666666665
2020-03-31,Financials,0.006549999999999998,-0.12505933333333333
2020-04-01,Financials,0.05448228571428572,0.006549999999999998
2020-04-02,Financials,0.04750599999999999,0.05448228571428572
2020-04-03,Financials,-0.02925928571428571,0.04750599999999999
2020-04-06,Financials,0.128339898989899,-0.02925928571428571
2020-04-07,Financials,0.11251066666666668,0.128339898989899
2020-04-08,Financials,0.02643792207792207,0.11251066666666668
2020-04-09,Financials,0.2245553333333333,0.02643792207792207
2020-04-13,Financials,0.004229575757575753,0.2245553333333333
2020-04-14,Financials,0.12290613519813517,0.004229575757575753
2020-04-15,Financials,0.010020480769230762,0.12290613519813517
2020-04-16,Financials,0.03614877777777777,0.010020480769230762
2020-04-17,Financials,0.09704654545454545,0.03614877777777777
2020-04-20,Financials,0.09827309523809523,0.09704654545454545
2020-04-21,Financials,-0.03554,0.09827309523809523
2020-04-22,Financials,0.09020399999999999,-0.03554
2020-04-23,Financials,0.118025,0.09020399999999999
2020-04-24,Financials,-0.025808333333333332,0.118025
2020-04-27,Financials,0.11516657142857142,-0.025808333333333332
2020-04-28,Financials,0.22864500000000004,0.11516657142857142
2020-04-29,Financials,0.12639783333333335,0.22864500000000004
2020-04-30,Financials,0.008762666666666665,0.12639783333333335
2020-05-01,Financials,-0.02515833333333333,0.008762666666666665
2020-05-04,Financials,-0.011318,-0.02515833333333333
2020-05-05,Financials,0.002096666666666666,-0.011318
2020-05-06,Financials,0.07794833333333333,0.002096666666666666
2020-05-07,Financials,0.05214399999999999,0.07794833333333333
2020-05-08,Financials,0.14566166666666666,0.05214399999999999
2020-05-11,Financials,-0.003328666666666663,0.14566166666666666
2020-05-12,Financials,-0.16591314285714284,-0.003328666666666663
2020-05-13,Financials,0.013097545454545455,-0.16591314285714284
2020-05-14,Financials,0.10342016666666667,0.013097545454545455
2020-05-15,Financials,-0.02206095238095238,0.10342016666666667
2020-05-18,Financials,0.09190557142857143,-0.02206095238095238
2020-05-19,Financials,0.04289371428571429,0.09190557142857143
2020-05-20,Financials,0.3251733333333333,0.04289371428571429
2020-05-21,Financials,0.04961066666666668,0.3251733333333333
2020-05-22,Financials,0.11664666666666665,0.04961066666666668
2020-05-26,Financials,0.2418535714285714,0.11664666666666665
2020-05-27,Financials,0.2553374285714286,0.2418535714285714
2020-05-28,Financials,-0.013681499999999996,0.2553374285714286
2020-05-29,Financials,0.015081999999999998,-0.013681499999999996
2020-06-01,Financials,0.12786,0.015081999999999998
2020-06-02,Financials,0.06546355555555555,0.12786
2020-06-03,Financials,0.1598242380952381,0.06546355555555555
2020-06-04,Financials,0.18300666666666668,0.1598242380952381
2020-06-05,Financials,0.3121916666666667,0.18300666666666668
2020-06-08,Financials,-0.0047985714285714185,0.3121916666666667
2020-06-09,Financials,0.11790999999999999,-0.0047985714285714185
2020-06-10,Financials,0.13065309523809526,0.11790999999999999
2020-06-11,Financials,0.03194355555555556,0.13065309523809526
2020-06-12,Financials,0.11055,0.03194355555555556
2020-06-15,Financials,-0.00019500000000000523,0.11055
2020-06-16,Financials,-0.02309166666666667,-0.00019500000000000523
2020-06-17,Financials,-0.008133999999999999,-0.02309166666666667
2020-06-18,Financials,-0.010845000000000004,-0.008133999999999999
2020-06-19,Financials,-0.03821666666666666,-0.010845000000000004
2020-06-22,Financials,-0.053706666666666666,-0.03821666666666666
2020-06-23,Financials,0.06418,-0.053706666666666666
2020-06-24,Financials,-0.02931533333333334,0.06418
2020-06-25,Financials,0.07111385714285715,-0.02931533333333334
2020-06-26,Financials,-0.013177142857142854,0.07111385714285715
2020-06-29,Financials,0.06721466666666667,-0.013177142857142854
2020-06-30,Financials,0.07400309523809523,0.06721466666666667
2020-07-01,Financials,-0.076615,0.07400309523809523
2020-07-02,Financials,0.10437833333333332,-0.076615
2020-07-06,Financials,0.115748,0.10437833333333332
2020-07-07,Financials,-0.08549000000000001,0.115748
2020-07-08,Financials,0.07692666666666667,-0.08549000000000001
2020-07-09,Financials,0.06684722222222222,0.07692666666666667
2020-07-10,Financials,0.11571777777777778,0.06684722222222222
2020-07-13,Financials,0.016202666666666664,0.11571777777777778
2020-07-14,Financials,0.056994500000000003,0.016202666666666664
2020-07-15,Financials,0.1657875652173913,0.056994500000000003
2020-07-16,Financials,-0.10763333333333333,0.1657875652173913
2020-07-17,Financials,-0.024627238095238098,-0.10763333333333333
2020-07-20,Financials,0.10164095238095236,-0.024627238095238098
2020-07-21,Financials,0.12196666666666667,0.10164095238095236
2020-07-22,Financials,-0.012689999999999998,0.12196666666666667
2020-07-23,Financials,0.024530000000000003,-0.012689999999999998
2020-07-24,Financials,0.0153,0.024530000000000003
2020-07-27,Financials,0.057348333333333334,0.0153
2020-07-28,Financials,0.01580228571428572,0.057348333333333334
2020-07-29,Financials,-0.08935142857142857,0.01580228571428572
2020-07-30,Financials,0.06315866666666667,-0.08935142857142857
2020-07-31,Financials,0.02488,0.06315866666666667
2020-08-03,Financials,-0.034736666666666666,0.02488
2020-08-04,Financials,0.00783166666666667,-0.034736666666666666
2020-08-05,Financials,0.053547,0.00783166666666667
2020-08-06,Financials,0.08328666666666666,0.053547
2020-08-07,Financials,-0.03592,0.08328666666666666
2020-08-10,Financials,0.14541666666666667,-0.03592
2020-08-11,Financials,0.03068914285714286,0.14541666666666667
2020-08-12,Financials,-0.009741111111111112,0.03068914285714286
2020-08-13,Financials,-0.02427833333333334,-0.009741111111111112
2020-08-14,Financials,0.08015,-0.02427833333333334
2020-08-17,Financials,0.04629466666666668,0.08015
2020-08-18,Financials,0.11114333333333333,0.04629466666666668
2020-08-19,Financials,0.05231399999999999,0.11114333333333333
2020-08-20,Financials,0.11660785714285715,0.05231399999999999
2020-08-21,Financials,0.22012666666666666,0.11660785714285715
2020-08-24,Financials,0.25717666666666666,0.22012666666666666
2020-08-25,Financials,0.030403333333333338,0.25717666666666666
2020-08-26,Financials,0.021394999999999997,0.030403333333333338
2020-08-27,Financials,-0.033479999999999996,0.021394999999999997
2020-08-28,Financials,0.04655333333333333,-0.033479999999999996
2020-08-31,Financials,0.062329999999999997,0.04655333333333333
2020-09-01,Financials,0.07273666666666666,0.062329999999999997
2020-09-02,Financials,0.05302333333333333,0.07273666666666666
2020-09-03,Financials,-0.0012699999999999975,0.05302333333333333
2020-09-04,Financials,-0.028768666666666665,-0.0012699999999999975
2020-09-08,Financials,0.003725000000000006,-0.028768666666666665
2020-09-09,Financials,-0.08839999999999999,0.003725000000000006
2020-09-10,Financials,0.17606000000000002,-0.08839999999999999
2020-09-11,Financials,-0.02718333333333333,0.17606000000000002
2020-09-14,Financials,-0.012253333333333338,-0.02718333333333333
2020-09-15,Financials,0.023894999999999996,-0.012253333333333338
2020-09-16,Financials,-0.08380666666666667,0.023894999999999996
2020-09-17,Financials,0.07384500000000001,-0.08380666666666667
2020-09-18,Financials,-0.05500499999999999,0.07384500000000001
2020-09-21,Financials,-0.012924666666666668,-0.05500499999999999
2020-09-22,Financials,0.07787000000000001,-0.012924666666666668
2020-09-23,Financials,0.15270999999999998,0.07787000000000001
2020-09-24,Financials,0.1757925,0.15270999999999998
2020-09-25,Financials,0.012813333333333333,0.1757925
2020-09-28,Financials,0.23825333333333334,0.012813333333333333
2020-09-29,Financials,-0.08072333333333334,0.23825333333333334
2020-09-30,Financials,0.006121428571428574,-0.08072333333333334
2020-10-01,Financials,0.12351733333333333,0.006121428571428574
2020-10-02,Financials,0.04366888888888889,0.12351733333333333
2020-10-05,Financials,0.023645,0.04366888888888889
2020-10-06,Financials,0.15769333333333332,0.023645
2020-10-07,Financials,-0.018918,0.15769333333333332
2020-10-08,Financials,0.20132791666666666,-0.018918
2020-10-09,Financials,0.07761666666666667,0.20132791666666666
2020-10-12,Financials,0.18512373626373627,0.07761666666666667
2020-10-13,Financials,0.04912166666666666,0.18512373626373627
2020-10-14,Financials,0.0064308695652173925,0.04912166666666666
2020-10-15,Financials,0.08694199999999999,0.0064308695652173925
2020-10-16,Financials,0.33407,0.08694199999999999
2020-10-19,Financials,0.13361499999999998,0.33407
2020-10-20,Financials,0.07092833333333334,0.13361499999999998
2020-10-21,Financials,-0.008660000000000001,0.07092833333333334
2020-10-22,Financials,0.12831714285714285,-0.008660000000000001
2020-10-23,Financials,0.08251,0.12831714285714285
2020-10-26,Financials,-0.024135999999999998,0.08251
2020-10-27,Financials,0.0674,-0.024135999999999998
2020-10-28,Financials,-0.03922485714285714,0.0674
2020-10-29,Financials,0.078205,-0.03922485714285714
2020-10-30,Financials,0.09782666666666667,0.078205
2020-11-02,Financials,0.01406333333333333,0.09782666666666667
2020-11-03,Financials,0.019802261904761906,0.01406333333333333
2020-11-04,Financials,0.08495,0.019802261904761906
2020-11-05,Financials,0.029258,0.08495
2020-11-06,Financials,-0.04473,0.029258
2020-11-09,Financials,0.03937157142857143,-0.04473
2020-11-10,Financials,0.07181333333333333,0.03937157142857143
2020-11-11,Financials,0.107424,0.07181333333333333
2020-11-12,Financials,0.03830092307692307,0.107424
2020-11-13,Financials,-0.01265,0.03830092307692307
2020-11-16,Financials,0.09947199999999998,-0.01265
2020-11-17,Financials,-0.1431373333333333,0.09947199999999998
2020-11-18,Financials,0.03462333333333334,-0.1431373333333333
2020-11-19,Financials,0.09337333333333334,0.03462333333333334
2020-11-20,Financials,0.05138800000000001,0.09337333333333334
2020-11-23,Financials,0.010146000000000002,0.05138800000000001
2020-11-24,Financials,0.09016833333333334,0.010146000000000002
2020-11-25,Financials,0.07069333333333334,0.09016833333333334
2020-11-27,Financials,0.17998666666666668,0.07069333333333334
2020-11-30,Financials,-0.14469300000000002,0.17998666666666668
2020-12-01,Financials,0.1311,-0.14469300000000002
2020-12-02,Financials,0.013183333333333335,0.1311
2020-12-03,Financials,0.11227333333333334,0.013183333333333335
2020-12-04,Financials,-0.019323333333333338,0.11227333333333334
2020-12-07,Financials,0.06680266666666666,-0.019323333333333338
2020-12-08,Financials,0.10136200000000002,0.06680266666666666
2020-12-09,Financials,0.179685,0.10136200000000002
2020-12-10,Financials,0.002717,0.179685
2020-12-11,Financials,0.04366333333333333,0.002717
2020-12-14,Financials,0.08546999999999999,0.04366333333333333
2020-12-15,Financials,0.054110000000000005,0.08546999999999999
2020-12-16,Financials,0.22496,0.054110000000000005
2020-12-17,Financials,0.141444,0.22496
2020-12-18,Financials,0.10996000000000002,0.141444
2020-12-21,Financials,0.18885168421052628,0.10996000000000002
2020-12-22,Financials,0.14353,0.18885168421052628
2020-12-23,Financials,0.07257166666666667,0.14353
2020-12-24,Financials,0.20202,0.07257166666666667
2020-12-28,Financials,0.14399744444444446,0.20202
2020-12-29,Financials,-0.25289,0.14399744444444446
2020-12-30,Financials,0.22115999999999997,-0.25289
2020-12-31,Financials,0.11410533333333332,0.22115999999999997
2021-01-04,Financials,0.23262999999999998,0.11410533333333332
2021-01-05,Financials,0.177913,0.23262999999999998
2021-01-06,Financials,0.15935,0.177913
2021-01-07,Financials,0.1382894285714286,0.15935
2021-01-08,Financials,0.07885500000000001,0.1382894285714286
2021-01-11,Financials,0.021834927536231882,0.07885500000000001
2021-01-12,Financials,0.08459188888888888,0.021834927536231882
2021-01-13,Financials,0.08022083333333332,0.08459188888888888
2021-01-14,Financials,0.12674285714285713,0.08022083333333332
2021-01-15,Financials,0.007477402597402602,0.12674285714285713
2021-01-19,Financials,0.0968711111111111,0.007477402597402602
2021-01-20,Financials,0.09914163865546219,0.0968711111111111
2021-01-21,Financials,0.14171166666666668,0.09914163865546219
2021-01-22,Financials,0.09903400000000001,0.14171166666666668
2021-01-25,Financials,0.14334333333333332,0.09903400000000001
2021-01-26,Financials,-0.005889444444444442,0.14334333333333332
2021-01-27,Financials,0.012189999999999993,-0.005889444444444442
2021-01-28,Financials,-0.02278888888888889,0.012189999999999993
2021-01-29,Financials,0.07947699999999999,-0.02278888888888889
2021-02-01,Financials,0.065491,0.07947699999999999
2021-02-02,Financials,0.17786166666666667,0.065491
2021-02-03,Financials,0.11896733333333334,0.17786166666666667
2021-02-04,Financials,-0.052317999999999996,0.11896733333333334
2021-02-05,Financials,0.11047333333333334,-0.052317999999999996
2021-02-08,Financials,0.04558914285714285,0.11047333333333334
2021-02-09,Financials,-0.01323,0.04558914285714285
2021-02-10,Financials,0.052790000000000004,-0.01323
2021-02-11,Financials,0.09736,0.052790000000000004
2021-02-12,Financials,0.00769,0.09736
2021-02-16,Financials,0.0487465,0.00769
2021-02-17,Financials,0.11647190476190476,0.0487465
2021-02-18,Financials,0.010213333333333335,0.11647190476190476
2021-02-19,Financials,0.16594,0.010213333333333335
2021-02-22,Financials,0.03759285714285714,0.16594
2021-02-23,Financials,-0.0018588888888888878,0.03759285714285714
2021-02-24,Financials,0.09364933333333333,-0.0018588888888888878
2021-02-25,Financials,0.10842633333333333,0.09364933333333333
2021-02-26,Financials,-0.004653333333333334,0.10842633333333333
2021-03-01,Financials,0.002947142857142859,-0.004653333333333334
2021-03-02,Financials,0.15180333333333335,0.002947142857142859
2021-03-03,Financials,-0.016270714285714288,0.15180333333333335
2021-03-04,Financials,0.088404,-0.016270714285714288
2021-03-05,Financials,0.10575066666666669,0.088404
2021-03-08,Financials,0.125315,0.10575066666666669
2021-03-09,Financials,0.009613333333333335,0.125315
2021-03-10,Financials,0.05609333333333334,0.009613333333333335
2021-03-11,Financials,0.026834999999999998,0.05609333333333334
2021-03-12,Financials,0.14600333333333332,0.026834999999999998
2021-03-15,Financials,0.11156833333333331,0.14600333333333332
2021-03-16,Financials,0.164855,0.11156833333333331
2021-03-17,Financials,0.15224499999999996,0.164855
2021-03-18,Financials,-0.0263725,0.15224499999999996
2021-03-19,Financials,-0.018745833333333333,-0.0263725
2021-03-22,Financials,0.12423999999999999,-0.018745833333333333
2021-03-23,Financials,0.10888833333333332,0.12423999999999999
2021-03-24,Financials,0.04720333333333333,0.10888833333333332
2021-03-25,Financials,0.008244857142857139,0.04720333333333333
2021-03-26,Financials,0.17199599999999998,0.008244857142857139
2021-03-29,Financials,-0.11394199999999999,0.17199599999999998
2021-03-30,Financials,-0.034577051282051276,-0.11394199999999999
2021-03-31,Financials,0.040565,-0.034577051282051276
2021-04-01,Financials,0.158972,0.040565
2021-04-05,Financials,0.1324420779220779,0.158972
2021-04-06,Financials,-0.013314999999999999,0.1324420779220779
2021-04-07,Financials,0.167805,-0.013314999999999999
2021-04-08,Financials,0.010428333333333335,0.167805
2021-04-09,Financials,0.09582285714285715,0.010428333333333335
2021-04-12,Financials,0.13204339682539684,0.09582285714285715
2021-04-13,Financials,0.15095089743589743,0.13204339682539684
2021-04-14,Financials,0.13017035190615836,0.15095089743589743
2021-04-15,Financials,0.183358,0.13017035190615836
2021-04-16,Financials,0.1924252380952381,0.183358
2021-04-19,Financials,0.08612535714285714,0.1924252380952381
2021-04-20,Financials,0.16133,0.08612535714285714
2021-04-21,Financials,0.07124333333333334,0.16133
2021-04-22,Financials,0.0613,0.07124333333333334
2021-04-23,Financials,0.010246666666666666,0.0613
2021-04-26,Financials,0.08864666666666668,0.010246666666666666
2021-04-27,Financials,0.09849714285714287,0.08864666666666668
2021-04-28,Financials,0.046268000000000004,0.09849714285714287
2021-04-29,Financials,0.182425,0.046268000000000004
2021-04-30,Financials,0.05577833333333333,0.182425
2021-05-03,Financials,0.04492166666666667,0.05577833333333333
2021-05-04,Financials,0.11156119047619047,0.04492166666666667
2021-05-05,Financials,0.156804,0.11156119047619047
2021-05-06,Financials,0.06579199999999999,0.156804
2021-05-07,Financials,-0.00587833333333333,0.06579199999999999
2021-05-10,Financials,-0.017844,-0.00587833333333333
2021-05-11,Financials,-0.027109999999999995,-0.017844
2021-05-12,Financials,-0.04094333333333334,-0.027109999999999995
2021-05-13,Financials,-0.11151,-0.04094333333333334
2021-05-14,Financials,0.055135,-0.11151
2021-05-17,Financials,0.17201304761904762,0.055135
2021-05-18,Financials,0.15133666666666667,0.17201304761904762
2021-05-19,Financials,0.06858166666666667,0.15133666666666667
2021-05-20,Financials,0.08158000000000001,0.06858166666666667
2021-05-21,Financials,-0.032273333333333334,0.08158000000000001
2021-05-24,Financials,0.07942,-0.032273333333333334
2021-05-25,Financials,0.04010166666666667,0.07942
2021-05-26,Financials,-0.03983833333333333,0.04010166666666667
2021-05-27,Financials,-0.022366666666666667,-0.03983833333333333
2021-05-28,Financials,0.09000666666666667,-0.022366666666666667
2021-06-01,Financials,0.11329555555555555,0.09000666666666667
2021-06-02,Financials,0.20398199999999997,0.11329555555555555
2021-06-03,Financials,0.026021666666666665,0.20398199999999997
2021-06-04,Financials,0.07612666666666668,0.026021666666666665
2021-06-07,Financials,-0.02341619047619048,0.07612666666666668
2021-06-08,Financials,0.08482666666666668,-0.02341619047619048
2021-06-09,Financials,0.155532,0.08482666666666668
2021-06-10,Financials,0.043096666666666665,0.155532
2021-06-11,Financials,0.08826333333333333,0.043096666666666665
2021-06-14,Financials,0.004314999999999999,0.08826333333333333
2021-06-15,Financials,0.25962,0.004314999999999999
2021-06-16,Financials,0.10361333333333334,0.25962
2021-06-17,Financials,-0.05584233333333334,0.10361333333333334
2021-06-18,Financials,0.13881833333333332,-0.05584233333333334
2021-06-21,Financials,0.13569333333333333,0.13881833333333332
2021-06-22,Financials,-0.013930000000000001,0.13569333333333333
2021-06-23,Financials,0.11721333333333332,-0.013930000000000001
2021-06-24,Financials,0.08153821428571428,0.11721333333333332
2021-06-25,Financials,0.010193809523809532,0.08153821428571428
2021-06-28,Financials,-0.011164333333333335,0.010193809523809532
2021-06-29,Financials,0.14494933333333332,-0.011164333333333335
2021-06-30,Financials,0.09170733333333334,0.14494933333333332
2021-07-01,Financials,0.10114654545454545,0.09170733333333334
2021-07-02,Financials,0.19506333333333334,0.10114654545454545
2021-07-06,Financials,0.014318500000000007,0.19506333333333334
2021-07-07,Financials,0.11427285714285715,0.014318500000000007
2021-07-08,Financials,0.04046027777777778,0.11427285714285715
2021-07-09,Financials,0.16740380952380954,0.04046027777777778
2021-07-12,Financials,0.06259666666666666,0.16740380952380954
2021-07-13,Financials,0.04926290598290598,0.06259666666666666
2021-07-14,Financials,0.12818653846153846,0.04926290598290598
2021-07-15,Financials,0.00019622222222221987,0.12818653846153846
2021-07-16,Financials,0.24678399999999998,0.00019622222222221987
2021-07-19,Financials,0.0027452467532467495,0.24678399999999998
2021-07-20,Financials,0.18752,0.0027452467532467495
2021-07-21,Financials,0.15132666666666666,0.18752
2021-07-22,Financials,0.037587999999999996,0.15132666666666666
2021-07-23,Financials,0.178315,0.037587999999999996
2021-07-26,Financials,-0.012538571428571427,0.178315
2021-07-27,Financials,0.06893904761904761,-0.012538571428571427
2021-07-28,Financials,0.06005866666666667,0.06893904761904761
2021-07-29,Financials,0.16394,0.06005866666666667
2021-07-30,Financials,-0.06987,0.16394
2021-08-02,Financials,0.22570533333333334,-0.06987
2021-08-03,Financials,0.14831100000000003,0.22570533333333334
2021-08-04,Financials,0.162386,0.14831100000000003
2021-08-05,Financials,0.05568066666666667,0.162386
2021-08-06,Financials,0.04035,0.05568066666666667
2021-08-09,Financials,0.18053416666666666,0.04035
2021-08-10,Financials,0.05463333333333333,0.18053416666666666
2021-08-11,Financials,0.10899999999999999,0.05463333333333333
2021-08-12,Financials,0.05804357142857144,0.10899999999999999
2021-08-13,Financials,0.03861333333333333,0.05804357142857144
2021-08-16,Financials,-0.058361666666666666,0.03861333333333333
2021-08-17,Financials,-0.049309428571428573,-0.058361666666666666
2021-08-18,Financials,0.008590000000000006,-0.049309428571428573
2021-08-19,Financials,0.06537666666666667,0.008590000000000006
2021-08-20,Financials,0.02442666666666667,0.06537666666666667
2021-08-23,Financials,0.033479999999999996,0.02442666666666667
2021-08-24,Financials,0.07017999999999999,0.033479999999999996
2021-08-25,Financials,0.07361500000000001,0.07017999999999999
2021-08-26,Financials,0.0010679999999999982,0.07361500000000001
2021-08-27,Financials,0.05236999999999999,0.0010679999999999982
2021-08-30,Financials,0.07662,0.05236999999999999
2021-08-31,Financials,0.06851571428571428,0.07662
2021-09-01,Financials,0.133935,0.06851571428571428
2021-09-02,Financials,0.18886677777777777,0.133935
2021-09-03,Financials,0.092155,0.18886677777777777
2021-09-07,Financials,-0.03913333333333334,0.092155
2021-09-08,Financials,0.03812,-0.03913333333333334
2021-09-09,Financials,-0.11109714285714287,0.03812
2021-09-10,Financials,0.04965666666666667,-0.11109714285714287
2021-09-13,Financials,0.014523333333333336,0.04965666666666667
2021-09-14,Financials,0.07354,0.014523333333333336
2021-09-15,Financials,0.05208166666666667,0.07354
2021-09-16,Financials,0.039215,0.05208166666666667
2021-09-17,Financials,0.09051000000000001,0.039215
2021-09-20,Financials,-0.05137619047619048,0.09051000000000001
2021-09-21,Financials,-0.040782,-0.05137619047619048
2021-09-22,Financials,-0.0037085714285714283,-0.040782
2021-09-23,Financials,0.072238,-0.0037085714285714283
2021-09-24,Financials,0.06935,0.072238
2021-09-27,Financials,0.1301185,0.06935
2021-09-28,Financials,0.16500285714285715,0.1301185
2021-09-29,Financials,-0.01545,0.16500285714285715
2021-09-30,Financials,0.07460133333333334,-0.01545
2021-10-01,Financials,0.07868533333333334,0.07460133333333334
2021-10-04,Financials,0.05996000000000001,0.07868533333333334
2021-10-05,Financials,0.088918,0.05996000000000001
2021-10-06,Financials,0.07268333333333332,0.088918
2021-10-07,Financials,0.028867999999999998,0.07268333333333332
2021-10-08,Financials,0.12907,0.028867999999999998
2021-10-11,Financials,0.093398021978022,0.12907
2021-10-12,Financials,0.07218833333333333,0.093398021978022
2021-10-13,Financials,0.17341955555555555,0.07218833333333333
2021-10-14,Financials,0.21855516666666666,0.17341955555555555
2021-10-15,Financials,0.14588698412698414,0.21855516666666666
2021-10-18,Financials,-0.06328900000000001,0.14588698412698414
2021-10-19,Financials,-0.030689999999999995,-0.06328900000000001
2021-10-20,Financials,0.02195666666666667,-0.030689999999999995
2021-10-21,Financials,-0.04932857142857143,0.02195666666666667
2021-10-22,Financials,-0.017291999999999995,-0.04932857142857143
2021-10-25,Financials,0.12594083333333334,-0.017291999999999995
2021-10-26,Financials,0.16336166666666668,0.12594083333333334
2021-10-27,Financials,0.03001714285714286,0.16336166666666668
2021-10-28,Financials,0.04034,0.03001714285714286
2021-10-29,Financials,0.1414406666666667,0.04034
2021-11-01,Financials,0.16592400000000002,0.1414406666666667
2021-11-02,Financials,0.06919857142857143,0.16592400000000002
2021-11-03,Financials,0.11360833333333335,0.06919857142857143
2021-11-04,Financials,0.09353500000000001,0.11360833333333335
2021-11-05,Financials,0.04388,0.09353500000000001
2021-11-08,Financials,-0.02900566666666667,0.04388
2021-11-09,Financials,0.029533333333333335,-0.02900566666666667
2021-11-10,Financials,-0.021824500000000004,0.029533333333333335
2021-11-11,Financials,0.090896,-0.021824500000000004
2021-11-12,Financials,0.027353333333333334,0.090896
2021-11-15,Financials,0.12823428571428572,0.027353333333333334
2021-11-16,Financials,0.129241,0.12823428571428572
2021-11-17,Financials,-0.02480751879699248,0.129241
2021-11-18,Financials,0.1771971428571429,-0.02480751879699248
2021-11-19,Financials,0.175423,0.1771971428571429
2021-11-22,Financials,0.15640428571428572,0.175423
2021-11-23,Financials,0.056983500000000006,0.15640428571428572
2021-11-24,Financials,0.06554333333333333,0.056983500000000006
2021-11-26,Financials,-0.21968200000000002,0.06554333333333333
2021-11-29,Financials,0.011300333333333329,-0.21968200000000002
2021-11-30,Financials,0.06097266666666666,0.011300333333333329
2021-12-01,Financials,-0.07235,0.06097266666666666
2021-12-02,Financials,-0.03175833333333333,-0.07235
2021-12-03,Financials,-0.047466666666666664,-0.03175833333333333
2021-12-06,Financials,0.009922,-0.047466666666666664
2021-12-07,Financials,0.07097500000000001,0.009922
2021-12-08,Financials,-0.071376,0.07097500000000001
2021-12-09,Financials,0.05359666666666667,-0.071376
2021-12-10,Financials,0.017931999999999997,0.05359666666666667
2021-12-13,Financials,0.17394,0.017931999999999997
2021-12-14,Financials,0.021173333333333336,0.17394
2021-12-15,Financials,0.023804333333333327,0.021173333333333336
2021-12-16,Financials,0.052485000000000004,0.023804333333333327
2021-12-17,Financials,0.07274266666666666,0.052485000000000004
2021-12-20,Financials,-0.05082824242424242,0.07274266666666666
2021-12-21,Financials,0.08472,-0.05082824242424242
2021-12-22,Financials,0.03357,0.08472
2021-12-23,Financials,0.10878866666666667,0.03357
2021-12-27,Financials,0.09661333333333333,0.10878866666666667
2021-12-28,Financials,0.14758,0.09661333333333333
2021-12-29,Financials,0.05329666666666667,0.14758
2021-12-30,Financials,0.13072333333333333,0.05329666666666667
2021-12-31,Financials,0.091605,0.13072333333333333
2022-01-03,Financials,0.09986476190476191,0.091605
2022-01-04,Financials,0.20961055555555555,0.09986476190476191
2022-01-05,Financials,0.13917600000000002,0.20961055555555555
2022-01-06,Financials,0.029946666666666667,0.13917600000000002
2022-01-07,Financials,0.10159333333333334,0.029946666666666667
2022-01-10,Financials,0.2232195357142857,0.10159333333333334
2022-01-11,Financials,0.286485,0.2232195357142857
2022-01-12,Financials,0.2026987878787879,0.286485
2022-01-13,Financials,0.058695523809523795,0.2026987878787879
2022-01-14,Financials,0.0995130402930403,0.058695523809523795
2022-01-18,Financials,0.16800183752417794,0.0995130402930403
2022-01-19,Financials,0.191114489549666,0.16800183752417794
2022-01-20,Financials,0.11579809523809523,0.191114489549666
2022-01-21,Financials,0.258807380952381,0.11579809523809523
2022-01-24,Financials,0.062105999999999995,0.258807380952381
2022-01-25,Financials,0.12475742857142857,0.062105999999999995
2022-01-26,Financials,0.04289666666666666,0.12475742857142857
2022-01-27,Financials,0.20500528571428572,0.04289666666666666
2022-01-28,Financials,0.10446882783882783,0.20500528571428572
2022-01-31,Financials,0.07279333333333333,0.10446882783882783
2022-02-01,Financials,0.022053666666666666,0.07279333333333333
2022-02-02,Financials,0.17284400000000003,0.022053666666666666
2022-02-03,Financials,0.18275999999999998,0.17284400000000003
2022-02-04,Financials,0.1385904761904762,0.18275999999999998
2022-02-07,Financials,0.01964933333333334,0.1385904761904762
2022-02-08,Financials,0.14432333333333336,0.01964933333333334
2022-02-09,Financials,0.10562166666666666,0.14432333333333336
2022-02-10,Financials,-0.001660000000000003,0.10562166666666666
2022-02-11,Financials,-0.00953133333333334,-0.001660000000000003
2022-02-14,Financials,-0.03329055555555556,-0.00953133333333334
2022-02-15,Financials,0.11306233333333333,-0.03329055555555556
2022-02-16,Financials,0.009834444444444443,0.11306233333333333
2022-02-17,Financials,-0.11407812121212121,0.009834444444444443
2022-02-18,Financials,0.04151,-0.11407812121212121
2022-02-22,Financials,-0.011138571428571432,0.04151
2022-02-23,Financials,0.06282166666666666,-0.011138571428571432
2022-02-24,Financials,0.060899999999999996,0.06282166666666666
2022-02-25,Financials,0.028292666666666667,0.060899999999999996
2022-02-28,Financials,0.017197738095238096,0.028292666666666667
2022-03-01,Financials,-0.03733219047619048,0.017197738095238096
2022-03-02,Financials,0.08157190476190476,-0.03733219047619048
2022-03-03,Financials,0.120555,0.08157190476190476
2022-03-04,Financials,-0.009015833333333338,0.120555
2022-03-07,Financials,0.017375538461538463,-0.009015833333333338
2022-03-08,Financials,0.104525,0.017375538461538463
2022-03-09,Financials,0.09146766666666667,0.104525
2022-03-10,Financials,0.006192857142857146,0.09146766666666667
2022-03-11,Financials,0.06807285714285713,0.006192857142857146
2022-03-14,Financials,0.20216000000000003,0.06807285714285713
2022-03-15,Financials,-0.11189211111111111,0.20216000000000003
2022-03-16,Financials,0.054216,-0.11189211111111111
2022-03-17,Financials,0.04453785714285714,0.054216
2022-03-18,Financials,0.14899,0.04453785714285714
2022-03-21,Financials,0.06373733333333334,0.14899
2022-03-22,Financials,0.03622,0.06373733333333334
2022-03-23,Financials,0.16049666666666668,0.03622
2022-03-24,Financials,0.07908395238095238,0.16049666666666668
2022-03-25,Financials,0.123072,0.07908395238095238
2022-03-28,Financials,0.07606761904761905,0.123072
2022-03-29,Financials,0.112955,0.07606761904761905
2022-03-30,Financials,-0.005925833333333341,0.112955
2022-03-31,Financials,0.039634,-0.005925833333333341
2022-04-01,Financials,0.16762866666666665,0.039634
2022-04-04,Financials,-0.002236307692307693,0.16762866666666665
2022-04-05,Financials,-0.004438000000000003,-0.002236307692307693
2022-04-06,Financials,0.072715,-0.004438000000000003
2022-04-07,Financials,0.030557333333333336,0.072715
2022-04-08,Financials,0.08615333333333333,0.030557333333333336
2022-04-11,Financials,0.057855357142857146,0.08615333333333333
2022-04-12,Financials,0.05216145454545455,0.057855357142857146
2022-04-13,Financials,0.1497676666666667,0.05216145454545455
2022-04-14,Financials,0.13513834285714285,0.1497676666666667
2022-04-18,Financials,0.22043707792207795,0.13513834285714285
2022-04-19,Financials,0.22471257142857146,0.22043707792207795
2022-04-20,Financials,0.03276,0.22471257142857146
2022-04-21,Financials,0.03745833333333334,0.03276
2022-04-22,Financials,0.19335933333333333,0.03745833333333334
2022-04-25,Financials,0.034082,0.19335933333333333
2022-04-26,Financials,0.08419866666666667,0.034082
2022-04-27,Financials,-0.03552711111111111,0.08419866666666667
2022-04-28,Financials,0.22477380952380957,-0.03552711111111111
2022-04-29,Financials,0.03405333333333334,0.22477380952380957
2022-05-02,Financials,-0.051140000000000005,0.03405333333333334
2022-05-03,Financials,0.06218,-0.051140000000000005
2022-05-04,Financials,0.07310000000000001,0.06218
2022-05-05,Financials,0.10230999999999998,0.07310000000000001
2022-05-06,Financials,-0.09933666666666667,0.10230999999999998
2022-05-09,Financials,0.07322666666666668,-0.09933666666666667
2022-05-10,Financials,0.07087583333333333,0.07322666666666668
2022-05-11,Financials,0.07213166666666666,0.07087583333333333
2022-05-12,Financials,-0.012996666666666662,0.07213166666666666
2022-05-13,Financials,0.08885150000000001,-0.012996666666666662
2022-05-16,Financials,-0.06056785714285714,0.08885150000000001
2022-05-17,Financials,0.04838666666666666,-0.06056785714285714
2022-05-18,Financials,-0.030523333333333336,0.04838666666666666
2022-05-19,Financials,0.11833200000000002,-0.030523333333333336
2022-05-20,Financials,-0.002050000000000002,0.11833200000000002
2022-05-23,Financials,0.09037966666666666,-0.002050000000000002
2022-05-24,Financials,0.13109600000000002,0.09037966666666666
2022-05-25,Financials,-0.010460000000000002,0.13109600000000002
2022-05-26,Financials,0.07876000000000001,-0.010460000000000002
2022-05-27,Financials,0.05816,0.07876000000000001
2022-05-31,Financials,-0.0011000000000000025,0.05816
2022-06-01,Financials,0.163638,-0.0011000000000000025
2022-06-02,Financials,-0.029286999999999997,0.163638
2022-06-03,Financials,-0.013854999999999998,-0.029286999999999997
2022-06-06,Financials,0.25193499999999996,-0.013854999999999998
2022-06-07,Financials,0.055390666666666664,0.25193499999999996
2022-06-08,Financials,0.03949999999999999,0.055390666666666664
2022-06-09,Financials,0.03777166666666667,0.03949999999999999
2022-06-10,Financials,0.080444,0.03777166666666667
2022-06-13,Financials,0.12185433333333333,0.080444
2022-06-14,Financials,-0.0679855238095238,0.12185433333333333
2022-06-15,Financials,0.09655333333333334,-0.0679855238095238
2022-06-16,Financials,0.03278666666666667,0.09655333333333334
2022-06-17,Financials,0.0007500000000000007,0.03278666666666667
2022-06-21,Financials,0.011103333333333337,0.0007500000000000007
2022-06-22,Financials,0.08100666666666667,0.011103333333333337
2022-06-23,Financials,0.03446183333333333,0.08100666666666667
2022-06-24,Financials,0.25074133333333337,0.03446183333333333
2022-06-27,Financials,0.03549633333333333,0.25074133333333337
2022-06-28,Financials,0.022782857142857143,0.03549633333333333
2022-06-29,Financials,0.07337166666666665,0.022782857142857143
2022-06-30,Financials,0.04509571428571428,0.07337166666666665
2022-07-01,Financials,0.032069999999999994,0.04509571428571428
2022-07-05,Financials,0.07247161904761905,0.032069999999999994
2022-07-06,Financials,-0.029198,0.07247161904761905
2022-07-07,Financials,0.10072600000000001,-0.029198
2022-07-08,Financials,-0.006438666666666667,0.10072600000000001
2022-07-11,Financials,0.025578882783882782,-0.006438666666666667
2022-07-12,Financials,-0.07124133333333332,0.025578882783882782
2022-07-13,Financials,-0.07615858974358974,-0.07124133333333332
2022-07-14,Financials,-0.09514207142857142,-0.07615858974358974
2022-07-15,Financials,0.067786,-0.09514207142857142
2022-07-18,Financials,0.13441236134453782,0.067786
2022-07-19,Financials,0.19871666666666665,0.13441236134453782
2022-07-20,Financials,0.10181666666666667,0.19871666666666665
2022-07-21,Financials,0.03027,0.10181666666666667
2022-07-22,Financials,0.09054000000000001,0.03027
2022-07-25,Financials,-0.02911600000000001,0.09054000000000001
2022-07-26,Financials,0.03438666666666666,-0.02911600000000001
2022-07-27,Financials,0.050570000000000004,0.03438666666666666
2022-07-28,Financials,-0.008526,0.050570000000000004
2022-07-29,Financials,0.008549999999999999,-0.008526
2022-08-01,Financials,0.065252,0.008549999999999999
2022-08-02,Financials,0.008633999999999998,0.065252
2022-08-03,Financials,0.06541,0.008633999999999998
2022-08-04,Financials,0.025523999999999998,0.06541
2022-08-05,Financials,0.14443,0.025523999999999998
2022-08-08,Financials,0.021692380952380953,0.14443
2022-08-09,Financials,0.00981,0.021692380952380953
2022-08-10,Financials,0.1917405,0.00981
2022-08-11,Financials,-0.094905,0.1917405
2022-08-12,Financials,0.142076,-0.094905
2022-08-15,Financials,0.060771666666666654,0.142076
2022-08-16,Financials,0.0010300000000000003,0.060771666666666654
2022-08-17,Financials,0.061846666666666675,0.0010300000000000003
2022-08-18,Financials,0.140856,0.061846666666666675
2022-08-19,Financials,0.12104333333333332,0.140856
2022-08-22,Financials,0.095429,0.12104333333333332
2022-08-23,Financials,0.18558400000000003,0.095429
2022-08-24,Financials,0.07587666666666668,0.18558400000000003
2022-08-25,Financials,0.068236,0.07587666666666668
2022-08-26,Financials,0.08744333333333335,0.068236
2022-08-29,Financials,0.034015000000000004,0.08744333333333335
2022-08-30,Financials,-0.013873333333333326,0.034015000000000004
2022-08-31,Financials,0.11290333333333333,-0.013873333333333326
2022-09-01,Financials,0.12422899999999999,0.11290333333333333
2022-09-02,Financials,0.12326633333333334,0.12422899999999999
2022-09-06,Financials,0.013708333333333331,0.12326633333333334
2022-09-07,Financials,0.0024333333333333316,0.013708333333333331
2022-09-08,Financials,0.211092,0.0024333333333333316
2022-09-09,Financials,0.030717999999999995,0.211092
2022-09-12,Financials,0.02096,0.030717999999999995
2022-09-13,Financials,0.014189999999999998,0.02096
2022-09-14,Financials,0.04033466666666668,0.014189999999999998
2022-09-15,Financials,0.13830071428571428,0.04033466666666668
2022-09-16,Financials,0.03638066666666666,0.13830071428571428
2022-09-19,Financials,0.0069999999999999975,0.03638066666666666
2022-09-20,Financials,-0.101275,0.0069999999999999975
2022-09-21,Financials,0.011269999999999999,-0.101275
2022-09-22,Financials,-0.02197833333333333,0.011269999999999999
2022-09-23,Financials,-0.02391,-0.02197833333333333
2022-09-26,Financials,0.11656066666666667,-0.02391
2022-09-27,Financials,-0.019909666666666662,0.11656066666666667
2022-09-28,Financials,0.035666666666666666,-0.019909666666666662
2022-09-29,Financials,0.03750044444444445,0.035666666666666666
2022-09-30,Financials,0.14726,0.03750044444444445
2022-10-03,Financials,0.053167,0.14726
2022-10-04,Financials,0.19113119047619048,0.053167
2022-10-05,Financials,-0.003970000000000004,0.19113119047619048
2022-10-06,Financials,0.05503885714285715,-0.003970000000000004
2022-10-07,Financials,-0.063845,0.05503885714285715
2022-10-10,Financials,-0.020238000000000003,-0.063845
2022-10-11,Financials,-0.12600083333333334,-0.020238000000000003
2022-10-12,Financials,0.02784333333333333,-0.12600083333333334
2022-10-13,Financials,-0.0026213333333333366,0.02784333333333333
2022-10-14,Financials,0.011682335832083963,-0.0026213333333333366
2022-10-17,Financials,0.2317215,0.011682335832083963
2022-10-18,Financials,0.16451258620689654,0.2317215
2022-10-19,Financials,0.08734083333333334,0.16451258620689654
2022-10-20,Financials,0.04563166666666667,0.08734083333333334
2022-10-21,Financials,0.07855733333333333,0.04563166666666667
2022-10-24,Financials,-0.06272888888888889,0.07855733333333333
2022-10-25,Financials,0.16821016666666666,-0.06272888888888889
2022-10-26,Financials,-0.01067090909090909,0.16821016666666666
2022-10-27,Financials,0.11259800000000002,-0.01067090909090909
2022-10-28,Financials,0.05253000000000001,0.11259800000000002
2022-10-31,Financials,0.16638166666666665,0.05253000000000001
2022-11-01,Financials,-0.09529666666666667,0.16638166666666665
2022-11-02,Financials,0.060856666666666656,-0.09529666666666667
2022-11-03,Financials,0.00891,0.060856666666666656
2022-11-04,Financials,0.14680666666666667,0.00891
2022-11-07,Financials,0.1655533333333333,0.14680666666666667
2022-11-08,Financials,0.020640000000000006,0.1655533333333333
2022-11-09,Financials,0.08651333333333333,0.020640000000000006
2022-11-10,Financials,0.05782,0.08651333333333333
2022-11-11,Financials,0.15544333333333332,0.05782
2022-11-14,Financials,0.11232166666666668,0.15544333333333332
2022-11-15,Financials,0.15997,0.11232166666666668
2022-11-16,Financials,0.17991333333333334,0.15997
2022-11-17,Financials,0.166765,0.17991333333333334
2022-11-18,Financials,0.050335,0.166765
2022-11-21,Financials,0.11818142857142858,0.050335
2022-11-22,Financials,0.04274800000000001,0.11818142857142858
2022-11-23,Financials,0.002786666666666669,0.04274800000000001
2022-11-25,Financials,0.15766333333333335,0.002786666666666669
2022-11-28,Financials,0.017120000000000003,0.15766333333333335
2022-11-29,Financials,0.11689666666666668,0.017120000000000003
2022-11-30,Financials,-0.01514666666666667,0.11689666666666668
2022-12-01,Financials,-0.045814,-0.01514666666666667
2022-12-02,Financials,0.16957266666666665,-0.045814
2022-12-05,Financials,0.20985499999999999,0.16957266666666665
2022-12-06,Financials,-0.03782745454545455,0.20985499999999999
2022-12-07,Financials,-0.036136666666666664,-0.03782745454545455
2022-12-08,Financials,0.0017399999999999998,-0.036136666666666664
2022-12-09,Financials,-0.045745,0.0017399999999999998
2022-12-12,Financials,0.12752322222222223,-0.045745
2022-12-13,Financials,0.12455000000000001,0.12752322222222223
2022-12-14,Financials,-0.017932666666666687,0.12455000000000001
2022-12-15,Financials,0.20002,-0.017932666666666687
2022-12-16,Financials,-0.081805,0.20002
2022-12-19,Financials,0.03492019047619048,-0.081805
2022-12-20,Financials,0.20854545454545453,0.03492019047619048
2022-12-21,Financials,0.05071714285714286,0.20854545454545453
2022-12-22,Financials,0.2659513333333333,0.05071714285714286
2022-12-23,Financials,0.08265799999999998,0.2659513333333333
2022-12-27,Financials,0.05304333333333333,0.08265799999999998
2022-12-28,Financials,0.03229,0.05304333333333333
2022-12-29,Financials,0.024465000000000004,0.03229
2022-12-30,Financials,0.041620000000000004,0.024465000000000004
2023-01-03,Financials,0.059775,0.041620000000000004
2023-01-04,Financials,0.08070133333333333,0.059775
2023-01-05,Financials,0.03775333333333334,0.08070133333333333
2023-01-06,Financials,0.03407250000000001,0.03775333333333334
2023-01-09,Financials,0.11561107142857144,0.03407250000000001
2023-01-10,Financials,-0.00817785714285714,0.11561107142857144
2023-01-11,Financials,0.02221555555555556,-0.00817785714285714
2023-01-12,Financials,0.11295228571428573,0.02221555555555556
2023-01-13,Financials,0.0634197668997669,0.11295228571428573
2023-01-17,Financials,0.05009344200411805,0.0634197668997669
2023-01-18,Financials,0.13571111111111112,0.05009344200411805
2023-01-19,Financials,0.10438783333333332,0.13571111111111112
2023-01-20,Financials,0.06703244444444445,0.10438783333333332
2023-01-23,Financials,-0.044650999999999996,0.06703244444444445
2023-01-24,Financials,0.06471666666666667,-0.044650999999999996
2023-01-25,Financials,0.082958,0.06471666666666667
2023-01-26,Financials,0.08237555555555556,0.082958
2023-01-27,Financials,0.007104999999999995,0.08237555555555556
2023-01-30,Financials,0.019671904761904765,0.007104999999999995
2023-01-31,Financials,0.005886666666666674,0.019671904761904765
2023-02-01,Financials,0.07542000000000001,0.005886666666666674
2023-02-02,Financials,0.13577533333333333,0.07542000000000001
2023-02-03,Financials,0.08075166666666667,0.13577533333333333
2023-02-06,Financials,0.03869333333333333,0.08075166666666667
2023-02-07,Financials,0.14752,0.03869333333333333
2023-02-08,Financials,-0.042054999999999995,0.14752
2023-02-09,Financials,0.03500833333333333,-0.042054999999999995
2023-02-10,Financials,0.04153,0.03500833333333333
2023-02-13,Financials,0.05315666666666667,0.04153
2023-02-14,Financials,0.09905299999999999,0.05315666666666667
2023-02-15,Financials,-0.1645275,0.09905299999999999
2023-02-16,Financials,0.000538333333333331,-0.1645275
2023-02-17,Financials,0.143478,0.000538333333333331
2023-02-21,Financials,-0.0013463333333333372,0.143478
2023-02-22,Financials,0.024074,-0.0013463333333333372
2023-02-23,Financials,0.08429333333333333,0.024074
2023-02-24,Financials,0.18436666666666665,0.08429333333333333
2023-02-27,Financials,0.12354785714285714,0.18436666666666665
2023-02-28,Financials,0.03987666666666667,0.12354785714285714
2023-03-01,Financials,0.06672,0.03987666666666667
2023-03-02,Financials,0.128701,0.06672
2023-03-03,Financials,-0.048049999999999995,0.128701
2023-03-06,Financials,-0.0066478571428571385,-0.048049999999999995
2023-03-07,Financials,0.04297666666666667,-0.0066478571428571385
2023-03-08,Financials,0.1080915873015873,0.04297666666666667
2023-03-09,Financials,0.07238166666666666,0.1080915873015873
2023-03-10,Financials,-0.054468666666666665,0.07238166666666666
2023-03-13,Financials,-0.05205286363636363,-0.054468666666666665
2023-03-14,Financials,0.2435892857142857,-0.05205286363636363
2023-03-15,Financials,-0.066963,0.2435892857142857
2023-03-16,Financials,-0.14348527777777778,-0.066963
2023-03-17,Financials,-0.04562942857142857,-0.14348527777777778
2023-03-20,Financials,-0.08434447619047618,-0.04562942857142857
2023-03-21,Financials,0.057682380952380964,-0.08434447619047618
2023-03-22,Financials,0.11108928571428571,0.057682380952380964
2023-03-23,Financials,0.041936666666666664,0.11108928571428571
2023-03-24,Financials,-0.03003181818181818,0.041936666666666664
2023-03-27,Financials,0.04756547619047619,-0.03003181818181818
2023-03-28,Financials,0.08715666666666667,0.04756547619047619
2023-03-29,Financials,0.1320045,0.08715666666666667
2023-03-30,Financials,0.07583285714285715,0.1320045
2023-03-31,Financials,0.05694266666666666,0.07583285714285715
2023-04-03,Financials,0.02665738095238096,0.05694266666666666
2023-04-04,Financials,0.04751211111111111,0.02665738095238096
2023-04-05,Financials,0.031463000000000005,0.04751211111111111
2023-04-06,Financials,-0.012189999999999993,0.031463000000000005
2023-04-10,Financials,0.045359129870129876,-0.012189999999999993
2023-04-11,Financials,0.046785769230769235,0.045359129870129876
2023-04-12,Financials,0.10079619047619048,0.046785769230769235
2023-04-13,Financials,-0.007015779448621549,0.10079619047619048
2023-04-14,Financials,0.014513050505050504,-0.007015779448621549
2023-04-17,Financials,0.06384844210526316,0.014513050505050504
2023-04-18,Financials,0.1586770476190476,0.06384844210526316
2023-04-19,Financials,0.16517938515406164,0.1586770476190476
2023-04-20,Financials,0.06179904761904762,0.16517938515406164
2023-04-21,Financials,0.07948,0.06179904761904762
2023-04-24,Financials,0.07692003896103897,0.07948
2023-04-25,Financials,0.01893045454545455,0.07692003896103897
2023-04-26,Financials,0.19883488888888892,0.01893045454545455
2023-04-27,Financials,0.11484866666666667,0.19883488888888892
2023-04-28,Financials,-0.058701190476190476,0.11484866666666667
2023-05-01,Financials,-0.012427999999999998,-0.058701190476190476
2023-05-02,Financials,0.019235809523809527,-0.012427999999999998
2023-05-03,Financials,0.061071428571428575,0.019235809523809527
2023-05-04,Financials,0.06479333333333333,0.061071428571428575
2023-05-05,Financials,0.08255333333333334,0.06479333333333333
2023-05-08,Financials,0.024768333333333333,0.08255333333333334
2023-05-09,Financials,-0.13777500000000004,0.024768333333333333
2023-05-10,Financials,-0.003994285714285715,-0.13777500000000004
2023-05-11,Financials,-0.059863333333333324,-0.003994285714285715
2023-05-12,Financials,-0.006113333333333332,-0.059863333333333324
2023-05-15,Financials,-0.03556276190476191,-0.006113333333333332
2023-05-16,Financials,-0.08696580952380953,-0.03556276190476191
2023-05-17,Financials,0.08240249999999999,-0.08696580952380953
2023-05-18,Financials,0.11013900000000001,0.08240249999999999
2023-05-19,Financials,0.035833974358974355,0.11013900000000001
2023-05-22,Financials,0.06604314285714286,0.035833974358974355
2023-05-23,Financials,0.12855933333333333,0.06604314285714286
2023-05-24,Financials,-0.05785733333333334,0.12855933333333333
2023-05-25,Financials,-0.04180166666666667,-0.05785733333333334
2023-05-26,Financials,0.09057000000000001,-0.04180166666666667
2023-05-30,Financials,0.027225238095238097,0.09057000000000001
2023-05-31,Financials,0.08333533333333333,0.027225238095238097
2023-06-01,Financials,-0.004669350649350645,0.08333533333333333
2023-06-02,Financials,-0.05745535714285714,-0.004669350649350645
2023-06-05,Financials,0.0037157777777777788,-0.05745535714285714
2023-06-06,Financials,0.21441533333333332,0.0037157777777777788
2023-06-07,Financials,0.01873916666666667,0.21441533333333332
2023-06-08,Financials,0.11369666666666667,0.01873916666666667
2023-06-09,Financials,0.013912272727272728,0.11369666666666667
2023-06-12,Financials,0.04271000000000001,0.013912272727272728
2023-06-13,Financials,0.20371060606060606,0.04271000000000001
2023-06-14,Financials,0.016625555555555553,0.20371060606060606
2023-06-15,Financials,0.13594166666666668,0.016625555555555553
2023-06-16,Financials,0.07315809523809524,0.13594166666666668
2023-06-20,Financials,0.04675686363636363,0.07315809523809524
2023-06-21,Financials,0.028633333333333334,0.04675686363636363
2023-06-22,Financials,0.10000023809523809,0.028633333333333334
2023-06-23,Financials,0.008766666666666664,0.10000023809523809
2023-06-26,Financials,0.04578157575757576,0.008766666666666664
2023-06-27,Financials,0.13420933333333335,0.04578157575757576
2023-06-28,Financials,0.04823918181818182,0.13420933333333335
2023-06-29,Financials,0.20359869463869465,0.04823918181818182
2023-06-30,Financials,0.057620000000000005,0.20359869463869465
2023-07-03,Financials,0.08868417893217893,0.057620000000000005
2023-07-05,Financials,0.06537472222222222,0.08868417893217893
2023-07-06,Financials,-0.07237738095238096,0.06537472222222222
2023-07-07,Financials,0.08062866666666667,-0.07237738095238096
2023-07-10,Financials,0.06466666666666668,0.08062866666666667
2023-07-11,Financials,0.13413733333333333,0.06466666666666668
2023-07-12,Financials,0.03970533333333333,0.13413733333333333
2023-07-13,Financials,0.027143333333333342,0.03970533333333333
2023-07-14,Financials,0.010346777777777778,0.027143333333333342
2023-07-17,Financials,0.034529168755221384,0.010346777777777778
2023-07-18,Financials,0.13495070346320345,0.034529168755221384
2023-07-19,Financials,0.1275339603174603,0.13495070346320345
2023-07-20,Financials,0.19423168181818182,0.1275339603174603
2023-07-21,Financials,0.026163833333333338,0.19423168181818182
2023-07-24,Financials,0.07144963636363637,0.026163833333333338
2023-07-25,Financials,0.20946755555555555,0.07144963636363637
2023-07-26,Financials,0.08531966666666665,0.20946755555555555
2023-07-27,Financials,0.1480347619047619,0.08531966666666665
2023-07-28,Financials,0.04160666666666667,0.1480347619047619
2023-07-31,Financials,0.14983822510822511,0.04160666666666667
2023-08-01,Financials,0.11459333333333335,0.14983822510822511
2023-08-02,Financials,-0.04229571428571429,0.11459333333333335
2023-08-03,Financials,0.08283666666666667,-0.04229571428571429
2023-08-04,Financials,0.07679,0.08283666666666667
2023-08-07,Financials,-0.037231833333333325,0.07679
2023-08-08,Financials,-0.10458333333333332,-0.037231833333333325
2023-08-09,Financials,0.018256571428571428,-0.10458333333333332
2023-08-10,Financials,-0.03267166666666667,0.018256571428571428
2023-08-11,Financials,0.09162000000000001,-0.03267166666666667
2023-08-14,Financials,0.10899289743589743,0.09162000000000001
2023-08-15,Financials,-0.04172179487179486,0.10899289743589743
2023-08-16,Financials,0.07266476190476191,-0.04172179487179486
2023-08-17,Financials,-0.008816666666666669,0.07266476190476191
2023-08-18,Financials,0.06872500000000001,-0.008816666666666669
2023-08-21,Financials,0.09267095238095238,0.06872500000000001
2023-08-22,Financials,0.029900000000000003,0.09267095238095238
2023-08-23,Financials,0.1885520238095238,0.029900000000000003
2023-08-24,Financials,0.06637833333333334,0.1885520238095238
2023-08-25,Financials,-0.006359000000000001,0.06637833333333334
2023-08-28,Financials,-0.011022030303030306,-0.006359000000000001
2023-08-29,Financials,-0.09566666666666666,-0.011022030303030306
2023-08-30,Financials,0.11315433333333333,-0.09566666666666666
2023-08-31,Financials,0.030189047619047622,0.11315433333333333
2023-09-01,Financials,-0.002541666666666667,0.030189047619047622
2023-09-05,Financials,0.035309102564102565,-0.002541666666666667
2023-09-06,Financials,0.1503638095238095,0.035309102564102565
2023-09-07,Financials,0.11265533333333333,0.1503638095238095
2023-09-08,Financials,0.07891142857142858,0.11265533333333333
2023-09-11,Financials,0.0664006105006105,0.07891142857142858
2023-09-12,Financials,0.1514217142857143,0.0664006105006105
2023-09-13,Financials,0.09227766666666666,0.1514217142857143
2023-09-14,Financials,0.11931163636363637,0.09227766666666666
2023-09-15,Financials,0.08927547619047618,0.11931163636363637
2023-09-18,Financials,0.23374266666666665,0.08927547619047618
2023-09-19,Financials,0.0012809523809523826,0.23374266666666665
2023-09-20,Financials,0.08599933333333334,0.0012809523809523826
2023-09-21,Financials,0.045124000000000004,0.08599933333333334
2023-09-22,Financials,0.012110999999999995,0.045124000000000004
2023-09-25,Financials,0.06767266666666667,0.012110999999999995
2023-09-26,Financials,0.12284876190476193,0.06767266666666667
2023-09-27,Financials,0.04528833333333333,0.12284876190476193
2023-09-28,Financials,0.11554690476190477,0.04528833333333333
2023-09-29,Financials,-0.06492833333333334,0.11554690476190477
2023-10-02,Financials,0.160266,-0.06492833333333334
2023-10-03,Financials,0.053137222222222225,0.160266
2023-10-04,Financials,0.04877,0.053137222222222225
2023-10-05,Financials,0.039347714285714284,0.04877
2023-10-06,Financials,0.15416833333333332,0.039347714285714284
2023-10-09,Financials,0.14211895604395605,0.15416833333333332
2023-10-10,Financials,0.1415142857142857,0.14211895604395605
2023-10-11,Financials,-0.008809428571428569,0.1415142857142857
2023-10-12,Financials,0.08360851515151516,-0.008809428571428569
2023-10-13,Financials,0.05280723529411764,0.08360851515151516
2023-10-16,Financials,0.15508300000000003,0.05280723529411764
2023-10-17,Financials,0.1349512962962963,0.15508300000000003
2023-10-18,Financials,0.01541300586510265,0.1349512962962963
2023-10-19,Financials,0.17366,0.01541300586510265
2023-10-20,Financials,0.06861266666666667,0.17366
2023-10-23,Financials,-0.009315238095238095,0.06861266666666667
2023-10-24,Financials,0.0398,-0.009315238095238095
2023-10-25,Financials,0.07711272727272726,0.0398
2023-10-26,Financials,0.142319,0.07711272727272726
2023-10-27,Financials,0.04791,0.142319
2023-10-30,Financials,0.08044666666666667,0.04791
2023-10-31,Financials,0.08917333333333334,0.08044666666666667
2023-11-01,Financials,0.028177,0.08917333333333334
2023-11-02,Financials,0.11050800000000001,0.028177
2023-11-03,Financials,0.1103,0.11050800000000001
2023-11-06,Financials,0.033458888888888885,0.1103
2023-11-07,Financials,0.07528833333333333,0.033458888888888885
2023-11-08,Financials,0.011120714285714286,0.07528833333333333
2023-11-09,Financials,0.06274984126984126,0.011120714285714286
2023-11-10,Financials,-0.01125,0.06274984126984126
2023-11-13,Financials,-0.10171714285714287,-0.01125
2023-11-14,Financials,0.12740157142857142,-0.10171714285714287
2023-11-15,Financials,0.09763666666666666,0.12740157142857142
2023-11-16,Financials,0.036025,0.09763666666666666
2023-11-17,Financials,0.15401533333333334,0.036025
2023-11-20,Financials,-0.006259666666666669,0.15401533333333334
2023-11-21,Financials,0.03184733333333333,-0.006259666666666669
2023-11-22,Financials,0.05012933333333334,0.03184733333333333
2023-11-24,Financials,0.05852477777777778,0.05012933333333334
2023-11-27,Financials,0.07595666666666667,0.05852477777777778
2023-11-28,Financials,0.043408,0.07595666666666667
2023-11-29,Financials,0.12655733333333335,0.043408
2023-11-30,Financials,0.059818666666666666,0.12655733333333335
2023-12-01,Financials,0.02734133333333334,0.059818666666666666
2023-12-04,Financials,0.13846072222222222,0.02734133333333334
2023-12-05,Financials,0.1498125,0.13846072222222222
2023-12-06,Financials,0.012195,0.1498125
2023-12-07,Financials,0.08908666666666666,0.012195
2023-12-08,Financials,0.13133999999999998,0.08908666666666666
2023-12-11,Financials,0.04707605952380952,0.13133999999999998
2023-12-12,Financials,0.1187719393939394,0.04707605952380952
2023-12-13,Financials,0.14341555555555557,0.1187719393939394
2023-12-14,Financials,0.01491066666666667,0.14341555555555557
2023-12-15,Financials,0.11932685714285714,0.01491066666666667
2023-12-18,Financials,0.08345095238095238,0.11932685714285714
2023-12-19,Financials,0.0,0.08345095238095238
2023-12-20,Financials,0.0,0.0
2023-12-21,Financials,0.0,0.0
2023-12-22,Financials,0.0,0.0
2023-12-26,Financials,0.0,0.0
2023-12-27,Financials,0.0,0.0
2023-12-28,Financials,0.0,0.0
2023-12-29,Financials,0.0,0.0
2020-01-02,Healthcare,0.1363554761904762,
2020-01-03,Healthcare,0.03798,0.1363554761904762
2020-01-06,Healthcare,0.182132,0.03798
2020-01-07,Healthcare,0.08464800000000001,0.182132
2020-01-08,Healthcare,0.07706,0.08464800000000001
2020-01-09,Healthcare,0.03239666666666667,0.07706
2020-01-10,Healthcare,0.03246,0.03239666666666667
2020-01-13,Healthcare,0.0693975,0.03246
2020-01-14,Healthcare,0.03998,0.0693975
2020-01-15,Healthcare,0.139405,0.03998
2020-01-16,Healthcare,0.13912,0.139405
2020-01-17,Healthcare,0.08533666666666666,0.13912
2020-01-21,Healthcare,0.02551785714285713,0.08533666666666666
2020-01-22,Healthcare,0.12596416666666665,0.02551785714285713
2020-01-23,Healthcare,0.054837222222222225,0.12596416666666665
2020-01-24,Healthcare,0.09548533333333332,0.054837222222222225
2020-01-27,Healthcare,0.15339333333333333,0.09548533333333332
2020-01-28,Healthcare,0.002704999999999997,0.15339333333333333
2020-01-29,Healthcare,0.107622,0.002704999999999997
2020-01-30,Healthcare,0.07357181818181818,0.107622
2020-01-31,Healthcare,0.04390033333333333,0.07357181818181818
2020-02-03,Healthcare,0.10428872503840245,0.04390033333333333
2020-02-04,Healthcare,0.05957333333333333,0.10428872503840245
2020-02-05,Healthcare,0.046906952380952376,0.05957333333333333
2020-02-06,Healthcare,0.07227969230769231,0.046906952380952376
2020-02-07,Healthcare,0.08391717171717172,0.07227969230769231
2020-02-10,Healthcare,0.03404,0.08391717171717172
2020-02-11,Healthcare,-0.015358333333333335,0.03404
2020-02-12,Healthcare,0.17158916666666668,-0.015358333333333335
2020-02-13,Healthcare,0.09045,0.17158916666666668
2020-02-14,Healthcare,0.17376999999999998,0.09045
2020-02-18,Healthcare,0.05347696078431373,0.17376999999999998
2020-02-19,Healthcare,0.023096111111111112,0.05347696078431373
2020-02-20,Healthcare,0.10334399999999999,0.023096111111111112
2020-02-21,Healthcare,0.0532075,0.10334399999999999
2020-02-24,Healthcare,0.03153655462184874,0.0532075
2020-02-25,Healthcare,-0.05009444444444444,0.03153655462184874
2020-02-26,Healthcare,0.05006264705882352,-0.05009444444444444
2020-02-27,Healthcare,0.0804856,0.05006264705882352
2020-02-28,Healthcare,-0.100272,0.0804856
2020-03-02,Healthcare,0.1169638392857143,-0.100272
2020-03-03,Healthcare,0.027852307692307694,0.1169638392857143
2020-03-04,Healthcare,0.14659899999999998,0.027852307692307694
2020-03-05,Healthcare,-0.028446923076923075,0.14659899999999998
2020-03-06,Healthcare,0.007104415584415584,-0.028446923076923075
2020-03-09,Healthcare,0.035713052631578944,0.007104415584415584
2020-03-10,Healthcare,0.091385,0.035713052631578944
2020-03-11,Healthcare,0.043423055555555555,0.091385
2020-03-12,Healthcare,-0.039354,0.043423055555555555
2020-03-13,Healthcare,0.0962125,-0.039354
2020-03-16,Healthcare,0.014704,0.0962125
2020-03-17,Healthcare,0.08695666666666667,0.014704
2020-03-18,Healthcare,0.109165,0.08695666666666667
2020-03-19,Healthcare,0.004852999999999999,0.109165
2020-03-20,Healthcare,0.011682564102564104,0.004852999999999999
2020-03-23,Healthcare,0.06459675324675326,0.011682564102564104
2020-03-24,Healthcare,0.22829809523809522,0.06459675324675326
2020-03-25,Healthcare,0.09252619047619047,0.22829809523809522
2020-03-26,Healthcare,0.0568660606060606,0.09252619047619047
2020-03-27,Healthcare,0.126222,0.0568660606060606
2020-03-30,Healthcare,0.1482621904761905,0.126222
2020-03-31,Healthcare,0.04120190476190475,0.1482621904761905
2020-04-01,Healthcare,-0.01065333333333333,0.04120190476190475
2020-04-02,Healthcare,0.13921166666666668,-0.01065333333333333
2020-04-03,Healthcare,0.13792166666666666,0.13921166666666668
2020-04-06,Healthcare,0.2573415517241379,0.13792166666666666
2020-04-07,Healthcare,0.06056473684210527,0.2573415517241379
2020-04-08,Healthcare,0.10130666666666668,0.06056473684210527
2020-04-09,Healthcare,0.015228333333333333,0.10130666666666668
2020-04-13,Healthcare,-0.08126442424242424,0.015228333333333333
2020-04-14,Healthcare,0.13958857142857142,-0.08126442424242424
2020-04-15,Healthcare,-0.03140095238095238,0.13958857142857142
2020-04-16,Healthcare,0.24060738095238093,-0.03140095238095238
2020-04-17,Healthcare,0.17116854882459315,0.24060738095238093
2020-04-20,Healthcare,0.0333530354609929,0.17116854882459315
2020-04-21,Healthcare,0.09691809523809525,0.0333530354609929
2020-04-22,Healthcare,0.2513450427350427,0.09691809523809525
2020-04-23,Healthcare,0.17039291666666667,0.2513450427350427
2020-04-24,Healthcare,0.0018744285714285761,0.17039291666666667
2020-04-27,Healthcare,0.042577952380952376,0.0018744285714285761
2020-04-28,Healthcare,0.024134476923076926,0.042577952380952376
2020-04-29,Healthcare,0.05984588505747127,0.024134476923076926
2020-04-30,Healthcare,0.08404902564102565,0.05984588505747127
2020-05-01,Healthcare,0.13921060575968222,0.08404902564102565
2020-05-04,Healthcare,0.14180205128205128,0.13921060575968222
2020-05-05,Healthcare,0.08161728758169935,0.14180205128205128
2020-05-06,Healthcare,0.06935555555555556,0.08161728758169935
2020-05-07,Healthcare,0.06449,0.06935555555555556
2020-05-08,Healthcare,0.056865416666666654,0.06449
2020-05-11,Healthcare,0.06549347826086957,0.056865416666666654
2020-05-12,Healthcare,0.005844571428571431,0.06549347826086957
2020-05-13,Healthcare,0.024329934731934733,0.005844571428571431
2020-05-14,Healthcare,0.03771999999999999,0.024329934731934733
2020-05-15,Healthcare,-0.015300454545454544,0.03771999999999999
2020-05-18,Healthcare,0.07302466666666667,-0.015300454545454544
2020-05-19,Healthcare,0.2029203333333333,0.07302466666666667
2020-05-20,Healthcare,0.07004087912087913,0.2029203333333333
2020-05-21,Healthcare,0.104582,0.07004087912087913
2020-05-22,Healthcare,0.08113166666666666,0.104582
2020-05-26,Healthcare,0.06365399999999999,0.08113166666666666
2020-05-27,Healthcare,-0.08366266666666666,0.06365399999999999
2020-05-28,Healthcare,-0.0073033333333333336,-0.08366266666666666
2020-05-29,Healthcare,0.14036305555555556,-0.0073033333333333336
2020-06-01,Healthcare,0.08319833333333335,0.14036305555555556
2020-06-02,Healthcare,0.029472424242424244,0.08319833333333335
2020-06-03,Healthcare,0.09609873015873016,0.029472424242424244
2020-06-04,Healthcare,0.07595857142857143,0.09609873015873016
2020-06-05,Healthcare,0.025293333333333334,0.07595857142857143
2020-06-08,Healthcare,0.05679063157894737,0.025293333333333334
2020-06-09,Healthcare,0.013949166666666665,0.05679063157894737
2020-06-10,Healthcare,0.07294577777777778,0.013949166666666665
2020-06-11,Healthcare,0.26938,0.07294577777777778
2020-06-12,Healthcare,0.05750999999999999,0.26938
2020-06-15,Healthcare,0.03199942857142858,0.05750999999999999
2020-06-16,Healthcare,-0.00406333333333333,0.03199942857142858
2020-06-17,Healthcare,-0.07291333333333334,-0.00406333333333333
2020-06-18,Healthcare,0.14215333333333335,-0.07291333333333334
2020-06-19,Healthcare,0.06686333333333333,0.14215333333333335
2020-06-22,Healthcare,0.16984666666666665,0.06686333333333333
2020-06-23,Healthcare,0.011185833333333332,0.16984666666666665
2020-06-24,Healthcare,0.022006666666666667,0.011185833333333332
2020-06-25,Healthcare,0.016539999999999992,0.022006666666666667
2020-06-26,Healthcare,0.0025430000000000023,0.016539999999999992
2020-06-29,Healthcare,0.09566291666666667,0.0025430000000000023
2020-06-30,Healthcare,0.00795,0.09566291666666667
2020-07-01,Healthcare,0.1093588888888889,0.00795
2020-07-02,Healthcare,0.024108333333333336,0.1093588888888889
2020-07-06,Healthcare,0.048602,0.024108333333333336
2020-07-07,Healthcare,0.04215833333333333,0.048602
2020-07-08,Healthcare,0.10455761904761904,0.04215833333333333
2020-07-09,Healthcare,0.07523333333333335,0.10455761904761904
2020-07-10,Healthcare,0.012493636363636363,0.07523333333333335
2020-07-13,Healthcare,0.080375,0.012493636363636363
2020-07-14,Healthcare,0.1766,0.080375
2020-07-15,Healthcare,0.09291333333333333,0.1766
2020-07-16,Healthcare,0.166886,0.09291333333333333
2020-07-17,Healthcare,0.07108666666666666,0.166886
2020-07-20,Healthcare,0.03005,0.07108666666666666
2020-07-21,Healthcare,0.06425,0.03005
2020-07-22,Healthcare,0.09398999999999999,0.06425
2020-07-23,Healthcare,-0.06013,0.09398999999999999
2020-07-24,Healthcare,0.010510000000000002,-0.06013
2020-07-27,Healthcare,0.07145428571428572,0.010510000000000002
2020-07-28,Healthcare,0.056791666666666664,0.07145428571428572
2020-07-29,Healthcare,0.07966,0.056791666666666664
2020-07-30,Healthcare,0.0048375,0.07966
2020-07-31,Healthcare,0.005582393162393161,0.0048375
2020-08-03,Healthcare,0.05675285714285714,0.005582393162393161
2020-08-04,Healthcare,-0.04065333333333333,0.05675285714285714
2020-08-05,Healthcare,0.07766,-0.04065333333333333
2020-08-06,Healthcare,0.110976,0.07766
2020-08-07,Healthcare,0.051621428571428575,0.110976
2020-08-10,Healthcare,0.011003333333333334,0.051621428571428575
2020-08-11,Healthcare,0.12455666666666668,0.011003333333333334
2020-08-12,Healthcare,0.01227,0.12455666666666668
2020-08-13,Healthcare,-0.1499,0.01227
2020-08-14,Healthcare,0.0032199999999999998,-0.1499
2020-08-17,Healthcare,0.01688,0.0032199999999999998
2020-08-18,Healthcare,-0.01917,0.01688
2020-08-19,Healthcare,0.07676166666666667,-0.01917
2020-08-20,Healthcare,0.06355,0.07676166666666667
2020-08-21,Healthcare,0.002969999999999998,0.06355
2020-08-24,Healthcare,0.14039000000000001,0.002969999999999998
2020-08-25,Healthcare,0.03209222222222222,0.14039000000000001
2020-08-26,Healthcare,0.10392799999999999,0.03209222222222222
2020-08-27,Healthcare,0.09778466666666667,0.10392799999999999
2020-08-28,Healthcare,0.044956,0.09778466666666667
2020-08-31,Healthcare,0.04900444444444445,0.044956
2020-09-01,Healthcare,0.017249999999999998,0.04900444444444445
2020-09-02,Healthcare,-0.066435,0.017249999999999998
2020-09-03,Healthcare,-0.051524,-0.066435
2020-09-04,Healthcare,0.019734285714285715,-0.051524
2020-09-08,Healthcare,0.03778666666666667,0.019734285714285715
2020-09-09,Healthcare,0.12127999999999999,0.03778666666666667
2020-09-10,Healthcare,0.07678,0.12127999999999999
2020-09-11,Healthcare,-0.025616666666666666,0.07678
2020-09-14,Healthcare,0.1614575072463768,-0.025616666666666666
2020-09-15,Healthcare,0.04999833333333333,0.1614575072463768
2020-09-16,Healthcare,0.00104,0.04999833333333333
2020-09-17,Healthcare,0.04088333333333334,0.00104
2020-09-18,Healthcare,0.039889999999999995,0.04088333333333334
2020-09-21,Healthcare,-0.012677999999999995,0.039889999999999995
2020-09-22,Healthcare,0.28676,-0.012677999999999995
2020-09-23,Healthcare,0.026663333333333334,0.28676
2020-09-24,Healthcare,-0.06772,0.026663333333333334
2020-09-25,Healthcare,0.10586666666666666,-0.06772
2020-09-28,Healthcare,-0.040772,0.10586666666666666
2020-09-29,Healthcare,0.07688142857142857,-0.040772
2020-09-30,Healthcare,0.11891499999999999,0.07688142857142857
2020-10-01,Healthcare,0.03244166666666666,0.11891499999999999
2020-10-02,Healthcare,-0.10007999999999999,0.03244166666666666
2020-10-05,Healthcare,0.020560000000000002,-0.10007999999999999
2020-10-06,Healthcare,0.0008733333333333333,0.020560000000000002
2020-10-07,Healthcare,0.04287380952380952,0.0008733333333333333
2020-10-08,Healthcare,-0.009669444444444442,0.04287380952380952
2020-10-09,Healthcare,-0.06732800000000001,-0.009669444444444442
2020-10-12,Healthcare,0.03509666666666667,-0.06732800000000001
2020-10-13,Healthcare,0.058625,0.03509666666666667
2020-10-14,Healthcare,0.10098,0.058625
2020-10-15,Healthcare,0.10867,0.10098
2020-10-16,Healthcare,0.008641538461538464,0.10867
2020-10-19,Healthcare,0.12809666666666666,0.008641538461538464
2020-10-20,Healthcare,0.16251333333333334,0.12809666666666666
2020-10-21,Healthcare,0.04218533333333334,0.16251333333333334
2020-10-22,Healthcare,-0.054369999999999995,0.04218533333333334
2020-10-23,Healthcare,0.0011910000000000033,-0.054369999999999995
2020-10-26,Healthcare,0.019851111111111108,0.0011910000000000033
2020-10-27,Healthcare,0.00783571428571428,0.019851111111111108
2020-10-28,Healthcare,0.05401333333333334,0.00783571428571428
2020-10-29,Healthcare,0.12949566666666665,0.05401333333333334
2020-10-30,Healthcare,0.0886190909090909,0.12949566666666665
2020-11-02,Healthcare,0.1255297619047619,0.0886190909090909
2020-11-03,Healthcare,-0.00962133333333334,0.1255297619047619
2020-11-04,Healthcare,0.06495666666666666,-0.00962133333333334
2020-11-05,Healthcare,-0.04081666666666667,0.06495666666666666
2020-11-06,Healthcare,0.00245,-0.04081666666666667
2020-11-09,Healthcare,0.24359333333333333,0.00245
2020-11-10,Healthcare,0.173488,0.24359333333333333
2020-11-11,Healthcare,0.03792,0.173488
2020-11-12,Healthcare,0.02406,0.03792
2020-11-13,Healthcare,0.10967,0.02406
2020-11-16,Healthcare,0.018031000000000005,0.10967
2020-11-17,Healthcare,0.010394999999999993,0.018031000000000005
2020-11-18,Healthcare,0.13896,0.010394999999999993
2020-11-19,Healthcare,0.038393333333333335,0.13896
2020-11-20,Healthcare,0.0170475,0.038393333333333335
2020-11-23,Healthcare,0.08124480952380952,0.0170475
2020-11-24,Healthcare,0.055810000000000005,0.08124480952380952
2020-11-25,Healthcare,-0.010409999999999999,0.055810000000000005
2020-11-27,Healthcare,-0.05289666666666668,-0.010409999999999999
2020-11-30,Healthcare,0.033644999999999994,-0.05289666666666668
2020-12-01,Healthcare,0.1157,0.033644999999999994
2020-12-02,Healthcare,-0.00888500000000001,0.1157
2020-12-03,Healthcare,0.07875000000000001,-0.00888500000000001
2020-12-04,Healthcare,0.05586666666666666,0.07875000000000001
2020-12-07,Healthcare,0.006453333333333334,0.05586666666666666
2020-12-08,Healthcare,0.030343333333333333,0.006453333333333334
2020-12-09,Healthcare,-0.0017399999999999998,0.030343333333333333
2020-12-10,Healthcare,0.045975,-0.0017399999999999998
2020-12-11,Healthcare,0.217347,0.045975
2020-12-14,Healthcare,0.10664,0.217347
2020-12-15,Healthcare,0.03482666666666666,0.10664
2020-12-16,Healthcare,0.075915,0.03482666666666666
2020-12-17,Healthcare,0.12771333333333332,0.075915
2020-12-18,Healthcare,0.041389999999999996,0.12771333333333332
2020-12-21,Healthcare,0.22155,0.041389999999999996
2020-12-22,Healthcare,0.014051999999999999,0.22155
2020-12-23,Healthcare,0.06792722222222222,0.014051999999999999
2020-12-24,Healthcare,0.24914,0.06792722222222222
2020-12-28,Healthcare,-0.003436666666666677,0.24914
2020-12-29,Healthcare,0.00865,-0.003436666666666677
2020-12-30,Healthcare,0.0901,0.00865
2020-12-31,Healthcare,0.06985,0.0901
2021-01-04,Healthcare,0.081415,0.06985
2021-01-05,Healthcare,0.04136666666666667,0.081415
2021-01-06,Healthcare,-0.011460000000000003,0.04136666666666667
2021-01-07,Healthcare,-0.07236,-0.011460000000000003
2021-01-08,Healthcare,0.01136,-0.07236
2021-01-11,Healthcare,0.038315714285714286,0.01136
2021-01-12,Healthcare,0.14578666666666668,0.038315714285714286
2021-01-13,Healthcare,0.03739666666666667,0.14578666666666668
2021-01-14,Healthcare,0.033760000000000005,0.03739666666666667
2021-01-15,Healthcare,0.11081,0.033760000000000005
2021-01-19,Healthcare,0.07205800000000001,0.11081
2021-01-20,Healthcare,0.19,0.07205800000000001
2021-01-21,Healthcare,0.00023,0.19
2021-01-22,Healthcare,0.0,0.00023
2021-01-25,Healthcare,0.062469,0.0
2021-01-26,Healthcare,0.05029466666666667,0.062469
2021-01-27,Healthcare,0.05782285714285714,0.05029466666666667
2021-01-28,Healthcare,0.159136,0.05782285714285714
2021-01-29,Healthcare,0.053880000000000004,0.159136
2021-02-01,Healthcare,0.1953,0.053880000000000004
2021-02-02,Healthcare,0.016765000000000002,0.1953
2021-02-03,Healthcare,0.10838466666666666,0.016765000000000002
2021-02-04,Healthcare,0.03299590909090909,0.10838466666666666
2021-02-05,Healthcare,0.23909466666666668,0.03299590909090909
2021-02-08,Healthcare,0.006440000000000001,0.23909466666666668
2021-02-09,Healthcare,0.1955833333333333,0.006440000000000001
2021-02-10,Healthcare,0.108729,0.1955833333333333
2021-02-11,Healthcare,0.06733,0.108729
2021-02-12,Healthcare,0.07224666666666665,0.06733
2021-02-16,Healthcare,-0.08107,0.07224666666666665
2021-02-17,Healthcare,0.09705555555555556,-0.08107
2021-02-18,Healthcare,0.11803000000000001,0.09705555555555556
2021-02-19,Healthcare,0.0884,0.11803000000000001
2021-02-22,Healthcare,0.127962,0.0884
2021-02-23,Healthcare,0.029883333333333335,0.127962
2021-02-24,Healthcare,0.04328,0.029883333333333335
2021-02-25,Healthcare,0.1357825,0.04328
2021-02-26,Healthcare,-0.0013850000000000015,0.1357825
2021-03-01,Healthcare,0.10181,-0.0013850000000000015
2021-03-02,Healthcare,0.036596666666666666,0.10181
2021-03-03,Healthcare,0.02668,0.036596666666666666
2021-03-04,Healthcare,0.018935,0.02668
2021-03-05,Healthcare,0.021579999999999995,0.018935
2021-03-08,Healthcare,0.05878799999999999,0.021579999999999995
2021-03-09,Healthcare,0.03225666666666667,0.05878799999999999
2021-03-10,Healthcare,0.039139999999999994,0.03225666666666667
2021-03-11,Healthcare,-0.060511999999999996,0.039139999999999994
2021-03-12,Healthcare,-0.0246,-0.060511999999999996
2021-03-15,Healthcare,0.12854914285714286,-0.0246
2021-03-16,Healthcare,0.05876,0.12854914285714286
2021-03-17,Healthcare,0.0782,0.05876
2021-03-18,Healthcare,0.09550333333333334,0.0782
2021-03-19,Healthcare,0.08801,0.09550333333333334
2021-03-22,Healthcare,-0.055538,0.08801
2021-03-23,Healthcare,0.07855999999999999,-0.055538
2021-03-24,Healthcare,0.06889999999999999,0.07855999999999999
2021-03-25,Healthcare,0.1312,0.06889999999999999
2021-03-26,Healthcare,0.033808333333333336,0.1312
2021-03-29,Healthcare,0.22528333333333334,0.033808333333333336
2021-03-30,Healthcare,-0.034319999999999996,0.22528333333333334
2021-03-31,Healthcare,0.12447,-0.034319999999999996
2021-04-01,Healthcare,0.10351000000000002,0.12447
2021-04-05,Healthcare,0.09121,0.10351000000000002
2021-04-06,Healthcare,0.0715,0.09121
2021-04-07,Healthcare,0.11705000000000002,0.0715
2021-04-08,Healthcare,-0.00846,0.11705000000000002
2021-04-09,Healthcare,-0.06828,-0.00846
2021-04-12,Healthcare,0.08950333333333334,-0.06828
2021-04-13,Healthcare,0.021231666666666666,0.08950333333333334
2021-04-14,Healthcare,-0.013019999999999999,0.021231666666666666
2021-04-15,Healthcare,0.047439999999999996,-0.013019999999999999
2021-04-16,Healthcare,-0.05362,0.047439999999999996
2021-04-19,Healthcare,0.012305238095238097,-0.05362
2021-04-20,Healthcare,0.11205888888888889,0.012305238095238097
2021-04-21,Healthcare,0.10338,0.11205888888888889
2021-04-22,Healthcare,-0.0034099999999999977,0.10338
2021-04-23,Healthcare,0.07298,-0.0034099999999999977
2021-04-26,Healthcare,0.12007399999999999,0.07298
2021-04-27,Healthcare,0.09037833333333334,0.12007399999999999
2021-04-28,Healthcare,0.07353533333333333,0.09037833333333334
2021-04-29,Healthcare,0.16924961904761907,0.07353533333333333
2021-04-30,Healthcare,0.03059938461538461,0.16924961904761907
2021-05-03,Healthcare,0.06935133333333333,0.03059938461538461
2021-05-04,Healthcare,0.20220000000000002,0.06935133333333333
2021-05-05,Healthcare,0.26067,0.20220000000000002
2021-05-06,Healthcare,0.0019349999999999999,0.26067
2021-05-07,Healthcare,0.00516,0.0019349999999999999
2021-05-10,Healthcare,0.10722266666666666,0.00516
2021-05-11,Healthcare,0.005939999999999999,0.10722266666666666
2021-05-12,Healthcare,0.15613,0.005939999999999999
2021-05-13,Healthcare,0.004020000000000001,0.15613
2021-05-14,Healthcare,0.10828666666666667,0.004020000000000001
2021-05-17,Healthcare,-0.054959,0.10828666666666667
2021-05-18,Healthcare,0.05605,-0.054959
2021-05-19,Healthcare,0.0036199999999999995,0.05605
2021-05-20,Healthcare,0.030359999999999998,0.0036199999999999995
2021-05-21,Healthcare,0.02184,0.030359999999999998
2021-05-24,Healthcare,0.06394000000000001,0.02184
2021-05-25,Healthcare,0.004730000000000001,0.06394000000000001
2021-05-26,Healthcare,0.00364,0.004730000000000001
2021-05-27,Healthcare,0.03179666666666666,0.00364
2021-05-28,Healthcare,0.03032666666666667,0.03179666666666666
2021-06-01,Healthcare,0.08138,0.03032666666666667
2021-06-02,Healthcare,0.09383,0.08138
2021-06-03,Healthcare,0.0347,0.09383
2021-06-04,Healthcare,0.04424,0.0347
2021-06-07,Healthcare,-0.041793333333333335,0.04424
2021-06-08,Healthcare,0.00492,-0.041793333333333335
2021-06-09,Healthcare,0.014794545454545453,0.00492
2021-06-10,Healthcare,0.16408333333333333,0.014794545454545453
2021-06-11,Healthcare,0.015098333333333333,0.16408333333333333
2021-06-14,Healthcare,0.13783166666666669,0.015098333333333333
2021-06-15,Healthcare,0.09228,0.13783166666666669
2021-06-16,Healthcare,0.0,0.09228
2021-06-17,Healthcare,0.07086,0.0
2021-06-18,Healthcare,0.06799,0.07086
2021-06-21,Healthcare,0.15610533333333332,0.06799
2021-06-22,Healthcare,0.0,0.15610533333333332
2021-06-23,Healthcare,0.14282,0.0
2021-06-24,Healthcare,0.10251000000000002,0.14282
2021-06-25,Healthcare,0.041708,0.10251000000000002
2021-06-28,Healthcare,0.02203,0.041708
2021-06-29,Healthcare,0.12334,0.02203
2021-06-30,Healthcare,0.10036999999999999,0.12334
2021-07-01,Healthcare,0.00142,0.10036999999999999
2021-07-02,Healthcare,0.20136000000000004,0.00142
2021-07-06,Healthcare,0.015264,0.20136000000000004
2021-07-07,Healthcare,0.03578,0.015264
2021-07-08,Healthcare,0.018295,0.03578
2021-07-09,Healthcare,0.06626000000000001,0.018295
2021-07-12,Healthcare,0.06719,0.06626000000000001
2021-07-13,Healthcare,-0.0069500000000000004,0.06719
2021-07-14,Healthcare,0.08478,-0.0069500000000000004
2021-07-15,Healthcare,-0.037410000000000006,0.08478
2021-07-16,Healthcare,0.07452,-0.037410000000000006
2021-07-19,Healthcare,0.09535333333333333,0.07452
2021-07-20,Healthcare,0.04987,0.09535333333333333
2021-07-21,Healthcare,0.00104,0.04987
2021-07-22,Healthcare,-0.0012671428571428547,0.00104
2021-07-23,Healthcare,0.05012,-0.0012671428571428547
2021-07-26,Healthcare,0.10594,0.05012
2021-07-27,Healthcare,0.0012350000000000082,0.10594
2021-07-28,Healthcare,-0.004526666666666667,0.0012350000000000082
2021-07-29,Healthcare,0.12085816666666667,-0.004526666666666667
2021-07-30,Healthcare,0.021187333333333336,0.12085816666666667
2021-08-02,Healthcare,0.10730500000000001,0.021187333333333336
2021-08-03,Healthcare,0.06162333333333333,0.10730500000000001
2021-08-04,Healthcare,-0.010300000000000002,0.06162333333333333
2021-08-05,Healthcare,0.06706,-0.010300000000000002
2021-08-06,Healthcare,0.1041,0.06706
2021-08-09,Healthcare,0.063615,0.1041
2021-08-10,Healthcare,0.01813,0.063615
2021-08-11,Healthcare,0.11135000000000002,0.01813
2021-08-12,Healthcare,0.11219000000000001,0.11135000000000002
2021-08-13,Healthcare,0.11193,0.11219000000000001
2021-08-16,Healthcare,0.025684000000000002,0.11193
2021-08-17,Healthcare,-0.09182,0.025684000000000002
2021-08-18,Healthcare,0.08302000000000001,-0.09182
2021-08-19,Healthcare,-0.010920000000000008,0.08302000000000001
2021-08-20,Healthcare,0.12092,-0.010920000000000008
2021-08-23,Healthcare,0.034710000000000005,0.12092
2021-08-24,Healthcare,0.027476666666666667,0.034710000000000005
2021-08-25,Healthcare,0.04316,0.027476666666666667
2021-08-26,Healthcare,0.11922999999999999,0.04316
2021-08-27,Healthcare,0.1984766666666667,0.11922999999999999
2021-08-30,Healthcare,0.08403999999999999,0.1984766666666667
2021-08-31,Healthcare,-0.017544999999999998,0.08403999999999999
2021-09-01,Healthcare,0.05070066666666666,-0.017544999999999998
2021-09-02,Healthcare,0.07273333333333334,0.05070066666666666
2021-09-03,Healthcare,0.0,0.07273333333333334
2021-09-07,Healthcare,0.008918333333333334,0.0
2021-09-08,Healthcare,-0.12136333333333334,0.008918333333333334
2021-09-09,Healthcare,0.12162928571428573,-0.12136333333333334
2021-09-10,Healthcare,-0.02014,0.12162928571428573
2021-09-13,Healthcare,0.07133444444444445,-0.02014
2021-09-14,Healthcare,0.00658,0.07133444444444445
2021-09-15,Healthcare,0.03440666666666666,0.00658
2021-09-16,Healthcare,0.08111333333333334,0.03440666666666666
2021-09-17,Healthcare,-0.011710000000000002,0.08111333333333334
2021-09-20,Healthcare,-0.02266666666666666,-0.011710000000000002
2021-09-21,Healthcare,0.013680000000000001,-0.02266666666666666
2021-09-22,Healthcare,-0.15754,0.013680000000000001
2021-09-23,Healthcare,0.0223,-0.15754
2021-09-24,Healthcare,-0.06466000000000001,0.0223
2021-09-27,Healthcare,0.09681,-0.06466000000000001
2021-09-28,Healthcare,0.09390533333333333,0.09681
2021-09-29,Healthcare,0.040558333333333335,0.09390533333333333
2021-09-30,Healthcare,0.0067933333333333335,0.040558333333333335
2021-10-01,Healthcare,0.008885925925925927,0.0067933333333333335
2021-10-04,Healthcare,0.08525226666666666,0.008885925925925927
2021-10-05,Healthcare,0.053107333333333326,0.08525226666666666
2021-10-06,Healthcare,0.06227555555555555,0.053107333333333326
2021-10-07,Healthcare,0.057110666666666664,0.06227555555555555
2021-10-08,Healthcare,-0.011219999999999999,0.057110666666666664
2021-10-11,Healthcare,-0.0036007692307692294,-0.011219999999999999
2021-10-12,Healthcare,0.014253333333333335,-0.0036007692307692294
2021-10-13,Healthcare,-0.034678,0.014253333333333335
2021-10-14,Healthcare,0.00198,-0.034678
2021-10-15,Healthcare,0.08228,0.00198
2021-10-18,Healthcare,0.07966333333333334,0.08228
2021-10-19,Healthcare,0.09372214285714285,0.07966333333333334
2021-10-20,Healthcare,0.06287200000000001,0.09372214285714285
2021-10-21,Healthcare,0.05900333333333334,0.06287200000000001
2021-10-22,Healthcare,0.040712000000000005,0.05900333333333334
2021-10-25,Healthcare,-0.013311111111111112,0.040712000000000005
2021-10-26,Healthcare,-0.01997,-0.013311111111111112
2021-10-27,Healthcare,-0.004015714285714285,-0.01997
2021-10-28,Healthcare,0.09717323076923076,-0.004015714285714285
2021-10-29,Healthcare,0.04854268907563025,0.09717323076923076
2021-11-01,Healthcare,0.20424800000000004,0.04854268907563025
2021-11-02,Healthcare,0.03224833333333333,0.20424800000000004
2021-11-03,Healthcare,0.12106666666666668,0.03224833333333333
2021-11-04,Healthcare,0.036272727272727276,0.12106666666666668
2021-11-05,Healthcare,0.20709666666666665,0.036272727272727276
2021-11-08,Healthcare,0.043815230769230766,0.20709666666666665
2021-11-09,Healthcare,0.021005000000000003,0.043815230769230766
2021-11-10,Healthcare,0.03662,0.021005000000000003
2021-11-11,Healthcare,0.026053333333333335,0.03662
2021-11-12,Healthcare,0.07369,0.026053333333333335
2021-11-15,Healthcare,0.016924666666666664,0.07369
2021-11-16,Healthcare,0.067708,0.016924666666666664
2021-11-17,Healthcare,0.044,0.067708
2021-11-18,Healthcare,-0.011000000000000001,0.044
2021-11-19,Healthcare,0.02289666666666667,-0.011000000000000001
2021-11-22,Healthcare,0.043125000000000004,0.02289666666666667
2021-11-23,Healthcare,0.12034333333333333,0.043125000000000004
2021-11-24,Healthcare,-0.00726,0.12034333333333333
2021-11-26,Healthcare,-0.04725333333333333,-0.00726
2021-11-29,Healthcare,0.06453102564102564,-0.04725333333333333
2021-11-30,Healthcare,0.06510857142857143,0.06453102564102564
2021-12-01,Healthcare,-0.16494666666666666,0.06510857142857143
2021-12-02,Healthcare,-0.04208666666666667,-0.16494666666666666
2021-12-03,Healthcare,0.11321999999999999,-0.04208666666666667
2021-12-06,Healthcare,0.14763666666666667,0.11321999999999999
2021-12-07,Healthcare,0.062380000000000005,0.14763666666666667
2021-12-08,Healthcare,0.03813333333333333,0.062380000000000005
2021-12-09,Healthcare,-0.03359,0.03813333333333333
2021-12-10,Healthcare,0.06344,-0.03359
2021-12-13,Healthcare,0.13870833333333332,0.06344
2021-12-14,Healthcare,0.04187,0.13870833333333332
2021-12-15,Healthcare,-0.037685,0.04187
2021-12-16,Healthcare,-0.004024000000000005,-0.037685
2021-12-17,Healthcare,0.045584,-0.004024000000000005
2021-12-20,Healthcare,0.054689999999999996,0.045584
2021-12-21,Healthcare,0.06247761904761904,0.054689999999999996
2021-12-22,Healthcare,0.08129833333333333,0.06247761904761904
2021-12-23,Healthcare,0.19754117647058825,0.08129833333333333
2021-12-27,Healthcare,0.1636571666666667,0.19754117647058825
2021-12-28,Healthcare,0.12440333333333334,0.1636571666666667
2021-12-29,Healthcare,0.03560000000000001,0.12440333333333334
2021-12-30,Healthcare,0.11249095238095239,0.03560000000000001
2021-12-31,Healthcare,0.12487999999999999,0.11249095238095239
2022-01-03,Healthcare,0.09493157142857142,0.12487999999999999
2022-01-04,Healthcare,0.035529333333333336,0.09493157142857142
2022-01-05,Healthcare,0.04109,0.035529333333333336
2022-01-06,Healthcare,0.14062666666666668,0.04109
2022-01-07,Healthcare,0.016349999999999996,0.14062666666666668
2022-01-10,Healthcare,0.06549333333333333,0.016349999999999996
2022-01-11,Healthcare,0.027063333333333335,0.06549333333333333
2022-01-12,Healthcare,0.05482,0.027063333333333335
2022-01-13,Healthcare,0.06804,0.05482
2022-01-14,Healthcare,0.16572,0.06804
2022-01-18,Healthcare,0.15263066666666666,0.16572
2022-01-19,Healthcare,0.061531999999999996,0.15263066666666666
2022-01-20,Healthcare,-0.011472,0.061531999999999996
2022-01-21,Healthcare,0.05339733333333334,-0.011472
2022-01-24,Healthcare,-0.015384444444444442,0.05339733333333334
2022-01-25,Healthcare,0.010553333333333336,-0.015384444444444442
2022-01-26,Healthcare,0.06813821428571429,0.010553333333333336
2022-01-27,Healthcare,0.10559166666666667,0.06813821428571429
2022-01-28,Healthcare,0.2025047619047619,0.10559166666666667
2022-01-31,Healthcare,0.053134571428571434,0.2025047619047619
2022-02-01,Healthcare,0.18547094017094018,0.053134571428571434
2022-02-02,Healthcare,0.09945409523809523,0.18547094017094018
2022-02-03,Healthcare,0.15903666666666666,0.09945409523809523
2022-02-04,Healthcare,0.030459999999999997,0.15903666666666666
2022-02-07,Healthcare,0.19963587301587302,0.030459999999999997
2022-02-08,Healthcare,0.12227428571428571,0.19963587301587302
2022-02-09,Healthcare,0.23595333333333332,0.12227428571428571
2022-02-10,Healthcare,0.019726333333333332,0.23595333333333332
2022-02-11,Healthcare,0.14856666666666665,0.019726333333333332
2022-02-14,Healthcare,0.0014961904761904815,0.14856666666666665
2022-02-15,Healthcare,0.06682833333333334,0.0014961904761904815
2022-02-16,Healthcare,0.08691166666666666,0.06682833333333334
2022-02-17,Healthcare,0.023864285714285713,0.08691166666666666
2022-02-18,Healthcare,0.19896,0.023864285714285713
2022-02-22,Healthcare,0.04514714285714286,0.19896
2022-02-23,Healthcare,0.005540000000000001,0.04514714285714286
2022-02-24,Healthcare,0.071935,0.005540000000000001
2022-02-25,Healthcare,0.02198333333333333,0.071935
2022-02-28,Healthcare,0.06449,0.02198333333333333
2022-03-01,Healthcare,0.06979,0.06449
2022-03-02,Healthcare,-0.006789999999999996,0.06979
2022-03-03,Healthcare,-0.05277,-0.006789999999999996
2022-03-04,Healthcare,0.12886000000000003,-0.05277
2022-03-07,Healthcare,0.16907333333333335,0.12886000000000003
2022-03-08,Healthcare,0.05950833333333333,0.16907333333333335
2022-03-09,Healthcare,-0.08067733333333334,0.05950833333333333
2022-03-10,Healthcare,0.029531666666666668,-0.08067733333333334
2022-03-11,Healthcare,0.12572666666666668,0.029531666666666668
2022-03-14,Healthcare,0.059773333333333345,0.12572666666666668
2022-03-15,Healthcare,-0.06128399999999999,0.059773333333333345
2022-03-16,Healthcare,0.0932452380952381,-0.06128399999999999
2022-03-17,Healthcare,0.020202666666666664,0.0932452380952381
2022-03-18,Healthcare,0.009876666666666667,0.020202666666666664
2022-03-21,Healthcare,0.18948666666666666,0.009876666666666667
2022-03-22,Healthcare,0.008416666666666678,0.18948666666666666
2022-03-23,Healthcare,-0.008330000000000004,0.008416666666666678
2022-03-24,Healthcare,0.059145,-0.008330000000000004
2022-03-25,Healthcare,0.012279999999999998,0.059145
2022-03-28,Healthcare,-0.03734166666666666,0.012279999999999998
2022-03-29,Healthcare,0.04538000000000001,-0.03734166666666666
2022-03-30,Healthcare,0.03193333333333333,0.04538000000000001
2022-03-31,Healthcare,0.14570166666666667,0.03193333333333333
2022-04-01,Healthcare,0.17603,0.14570166666666667
2022-04-04,Healthcare,-0.014001999999999997,0.17603
2022-04-05,Healthcare,0.16462933333333335,-0.014001999999999997
2022-04-06,Healthcare,0.004835000000000001,0.16462933333333335
2022-04-07,Healthcare,-0.06538,0.004835000000000001
2022-04-08,Healthcare,0.137446,-0.06538
2022-04-11,Healthcare,0.12799633333333332,0.137446
2022-04-12,Healthcare,0.03687833333333333,0.12799633333333332
2022-04-13,Healthcare,0.13861166666666666,0.03687833333333333
2022-04-14,Healthcare,0.033032285714285715,0.13861166666666666
2022-04-18,Healthcare,0.005009999999999999,0.033032285714285715
2022-04-19,Healthcare,-0.013284095238095216,0.005009999999999999
2022-04-20,Healthcare,0.15804583333333333,-0.013284095238095216
2022-04-21,Healthcare,0.12754,0.15804583333333333
2022-04-22,Healthcare,0.16393000000000002,0.12754
2022-04-25,Healthcare,0.17495733333333333,0.16393000000000002
2022-04-26,Healthcare,0.02363321428571429,0.17495733333333333
2022-04-27,Healthcare,0.07713000000000002,0.02363321428571429
2022-04-28,Healthcare,0.10738066666666665,0.07713000000000002
2022-04-29,Healthcare,0.18334533333333333,0.10738066666666665
2022-05-02,Healthcare,0.064411,0.18334533333333333
2022-05-03,Healthcare,-0.034319999999999996,0.064411
2022-05-04,Healthcare,0.005279999999999996,-0.034319999999999996
2022-05-05,Healthcare,0.24348999999999998,0.005279999999999996
2022-05-06,Healthcare,-0.0025866666666666594,0.24348999999999998
2022-05-09,Healthcare,0.06062666666666666,-0.0025866666666666594
2022-05-10,Healthcare,0.05863733333333333,0.06062666666666666
2022-05-11,Healthcare,0.07938666666666667,0.05863733333333333
2022-05-12,Healthcare,-0.04295166666666666,0.07938666666666667
2022-05-13,Healthcare,0.023203333333333333,-0.04295166666666666
2022-05-16,Healthcare,0.05063583333333334,0.023203333333333333
2022-05-17,Healthcare,0.005018333333333329,0.05063583333333334
2022-05-18,Healthcare,0.13452,0.005018333333333329
2022-05-19,Healthcare,0.02615,0.13452
2022-05-20,Healthcare,0.01709333333333334,0.02615
2022-05-23,Healthcare,0.23045,0.01709333333333334
2022-05-24,Healthcare,0.16140133333333334,0.23045
2022-05-25,Healthcare,0.00785,0.16140133333333334
2022-05-26,Healthcare,0.013239238095238096,0.00785
2022-05-27,Healthcare,-0.045901,0.013239238095238096
2022-05-31,Healthcare,0.2249225,-0.045901
2022-06-01,Healthcare,0.00996,0.2249225
2022-06-02,Healthcare,-0.129992,0.00996
2022-06-03,Healthcare,0.05635333333333333,-0.129992
2022-06-06,Healthcare,0.1465564761904762,0.05635333333333333
2022-06-07,Healthcare,0.04030666666666667,0.1465564761904762
2022-06-08,Healthcare,0.06808,0.04030666666666667
2022-06-09,Healthcare,8.666666666666672e-05,0.06808
2022-06-10,Healthcare,0.03338666666666667,8.666666666666672e-05
2022-06-13,Healthcare,0.17452357142857142,0.03338666666666667
2022-06-14,Healthcare,0.033835,0.17452357142857142
2022-06-15,Healthcare,0.059117333333333334,0.033835
2022-06-16,Healthcare,0.17082000000000003,0.059117333333333334
2022-06-17,Healthcare,0.10230666666666666,0.17082000000000003
2022-06-21,Healthcare,0.15183333333333335,0.10230666666666666
2022-06-22,Healthcare,0.05294333333333334,0.15183333333333335
2022-06-23,Healthcare,-0.04255633333333334,0.05294333333333334
2022-06-24,Healthcare,0.17754285714285717,-0.04255633333333334
2022-06-27,Healthcare,0.1752695,0.17754285714285717
2022-06-28,Healthcare,0.02406,0.1752695
2022-06-29,Healthcare,0.15859142857142858,0.02406
2022-06-30,Healthcare,0.069385,0.15859142857142858
2022-07-01,Healthcare,0.093235,0.069385
2022-07-05,Healthcare,0.076339,0.093235
2022-07-06,Healthcare,0.021817500000000004,0.076339
2022-07-07,Healthcare,-0.12411142857142857,0.021817500000000004
2022-07-08,Healthcare,0.33386,-0.12411142857142857
2022-07-11,Healthcare,0.06207857142857143,0.33386
2022-07-12,Healthcare,0.04967714285714285,0.06207857142857143
2022-07-13,Healthcare,0.1887311904761905,0.04967714285714285
2022-07-14,Healthcare,-0.049595999999999994,0.1887311904761905
2022-07-15,Healthcare,0.0283875,-0.049595999999999994
2022-07-18,Healthcare,0.13569828571428572,0.0283875
2022-07-19,Healthcare,0.0528352380952381,0.13569828571428572
2022-07-20,Healthcare,0.18626333333333334,0.0528352380952381
2022-07-21,Healthcare,0.005230000000000001,0.18626333333333334
2022-07-22,Healthcare,0.13001933333333332,0.005230000000000001
2022-07-25,Healthcare,0.166218,0.13001933333333332
2022-07-26,Healthcare,0.12233333333333334,0.166218
2022-07-27,Healthcare,0.09958916666666666,0.12233333333333334
2022-07-28,Healthcare,0.147927,0.09958916666666666
2022-07-29,Healthcare,0.15632666666666667,0.147927
2022-08-01,Healthcare,0.060050000000000006,0.15632666666666667
2022-08-02,Healthcare,0.106715,0.060050000000000006
2022-08-03,Healthcare,0.25791,0.106715
2022-08-04,Healthcare,0.051178888888888885,0.25791
2022-08-05,Healthcare,0.142955,0.051178888888888885
2022-08-08,Healthcare,0.020772000000000002,0.142955
2022-08-09,Healthcare,-0.029633333333333334,0.020772000000000002
2022-08-10,Healthcare,0.093705,-0.029633333333333334
2022-08-11,Healthcare,0.056694,0.093705
2022-08-12,Healthcare,0.032178000000000005,0.056694
2022-08-15,Healthcare,0.04528733333333333,0.032178000000000005
2022-08-16,Healthcare,0.11301333333333333,0.04528733333333333
2022-08-17,Healthcare,0.093935,0.11301333333333333
2022-08-18,Healthcare,-0.005826,0.093935
2022-08-19,Healthcare,-0.17009333333333335,-0.005826
2022-08-22,Healthcare,0.07819666666666666,-0.17009333333333335
2022-08-23,Healthcare,0.1569566666666667,0.07819666666666666
2022-08-24,Healthcare,0.064715,0.1569566666666667
2022-08-25,Healthcare,0.039989047619047625,0.064715
2022-08-26,Healthcare,0.053110000000000004,0.039989047619047625
2022-08-29,Healthcare,0.21379333333333334,0.053110000000000004
2022-08-30,Healthcare,-0.042539999999999994,0.21379333333333334
2022-08-31,Healthcare,-0.2230033333333333,-0.042539999999999994
2022-09-01,Healthcare,0.05903833333333334,-0.2230033333333333
2022-09-02,Healthcare,0.017523333333333332,0.05903833333333334
2022-09-06,Healthcare,0.134029,0.017523333333333332
2022-09-07,Healthcare,0.06314933333333334,0.134029
2022-09-08,Healthcare,0.11241233333333334,0.06314933333333334
2022-09-09,Healthcare,-0.025046666666666655,0.11241233333333334
2022-09-12,Healthcare,0.105392,-0.025046666666666655
2022-09-13,Healthcare,0.07259499999999999,0.105392
2022-09-14,Healthcare,0.02332,0.07259499999999999
2022-09-15,Healthcare,0.11776666666666666,0.02332
2022-09-16,Healthcare,0.07543399999999999,0.11776666666666666
2022-09-19,Healthcare,0.026099238095238102,0.07543399999999999
2022-09-20,Healthcare,0.01365333333333334,0.026099238095238102
2022-09-21,Healthcare,-0.0789,0.01365333333333334
2022-09-22,Healthcare,0.06309333333333333,-0.0789
2022-09-23,Healthcare,0.035855,0.06309333333333333
2022-09-26,Healthcare,0.02008833333333334,0.035855
2022-09-27,Healthcare,0.1628966666666667,0.02008833333333334
2022-09-28,Healthcare,0.16628500000000002,0.1628966666666667
2022-09-29,Healthcare,0.07915,0.16628500000000002
2022-09-30,Healthcare,0.006403333333333333,0.07915
2022-10-03,Healthcare,0.04913333333333334,0.006403333333333333
2022-10-04,Healthcare,-0.07108999999999999,0.04913333333333334
2022-10-05,Healthcare,0.06029333333333333,-0.07108999999999999
2022-10-06,Healthcare,-0.03573333333333333,0.06029333333333333
2022-10-07,Healthcare,0.03202000000000001,-0.03573333333333333
2022-10-10,Healthcare,0.18482300000000002,0.03202000000000001
2022-10-11,Healthcare,0.15018828571428572,0.18482300000000002
2022-10-12,Healthcare,0.10746666666666667,0.15018828571428572
2022-10-13,Healthcare,0.0032950000000000037,0.10746666666666667
2022-10-14,Healthcare,0.27671999999999997,0.0032950000000000037
2022-10-17,Healthcare,0.12174,0.27671999999999997
2022-10-18,Healthcare,0.062053333333333335,0.12174
2022-10-19,Healthcare,0.0003585714285714303,0.062053333333333335
2022-10-20,Healthcare,-0.05809333333333333,0.0003585714285714303
2022-10-21,Healthcare,0.065962,-0.05809333333333333
2022-10-24,Healthcare,0.08726166666666665,0.065962
2022-10-25,Healthcare,0.12899,0.08726166666666665
2022-10-26,Healthcare,0.09180166666666667,0.12899
2022-10-27,Healthcare,0.031065844155844145,0.09180166666666667
2022-10-28,Healthcare,-0.005653333333333341,0.031065844155844145
2022-10-31,Healthcare,0.03639,-0.005653333333333341
2022-11-01,Healthcare,0.24390833333333334,0.03639
2022-11-02,Healthcare,0.22012,0.24390833333333334
2022-11-03,Healthcare,-0.081112,0.22012
2022-11-04,Healthcare,0.23196,-0.081112
2022-11-07,Healthcare,-0.039125,0.23196
2022-11-08,Healthcare,-0.021207333333333342,-0.039125
2022-11-09,Healthcare,0.051152666666666666,-0.021207333333333342
2022-11-10,Healthcare,0.2558566666666667,0.051152666666666666
2022-11-11,Healthcare,0.17054,0.2558566666666667
2022-11-14,Healthcare,0.104596,0.17054
2022-11-15,Healthcare,0.16001333333333334,0.104596
2022-11-16,Healthcare,0.042460000000000005,0.16001333333333334
2022-11-17,Healthcare,-0.01977333333333333,0.042460000000000005
2022-11-18,Healthcare,0.04030333333333334,-0.01977333333333333
2022-11-21,Healthcare,0.13548333333333334,0.04030333333333334
2022-11-22,Healthcare,0.07450166666666666,0.13548333333333334
2022-11-23,Healthcare,0.04366785714285715,0.07450166666666666
2022-11-25,Healthcare,-0.013402571428571427,0.04366785714285715
2022-11-28,Healthcare,0.15883166666666668,-0.013402571428571427
2022-11-29,Healthcare,0.08966999999999999,0.15883166666666668
2022-11-30,Healthcare,0.117435,0.08966999999999999
2022-12-01,Healthcare,0.10810333333333336,0.117435
2022-12-02,Healthcare,0.029236666666666668,0.10810333333333336
2022-12-05,Healthcare,0.04536899999999999,0.029236666666666668
2022-12-06,Healthcare,0.019840999999999998,0.04536899999999999
2022-12-07,Healthcare,-0.025338571428571422,0.019840999999999998
2022-12-08,Healthcare,0.03055666666666667,-0.025338571428571422
2022-12-09,Healthcare,0.09865,0.03055666666666667
2022-12-12,Healthcare,0.07603288220551378,0.09865
2022-12-13,Healthcare,0.11852,0.07603288220551378
2022-12-14,Healthcare,0.18295,0.11852
2022-12-15,Healthcare,0.2148195,0.18295
2022-12-16,Healthcare,0.029896666666666665,0.2148195
2022-12-19,Healthcare,0.010176666666666676,0.029896666666666665
2022-12-20,Healthcare,0.1845638888888889,0.010176666666666676
2022-12-21,Healthcare,0.12348833333333334,0.1845638888888889
2022-12-22,Healthcare,0.10681166666666667,0.12348833333333334
2022-12-23,Healthcare,0.07026500000000001,0.10681166666666667
2022-12-27,Healthcare,0.07814966666666667,0.07026500000000001
2022-12-28,Healthcare,0.070621,0.07814966666666667
2022-12-29,Healthcare,0.031883,0.070621
2022-12-30,Healthcare,0.042016000000000005,0.031883
2023-01-03,Healthcare,0.2584833333333333,0.042016000000000005
2023-01-04,Healthcare,0.05082900000000001,0.2584833333333333
2023-01-05,Healthcare,0.204785,0.05082900000000001
2023-01-06,Healthcare,-0.03042333333333333,0.204785
2023-01-09,Healthcare,0.10006666666666666,-0.03042333333333333
2023-01-10,Healthcare,0.01490357142857143,0.10006666666666666
2023-01-11,Healthcare,0.08025866666666667,0.01490357142857143
2023-01-12,Healthcare,0.11449333333333334,0.08025866666666667
2023-01-13,Healthcare,0.06405000000000001,0.11449333333333334
2023-01-17,Healthcare,0.1417261111111111,0.06405000000000001
2023-01-18,Healthcare,-0.024934999999999995,0.1417261111111111
2023-01-19,Healthcare,0.05161333333333333,-0.024934999999999995
2023-01-20,Healthcare,0.125141,0.05161333333333333
2023-01-23,Healthcare,0.19427500000000003,0.125141
2023-01-24,Healthcare,0.20788333333333334,0.19427500000000003
2023-01-25,Healthcare,-0.0074235294117647125,0.20788333333333334
2023-01-26,Healthcare,0.078695,-0.0074235294117647125
2023-01-27,Healthcare,0.044226666666666664,0.078695
2023-01-30,Healthcare,0.058745999999999986,0.044226666666666664
2023-01-31,Healthcare,0.04363583333333334,0.058745999999999986
2023-02-01,Healthcare,0.11444801587301587,0.04363583333333334
2023-02-02,Healthcare,0.13914166666666666,0.11444801587301587
2023-02-03,Healthcare,0.0314075,0.13914166666666666
2023-02-06,Healthcare,0.05699800000000001,0.0314075
2023-02-07,Healthcare,0.11291666666666667,0.05699800000000001
2023-02-08,Healthcare,0.177683,0.11291666666666667
2023-02-09,Healthcare,0.2209532380952381,0.177683
2023-02-10,Healthcare,0.03937333333333333,0.2209532380952381
2023-02-13,Healthcare,0.09208666666666666,0.03937333333333333
2023-02-14,Healthcare,0.082762,0.09208666666666666
2023-02-15,Healthcare,0.10418333333333334,0.082762
2023-02-16,Healthcare,0.10218788888888888,0.10418333333333334
2023-02-17,Healthcare,0.07805266666666666,0.10218788888888888
2023-02-21,Healthcare,0.027997000000000005,0.07805266666666666
2023-02-22,Healthcare,0.088791,0.027997000000000005
2023-02-23,Healthcare,0.07160000000000001,0.088791
2023-02-24,Healthcare,0.02744,0.07160000000000001
2023-02-27,Healthcare,0.08028285714285714,0.02744
2023-02-28,Healthcare,0.008109333333333335,0.08028285714285714
2023-03-01,Healthcare,0.017234,0.008109333333333335
2023-03-02,Healthcare,0.12686666666666666,0.017234
2023-03-03,Healthcare,0.04332,0.12686666666666666
2023-03-06,Healthcare,0.021896000000000006,0.04332
2023-03-07,Healthcare,0.13742,0.021896000000000006
2023-03-08,Healthcare,0.04124,0.13742
2023-03-09,Healthcare,0.06916333333333333,0.04124
2023-03-10,Healthcare,0.10651,0.06916333333333333
2023-03-13,Healthcare,0.10549738095238095,0.10651
2023-03-14,Healthcare,-0.008584999999999999,0.10549738095238095
2023-03-15,Healthcare,0.120852,-0.008584999999999999
2023-03-16,Healthcare,0.13715333333333332,0.120852
2023-03-17,Healthcare,-0.012594999999999995,0.13715333333333332
2023-03-20,Healthcare,0.04911966666666667,-0.012594999999999995
2023-03-21,Healthcare,0.14036666666666667,0.04911966666666667
2023-03-22,Healthcare,0.014897999999999998,0.14036666666666667
2023-03-23,Healthcare,0.04862999999999999,0.014897999999999998
2023-03-24,Healthcare,0.10050466666666669,0.04862999999999999
2023-03-27,Healthcare,0.07812,0.10050466666666669
2023-03-28,Healthcare,0.07075333333333335,0.07812
2023-03-29,Healthcare,0.05374500000000001,0.07075333333333335
2023-03-30,Healthcare,0.03891333333333334,0.05374500000000001
2023-03-31,Healthcare,0.03103000000000001,0.03891333333333334
2023-04-03,Healthcare,-0.02711199999999999,0.03103000000000001
2023-04-04,Healthcare,0.22144555555555553,-0.02711199999999999
2023-04-05,Healthcare,0.08471000000000001,0.22144555555555553
2023-04-06,Healthcare,0.08066166666666666,0.08471000000000001
2023-04-10,Healthcare,0.10324293939393939,0.08066166666666666
2023-04-11,Healthcare,-0.0008966666666666678,0.10324293939393939
2023-04-12,Healthcare,0.038698,-0.0008966666666666678
2023-04-13,Healthcare,-0.12406142857142857,0.038698
2023-04-14,Healthcare,0.004556666666666665,-0.12406142857142857
2023-04-17,Healthcare,0.11637785714285716,0.004556666666666665
2023-04-18,Healthcare,0.11293,0.11637785714285716
2023-04-19,Healthcare,0.09870223529411766,0.11293
2023-04-20,Healthcare,0.164798,0.09870223529411766
2023-04-21,Healthcare,0.16170600000000002,0.164798
2023-04-24,Healthcare,0.103559,0.16170600000000002
2023-04-25,Healthcare,0.23946357142857141,0.103559
2023-04-26,Healthcare,0.0938525,0.23946357142857141
2023-04-27,Healthcare,0.07248172619047619,0.0938525
2023-04-28,Healthcare,0.052879047619047624,0.07248172619047619
2023-05-01,Healthcare,0.06076380952380953,0.052879047619047624
2023-05-02,Healthcare,0.030781333333333338,0.06076380952380953
2023-05-03,Healthcare,-0.016424999999999995,0.030781333333333338
2023-05-04,Healthcare,0.031336666666666665,-0.016424999999999995
2023-05-05,Healthcare,0.01162,0.031336666666666665
2023-05-08,Healthcare,0.06459833333333334,0.01162
2023-05-09,Healthcare,0.035969999999999995,0.06459833333333334
2023-05-10,Healthcare,0.05750166666666667,0.035969999999999995
2023-05-11,Healthcare,0.0723,0.05750166666666667
2023-05-12,Healthcare,0.039760000000000004,0.0723
2023-05-15,Healthcare,0.06962285714285714,0.039760000000000004
2023-05-16,Healthcare,0.06629583333333335,0.06962285714285714
2023-05-17,Healthcare,-0.1032861111111111,0.06629583333333335
2023-05-18,Healthcare,0.10463833333333335,-0.1032861111111111
2023-05-19,Healthcare,0.03961833333333333,0.10463833333333335
2023-05-22,Healthcare,0.09970333333333334,0.03961833333333333
2023-05-23,Healthcare,0.12933,0.09970333333333334
2023-05-24,Healthcare,-0.027610000000000003,0.12933
2023-05-25,Healthcare,0.08535833333333333,-0.027610000000000003
2023-05-26,Healthcare,0.15394666666666668,0.08535833333333333
2023-05-30,Healthcare,0.1425975,0.15394666666666668
2023-05-31,Healthcare,0.05762666666666667,0.1425975
2023-06-01,Healthcare,-0.039825238095238094,0.05762666666666667
2023-06-02,Healthcare,0.11260857142857143,-0.039825238095238094
2023-06-05,Healthcare,0.019952666666666667,0.11260857142857143
2023-06-06,Healthcare,0.03431904761904762,0.019952666666666667
2023-06-07,Healthcare,0.185295,0.03431904761904762
2023-06-08,Healthcare,0.162638,0.185295
2023-06-09,Healthcare,0.029388333333333332,0.162638
2023-06-12,Healthcare,0.15570199999999998,0.029388333333333332
2023-06-13,Healthcare,0.08511333333333335,0.15570199999999998
2023-06-14,Healthcare,0.06473999999999999,0.08511333333333335
2023-06-15,Healthcare,0.035646666666666674,0.06473999999999999
2023-06-16,Healthcare,0.036746,0.035646666666666674
2023-06-20,Healthcare,-0.0012128571428571433,0.036746
2023-06-21,Healthcare,0.040007333333333325,-0.0012128571428571433
2023-06-22,Healthcare,0.04693333333333334,0.040007333333333325
2023-06-23,Healthcare,0.11910833333333333,0.04693333333333334
2023-06-26,Healthcare,0.081715,0.11910833333333333
2023-06-27,Healthcare,0.06275166666666666,0.081715
2023-06-28,Healthcare,0.00741,0.06275166666666666
2023-06-29,Healthcare,0.05103042857142857,0.00741
2023-06-30,Healthcare,0.06480666666666667,0.05103042857142857
2023-07-03,Healthcare,0.16004066666666666,0.06480666666666667
2023-07-05,Healthcare,0.13912333333333332,0.16004066666666666
2023-07-06,Healthcare,0.057744166666666666,0.13912333333333332
2023-07-07,Healthcare,0.11511166666666665,0.057744166666666666
2023-07-10,Healthcare,0.05219095238095238,0.11511166666666665
2023-07-11,Healthcare,0.06982000000000002,0.05219095238095238
2023-07-12,Healthcare,0.009479999999999997,0.06982000000000002
2023-07-13,Healthcare,0.14376166666666668,0.009479999999999997
2023-07-14,Healthcare,0.11260833333333335,0.14376166666666668
2023-07-17,Healthcare,0.068744,0.11260833333333335
2023-07-18,Healthcare,0.038349999999999995,0.068744
2023-07-19,Healthcare,0.009018333333333333,0.038349999999999995
2023-07-20,Healthcare,0.12742666666666666,0.009018333333333333
2023-07-21,Healthcare,-0.01774121212121212,0.12742666666666666
2023-07-24,Healthcare,0.07270866666666667,-0.01774121212121212
2023-07-25,Healthcare,0.0354395,0.07270866666666667
2023-07-26,Healthcare,-0.007482000000000004,0.0354395
2023-07-27,Healthcare,0.16578471428571426,-0.007482000000000004
2023-07-28,Healthcare,0.15630133333333335,0.16578471428571426
2023-07-31,Healthcare,0.08635622222222224,0.15630133333333335
2023-08-01,Healthcare,0.08549888888888887,0.08635622222222224
2023-08-02,Healthcare,0.19643928571428573,0.08549888888888887
2023-08-03,Healthcare,0.13369138888888887,0.19643928571428573
2023-08-04,Healthcare,0.04900733333333333,0.13369138888888887
2023-08-07,Healthcare,0.13107933333333333,0.04900733333333333
2023-08-08,Healthcare,0.06809733333333333,0.13107933333333333
2023-08-09,Healthcare,0.2519996666666667,0.06809733333333333
2023-08-10,Healthcare,0.075916,0.2519996666666667
2023-08-11,Healthcare,0.050678,0.075916
2023-08-14,Healthcare,0.11608500000000002,0.050678
2023-08-15,Healthcare,0.06571166666666667,0.11608500000000002
2023-08-16,Healthcare,0.00159,0.06571166666666667
2023-08-17,Healthcare,0.014509999999999995,0.00159
2023-08-18,Healthcare,0.059016666666666676,0.014509999999999995
2023-08-21,Healthcare,0.0701759523809524,0.059016666666666676
2023-08-22,Healthcare,0.04729333333333334,0.0701759523809524
2023-08-23,Healthcare,0.16236961904761907,0.04729333333333334
2023-08-24,Healthcare,0.14569333333333334,0.16236961904761907
2023-08-25,Healthcare,0.093079,0.14569333333333334
2023-08-28,Healthcare,0.027887179487179486,0.093079
2023-08-29,Healthcare,0.1409638888888889,0.027887179487179486
2023-08-30,Healthcare,0.009105000000000007,0.1409638888888889
2023-08-31,Healthcare,0.07663333333333333,0.009105000000000007
2023-09-01,Healthcare,0.09043533333333334,0.07663333333333333
2023-09-05,Healthcare,0.017206285714285716,0.09043533333333334
2023-09-06,Healthcare,0.08311666666666666,0.017206285714285716
2023-09-07,Healthcare,-0.1542466666666667,0.08311666666666666
2023-09-08,Healthcare,0.117394,-0.1542466666666667
2023-09-11,Healthcare,0.143673,0.117394
2023-09-12,Healthcare,0.095995,0.143673
2023-09-13,Healthcare,0.08354500000000001,0.095995
2023-09-14,Healthcare,0.02966833333333334,0.08354500000000001
2023-09-15,Healthcare,0.041666333333333326,0.02966833333333334
2023-09-18,Healthcare,0.175746,0.041666333333333326
2023-09-19,Healthcare,0.013919999999999993,0.175746
2023-09-20,Healthcare,0.019999999999999997,0.013919999999999993
2023-09-21,Healthcare,0.03377,0.019999999999999997
2023-09-22,Healthcare,0.0403025,0.03377
2023-09-25,Healthcare,0.07061166666666666,0.0403025
2023-09-26,Healthcare,0.04854857142857143,0.07061166666666666
2023-09-27,Healthcare,0.09281666666666669,0.04854857142857143
2023-09-28,Healthcare,0.05912166666666665,0.09281666666666669
2023-09-29,Healthcare,0.08195333333333334,0.05912166666666665
2023-10-02,Healthcare,0.052360000000000004,0.08195333333333334
2023-10-03,Healthcare,0.165525,0.052360000000000004
2023-10-04,Healthcare,0.09877666666666667,0.165525
2023-10-05,Healthcare,-0.02669,0.09877666666666667
2023-10-06,Healthcare,0.15344933333333333,-0.02669
2023-10-09,Healthcare,0.09567333333333333,0.15344933333333333
2023-10-10,Healthcare,0.10024133333333334,0.09567333333333333
2023-10-11,Healthcare,0.023267142857142854,0.10024133333333334
2023-10-12,Healthcare,0.06932333333333333,0.023267142857142854
2023-10-13,Healthcare,0.09805833333333333,0.06932333333333333
2023-10-16,Healthcare,0.22320066666666666,0.09805833333333333
2023-10-17,Healthcare,0.05517166666666666,0.22320066666666666
2023-10-18,Healthcare,0.09556757575757575,0.05517166666666666
2023-10-19,Healthcare,0.14199485714285714,0.09556757575757575
2023-10-20,Healthcare,0.011376428571428574,0.14199485714285714
2023-10-23,Healthcare,-0.011371000000000003,0.011376428571428574
2023-10-24,Healthcare,0.145695,-0.011371000000000003
2023-10-25,Healthcare,0.04269285714285713,0.145695
2023-10-26,Healthcare,0.11588733333333334,0.04269285714285713
2023-10-27,Healthcare,0.10290645454545455,0.11588733333333334
2023-10-30,Healthcare,0.03354466666666667,0.10290645454545455
2023-10-31,Healthcare,0.1892999298245614,0.03354466666666667
2023-11-01,Healthcare,0.085892,0.1892999298245614
2023-11-02,Healthcare,0.11297871794871794,0.085892
2023-11-03,Healthcare,0.0971457142857143,0.11297871794871794
2023-11-06,Healthcare,0.05062966666666666,0.0971457142857143
2023-11-07,Healthcare,0.12602166666666667,0.05062966666666666
2023-11-08,Healthcare,0.022454000000000002,0.12602166666666667
2023-11-09,Healthcare,0.10265030303030302,0.022454000000000002
2023-11-10,Healthcare,0.09033566666666666,0.10265030303030302
2023-11-13,Healthcare,0.010623333333333332,0.09033566666666666
2023-11-14,Healthcare,0.080008,0.010623333333333332
2023-11-15,Healthcare,0.12982333333333335,0.080008
2023-11-16,Healthcare,0.08088666666666668,0.12982333333333335
2023-11-17,Healthcare,0.11969666666666667,0.08088666666666668
2023-11-20,Healthcare,0.04989,0.11969666666666667
2023-11-21,Healthcare,0.061729333333333324,0.04989
2023-11-22,Healthcare,0.07274,0.061729333333333324
2023-11-24,Healthcare,0.05147500000000001,0.07274
2023-11-27,Healthcare,0.07354000000000001,0.05147500000000001
2023-11-28,Healthcare,-0.013973333333333327,0.07354000000000001
2023-11-29,Healthcare,-0.009116666666666667,-0.013973333333333327
2023-11-30,Healthcare,0.19412000000000001,-0.009116666666666667
2023-12-01,Healthcare,0.03474000000000001,0.19412000000000001
2023-12-04,Healthcare,-0.012026,0.03474000000000001
2023-12-05,Healthcare,0.06270666666666666,-0.012026
2023-12-06,Healthcare,0.05823750000000001,0.06270666666666666
2023-12-07,Healthcare,0.051198454545454554,0.05823750000000001
2023-12-08,Healthcare,0.028602000000000006,0.051198454545454554
2023-12-11,Healthcare,0.0630720202020202,0.028602000000000006
2023-12-12,Healthcare,0.06508166666666668,0.0630720202020202
2023-12-13,Healthcare,0.1020975,0.06508166666666668
2023-12-14,Healthcare,0.15705,0.1020975
2023-12-15,Healthcare,0.0018,0.15705
2023-12-18,Healthcare,0.11657746153846153,0.0018
2023-12-19,Healthcare,0.0,0.11657746153846153
2023-12-20,Healthcare,0.0,0.0
2023-12-21,Healthcare,0.0,0.0
2023-12-22,Healthcare,0.0,0.0
2023-12-26,Healthcare,0.0,0.0
2023-12-27,Healthcare,0.0,0.0
2023-12-28,Healthcare,0.0,0.0
2023-12-29,Healthcare,0.0,0.0
2020-01-02,Industrials,0.11497300000000002,
2020-01-03,Industrials,-0.17309,0.11497300000000002
2020-01-06,Industrials,0.019259444444444444,-0.17309
2020-01-07,Industrials,0.003977142857142857,0.019259444444444444
2020-01-08,Industrials,-0.02321809523809524,0.003977142857142857
2020-01-09,Industrials,0.015456666666666665,-0.02321809523809524
2020-01-10,Industrials,0.013769999999999996,0.015456666666666665
2020-01-13,Industrials,0.03651,0.013769999999999996
2020-01-14,Industrials,0.092327,0.03651
2020-01-15,Industrials,-0.03019,0.092327
2020-01-16,Industrials,0.04017333333333333,-0.03019
2020-01-17,Industrials,0.12758,0.04017333333333333
2020-01-21,Industrials,0.062976,0.12758
2020-01-22,Industrials,0.02965214285714286,0.062976
2020-01-23,Industrials,0.03142285714285714,0.02965214285714286
2020-01-24,Industrials,0.013578666666666666,0.03142285714285714
2020-01-27,Industrials,0.08442333333333334,0.013578666666666666
2020-01-28,Industrials,0.03835916666666667,0.08442333333333334
2020-01-29,Industrials,0.05201466666666667,0.03835916666666667
2020-01-30,Industrials,0.06047333333333334,0.05201466666666667
2020-01-31,Industrials,0.021716999999999997,0.06047333333333334
2020-02-03,Industrials,0.13013133333333332,0.021716999999999997
2020-02-04,Industrials,0.066335,0.13013133333333332
2020-02-05,Industrials,0.05839733333333332,0.066335
2020-02-06,Industrials,0.026233333333333338,0.05839733333333332
2020-02-07,Industrials,-0.008664000000000002,0.026233333333333338
2020-02-10,Industrials,0.0250275,-0.008664000000000002
2020-02-11,Industrials,-0.05760666666666666,0.0250275
2020-02-12,Industrials,0.16756666666666667,-0.05760666666666666
2020-02-13,Industrials,-0.02357,0.16756666666666667
2020-02-14,Industrials,0.170715,-0.02357
2020-02-18,Industrials,0.029349999999999998,0.170715
2020-02-19,Industrials,0.21900666666666666,0.029349999999999998
2020-02-20,Industrials,0.05014999999999999,0.21900666666666666
2020-02-21,Industrials,0.12298,0.05014999999999999
2020-02-24,Industrials,0.05553866666666667,0.12298
2020-02-25,Industrials,-0.09183333333333335,0.05553866666666667
2020-02-26,Industrials,0.03129666666666667,-0.09183333333333335
2020-02-27,Industrials,0.09826833333333333,0.03129666666666667
2020-02-28,Industrials,-0.012994166666666668,0.09826833333333333
2020-03-02,Industrials,0.13243333333333335,-0.012994166666666668
2020-03-03,Industrials,0.02786333333333333,0.13243333333333335
2020-03-04,Industrials,0.14148838095238098,0.02786333333333333
2020-03-05,Industrials,0.05790866666666668,0.14148838095238098
2020-03-06,Industrials,-0.037996666666666665,0.05790866666666668
2020-03-09,Industrials,-0.177166,-0.037996666666666665
2020-03-10,Industrials,0.03273133333333334,-0.177166
2020-03-11,Industrials,0.051462857142857144,0.03273133333333334
2020-03-12,Industrials,-0.14795,0.051462857142857144
2020-03-13,Industrials,0.010906666666666665,-0.14795
2020-03-16,Industrials,0.006982142857142853,0.010906666666666665
2020-03-17,Industrials,0.006701111111111107,0.006982142857142853
2020-03-18,Industrials,-0.0069061904761904755,0.006701111111111107
2020-03-19,Industrials,0.02959833333333333,-0.0069061904761904755
2020-03-20,Industrials,0.07361171428571428,0.02959833333333333
2020-03-23,Industrials,0.030146666666666665,0.07361171428571428
2020-03-24,Industrials,0.20580755555555558,0.030146666666666665
2020-03-25,Industrials,0.12532416666666668,0.20580755555555558
2020-03-26,Industrials,-0.014395873015873011,0.12532416666666668
2020-03-27,Industrials,0.06197757575757575,-0.014395873015873011
2020-03-30,Industrials,0.05414600000000001,0.06197757575757575
2020-03-31,Industrials,0.06612333333333334,0.05414600000000001
2020-04-01,Industrials,0.021352000000000003,0.06612333333333334
2020-04-02,Industrials,0.022265666666666666,0.021352000000000003
2020-04-03,Industrials,-0.12779182539682538,0.022265666666666666
2020-04-06,Industrials,0.07170499999999999,-0.12779182539682538
2020-04-07,Industrials,0.317294,0.07170499999999999
2020-04-08,Industrials,0.1363607142857143,0.317294
2020-04-09,Industrials,0.03748202380952381,0.1363607142857143
2020-04-13,Industrials,0.030937222222222217,0.03748202380952381
2020-04-14,Industrials,0.16572555555555554,0.030937222222222217
2020-04-15,Industrials,-0.06955333333333333,0.16572555555555554
2020-04-16,Industrials,0.08218963636363635,-0.06955333333333333
2020-04-17,Industrials,0.04144181818181818,0.08218963636363635
2020-04-20,Industrials,0.03064933333333334,0.04144181818181818
2020-04-21,Industrials,-0.010016666666666669,0.03064933333333334
2020-04-22,Industrials,-0.025993333333333334,-0.010016666666666669
2020-04-23,Industrials,0.133782,-0.025993333333333334
2020-04-24,Industrials,-0.03129823529411765,0.133782
2020-04-27,Industrials,0.058572575757575754,-0.03129823529411765
2020-04-28,Industrials,0.06702834210526316,0.058572575757575754
2020-04-29,Industrials,0.09174938624338624,0.06702834210526316
2020-04-30,Industrials,-0.04746512820512821,0.09174938624338624
2020-05-01,Industrials,-0.030538738095238094,-0.04746512820512821
2020-05-04,Industrials,0.08873809523809524,-0.030538738095238094
2020-05-05,Industrials,0.21485222222222222,0.08873809523809524
2020-05-06,Industrials,-0.007679999999999998,0.21485222222222222
2020-05-07,Industrials,0.041409999999999995,-0.007679999999999998
2020-05-08,Industrials,0.1360625,0.041409999999999995
2020-05-11,Industrials,0.138615,0.1360625
2020-05-12,Industrials,0.015843636363636365,0.138615
2020-05-13,Industrials,-0.04413244444444444,0.015843636363636365
2020-05-14,Industrials,0.05875433333333333,-0.04413244444444444
2020-05-15,Industrials,-0.019510666666666662,0.05875433333333333
2020-05-18,Industrials,0.2790734545454545,-0.019510666666666662
2020-05-19,Industrials,-0.1345925,0.2790734545454545
2020-05-20,Industrials,0.1713033333333333,-0.1345925
2020-05-21,Industrials,-0.04079000000000001,0.1713033333333333
2020-05-22,Industrials,-0.0274,-0.04079000000000001
2020-05-26,Industrials,0.17847083333333333,-0.0274
2020-05-27,Industrials,0.23379571428571427,0.17847083333333333
2020-05-28,Industrials,0.06483449206349207,0.23379571428571427
2020-05-29,Industrials,-0.005636666666666667,0.06483449206349207
2020-06-01,Industrials,0.09305666666666666,-0.005636666666666667
2020-06-02,Industrials,0.28571166666666664,0.09305666666666666
2020-06-03,Industrials,0.2558250724637681,0.28571166666666664
2020-06-04,Industrials,0.05724314285714286,0.2558250724637681
2020-06-05,Industrials,0.31247380952380954,0.05724314285714286
2020-06-08,Industrials,0.1153305882352941,0.31247380952380954
2020-06-09,Industrials,0.12524484615384618,0.1153305882352941
2020-06-10,Industrials,-0.04994133333333334,0.12524484615384618
2020-06-11,Industrials,0.06134238095238096,-0.04994133333333334
2020-06-12,Industrials,-0.010196000000000002,0.06134238095238096
2020-06-15,Industrials,-0.0038484761904761925,-0.010196000000000002
2020-06-16,Industrials,0.18792366666666666,-0.0038484761904761925
2020-06-17,Industrials,0.006175000000000001,0.18792366666666666
2020-06-18,Industrials,-0.0027739999999999983,0.006175000000000001
2020-06-19,Industrials,0.08287,-0.0027739999999999983
2020-06-22,Industrials,0.047650000000000005,0.08287
2020-06-23,Industrials,0.11644399999999999,0.047650000000000005
2020-06-24,Industrials,-0.014993333333333334,0.11644399999999999
2020-06-25,Industrials,-0.0019317647058823522,-0.014993333333333334
2020-06-26,Industrials,0.05106888888888887,-0.0019317647058823522
2020-06-29,Industrials,0.04726071428571428,0.05106888888888887
2020-06-30,Industrials,0.05468466666666666,0.04726071428571428
2020-07-01,Industrials,0.08059833333333333,0.05468466666666666
2020-07-02,Industrials,0.06592833333333334,0.08059833333333333
2020-07-06,Industrials,-0.04425181818181817,0.06592833333333334
2020-07-07,Industrials,-0.02564857142857143,-0.04425181818181817
2020-07-08,Industrials,0.02472,-0.02564857142857143
2020-07-09,Industrials,-0.041760000000000005,0.02472
2020-07-10,Industrials,0.009237142857142855,-0.041760000000000005
2020-07-13,Industrials,0.07737999999999999,0.009237142857142855
2020-07-14,Industrials,0.0969395,0.07737999999999999
2020-07-15,Industrials,0.10982,0.0969395
2020-07-16,Industrials,0.01585,0.10982
2020-07-17,Industrials,0.047985,0.01585
2020-07-20,Industrials,0.17491090909090906,0.047985
2020-07-21,Industrials,-0.04104857142857143,0.17491090909090906
2020-07-22,Industrials,-0.05823444444444446,-0.04104857142857143
2020-07-23,Industrials,0.08783250000000001,-0.05823444444444446
2020-07-24,Industrials,-0.013232500000000003,0.08783250000000001
2020-07-27,Industrials,0.09244,-0.013232500000000003
2020-07-28,Industrials,0.03975152631578947,0.09244
2020-07-29,Industrials,0.05585916666666667,0.03975152631578947
2020-07-30,Industrials,0.03953255189255189,0.05585916666666667
2020-07-31,Industrials,-0.06812933333333333,0.03953255189255189
2020-08-03,Industrials,-0.06899851515151514,-0.06812933333333333
2020-08-04,Industrials,-0.023144444444444443,-0.06899851515151514
2020-08-05,Industrials,0.005179999999999999,-0.023144444444444443
2020-08-06,Industrials,0.08803333333333332,0.005179999999999999
2020-08-07,Industrials,0.013786666666666664,0.08803333333333332
2020-08-10,Industrials,0.08045866666666666,0.013786666666666664
2020-08-11,Industrials,-0.007904444444444445,0.08045866666666666
2020-08-12,Industrials,0.005059999999999997,-0.007904444444444445
2020-08-13,Industrials,-0.027783999999999996,0.005059999999999997
2020-08-14,Industrials,0.08605500000000002,-0.027783999999999996
2020-08-17,Industrials,0.12225700000000002,0.08605500000000002
2020-08-18,Industrials,0.05600000000000001,0.12225700000000002
2020-08-19,Industrials,0.09840133333333333,0.05600000000000001
2020-08-20,Industrials,0.08932,0.09840133333333333
2020-08-21,Industrials,-0.106362,0.08932
2020-08-24,Industrials,0.058809,-0.106362
2020-08-25,Industrials,0.044533333333333334,0.058809
2020-08-26,Industrials,-0.16155499999999998,0.044533333333333334
2020-08-27,Industrials,0.06569833333333333,-0.16155499999999998
2020-08-28,Industrials,0.03578,0.06569833333333333
2020-08-31,Industrials,0.032102000000000006,0.03578
2020-09-01,Industrials,0.10745,0.032102000000000006
2020-09-02,Industrials,0.14337333333333332,0.10745
2020-09-03,Industrials,0.08054666666666667,0.14337333333333332
2020-09-04,Industrials,0.005426666666666667,0.08054666666666667
2020-09-08,Industrials,-0.083606,0.005426666666666667
2020-09-09,Industrials,0.03536,-0.083606
2020-09-10,Industrials,0.018477333333333335,0.03536
2020-09-11,Industrials,-0.05233800000000001,0.018477333333333335
2020-09-14,Industrials,0.004711999999999999,-0.05233800000000001
2020-09-15,Industrials,-0.025346666666666667,0.004711999999999999
2020-09-16,Industrials,0.1069969696969697,-0.025346666666666667
2020-09-17,Industrials,0.11077204545454547,0.1069969696969697
2020-09-18,Industrials,0.13694,0.11077204545454547
2020-09-21,Industrials,0.08866266666666667,0.13694
2020-09-22,Industrials,0.018726666666666662,0.08866266666666667
2020-09-23,Industrials,0.016681666666666668,0.018726666666666662
2020-09-24,Industrials,0.03487666666666666,0.016681666666666668
2020-09-25,Industrials,0.10119666666666667,0.03487666666666666
2020-09-28,Industrials,0.04683686274509803,0.10119666666666667
2020-09-29,Industrials,0.1587,0.04683686274509803
2020-09-30,Industrials,0.05601133333333332,0.1587
2020-10-01,Industrials,0.056005000000000006,0.05601133333333332
2020-10-02,Industrials,0.00309,0.056005000000000006
2020-10-05,Industrials,0.08894561904761905,0.00309
2020-10-06,Industrials,-0.011853333333333336,0.08894561904761905
2020-10-07,Industrials,0.0004355555555555564,-0.011853333333333336
2020-10-08,Industrials,0.0049749999999999985,0.0004355555555555564
2020-10-09,Industrials,0.17473999999999998,0.0049749999999999985
2020-10-12,Industrials,0.026523809523809533,0.17473999999999998
2020-10-13,Industrials,0.053646000000000006,0.026523809523809533
2020-10-14,Industrials,0.09869000000000001,0.053646000000000006
2020-10-15,Industrials,0.018545,0.09869000000000001
2020-10-16,Industrials,0.04982102564102564,0.018545
2020-10-19,Industrials,0.11815800000000001,0.04982102564102564
2020-10-20,Industrials,0.04129666666666667,0.11815800000000001
2020-10-21,Industrials,0.09523999999999999,0.04129666666666667
2020-10-22,Industrials,0.016798571428571427,0.09523999999999999
2020-10-23,Industrials,0.159835,0.016798571428571427
2020-10-26,Industrials,0.11451166666666665,0.159835
2020-10-27,Industrials,-0.013121495726495725,0.11451166666666665
2020-10-28,Industrials,0.07992921212121214,-0.013121495726495725
2020-10-29,Industrials,0.023691999999999998,0.07992921212121214
2020-10-30,Industrials,0.033423999999999995,0.023691999999999998
2020-11-02,Industrials,0.042714999999999996,0.033423999999999995
2020-11-03,Industrials,0.13922600000000002,0.042714999999999996
2020-11-04,Industrials,0.18665333333333334,0.13922600000000002
2020-11-05,Industrials,0.03973,0.18665333333333334
2020-11-06,Industrials,0.03865142857142857,0.03973
2020-11-09,Industrials,0.19498733333333335,0.03865142857142857
2020-11-10,Industrials,0.034938555555555556,0.19498733333333335
2020-11-11,Industrials,0.017705,0.034938555555555556
2020-11-12,Industrials,-0.018743333333333327,0.017705
2020-11-13,Industrials,0.13377499999999998,-0.018743333333333327
2020-11-16,Industrials,0.08564714285714285,0.13377499999999998
2020-11-17,Industrials,0.07583,0.08564714285714285
2020-11-18,Industrials,0.0067599999999999995,0.07583
2020-11-19,Industrials,0.010102857142857144,0.0067599999999999995
2020-11-20,Industrials,0.05678799999999999,0.010102857142857144
2020-11-23,Industrials,0.05750171428571429,0.05678799999999999
2020-11-24,Industrials,0.024012142857142857,0.05750171428571429
2020-11-25,Industrials,0.2844116666666667,0.024012142857142857
2020-11-27,Industrials,0.03801142857142857,0.2844116666666667
2020-11-30,Industrials,-0.09213257142857142,0.03801142857142857
2020-12-01,Industrials,0.04304,-0.09213257142857142
2020-12-02,Industrials,0.01504333333333333,0.04304
2020-12-03,Industrials,0.1536518207282913,0.01504333333333333
2020-12-04,Industrials,0.0834375,0.1536518207282913
2020-12-07,Industrials,0.03701666666666666,0.0834375
2020-12-08,Industrials,-0.11171444444444442,0.03701666666666666
2020-12-09,Industrials,0.009282777777777777,-0.11171444444444442
2020-12-10,Industrials,-0.008884,0.009282777777777777
2020-12-11,Industrials,-0.10584133333333334,-0.008884
2020-12-14,Industrials,0.09842071428571428,-0.10584133333333334
2020-12-15,Industrials,-0.002870000000000002,0.09842071428571428
2020-12-16,Industrials,-0.07232444444444444,-0.002870000000000002
2020-12-17,Industrials,0.08132166666666667,-0.07232444444444444
2020-12-18,Industrials,0.06529199999999999,0.08132166666666667
2020-12-21,Industrials,0.0961715,0.06529199999999999
2020-12-22,Industrials,0.08022,0.0961715
2020-12-23,Industrials,0.14167000000000002,0.08022
2020-12-24,Industrials,0.09097999999999999,0.14167000000000002
2020-12-28,Industrials,0.08527142857142858,0.09097999999999999
2020-12-29,Industrials,0.16568125,0.08527142857142858
2020-12-30,Industrials,0.06860000000000001,0.16568125
2020-12-31,Industrials,0.01915333333333333,0.06860000000000001
2021-01-04,Industrials,0.03733499999999999,0.01915333333333333
2021-01-05,Industrials,0.12697444444444445,0.03733499999999999
2021-01-06,Industrials,0.023733666666666663,0.12697444444444445
2021-01-07,Industrials,0.06664,0.023733666666666663
2021-01-08,Industrials,0.025335555555555556,0.06664
2021-01-11,Industrials,0.05554750000000001,0.025335555555555556
2021-01-12,Industrials,0.11519333333333334,0.05554750000000001
2021-01-13,Industrials,0.09154272727272728,0.11519333333333334
2021-01-14,Industrials,0.031165000000000005,0.09154272727272728
2021-01-15,Industrials,-0.050293333333333336,0.031165000000000005
2021-01-19,Industrials,0.023925098039215685,-0.050293333333333336
2021-01-20,Industrials,0.05006000000000001,0.023925098039215685
2021-01-21,Industrials,0.058429999999999996,0.05006000000000001
2021-01-22,Industrials,0.039189999999999996,0.058429999999999996
2021-01-25,Industrials,0.17159083333333336,0.039189999999999996
2021-01-26,Industrials,0.1304385099111415,0.17159083333333336
2021-01-27,Industrials,-0.04024724637681159,0.1304385099111415
2021-01-28,Industrials,0.0445915,-0.04024724637681159
2021-01-29,Industrials,-0.01428666666666667,0.0445915
2021-02-01,Industrials,0.03031771428571429,-0.01428666666666667
2021-02-02,Industrials,0.017022692307692305,0.03031771428571429
2021-02-03,Industrials,0.027963333333333333,0.017022692307692305
2021-02-04,Industrials,0.08706,0.027963333333333333
2021-02-05,Industrials,-0.041650000000000006,0.08706
2021-02-08,Industrials,0.08915142857142858,-0.041650000000000006
2021-02-09,Industrials,0.0014016666666666704,0.08915142857142858
2021-02-10,Industrials,0.021305238095238092,0.0014016666666666704
2021-02-11,Industrials,-0.03317333333333333,0.021305238095238092
2021-02-12,Industrials,0.14555666666666667,-0.03317333333333333
2021-02-16,Industrials,-0.11352857142857142,0.14555666666666667
2021-02-17,Industrials,-0.010845714285714285,-0.11352857142857142
2021-02-18,Industrials,0.11092714285714286,-0.010845714285714285
2021-02-19,Industrials,0.05077266666666667,0.11092714285714286
2021-02-22,Industrials,0.12555166666666667,0.05077266666666667
2021-02-23,Industrials,0.07525833333333334,0.12555166666666667
2021-02-24,Industrials,0.062503,0.07525833333333334
2021-02-25,Industrials,0.11871999999999998,0.062503
2021-02-26,Industrials,0.0672625,0.11871999999999998
2021-03-01,Industrials,-0.020488249999999986,0.0672625
2021-03-02,Industrials,0.0016239999999999991,-0.020488249999999986
2021-03-03,Industrials,0.006556428571428569,0.0016239999999999991
2021-03-04,Industrials,0.03195666666666667,0.006556428571428569
2021-03-05,Industrials,-0.02822571428571428,0.03195666666666667
2021-03-08,Industrials,0.21983333333333333,-0.02822571428571428
2021-03-09,Industrials,0.038935,0.21983333333333333
2021-03-10,Industrials,0.0742124358974359,0.038935
2021-03-11,Industrials,0.22721200000000003,0.0742124358974359
2021-03-12,Industrials,-0.006326666666666666,0.22721200000000003
2021-03-15,Industrials,0.02694333333333333,-0.006326666666666666
2021-03-16,Industrials,0.009025,0.02694333333333333
2021-03-17,Industrials,-0.014754999999999999,0.009025
2021-03-18,Industrials,-0.13461499999999998,-0.014754999999999999
2021-03-19,Industrials,-0.0052899999999999996,-0.13461499999999998
2021-03-22,Industrials,0.060255,-0.0052899999999999996
2021-03-23,Industrials,0.08166,0.060255
2021-03-24,Industrials,-0.01168,0.08166
2021-03-25,Industrials,0.026226666666666665,-0.01168
2021-03-26,Industrials,0.04845214285714285,0.026226666666666665
2021-03-29,Industrials,0.03952866666666667,0.04845214285714285
2021-03-30,Industrials,0.02014333333333333,0.03952866666666667
2021-03-31,Industrials,0.14623,0.02014333333333333
2021-04-01,Industrials,0.11285,0.14623
2021-04-05,Industrials,0.14259899999999998,0.11285
2021-04-06,Industrials,0.063497,0.14259899999999998
2021-04-07,Industrials,0.14055333333333334,0.063497
2021-04-08,Industrials,-0.010953333333333332,0.14055333333333334
2021-04-09,Industrials,0.11567238095238097,-0.010953333333333332
2021-04-12,Industrials,0.013550000000000001,0.11567238095238097
2021-04-13,Industrials,0.12934,0.013550000000000001
2021-04-14,Industrials,0.08699,0.12934
2021-04-15,Industrials,0.09234333333333333,0.08699
2021-04-16,Industrials,-0.006916666666666666,0.09234333333333333
2021-04-19,Industrials,0.05887500000000001,-0.006916666666666666
2021-04-20,Industrials,0.02075757575757576,0.05887500000000001
2021-04-21,Industrials,-0.04010000000000001,0.02075757575757576
2021-04-22,Industrials,0.080096,-0.04010000000000001
2021-04-23,Industrials,0.1333642857142857,0.080096
2021-04-26,Industrials,0.060472619047619046,0.1333642857142857
2021-04-27,Industrials,0.048448809523809526,0.060472619047619046
2021-04-28,Industrials,-0.029814105263157885,0.048448809523809526
2021-04-29,Industrials,-0.01707653846153846,-0.029814105263157885
2021-04-30,Industrials,0.050324,-0.01707653846153846
2021-05-03,Industrials,-0.01678761904761905,0.050324
2021-05-04,Industrials,0.035612000000000005,-0.01678761904761905
2021-05-05,Industrials,0.187982,0.035612000000000005
2021-05-06,Industrials,0.12503999999999998,0.187982
2021-05-07,Industrials,-0.0033485714285714273,0.12503999999999998
2021-05-10,Industrials,0.14515,-0.0033485714285714273
2021-05-11,Industrials,-0.0027774999999999996,0.14515
2021-05-12,Industrials,0.12159714285714288,-0.0027774999999999996
2021-05-13,Industrials,0.019604,0.12159714285714288
2021-05-14,Industrials,-0.00395,0.019604
2021-05-17,Industrials,0.060552857142857144,-0.00395
2021-05-18,Industrials,0.096846,0.060552857142857144
2021-05-19,Industrials,0.033804999999999995,0.096846
2021-05-20,Industrials,0.15814,0.033804999999999995
2021-05-21,Industrials,0.03665,0.15814
2021-05-24,Industrials,0.10352000000000001,0.03665
2021-05-25,Industrials,0.0064399999999999995,0.10352000000000001
2021-05-26,Industrials,0.04667,0.0064399999999999995
2021-05-27,Industrials,0.05212555555555556,0.04667
2021-05-28,Industrials,0.07378,0.05212555555555556
2021-06-01,Industrials,0.06971000000000001,0.07378
2021-06-02,Industrials,-0.05688,0.06971000000000001
2021-06-03,Industrials,0.11808666666666667,-0.05688
2021-06-04,Industrials,0.13673333333333335,0.11808666666666667
2021-06-07,Industrials,0.21483499999999997,0.13673333333333335
2021-06-08,Industrials,0.01942,0.21483499999999997
2021-06-09,Industrials,0.09355,0.01942
2021-06-10,Industrials,0.048953333333333335,0.09355
2021-06-11,Industrials,0.08748,0.048953333333333335
2021-06-14,Industrials,-0.06681999999999999,0.08748
2021-06-15,Industrials,-0.04622,-0.06681999999999999
2021-06-16,Industrials,0.04818000000000001,-0.04622
2021-06-17,Industrials,0.0044733333333333335,0.04818000000000001
2021-06-18,Industrials,-0.0289,0.0044733333333333335
2021-06-21,Industrials,0.03403666666666667,-0.0289
2021-06-22,Industrials,-0.14545,0.03403666666666667
2021-06-23,Industrials,0.007740000000000001,-0.14545
2021-06-24,Industrials,0.04826,0.007740000000000001
2021-06-25,Industrials,0.10493333333333332,0.04826
2021-06-28,Industrials,0.06271,0.10493333333333332
2021-06-29,Industrials,0.1566,0.06271
2021-06-30,Industrials,0.0006,0.1566
2021-07-01,Industrials,0.108765,0.0006
2021-07-02,Industrials,0.011120000000000008,0.108765
2021-07-06,Industrials,0.002926666666666667,0.011120000000000008
2021-07-07,Industrials,0.07392666666666667,0.002926666666666667
2021-07-08,Industrials,0.002333333333333333,0.07392666666666667
2021-07-09,Industrials,0.011009999999999999,0.002333333333333333
2021-07-12,Industrials,0.14908000000000002,0.011009999999999999
2021-07-13,Industrials,-0.02449999999999999,0.14908000000000002
2021-07-14,Industrials,0.0411,-0.02449999999999999
2021-07-15,Industrials,-0.0354,0.0411
2021-07-16,Industrials,0.04728,-0.0354
2021-07-19,Industrials,0.04621285714285714,0.04728
2021-07-20,Industrials,0.0,0.04621285714285714
2021-07-21,Industrials,-0.026705,0.0
2021-07-22,Industrials,0.02392,-0.026705
2021-07-23,Industrials,0.18755833333333333,0.02392
2021-07-26,Industrials,0.03397666666666667,0.18755833333333333
2021-07-27,Industrials,0.045379492063492066,0.03397666666666667
2021-07-28,Industrials,0.05952,0.045379492063492066
2021-07-29,Industrials,0.05311333333333333,0.05952
2021-07-30,Industrials,0.053055000000000005,0.05311333333333333
2021-08-02,Industrials,0.0363968253968254,0.053055000000000005
2021-08-03,Industrials,-0.03506,0.0363968253968254
2021-08-04,Industrials,0.13406,-0.03506
2021-08-05,Industrials,0.0487,0.13406
2021-08-06,Industrials,-0.029805000000000005,0.0487
2021-08-09,Industrials,0.06414,-0.029805000000000005
2021-08-10,Industrials,0.07841000000000001,0.06414
2021-08-11,Industrials,-0.0766,0.07841000000000001
2021-08-12,Industrials,0.11908,-0.0766
2021-08-13,Industrials,-0.04449,0.11908
2021-08-16,Industrials,0.022148333333333336,-0.04449
2021-08-17,Industrials,0.07534,0.022148333333333336
2021-08-18,Industrials,-0.049405,0.07534
2021-08-19,Industrials,0.04372,-0.049405
2021-08-20,Industrials,-0.12688000000000002,0.04372
2021-08-23,Industrials,-0.025663333333333337,-0.12688000000000002
2021-08-24,Industrials,0.08187,-0.025663333333333337
2021-08-25,Industrials,0.16758333333333333,0.08187
2021-08-26,Industrials,0.00619,0.16758333333333333
2021-08-27,Industrials,0.02925666666666667,0.00619
2021-08-30,Industrials,0.026303333333333335,0.02925666666666667
2021-08-31,Industrials,0.08839,0.026303333333333335
2021-09-01,Industrials,0.00388,0.08839
2021-09-02,Industrials,-0.022719999999999997,0.00388
2021-09-03,Industrials,-0.007853333333333337,-0.022719999999999997
2021-09-07,Industrials,0.08356266666666665,-0.007853333333333337
2021-09-08,Industrials,0.12311000000000001,0.08356266666666665
2021-09-09,Industrials,0.0018,0.12311000000000001
2021-09-10,Industrials,0.00448,0.0018
2021-09-13,Industrials,-0.012273333333333332,0.00448
2021-09-14,Industrials,0.008953333333333334,-0.012273333333333332
2021-09-15,Industrials,-0.03353,0.008953333333333334
2021-09-16,Industrials,0.0057733333333333334,-0.03353
2021-09-17,Industrials,0.0,0.0057733333333333334
2021-09-20,Industrials,-0.06300666666666667,0.0
2021-09-21,Industrials,-0.02237,-0.06300666666666667
2021-09-22,Industrials,-0.010099999999999998,-0.02237
2021-09-23,Industrials,0.09397333333333334,-0.010099999999999998
2021-09-24,Industrials,0.015016666666666668,0.09397333333333334
2021-09-27,Industrials,0.05284,0.015016666666666668
2021-09-28,Industrials,0.06123333333333333,0.05284
2021-09-29,Industrials,0.07327,0.06123333333333333
2021-09-30,Industrials,0.02616,0.07327
2021-10-01,Industrials,0.08616,0.02616
2021-10-04,Industrials,0.10238,0.08616
2021-10-05,Industrials,0.09525333333333333,0.10238
2021-10-06,Industrials,-0.15374700000000002,0.09525333333333333
2021-10-07,Industrials,0.0018,-0.15374700000000002
2021-10-08,Industrials,-0.06354000000000001,0.0018
2021-10-11,Industrials,0.29782000000000003,-0.06354000000000001
2021-10-12,Industrials,0.07118,0.29782000000000003
2021-10-13,Industrials,0.18309999999999998,0.07118
2021-10-14,Industrials,0.15476,0.18309999999999998
2021-10-15,Industrials,0.031935,0.15476
2021-10-18,Industrials,0.051916666666666667,0.031935
2021-10-19,Industrials,0.014763333333333333,0.051916666666666667
2021-10-20,Industrials,0.0033499999999999997,0.014763333333333333
2021-10-21,Industrials,-0.005769333333333337,0.0033499999999999997
2021-10-22,Industrials,0.00335,-0.005769333333333337
2021-10-25,Industrials,0.019241666666666674,0.00335
2021-10-26,Industrials,0.19320666666666667,0.019241666666666674
2021-10-27,Industrials,0.02205333333333333,0.19320666666666667
2021-10-28,Industrials,0.06484063636363635,0.02205333333333333
2021-10-29,Industrials,0.10214000000000001,0.06484063636363635
2021-11-01,Industrials,0.025686666666666663,0.10214000000000001
2021-11-02,Industrials,0.07060999999999999,0.025686666666666663
2021-11-03,Industrials,0.00581,0.07060999999999999
2021-11-04,Industrials,0.057999999999999996,0.00581
2021-11-05,Industrials,0.12702,0.057999999999999996
2021-11-08,Industrials,-0.017086666666666674,0.12702
2021-11-09,Industrials,0.04354125,-0.017086666666666674
2021-11-10,Industrials,-0.14883916666666666,0.04354125
2021-11-11,Industrials,0.08561500000000001,-0.14883916666666666
2021-11-12,Industrials,0.09778,0.08561500000000001
2021-11-15,Industrials,0.08174166666666667,0.09778
2021-11-16,Industrials,0.083961,0.08174166666666667
2021-11-17,Industrials,0.007400000000000001,0.083961
2021-11-18,Industrials,0.04809,0.007400000000000001
2021-11-19,Industrials,-0.0003999999999999999,0.04809
2021-11-22,Industrials,0.073715,-0.0003999999999999999
2021-11-23,Industrials,0.07262,0.073715
2021-11-24,Industrials,0.0015400000000000001,0.07262
2021-11-26,Industrials,-0.013445000000000002,0.0015400000000000001
2021-11-29,Industrials,0.043000000000000003,-0.013445000000000002
2021-11-30,Industrials,0.0012966666666666667,0.043000000000000003
2021-12-01,Industrials,-0.02566,0.0012966666666666667
2021-12-02,Industrials,-0.0109,-0.02566
2021-12-03,Industrials,0.07498,-0.0109
2021-12-06,Industrials,0.017296000000000002,0.07498
2021-12-07,Industrials,0.09991000000000001,0.017296000000000002
2021-12-08,Industrials,0.101795,0.09991000000000001
2021-12-09,Industrials,0.04624,0.101795
2021-12-10,Industrials,0.0027533333333333333,0.04624
2021-12-13,Industrials,-0.025750000000000002,0.0027533333333333333
2021-12-14,Industrials,0.07178,-0.025750000000000002
2021-12-15,Industrials,0.05992333333333333,0.07178
2021-12-16,Industrials,0.022763333333333333,0.05992333333333333
2021-12-17,Industrials,-0.050844571428571426,0.022763333333333333
2021-12-20,Industrials,-0.078945,-0.050844571428571426
2021-12-21,Industrials,0.092316,-0.078945
2021-12-22,Industrials,0.14397,0.092316
2021-12-23,Industrials,0.027676,0.14397
2021-12-27,Industrials,0.13344933333333334,0.027676
2021-12-28,Industrials,0.0684125,0.13344933333333334
2021-12-29,Industrials,0.045704999999999996,0.0684125
2021-12-30,Industrials,0.08990000000000001,0.045704999999999996
2021-12-31,Industrials,0.12387999999999999,0.08990000000000001
2022-01-03,Industrials,0.1925666666666667,0.12387999999999999
2022-01-04,Industrials,0.10237,0.1925666666666667
2022-01-05,Industrials,0.08372333333333333,0.10237
2022-01-06,Industrials,0.017917142857142857,0.08372333333333333
2022-01-07,Industrials,0.056342,0.017917142857142857
2022-01-10,Industrials,0.22276904761904764,0.056342
2022-01-11,Industrials,0.08843399999999998,0.22276904761904764
2022-01-12,Industrials,0.26011833333333334,0.08843399999999998
2022-01-13,Industrials,0.06958380952380952,0.26011833333333334
2022-01-14,Industrials,0.1318577777777778,0.06958380952380952
2022-01-18,Industrials,0.09728717948717949,0.1318577777777778
2022-01-19,Industrials,0.08556438095238095,0.09728717948717949
2022-01-20,Industrials,0.10298133333333334,0.08556438095238095
2022-01-21,Industrials,0.067125,0.10298133333333334
2022-01-24,Industrials,0.07133942857142858,0.067125
2022-01-25,Industrials,0.04708708898944193,0.07133942857142858
2022-01-26,Industrials,0.06521782608695652,0.04708708898944193
2022-01-27,Industrials,0.11731333333333334,0.06521782608695652
2022-01-28,Industrials,0.10060091666666666,0.11731333333333334
2022-01-31,Industrials,0.03506250000000001,0.10060091666666666
2022-02-01,Industrials,-0.0003143859649122838,0.03506250000000001
2022-02-02,Industrials,0.07027666666666667,-0.0003143859649122838
2022-02-03,Industrials,0.10152999999999998,0.07027666666666667
2022-02-04,Industrials,0.10401,0.10152999999999998
2022-02-07,Industrials,0.03911714285714285,0.10401
2022-02-08,Industrials,0.035521666666666674,0.03911714285714285
2022-02-09,Industrials,0.00361,0.035521666666666674
2022-02-10,Industrials,-0.0030320000000000004,0.00361
2022-02-11,Industrials,0.12305666666666668,-0.0030320000000000004
2022-02-14,Industrials,-0.08160833333333334,0.12305666666666668
2022-02-15,Industrials,-0.00169,-0.08160833333333334
2022-02-16,Industrials,-0.011643571428571428,-0.00169
2022-02-17,Industrials,0.043120666666666675,-0.011643571428571428
2022-02-18,Industrials,-0.06794166666666666,0.043120666666666675
2022-02-22,Industrials,-0.030222499999999996,-0.06794166666666666
2022-02-23,Industrials,-0.126962,-0.030222499999999996
2022-02-24,Industrials,-0.07005333333333334,-0.126962
2022-02-25,Industrials,-0.006491666666666661,-0.07005333333333334
2022-02-28,Industrials,0.01991,-0.006491666666666661
2022-03-01,Industrials,0.079402,0.01991
2022-03-02,Industrials,0.10531866666666667,0.079402
2022-03-03,Industrials,0.03520666666666668,0.10531866666666667
2022-03-04,Industrials,0.12619666666666668,0.03520666666666668
2022-03-07,Industrials,0.2111883333333333,0.12619666666666668
2022-03-08,Industrials,-0.01717,0.2111883333333333
2022-03-09,Industrials,0.11943190476190477,-0.01717
2022-03-10,Industrials,0.08861923809523811,0.11943190476190477
2022-03-11,Industrials,0.04934,0.08861923809523811
2022-03-14,Industrials,0.14961000000000002,0.04934
2022-03-15,Industrials,0.044258333333333344,0.14961000000000002
2022-03-16,Industrials,-0.050278333333333335,0.044258333333333344
2022-03-17,Industrials,0.011897272727272729,-0.050278333333333335
2022-03-18,Industrials,0.06874384615384616,0.011897272727272729
2022-03-21,Industrials,-0.03361333333333333,0.06874384615384616
2022-03-22,Industrials,-0.08945,-0.03361333333333333
2022-03-23,Industrials,0.018029999999999997,-0.08945
2022-03-24,Industrials,-0.02272857142857143,0.018029999999999997
2022-03-25,Industrials,0.12627833333333333,-0.02272857142857143
2022-03-28,Industrials,0.08236733333333335,0.12627833333333333
2022-03-29,Industrials,0.09087466666666669,0.08236733333333335
2022-03-30,Industrials,0.09822222222222222,0.09087466666666669
2022-03-31,Industrials,0.24211333333333332,0.09822222222222222
2022-04-01,Industrials,-0.026265333333333335,0.24211333333333332
2022-04-04,Industrials,0.11648499999999999,-0.026265333333333335
2022-04-05,Industrials,-0.04059333333333333,0.11648499999999999
2022-04-06,Industrials,0.06442600000000001,-0.04059333333333333
2022-04-07,Industrials,0.0762657142857143,0.06442600000000001
2022-04-08,Industrials,0.099585,0.0762657142857143
2022-04-11,Industrials,0.047078888888888885,0.099585
2022-04-12,Industrials,0.036394666666666665,0.047078888888888885
2022-04-13,Industrials,0.003949999999999998,0.036394666666666665
2022-04-14,Industrials,0.0508,0.003949999999999998
2022-04-18,Industrials,0.1291,0.0508
2022-04-19,Industrials,0.008788,0.1291
2022-04-20,Industrials,0.17171,0.008788
2022-04-21,Industrials,0.14735666666666666,0.17171
2022-04-22,Industrials,-0.012653333333333332,0.14735666666666666
2022-04-25,Industrials,0.055830000000000005,-0.012653333333333332
2022-04-26,Industrials,-0.045750705627705626,0.055830000000000005
2022-04-27,Industrials,0.05301363636363636,-0.045750705627705626
2022-04-28,Industrials,0.12055023809523809,0.05301363636363636
2022-04-29,Industrials,0.16233266666666668,0.12055023809523809
2022-05-02,Industrials,0.10843666666666667,0.16233266666666668
2022-05-03,Industrials,0.06795333333333334,0.10843666666666667
2022-05-04,Industrials,0.10228,0.06795333333333334
2022-05-05,Industrials,0.04629866666666667,0.10228
2022-05-06,Industrials,0.07558,0.04629866666666667
2022-05-09,Industrials,0.038232,0.07558
2022-05-10,Industrials,0.07860500000000001,0.038232
2022-05-11,Industrials,0.18089666666666665,0.07860500000000001
2022-05-12,Industrials,0.01692333333333334,0.18089666666666665
2022-05-13,Industrials,0.045044,0.01692333333333334
2022-05-16,Industrials,0.072945,0.045044
2022-05-17,Industrials,0.075692,0.072945
2022-05-18,Industrials,-0.06693750000000001,0.075692
2022-05-19,Industrials,0.10268666666666666,-0.06693750000000001
2022-05-20,Industrials,0.034382777777777776,0.10268666666666666
2022-05-23,Industrials,0.09732666666666667,0.034382777777777776
2022-05-24,Industrials,0.123228,0.09732666666666667
2022-05-25,Industrials,0.0016526666666666575,0.123228
2022-05-26,Industrials,0.000766666666666671,0.0016526666666666575
2022-05-27,Industrials,0.08191,0.000766666666666671
2022-05-31,Industrials,0.094366,0.08191
2022-06-01,Industrials,0.12489333333333334,0.094366
2022-06-02,Industrials,0.027083333333333348,0.12489333333333334
2022-06-03,Industrials,-0.0007099999999999995,0.027083333333333348
2022-06-06,Industrials,-0.030862999999999995,-0.0007099999999999995
2022-06-07,Industrials,0.202965,-0.030862999999999995
2022-06-08,Industrials,0.0025400000000000006,0.202965
2022-06-09,Industrials,0.14105099999999998,0.0025400000000000006
2022-06-10,Industrials,0.0031549999999999994,0.14105099999999998
2022-06-13,Industrials,-0.07986499999999999,0.0031549999999999994
2022-06-14,Industrials,0.167826,-0.07986499999999999
2022-06-15,Industrials,0.1386209090909091,0.167826
2022-06-16,Industrials,0.008589333333333334,0.1386209090909091
2022-06-17,Industrials,0.0854,0.008589333333333334
2022-06-21,Industrials,0.14251,0.0854
2022-06-22,Industrials,-0.08066999999999999,0.14251
2022-06-23,Industrials,0.09773266666666666,-0.08066999999999999
2022-06-24,Industrials,0.11009333333333333,0.09773266666666666
2022-06-27,Industrials,0.11541642857142857,0.11009333333333333
2022-06-28,Industrials,0.02788714285714286,0.11541642857142857
2022-06-29,Industrials,0.091225,0.02788714285714286
2022-06-30,Industrials,0.15827666666666668,0.091225
2022-07-01,Industrials,0.044526666666666666,0.15827666666666668
2022-07-05,Industrials,0.04419083333333334,0.044526666666666666
2022-07-06,Industrials,0.07501500000000001,0.04419083333333334
2022-07-07,Industrials,0.035102499999999995,0.07501500000000001
2022-07-08,Industrials,0.07514000000000001,0.035102499999999995
2022-07-11,Industrials,0.09778666666666666,0.07514000000000001
2022-07-12,Industrials,0.081004,0.09778666666666666
2022-07-13,Industrials,0.14150222222222222,0.081004
2022-07-14,Industrials,0.14117333333333332,0.14150222222222222
2022-07-15,Industrials,-0.02661,0.14117333333333332
2022-07-18,Industrials,0.08407266666666666,-0.02661
2022-07-19,Industrials,0.08717000000000001,0.08407266666666666
2022-07-20,Industrials,0.06514285714285714,0.08717000000000001
2022-07-21,Industrials,-0.050006666666666665,0.06514285714285714
2022-07-22,Industrials,0.06955,-0.050006666666666665
2022-07-25,Industrials,0.06386542857142857,0.06955
2022-07-26,Industrials,0.06481783730158731,0.06386542857142857
2022-07-27,Industrials,0.0018,0.06481783730158731
2022-07-28,Industrials,0.014895238095238095,0.0018
2022-07-29,Industrials,0.00594,0.014895238095238095
2022-08-01,Industrials,0.027105,0.00594
2022-08-02,Industrials,-0.05330153846153847,0.027105
2022-08-03,Industrials,0.07742666666666667,-0.05330153846153847
2022-08-04,Industrials,0.0022,0.07742666666666667
2022-08-05,Industrials,0.07591,0.0022
2022-08-08,Industrials,0.036452,0.07591
2022-08-09,Industrials,0.11268,0.036452
2022-08-10,Industrials,0.12861333333333333,0.11268
2022-08-11,Industrials,-0.010149999999999998,0.12861333333333333
2022-08-12,Industrials,0.03284666666666667,-0.010149999999999998
2022-08-15,Industrials,0.08932,0.03284666666666667
2022-08-16,Industrials,-0.11600000000000002,0.08932
2022-08-17,Industrials,0.03013,-0.11600000000000002
2022-08-18,Industrials,-0.06886666666666666,0.03013
2022-08-19,Industrials,-0.015415000000000002,-0.06886666666666666
2022-08-22,Industrials,0.09964380952380952,-0.015415000000000002
2022-08-23,Industrials,0.006719999999999999,0.09964380952380952
2022-08-24,Industrials,-0.009846666666666667,0.006719999999999999
2022-08-25,Industrials,0.0713,-0.009846666666666667
2022-08-26,Industrials,-0.07314000000000001,0.0713
2022-08-29,Industrials,0.066624,-0.07314000000000001
2022-08-30,Industrials,0.12141500000000001,0.066624
2022-08-31,Industrials,0.07595666666666667,0.12141500000000001
2022-09-01,Industrials,0.06347,0.07595666666666667
2022-09-02,Industrials,0.030433333333333323,0.06347
2022-09-06,Industrials,0.042226,0.030433333333333323
2022-09-07,Industrials,0.044895000000000004,0.042226
2022-09-08,Industrials,0.09417833333333334,0.044895000000000004
2022-09-09,Industrials,-0.009353333333333332,0.09417833333333334
2022-09-12,Industrials,0.01151,-0.009353333333333332
2022-09-13,Industrials,0.095915,0.01151
2022-09-14,Industrials,0.026965,0.095915
2022-09-15,Industrials,-0.012003333333333333,0.026965
2022-09-16,Industrials,0.026199999999999994,-0.012003333333333333
2022-09-19,Industrials,0.07961452380952382,0.026199999999999994
2022-09-20,Industrials,0.027166666666666662,0.07961452380952382
2022-09-21,Industrials,0.035519999999999996,0.027166666666666662
2022-09-22,Industrials,-0.07482066666666667,0.035519999999999996
2022-09-23,Industrials,0.057196000000000004,-0.07482066666666667
2022-09-26,Industrials,0.07221000000000002,0.057196000000000004
2022-09-27,Industrials,0.0004499999999999997,0.07221000000000002
2022-09-28,Industrials,0.010380000000000004,0.0004499999999999997
2022-09-29,Industrials,0.0012699999999999999,0.010380000000000004
2022-09-30,Industrials,0.07366,0.0012699999999999999
2022-10-03,Industrials,0.024742000000000004,0.07366
2022-10-04,Industrials,0.04705,0.024742000000000004
2022-10-05,Industrials,0.16598666666666667,0.04705
2022-10-06,Industrials,0.00967,0.16598666666666667
2022-10-07,Industrials,-0.050649999999999994,0.00967
2022-10-10,Industrials,0.15925333333333333,-0.050649999999999994
2022-10-11,Industrials,0.18006,0.15925333333333333
2022-10-12,Industrials,0.08009999999999999,0.18006
2022-10-13,Industrials,0.13229,0.08009999999999999
2022-10-14,Industrials,0.08383166666666667,0.13229
2022-10-17,Industrials,-0.06850999999999999,0.08383166666666667
2022-10-18,Industrials,0.08929666666666666,-0.06850999999999999
2022-10-19,Industrials,0.048606666666666666,0.08929666666666666
2022-10-20,Industrials,0.16324,0.048606666666666666
2022-10-21,Industrials,0.05401333333333334,0.16324
2022-10-24,Industrials,0.1264288888888889,0.05401333333333334
2022-10-25,Industrials,0.06302382173382173,0.1264288888888889
2022-10-26,Industrials,0.06492533333333333,0.06302382173382173
2022-10-27,Industrials,0.13997333333333334,0.06492533333333333
2022-10-28,Industrials,0.12606,0.13997333333333334
2022-10-31,Industrials,0.11482333333333332,0.12606
2022-11-01,Industrials,0.26528,0.11482333333333332
2022-11-02,Industrials,0.07636,0.26528
2022-11-03,Industrials,-0.069728,0.07636
2022-11-04,Industrials,0.16241999999999998,-0.069728
2022-11-07,Industrials,0.11076666666666668,0.16241999999999998
2022-11-08,Industrials,0.08954,0.11076666666666668
2022-11-09,Industrials,0.15152000000000002,0.08954
2022-11-10,Industrials,0.1859633333333333,0.15152000000000002
2022-11-11,Industrials,0.06793333333333333,0.1859633333333333
2022-11-14,Industrials,0.02730333333333333,0.06793333333333333
2022-11-15,Industrials,-0.012080000000000002,0.02730333333333333
2022-11-16,Industrials,-0.027540000000000002,-0.012080000000000002
2022-11-17,Industrials,0.071845,-0.027540000000000002
2022-11-18,Industrials,0.017959999999999997,0.071845
2022-11-21,Industrials,-0.025870000000000004,0.017959999999999997
2022-11-22,Industrials,0.07363133333333334,-0.025870000000000004
2022-11-23,Industrials,0.01034,0.07363133333333334
2022-11-25,Industrials,0.21672000000000002,0.01034
2022-11-28,Industrials,-0.022205999999999993,0.21672000000000002
2022-11-29,Industrials,0.09498,-0.022205999999999993
2022-11-30,Industrials,0.13631666666666667,0.09498
2022-12-01,Industrials,0.2151533333333333,0.13631666666666667
2022-12-02,Industrials,0.00584,0.2151533333333333
2022-12-05,Industrials,-0.11008833333333334,0.00584
2022-12-06,Industrials,-0.0339,-0.11008833333333334
2022-12-07,Industrials,0.0064600000000000005,-0.0339
2022-12-08,Industrials,0.17501499999999998,0.0064600000000000005
2022-12-09,Industrials,0.0737,0.17501499999999998
2022-12-12,Industrials,-0.11706666666666665,0.0737
2022-12-13,Industrials,0.16802333333333333,-0.11706666666666665
2022-12-14,Industrials,0.25544,0.16802333333333333
2022-12-15,Industrials,0.034557000000000004,0.25544
2022-12-16,Industrials,-0.017144,0.034557000000000004
2022-12-19,Industrials,0.15089999999999998,-0.017144
2022-12-20,Industrials,0.1986883333333333,0.15089999999999998
2022-12-21,Industrials,0.3575638095238095,0.1986883333333333
2022-12-22,Industrials,0.017953333333333328,0.3575638095238095
2022-12-23,Industrials,0.05604,0.017953333333333328
2022-12-27,Industrials,0.12398642857142858,0.05604
2022-12-28,Industrials,0.019571666666666668,0.12398642857142858
2022-12-29,Industrials,0.05926,0.019571666666666668
2022-12-30,Industrials,0.08759000000000002,0.05926
2023-01-03,Industrials,0.025695000000000003,0.08759000000000002
2023-01-04,Industrials,0.06305000000000001,0.025695000000000003
2023-01-05,Industrials,0.12381,0.06305000000000001
2023-01-06,Industrials,0.0008199999999999999,0.12381
2023-01-09,Industrials,0.0874,0.0008199999999999999
2023-01-10,Industrials,0.17561285714285715,0.0874
2023-01-11,Industrials,-0.02864,0.17561285714285715
2023-01-12,Industrials,0.10328166666666667,-0.02864
2023-01-13,Industrials,0.059708000000000004,0.10328166666666667
2023-01-17,Industrials,0.2550183333333333,0.059708000000000004
2023-01-18,Industrials,-0.10275000000000001,0.2550183333333333
2023-01-19,Industrials,0.05449999999999999,-0.10275000000000001
2023-01-20,Industrials,0.006170000000000004,0.05449999999999999
2023-01-23,Industrials,0.18514357142857146,0.006170000000000004
2023-01-24,Industrials,0.06107157575757577,0.18514357142857146
2023-01-25,Industrials,0.11456999999999999,0.06107157575757577
2023-01-26,Industrials,0.050876,0.11456999999999999
2023-01-27,Industrials,0.07693666666666667,0.050876
2023-01-30,Industrials,-0.011906,0.07693666666666667
2023-01-31,Industrials,0.128184,-0.011906
2023-02-01,Industrials,0.06113999999999999,0.128184
2023-02-02,Industrials,0.09252,0.06113999999999999
2023-02-03,Industrials,0.15217,0.09252
2023-02-06,Industrials,0.1484366666666667,0.15217
2023-02-07,Industrials,0.0018550000000000038,0.1484366666666667
2023-02-08,Industrials,0.10353333333333334,0.0018550000000000038
2023-02-09,Industrials,0.10857333333333333,0.10353333333333334
2023-02-10,Industrials,0.07765000000000001,0.10857333333333333
2023-02-13,Industrials,0.1085,0.07765000000000001
2023-02-14,Industrials,0.029591999999999997,0.1085
2023-02-15,Industrials,0.009970000000000001,0.029591999999999997
2023-02-16,Industrials,0.07084,0.009970000000000001
2023-02-17,Industrials,-0.0043599999999999976,0.07084
2023-02-21,Industrials,0.08368633333333333,-0.0043599999999999976
2023-02-22,Industrials,0.0045,0.08368633333333333
2023-02-23,Industrials,-0.03892333333333333,0.0045
2023-02-24,Industrials,0.03977333333333334,-0.03892333333333333
2023-02-27,Industrials,0.04442666666666666,0.03977333333333334
2023-02-28,Industrials,0.14710499999999999,0.04442666666666666
2023-03-01,Industrials,0.019767619047619044,0.14710499999999999
2023-03-02,Industrials,0.12643,0.019767619047619044
2023-03-03,Industrials,0.020929999999999997,0.12643
2023-03-06,Industrials,0.17403333333333335,0.020929999999999997
2023-03-07,Industrials,0.13623333333333335,0.17403333333333335
2023-03-08,Industrials,0.10491999999999999,0.13623333333333335
2023-03-09,Industrials,-0.003964999999999999,0.10491999999999999
2023-03-10,Industrials,0.027873809523809523,-0.003964999999999999
2023-03-13,Industrials,0.00507200000000001,0.027873809523809523
2023-03-14,Industrials,0.08375833333333332,0.00507200000000001
2023-03-15,Industrials,-0.06232666666666666,0.08375833333333332
2023-03-16,Industrials,0.107795,-0.06232666666666666
2023-03-17,Industrials,0.09859333333333334,0.107795
2023-03-20,Industrials,0.03355500000000001,0.09859333333333334
2023-03-21,Industrials,0.25097,0.03355500000000001
2023-03-22,Industrials,0.10047999999999999,0.25097
2023-03-23,Industrials,0.040440000000000004,0.10047999999999999
2023-03-24,Industrials,0.07549333333333333,0.040440000000000004
2023-03-27,Industrials,0.12208888888888887,0.07549333333333333
2023-03-28,Industrials,0.042315000000000005,0.12208888888888887
2023-03-29,Industrials,0.056556666666666665,0.042315000000000005
2023-03-30,Industrials,0.21616333333333335,0.056556666666666665
2023-03-31,Industrials,0.07729333333333334,0.21616333333333335
2023-04-03,Industrials,0.10759333333333335,0.07729333333333334
2023-04-04,Industrials,0.058655714285714276,0.10759333333333335
2023-04-05,Industrials,-0.006006666666666659,0.058655714285714276
2023-04-06,Industrials,0.10599,-0.006006666666666659
2023-04-10,Industrials,0.1224355,0.10599
2023-04-11,Industrials,-0.016636666666666668,0.1224355
2023-04-12,Industrials,0.054356666666666664,-0.016636666666666668
2023-04-13,Industrials,0.04945000000000001,0.054356666666666664
2023-04-14,Industrials,0.09211500000000002,0.04945000000000001
2023-04-17,Industrials,0.08765233333333333,0.09211500000000002
2023-04-18,Industrials,0.11032333333333333,0.08765233333333333
2023-04-19,Industrials,0.07248833333333334,0.11032333333333333
2023-04-20,Industrials,0.058032000000000014,0.07248833333333334
2023-04-21,Industrials,0.0524,0.058032000000000014
2023-04-24,Industrials,0.11380083333333335,0.0524
2023-04-25,Industrials,0.016546263736263733,0.11380083333333335
2023-04-26,Industrials,0.12451589285714286,0.016546263736263733
2023-04-27,Industrials,0.04637,0.12451589285714286
2023-04-28,Industrials,0.0027916666666666693,0.04637
2023-05-01,Industrials,0.09175166666666665,0.0027916666666666693
2023-05-02,Industrials,0.05572666666666667,0.09175166666666665
2023-05-03,Industrials,0.07332999999999999,0.05572666666666667
2023-05-04,Industrials,0.25692666666666664,0.07332999999999999
2023-05-05,Industrials,-0.18616000000000002,0.25692666666666664
2023-05-08,Industrials,0.08998333333333333,-0.18616000000000002
2023-05-09,Industrials,0.10449000000000001,0.08998333333333333
2023-05-10,Industrials,0.0008233333333333315,0.10449000000000001
2023-05-11,Industrials,0.02957333333333333,0.0008233333333333315
2023-05-12,Industrials,0.05617333333333333,0.02957333333333333
2023-05-15,Industrials,0.046981666666666665,0.05617333333333333
2023-05-16,Industrials,-0.009853333333333335,0.046981666666666665
2023-05-17,Industrials,0.03942333333333333,-0.009853333333333335
2023-05-18,Industrials,0.038079999999999996,0.03942333333333333
2023-05-19,Industrials,0.06537000000000001,0.038079999999999996
2023-05-22,Industrials,0.06661095238095238,0.06537000000000001
2023-05-23,Industrials,0.08563000000000001,0.06661095238095238
2023-05-24,Industrials,-0.035026190476190475,0.08563000000000001
2023-05-25,Industrials,0.019420000000000003,-0.035026190476190475
2023-05-26,Industrials,0.005953333333333333,0.019420000000000003
2023-05-30,Industrials,0.03866166666666667,0.005953333333333333
2023-05-31,Industrials,0.08129666666666666,0.03866166666666667
2023-06-01,Industrials,0.09578666666666666,0.08129666666666666
2023-06-02,Industrials,0.09314750000000001,0.09578666666666666
2023-06-05,Industrials,0.12740485714285715,0.09314750000000001
2023-06-06,Industrials,0.24237999999999998,0.12740485714285715
2023-06-07,Industrials,0.15123999999999999,0.24237999999999998
2023-06-08,Industrials,0.12484666666666666,0.15123999999999999
2023-06-09,Industrials,0.010431666666666669,0.12484666666666666
2023-06-12,Industrials,0.06932333333333333,0.010431666666666669
2023-06-13,Industrials,0.03178666666666667,0.06932333333333333
2023-06-14,Industrials,0.103817,0.03178666666666667
2023-06-15,Industrials,0.11374499999999999,0.103817
2023-06-16,Industrials,-0.008361428571428565,0.11374499999999999
2023-06-20,Industrials,0.07545702597402598,-0.008361428571428565
2023-06-21,Industrials,-0.07164923809523809,0.07545702597402598
2023-06-22,Industrials,0.06054666666666667,-0.07164923809523809
2023-06-23,Industrials,0.04093733333333333,0.06054666666666667
2023-06-26,Industrials,0.11715428571428572,0.04093733333333333
2023-06-27,Industrials,0.0030166666666666675,0.11715428571428572
2023-06-28,Industrials,0.10847,0.0030166666666666675
2023-06-29,Industrials,0.056356666666666666,0.10847
2023-06-30,Industrials,0.07992333333333333,0.056356666666666666
2023-07-03,Industrials,0.12854966666666667,0.07992333333333333
2023-07-05,Industrials,0.12684123076923076,0.12854966666666667
2023-07-06,Industrials,0.043120000000000006,0.12684123076923076
2023-07-07,Industrials,-0.036395,0.043120000000000006
2023-07-10,Industrials,0.041556666666666665,-0.036395
2023-07-11,Industrials,0.091558,0.041556666666666665
2023-07-12,Industrials,-0.020306666666666664,0.091558
2023-07-13,Industrials,0.08621333333333334,-0.020306666666666664
2023-07-14,Industrials,0.00896,0.08621333333333334
2023-07-17,Industrials,0.020924,0.00896
2023-07-18,Industrials,0.10306000000000001,0.020924
2023-07-19,Industrials,0.12464714285714287,0.10306000000000001
2023-07-20,Industrials,-0.03149999999999999,0.12464714285714287
2023-07-21,Industrials,0.012388333333333335,-0.03149999999999999
2023-07-24,Industrials,0.09965166666666667,0.012388333333333335
2023-07-25,Industrials,0.027837650332728375,0.09965166666666667
2023-07-26,Industrials,-0.0037594999999999964,0.027837650332728375
2023-07-27,Industrials,0.08991133333333333,-0.0037594999999999964
2023-07-28,Industrials,0.056762857142857136,0.08991133333333333
2023-07-31,Industrials,0.06666608695652174,0.056762857142857136
2023-08-01,Industrials,0.03948107692307693,0.06666608695652174
2023-08-02,Industrials,0.08542035294117648,0.03948107692307693
2023-08-03,Industrials,0.1727,0.08542035294117648
2023-08-04,Industrials,0.11730500000000002,0.1727
2023-08-07,Industrials,-0.004704666666666668,0.11730500000000002
2023-08-08,Industrials,-0.0061600000000000005,-0.004704666666666668
2023-08-09,Industrials,0.094442,-0.0061600000000000005
2023-08-10,Industrials,0.10352666666666668,0.094442
2023-08-11,Industrials,0.073043,0.10352666666666668
2023-08-14,Industrials,0.00834,0.073043
2023-08-15,Industrials,0.07318,0.00834
2023-08-16,Industrials,0.176075,0.07318
2023-08-17,Industrials,0.020172857142857138,0.176075
2023-08-18,Industrials,-0.042223333333333335,0.020172857142857138
2023-08-21,Industrials,0.05501066666666667,-0.042223333333333335
2023-08-22,Industrials,0.06748333333333331,0.05501066666666667
2023-08-23,Industrials,0.021661333333333335,0.06748333333333331
2023-08-24,Industrials,0.08937,0.021661333333333335
2023-08-25,Industrials,-0.026712999999999997,0.08937
2023-08-28,Industrials,-0.06098052631578947,-0.026712999999999997
2023-08-29,Industrials,-0.005151428571428573,-0.06098052631578947
2023-08-30,Industrials,0.049848,-0.005151428571428573
2023-08-31,Industrials,0.074656,0.049848
2023-09-01,Industrials,0.08442333333333332,0.074656
2023-09-05,Industrials,0.060045333333333326,0.08442333333333332
2023-09-06,Industrials,0.05277666666666667,0.060045333333333326
2023-09-07,Industrials,0.09034666666666666,0.05277666666666667
2023-09-08,Industrials,0.04282,0.09034666666666666
2023-09-11,Industrials,0.08363899999999999,0.04282
2023-09-12,Industrials,0.12987166666666666,0.08363899999999999
2023-09-13,Industrials,0.02506028571428572,0.12987166666666666
2023-09-14,Industrials,0.08507666666666666,0.02506028571428572
2023-09-15,Industrials,0.07819,0.08507666666666666
2023-09-18,Industrials,0.07306777777777777,0.07819
2023-09-19,Industrials,0.0504247619047619,0.07306777777777777
2023-09-20,Industrials,0.03897777777777778,0.0504247619047619
2023-09-21,Industrials,0.11348242857142857,0.03897777777777778
2023-09-22,Industrials,0.21299666666666664,0.11348242857142857
2023-09-25,Industrials,0.13318666666666668,0.21299666666666664
2023-09-26,Industrials,0.09877499999999999,0.13318666666666668
2023-09-27,Industrials,0.13462866666666667,0.09877499999999999
2023-09-28,Industrials,0.06314571428571428,0.13462866666666667
2023-09-29,Industrials,0.10849500000000001,0.06314571428571428
2023-10-02,Industrials,0.08560919047619046,0.10849500000000001
2023-10-03,Industrials,0.07338933333333333,0.08560919047619046
2023-10-04,Industrials,0.058996666666666656,0.07338933333333333
2023-10-05,Industrials,0.13144300000000003,0.058996666666666656
2023-10-06,Industrials,0.04781666666666666,0.13144300000000003
2023-10-09,Industrials,0.10535466666666668,0.04781666666666666
2023-10-10,Industrials,0.2037257142857143,0.10535466666666668
2023-10-11,Industrials,0.2153513333333333,0.2037257142857143
2023-10-12,Industrials,0.14257166666666668,0.2153513333333333
2023-10-13,Industrials,0.005366153846153844,0.14257166666666668
2023-10-16,Industrials,0.059826666666666674,0.005366153846153844
2023-10-17,Industrials,-0.035266666666666655,0.059826666666666674
2023-10-18,Industrials,0.1133795238095238,-0.035266666666666655
2023-10-19,Industrials,0.041977738095238096,0.1133795238095238
2023-10-20,Industrials,0.08096300000000001,0.041977738095238096
2023-10-23,Industrials,0.18496820512820517,0.08096300000000001
2023-10-24,Industrials,0.30656860869565217,0.18496820512820517
2023-10-25,Industrials,0.13888466666666668,0.30656860869565217
2023-10-26,Industrials,0.06708930158730159,0.13888466666666668
2023-10-27,Industrials,0.021956000000000003,0.06708930158730159
2023-10-30,Industrials,-0.006085384615384612,0.021956000000000003
2023-10-31,Industrials,0.17229238095238095,-0.006085384615384612
2023-11-01,Industrials,0.032745,0.17229238095238095
2023-11-02,Industrials,0.11103766666666667,0.032745
2023-11-03,Industrials,-0.016533333333333337,0.11103766666666667
2023-11-06,Industrials,0.07164200000000001,-0.016533333333333337
2023-11-07,Industrials,0.01263733333333333,0.07164200000000001
2023-11-08,Industrials,0.039760000000000004,0.01263733333333333
2023-11-09,Industrials,0.14994000000000002,0.039760000000000004
2023-11-10,Industrials,-0.037992499999999985,0.14994000000000002
2023-11-13,Industrials,0.0334325,-0.037992499999999985
2023-11-14,Industrials,0.10631400000000002,0.0334325
2023-11-15,Industrials,0.0299447619047619,0.10631400000000002
2023-11-16,Industrials,0.113277,0.0299447619047619
2023-11-17,Industrials,0.108524,0.113277
2023-11-20,Industrials,0.03821,0.108524
2023-11-21,Industrials,0.07222533333333334,0.03821
2023-11-22,Industrials,0.194995,0.07222533333333334
2023-11-24,Industrials,0.10099545454545453,0.194995
2023-11-27,Industrials,0.072705,0.10099545454545453
2023-11-28,Industrials,-0.09877625,0.072705
2023-11-29,Industrials,0.04042277777777778,-0.09877625
2023-11-30,Industrials,0.31625749999999997,0.04042277777777778
2023-12-01,Industrials,0.12111000000000001,0.31625749999999997
2023-12-04,Industrials,0.11804095238095239,0.12111000000000001
2023-12-05,Industrials,-0.08049500000000001,0.11804095238095239
2023-12-06,Industrials,0.11066333333333336,-0.08049500000000001
2023-12-07,Industrials,-0.01891083333333334,0.11066333333333336
2023-12-08,Industrials,0.04053833333333333,-0.01891083333333334
2023-12-11,Industrials,0.07212076190476191,0.04053833333333333
2023-12-12,Industrials,0.23776000000000003,0.07212076190476191
2023-12-13,Industrials,0.10016861904761905,0.23776000000000003
2023-12-14,Industrials,0.06747500000000001,0.10016861904761905
2023-12-15,Industrials,0.057730000000000004,0.06747500000000001
2023-12-18,Industrials,0.13284357142857145,0.057730000000000004
2023-12-19,Industrials,0.0,0.13284357142857145
2023-12-20,Industrials,0.0,0.0
2023-12-21,Industrials,0.0,0.0
2023-12-22,Industrials,0.0,0.0
2023-12-26,Industrials,0.0,0.0
2023-12-27,Industrials,0.0,0.0
2023-12-28,Industrials,0.0,0.0
2023-12-29,Industrials,0.0,0.0
2020-01-02,Materials,0.008046666666666667,
2020-01-03,Materials,-0.023339999999999993,0.008046666666666667
2020-01-06,Materials,-0.12378200000000002,-0.023339999999999993
2020-01-07,Materials,0.07348,-0.12378200000000002
2020-01-08,Materials,-0.101845,0.07348
2020-01-09,Materials,-0.08238666666666668,-0.101845
2020-01-10,Materials,-0.14092,-0.08238666666666668
2020-01-13,Materials,0.1295133333333333,-0.14092
2020-01-14,Materials,0.047439999999999996,0.1295133333333333
2020-01-15,Materials,0.06318,0.047439999999999996
2020-01-16,Materials,0.01058,0.06318
2020-01-17,Materials,0.08403999999999999,0.01058
2020-01-21,Materials,0.00039199999999999966,0.08403999999999999
2020-01-22,Materials,-0.0006199999999999927,0.00039199999999999966
2020-01-23,Materials,0.015575000000000006,-0.0006199999999999927
2020-01-24,Materials,0.165904,0.015575000000000006
2020-01-27,Materials,0.022834000000000007,0.165904
2020-01-28,Materials,0.09968333333333332,0.022834000000000007
2020-01-29,Materials,0.04792142857142857,0.09968333333333332
2020-01-30,Materials,-0.018384897435897433,0.04792142857142857
2020-01-31,Materials,-0.045383,-0.018384897435897433
2020-02-03,Materials,-0.026953333333333336,-0.045383
2020-02-04,Materials,0.13616,-0.026953333333333336
2020-02-05,Materials,0.041348,0.13616
2020-02-06,Materials,0.050344444444444435,0.041348
2020-02-07,Materials,0.007983333333333332,0.050344444444444435
2020-02-10,Materials,0.15956,0.007983333333333332
2020-02-11,Materials,0.04683866666666667,0.15956
2020-02-12,Materials,0.060239999999999995,0.04683866666666667
2020-02-13,Materials,0.03029142857142857,0.060239999999999995
2020-02-14,Materials,-0.036055,0.03029142857142857
2020-02-18,Materials,0.002967777777777775,-0.036055
2020-02-19,Materials,-0.0009,0.002967777777777775
2020-02-20,Materials,0.06334545454545455,-0.0009
2020-02-21,Materials,0.05272,0.06334545454545455
2020-02-24,Materials,0.01760916666666667,0.05272
2020-02-25,Materials,-0.08356333333333334,0.01760916666666667
2020-02-26,Materials,-0.02565,-0.08356333333333334
2020-02-27,Materials,0.011974285714285715,-0.02565
2020-02-28,Materials,-0.129845,0.011974285714285715
2020-03-02,Materials,-0.05884,-0.129845
2020-03-03,Materials,0.07568,-0.05884
2020-03-04,Materials,0.10996999999999998,0.07568
2020-03-05,Materials,-0.01625333333333333,0.10996999999999998
2020-03-06,Materials,-0.0063333333333333245,-0.01625333333333333
2020-03-09,Materials,0.007979499999999999,-0.0063333333333333245
2020-03-10,Materials,0.057255,0.007979499999999999
2020-03-11,Materials,0.013096666666666663,0.057255
2020-03-12,Materials,-0.044667,0.013096666666666663
2020-03-13,Materials,-0.051193333333333334,-0.044667
2020-03-16,Materials,-0.016148666666666665,-0.051193333333333334
2020-03-17,Materials,0.10182500000000001,-0.016148666666666665
2020-03-18,Materials,0.06477,0.10182500000000001
2020-03-19,Materials,0.12248700000000001,0.06477
2020-03-20,Materials,0.040900000000000006,0.12248700000000001
2020-03-23,Materials,0.06273357142857142,0.040900000000000006
2020-03-24,Materials,0.41827999999999993,0.06273357142857142
2020-03-25,Materials,0.0766,0.41827999999999993
2020-03-26,Materials,0.09454266666666668,0.0766
2020-03-27,Materials,0.08911,0.09454266666666668
2020-03-30,Materials,0.007154000000000005,0.08911
2020-03-31,Materials,0.187694,0.007154000000000005
2020-04-01,Materials,-0.0062546666666666705,0.187694
2020-04-02,Materials,0.04988416666666667,-0.0062546666666666705
2020-04-03,Materials,0.09154,0.04988416666666667
2020-04-06,Materials,-0.017328000000000003,0.09154
2020-04-07,Materials,0.29603,-0.017328000000000003
2020-04-08,Materials,0.13888666666666669,0.29603
2020-04-09,Materials,0.08102555555555555,0.13888666666666669
2020-04-13,Materials,-0.06387809523809523,0.08102555555555555
2020-04-14,Materials,-0.00476,-0.06387809523809523
2020-04-15,Materials,-0.06036404761904761,-0.00476
2020-04-16,Materials,0.051655000000000006,-0.06036404761904761
2020-04-17,Materials,0.19349,0.051655000000000006
2020-04-20,Materials,0.023471428571428577,0.19349
2020-04-21,Materials,-0.08027000000000001,0.023471428571428577
2020-04-22,Materials,0.097995,-0.08027000000000001
2020-04-23,Materials,0.011401523809523808,0.097995
2020-04-24,Materials,0.03037333333333333,0.011401523809523808
2020-04-27,Materials,0.11932666666666666,0.03037333333333333
2020-04-28,Materials,0.09663566666666668,0.11932666666666666
2020-04-29,Materials,0.30175393939393935,0.09663566666666668
2020-04-30,Materials,0.07166833333333333,0.30175393939393935
2020-05-01,Materials,0.14565833333333336,0.07166833333333333
2020-05-04,Materials,0.06034166666666666,0.14565833333333336
2020-05-05,Materials,0.11026415686274511,0.06034166666666666
2020-05-06,Materials,0.01126871428571429,0.11026415686274511
2020-05-07,Materials,0.030578,0.01126871428571429
2020-05-08,Materials,0.0797575,0.030578
2020-05-11,Materials,0.031194,0.0797575
2020-05-12,Materials,0.04156866666666667,0.031194
2020-05-13,Materials,0.125762,0.04156866666666667
2020-05-14,Materials,0.045355000000000006,0.125762
2020-05-15,Materials,0.03981111111111111,0.045355000000000006
2020-05-18,Materials,0.11145833333333333,0.03981111111111111
2020-05-19,Materials,0.03696666666666666,0.11145833333333333
2020-05-20,Materials,0.08332,0.03696666666666666
2020-05-21,Materials,0.045763333333333336,0.08332
2020-05-22,Materials,0.04881666666666667,0.045763333333333336
2020-05-26,Materials,0.07415833333333334,0.04881666666666667
2020-05-27,Materials,0.029410000000000002,0.07415833333333334
2020-05-28,Materials,0.035109999999999995,0.029410000000000002
2020-05-29,Materials,0.051084,0.035109999999999995
2020-06-01,Materials,0.023052000000000007,0.051084
2020-06-02,Materials,0.17156,0.023052000000000007
2020-06-03,Materials,0.06891333333333335,0.17156
2020-06-04,Materials,-0.02176,0.06891333333333335
2020-06-05,Materials,0.271055,-0.02176
2020-06-08,Materials,0.08804,0.271055
2020-06-09,Materials,0.10656000000000002,0.08804
2020-06-10,Materials,0.0,0.10656000000000002
2020-06-11,Materials,0.061970000000000004,0.0
2020-06-12,Materials,0.06431,0.061970000000000004
2020-06-15,Materials,0.05624,0.06431
2020-06-16,Materials,0.0,0.05624
2020-06-17,Materials,-0.0018,0.0
2020-06-18,Materials,0.012140000000000001,-0.0018
2020-06-19,Materials,0.00026,0.012140000000000001
2020-06-22,Materials,0.047966666666666664,0.00026
2020-06-23,Materials,0.0018100000000000002,0.047966666666666664
2020-06-24,Materials,0.0,0.0018100000000000002
2020-06-25,Materials,0.00284,0.0
2020-06-26,Materials,0.06884,0.00284
2020-06-29,Materials,0.07612,0.06884
2020-06-30,Materials,0.01472,0.07612
2020-07-01,Materials,0.0074800000000000005,0.01472
2020-07-02,Materials,0.0015400000000000001,0.0074800000000000005
2020-07-06,Materials,-0.04825666666666668,0.0015400000000000001
2020-07-07,Materials,-0.07224,-0.04825666666666668
2020-07-08,Materials,0.0031,-0.07224
2020-07-09,Materials,0.0030800000000000003,0.0031
2020-07-10,Materials,-0.00284,0.0030800000000000003
2020-07-13,Materials,0.0,-0.00284
2020-07-14,Materials,0.0,0.0
2020-07-15,Materials,0.0,0.0
2020-07-16,Materials,0.015479999999999999,0.0
2020-07-17,Materials,0.0787,0.015479999999999999
2020-07-20,Materials,0.00206,0.0787
2020-07-21,Materials,0.0,0.00206
2020-07-22,Materials,0.11148,0.0
2020-07-23,Materials,-0.010432666666666668,0.11148
2020-07-24,Materials,-0.030830000000000003,-0.010432666666666668
2020-07-27,Materials,-0.008358,-0.030830000000000003
2020-07-28,Materials,0.1253575,-0.008358
2020-07-29,Materials,0.03916,0.1253575
2020-07-30,Materials,0.03723,0.03916
2020-07-31,Materials,0.07076,0.03723
2020-08-03,Materials,0.21555999999999997,0.07076
2020-08-04,Materials,0.05852,0.21555999999999997
2020-08-05,Materials,0.012010000000000002,0.05852
2020-08-06,Materials,0.07654,0.012010000000000002
2020-08-07,Materials,0.0,0.07654
2020-08-10,Materials,0.07190666666666666,0.0
2020-08-11,Materials,-6.5e-05,0.07190666666666666
2020-08-12,Materials,0.0,-6.5e-05
2020-08-13,Materials,0.0741,0.0
2020-08-14,Materials,0.00594,0.0741
2020-08-17,Materials,0.186095,0.00594
2020-08-18,Materials,0.0,0.186095
2020-08-19,Materials,0.0032300000000000002,0.0
2020-08-20,Materials,0.003353333333333333,0.0032300000000000002
2020-08-21,Materials,-0.06648,0.003353333333333333
2020-08-24,Materials,0.011859999999999999,-0.06648
2020-08-25,Materials,-0.02888,0.011859999999999999
2020-08-26,Materials,0.0,-0.02888
2020-08-27,Materials,0.00581,0.0
2020-08-28,Materials,-0.016213333333333337,0.00581
2020-08-31,Materials,0.00154,-0.016213333333333337
2020-09-01,Materials,0.0,0.00154
2020-09-02,Materials,-0.01634,0.0
2020-09-03,Materials,0.0023150000000000002,-0.01634
2020-09-04,Materials,0.04812,0.0023150000000000002
2020-09-08,Materials,0.07054,0.04812
2020-09-09,Materials,0.0,0.07054
2020-09-10,Materials,-0.09509999999999999,0.0
2020-09-11,Materials,-0.0077399999999999995,-0.09509999999999999
2020-09-14,Materials,0.026385,-0.0077399999999999995
2020-09-15,Materials,0.0,0.026385
2020-09-16,Materials,0.00464,0.0
2020-09-17,Materials,0.00781,0.00464
2020-09-18,Materials,0.0,0.00781
2020-09-21,Materials,0.09785,0.0
2020-09-22,Materials,0.0,0.09785
2020-09-23,Materials,0.0036200000000000004,0.0
2020-09-24,Materials,0.07224,0.0036200000000000004
2020-09-25,Materials,0.07596,0.07224
2020-09-28,Materials,0.00143,0.07596
2020-09-29,Materials,0.0,0.00143
2020-09-30,Materials,-0.07146,0.0
2020-10-01,Materials,0.0,-0.07146
2020-10-02,Materials,0.0,0.0
2020-10-05,Materials,-0.039420000000000004,0.0
2020-10-06,Materials,0.0,-0.039420000000000004
2020-10-07,Materials,0.00284,0.0
2020-10-08,Materials,0.07224,0.00284
2020-10-09,Materials,0.0,0.07224
2020-10-12,Materials,-0.000959999999999999,0.0
2020-10-13,Materials,0.0033599999999999997,-0.000959999999999999
2020-10-14,Materials,0.00826,0.0033599999999999997
2020-10-15,Materials,0.0098,0.00826
2020-10-16,Materials,0.05424,0.0098
2020-10-19,Materials,0.07808,0.05424
2020-10-20,Materials,0.0,0.07808
2020-10-21,Materials,0.06963333333333334,0.0
2020-10-22,Materials,0.033805,0.06963333333333334
2020-10-23,Materials,0.00388,0.033805
2020-10-26,Materials,0.0054199999999999995,0.00388
2020-10-27,Materials,0.021804999999999998,0.0054199999999999995
2020-10-28,Materials,0.0,0.021804999999999998
2020-10-29,Materials,0.073696,0.0
2020-10-30,Materials,0.0,0.073696
2020-11-02,Materials,0.06828,0.0
2020-11-03,Materials,0.0018,0.06828
2020-11-04,Materials,0.0,0.0018
2020-11-05,Materials,0.0,0.0
2020-11-06,Materials,0.08410000000000001,0.0
2020-11-09,Materials,0.0,0.08410000000000001
2020-11-10,Materials,-0.06408,0.0
2020-11-11,Materials,0.0,-0.06408
2020-11-12,Materials,-0.0269,0.0
2020-11-13,Materials,0.1552,-0.0269
2020-11-16,Materials,0.00969,0.1552
2020-11-17,Materials,0.07732,0.00969
2020-11-18,Materials,0.0,0.07732
2020-11-19,Materials,0.09872,0.0
2020-11-20,Materials,0.0,0.09872
2020-11-23,Materials,0.058896000000000004,0.0
2020-11-24,Materials,0.0033599999999999997,0.058896000000000004
2020-11-25,Materials,0.00508,0.0033599999999999997
2020-11-27,Materials,0.00388,0.00508
2020-11-30,Materials,0.009040000000000001,0.00388
2020-12-01,Materials,0.12442,0.009040000000000001
2020-12-02,Materials,0.09323000000000001,0.12442
2020-12-03,Materials,0.0015400000000000001,0.09323000000000001
2020-12-04,Materials,0.0,0.0015400000000000001
2020-12-07,Materials,0.0,0.0
2020-12-08,Materials,0.04964,0.0
2020-12-09,Materials,0.014220000000000002,0.04964
2020-12-10,Materials,0.0,0.014220000000000002
2020-12-11,Materials,0.0064600000000000005,0.0
2020-12-14,Materials,0.0,0.0064600000000000005
2020-12-15,Materials,0.0007700000000000001,0.0
2020-12-16,Materials,0.00334,0.0007700000000000001
2020-12-17,Materials,0.15116000000000002,0.00334
2020-12-18,Materials,0.09452999999999999,0.15116000000000002
2020-12-21,Materials,0.00961,0.09452999999999999
2020-12-22,Materials,0.0075000000000000015,0.00961
2020-12-23,Materials,0.0,0.0075000000000000015
2020-12-24,Materials,0.0,0.0
2020-12-28,Materials,0.0,0.0
2020-12-29,Materials,0.00608,0.0
2020-12-30,Materials,0.00388,0.00608
2020-12-31,Materials,0.00284,0.00388
2021-01-04,Materials,0.01333,0.00284
2021-01-05,Materials,0.07124,0.01333
2021-01-06,Materials,0.0843,0.07124
2021-01-07,Materials,-0.0513,0.0843
2021-01-08,Materials,0.000464,-0.0513
2021-01-11,Materials,0.09296,0.000464
2021-01-12,Materials,0.0,0.09296
2021-01-13,Materials,0.0064600000000000005,0.0
2021-01-14,Materials,0.00388,0.0064600000000000005
2021-01-15,Materials,-0.030233333333333334,0.00388
2021-01-19,Materials,0.019,-0.030233333333333334
2021-01-20,Materials,0.00388,0.019
2021-01-21,Materials,-0.046959999999999995,0.00388
2021-01-22,Materials,-0.037040000000000003,-0.046959999999999995
2021-01-25,Materials,-0.03034,-0.037040000000000003
2021-01-26,Materials,0.0006866666666666667,-0.03034
2021-01-27,Materials,0.0,0.0006866666666666667
2021-01-28,Materials,0.16177999999999998,0.0
2021-01-29,Materials,-0.028739999999999998,0.16177999999999998
2021-02-01,Materials,0.12702000000000002,-0.028739999999999998
2021-02-02,Materials,0.0,0.12702000000000002
2021-02-03,Materials,0.02452,0.0
2021-02-04,Materials,0.0,0.02452
2021-02-05,Materials,0.00284,0.0
2021-02-08,Materials,-0.06284999999999999,0.00284
2021-02-09,Materials,0.17354,-0.06284999999999999
2021-02-10,Materials,-0.03432,0.17354
2021-02-11,Materials,0.0,-0.03432
2021-02-12,Materials,0.0,0.0
2021-02-16,Materials,-0.06424,0.0
2021-02-17,Materials,-0.03985,-0.06424
2021-02-18,Materials,0.03623166666666666,-0.03985
2021-02-19,Materials,-0.06976,0.03623166666666666
2021-02-22,Materials,0.07519333333333335,-0.06976
2021-02-23,Materials,0.08538000000000001,0.07519333333333335
2021-02-24,Materials,0.0032300000000000002,0.08538000000000001
2021-02-25,Materials,0.04041,0.0032300000000000002
2021-02-26,Materials,0.07043999999999999,0.04041
2021-03-01,Materials,-0.12405999999999999,0.07043999999999999
2021-03-02,Materials,0.004053333333333334,-0.12405999999999999
2021-03-03,Materials,0.0,0.004053333333333334
2021-03-04,Materials,0.0013,0.0
2021-03-05,Materials,-0.12092,0.0013
2021-03-08,Materials,0.053726666666666666,-0.12092
2021-03-09,Materials,0.0,0.053726666666666666
2021-03-10,Materials,0.04589,0.0
2021-03-11,Materials,0.07654,0.04589
2021-03-12,Materials,0.00206,0.07654
2021-03-15,Materials,0.00078,0.00206
2021-03-16,Materials,0.07348,0.00078
2021-03-17,Materials,0.0007700000000000001,0.07348
2021-03-18,Materials,0.0,0.0007700000000000001
2021-03-19,Materials,0.06884,0.0
2021-03-22,Materials,0.00826,0.06884
2021-03-23,Materials,0.0059299999999999995,0.00826
2021-03-24,Materials,0.00464,0.0059299999999999995
2021-03-25,Materials,0.10375000000000001,0.00464
2021-03-26,Materials,0.03491333333333333,0.10375000000000001
2021-03-29,Materials,0.0,0.03491333333333333
2021-03-30,Materials,0.0,0.0
2021-03-31,Materials,0.07224,0.0
2021-04-01,Materials,-0.06437999999999999,0.07224
2021-04-05,Materials,0.06795999999999999,-0.06437999999999999
2021-04-06,Materials,0.04906,0.06795999999999999
2021-04-07,Materials,-0.07098,0.04906
2021-04-08,Materials,0.07994,-0.07098
2021-04-09,Materials,0.0,0.07994
2021-04-12,Materials,0.00954,0.0
2021-04-13,Materials,0.0,0.00954
2021-04-14,Materials,0.14372000000000001,0.0
2021-04-15,Materials,0.0,0.14372000000000001
2021-04-16,Materials,-0.07076,0.0
2021-04-19,Materials,0.11835999999999999,-0.07076
2021-04-20,Materials,-0.08274000000000001,0.11835999999999999
2021-04-21,Materials,0.14922,-0.08274000000000001
2021-04-22,Materials,0.056304285714285716,0.14922
2021-04-23,Materials,0.09035,0.056304285714285716
2021-04-26,Materials,0.0,0.09035
2021-04-27,Materials,0.03454333333333333,0.0
2021-04-28,Materials,0.1155,0.03454333333333333
2021-04-29,Materials,0.018933333333333337,0.1155
2021-04-30,Materials,0.03062,0.018933333333333337
2021-05-03,Materials,0.0015400000000000004,0.03062
2021-05-04,Materials,0.1337975,0.0015400000000000004
2021-05-05,Materials,0.10922000000000001,0.1337975
2021-05-06,Materials,0.13798,0.10922000000000001
2021-05-07,Materials,0.0,0.13798
2021-05-10,Materials,0.16904,0.0
2021-05-11,Materials,0.00478,0.16904
2021-05-12,Materials,0.0064600000000000005,0.00478
2021-05-13,Materials,0.0009,0.0064600000000000005
2021-05-14,Materials,0.061020000000000005,0.0009
2021-05-17,Materials,0.031948,0.061020000000000005
2021-05-18,Materials,0.10703333333333334,0.031948
2021-05-19,Materials,-0.00104,0.10703333333333334
2021-05-20,Materials,0.00194,-0.00104
2021-05-21,Materials,0.034140000000000004,0.00194
2021-05-24,Materials,0.09652999999999999,0.034140000000000004
2021-05-25,Materials,0.00156,0.09652999999999999
2021-05-26,Materials,0.0,0.00156
2021-05-27,Materials,0.14982,0.0
2021-05-28,Materials,0.00762,0.14982
2021-06-01,Materials,0.003953333333333334,0.00762
2021-06-02,Materials,0.0,0.003953333333333334
2021-06-03,Materials,0.00903,0.0
2021-06-04,Materials,0.0009,0.00903
2021-06-07,Materials,0.03062833333333333,0.0009
2021-06-08,Materials,0.07492,0.03062833333333333
2021-06-09,Materials,0.0031,0.07492
2021-06-10,Materials,0.0,0.0031
2021-06-11,Materials,0.0,0.0
2021-06-14,Materials,0.18458000000000002,0.0
2021-06-15,Materials,0.00568,0.18458000000000002
2021-06-16,Materials,0.0031,0.00568
2021-06-17,Materials,0.001702,0.0031
2021-06-18,Materials,-0.07029,0.001702
2021-06-21,Materials,-0.06948666666666667,-0.07029
2021-06-22,Materials,-0.034570000000000004,-0.06948666666666667
2021-06-23,Materials,0.0,-0.034570000000000004
2021-06-24,Materials,0.0064399999999999995,0.0
2021-06-25,Materials,0.03276,0.0064399999999999995
2021-06-28,Materials,0.07224,0.03276
2021-06-29,Materials,-0.06232,0.07224
2021-06-30,Materials,0.0,-0.06232
2021-07-01,Materials,0.0067,0.0
2021-07-02,Materials,0.0013,0.0067
2021-07-06,Materials,0.08838,0.0013
2021-07-07,Materials,0.0,0.08838
2021-07-08,Materials,-0.0258,0.0
2021-07-09,Materials,0.0,-0.0258
2021-07-12,Materials,0.07224,0.0
2021-07-13,Materials,-0.00026,0.07224
2021-07-14,Materials,0.0015400000000000001,-0.00026
2021-07-15,Materials,0.0074800000000000005,0.0015400000000000001
2021-07-16,Materials,0.07142000000000001,0.0074800000000000005
2021-07-19,Materials,-0.06470000000000001,0.07142000000000001
2021-07-20,Materials,-0.04316,-0.06470000000000001
2021-07-21,Materials,0.028926666666666666,-0.04316
2021-07-22,Materials,0.11946399999999999,0.028926666666666666
2021-07-23,Materials,0.00698,0.11946399999999999
2021-07-26,Materials,0.05789999999999999,0.00698
2021-07-27,Materials,0.10146,0.05789999999999999
2021-07-28,Materials,0.0,0.10146
2021-07-29,Materials,-0.013090000000000004,0.0
2021-07-30,Materials,0.059199999999999996,-0.013090000000000004
2021-08-02,Materials,0.0,0.059199999999999996
2021-08-03,Materials,0.06849666666666666,0.0
2021-08-04,Materials,-0.13518000000000002,0.06849666666666666
2021-08-05,Materials,0.0015400000000000001,-0.13518000000000002
2021-08-06,Materials,0.0018,0.0015400000000000001
2021-08-09,Materials,0.0010333333333333334,0.0018
2021-08-10,Materials,0.018445,0.0010333333333333334
2021-08-11,Materials,-0.09239333333333334,0.018445
2021-08-12,Materials,0.12502,-0.09239333333333334
2021-08-13,Materials,0.00388,0.12502
2021-08-16,Materials,0.055869999999999996,0.00388
2021-08-17,Materials,0.06886,0.055869999999999996
2021-08-18,Materials,0.18704,0.06886
2021-08-19,Materials,-0.047790000000000006,0.18704
2021-08-20,Materials,-0.06834,-0.047790000000000006
2021-08-23,Materials,0.1059,-0.06834
2021-08-24,Materials,0.0,0.1059
2021-08-25,Materials,0.00194,0.0
2021-08-26,Materials,0.0015400000000000001,0.00194
2021-08-27,Materials,0.07224,0.0015400000000000001
2021-08-30,Materials,0.15430000000000002,0.07224
2021-08-31,Materials,0.02612666666666667,0.15430000000000002
2021-09-01,Materials,0.0,0.02612666666666667
2021-09-02,Materials,0.0015400000000000001,0.0
2021-09-03,Materials,0.0,0.0015400000000000001
2021-09-07,Materials,0.02679333333333333,0.0
2021-09-08,Materials,-0.09605999999999999,0.02679333333333333
2021-09-09,Materials,0.13876,-0.09605999999999999
2021-09-10,Materials,0.0,0.13876
2021-09-13,Materials,0.08299666666666668,0.0
2021-09-14,Materials,0.07426,0.08299666666666668
2021-09-15,Materials,0.0,0.07426
2021-09-16,Materials,0.10556000000000001,0.0
2021-09-17,Materials,-0.00532,0.10556000000000001
2021-09-20,Materials,0.013803333333333329,-0.00532
2021-09-21,Materials,0.0018,0.013803333333333329
2021-09-22,Materials,-0.07944999999999999,0.0018
2021-09-23,Materials,0.0018,-0.07944999999999999
2021-09-24,Materials,0.01033,0.0018
2021-09-27,Materials,0.04588,0.01033
2021-09-28,Materials,-0.07224,0.04588
2021-09-29,Materials,0.0,-0.07224
2021-09-30,Materials,0.01066,0.0
2021-10-01,Materials,-0.0031,0.01066
2021-10-04,Materials,0.0,-0.0031
2021-10-05,Materials,-0.06976,0.0
2021-10-06,Materials,-0.010029523809523808,-0.06976
2021-10-07,Materials,0.07452,-0.010029523809523808
2021-10-08,Materials,0.00034999999999999994,0.07452
2021-10-11,Materials,0.16892000000000001,0.00034999999999999994
2021-10-12,Materials,-0.036250000000000004,0.16892000000000001
2021-10-13,Materials,-0.028885,-0.036250000000000004
2021-10-14,Materials,-0.05082,-0.028885
2021-10-15,Materials,-0.0335,-0.05082
2021-10-18,Materials,0.00516,-0.0335
2021-10-19,Materials,0.0,0.00516
2021-10-20,Materials,0.00723,0.0
2021-10-21,Materials,0.04662166666666666,0.00723
2021-10-22,Materials,0.01008,0.04662166666666666
2021-10-25,Materials,0.0015300000000000001,0.01008
2021-10-26,Materials,-0.00065,0.0015300000000000001
2021-10-27,Materials,0.11001999999999998,-0.00065
2021-10-28,Materials,-0.058083333333333334,0.11001999999999998
2021-10-29,Materials,0.00568,-0.058083333333333334
2021-11-01,Materials,0.07658,0.00568
2021-11-02,Materials,-0.01645,0.07658
2021-11-03,Materials,0.0,-0.01645
2021-11-04,Materials,0.0015400000000000001,0.0
2021-11-05,Materials,0.11467000000000001,0.0015400000000000001
2021-11-08,Materials,0.080696,0.11467000000000001
2021-11-09,Materials,0.059199999999999996,0.080696
2021-11-10,Materials,0.08564666666666666,0.059199999999999996
2021-11-11,Materials,0.0007700000000000001,0.08564666666666666
2021-11-12,Materials,0.04297333333333333,0.0007700000000000001
2021-11-15,Materials,0.07678,0.04297333333333333
2021-11-16,Materials,0.06074999999999999,0.07678
2021-11-17,Materials,0.00826,0.06074999999999999
2021-11-18,Materials,0.0015400000000000001,0.00826
2021-11-19,Materials,-0.00116,0.0015400000000000001
2021-11-22,Materials,0.14226,-0.00116
2021-11-23,Materials,0.05488,0.14226
2021-11-24,Materials,0.00206,0.05488
2021-11-26,Materials,0.0,0.00206
2021-11-29,Materials,0.03612,0.0
2021-11-30,Materials,0.0058,0.03612
2021-12-01,Materials,-0.04973333333333334,0.0058
2021-12-02,Materials,-0.055279999999999996,-0.04973333333333334
2021-12-03,Materials,0.005796666666666667,-0.055279999999999996
2021-12-06,Materials,0.0434,0.005796666666666667
2021-12-07,Materials,0.00155,0.0434
2021-12-08,Materials,0.08902,0.00155
2021-12-09,Materials,0.13226,0.08902
2021-12-10,Materials,0.06884,0.13226
2021-12-13,Materials,0.0007700000000000001,0.06884
2021-12-14,Materials,0.022135000000000002,0.0007700000000000001
2021-12-15,Materials,0.039635000000000004,0.022135000000000002
2021-12-16,Materials,-0.0263,0.039635000000000004
2021-12-17,Materials,-0.07224,-0.0263
2021-12-20,Materials,0.00618,-0.07224
2021-12-21,Materials,0.0,0.00618
2021-12-22,Materials,0.0,0.0
2021-12-23,Materials,0.05221,0.0
2021-12-27,Materials,0.0,0.05221
2021-12-28,Materials,0.185815,0.0
2021-12-29,Materials,0.07452,0.185815
2021-12-30,Materials,0.07324,0.07452
2021-12-31,Materials,0.0,0.07324
2022-01-03,Materials,0.00438,0.0
2022-01-04,Materials,0.0009,0.00438
2022-01-05,Materials,0.00042666666666666667,0.0009
2022-01-06,Materials,0.07502666666666666,0.00042666666666666667
2022-01-07,Materials,0.07631,0.07502666666666666
2022-01-10,Materials,0.11438,0.07631
2022-01-11,Materials,0.0,0.11438
2022-01-12,Materials,0.0031,0.0
2022-01-13,Materials,0.07040666666666667,0.0031
2022-01-14,Materials,0.13784,0.07040666666666667
2022-01-18,Materials,0.04786,0.13784
2022-01-19,Materials,0.06561666666666667,0.04786
2022-01-20,Materials,-0.03702,0.06561666666666667
2022-01-21,Materials,0.007826666666666666,-0.03702
2022-01-24,Materials,0.11579999999999999,0.007826666666666666
2022-01-25,Materials,0.0749,0.11579999999999999
2022-01-26,Materials,0.00219,0.0749
2022-01-27,Materials,0.1316125,0.00219
2022-01-28,Materials,0.0,0.1316125
2022-01-31,Materials,-0.06864,0.0
2022-02-01,Materials,0.10185999999999999,-0.06864
2022-02-02,Materials,0.14548,0.10185999999999999
2022-02-03,Materials,-0.014139999999999996,0.14548
2022-02-04,Materials,0.00116,-0.014139999999999996
2022-02-07,Materials,0.1169,0.00116
2022-02-08,Materials,-0.02979272727272727,0.1169
2022-02-09,Materials,0.0054199999999999995,-0.02979272727272727
2022-02-10,Materials,0.04098,0.0054199999999999995
2022-02-11,Materials,0.00892,0.04098
2022-02-14,Materials,0.14024,0.00892
2022-02-15,Materials,0.0,0.14024
2022-02-16,Materials,0.0005200000000000003,0.0
2022-02-17,Materials,0.04704,0.0005200000000000003
2022-02-18,Materials,-0.04599,0.04704
2022-02-22,Materials,0.11934,-0.04599
2022-02-23,Materials,0.08345999999999999,0.11934
2022-02-24,Materials,-0.014170000000000002,0.08345999999999999
2022-02-25,Materials,0.00259,-0.014170000000000002
2022-02-28,Materials,-0.06734,0.00259
2022-03-01,Materials,0.07855999999999999,-0.06734
2022-03-02,Materials,0.09431,0.07855999999999999
2022-03-03,Materials,0.0015400000000000001,0.09431
2022-03-04,Materials,-0.0014400000000000025,0.0015400000000000001
2022-03-07,Materials,0.00438,-0.0014400000000000025
2022-03-08,Materials,0.03851500000000001,0.00438
2022-03-09,Materials,0.00258,0.03851500000000001
2022-03-10,Materials,0.04768,0.00258
2022-03-11,Materials,0.09152666666666667,0.04768
2022-03-14,Materials,0.05234,0.09152666666666667
2022-03-15,Materials,0.11204,0.05234
2022-03-16,Materials,0.12362,0.11204
2022-03-17,Materials,0.03984,0.12362
2022-03-18,Materials,0.09208999999999999,0.03984
2022-03-21,Materials,0.14165333333333333,0.09208999999999999
2022-03-22,Materials,0.12452,0.14165333333333333
2022-03-23,Materials,-0.0741,0.12452
2022-03-24,Materials,0.0756,-0.0741
2022-03-25,Materials,0.11171333333333333,0.0756
2022-03-28,Materials,0.02352666666666667,0.11171333333333333
2022-03-29,Materials,-0.032,0.02352666666666667
2022-03-30,Materials,0.07136,-0.032
2022-03-31,Materials,0.13668,0.07136
2022-04-01,Materials,0.19963999999999998,0.13668
2022-04-04,Materials,0.04193,0.19963999999999998
2022-04-05,Materials,-0.026590000000000003,0.04193
2022-04-06,Materials,0.17111,-0.026590000000000003
2022-04-07,Materials,0.11366000000000001,0.17111
2022-04-08,Materials,0.019340000000000003,0.11366000000000001
2022-04-11,Materials,0.031953333333333334,0.019340000000000003
2022-04-12,Materials,0.09130766666666668,0.031953333333333334
2022-04-13,Materials,0.12043333333333335,0.09130766666666668
2022-04-14,Materials,0.10878333333333332,0.12043333333333335
2022-04-18,Materials,0.207655,0.10878333333333332
2022-04-19,Materials,0.046590000000000006,0.207655
2022-04-20,Materials,0.016078666666666665,0.046590000000000006
2022-04-21,Materials,0.0697888888888889,0.016078666666666665
2022-04-22,Materials,-0.0014155555555555573,0.0697888888888889
2022-04-25,Materials,0.18755333333333332,-0.0014155555555555573
2022-04-26,Materials,0.02707750000000001,0.18755333333333332
2022-04-27,Materials,0.07195,0.02707750000000001
2022-04-28,Materials,0.039180000000000006,0.07195
2022-04-29,Materials,0.07244,0.039180000000000006
2022-05-02,Materials,-0.03332,0.07244
2022-05-03,Materials,-0.025477777777777776,-0.03332
2022-05-04,Materials,-0.08375999999999999,-0.025477777777777776
2022-05-05,Materials,0.03451,-0.08375999999999999
2022-05-06,Materials,0.044989999999999995,0.03451
2022-05-09,Materials,0.01034,0.044989999999999995
2022-05-10,Materials,0.27458,0.01034
2022-05-11,Materials,0.0033599999999999997,0.27458
2022-05-12,Materials,0.07844666666666666,0.0033599999999999997
2022-05-13,Materials,0.037669999999999995,0.07844666666666666
2022-05-16,Materials,0.02063,0.037669999999999995
2022-05-17,Materials,0.021455,0.02063
2022-05-18,Materials,0.0,0.021455
2022-05-19,Materials,-0.02148666666666667,0.0
2022-05-20,Materials,0.07683,-0.02148666666666667
2022-05-23,Materials,0.15582500000000002,0.07683
2022-05-24,Materials,-0.07224,0.15582500000000002
2022-05-25,Materials,-0.019693333333333337,-0.07224
2022-05-26,Materials,-0.04864,-0.019693333333333337
2022-05-27,Materials,-0.07432,-0.04864
2022-05-31,Materials,0.04046,-0.07432
2022-06-01,Materials,0.059809999999999995,0.04046
2022-06-02,Materials,-0.12656,0.059809999999999995
2022-06-03,Materials,0.00052,-0.12656
2022-06-06,Materials,0.04592,0.00052
2022-06-07,Materials,-0.10786,0.04592
2022-06-08,Materials,0.02917,-0.10786
2022-06-09,Materials,0.11143,0.02917
2022-06-10,Materials,0.009826666666666668,0.11143
2022-06-13,Materials,0.053235,0.009826666666666668
2022-06-14,Materials,0.08497,0.053235
2022-06-15,Materials,0.194454,0.08497
2022-06-16,Materials,0.050712,0.194454
2022-06-17,Materials,0.012039999999999999,0.050712
2022-06-21,Materials,-0.00037999999999999146,0.012039999999999999
2022-06-22,Materials,0.04095666666666667,-0.00037999999999999146
2022-06-23,Materials,0.05324666666666668,0.04095666666666667
2022-06-24,Materials,0.0,0.05324666666666668
2022-06-27,Materials,0.178932,0.0
2022-06-28,Materials,0.14884000000000003,0.178932
2022-06-29,Materials,0.035550000000000005,0.14884000000000003
2022-06-30,Materials,0.07908,0.035550000000000005
2022-07-01,Materials,0.08038,0.07908
2022-07-05,Materials,0.2724483333333333,0.08038
2022-07-06,Materials,0.08194,0.2724483333333333
2022-07-07,Materials,-0.03559999999999999,0.08194
2022-07-08,Materials,0.03969,-0.03559999999999999
2022-07-11,Materials,-0.04311,0.03969
2022-07-12,Materials,0.0,-0.04311
2022-07-13,Materials,0.02718,0.0
2022-07-14,Materials,-0.029033333333333328,0.02718
2022-07-15,Materials,-0.00104,-0.029033333333333328
2022-07-18,Materials,0.06327666666666668,-0.00104
2022-07-19,Materials,0.06976000000000002,0.06327666666666668
2022-07-20,Materials,0.14454666666666666,0.06976000000000002
2022-07-21,Materials,0.051025714285714285,0.14454666666666666
2022-07-22,Materials,-0.03105,0.051025714285714285
2022-07-25,Materials,0.12128862745098039,-0.03105
2022-07-26,Materials,-0.03463,0.12128862745098039
2022-07-27,Materials,0.04704285714285715,-0.03463
2022-07-28,Materials,0.09698,0.04704285714285715
2022-07-29,Materials,0.00491,0.09698
2022-08-01,Materials,0.0,0.00491
2022-08-02,Materials,0.013592000000000003,0.0
2022-08-03,Materials,0.06488,0.013592000000000003
2022-08-04,Materials,-0.02903000000000001,0.06488
2022-08-05,Materials,0.10232000000000001,-0.02903000000000001
2022-08-08,Materials,0.14222,0.10232000000000001
2022-08-09,Materials,0.00388,0.14222
2022-08-10,Materials,0.009300000000000001,0.00388
2022-08-11,Materials,0.0,0.009300000000000001
2022-08-12,Materials,0.0,0.0
2022-08-15,Materials,0.024940000000000004,0.0
2022-08-16,Materials,0.01227,0.024940000000000004
2022-08-17,Materials,0.0264,0.01227
2022-08-18,Materials,0.00334,0.0264
2022-08-19,Materials,0.0,0.00334
2022-08-22,Materials,-0.03244999999999999,0.0
2022-08-23,Materials,0.00086,-0.03244999999999999
2022-08-24,Materials,-0.07070000000000001,0.00086
2022-08-25,Materials,-0.00578,-0.07070000000000001
2022-08-26,Materials,0.00464,-0.00578
2022-08-29,Materials,-0.12178,0.00464
2022-08-30,Materials,-0.00383,-0.12178
2022-08-31,Materials,-0.12649,-0.00383
2022-09-01,Materials,0.00232,-0.12649
2022-09-02,Materials,0.04108,0.00232
2022-09-06,Materials,0.0015400000000000001,0.04108
2022-09-07,Materials,0.004339999999999999,0.0015400000000000001
2022-09-08,Materials,0.09324,0.004339999999999999
2022-09-09,Materials,0.07819999999999999,0.09324
2022-09-12,Materials,-0.07381,0.07819999999999999
2022-09-13,Materials,0.0,-0.07381
2022-09-14,Materials,0.04922583333333334,0.0
2022-09-15,Materials,-0.040380000000000006,0.04922583333333334
2022-09-16,Materials,0.00388,-0.040380000000000006
2022-09-19,Materials,-0.05674,0.00388
2022-09-20,Materials,0.0,-0.05674
2022-09-21,Materials,0.0035200000000000058,0.0
2022-09-22,Materials,0.06901333333333333,0.0035200000000000058
2022-09-23,Materials,0.06639333333333333,0.06901333333333333
2022-09-26,Materials,0.06094666666666666,0.06639333333333333
2022-09-27,Materials,-0.00078,0.06094666666666666
2022-09-28,Materials,-0.11239333333333332,-0.00078
2022-09-29,Materials,0.0,-0.11239333333333332
2022-09-30,Materials,0.05176333333333334,0.0
2022-10-03,Materials,0.0026,0.05176333333333334
2022-10-04,Materials,0.08388,0.0026
2022-10-05,Materials,-0.048560000000000006,0.08388
2022-10-06,Materials,-0.11254,-0.048560000000000006
2022-10-07,Materials,0.1372,-0.11254
2022-10-10,Materials,0.04175000000000001,0.1372
2022-10-11,Materials,0.00142,0.04175000000000001
2022-10-12,Materials,0.068,0.00142
2022-10-13,Materials,-0.13957999999999998,0.068
2022-10-14,Materials,0.0031,-0.13957999999999998
2022-10-17,Materials,-0.06046499999999999,0.0031
2022-10-18,Materials,0.05070666666666666,-0.06046499999999999
2022-10-19,Materials,-0.00013,0.05070666666666666
2022-10-20,Materials,0.024106666666666672,-0.00013
2022-10-21,Materials,0.10956000000000002,0.024106666666666672
2022-10-24,Materials,0.10636333333333334,0.10956000000000002
2022-10-25,Materials,-0.06639333333333333,0.10636333333333334
2022-10-26,Materials,0.0008400000000000074,-0.06639333333333333
2022-10-27,Materials,0.00606,0.0008400000000000074
2022-10-28,Materials,0.00388,0.00606
2022-10-31,Materials,0.00258,0.00388
2022-11-01,Materials,-0.09417,0.00258
2022-11-02,Materials,-0.026466666666666673,-0.09417
2022-11-03,Materials,-0.12307000000000001,-0.026466666666666673
2022-11-04,Materials,0.0,-0.12307000000000001
2022-11-07,Materials,0.03674,0.0
2022-11-08,Materials,0.018672380952380947,0.03674
2022-11-09,Materials,0.00026,0.018672380952380947
2022-11-10,Materials,0.0011600000000000002,0.00026
2022-11-11,Materials,0.04388333333333334,0.0011600000000000002
2022-11-14,Materials,0.13133,0.04388333333333334
2022-11-15,Materials,0.16987000000000002,0.13133
2022-11-16,Materials,0.0,0.16987000000000002
2022-11-17,Materials,0.07877999999999999,0.0
2022-11-18,Materials,0.13032000000000002,0.07877999999999999
2022-11-21,Materials,0.033889999999999997,0.13032000000000002
2022-11-22,Materials,0.0,0.033889999999999997
2022-11-23,Materials,0.03674,0.0
2022-11-25,Materials,0.14448,0.03674
2022-11-28,Materials,0.00438,0.14448
2022-11-29,Materials,0.00407,0.00438
2022-11-30,Materials,0.01446,0.00407
2022-12-01,Materials,0.08691333333333336,0.01446
2022-12-02,Materials,-0.0015400000000000001,0.08691333333333336
2022-12-05,Materials,0.0018,-0.0015400000000000001
2022-12-06,Materials,0.04839333333333333,0.0018
2022-12-07,Materials,0.0,0.04839333333333333
2022-12-08,Materials,0.14024,0.0
2022-12-09,Materials,0.0392,0.14024
2022-12-12,Materials,-0.07432,0.0392
2022-12-13,Materials,0.039990000000000005,-0.07432
2022-12-14,Materials,0.03664,0.039990000000000005
2022-12-15,Materials,0.04129000000000001,0.03664
2022-12-16,Materials,-0.13194,0.04129000000000001
2022-12-19,Materials,0.00766,-0.13194
2022-12-20,Materials,0.07829,0.00766
2022-12-21,Materials,-0.02516,0.07829
2022-12-22,Materials,0.0036200000000000004,-0.02516
2022-12-23,Materials,0.0,0.0036200000000000004
2022-12-27,Materials,0.07188000000000001,0.0
2022-12-28,Materials,0.00465,0.07188000000000001
2022-12-29,Materials,-0.03315,0.00465
2022-12-30,Materials,-0.03182,-0.03315
2023-01-03,Materials,0.07534,-0.03182
2023-01-04,Materials,0.0034800000000000005,0.07534
2023-01-05,Materials,0.12366999999999999,0.0034800000000000005
2023-01-06,Materials,0.05143333333333333,0.12366999999999999
2023-01-09,Materials,0.06652,0.05143333333333333
2023-01-10,Materials,0.0067,0.06652
2023-01-11,Materials,0.21752333333333335,0.0067
2023-01-12,Materials,0.10902,0.21752333333333335
2023-01-13,Materials,0.21714000000000003,0.10902
2023-01-17,Materials,0.08351333333333333,0.21714000000000003
2023-01-18,Materials,0.049644999999999995,0.08351333333333333
2023-01-19,Materials,0.13370333333333334,0.049644999999999995
2023-01-20,Materials,0.06945333333333334,0.13370333333333334
2023-01-23,Materials,0.032933333333333335,0.06945333333333334
2023-01-24,Materials,0.09556,0.032933333333333335
2023-01-25,Materials,-0.04768266666666667,0.09556
2023-01-26,Materials,0.11262785714285713,-0.04768266666666667
2023-01-27,Materials,0.00878,0.11262785714285713
2023-01-30,Materials,0.004965,0.00878
2023-01-31,Materials,-0.04829,0.004965
2023-02-01,Materials,0.0,-0.04829
2023-02-02,Materials,-0.04582499999999999,0.0
2023-02-03,Materials,0.007152000000000008,-0.04582499999999999
2023-02-06,Materials,0.07365999999999999,0.007152000000000008
2023-02-07,Materials,-0.06162333333333333,0.07365999999999999
2023-02-08,Materials,0.00438,-0.06162333333333333
2023-02-09,Materials,-0.0638,0.00438
2023-02-10,Materials,-0.017509999999999998,-0.0638
2023-02-13,Materials,-0.029910000000000003,-0.017509999999999998
2023-02-14,Materials,0.00206,-0.029910000000000003
2023-02-15,Materials,0.02332,0.00206
2023-02-16,Materials,0.09777,0.02332
2023-02-17,Materials,0.09336,0.09777
2023-02-21,Materials,0.031990000000000005,0.09336
2023-02-22,Materials,0.03459666666666667,0.031990000000000005
2023-02-23,Materials,0.04472333333333333,0.03459666666666667
2023-02-24,Materials,0.11785333333333334,0.04472333333333333
2023-02-27,Materials,0.07591,0.11785333333333334
2023-02-28,Materials,0.00388,0.07591
2023-03-01,Materials,0.093444,0.00388
2023-03-02,Materials,-0.04447333333333334,0.093444
2023-03-03,Materials,0.032647999999999996,-0.04447333333333334
2023-03-06,Materials,0.041870000000000004,0.032647999999999996
2023-03-07,Materials,0.05915999999999999,0.041870000000000004
2023-03-08,Materials,0.04660666666666667,0.05915999999999999
2023-03-09,Materials,-0.02077666666666667,0.04660666666666667
2023-03-10,Materials,-0.06267,-0.02077666666666667
2023-03-13,Materials,0.06287999999999998,-0.06267
2023-03-14,Materials,0.068445,0.06287999999999998
2023-03-15,Materials,0.03200363636363636,0.068445
2023-03-16,Materials,0.09436,0.03200363636363636
2023-03-17,Materials,0.032936428571428575,0.09436
2023-03-20,Materials,0.062430000000000006,0.032936428571428575
2023-03-21,Materials,0.119018,0.062430000000000006
2023-03-22,Materials,0.09921333333333333,0.119018
2023-03-23,Materials,0.02508333333333333,0.09921333333333333
2023-03-24,Materials,0.0018,0.02508333333333333
2023-03-27,Materials,0.023553333333333336,0.0018
2023-03-28,Materials,0.15465,0.023553333333333336
2023-03-29,Materials,0.0539,0.15465
2023-03-30,Materials,0.11193333333333333,0.0539
2023-03-31,Materials,-0.025249999999999995,0.11193333333333333
2023-04-03,Materials,-0.032580000000000005,-0.025249999999999995
2023-04-04,Materials,0.005366666666666667,-0.032580000000000005
2023-04-05,Materials,0.13838,0.005366666666666667
2023-04-06,Materials,0.09416,0.13838
2023-04-10,Materials,0.15166857142857143,0.09416
2023-04-11,Materials,0.025806666666666665,0.15166857142857143
2023-04-12,Materials,0.0,0.025806666666666665
2023-04-13,Materials,-0.07047,0.0
2023-04-14,Materials,0.01651,-0.07047
2023-04-17,Materials,0.08242,0.01651
2023-04-18,Materials,0.04142000000000001,0.08242
2023-04-19,Materials,-0.012923333333333334,0.04142000000000001
2023-04-20,Materials,0.06340885714285714,-0.012923333333333334
2023-04-21,Materials,0.12978333333333333,0.06340885714285714
2023-04-24,Materials,0.01085,0.12978333333333333
2023-04-25,Materials,0.11416476190476191,0.01085
2023-04-26,Materials,-0.05475899999999999,0.11416476190476191
2023-04-27,Materials,0.06790666666666667,-0.05475899999999999
2023-04-28,Materials,0.040859999999999994,0.06790666666666667
2023-05-01,Materials,0.021550000000000003,0.040859999999999994
2023-05-02,Materials,-0.008184,0.021550000000000003
2023-05-03,Materials,-0.11261999999999998,-0.008184
2023-05-04,Materials,0.005058333333333334,-0.11261999999999998
2023-05-05,Materials,-0.042159999999999996,0.005058333333333334
2023-05-08,Materials,0.11958500000000001,-0.042159999999999996
2023-05-09,Materials,-0.00078,0.11958500000000001
2023-05-10,Materials,0.00258,-0.00078
2023-05-11,Materials,0.07077,0.00258
2023-05-12,Materials,0.0,0.07077
2023-05-15,Materials,0.13309714285714286,0.0
2023-05-16,Materials,0.07516666666666667,0.13309714285714286
2023-05-17,Materials,0.0014199999999999998,0.07516666666666667
2023-05-18,Materials,0.038179000000000005,0.0014199999999999998
2023-05-19,Materials,0.02502666666666667,0.038179000000000005
2023-05-22,Materials,0.057485999999999995,0.02502666666666667
2023-05-23,Materials,0.031432,0.057485999999999995
2023-05-24,Materials,0.0054,0.031432
2023-05-25,Materials,0.007558666666666663,0.0054
2023-05-26,Materials,0.0069333333333333426,0.007558666666666663
2023-05-30,Materials,0.01974,0.0069333333333333426
2023-05-31,Materials,0.08005999999999999,0.01974
2023-06-01,Materials,-0.040119999999999996,0.08005999999999999
2023-06-02,Materials,0.07203285714285715,-0.040119999999999996
2023-06-05,Materials,0.11882666666666666,0.07203285714285715
2023-06-06,Materials,0.03822,0.11882666666666666
2023-06-07,Materials,-0.01616,0.03822
2023-06-08,Materials,0.019611666666666666,-0.01616
2023-06-09,Materials,0.06878000000000001,0.019611666666666666
2023-06-12,Materials,-0.001379999999999998,0.06878000000000001
2023-06-13,Materials,0.28018333333333334,-0.001379999999999998
2023-06-14,Materials,0.13318,0.28018333333333334
2023-06-15,Materials,0.06224,0.13318
2023-06-16,Materials,0.07554000000000001,0.06224
2023-06-20,Materials,0.035859999999999996,0.07554000000000001
2023-06-21,Materials,0.04045,0.035859999999999996
2023-06-22,Materials,0.011080000000000001,0.04045
2023-06-23,Materials,0.00129,0.011080000000000001
2023-06-26,Materials,0.0049099999999999994,0.00129
2023-06-27,Materials,0.06954,0.0049099999999999994
2023-06-28,Materials,0.11745000000000001,0.06954
2023-06-29,Materials,0.04005666666666668,0.11745000000000001
2023-06-30,Materials,-0.07043999999999999,0.04005666666666668
2023-07-03,Materials,0.0753,-0.07043999999999999
2023-07-05,Materials,0.06658666666666666,0.0753
2023-07-06,Materials,0.02375,0.06658666666666666
2023-07-07,Materials,0.018244,0.02375
2023-07-10,Materials,0.11487999999999998,0.018244
2023-07-11,Materials,-0.025169999999999998,0.11487999999999998
2023-07-12,Materials,0.13365,-0.025169999999999998
2023-07-13,Materials,0.00811,0.13365
2023-07-14,Materials,0.0,0.00811
2023-07-17,Materials,0.03177000000000001,0.0
2023-07-18,Materials,0.016360000000000006,0.03177000000000001
2023-07-19,Materials,-0.028929999999999994,0.016360000000000006
2023-07-20,Materials,-0.016683333333333335,-0.028929999999999994
2023-07-21,Materials,0.0056099999999999995,-0.016683333333333335
2023-07-24,Materials,0.038610714285714276,0.0056099999999999995
2023-07-25,Materials,0.09345774891774891,0.038610714285714276
2023-07-26,Materials,0.017324000000000006,0.09345774891774891
2023-07-27,Materials,0.00576,0.017324000000000006
2023-07-28,Materials,0.05464,0.00576
2023-07-31,Materials,0.0,0.05464
2023-08-01,Materials,0.20937,0.0
2023-08-02,Materials,0.0044953333333333356,0.20937
2023-08-03,Materials,-0.11521499999999998,0.0044953333333333356
2023-08-04,Materials,0.0,-0.11521499999999998
2023-08-07,Materials,0.07118,0.0
2023-08-08,Materials,0.01032,0.07118
2023-08-09,Materials,0.11857,0.01032
2023-08-10,Materials,0.044500000000000005,0.11857
2023-08-11,Materials,0.003793333333333334,0.044500000000000005
2023-08-14,Materials,0.10675666666666668,0.003793333333333334
2023-08-15,Materials,-0.004810000000000007,0.10675666666666668
2023-08-16,Materials,0.0,-0.004810000000000007
2023-08-17,Materials,0.036250000000000004,0.0
2023-08-18,Materials,-0.03254,0.036250000000000004
2023-08-21,Materials,-0.005524761904761903,-0.03254
2023-08-22,Materials,-0.012183333333333334,-0.005524761904761903
2023-08-23,Materials,-0.07354000000000001,-0.012183333333333334
2023-08-24,Materials,0.04632000000000001,-0.07354000000000001
2023-08-25,Materials,0.14413333333333334,0.04632000000000001
2023-08-28,Materials,0.18395,0.14413333333333334
2023-08-29,Materials,0.0,0.18395
2023-08-30,Materials,0.22332999999999997,0.0
2023-08-31,Materials,0.06832,0.22332999999999997
2023-09-01,Materials,0.04604,0.06832
2023-09-05,Materials,0.03528333333333333,0.04604
2023-09-06,Materials,0.1335,0.03528333333333333
2023-09-07,Materials,0.03465,0.1335
2023-09-08,Materials,0.02120666666666667,0.03465
2023-09-11,Materials,0.01109,0.02120666666666667
2023-09-12,Materials,0.00478,0.01109
2023-09-13,Materials,0.02646,0.00478
2023-09-14,Materials,-0.19146000000000002,0.02646
2023-09-15,Materials,-0.0097025,-0.19146000000000002
2023-09-18,Materials,0.004362,-0.0097025
2023-09-19,Materials,0.00283,0.004362
2023-09-20,Materials,0.07095,0.00283
2023-09-21,Materials,0.013170000000000001,0.07095
2023-09-22,Materials,0.03730000000000001,0.013170000000000001
2023-09-25,Materials,0.0313525,0.03730000000000001
2023-09-26,Materials,0.0007700000000000001,0.0313525
2023-09-27,Materials,0.09271333333333334,0.0007700000000000001
2023-09-28,Materials,0.11966000000000002,0.09271333333333334
2023-09-29,Materials,0.0,0.11966000000000002
2023-10-02,Materials,0.14262,0.0
2023-10-03,Materials,0.07917714285714286,0.14262
2023-10-04,Materials,0.02755,0.07917714285714286
2023-10-05,Materials,0.059179999999999996,0.02755
2023-10-06,Materials,0.18282,0.059179999999999996
2023-10-09,Materials,-0.012420000000000002,0.18282
2023-10-10,Materials,0.03601,-0.012420000000000002
2023-10-11,Materials,0.06845,0.03601
2023-10-12,Materials,0.09617,0.06845
2023-10-13,Materials,0.15224,0.09617
2023-10-16,Materials,0.11408499999999999,0.15224
2023-10-17,Materials,0.2500266666666667,0.11408499999999999
2023-10-18,Materials,-0.08380833333333335,0.2500266666666667
2023-10-19,Materials,0.139875,-0.08380833333333335
2023-10-20,Materials,-0.10339333333333334,0.139875
2023-10-23,Materials,-0.017963333333333335,-0.10339333333333334
2023-10-24,Materials,0.11876107142857144,-0.017963333333333335
2023-10-25,Materials,0.04666,0.11876107142857144
2023-10-26,Materials,-0.0002074999999999966,0.04666
2023-10-27,Materials,-0.003366666666666667,-0.0002074999999999966
2023-10-30,Materials,0.08152000000000001,-0.003366666666666667
2023-10-31,Materials,0.00052,0.08152000000000001
2023-11-01,Materials,0.24841800000000003,0.00052
2023-11-02,Materials,0.06548000000000001,0.24841800000000003
2023-11-03,Materials,0.10158,0.06548000000000001
2023-11-06,Materials,0.13927,0.10158
2023-11-07,Materials,-0.030453333333333332,0.13927
2023-11-08,Materials,-0.12972,-0.030453333333333332
2023-11-09,Materials,-0.00017500000000000016,-0.12972
2023-11-10,Materials,-0.07708000000000001,-0.00017500000000000016
2023-11-13,Materials,0.06915333333333333,-0.07708000000000001
2023-11-14,Materials,0.12868,0.06915333333333333
2023-11-15,Materials,0.0062,0.12868
2023-11-16,Materials,0.0039900000000000005,0.0062
2023-11-17,Materials,0.16238000000000002,0.0039900000000000005
2023-11-20,Materials,0.041499999999999995,0.16238000000000002
2023-11-21,Materials,0.00879,0.041499999999999995
2023-11-22,Materials,0.10726333333333334,0.00879
2023-11-24,Materials,0.095255,0.10726333333333334
2023-11-27,Materials,0.061770000000000005,0.095255
2023-11-28,Materials,0.06714,0.061770000000000005
2023-11-29,Materials,0.07564,0.06714
2023-11-30,Materials,0.010060000000000001,0.07564
2023-12-01,Materials,0.07495,0.010060000000000001
2023-12-04,Materials,0.0015400000000000001,0.07495
2023-12-05,Materials,0.0,0.0015400000000000001
2023-12-06,Materials,0.0033599999999999997,0.0
2023-12-07,Materials,0.05012500000000001,0.0033599999999999997
2023-12-08,Materials,0.11318999999999999,0.05012500000000001
2023-12-11,Materials,0.08128666666666667,0.11318999999999999
2023-12-12,Materials,-0.04632,0.08128666666666667
2023-12-13,Materials,0.11293833333333334,-0.04632
2023-12-14,Materials,-0.0694,0.11293833333333334
2023-12-15,Materials,-0.07328,-0.0694
2023-12-18,Materials,-0.12677999999999998,-0.07328
2023-12-19,Materials,0.0,-0.12677999999999998
2023-12-20,Materials,0.0,0.0
2023-12-21,Materials,0.0,0.0
2023-12-22,Materials,0.0,0.0
2023-12-26,Materials,0.0,0.0
2023-12-27,Materials,0.0,0.0
2023-12-28,Materials,0.0,0.0
2023-12-29,Materials,0.0,0.0
2020-01-02,RealEstate,0.00814,
2020-01-03,RealEstate,0.06412,0.00814
2020-01-06,RealEstate,0.00452,0.06412
2020-01-07,RealEstate,0.00698,0.00452
2020-01-08,RealEstate,-0.03773,0.00698
2020-01-09,RealEstate,0.0015400000000000001,-0.03773
2020-01-10,RealEstate,0.01044,0.0015400000000000001
2020-01-13,RealEstate,0.017346666666666666,0.01044
2020-01-14,RealEstate,0.0,0.017346666666666666
2020-01-15,RealEstate,0.002645,0.0
2020-01-16,RealEstate,0.12792,0.002645
2020-01-17,RealEstate,0.0067,0.12792
2020-01-21,RealEstate,0.11706000000000001,0.0067
2020-01-22,RealEstate,0.05227,0.11706000000000001
2020-01-23,RealEstate,0.22597,0.05227
2020-01-24,RealEstate,0.004563333333333333,0.22597
2020-01-27,RealEstate,0.00555,0.004563333333333333
2020-01-28,RealEstate,0.01502,0.00555
2020-01-29,RealEstate,0.008,0.01502
2020-01-30,RealEstate,0.08198,0.008
2020-01-31,RealEstate,0.15164,0.08198
2020-02-03,RealEstate,0.031160000000000004,0.15164
2020-02-04,RealEstate,0.02161333333333334,0.031160000000000004
2020-02-05,RealEstate,0.0006933333333333333,0.02161333333333334
2020-02-06,RealEstate,0.11146666666666667,0.0006933333333333333
2020-02-07,RealEstate,0.00388,0.11146666666666667
2020-02-10,RealEstate,0.06064333333333334,0.00388
2020-02-11,RealEstate,0.09407714285714286,0.06064333333333334
2020-02-12,RealEstate,0.011083333333333334,0.09407714285714286
2020-02-13,RealEstate,0.009539,0.011083333333333334
2020-02-14,RealEstate,0.14050200000000002,0.009539
2020-02-18,RealEstate,0.07284666666666667,0.14050200000000002
2020-02-19,RealEstate,0.18211,0.07284666666666667
2020-02-20,RealEstate,0.14294266666666666,0.18211
2020-02-21,RealEstate,0.18305000000000002,0.14294266666666666
2020-02-24,RealEstate,0.0076749999999999995,0.18305000000000002
2020-02-25,RealEstate,0.03948142857142857,0.0076749999999999995
2020-02-26,RealEstate,0.04047766666666667,0.03948142857142857
2020-02-27,RealEstate,0.032630000000000006,0.04047766666666667
2020-02-28,RealEstate,0.005646111111111116,0.032630000000000006
2020-03-02,RealEstate,0.06242466666666666,0.005646111111111116
2020-03-03,RealEstate,0.11526500000000002,0.06242466666666666
2020-03-04,RealEstate,0.22787000000000002,0.11526500000000002
2020-03-05,RealEstate,0.19594,0.22787000000000002
2020-03-06,RealEstate,0.00219,0.19594
2020-03-09,RealEstate,0.07065000000000002,0.00219
2020-03-10,RealEstate,0.2277,0.07065000000000002
2020-03-11,RealEstate,0.22818999999999998,0.2277
2020-03-12,RealEstate,0.08105000000000001,0.22818999999999998
2020-03-13,RealEstate,0.054400000000000004,0.08105000000000001
2020-03-16,RealEstate,-0.0365325,0.054400000000000004
2020-03-17,RealEstate,0.06224666666666667,-0.0365325
2020-03-18,RealEstate,0.023880000000000002,0.06224666666666667
2020-03-19,RealEstate,0.12293333333333334,0.023880000000000002
2020-03-20,RealEstate,0.0012149999999999995,0.12293333333333334
2020-03-23,RealEstate,0.012586666666666671,0.0012149999999999995
2020-03-24,RealEstate,0.049975000000000006,0.012586666666666671
2020-03-25,RealEstate,0.09637333333333334,0.049975000000000006
2020-03-26,RealEstate,0.23182333333333333,0.09637333333333334
2020-03-27,RealEstate,0.13102,0.23182333333333333
2020-03-30,RealEstate,0.22060833333333335,0.13102
2020-03-31,RealEstate,0.20186500000000002,0.22060833333333335
2020-04-01,RealEstate,0.05476666666666665,0.20186500000000002
2020-04-02,RealEstate,0.058410000000000004,0.05476666666666665
2020-04-03,RealEstate,0.09912000000000001,0.058410000000000004
2020-04-06,RealEstate,0.08254666666666666,0.09912000000000001
2020-04-07,RealEstate,0.06238333333333333,0.08254666666666666
2020-04-08,RealEstate,0.40569500000000003,0.06238333333333333
2020-04-09,RealEstate,0.18783999999999998,0.40569500000000003
2020-04-13,RealEstate,-0.030743333333333334,0.18783999999999998
2020-04-14,RealEstate,0.2836866666666667,-0.030743333333333334
2020-04-15,RealEstate,-0.10777999999999999,0.2836866666666667
2020-04-16,RealEstate,-0.03227,-0.10777999999999999
2020-04-17,RealEstate,0.2524,-0.03227
2020-04-20,RealEstate,0.009470000000000003,0.2524
2020-04-21,RealEstate,-0.04314000000000001,0.009470000000000003
2020-04-22,RealEstate,0.0136225,-0.04314000000000001
2020-04-23,RealEstate,0.019526666666666664,0.0136225
2020-04-24,RealEstate,0.06193,0.019526666666666664
2020-04-27,RealEstate,0.014396666666666665,0.06193
2020-04-28,RealEstate,0.011200000000000002,0.014396666666666665
2020-04-29,RealEstate,0.06306848484848485,0.011200000000000002
2020-04-30,RealEstate,0.059166666666666666,0.06306848484848485
2020-05-01,RealEstate,0.012117000000000006,0.059166666666666666
2020-05-04,RealEstate,0.0267,0.012117000000000006
2020-05-05,RealEstate,0.16594,0.0267
2020-05-06,RealEstate,0.007826666666666666,0.16594
2020-05-07,RealEstate,0.04439866666666668,0.007826666666666666
2020-05-08,RealEstate,0.007993333333333333,0.04439866666666668
2020-05-11,RealEstate,0.01169,0.007993333333333333
2020-05-12,RealEstate,-0.2329933333333333,0.01169
2020-05-13,RealEstate,0.017706666666666666,-0.2329933333333333
2020-05-14,RealEstate,0.01544,0.017706666666666666
2020-05-15,RealEstate,-0.043250000000000004,0.01544
2020-05-18,RealEstate,0.34851,-0.043250000000000004
2020-05-19,RealEstate,0.04107,0.34851
2020-05-20,RealEstate,0.046009999999999995,0.04107
2020-05-21,RealEstate,0.0064600000000000005,0.046009999999999995
2020-05-22,RealEstate,0.0569475,0.0064600000000000005
2020-05-26,RealEstate,0.12091333333333334,0.0569475
2020-05-27,RealEstate,0.0015400000000000001,0.12091333333333334
2020-05-28,RealEstate,0.14704,0.0015400000000000001
2020-05-29,RealEstate,0.027646666666666663,0.14704
2020-06-01,RealEstate,0.16466,0.027646666666666663
2020-06-02,RealEstate,0.04460000000000001,0.16466
2020-06-03,RealEstate,0.17831000000000002,0.04460000000000001
2020-06-04,RealEstate,0.06802,0.17831000000000002
2020-06-05,RealEstate,0.012920000000000001,0.06802
2020-06-08,RealEstate,0.010179999999999998,0.012920000000000001
2020-06-09,RealEstate,0.013919999999999998,0.010179999999999998
2020-06-10,RealEstate,0.013765,0.013919999999999998
2020-06-11,RealEstate,0.22979,0.013765
2020-06-12,RealEstate,0.061880000000000004,0.22979
2020-06-15,RealEstate,0.00245,0.061880000000000004
2020-06-16,RealEstate,0.04031,0.00245
2020-06-17,RealEstate,0.03443,0.04031
2020-06-18,RealEstate,0.07922,0.03443
2020-06-19,RealEstate,0.0,0.07922
2020-06-22,RealEstate,0.0,0.0
2020-06-23,RealEstate,0.01149,0.0
2020-06-24,RealEstate,-0.0018,0.01149
2020-06-25,RealEstate,0.0,-0.0018
2020-06-26,RealEstate,0.054459999999999995,0.0
2020-06-29,RealEstate,0.0018,0.054459999999999995
2020-06-30,RealEstate,0.14416,0.0018
2020-07-01,RealEstate,0.0098,0.14416
2020-07-02,RealEstate,0.03742,0.0098
2020-07-06,RealEstate,0.011260000000000003,0.03742
2020-07-07,RealEstate,0.09592,0.011260000000000003
2020-07-08,RealEstate,-0.061419999999999995,0.09592
2020-07-09,RealEstate,0.0,-0.061419999999999995
2020-07-10,RealEstate,0.006959999999999999,0.0
2020-07-13,RealEstate,0.0064600000000000005,0.006959999999999999
2020-07-14,RealEstate,0.0,0.0064600000000000005
2020-07-15,RealEstate,0.026890000000000004,0.0
2020-07-16,RealEstate,0.0,0.026890000000000004
2020-07-17,RealEstate,0.0,0.0
2020-07-20,RealEstate,0.024239999999999998,0.0
2020-07-21,RealEstate,0.015584,0.024239999999999998
2020-07-22,RealEstate,0.0027099999999999997,0.015584
2020-07-23,RealEstate,0.00194,0.0027099999999999997
2020-07-24,RealEstate,0.0,0.00194
2020-07-27,RealEstate,-0.022360000000000005,0.0
2020-07-28,RealEstate,0.0,-0.022360000000000005
2020-07-29,RealEstate,0.09859,0.0
2020-07-30,RealEstate,0.07485,0.09859
2020-07-31,RealEstate,0.00864,0.07485
2020-08-03,RealEstate,-0.032740000000000005,0.00864
2020-08-04,RealEstate,-0.02916,-0.032740000000000005
2020-08-05,RealEstate,0.06882,-0.02916
2020-08-06,RealEstate,0.0018,0.06882
2020-08-07,RealEstate,0.15655000000000002,0.0018
2020-08-10,RealEstate,0.0015400000000000001,0.15655000000000002
2020-08-11,RealEstate,0.0036200000000000004,0.0015400000000000001
2020-08-12,RealEstate,0.0031,0.0036200000000000004
2020-08-13,RealEstate,-0.00115,0.0031
2020-08-14,RealEstate,-0.06724,-0.00115
2020-08-17,RealEstate,0.07680000000000001,-0.06724
2020-08-18,RealEstate,0.03634,0.07680000000000001
2020-08-19,RealEstate,0.010080000000000002,0.03634
2020-08-20,RealEstate,0.00438,0.010080000000000002
2020-08-21,RealEstate,0.14000666666666667,0.00438
2020-08-24,RealEstate,0.008,0.14000666666666667
2020-08-25,RealEstate,0.0093,0.008
2020-08-26,RealEstate,0.00903,0.0093
2020-08-27,RealEstate,0.07438,0.00903
2020-08-28,RealEstate,0.0031,0.07438
2020-08-31,RealEstate,0.07855999999999999,0.0031
2020-09-01,RealEstate,-0.04995000000000001,0.07855999999999999
2020-09-02,RealEstate,0.0,-0.04995000000000001
2020-09-03,RealEstate,-0.0018,0.0
2020-09-04,RealEstate,0.014713333333333333,-0.0018
2020-09-08,RealEstate,0.005030000000000001,0.014713333333333333
2020-09-09,RealEstate,-0.0697,0.005030000000000001
2020-09-10,RealEstate,0.0,-0.0697
2020-09-11,RealEstate,0.00388,0.0
2020-09-14,RealEstate,0.03896,0.00388
2020-09-15,RealEstate,0.004220000000000001,0.03896
2020-09-16,RealEstate,0.00052,0.004220000000000001
2020-09-17,RealEstate,-0.14384,0.00052
2020-09-18,RealEstate,0.0036,-0.14384
2020-09-21,RealEstate,0.00052,0.0036
2020-09-22,RealEstate,0.0,0.00052
2020-09-23,RealEstate,0.0,0.0
2020-09-24,RealEstate,0.0,0.0
2020-09-25,RealEstate,0.0,0.0
2020-09-28,RealEstate,0.07612,0.0
2020-09-29,RealEstate,0.0031,0.07612
2020-09-30,RealEstate,0.0054199999999999995,0.0031
2020-10-01,RealEstate,0.0,0.0054199999999999995
2020-10-02,RealEstate,0.0,0.0
2020-10-05,RealEstate,0.08132,0.0
2020-10-06,RealEstate,0.00852,0.08132
2020-10-07,RealEstate,0.0,0.00852
2020-10-08,RealEstate,0.0,0.0
2020-10-09,RealEstate,0.0,0.0
2020-10-12,RealEstate,0.0030800000000000003,0.0
2020-10-13,RealEstate,0.0,0.0030800000000000003
2020-10-14,RealEstate,0.004,0.0
2020-10-15,RealEstate,0.0,0.004
2020-10-16,RealEstate,0.0,0.0
2020-10-19,RealEstate,0.0,0.0
2020-10-20,RealEstate,0.13105333333333333,0.0
2020-10-21,RealEstate,0.00219,0.13105333333333333
2020-10-22,RealEstate,-0.054860000000000006,0.00219
2020-10-23,RealEstate,0.0,-0.054860000000000006
2020-10-26,RealEstate,0.14672000000000002,0.0
2020-10-27,RealEstate,0.0,0.14672000000000002
2020-10-28,RealEstate,0.0018,0.0
2020-10-29,RealEstate,0.0031,0.0018
2020-10-30,RealEstate,0.0,0.0031
2020-11-02,RealEstate,0.03826,0.0
2020-11-03,RealEstate,0.0031,0.03826
2020-11-04,RealEstate,0.0031,0.0031
2020-11-05,RealEstate,0.004566666666666667,0.0031
2020-11-06,RealEstate,0.00438,0.004566666666666667
2020-11-09,RealEstate,0.20550000000000002,0.00438
2020-11-10,RealEstate,0.0,0.20550000000000002
2020-11-11,RealEstate,0.06079,0.0
2020-11-12,RealEstate,0.0,0.06079
2020-11-13,RealEstate,0.10764,0.0
2020-11-16,RealEstate,0.023219999999999998,0.10764
2020-11-17,RealEstate,0.0,0.023219999999999998
2020-11-18,RealEstate,0.07698,0.0
2020-11-19,RealEstate,0.0015400000000000001,0.07698
2020-11-20,RealEstate,0.0,0.0015400000000000001
2020-11-23,RealEstate,0.0018,0.0
2020-11-24,RealEstate,0.053200000000000004,0.0018
2020-11-25,RealEstate,0.0,0.053200000000000004
2020-11-27,RealEstate,0.039,0.0
2020-11-30,RealEstate,0.01394,0.039
2020-12-01,RealEstate,0.06884,0.01394
2020-12-02,RealEstate,0.00568,0.06884
2020-12-03,RealEstate,0.15024,0.00568
2020-12-04,RealEstate,0.0,0.15024
2020-12-07,RealEstate,0.00414,0.0
2020-12-08,RealEstate,-0.07224,0.00414
2020-12-09,RealEstate,0.00568,-0.07224
2020-12-10,RealEstate,0.00902,0.00568
2020-12-11,RealEstate,0.00969,0.00902
2020-12-14,RealEstate,0.029308,0.00969
2020-12-15,RealEstate,0.03531,0.029308
2020-12-16,RealEstate,0.01018,0.03531
2020-12-17,RealEstate,0.07224,0.01018
2020-12-18,RealEstate,0.036250000000000004,0.07224
2020-12-21,RealEstate,0.019999999999999997,0.036250000000000004
2020-12-22,RealEstate,0.0,0.019999999999999997
2020-12-23,RealEstate,0.00026,0.0
2020-12-24,RealEstate,0.008,0.00026
2020-12-28,RealEstate,0.0,0.008
2020-12-29,RealEstate,0.0036200000000000004,0.0
2020-12-30,RealEstate,0.02248,0.0036200000000000004
2020-12-31,RealEstate,0.026493333333333334,0.02248
2021-01-04,RealEstate,0.0018,0.026493333333333334
2021-01-05,RealEstate,0.00475,0.0018
2021-01-06,RealEstate,0.03171,0.00475
2021-01-07,RealEstate,0.0093,0.03171
2021-01-08,RealEstate,0.0015400000000000001,0.0093
2021-01-11,RealEstate,0.2045,0.0015400000000000001
2021-01-12,RealEstate,0.002933333333333334,0.2045
2021-01-13,RealEstate,0.14558,0.002933333333333334
2021-01-14,RealEstate,0.0015400000000000001,0.14558
2021-01-15,RealEstate,0.08249,0.0015400000000000001
2021-01-19,RealEstate,0.07482000000000001,0.08249
2021-01-20,RealEstate,0.07075000000000001,0.07482000000000001
2021-01-21,RealEstate,0.0,0.07075000000000001
2021-01-22,RealEstate,0.0,0.0
2021-01-25,RealEstate,0.04839,0.0
2021-01-26,RealEstate,0.038103333333333336,0.04839
2021-01-27,RealEstate,0.07136,0.038103333333333336
2021-01-28,RealEstate,0.04353,0.07136
2021-01-29,RealEstate,0.01737,0.04353
2021-02-01,RealEstate,0.01416,0.01737
2021-02-02,RealEstate,0.005146666666666667,0.01416
2021-02-03,RealEstate,0.02976666666666667,0.005146666666666667
2021-02-04,RealEstate,0.0,0.02976666666666667
2021-02-05,RealEstate,0.03954,0.0
2021-02-08,RealEstate,0.06820000000000001,0.03954
2021-02-09,RealEstate,-0.00026,0.06820000000000001
2021-02-10,RealEstate,0.0,-0.00026
2021-02-11,RealEstate,0.06372000000000001,0.0
2021-02-12,RealEstate,0.16124,0.06372000000000001
2021-02-16,RealEstate,0.0054199999999999995,0.16124
2021-02-17,RealEstate,0.00464,0.0054199999999999995
2021-02-18,RealEstate,0.0,0.00464
2021-02-19,RealEstate,0.0498,0.0
2021-02-22,RealEstate,0.07472,0.0498
2021-02-23,RealEstate,0.0774,0.07472
2021-02-24,RealEstate,0.13634,0.0774
2021-02-25,RealEstate,0.00496,0.13634
2021-02-26,RealEstate,0.005679999999999999,0.00496
2021-03-01,RealEstate,0.15247000000000002,0.005679999999999999
2021-03-02,RealEstate,0.0031,0.15247000000000002
2021-03-03,RealEstate,0.0038666666666666667,0.0031
2021-03-04,RealEstate,0.11073999999999999,0.0038666666666666667
2021-03-05,RealEstate,0.006720000000000001,0.11073999999999999
2021-03-08,RealEstate,0.019040000000000012,0.006720000000000001
2021-03-09,RealEstate,0.0,0.019040000000000012
2021-03-10,RealEstate,0.039240000000000004,0.0
2021-03-11,RealEstate,0.00776,0.039240000000000004
2021-03-12,RealEstate,0.07224,0.00776
2021-03-15,RealEstate,0.166,0.07224
2021-03-16,RealEstate,0.07259333333333333,0.166
2021-03-17,RealEstate,0.00258,0.07259333333333333
2021-03-18,RealEstate,0.01444,0.00258
2021-03-19,RealEstate,0.0,0.01444
2021-03-22,RealEstate,0.0,0.0
2021-03-23,RealEstate,0.0031,0.0
2021-03-24,RealEstate,0.0,0.0031
2021-03-25,RealEstate,0.007090000000000001,0.0
2021-03-26,RealEstate,0.0,0.007090000000000001
2021-03-29,RealEstate,0.02425,0.0
2021-03-30,RealEstate,0.07534,0.02425
2021-03-31,RealEstate,0.0015400000000000001,0.07534
2021-04-01,RealEstate,-0.0153,0.0015400000000000001
2021-04-05,RealEstate,0.00017333333333333334,-0.0153
2021-04-06,RealEstate,0.09794,0.00017333333333333334
2021-04-07,RealEstate,0.08314,0.09794
2021-04-08,RealEstate,0.0,0.08314
2021-04-09,RealEstate,0.0,0.0
2021-04-12,RealEstate,0.14642,0.0
2021-04-13,RealEstate,0.0015400000000000001,0.14642
2021-04-14,RealEstate,0.07224,0.0015400000000000001
2021-04-15,RealEstate,0.02568,0.07224
2021-04-16,RealEstate,0.0,0.02568
2021-04-19,RealEstate,0.0361,0.0
2021-04-20,RealEstate,0.0,0.0361
2021-04-21,RealEstate,0.037669999999999995,0.0
2021-04-22,RealEstate,0.09090000000000001,0.037669999999999995
2021-04-23,RealEstate,0.07678,0.09090000000000001
2021-04-26,RealEstate,0.046,0.07678
2021-04-27,RealEstate,0.0,0.046
2021-04-28,RealEstate,0.10756000000000002,0.0
2021-04-29,RealEstate,0.08274133333333333,0.10756000000000002
2021-04-30,RealEstate,0.07610666666666667,0.08274133333333333
2021-05-03,RealEstate,0.1638,0.07610666666666667
2021-05-04,RealEstate,0.0,0.1638
2021-05-05,RealEstate,0.021700000000000004,0.0
2021-05-06,RealEstate,0.0008500000000000007,0.021700000000000004
2021-05-07,RealEstate,0.0,0.0008500000000000007
2021-05-10,RealEstate,0.0,0.0
2021-05-11,RealEstate,0.11606000000000001,0.0
2021-05-12,RealEstate,0.06472,0.11606000000000001
2021-05-13,RealEstate,0.00776,0.06472
2021-05-14,RealEstate,0.0,0.00776
2021-05-17,RealEstate,0.0,0.0
2021-05-18,RealEstate,0.0036200000000000004,0.0
2021-05-19,RealEstate,0.0,0.0036200000000000004
2021-05-20,RealEstate,0.0,0.0
2021-05-21,RealEstate,0.0,0.0
2021-05-24,RealEstate,0.08405,0.0
2021-05-25,RealEstate,0.11271,0.08405
2021-05-26,RealEstate,0.0049,0.11271
2021-05-27,RealEstate,0.00155,0.0049
2021-05-28,RealEstate,0.00928,0.00155
2021-06-01,RealEstate,0.03825,0.00928
2021-06-02,RealEstate,0.00594,0.03825
2021-06-03,RealEstate,0.02656,0.00594
2021-06-04,RealEstate,0.06386,0.02656
2021-06-07,RealEstate,0.06878,0.06386
2021-06-08,RealEstate,0.0,0.06878
2021-06-09,RealEstate,0.00711,0.0
2021-06-10,RealEstate,0.09028,0.00711
2021-06-11,RealEstate,0.00194,0.09028
2021-06-14,RealEstate,-0.0013,0.00194
2021-06-15,RealEstate,-0.059199999999999996,-0.0013
2021-06-16,RealEstate,0.0017333333333333333,-0.059199999999999996
2021-06-17,RealEstate,0.08023999999999999,0.0017333333333333333
2021-06-18,RealEstate,0.06991,0.08023999999999999
2021-06-21,RealEstate,0.0,0.06991
2021-06-22,RealEstate,0.00232,0.0
2021-06-23,RealEstate,0.0,0.00232
2021-06-24,RealEstate,0.01694,0.0
2021-06-25,RealEstate,0.07224,0.01694
2021-06-28,RealEstate,0.023633333333333336,0.07224
2021-06-29,RealEstate,0.0031,0.023633333333333336
2021-06-30,RealEstate,0.07389,0.0031
2021-07-01,RealEstate,0.19456,0.07389
2021-07-02,RealEstate,0.07755999999999999,0.19456
2021-07-06,RealEstate,0.0,0.07755999999999999
2021-07-07,RealEstate,0.11998,0.0
2021-07-08,RealEstate,0.0049,0.11998
2021-07-09,RealEstate,0.00013,0.0049
2021-07-12,RealEstate,0.07224,0.00013
2021-07-13,RealEstate,0.0018,0.07224
2021-07-14,RealEstate,0.00219,0.0018
2021-07-15,RealEstate,0.07224,0.00219
2021-07-16,RealEstate,0.0013,0.07224
2021-07-19,RealEstate,-0.10336000000000001,0.0013
2021-07-20,RealEstate,0.00568,-0.10336000000000001
2021-07-21,RealEstate,0.0,0.00568
2021-07-22,RealEstate,0.00207,0.0
2021-07-23,RealEstate,0.0,0.00207
2021-07-26,RealEstate,0.09146000000000001,0.0
2021-07-27,RealEstate,0.0,0.09146000000000001
2021-07-28,RealEstate,0.03192,0.0
2021-07-29,RealEstate,0.02304,0.03192
2021-07-30,RealEstate,0.0,0.02304
2021-08-02,RealEstate,0.07868,0.0
2021-08-03,RealEstate,0.0037400000000000003,0.07868
2021-08-04,RealEstate,0.00284,0.0037400000000000003
2021-08-05,RealEstate,0.0,0.00284
2021-08-06,RealEstate,0.0016899999999999999,0.0
2021-08-09,RealEstate,0.00097,0.0016899999999999999
2021-08-10,RealEstate,0.10972,0.00097
2021-08-11,RealEstate,0.038360000000000005,0.10972
2021-08-12,RealEstate,0.11366000000000001,0.038360000000000005
2021-08-13,RealEstate,0.0,0.11366000000000001
2021-08-16,RealEstate,0.15259,0.0
2021-08-17,RealEstate,0.0013,0.15259
2021-08-18,RealEstate,0.06756999999999999,0.0013
2021-08-19,RealEstate,0.00568,0.06756999999999999
2021-08-20,RealEstate,0.11438,0.00568
2021-08-23,RealEstate,0.0,0.11438
2021-08-24,RealEstate,0.00516,0.0
2021-08-25,RealEstate,-0.00154,0.00516
2021-08-26,RealEstate,0.0,-0.00154
2021-08-27,RealEstate,0.04175,0.0
2021-08-30,RealEstate,0.013386666666666668,0.04175
2021-08-31,RealEstate,0.07404000000000001,0.013386666666666668
2021-09-01,RealEstate,0.059640000000000006,0.07404000000000001
2021-09-02,RealEstate,0.0,0.059640000000000006
2021-09-03,RealEstate,0.01032,0.0
2021-09-07,RealEstate,0.03599166666666667,0.01032
2021-09-08,RealEstate,0.0032300000000000002,0.03599166666666667
2021-09-09,RealEstate,0.07224,0.0032300000000000002
2021-09-10,RealEstate,0.011446666666666667,0.07224
2021-09-13,RealEstate,-0.004139999999999999,0.011446666666666667
2021-09-14,RealEstate,0.00902,-0.004139999999999999
2021-09-15,RealEstate,0.0058200000000000005,0.00902
2021-09-16,RealEstate,-0.09098,0.0058200000000000005
2021-09-17,RealEstate,0.0027,-0.09098
2021-09-20,RealEstate,0.015460000000000002,0.0027
2021-09-21,RealEstate,0.036270000000000004,0.015460000000000002
2021-09-22,RealEstate,0.00683,0.036270000000000004
2021-09-23,RealEstate,0.0049,0.00683
2021-09-24,RealEstate,0.0,0.0049
2021-09-27,RealEstate,0.13999,0.0
2021-09-28,RealEstate,0.00516,0.13999
2021-09-29,RealEstate,0.03767,0.00516
2021-09-30,RealEstate,0.00698,0.03767
2021-10-01,RealEstate,0.012920000000000001,0.00698
2021-10-04,RealEstate,-0.07224,0.012920000000000001
2021-10-05,RealEstate,0.07224,-0.07224
2021-10-06,RealEstate,0.10274000000000001,0.07224
2021-10-07,RealEstate,0.0,0.10274000000000001
2021-10-08,RealEstate,0.14448,0.0
2021-10-11,RealEstate,0.12498000000000001,0.14448
2021-10-12,RealEstate,0.00568,0.12498000000000001
2021-10-13,RealEstate,0.09939,0.00568
2021-10-14,RealEstate,0.02164,0.09939
2021-10-15,RealEstate,0.15762,0.02164
2021-10-18,RealEstate,0.0018,0.15762
2021-10-19,RealEstate,0.08424000000000001,0.0018
2021-10-20,RealEstate,0.05094,0.08424000000000001
2021-10-21,RealEstate,0.021679999999999998,0.05094
2021-10-22,RealEstate,0.07472,0.021679999999999998
2021-10-25,RealEstate,0.037410000000000006,0.07472
2021-10-26,RealEstate,0.14506000000000002,0.037410000000000006
2021-10-27,RealEstate,0.00078,0.14506000000000002
2021-10-28,RealEstate,0.03554,0.00078
2021-10-29,RealEstate,0.03441,0.03554
2021-11-01,RealEstate,0.02594,0.03441
2021-11-02,RealEstate,0.00964,0.02594
2021-11-03,RealEstate,0.00155,0.00964
2021-11-04,RealEstate,0.029879999999999997,0.00155
2021-11-05,RealEstate,0.0,0.029879999999999997
2021-11-08,RealEstate,-0.0227,0.0
2021-11-09,RealEstate,0.17519,-0.0227
2021-11-10,RealEstate,0.0,0.17519
2021-11-11,RealEstate,0.11535999999999999,0.0
2021-11-12,RealEstate,0.0062,0.11535999999999999
2021-11-15,RealEstate,0.046907333333333336,0.0062
2021-11-16,RealEstate,0.0036199999999999995,0.046907333333333336
2021-11-17,RealEstate,0.0033549999999999995,0.0036199999999999995
2021-11-18,RealEstate,0.19184,0.0033549999999999995
2021-11-19,RealEstate,0.0,0.19184
2021-11-22,RealEstate,0.10126666666666666,0.0
2021-11-23,RealEstate,0.0,0.10126666666666666
2021-11-24,RealEstate,0.11438,0.0
2021-11-26,RealEstate,0.04169,0.11438
2021-11-29,RealEstate,0.01472,0.04169
2021-11-30,RealEstate,-0.00104,0.01472
2021-12-01,RealEstate,0.00258,-0.00104
2021-12-02,RealEstate,0.032306666666666664,0.00258
2021-12-03,RealEstate,-0.024379999999999995,0.032306666666666664
2021-12-06,RealEstate,0.00516,-0.024379999999999995
2021-12-07,RealEstate,0.00451,0.00516
2021-12-08,RealEstate,0.06677,0.00451
2021-12-09,RealEstate,0.07432,0.06677
2021-12-10,RealEstate,-0.045959999999999994,0.07432
2021-12-13,RealEstate,0.00615,-0.045959999999999994
2021-12-14,RealEstate,0.2619,0.00615
2021-12-15,RealEstate,0.01211,0.2619
2021-12-16,RealEstate,0.06415,0.01211
2021-12-17,RealEstate,0.03807,0.06415
2021-12-20,RealEstate,0.06519,0.03807
2021-12-21,RealEstate,0.015220000000000001,0.06519
2021-12-22,RealEstate,0.00296,0.015220000000000001
2021-12-23,RealEstate,0.0018,0.00296
2021-12-27,RealEstate,0.11435999999999999,0.0018
2021-12-28,RealEstate,0.0049,0.11435999999999999
2021-12-29,RealEstate,0.15145999999999998,0.0049
2021-12-30,RealEstate,0.13084,0.15145999999999998
2021-12-31,RealEstate,0.12031999999999998,0.13084
2022-01-03,RealEstate,0.07818,0.12031999999999998
2022-01-04,RealEstate,0.15353,0.07818
2022-01-05,RealEstate,0.009179999999999999,0.15353
2022-01-06,RealEstate,0.00363,0.009179999999999999
2022-01-07,RealEstate,0.0033599999999999997,0.00363
2022-01-10,RealEstate,0.0737,0.0033599999999999997
2022-01-11,RealEstate,-0.00285,0.0737
2022-01-12,RealEstate,-0.051070000000000004,-0.00285
2022-01-13,RealEstate,0.07694,-0.051070000000000004
2022-01-14,RealEstate,0.03428,0.07694
2022-01-18,RealEstate,0.02085,0.03428
2022-01-19,RealEstate,0.217745,0.02085
2022-01-20,RealEstate,0.22191,0.217745
2022-01-21,RealEstate,0.25669,0.22191
2022-01-24,RealEstate,0.08917333333333333,0.25669
2022-01-25,RealEstate,0.11387,0.08917333333333333
2022-01-26,RealEstate,-0.019893333333333332,0.11387
2022-01-27,RealEstate,0.22168333333333332,-0.019893333333333332
2022-01-28,RealEstate,-0.11421,0.22168333333333332
2022-01-31,RealEstate,0.22344,-0.11421
2022-02-01,RealEstate,0.00839,0.22344
2022-02-02,RealEstate,0.07108,0.00839
2022-02-03,RealEstate,0.08813,0.07108
2022-02-04,RealEstate,0.0,0.08813
2022-02-07,RealEstate,0.04283,0.0
2022-02-08,RealEstate,0.07526000000000001,0.04283
2022-02-09,RealEstate,0.0071933333333333346,0.07526000000000001
2022-02-10,RealEstate,0.14966000000000002,0.0071933333333333346
2022-02-11,RealEstate,-0.03562,0.14966000000000002
2022-02-14,RealEstate,0.20693999999999999,-0.03562
2022-02-15,RealEstate,0.10903,0.20693999999999999
2022-02-16,RealEstate,0.26466,0.10903
2022-02-17,RealEstate,0.03578,0.26466
2022-02-18,RealEstate,-0.07002,0.03578
2022-02-22,RealEstate,0.121447,-0.07002
2022-02-23,RealEstate,0.06997666666666666,0.121447
2022-02-24,RealEstate,0.22260999999999997,0.06997666666666666
2022-02-25,RealEstate,-0.01499,0.22260999999999997
2022-02-28,RealEstate,0.01542,-0.01499
2022-03-01,RealEstate,0.07934,0.01542
2022-03-02,RealEstate,0.18104,0.07934
2022-03-03,RealEstate,0.09341,0.18104
2022-03-04,RealEstate,0.10859333333333332,0.09341
2022-03-07,RealEstate,0.04667000000000001,0.10859333333333332
2022-03-08,RealEstate,0.07106,0.04667000000000001
2022-03-09,RealEstate,-0.06682,0.07106
2022-03-10,RealEstate,0.04570333333333333,-0.06682
2022-03-11,RealEstate,0.03955,0.04570333333333333
2022-03-14,RealEstate,0.17592000000000002,0.03955
2022-03-15,RealEstate,0.1520466666666667,0.17592000000000002
2022-03-16,RealEstate,0.05253333333333334,0.1520466666666667
2022-03-17,RealEstate,0.00052,0.05253333333333334
2022-03-18,RealEstate,0.07169,0.00052
2022-03-21,RealEstate,0.17032833333333333,0.07169
2022-03-22,RealEstate,0.07106,0.17032833333333333
2022-03-23,RealEstate,0.0737,0.07106
2022-03-24,RealEstate,0.029886666666666666,0.0737
2022-03-25,RealEstate,0.07175000000000001,0.029886666666666666
2022-03-28,RealEstate,0.04174500000000001,0.07175000000000001
2022-03-29,RealEstate,0.03898,0.04174500000000001
2022-03-30,RealEstate,0.11506000000000001,0.03898
2022-03-31,RealEstate,0.07582,0.11506000000000001
2022-04-01,RealEstate,0.07589,0.07582
2022-04-04,RealEstate,0.12578,0.07589
2022-04-05,RealEstate,0.08328533333333334,0.12578
2022-04-06,RealEstate,0.09832666666666667,0.08328533333333334
2022-04-07,RealEstate,0.14748,0.09832666666666667
2022-04-08,RealEstate,0.07992,0.14748
2022-04-11,RealEstate,0.05357333333333334,0.07992
2022-04-12,RealEstate,0.19233333333333333,0.05357333333333334
2022-04-13,RealEstate,0.03888333333333334,0.19233333333333333
2022-04-14,RealEstate,0.032036666666666665,0.03888333333333334
2022-04-18,RealEstate,0.02042,0.032036666666666665
2022-04-19,RealEstate,0.008875999999999995,0.02042
2022-04-20,RealEstate,0.017135,0.008875999999999995
2022-04-21,RealEstate,-0.010338333333333333,0.017135
2022-04-22,RealEstate,0.00258,-0.010338333333333333
2022-04-25,RealEstate,0.14175333333333334,0.00258
2022-04-26,RealEstate,0.008790000000000001,0.14175333333333334
2022-04-27,RealEstate,0.09220666666666667,0.008790000000000001
2022-04-28,RealEstate,0.10257000000000001,0.09220666666666667
2022-04-29,RealEstate,0.0229,0.10257000000000001
2022-05-02,RealEstate,0.07807,0.0229
2022-05-03,RealEstate,0.06206666666666667,0.07807
2022-05-04,RealEstate,0.04374000000000001,0.06206666666666667
2022-05-05,RealEstate,0.027960000000000002,0.04374000000000001
2022-05-06,RealEstate,0.06581000000000001,0.027960000000000002
2022-05-09,RealEstate,0.06301999999999999,0.06581000000000001
2022-05-10,RealEstate,0.15002333333333334,0.06301999999999999
2022-05-11,RealEstate,-0.04136,0.15002333333333334
2022-05-12,RealEstate,0.09994666666666666,-0.04136
2022-05-13,RealEstate,0.01805,0.09994666666666666
2022-05-16,RealEstate,0.050416666666666665,0.01805
2022-05-17,RealEstate,0.19424,0.050416666666666665
2022-05-18,RealEstate,-0.040999999999999995,0.19424
2022-05-19,RealEstate,-0.012614999999999998,-0.040999999999999995
2022-05-20,RealEstate,0.13811199999999998,-0.012614999999999998
2022-05-23,RealEstate,0.14770933333333333,0.13811199999999998
2022-05-24,RealEstate,0.19403,0.14770933333333333
2022-05-25,RealEstate,0.05682,0.19403
2022-05-26,RealEstate,0.002100000000000002,0.05682
2022-05-27,RealEstate,-0.0344,0.002100000000000002
2022-05-31,RealEstate,0.10907,-0.0344
2022-06-01,RealEstate,0.038060000000000004,0.10907
2022-06-02,RealEstate,-0.03796000000000001,0.038060000000000004
2022-06-03,RealEstate,0.04193000000000001,-0.03796000000000001
2022-06-06,RealEstate,0.026991999999999995,0.04193000000000001
2022-06-07,RealEstate,0.04396333333333333,0.026991999999999995
2022-06-08,RealEstate,0.06404200000000002,0.04396333333333333
2022-06-09,RealEstate,0.06943333333333333,0.06404200000000002
2022-06-10,RealEstate,0.016125,0.06943333333333333
2022-06-13,RealEstate,0.13661600000000002,0.016125
2022-06-14,RealEstate,0.13173,0.13661600000000002
2022-06-15,RealEstate,-0.03468,0.13173
2022-06-16,RealEstate,0.05051000000000001,-0.03468
2022-06-17,RealEstate,0.160716,0.05051000000000001
2022-06-21,RealEstate,0.10731333333333333,0.160716
2022-06-22,RealEstate,0.03451333333333333,0.10731333333333333
2022-06-23,RealEstate,0.005840000000000012,0.03451333333333333
2022-06-24,RealEstate,-0.07265,0.005840000000000012
2022-06-27,RealEstate,0.02089,-0.07265
2022-06-28,RealEstate,0.05252,0.02089
2022-06-29,RealEstate,0.01742,0.05252
2022-06-30,RealEstate,0.039459999999999995,0.01742
2022-07-01,RealEstate,0.05693999999999999,0.039459999999999995
2022-07-05,RealEstate,0.10267,0.05693999999999999
2022-07-06,RealEstate,-0.011399999999999999,0.10267
2022-07-07,RealEstate,0.10114666666666668,-0.011399999999999999
2022-07-08,RealEstate,0.13751,0.10114666666666668
2022-07-11,RealEstate,0.19497,0.13751
2022-07-12,RealEstate,0.07374,0.19497
2022-07-13,RealEstate,0.12651,0.07374
2022-07-14,RealEstate,0.0049,0.12651
2022-07-15,RealEstate,-0.138298,0.0049
2022-07-18,RealEstate,0.1484475,-0.138298
2022-07-19,RealEstate,-0.06442,0.1484475
2022-07-20,RealEstate,0.18999333333333332,-0.06442
2022-07-21,RealEstate,0.15921333333333332,0.18999333333333332
2022-07-22,RealEstate,0.21892,0.15921333333333332
2022-07-25,RealEstate,0.10741733333333334,0.21892
2022-07-26,RealEstate,0.10994999999999999,0.10741733333333334
2022-07-27,RealEstate,0.12768333333333332,0.10994999999999999
2022-07-28,RealEstate,0.17159000000000002,0.12768333333333332
2022-07-29,RealEstate,0.09398000000000001,0.17159000000000002
2022-08-01,RealEstate,0.06546833333333332,0.09398000000000001
2022-08-02,RealEstate,0.02275,0.06546833333333332
2022-08-03,RealEstate,0.008156666666666666,0.02275
2022-08-04,RealEstate,0.21664000000000003,0.008156666666666666
2022-08-05,RealEstate,0.21385,0.21664000000000003
2022-08-08,RealEstate,-0.02930000000000001,0.21385
2022-08-09,RealEstate,0.08088,-0.02930000000000001
2022-08-10,RealEstate,0.0767,0.08088
2022-08-11,RealEstate,0.19112666666666667,0.0767
2022-08-12,RealEstate,0.037675,0.19112666666666667
2022-08-15,RealEstate,0.011030000000000007,0.037675
2022-08-16,RealEstate,0.00838,0.011030000000000007
2022-08-17,RealEstate,0.11404166666666667,0.00838
2022-08-18,RealEstate,0.07766,0.11404166666666667
2022-08-19,RealEstate,0.02126,0.07766
2022-08-22,RealEstate,0.27047499999999997,0.02126
2022-08-23,RealEstate,0.00903,0.27047499999999997
2022-08-24,RealEstate,0.210105,0.00903
2022-08-25,RealEstate,0.11488000000000001,0.210105
2022-08-26,RealEstate,0.01236,0.11488000000000001
2022-08-29,RealEstate,0.06372333333333333,0.01236
2022-08-30,RealEstate,-0.0036200000000000004,0.06372333333333333
2022-08-31,RealEstate,0.08888,-0.0036200000000000004
2022-09-01,RealEstate,0.00594,0.08888
2022-09-02,RealEstate,0.004533333333333331,0.00594
2022-09-06,RealEstate,0.133495,0.004533333333333331
2022-09-07,RealEstate,0.06802,0.133495
2022-09-08,RealEstate,0.13901,0.06802
2022-09-09,RealEstate,0.02347,0.13901
2022-09-12,RealEstate,0.12799833333333335,0.02347
2022-09-13,RealEstate,0.0397,0.12799833333333335
2022-09-14,RealEstate,0.087895,0.0397
2022-09-15,RealEstate,0.13257999999999998,0.087895
2022-09-16,RealEstate,0.18076,0.13257999999999998
2022-09-19,RealEstate,0.0322,0.18076
2022-09-20,RealEstate,0.021436666666666666,0.0322
2022-09-21,RealEstate,0.06767000000000001,0.021436666666666666
2022-09-22,RealEstate,0.04548,0.06767000000000001
2022-09-23,RealEstate,0.029446666666666666,0.04548
2022-09-26,RealEstate,-0.050888571428571436,0.029446666666666666
2022-09-27,RealEstate,-0.05516,-0.050888571428571436
2022-09-28,RealEstate,-0.14366666666666666,-0.05516
2022-09-29,RealEstate,0.0,-0.14366666666666666
2022-09-30,RealEstate,0.11427999999999998,0.0
2022-10-03,RealEstate,0.011980000000000001,0.11427999999999998
2022-10-04,RealEstate,0.34803666666666666,0.011980000000000001
2022-10-05,RealEstate,-0.03515333333333333,0.34803666666666666
2022-10-06,RealEstate,-0.02572,-0.03515333333333333
2022-10-07,RealEstate,0.02540833333333333,-0.02572
2022-10-10,RealEstate,0.012570000000000001,0.02540833333333333
2022-10-11,RealEstate,-0.08196,0.012570000000000001
2022-10-12,RealEstate,0.0018100000000000002,-0.08196
2022-10-13,RealEstate,0.0031,0.0018100000000000002
2022-10-14,RealEstate,-0.054859999999999985,0.0031
2022-10-17,RealEstate,0.111374,-0.054859999999999985
2022-10-18,RealEstate,0.021825,0.111374
2022-10-19,RealEstate,0.10965,0.021825
2022-10-20,RealEstate,0.032086666666666666,0.10965
2022-10-21,RealEstate,0.15489999999999998,0.032086666666666666
2022-10-24,RealEstate,0.050116666666666664,0.15489999999999998
2022-10-25,RealEstate,0.046830000000000004,0.050116666666666664
2022-10-26,RealEstate,0.09498999999999999,0.046830000000000004
2022-10-27,RealEstate,0.027586,0.09498999999999999
2022-10-28,RealEstate,0.00034666666666666667,0.027586
2022-10-31,RealEstate,0.14787142857142857,0.00034666666666666667
2022-11-01,RealEstate,0.27343666666666666,0.14787142857142857
2022-11-02,RealEstate,0.10599599999999998,0.27343666666666666
2022-11-03,RealEstate,0.07330166666666667,0.10599599999999998
2022-11-04,RealEstate,0.00026,0.07330166666666667
2022-11-07,RealEstate,-0.0003433333333333344,0.00026
2022-11-08,RealEstate,0.07874,-0.0003433333333333344
2022-11-09,RealEstate,0.00413,0.07874
2022-11-10,RealEstate,0.0413,0.00413
2022-11-11,RealEstate,0.09172000000000001,0.0413
2022-11-14,RealEstate,0.03046666666666667,0.09172000000000001
2022-11-15,RealEstate,-0.06756,0.03046666666666667
2022-11-16,RealEstate,0.06436,-0.06756
2022-11-17,RealEstate,0.0,0.06436
2022-11-18,RealEstate,0.00412,0.0
2022-11-21,RealEstate,0.13991333333333333,0.00412
2022-11-22,RealEstate,-0.00802,0.13991333333333333
2022-11-23,RealEstate,0.11981000000000001,-0.00802
2022-11-25,RealEstate,0.14001999999999998,0.11981000000000001
2022-11-28,RealEstate,0.0454,0.14001999999999998
2022-11-29,RealEstate,0.0,0.0454
2022-11-30,RealEstate,-0.035550000000000005,0.0
2022-12-01,RealEstate,0.220446,-0.035550000000000005
2022-12-02,RealEstate,0.16013000000000002,0.220446
2022-12-05,RealEstate,0.07699,0.16013000000000002
2022-12-06,RealEstate,0.04171999999999999,0.07699
2022-12-07,RealEstate,0.2554,0.04171999999999999
2022-12-08,RealEstate,0.00026,0.2554
2022-12-09,RealEstate,0.08012,0.00026
2022-12-12,RealEstate,0.0111,0.08012
2022-12-13,RealEstate,0.0015400000000000001,0.0111
2022-12-14,RealEstate,0.03945333333333333,0.0015400000000000001
2022-12-15,RealEstate,0.04972,0.03945333333333333
2022-12-16,RealEstate,0.07764000000000001,0.04972
2022-12-19,RealEstate,0.11609499999999999,0.07764000000000001
2022-12-20,RealEstate,0.0009049999999999999,0.11609499999999999
2022-12-21,RealEstate,-0.049400000000000006,0.0009049999999999999
2022-12-22,RealEstate,0.0,-0.049400000000000006
2022-12-23,RealEstate,0.0,0.0
2022-12-27,RealEstate,0.20333,0.0
2022-12-28,RealEstate,0.10182666666666666,0.20333
2022-12-29,RealEstate,0.00826,0.10182666666666666
2022-12-30,RealEstate,-0.014599999999999998,0.00826
2023-01-03,RealEstate,0.09575333333333333,-0.014599999999999998
2023-01-04,RealEstate,0.0085,0.09575333333333333
2023-01-05,RealEstate,0.05761333333333333,0.0085
2023-01-06,RealEstate,0.0023749999999999995,0.05761333333333333
2023-01-09,RealEstate,0.005799999999999994,0.0023749999999999995
2023-01-10,RealEstate,0.184,0.005799999999999994
2023-01-11,RealEstate,0.04889,0.184
2023-01-12,RealEstate,0.231,0.04889
2023-01-13,RealEstate,0.007469999999999999,0.231
2023-01-17,RealEstate,0.06921,0.007469999999999999
2023-01-18,RealEstate,0.11265333333333334,0.06921
2023-01-19,RealEstate,0.053926666666666664,0.11265333333333334
2023-01-20,RealEstate,0.04530000000000001,0.053926666666666664
2023-01-23,RealEstate,0.07007166666666667,0.04530000000000001
2023-01-24,RealEstate,0.09029000000000001,0.07007166666666667
2023-01-25,RealEstate,0.17333333333333334,0.09029000000000001
2023-01-26,RealEstate,0.008743333333333332,0.17333333333333334
2023-01-27,RealEstate,0.07368,0.008743333333333332
2023-01-30,RealEstate,0.03670333333333333,0.07368
2023-01-31,RealEstate,0.01379999999999999,0.03670333333333333
2023-02-01,RealEstate,0.02148,0.01379999999999999
2023-02-02,RealEstate,0.041080000000000005,0.02148
2023-02-03,RealEstate,0.035370000000000006,0.041080000000000005
2023-02-06,RealEstate,0.018798095238095232,0.035370000000000006
2023-02-07,RealEstate,0.08549,0.018798095238095232
2023-02-08,RealEstate,0.0067,0.08549
2023-02-09,RealEstate,0.21095000000000003,0.0067
2023-02-10,RealEstate,0.14114,0.21095000000000003
2023-02-13,RealEstate,0.27031499999999997,0.14114
2023-02-14,RealEstate,0.005550000000000001,0.27031499999999997
2023-02-15,RealEstate,0.005146666666666666,0.005550000000000001
2023-02-16,RealEstate,-0.017629999999999996,0.005146666666666666
2023-02-17,RealEstate,0.02908,-0.017629999999999996
2023-02-21,RealEstate,0.01254,0.02908
2023-02-22,RealEstate,0.04845666666666666,0.01254
2023-02-23,RealEstate,0.056143333333333344,0.04845666666666666
2023-02-24,RealEstate,0.008135,0.056143333333333344
2023-02-27,RealEstate,0.03439333333333333,0.008135
2023-02-28,RealEstate,0.06582,0.03439333333333333
2023-03-01,RealEstate,0.008689999999999998,0.06582
2023-03-02,RealEstate,0.08051,0.008689999999999998
2023-03-03,RealEstate,0.01408,0.08051
2023-03-06,RealEstate,-0.034640000000000004,0.01408
2023-03-07,RealEstate,0.04191,-0.034640000000000004
2023-03-08,RealEstate,0.18125,0.04191
2023-03-09,RealEstate,0.03947,0.18125
2023-03-10,RealEstate,0.060719999999999996,0.03947
2023-03-13,RealEstate,0.069565,0.060719999999999996
2023-03-14,RealEstate,0.07645333333333335,0.069565
2023-03-15,RealEstate,-0.06012599999999999,0.07645333333333335
2023-03-16,RealEstate,0.17846,-0.06012599999999999
2023-03-17,RealEstate,0.10697999999999999,0.17846
2023-03-20,RealEstate,0.12982,0.10697999999999999
2023-03-21,RealEstate,0.2698866666666667,0.12982
2023-03-22,RealEstate,0.08076,0.2698866666666667
2023-03-23,RealEstate,-0.008160000000000011,0.08076
2023-03-24,RealEstate,0.06858,-0.008160000000000011
2023-03-27,RealEstate,0.06936,0.06858
2023-03-28,RealEstate,0.061880000000000004,0.06936
2023-03-29,RealEstate,0.07595333333333334,0.061880000000000004
2023-03-30,RealEstate,0.007233333333333333,0.07595333333333334
2023-03-31,RealEstate,0.04264,0.007233333333333333
2023-04-03,RealEstate,0.120814,0.04264
2023-04-04,RealEstate,0.16750500000000001,0.120814
2023-04-05,RealEstate,0.01838,0.16750500000000001
2023-04-06,RealEstate,0.04147,0.01838
2023-04-10,RealEstate,0.0630397619047619,0.04147
2023-04-11,RealEstate,0.2226,0.0630397619047619
2023-04-12,RealEstate,0.08563000000000001,0.2226
2023-04-13,RealEstate,0.00155,0.08563000000000001
2023-04-14,RealEstate,-0.03717,0.00155
2023-04-17,RealEstate,0.02679,-0.03717
2023-04-18,RealEstate,0.15032500000000001,0.02679
2023-04-19,RealEstate,-0.000994666666666652,0.15032500000000001
2023-04-20,RealEstate,0.029676666666666664,-0.000994666666666652
2023-04-21,RealEstate,0.029249999999999998,0.029676666666666664
2023-04-24,RealEstate,0.06840333333333333,0.029249999999999998
2023-04-25,RealEstate,0.06988,0.06840333333333333
2023-04-26,RealEstate,0.028600000000000004,0.06988
2023-04-27,RealEstate,-0.0004049999999999998,0.028600000000000004
2023-04-28,RealEstate,0.31720000000000004,-0.0004049999999999998
2023-05-01,RealEstate,-0.03424000000000001,0.31720000000000004
2023-05-02,RealEstate,0.07354133333333333,-0.03424000000000001
2023-05-03,RealEstate,0.03146,0.07354133333333333
2023-05-04,RealEstate,0.02799666666666667,0.03146
2023-05-05,RealEstate,0.08043999999999998,0.02799666666666667
2023-05-08,RealEstate,0.06284333333333333,0.08043999999999998
2023-05-09,RealEstate,0.00464,0.06284333333333333
2023-05-10,RealEstate,0.12414666666666666,0.00464
2023-05-11,RealEstate,0.08526,0.12414666666666666
2023-05-12,RealEstate,0.08079,0.08526
2023-05-15,RealEstate,0.10809000000000002,0.08079
2023-05-16,RealEstate,0.003875,0.10809000000000002
2023-05-17,RealEstate,0.1529,0.003875
2023-05-18,RealEstate,-0.0009533333333333355,0.1529
2023-05-19,RealEstate,0.004039999999999999,-0.0009533333333333355
2023-05-22,RealEstate,0.010485000000000003,0.004039999999999999
2023-05-23,RealEstate,0.019459999999999998,0.010485000000000003
2023-05-24,RealEstate,0.16896,0.019459999999999998
2023-05-25,RealEstate,0.041548,0.16896
2023-05-26,RealEstate,0.00219,0.041548
2023-05-30,RealEstate,0.12538,0.00219
2023-05-31,RealEstate,0.15109,0.12538
2023-06-01,RealEstate,0.017546666666666665,0.15109
2023-06-02,RealEstate,-0.07468,0.017546666666666665
2023-06-05,RealEstate,0.006013333333333332,-0.07468
2023-06-06,RealEstate,0.088,0.006013333333333332
2023-06-07,RealEstate,0.0054199999999999995,0.088
2023-06-08,RealEstate,0.0456,0.0054199999999999995
2023-06-09,RealEstate,0.010589999999999999,0.0456
2023-06-12,RealEstate,0.1285,0.010589999999999999
2023-06-13,RealEstate,0.010960000000000001,0.1285
2023-06-14,RealEstate,0.043554999999999996,0.010960000000000001
2023-06-15,RealEstate,0.010429999999999998,0.043554999999999996
2023-06-16,RealEstate,0.06150666666666667,0.010429999999999998
2023-06-20,RealEstate,0.0029999999999999996,0.06150666666666667
2023-06-21,RealEstate,0.0,0.0029999999999999996
2023-06-22,RealEstate,0.046755000000000005,0.0
2023-06-23,RealEstate,0.09225666666666667,0.046755000000000005
2023-06-26,RealEstate,0.08804333333333333,0.09225666666666667
2023-06-27,RealEstate,0.08075,0.08804333333333333
2023-06-28,RealEstate,0.061044999999999995,0.08075
2023-06-29,RealEstate,0.0022349999999999996,0.061044999999999995
2023-06-30,RealEstate,0.00826,0.0022349999999999996
2023-07-03,RealEstate,0.065915,0.00826
2023-07-05,RealEstate,0.08596666666666668,0.065915
2023-07-06,RealEstate,0.01254,0.08596666666666668
2023-07-07,RealEstate,-0.16319,0.01254
2023-07-10,RealEstate,0.01187,-0.16319
2023-07-11,RealEstate,0.004340000000000005,0.01187
2023-07-12,RealEstate,-0.0021266666666666678,0.004340000000000005
2023-07-13,RealEstate,0.07471666666666668,-0.0021266666666666678
2023-07-14,RealEstate,0.057330000000000006,0.07471666666666668
2023-07-17,RealEstate,0.13694,0.057330000000000006
2023-07-18,RealEstate,0.13806866666666667,0.13694
2023-07-19,RealEstate,0.127726,0.13806866666666667
2023-07-20,RealEstate,0.052250857142857134,0.127726
2023-07-21,RealEstate,0.01188,0.052250857142857134
2023-07-24,RealEstate,0.17045000000000002,0.01188
2023-07-25,RealEstate,0.11992,0.17045000000000002
2023-07-26,RealEstate,0.04257466666666666,0.11992
2023-07-27,RealEstate,0.08299333333333334,0.04257466666666666
2023-07-28,RealEstate,0.19028,0.08299333333333334
2023-07-31,RealEstate,-0.023915,0.19028
2023-08-01,RealEstate,0.16422,-0.023915
2023-08-02,RealEstate,0.012250666666666667,0.16422
2023-08-03,RealEstate,0.09358666666666668,0.012250666666666667
2023-08-04,RealEstate,-0.07666999999999999,0.09358666666666668
2023-08-07,RealEstate,0.009016666666666668,-0.07666999999999999
2023-08-08,RealEstate,0.0006,0.009016666666666668
2023-08-09,RealEstate,0.10592333333333333,0.0006
2023-08-10,RealEstate,-0.02627500000000001,0.10592333333333333
2023-08-11,RealEstate,0.00911,-0.02627500000000001
2023-08-14,RealEstate,0.025516666666666667,0.00911
2023-08-15,RealEstate,0.14479999999999998,0.025516666666666667
2023-08-16,RealEstate,0.20088,0.14479999999999998
2023-08-17,RealEstate,0.14185333333333333,0.20088
2023-08-18,RealEstate,0.03809,0.14185333333333333
2023-08-21,RealEstate,0.13639,0.03809
2023-08-22,RealEstate,0.015999999999999997,0.13639
2023-08-23,RealEstate,0.00155,0.015999999999999997
2023-08-24,RealEstate,0.08444,0.00155
2023-08-25,RealEstate,0.04088000000000001,0.08444
2023-08-28,RealEstate,0.15069,0.04088000000000001
2023-08-29,RealEstate,0.12201500000000001,0.15069
2023-08-30,RealEstate,-0.03908000000000001,0.12201500000000001
2023-08-31,RealEstate,0.147526,-0.03908000000000001
2023-09-01,RealEstate,0.145772,0.147526
2023-09-05,RealEstate,0.15373133333333336,0.145772
2023-09-06,RealEstate,0.03764,0.15373133333333336
2023-09-07,RealEstate,0.02919666666666667,0.03764
2023-09-08,RealEstate,0.13831000000000002,0.02919666666666667
2023-09-11,RealEstate,0.009089999999999997,0.13831000000000002
2023-09-12,RealEstate,0.1096,0.009089999999999997
2023-09-13,RealEstate,0.02452666666666667,0.1096
2023-09-14,RealEstate,0.0063100000000000005,0.02452666666666667
2023-09-15,RealEstate,0.27253333333333335,0.0063100000000000005
2023-09-18,RealEstate,0.0752,0.27253333333333335
2023-09-19,RealEstate,0.15899000000000002,0.0752
2023-09-20,RealEstate,0.14676999999999998,0.15899000000000002
2023-09-21,RealEstate,0.048870000000000004,0.14676999999999998
2023-09-22,RealEstate,-0.011063333333333331,0.048870000000000004
2023-09-25,RealEstate,0.09914666666666666,-0.011063333333333331
2023-09-26,RealEstate,0.143,0.09914666666666666
2023-09-27,RealEstate,0.19866533333333333,0.143
2023-09-28,RealEstate,0.16747,0.19866533333333333
2023-09-29,RealEstate,0.008099999999999996,0.16747
2023-10-02,RealEstate,0.174225,0.008099999999999996
2023-10-03,RealEstate,0.07638333333333333,0.174225
2023-10-04,RealEstate,0.039425,0.07638333333333333
2023-10-05,RealEstate,-0.024159999999999994,0.039425
2023-10-06,RealEstate,0.17537,-0.024159999999999994
2023-10-09,RealEstate,0.13790333333333332,0.17537
2023-10-10,RealEstate,0.07763,0.13790333333333332
2023-10-11,RealEstate,0.0,0.07763
2023-10-12,RealEstate,0.20754666666666663,0.0
2023-10-13,RealEstate,0.0067,0.20754666666666663
2023-10-16,RealEstate,0.06268733333333334,0.0067
2023-10-17,RealEstate,0.17492999999999997,0.06268733333333334
2023-10-18,RealEstate,-0.04977571428571429,0.17492999999999997
2023-10-19,RealEstate,0.043934857142857144,-0.04977571428571429
2023-10-20,RealEstate,0.10374000000000001,0.043934857142857144
2023-10-23,RealEstate,0.14670166666666667,0.10374000000000001
2023-10-24,RealEstate,0.27256,0.14670166666666667
2023-10-25,RealEstate,0.08075,0.27256
2023-10-26,RealEstate,0.12797,0.08075
2023-10-27,RealEstate,0.03453,0.12797
2023-10-30,RealEstate,0.07184327272727273,0.03453
2023-10-31,RealEstate,0.03743333333333334,0.07184327272727273
2023-11-01,RealEstate,0.04578666666666666,0.03743333333333334
2023-11-02,RealEstate,0.1875666666666667,0.04578666666666666
2023-11-03,RealEstate,0.28969,0.1875666666666667
2023-11-06,RealEstate,0.23245,0.28969
2023-11-07,RealEstate,0.19878,0.23245
2023-11-08,RealEstate,-0.0533,0.19878
2023-11-09,RealEstate,0.0074800000000000005,-0.0533
2023-11-10,RealEstate,-0.04067,0.0074800000000000005
2023-11-13,RealEstate,-0.031654999999999996,-0.04067
2023-11-14,RealEstate,0.12596,-0.031654999999999996
2023-11-15,RealEstate,0.00878,0.12596
2023-11-16,RealEstate,0.036156,0.00878
2023-11-17,RealEstate,0.021734999999999997,0.036156
2023-11-20,RealEstate,0.041620000000000004,0.021734999999999997
2023-11-21,RealEstate,0.11529,0.041620000000000004
2023-11-22,RealEstate,0.0003399999999999999,0.11529
2023-11-24,RealEstate,0.080665,0.0003399999999999999
2023-11-27,RealEstate,-0.07987384615384616,0.080665
2023-11-28,RealEstate,0.028036666666666665,-0.07987384615384616
2023-11-29,RealEstate,0.08351933333333335,0.028036666666666665
2023-11-30,RealEstate,0.12336,0.08351933333333335
2023-12-01,RealEstate,0.04257600000000001,0.12336
2023-12-04,RealEstate,0.18713,0.04257600000000001
2023-12-05,RealEstate,0.03719,0.18713
2023-12-06,RealEstate,0.05119166666666667,0.03719
2023-12-07,RealEstate,0.06446,0.05119166666666667
2023-12-08,RealEstate,0.07154666666666668,0.06446
2023-12-11,RealEstate,0.09020666666666668,0.07154666666666668
2023-12-12,RealEstate,0.18668666666666667,0.09020666666666668
2023-12-13,RealEstate,0.23254933333333333,0.18668666666666667
2023-12-14,RealEstate,-0.01349599999999999,0.23254933333333333
2023-12-15,RealEstate,0.05286333333333333,-0.01349599999999999
2023-12-18,RealEstate,0.04795833333333334,0.05286333333333333
2023-12-19,RealEstate,0.0,0.04795833333333334
2023-12-20,RealEstate,0.0,0.0
2023-12-21,RealEstate,0.0,0.0
2023-12-22,RealEstate,0.0,0.0
2023-12-26,RealEstate,0.0,0.0
2023-12-27,RealEstate,0.0,0.0
2023-12-28,RealEstate,0.0,0.0
2023-12-29,RealEstate,0.0,0.0
2020-01-02,Tech,0.08126507692307691,
2020-01-03,Tech,0.06496214285714286,0.08126507692307691
2020-01-06,Tech,0.04673000000000001,0.06496214285714286
2020-01-07,Tech,0.11003442857142857,0.04673000000000001
2020-01-08,Tech,0.129038,0.11003442857142857
2020-01-09,Tech,0.089176,0.129038
2020-01-10,Tech,0.16451900000000003,0.089176
2020-01-13,Tech,0.18527149999999998,0.16451900000000003
2020-01-14,Tech,0.10663999999999998,0.18527149999999998
2020-01-15,Tech,0.04008533333333334,0.10663999999999998
2020-01-16,Tech,0.19261111111111112,0.04008533333333334
2020-01-17,Tech,0.11770202963702965,0.19261111111111112
2020-01-21,Tech,0.11552599999999999,0.11770202963702965
2020-01-22,Tech,0.078152,0.11552599999999999
2020-01-23,Tech,-0.04423703703703704,0.078152
2020-01-24,Tech,0.05776626344086021,-0.04423703703703704
2020-01-27,Tech,-0.021180666666666667,0.05776626344086021
2020-01-28,Tech,0.024476153846153845,-0.021180666666666667
2020-01-29,Tech,0.08601015873015874,0.024476153846153845
2020-01-30,Tech,-0.06636166666666668,0.08601015873015874
2020-01-31,Tech,0.11695666666666667,-0.06636166666666668
2020-02-03,Tech,0.03885,0.11695666666666667
2020-02-04,Tech,0.03284633333333333,0.03885
2020-02-05,Tech,0.13644,0.03284633333333333
2020-02-06,Tech,0.05638361111111111,0.13644
2020-02-07,Tech,0.11361285714285715,0.05638361111111111
2020-02-10,Tech,0.1204,0.11361285714285715
2020-02-11,Tech,0.07051454545454547,0.1204
2020-02-12,Tech,-0.037420999999999996,0.07051454545454547
2020-02-13,Tech,-0.02915090909090908,-0.037420999999999996
2020-02-14,Tech,-0.011586021505376349,-0.02915090909090908
2020-02-18,Tech,-0.08211166666666667,-0.011586021505376349
2020-02-19,Tech,0.0418413492063492,-0.08211166666666667
2020-02-20,Tech,0.021986809523809523,0.0418413492063492
2020-02-21,Tech,-0.13759285714285713,0.021986809523809523
2020-02-24,Tech,0.005084848484848489,-0.13759285714285713
2020-02-25,Tech,0.07124666666666667,0.005084848484848489
2020-02-26,Tech,0.24132000000000003,0.07124666666666667
2020-02-27,Tech,-0.20084133333333334,0.24132000000000003
2020-02-28,Tech,0.14670533333333333,-0.20084133333333334
2020-03-02,Tech,0.071446,0.14670533333333333
2020-03-03,Tech,0.006497333333333332,0.071446
2020-03-04,Tech,0.2460009523809524,0.006497333333333332
2020-03-05,Tech,0.016623000000000006,0.2460009523809524
2020-03-06,Tech,-0.03758507692307693,0.016623000000000006
2020-03-09,Tech,-0.169362,-0.03758507692307693
2020-03-10,Tech,0.335795,-0.169362
2020-03-11,Tech,-0.04994833333333332,0.335795
2020-03-12,Tech,0.06269857142857142,-0.04994833333333332
2020-03-13,Tech,0.2684963690476191,0.06269857142857142
2020-03-16,Tech,0.017298398268398265,0.2684963690476191
2020-03-17,Tech,0.19332683333333334,0.017298398268398265
2020-03-18,Tech,-0.034340476190476185,0.19332683333333334
2020-03-19,Tech,-0.02585166666666667,-0.034340476190476185
2020-03-20,Tech,0.23456666666666667,-0.02585166666666667
2020-03-23,Tech,0.317815,0.23456666666666667
2020-03-24,Tech,0.29785033333333333,0.317815
2020-03-25,Tech,0.042570000000000004,0.29785033333333333
2020-03-26,Tech,0.27697544444444444,0.042570000000000004
2020-03-27,Tech,0.24983833333333333,0.27697544444444444
2020-03-30,Tech,0.25078666666666666,0.24983833333333333
2020-03-31,Tech,0.013574000000000008,0.25078666666666666
2020-04-01,Tech,0.08454999999999999,0.013574000000000008
2020-04-02,Tech,-0.054889999999999994,0.08454999999999999
2020-04-03,Tech,-0.17009333333333335,-0.054889999999999994
2020-04-06,Tech,0.27160863636363636,-0.17009333333333335
2020-04-07,Tech,0.083404,0.27160863636363636
2020-04-08,Tech,0.2292982857142857,0.083404
2020-04-09,Tech,0.12864,0.2292982857142857
2020-04-13,Tech,0.05059274509803922,0.12864
2020-04-14,Tech,0.5258787619047619,0.05059274509803922
2020-04-15,Tech,0.01478250000000001,0.5258787619047619
2020-04-16,Tech,0.2671401111111111,0.01478250000000001
2020-04-17,Tech,0.012705928571428573,0.2671401111111111
2020-04-20,Tech,0.16466499999999998,0.012705928571428573
2020-04-21,Tech,-0.2615766666666667,0.16466499999999998
2020-04-22,Tech,0.3308878571428571,-0.2615766666666667
2020-04-23,Tech,0.20365547619047622,0.3308878571428571
2020-04-24,Tech,0.13081032258064518,0.20365547619047622
2020-04-27,Tech,0.18330944588744588,0.13081032258064518
2020-04-28,Tech,0.07379746031746033,0.18330944588744588
2020-04-29,Tech,0.17595485714285714,0.07379746031746033
2020-04-30,Tech,0.043057,0.17595485714285714
2020-05-01,Tech,-0.13633066666666666,0.043057
2020-05-04,Tech,0.2910964705882353,-0.13633066666666666
2020-05-05,Tech,0.1594075,0.2910964705882353
2020-05-06,Tech,0.10692066666666666,0.1594075
2020-05-07,Tech,0.24233599999999997,0.10692066666666666
2020-05-08,Tech,0.4227314285714286,0.24233599999999997
2020-05-11,Tech,0.05810977777777778,0.4227314285714286
2020-05-12,Tech,-0.029849666666666656,0.05810977777777778
2020-05-13,Tech,0.05758666666666666,-0.029849666666666656
2020-05-14,Tech,0.05025123809523809,0.05758666666666666
2020-05-15,Tech,-0.07823812030075188,0.05025123809523809
2020-05-18,Tech,0.062400095238095234,-0.07823812030075188
2020-05-19,Tech,0.030192666666666666,0.062400095238095234
2020-05-20,Tech,0.11587,0.030192666666666666
2020-05-21,Tech,-0.030421111111111114,0.11587
2020-05-22,Tech,-0.07866733333333334,-0.030421111111111114
2020-05-26,Tech,0.05946111904761906,-0.07866733333333334
2020-05-27,Tech,0.18136000000000002,0.05946111904761906
2020-05-28,Tech,0.12253619047619049,0.18136000000000002
2020-05-29,Tech,0.10212299999999999,0.12253619047619049
2020-06-01,Tech,0.06747666666666667,0.10212299999999999
2020-06-02,Tech,0.165914,0.06747666666666667
2020-06-03,Tech,0.131444,0.165914
2020-06-04,Tech,0.05465,0.131444
2020-06-05,Tech,0.09443611111111112,0.05465
2020-06-08,Tech,0.14850333333333335,0.09443611111111112
2020-06-09,Tech,0.18196333333333334,0.14850333333333335
2020-06-10,Tech,0.016335238095238087,0.18196333333333334
2020-06-11,Tech,0.027643333333333332,0.016335238095238087
2020-06-12,Tech,0.06720333333333332,0.027643333333333332
2020-06-15,Tech,0.14512333333333333,0.06720333333333332
2020-06-16,Tech,0.107365,0.14512333333333333
2020-06-17,Tech,0.07437,0.107365
2020-06-18,Tech,-0.07246,0.07437
2020-06-19,Tech,0.008650000000000001,-0.07246
2020-06-22,Tech,0.06462742857142859,0.008650000000000001
2020-06-23,Tech,0.04312333333333333,0.06462742857142859
2020-06-24,Tech,-0.10383333333333333,0.04312333333333333
2020-06-25,Tech,-0.17172,-0.10383333333333333
2020-06-26,Tech,-0.035550000000000005,-0.17172
2020-06-29,Tech,0.005459999999999998,-0.035550000000000005
2020-06-30,Tech,0.073712,0.005459999999999998
2020-07-01,Tech,0.06259,0.073712
2020-07-02,Tech,0.11461000000000002,0.06259
2020-07-06,Tech,0.03782939393939394,0.11461000000000002
2020-07-07,Tech,0.0044,0.03782939393939394
2020-07-08,Tech,0.006510666666666663,0.0044
2020-07-09,Tech,0.06427619047619047,0.006510666666666663
2020-07-10,Tech,0.06066666666666667,0.06427619047619047
2020-07-13,Tech,0.159645,0.06066666666666667
2020-07-14,Tech,0.01025,0.159645
2020-07-15,Tech,0.029570000000000006,0.01025
2020-07-16,Tech,0.031593333333333334,0.029570000000000006
2020-07-17,Tech,-0.023472,0.031593333333333334
2020-07-20,Tech,0.0801108717948718,-0.023472
2020-07-21,Tech,0.13249933333333336,0.0801108717948718
2020-07-22,Tech,0.09702,0.13249933333333336
2020-07-23,Tech,0.09792,0.09702
2020-07-24,Tech,-0.027736904761904758,0.09792
2020-07-27,Tech,0.04908095238095238,-0.027736904761904758
2020-07-28,Tech,0.008466071428571424,0.04908095238095238
2020-07-29,Tech,0.17682389328063242,0.008466071428571424
2020-07-30,Tech,-0.009499393939393941,0.17682389328063242
2020-07-31,Tech,0.10433999999999999,-0.009499393939393941
2020-08-03,Tech,0.048184333333333336,0.10433999999999999
2020-08-04,Tech,0.1303470909090909,0.048184333333333336
2020-08-05,Tech,0.05717642857142857,0.1303470909090909
2020-08-06,Tech,-0.007714999999999997,0.05717642857142857
2020-08-07,Tech,0.07693,-0.007714999999999997
2020-08-10,Tech,0.08602833333333333,0.07693
2020-08-11,Tech,0.100959,0.08602833333333333
2020-08-12,Tech,0.003122380952380953,0.100959
2020-08-13,Tech,0.00017238095238095177,0.003122380952380953
2020-08-14,Tech,0.10751333333333332,0.00017238095238095177
2020-08-17,Tech,0.0038520000000000056,0.10751333333333332
2020-08-18,Tech,0.00034666666666666597,0.0038520000000000056
2020-08-19,Tech,0.061373333333333335,0.00034666666666666597
2020-08-20,Tech,-0.0643988888888889,0.061373333333333335
2020-08-21,Tech,-0.044220666666666665,-0.0643988888888889
2020-08-24,Tech,0.009140000000000004,-0.044220666666666665
2020-08-25,Tech,0.161784,0.009140000000000004
2020-08-26,Tech,0.06613666666666666,0.161784
2020-08-27,Tech,0.06079666666666668,0.06613666666666666
2020-08-28,Tech,0.15344,0.06079666666666668
2020-08-31,Tech,0.13424666666666668,0.15344
2020-09-01,Tech,0.020034999999999994,0.13424666666666668
2020-09-02,Tech,0.08681047619047619,0.020034999999999994
2020-09-03,Tech,-0.016545,0.08681047619047619
2020-09-04,Tech,0.00771,-0.016545
2020-09-08,Tech,0.08397166666666667,0.00771
2020-09-09,Tech,0.043735,0.08397166666666667
2020-09-10,Tech,0.02116,0.043735
2020-09-11,Tech,-0.03196000000000001,0.02116
2020-09-14,Tech,0.0649745,-0.03196000000000001
2020-09-15,Tech,-0.018313333333333327,0.0649745
2020-09-16,Tech,0.051555,-0.018313333333333327
2020-09-17,Tech,-0.008451428571428572,0.051555
2020-09-18,Tech,0.004606666666666667,-0.008451428571428572
2020-09-21,Tech,0.13678333333333334,0.004606666666666667
2020-09-22,Tech,0.05006000000000001,0.13678333333333334
2020-09-23,Tech,0.05669999999999999,0.05006000000000001
2020-09-24,Tech,-0.0011000000000000003,0.05669999999999999
2020-09-25,Tech,-0.00215,-0.0011000000000000003
2020-09-28,Tech,0.02453666666666667,-0.00215
2020-09-29,Tech,0.06620666666666668,0.02453666666666667
2020-09-30,Tech,0.06809333333333334,0.06620666666666668
2020-10-01,Tech,-0.0015400000000000001,0.06809333333333334
2020-10-02,Tech,0.008236000000000002,-0.0015400000000000001
2020-10-05,Tech,0.006808,0.008236000000000002
2020-10-06,Tech,0.00292,0.006808
2020-10-07,Tech,0.11758666666666666,0.00292
2020-10-08,Tech,0.037888571428571424,0.11758666666666666
2020-10-09,Tech,0.18697266666666665,0.037888571428571424
2020-10-12,Tech,0.10060666666666666,0.18697266666666665
2020-10-13,Tech,-0.01778,0.10060666666666666
2020-10-14,Tech,0.038366666666666674,-0.01778
2020-10-15,Tech,0.07886166666666668,0.038366666666666674
2020-10-16,Tech,0.04682000000000001,0.07886166666666668
2020-10-19,Tech,0.014497499999999997,0.04682000000000001
2020-10-20,Tech,0.054845,0.014497499999999997
2020-10-21,Tech,0.130345,0.054845
2020-10-22,Tech,0.07205249999999999,0.130345
2020-10-23,Tech,0.05839,0.07205249999999999
2020-10-26,Tech,0.045133928571428575,0.05839
2020-10-27,Tech,0.04482908571428571,0.045133928571428575
2020-10-28,Tech,0.015581071428571427,0.04482908571428571
2020-10-29,Tech,0.06515699999999999,0.015581071428571427
2020-10-30,Tech,0.03937,0.06515699999999999
2020-11-02,Tech,-0.021573999999999996,0.03937
2020-11-03,Tech,0.0019200000000000003,-0.021573999999999996
2020-11-04,Tech,0.07425866666666667,0.0019200000000000003
2020-11-05,Tech,0.06421794871794871,0.07425866666666667
2020-11-06,Tech,0.01031,0.06421794871794871
2020-11-09,Tech,-0.09421333333333334,0.01031
2020-11-10,Tech,0.004276,-0.09421333333333334
2020-11-11,Tech,0.12319142857142858,0.004276
2020-11-12,Tech,0.11834333333333333,0.12319142857142858
2020-11-13,Tech,-0.003564,0.11834333333333333
2020-11-16,Tech,0.10801000000000001,-0.003564
2020-11-17,Tech,0.14058333333333334,0.10801000000000001
2020-11-18,Tech,0.18497,0.14058333333333334
2020-11-19,Tech,-0.09777000000000001,0.18497
2020-11-20,Tech,-0.020893333333333337,-0.09777000000000001
2020-11-23,Tech,0.108975,-0.020893333333333337
2020-11-24,Tech,0.0,0.108975
2020-11-25,Tech,0.043903333333333336,0.0
2020-11-27,Tech,0.008359999999999996,0.043903333333333336
2020-11-30,Tech,-0.06220833333333333,0.008359999999999996
2020-12-01,Tech,0.09059999999999999,-0.06220833333333333
2020-12-02,Tech,0.076205,0.09059999999999999
2020-12-03,Tech,0.03419,0.076205
2020-12-04,Tech,0.15943333333333334,0.03419
2020-12-07,Tech,0.04021111111111111,0.15943333333333334
2020-12-08,Tech,0.05657666666666665,0.04021111111111111
2020-12-09,Tech,0.11794666666666667,0.05657666666666665
2020-12-10,Tech,0.18780333333333335,0.11794666666666667
2020-12-11,Tech,0.009372666666666668,0.18780333333333335
2020-12-14,Tech,0.04392666666666667,0.009372666666666668
2020-12-15,Tech,-0.050052,0.04392666666666667
2020-12-16,Tech,0.0057599999999999995,-0.050052
2020-12-17,Tech,0.11362000000000001,0.0057599999999999995
2020-12-18,Tech,0.016264999999999998,0.11362000000000001
2020-12-21,Tech,0.05119771428571429,0.016264999999999998
2020-12-22,Tech,0.16813333333333333,0.05119771428571429
2020-12-23,Tech,0.045009999999999994,0.16813333333333333
2020-12-24,Tech,0.10864,0.045009999999999994
2020-12-28,Tech,0.08989916666666666,0.10864
2020-12-29,Tech,-0.011819000000000005,0.08989916666666666
2020-12-30,Tech,0.08294833333333333,-0.011819000000000005
2020-12-31,Tech,0.07263,0.08294833333333333
2021-01-04,Tech,0.071186,0.07263
2021-01-05,Tech,0.08610333333333334,0.071186
2021-01-06,Tech,0.096519,0.08610333333333334
2021-01-07,Tech,-0.019022000000000004,0.096519
2021-01-08,Tech,0.12446000000000002,-0.019022000000000004
2021-01-11,Tech,0.16760950000000002,0.12446000000000002
2021-01-12,Tech,-0.022219999999999997,0.16760950000000002
2021-01-13,Tech,0.04342055900621118,-0.022219999999999997
2021-01-14,Tech,0.04959999999999999,0.04342055900621118
2021-01-15,Tech,0.043614,0.04959999999999999
2021-01-19,Tech,0.09156323076923077,0.043614
2021-01-20,Tech,0.06226666666666666,0.09156323076923077
2021-01-21,Tech,0.09588666666666665,0.06226666666666666
2021-01-22,Tech,0.07371066666666667,0.09588666666666665
2021-01-25,Tech,0.07522307692307692,0.07371066666666667
2021-01-26,Tech,0.13175266666666668,0.07522307692307692
2021-01-27,Tech,0.040774999999999985,0.13175266666666668
2021-01-28,Tech,-0.05141111111111111,0.040774999999999985
2021-01-29,Tech,0.075825,-0.05141111111111111
2021-02-01,Tech,0.1750917142857143,0.075825
2021-02-02,Tech,0.15103,0.1750917142857143
2021-02-03,Tech,0.044292500000000005,0.15103
2021-02-04,Tech,0.023091341991341992,0.044292500000000005
2021-02-05,Tech,0.01477666666666666,0.023091341991341992
2021-02-08,Tech,0.039865,0.01477666666666666
2021-02-09,Tech,0.04076333333333333,0.039865
2021-02-10,Tech,-0.004179999999999998,0.04076333333333333
2021-02-11,Tech,0.026776999999999995,-0.004179999999999998
2021-02-12,Tech,0.16424333333333335,0.026776999999999995
2021-02-16,Tech,0.04074,0.16424333333333335
2021-02-17,Tech,0.005490666666666669,0.04074
2021-02-18,Tech,0.15302666666666664,0.005490666666666669
2021-02-19,Tech,0.12920166666666666,0.15302666666666664
2021-02-22,Tech,0.126914,0.12920166666666666
2021-02-23,Tech,0.10883833333333334,0.126914
2021-02-24,Tech,0.16102333333333335,0.10883833333333334
2021-02-25,Tech,0.01665,0.16102333333333335
2021-02-26,Tech,0.07370333333333333,0.01665
2021-03-01,Tech,0.06741333333333334,0.07370333333333333
2021-03-02,Tech,-0.06584333333333332,0.06741333333333334
2021-03-03,Tech,0.07286000000000001,-0.06584333333333332
2021-03-04,Tech,-0.03923000000000001,0.07286000000000001
2021-03-05,Tech,0.07000833333333334,-0.03923000000000001
2021-03-08,Tech,0.13542800000000002,0.07000833333333334
2021-03-09,Tech,0.011555000000000001,0.13542800000000002
2021-03-10,Tech,0.0049,0.011555000000000001
2021-03-11,Tech,0.09854571428571428,0.0049
2021-03-12,Tech,0.007489999999999999,0.09854571428571428
2021-03-15,Tech,0.012963999999999998,0.007489999999999999
2021-03-16,Tech,-0.006403999999999998,0.012963999999999998
2021-03-17,Tech,0.05258666666666666,-0.006403999999999998
2021-03-18,Tech,0.17510666666666666,0.05258666666666666
2021-03-19,Tech,0.06282,0.17510666666666666
2021-03-22,Tech,0.03974333333333334,0.06282
2021-03-23,Tech,0.17532333333333333,0.03974333333333334
2021-03-24,Tech,-0.05965529411764706,0.17532333333333333
2021-03-25,Tech,-0.07543933333333333,-0.05965529411764706
2021-03-26,Tech,0.08492333333333334,-0.07543933333333333
2021-03-29,Tech,0.03363,0.08492333333333334
2021-03-30,Tech,0.029220000000000003,0.03363
2021-03-31,Tech,0.013246666666666665,0.029220000000000003
2021-04-01,Tech,0.072058,0.013246666666666665
2021-04-05,Tech,0.12355115384615382,0.072058
2021-04-06,Tech,0.034166666666666665,0.12355115384615382
2021-04-07,Tech,-0.0324,0.034166666666666665
2021-04-08,Tech,0.06385466666666667,-0.0324
2021-04-09,Tech,0.11115,0.06385466666666667
2021-04-12,Tech,-0.028725,0.11115
2021-04-13,Tech,0.09410666666666666,-0.028725
2021-04-14,Tech,0.04986666666666667,0.09410666666666666
2021-04-15,Tech,0.033575,0.04986666666666667
2021-04-16,Tech,0.005129999999999997,0.033575
2021-04-19,Tech,0.06386895238095239,0.005129999999999997
2021-04-20,Tech,0.0363225,0.06386895238095239
2021-04-21,Tech,0.034673333333333334,0.0363225
2021-04-22,Tech,0.280068,0.034673333333333334
2021-04-23,Tech,0.04921615384615385,0.280068
2021-04-26,Tech,0.11333333333333333,0.04921615384615385
2021-04-27,Tech,0.017392,0.11333333333333333
2021-04-28,Tech,0.03593246753246754,0.017392
2021-04-29,Tech,0.06376285714285715,0.03593246753246754
2021-04-30,Tech,-0.0004066666666666656,0.06376285714285715
2021-05-03,Tech,0.029111666666666668,-0.0004066666666666656
2021-05-04,Tech,0.11774499999999999,0.029111666666666668
2021-05-05,Tech,-0.007089999999999999,0.11774499999999999
2021-05-06,Tech,0.028609999999999997,-0.007089999999999999
2021-05-07,Tech,0.029228333333333335,0.028609999999999997
2021-05-10,Tech,-0.03512666666666667,0.029228333333333335
2021-05-11,Tech,0.03258266666666667,-0.03512666666666667
2021-05-12,Tech,0.07369,0.03258266666666667
2021-05-13,Tech,-0.03673,0.07369
2021-05-14,Tech,-0.03217,-0.03673
2021-05-17,Tech,-0.002873333333333333,-0.03217
2021-05-18,Tech,0.07122999999999999,-0.002873333333333333
2021-05-19,Tech,0.019182857142857144,0.07122999999999999
2021-05-20,Tech,0.12314366666666668,0.019182857142857144
2021-05-21,Tech,0.14739,0.12314366666666668
2021-05-24,Tech,0.007731666666666667,0.14739
2021-05-25,Tech,-0.004874666666666665,0.007731666666666667
2021-05-26,Tech,0.15199,-0.004874666666666665
2021-05-27,Tech,0.032045000000000004,0.15199
2021-05-28,Tech,0.07446,0.032045000000000004
2021-06-01,Tech,0.002722,0.07446
2021-06-02,Tech,0.06809333333333333,0.002722
2021-06-03,Tech,0.07872,0.06809333333333333
2021-06-04,Tech,0.043782,0.07872
2021-06-07,Tech,0.121068,0.043782
2021-06-08,Tech,0.1818,0.121068
2021-06-09,Tech,0.008799999999999999,0.1818
2021-06-10,Tech,0.10599750000000001,0.008799999999999999
2021-06-11,Tech,0.021399999999999995,0.10599750000000001
2021-06-14,Tech,-0.124997,0.021399999999999995
2021-06-15,Tech,0.00412,-0.124997
2021-06-16,Tech,0.07258333333333335,0.00412
2021-06-17,Tech,0.012911999999999998,0.07258333333333335
2021-06-18,Tech,0.040672,0.012911999999999998
2021-06-21,Tech,0.07147642857142858,0.040672
2021-06-22,Tech,-0.005525999999999987,0.07147642857142858
2021-06-23,Tech,0.039514,-0.005525999999999987
2021-06-24,Tech,0.17901833333333333,0.039514
2021-06-25,Tech,0.21281,0.17901833333333333
2021-06-28,Tech,0.08982966666666667,0.21281
2021-06-29,Tech,0.15964333333333333,0.08982966666666667
2021-06-30,Tech,0.01887533333333333,0.15964333333333333
2021-07-01,Tech,0.08027,0.01887533333333333
2021-07-02,Tech,0.02387,0.08027
2021-07-06,Tech,0.102505,0.02387
2021-07-07,Tech,0.11759,0.102505
2021-07-08,Tech,0.127192,0.11759
2021-07-09,Tech,0.093245,0.127192
2021-07-12,Tech,0.05818666666666668,0.093245
2021-07-13,Tech,0.07663,0.05818666666666668
2021-07-14,Tech,0.11234,0.07663
2021-07-15,Tech,0.034894857142857144,0.11234
2021-07-16,Tech,-0.018618615384615383,0.034894857142857144
2021-07-19,Tech,-0.07312357142857143,-0.018618615384615383
2021-07-20,Tech,0.022125,-0.07312357142857143
2021-07-21,Tech,0.07556428571428572,0.022125
2021-07-22,Tech,0.07902166666666667,0.07556428571428572
2021-07-23,Tech,0.09794066666666668,0.07902166666666667
2021-07-26,Tech,0.044497884615384606,0.09794066666666668
2021-07-27,Tech,0.05400288888888889,0.044497884615384606
2021-07-28,Tech,0.07348928571428572,0.05400288888888889
2021-07-29,Tech,0.039398333333333334,0.07348928571428572
2021-07-30,Tech,0.04608,0.039398333333333334
2021-08-02,Tech,0.001663809523809525,0.04608
2021-08-03,Tech,0.0794425,0.001663809523809525
2021-08-04,Tech,-0.01927,0.0794425
2021-08-05,Tech,0.03347928571428571,-0.01927
2021-08-06,Tech,0.013867333333333332,0.03347928571428571
2021-08-09,Tech,0.04053,0.013867333333333332
2021-08-10,Tech,0.023056,0.04053
2021-08-11,Tech,0.0,0.023056
2021-08-12,Tech,0.06636333333333334,0.0
2021-08-13,Tech,0.076515,0.06636333333333334
2021-08-16,Tech,0.018132,0.076515
2021-08-17,Tech,-0.09940333333333332,0.018132
2021-08-18,Tech,0.151592,-0.09940333333333332
2021-08-19,Tech,0.03241142857142858,0.151592
2021-08-20,Tech,-0.013843999999999999,0.03241142857142858
2021-08-23,Tech,0.20163681818181817,-0.013843999999999999
2021-08-24,Tech,0.02314603174603175,0.20163681818181817
2021-08-25,Tech,0.00249722222222222,0.02314603174603175
2021-08-26,Tech,0.083672,0.00249722222222222
2021-08-27,Tech,0.01693599999999999,0.083672
2021-08-30,Tech,0.13349933333333333,0.01693599999999999
2021-08-31,Tech,0.01571,0.13349933333333333
2021-09-01,Tech,-0.03128666666666666,0.01571
2021-09-02,Tech,0.26393,-0.03128666666666666
2021-09-03,Tech,0.06709666666666667,0.26393
2021-09-07,Tech,0.05221452380952381,0.06709666666666667
2021-09-08,Tech,-0.009803333333333334,0.05221452380952381
2021-09-09,Tech,0.052805000000000005,-0.009803333333333334
2021-09-10,Tech,0.0071925,0.052805000000000005
2021-09-13,Tech,0.023425333333333336,0.0071925
2021-09-14,Tech,0.02904333333333333,0.023425333333333336
2021-09-15,Tech,0.0020173809523809537,0.02904333333333333
2021-09-16,Tech,0.07098,0.0020173809523809537
2021-09-17,Tech,0.06158333333333332,0.07098
2021-09-20,Tech,0.0795925,0.06158333333333332
2021-09-21,Tech,0.11066095238095237,0.0795925
2021-09-22,Tech,0.008546666666666657,0.11066095238095237
2021-09-23,Tech,-0.014114999999999999,0.008546666666666657
2021-09-24,Tech,0.15480666666666668,-0.014114999999999999
2021-09-27,Tech,0.07859200000000001,0.15480666666666668
2021-09-28,Tech,-0.06409566666666668,0.07859200000000001
2021-09-29,Tech,0.10514933333333334,-0.06409566666666668
2021-09-30,Tech,0.07051,0.10514933333333334
2021-10-01,Tech,-0.03304,0.07051
2021-10-04,Tech,0.07538857142857143,-0.03304
2021-10-05,Tech,0.07993333333333333,0.07538857142857143
2021-10-06,Tech,-0.005552166666666669,0.07993333333333333
2021-10-07,Tech,0.11259666666666668,-0.005552166666666669
2021-10-08,Tech,0.06608466666666667,0.11259666666666668
2021-10-11,Tech,0.07764666666666667,0.06608466666666667
2021-10-12,Tech,0.15128111111111112,0.07764666666666667
2021-10-13,Tech,0.08982333333333332,0.15128111111111112
2021-10-14,Tech,0.089412,0.08982333333333332
2021-10-15,Tech,0.06007,0.089412
2021-10-18,Tech,0.08976854761904762,0.06007
2021-10-19,Tech,0.29072333333333333,0.08976854761904762
2021-10-20,Tech,0.20328999999999997,0.29072333333333333
2021-10-21,Tech,0.04217283333333333,0.20328999999999997
2021-10-22,Tech,0.058463,0.04217283333333333
2021-10-25,Tech,-0.03355166666666666,0.058463
2021-10-26,Tech,0.08184833333333333,-0.03355166666666666
2021-10-27,Tech,0.009975428571428576,0.08184833333333333
2021-10-28,Tech,0.053849999999999995,0.009975428571428576
2021-10-29,Tech,-0.04593600000000001,0.053849999999999995
2021-11-01,Tech,0.13074166666666667,-0.04593600000000001
2021-11-02,Tech,0.1108152380952381,0.13074166666666667
2021-11-03,Tech,0.11869,0.1108152380952381
2021-11-04,Tech,0.09188254818865346,0.11869
2021-11-05,Tech,0.013610000000000008,0.09188254818865346
2021-11-08,Tech,0.148987,0.013610000000000008
2021-11-09,Tech,-0.044250000000000005,0.148987
2021-11-10,Tech,0.11708333333333334,-0.044250000000000005
2021-11-11,Tech,0.09372727272727274,0.11708333333333334
2021-11-12,Tech,0.007824999999999999,0.09372727272727274
2021-11-15,Tech,0.08662833333333333,0.007824999999999999
2021-11-16,Tech,0.06851242424242424,0.08662833333333333
2021-11-17,Tech,0.016860000000000003,0.06851242424242424
2021-11-18,Tech,0.05896620689655173,0.016860000000000003
2021-11-19,Tech,0.04273543859649124,0.05896620689655173
2021-11-22,Tech,0.09660204545454545,0.04273543859649124
2021-11-23,Tech,0.27601200000000004,0.09660204545454545
2021-11-24,Tech,0.026009444444444446,0.27601200000000004
2021-11-26,Tech,0.018222000000000002,0.026009444444444446
2021-11-29,Tech,0.12814145454545453,0.018222000000000002
2021-11-30,Tech,-0.03335944444444443,0.12814145454545453
2021-12-01,Tech,0.004910000000000003,-0.03335944444444443
2021-12-02,Tech,0.20494030303030306,0.004910000000000003
2021-12-03,Tech,0.027768630952380958,0.20494030303030306
2021-12-06,Tech,0.007333035353535355,0.027768630952380958
2021-12-07,Tech,0.14168039215686273,0.007333035353535355
2021-12-08,Tech,0.01214928571428571,0.14168039215686273
2021-12-09,Tech,0.04993151515151515,0.01214928571428571
2021-12-10,Tech,0.03889909090909091,0.04993151515151515
2021-12-13,Tech,0.07622819696969696,0.03889909090909091
2021-12-14,Tech,-0.013165000000000005,0.07622819696969696
2021-12-15,Tech,0.16566095238095238,-0.013165000000000005
2021-12-16,Tech,0.10982625000000001,0.16566095238095238
2021-12-17,Tech,-0.11886809523809524,0.10982625000000001
2021-12-20,Tech,-0.039426,-0.11886809523809524
2021-12-21,Tech,0.13650444444444446,-0.039426
2021-12-22,Tech,0.29383,0.13650444444444446
2021-12-23,Tech,0.060143333333333326,0.29383
2021-12-27,Tech,0.074601,0.060143333333333326
2021-12-28,Tech,0.17881622727272728,0.074601
2021-12-29,Tech,0.004840000000000002,0.17881622727272728
2021-12-30,Tech,0.071908,0.004840000000000002
2021-12-31,Tech,0.12357442857142857,0.071908
2022-01-03,Tech,0.2311845238095238,0.12357442857142857
2022-01-04,Tech,-0.00234127450980392,0.2311845238095238
2022-01-05,Tech,-0.020665803030303027,-0.00234127450980392
2022-01-06,Tech,0.07027399999999999,-0.020665803030303027
2022-01-07,Tech,-0.019389999999999998,0.07027399999999999
2022-01-10,Tech,0.08260833333333334,-0.019389999999999998
2022-01-11,Tech,0.17947244444444446,0.08260833333333334
2022-01-12,Tech,0.13111166666666668,0.17947244444444446
2022-01-13,Tech,0.19516336507936508,0.13111166666666668
2022-01-14,Tech,0.07742761904761905,0.19516336507936508
2022-01-18,Tech,0.1660402380952381,0.07742761904761905
2022-01-19,Tech,0.08455438095238095,0.1660402380952381
2022-01-20,Tech,0.17090745238095237,0.08455438095238095
2022-01-21,Tech,0.02705568181818182,0.17090745238095237
2022-01-24,Tech,0.017462839937839935,0.02705568181818182
2022-01-25,Tech,0.07145833333333333,0.017462839937839935
2022-01-26,Tech,0.05275830713146503,0.07145833333333333
2022-01-27,Tech,0.11119772727272728,0.05275830713146503
2022-01-28,Tech,0.12184676190476189,0.11119772727272728
2022-01-31,Tech,0.1433625,0.12184676190476189
2022-02-01,Tech,0.08394203703703704,0.1433625
2022-02-02,Tech,0.06978479229989867,0.08394203703703704
2022-02-03,Tech,0.15654809523809526,0.06978479229989867
2022-02-04,Tech,0.06463333333333335,0.15654809523809526
2022-02-07,Tech,0.07007571428571428,0.06463333333333335
2022-02-08,Tech,0.10418797619047619,0.07007571428571428
2022-02-09,Tech,-0.007147692307692304,0.10418797619047619
2022-02-10,Tech,0.003567500000000004,-0.007147692307692304
2022-02-11,Tech,0.0074316666666666645,0.003567500000000004
2022-02-14,Tech,0.05167474358974359,0.0074316666666666645
2022-02-15,Tech,0.07455606535947712,0.05167474358974359
2022-02-16,Tech,0.08868560784313725,0.07455606535947712
2022-02-17,Tech,0.03351044444444445,0.08868560784313725
2022-02-18,Tech,0.13459933333333335,0.03351044444444445
2022-02-22,Tech,0.06899070238095237,0.13459933333333335
2022-02-23,Tech,0.12227000000000002,0.06899070238095237
2022-02-24,Tech,0.07057416666666667,0.12227000000000002
2022-02-25,Tech,-0.04767238095238095,0.07057416666666667
2022-02-28,Tech,0.046042878787878785,-0.04767238095238095
2022-03-01,Tech,-0.01669,0.046042878787878785
2022-03-02,Tech,0.178223,-0.01669
2022-03-03,Tech,0.035840000000000004,0.178223
2022-03-04,Tech,0.01745509523809525,0.035840000000000004
2022-03-07,Tech,-0.03992007142857143,0.01745509523809525
2022-03-08,Tech,0.06544681818181818,-0.03992007142857143
2022-03-09,Tech,0.038769142857142856,0.06544681818181818
2022-03-10,Tech,0.11183041025641025,0.038769142857142856
2022-03-11,Tech,0.05625933333333333,0.11183041025641025
2022-03-14,Tech,0.09311266666666666,0.05625933333333333
2022-03-15,Tech,0.15283599711399712,0.09311266666666666
2022-03-16,Tech,0.12370517316017318,0.15283599711399712
2022-03-17,Tech,0.05385983333333334,0.12370517316017318
2022-03-18,Tech,0.114092,0.05385983333333334
2022-03-21,Tech,0.10291666666666668,0.114092
2022-03-22,Tech,0.1853037142857143,0.10291666666666668
2022-03-23,Tech,0.059116151515151504,0.1853037142857143
2022-03-24,Tech,0.07752287645687646,0.059116151515151504
2022-03-25,Tech,0.019763333333333327,0.07752287645687646
2022-03-28,Tech,0.1513995238095238,0.019763333333333327
2022-03-29,Tech,0.07110733333333333,0.1513995238095238
2022-03-30,Tech,0.09083766666666666,0.07110733333333333
2022-03-31,Tech,0.08083666666666667,0.09083766666666666
2022-04-01,Tech,0.07564797202797202,0.08083666666666667
2022-04-04,Tech,0.07684587719298246,0.07564797202797202
2022-04-05,Tech,-0.02637435897435898,0.07684587719298246
2022-04-06,Tech,0.029762190476190477,-0.02637435897435898
2022-04-07,Tech,0.038435142857142855,0.029762190476190477
2022-04-08,Tech,0.22835866666666665,0.038435142857142855
2022-04-11,Tech,0.05623710256410257,0.22835866666666665
2022-04-12,Tech,0.03991428571428572,0.05623710256410257
2022-04-13,Tech,0.068755,0.03991428571428572
2022-04-14,Tech,0.06639333333333333,0.068755
2022-04-18,Tech,-0.11344233333333334,0.06639333333333333
2022-04-19,Tech,0.15274533333333334,-0.11344233333333334
2022-04-20,Tech,0.059733999999999995,0.15274533333333334
2022-04-21,Tech,-0.012131285714285716,0.059733999999999995
2022-04-22,Tech,0.06625,-0.012131285714285716
2022-04-25,Tech,0.04392157142857143,0.06625
2022-04-26,Tech,0.04875266666666668,0.04392157142857143
2022-04-27,Tech,0.10382333333333334,0.04875266666666668
2022-04-28,Tech,0.09640840909090909,0.10382333333333334
2022-04-29,Tech,-0.048199653679653676,0.09640840909090909
2022-05-02,Tech,0.14571181818181816,-0.048199653679653676
2022-05-03,Tech,-0.03794928571428571,0.14571181818181816
2022-05-04,Tech,-0.005997500000000005,-0.03794928571428571
2022-05-05,Tech,0.08301361111111112,-0.005997500000000005
2022-05-06,Tech,0.062172261904761904,0.08301361111111112
2022-05-09,Tech,-0.002292341880341886,0.062172261904761904
2022-05-10,Tech,0.04192179487179487,-0.002292341880341886
2022-05-11,Tech,0.033266785714285714,0.04192179487179487
2022-05-12,Tech,-0.07041238095238095,0.033266785714285714
2022-05-13,Tech,0.023390303030303025,-0.07041238095238095
2022-05-16,Tech,0.06334533333333334,0.023390303030303025
2022-05-17,Tech,0.06605395604395604,0.06334533333333334
2022-05-18,Tech,0.04117499999999998,0.06605395604395604
2022-05-19,Tech,0.0026131818181818157,0.04117499999999998
2022-05-20,Tech,0.15194666666666667,0.0026131818181818157
2022-05-23,Tech,0.10617168922305764,0.15194666666666667
2022-05-24,Tech,0.07937333333333334,0.10617168922305764
2022-05-25,Tech,-0.02014242424242424,0.07937333333333334
2022-05-26,Tech,0.09942736842105263,-0.02014242424242424
2022-05-27,Tech,0.035250000000000004,0.09942736842105263
2022-05-31,Tech,0.20074388888888892,0.035250000000000004
2022-06-01,Tech,0.1109877777777778,0.20074388888888892
2022-06-02,Tech,0.10275095238095237,0.1109877777777778
2022-06-03,Tech,0.04626952380952381,0.10275095238095237
2022-06-06,Tech,0.046481666666666664,0.04626952380952381
2022-06-07,Tech,0.05518000000000001,0.046481666666666664
2022-06-08,Tech,-0.03152425,0.05518000000000001
2022-06-09,Tech,0.007939999999999997,-0.03152425
2022-06-10,Tech,0.030515833333333325,0.007939999999999997
2022-06-13,Tech,0.056961920634920636,0.030515833333333325
2022-06-14,Tech,0.07540595238095239,0.056961920634920636
2022-06-15,Tech,0.101799,0.07540595238095239
2022-06-16,Tech,-0.017658571428571433,0.101799
2022-06-17,Tech,0.072389,-0.017658571428571433
2022-06-21,Tech,0.05206588461538462,0.072389
2022-06-22,Tech,0.10487714285714285,0.05206588461538462
2022-06-23,Tech,0.02809166666666667,0.10487714285714285
2022-06-24,Tech,-0.015289333333333332,0.02809166666666667
2022-06-27,Tech,0.09580961904761906,-0.015289333333333332
2022-06-28,Tech,0.029197499999999998,0.09580961904761906
2022-06-29,Tech,-0.04167777777777778,0.029197499999999998
2022-06-30,Tech,-0.006856666666666666,-0.04167777777777778
2022-07-01,Tech,-0.05082214285714285,-0.006856666666666666
2022-07-05,Tech,0.061816,-0.05082214285714285
2022-07-06,Tech,0.04471,0.061816
2022-07-07,Tech,0.082852,0.04471
2022-07-08,Tech,0.022126000000000007,0.082852
2022-07-11,Tech,0.10490347619047617,0.022126000000000007
2022-07-12,Tech,-0.033677619047619047,0.10490347619047617
2022-07-13,Tech,0.06563380952380952,-0.033677619047619047
2022-07-14,Tech,0.16714964285714284,0.06563380952380952
2022-07-15,Tech,0.11690357142857141,0.16714964285714284
2022-07-18,Tech,0.2628367142857143,0.11690357142857141
2022-07-19,Tech,0.09815666666666667,0.2628367142857143
2022-07-20,Tech,0.09678892857142858,0.09815666666666667
2022-07-21,Tech,0.07354047619047618,0.09678892857142858
2022-07-22,Tech,0.09661488888888889,0.07354047619047618
2022-07-25,Tech,-0.013994318181818182,0.09661488888888889
2022-07-26,Tech,0.02737666666666667,-0.013994318181818182
2022-07-27,Tech,0.06766363636363637,0.02737666666666667
2022-07-28,Tech,0.020293106060606064,0.06766363636363637
2022-07-29,Tech,0.18105830409356724,0.020293106060606064
2022-08-01,Tech,0.17925611111111112,0.18105830409356724
2022-08-02,Tech,-0.12355261904761905,0.17925611111111112
2022-08-03,Tech,0.11913714285714287,-0.12355261904761905
2022-08-04,Tech,-0.001665833333333333,0.11913714285714287
2022-08-05,Tech,0.02386733333333333,-0.001665833333333333
2022-08-08,Tech,0.07219103703703703,0.02386733333333333
2022-08-09,Tech,-0.02775316239316239,0.07219103703703703
2022-08-10,Tech,0.056005396825396826,-0.02775316239316239
2022-08-11,Tech,0.07096422077922078,0.056005396825396826
2022-08-12,Tech,0.20626733333333336,0.07096422077922078
2022-08-15,Tech,0.12425561904761903,0.20626733333333336
2022-08-16,Tech,0.12992333333333334,0.12425561904761903
2022-08-17,Tech,0.05355555555555556,0.12992333333333334
2022-08-18,Tech,0.05187200000000001,0.05355555555555556
2022-08-19,Tech,0.13417333333333334,0.05187200000000001
2022-08-22,Tech,0.12528690476190477,0.13417333333333334
2022-08-23,Tech,0.01867599999999999,0.12528690476190477
2022-08-24,Tech,0.12620815126050422,0.01867599999999999
2022-08-25,Tech,0.04016866666666667,0.12620815126050422
2022-08-26,Tech,0.04187590476190477,0.04016866666666667
2022-08-29,Tech,-0.05984666666666667,0.04187590476190477
2022-08-30,Tech,0.1141385,-0.05984666666666667
2022-08-31,Tech,0.05879000000000001,0.1141385
2022-09-01,Tech,-0.04031634453781513,0.05879000000000001
2022-09-02,Tech,-0.028310761904761905,-0.04031634453781513
2022-09-06,Tech,0.07449791062801933,-0.028310761904761905
2022-09-07,Tech,-0.001673333333333335,0.07449791062801933
2022-09-08,Tech,0.01798333333333334,-0.001673333333333335
2022-09-09,Tech,0.11089266666666667,0.01798333333333334
2022-09-12,Tech,0.04357414285714286,0.11089266666666667
2022-09-13,Tech,-0.02386166666666667,0.04357414285714286
2022-09-14,Tech,-0.055910499999999995,-0.02386166666666667
2022-09-15,Tech,-0.021637391304347834,-0.055910499999999995
2022-09-16,Tech,0.051254428571428576,-0.021637391304347834
2022-09-19,Tech,-0.04038911111111111,0.051254428571428576
2022-09-20,Tech,-0.03209790476190476,-0.04038911111111111
2022-09-21,Tech,0.09307782051282051,-0.03209790476190476
2022-09-22,Tech,0.12409957142857145,0.09307782051282051
2022-09-23,Tech,-4.142857142858114e-06,0.12409957142857145
2022-09-26,Tech,0.021797261904761906,-4.142857142858114e-06
2022-09-27,Tech,0.09884346031746033,0.021797261904761906
2022-09-28,Tech,0.0027835,0.09884346031746033
2022-09-29,Tech,0.06235643939393939,0.0027835
2022-09-30,Tech,-0.010183333333333332,0.06235643939393939
2022-10-03,Tech,0.11802190476190477,-0.010183333333333332
2022-10-04,Tech,0.13234294372294372,0.11802190476190477
2022-10-05,Tech,0.10240344444444445,0.13234294372294372
2022-10-06,Tech,-0.12729600000000002,0.10240344444444445
2022-10-07,Tech,0.10066870015948963,-0.12729600000000002
2022-10-10,Tech,0.0005003333333333304,0.10066870015948963
2022-10-11,Tech,0.03198083333333333,0.0005003333333333304
2022-10-12,Tech,0.0006641666666666685,0.03198083333333333
2022-10-13,Tech,0.031336785714285706,0.0006641666666666685
2022-10-14,Tech,0.031375,0.031336785714285706
2022-10-17,Tech,0.012894,0.031375
2022-10-18,Tech,0.06856966666666667,0.012894
2022-10-19,Tech,-0.18278833333333333,0.06856966666666667
2022-10-20,Tech,0.1408575,-0.18278833333333333
2022-10-21,Tech,0.038323,0.1408575
2022-10-24,Tech,-0.033339047619047615,0.038323
2022-10-25,Tech,-0.04453733333333333,-0.033339047619047615
2022-10-26,Tech,0.16138,-0.04453733333333333
2022-10-27,Tech,-0.05327333333333334,0.16138
2022-10-28,Tech,0.06660454545454544,-0.05327333333333334
2022-10-31,Tech,0.04582916666666666,0.06660454545454544
2022-11-01,Tech,-0.0016893333333333315,0.04582916666666666
2022-11-02,Tech,0.13615466666666667,-0.0016893333333333315
2022-11-03,Tech,-0.014673333333333333,0.13615466666666667
2022-11-04,Tech,0.05286666666666667,-0.014673333333333333
2022-11-07,Tech,0.05915676190476191,0.05286666666666667
2022-11-08,Tech,0.08365061904761906,0.05915676190476191
2022-11-09,Tech,-0.025314999999999997,0.08365061904761906
2022-11-10,Tech,0.0334063076923077,-0.025314999999999997
2022-11-11,Tech,0.04144785714285714,0.0334063076923077
2022-11-14,Tech,0.09229708180708181,0.04144785714285714
2022-11-15,Tech,0.025588000000000007,0.09229708180708181
2022-11-16,Tech,-0.03771166666666667,0.025588000000000007
2022-11-17,Tech,-0.00031266666666666666,-0.03771166666666667
2022-11-18,Tech,0.09064166666666669,-0.00031266666666666666
2022-11-21,Tech,0.048433,0.09064166666666669
2022-11-22,Tech,0.028013333333333328,0.048433
2022-11-23,Tech,0.12484733333333334,0.028013333333333328
2022-11-25,Tech,-0.05767733333333334,0.12484733333333334
2022-11-28,Tech,0.02579210256410256,-0.05767733333333334
2022-11-29,Tech,-0.14405666666666667,0.02579210256410256
2022-11-30,Tech,0.03846666666666666,-0.14405666666666667
2022-12-01,Tech,0.09439266666666667,0.03846666666666666
2022-12-02,Tech,0.1040425,0.09439266666666667
2022-12-05,Tech,0.03620071428571429,0.1040425
2022-12-06,Tech,0.008328000000000002,0.03620071428571429
2022-12-07,Tech,0.20527638095238093,0.008328000000000002
2022-12-08,Tech,0.06438250000000001,0.20527638095238093
2022-12-09,Tech,0.1038325,0.06438250000000001
2022-12-12,Tech,0.1510104761904762,0.1038325
2022-12-13,Tech,0.051592380952380945,0.1510104761904762
2022-12-14,Tech,0.08618,0.051592380952380945
2022-12-15,Tech,-0.02390357142857143,0.08618
2022-12-16,Tech,0.029395166666666667,-0.02390357142857143
2022-12-19,Tech,0.019960666666666665,0.029395166666666667
2022-12-20,Tech,0.13306666666666667,0.019960666666666665
2022-12-21,Tech,0.13923714285714286,0.13306666666666667
2022-12-22,Tech,-0.131236,0.13923714285714286
2022-12-23,Tech,0.055216,-0.131236
2022-12-27,Tech,-0.04679806060606061,0.055216
2022-12-28,Tech,-0.065972,-0.04679806060606061
2022-12-29,Tech,0.00928666666666667,-0.065972
2022-12-30,Tech,-0.118299,0.00928666666666667
2023-01-03,Tech,0.029803348416289593,-0.118299
2023-01-04,Tech,0.054918928571428584,0.029803348416289593
2023-01-05,Tech,0.12680183333333334,0.054918928571428584
2023-01-06,Tech,0.18142,0.12680183333333334
2023-01-09,Tech,0.10823466666666667,0.18142
2023-01-10,Tech,0.1617457142857143,0.10823466666666667
2023-01-11,Tech,0.044895000000000004,0.1617457142857143
2023-01-12,Tech,0.006648333333333339,0.044895000000000004
2023-01-13,Tech,0.059614999999999994,0.006648333333333339
2023-01-17,Tech,0.072265,0.059614999999999994
2023-01-18,Tech,0.0955204761904762,0.072265
2023-01-19,Tech,-0.005803333333333327,0.0955204761904762
2023-01-20,Tech,-0.011580666666666666,-0.005803333333333327
2023-01-23,Tech,0.24651137844611531,-0.011580666666666666
2023-01-24,Tech,-0.0016345000000000012,0.24651137844611531
2023-01-25,Tech,0.06415559523809525,-0.0016345000000000012
2023-01-26,Tech,0.04763014285714286,0.06415559523809525
2023-01-27,Tech,0.00080256565656566,0.04763014285714286
2023-01-30,Tech,0.05205179487179488,0.00080256565656566
2023-01-31,Tech,-0.028888939393939394,0.05205179487179488
2023-02-01,Tech,-0.04881427917620138,-0.028888939393939394
2023-02-02,Tech,0.06027166666666667,-0.04881427917620138
2023-02-03,Tech,0.05687500000000001,0.06027166666666667
2023-02-06,Tech,0.01935833333333333,0.05687500000000001
2023-02-07,Tech,0.18917599999999998,0.01935833333333333
2023-02-08,Tech,0.09933242857142857,0.18917599999999998
2023-02-09,Tech,0.11261133333333333,0.09933242857142857
2023-02-10,Tech,-0.009295555555555557,0.11261133333333333
2023-02-13,Tech,0.05949894677871148,-0.009295555555555557
2023-02-14,Tech,0.1946771212121212,0.05949894677871148
2023-02-15,Tech,-0.028213999999999996,0.1946771212121212
2023-02-16,Tech,0.07626345454545455,-0.028213999999999996
2023-02-17,Tech,-0.018135151515151514,0.07626345454545455
2023-02-21,Tech,0.0451419696969697,-0.018135151515151514
2023-02-22,Tech,0.181434,0.0451419696969697
2023-02-23,Tech,0.03279364837398374,0.181434
2023-02-24,Tech,0.007970666666666671,0.03279364837398374
2023-02-27,Tech,0.08286896825396825,0.007970666666666671
2023-02-28,Tech,0.19690514285714283,0.08286896825396825
2023-03-01,Tech,0.09016031746031745,0.19690514285714283
2023-03-02,Tech,-0.02012833333333333,0.09016031746031745
2023-03-03,Tech,0.10263066666666668,-0.02012833333333333
2023-03-06,Tech,0.019194153846153854,0.10263066666666668
2023-03-07,Tech,0.08492277777777776,0.019194153846153854
2023-03-08,Tech,0.03609333333333333,0.08492277777777776
2023-03-09,Tech,0.07120878787878789,0.03609333333333333
2023-03-10,Tech,0.0182555,0.07120878787878789
2023-03-13,Tech,0.028566666666666667,0.0182555
2023-03-14,Tech,0.07474583333333333,0.028566666666666667
2023-03-15,Tech,0.07203352380952381,0.07474583333333333
2023-03-16,Tech,0.03884356818181818,0.07203352380952381
2023-03-17,Tech,0.03532125,0.03884356818181818
2023-03-20,Tech,0.029568666666666667,0.03532125
2023-03-21,Tech,0.09304028571428571,0.029568666666666667
2023-03-22,Tech,0.03442151879699248,0.09304028571428571
2023-03-23,Tech,0.09698761904761904,0.03442151879699248
2023-03-24,Tech,0.06406714285714286,0.09698761904761904
2023-03-27,Tech,0.10471917948717949,0.06406714285714286
2023-03-28,Tech,0.0735511111111111,0.10471917948717949
2023-03-29,Tech,0.10495999999999998,0.0735511111111111
2023-03-30,Tech,0.09517666666666666,0.10495999999999998
2023-03-31,Tech,0.09021300000000002,0.09517666666666666
2023-04-03,Tech,0.1374478181818182,0.09021300000000002
2023-04-04,Tech,0.03910138311688312,0.1374478181818182
2023-04-05,Tech,-0.023446315789473683,0.03910138311688312
2023-04-06,Tech,0.12131230769230769,-0.023446315789473683
2023-04-10,Tech,0.11417663639868902,0.12131230769230769
2023-04-11,Tech,0.027017000000000003,0.11417663639868902
2023-04-12,Tech,0.11352133333333334,0.027017000000000003
2023-04-13,Tech,0.03959777777777778,0.11352133333333334
2023-04-14,Tech,0.14189666666666667,0.03959777777777778
2023-04-17,Tech,0.07609666666666666,0.14189666666666667
2023-04-18,Tech,0.1580327380952381,0.07609666666666666
2023-04-19,Tech,0.119882,0.1580327380952381
2023-04-20,Tech,-0.013227888888888895,0.119882
2023-04-21,Tech,0.07883819047619048,-0.013227888888888895
2023-04-24,Tech,0.11162022222222223,0.07883819047619048
2023-04-25,Tech,0.17040904761904763,0.11162022222222223
2023-04-26,Tech,0.09292233333333334,0.17040904761904763
2023-04-27,Tech,0.0893542857142857,0.09292233333333334
2023-04-28,Tech,0.02491464285714286,0.0893542857142857
2023-05-01,Tech,0.1528403650793651,0.02491464285714286
2023-05-02,Tech,0.001947500000000002,0.1528403650793651
2023-05-03,Tech,0.07677658297584769,0.001947500000000002
2023-05-04,Tech,0.016275388888888888,0.07677658297584769
2023-05-05,Tech,0.03704095238095238,0.016275388888888888
2023-05-08,Tech,0.104214,0.03704095238095238
2023-05-09,Tech,-0.042392547008547006,0.104214
2023-05-10,Tech,0.08938399999999999,-0.042392547008547006
2023-05-11,Tech,-0.0063725000000000006,0.08938399999999999
2023-05-12,Tech,0.07620333333333333,-0.0063725000000000006
2023-05-15,Tech,0.1329216233766234,0.07620333333333333
2023-05-16,Tech,0.01309066666666667,0.1329216233766234
2023-05-17,Tech,0.030305787878787883,0.01309066666666667
2023-05-18,Tech,0.16114666666666666,0.030305787878787883
2023-05-19,Tech,0.01943343137254902,0.16114666666666666
2023-05-22,Tech,0.024136897435897437,0.01943343137254902
2023-05-23,Tech,0.13241542857142857,0.024136897435897437
2023-05-24,Tech,0.04517855555555556,0.13241542857142857
2023-05-25,Tech,0.18250985893539087,0.04517855555555556
2023-05-26,Tech,0.03601081300813008,0.18250985893539087
2023-05-30,Tech,0.09513927445507708,0.03601081300813008
2023-05-31,Tech,0.024845372352285393,0.09513927445507708
2023-06-01,Tech,0.09946219219219218,0.024845372352285393
2023-06-02,Tech,0.09559257142857143,0.09946219219219218
2023-06-05,Tech,0.011451699134199134,0.09559257142857143
2023-06-06,Tech,0.048520857142857136,0.011451699134199134
2023-06-07,Tech,0.06672644444444445,0.048520857142857136
2023-06-08,Tech,0.08707159307359308,0.06672644444444445
2023-06-09,Tech,0.06681391228070176,0.08707159307359308
2023-06-12,Tech,0.10288622222222221,0.06681391228070176
2023-06-13,Tech,0.14001047619047619,0.10288622222222221
2023-06-14,Tech,0.08612469703670941,0.14001047619047619
2023-06-15,Tech,0.05458494868035191,0.08612469703670941
2023-06-16,Tech,0.1682658152173913,0.05458494868035191
2023-06-20,Tech,0.07287144503546099,0.1682658152173913
2023-06-21,Tech,-0.04734863333333334,0.07287144503546099
2023-06-22,Tech,0.10338238095238098,-0.04734863333333334
2023-06-23,Tech,0.09963277777777778,0.10338238095238098
2023-06-26,Tech,0.10300283982683982,0.09963277777777778
2023-06-27,Tech,0.08446722222222222,0.10300283982683982
2023-06-28,Tech,-0.0477511591636484,0.08446722222222222
2023-06-29,Tech,0.04060955357142857,-0.0477511591636484
2023-06-30,Tech,0.09682245161290323,0.04060955357142857
2023-07-03,Tech,0.2060433333333333,0.09682245161290323
2023-07-05,Tech,0.09100590476190476,0.2060433333333333
2023-07-06,Tech,0.02914693728493728,0.09100590476190476
2023-07-07,Tech,0.04441833333333333,0.02914693728493728
2023-07-10,Tech,0.1401764013822435,0.04441833333333333
2023-07-11,Tech,0.12100126373626371,0.1401764013822435
2023-07-12,Tech,0.10049698412698413,0.12100126373626371
2023-07-13,Tech,0.1189375,0.10049698412698413
2023-07-14,Tech,0.07218291025641026,0.1189375
2023-07-17,Tech,0.026867560439560435,0.07218291025641026
2023-07-18,Tech,0.12214776811594204,0.026867560439560435
2023-07-19,Tech,0.14796583333333335,0.12214776811594204
2023-07-20,Tech,-0.018738884615384616,0.14796583333333335
2023-07-21,Tech,0.03714232323232323,-0.018738884615384616
2023-07-24,Tech,0.09206863636363637,0.03714232323232323
2023-07-25,Tech,0.10908404761904762,0.09206863636363637
2023-07-26,Tech,0.10789564685314686,0.10908404761904762
2023-07-27,Tech,0.12034778615457561,0.10789564685314686
2023-07-28,Tech,0.14220235871271586,0.12034778615457561
2023-07-31,Tech,0.18831824537037037,0.14220235871271586
2023-08-01,Tech,0.09730043137254903,0.18831824537037037
2023-08-02,Tech,-0.018637812690293507,0.09730043137254903
2023-08-03,Tech,0.05535807118807119,-0.018637812690293507
2023-08-04,Tech,0.10504050000000001,0.05535807118807119
2023-08-07,Tech,-0.004842261904761905,0.10504050000000001
2023-08-08,Tech,0.10225738095238095,-0.004842261904761905
2023-08-09,Tech,0.04666633333333334,0.10225738095238095
2023-08-10,Tech,0.03166035294117647,0.04666633333333334
2023-08-11,Tech,0.09421259259259258,0.03166035294117647
2023-08-14,Tech,0.13084512987012986,0.09421259259259258
2023-08-15,Tech,0.048399,0.13084512987012986
2023-08-16,Tech,0.09832888888888888,0.048399
2023-08-17,Tech,0.0806706105006105,0.09832888888888888
2023-08-18,Tech,0.056794666666666674,0.0806706105006105
2023-08-21,Tech,0.026425660919540232,0.056794666666666674
2023-08-22,Tech,0.1031825,0.026425660919540232
2023-08-23,Tech,0.1204932251082251,0.1031825
2023-08-24,Tech,0.09617846376811594,0.1204932251082251
2023-08-25,Tech,0.09434921040189125,0.09617846376811594
2023-08-28,Tech,0.10035313880445795,0.09434921040189125
2023-08-29,Tech,0.10419123809523809,0.10035313880445795
2023-08-30,Tech,0.05316674136321196,0.10419123809523809
2023-08-31,Tech,0.07606407936507936,0.05316674136321196
2023-09-01,Tech,0.12436357142857142,0.07606407936507936
2023-09-05,Tech,0.1306458619047619,0.12436357142857142
2023-09-06,Tech,0.05957559999999999,0.1306458619047619
2023-09-07,Tech,0.07561820833333334,0.05957559999999999
2023-09-08,Tech,-0.010390644910644915,0.07561820833333334
2023-09-11,Tech,0.15640827380952382,-0.010390644910644915
2023-09-12,Tech,0.0335062,0.15640827380952382
2023-09-13,Tech,0.16712333333333335,0.0335062
2023-09-14,Tech,0.17299486111111112,0.16712333333333335
2023-09-15,Tech,-0.013512688172043017,0.17299486111111112
2023-09-18,Tech,0.08673018002686969,-0.013512688172043017
2023-09-19,Tech,0.10169895833333334,0.08673018002686969
2023-09-20,Tech,-0.022870309523809522,0.10169895833333334
2023-09-21,Tech,0.012778166666666663,-0.022870309523809522
2023-09-22,Tech,0.04559944444444444,0.012778166666666663
2023-09-25,Tech,0.021859346764346765,0.04559944444444444
2023-09-26,Tech,0.11804380952380952,0.021859346764346765
2023-09-27,Tech,0.12009186666666667,0.11804380952380952
2023-09-28,Tech,0.080018,0.12009186666666667
2023-09-29,Tech,0.07936298701298701,0.080018
2023-10-02,Tech,0.15703894538794538,0.07936298701298701
2023-10-03,Tech,0.13600521367521368,0.15703894538794538
2023-10-04,Tech,0.08435676923076924,0.13600521367521368
2023-10-05,Tech,0.09994917948717949,0.08435676923076924
2023-10-06,Tech,0.018300879120879122,0.09994917948717949
2023-10-09,Tech,0.04058980861244019,0.018300879120879122
2023-10-10,Tech,0.12457114285714285,0.04058980861244019
2023-10-11,Tech,0.11944580759980761,0.12457114285714285
2023-10-12,Tech,0.053617000000000005,0.11944580759980761
2023-10-13,Tech,0.1068757380952381,0.053617000000000005
2023-10-16,Tech,0.0942357619047619,0.1068757380952381
2023-10-17,Tech,0.06838397551365043,0.0942357619047619
2023-10-18,Tech,0.030000017889087655,0.06838397551365043
2023-10-19,Tech,0.029622628205128204,0.030000017889087655
2023-10-20,Tech,-0.028749480676328504,0.029622628205128204
2023-10-23,Tech,0.07993949074074073,-0.028749480676328504
2023-10-24,Tech,0.10018291208791211,0.07993949074074073
2023-10-25,Tech,0.03969991228070176,0.10018291208791211
2023-10-26,Tech,0.0613063025210084,0.03969991228070176
2023-10-27,Tech,0.1016030064188685,0.0613063025210084
2023-10-30,Tech,0.04633669863469863,0.1016030064188685
2023-10-31,Tech,0.05741786717267553,0.04633669863469863
2023-11-01,Tech,0.08789040027605244,0.05741786717267553
2023-11-02,Tech,0.1486684888888889,0.08789040027605244
2023-11-03,Tech,0.13980533333333334,0.1486684888888889
2023-11-06,Tech,0.13918438961038962,0.13980533333333334
2023-11-07,Tech,0.27295555555555556,0.13918438961038962
2023-11-08,Tech,0.048813214285714286,0.27295555555555556
2023-11-09,Tech,0.1289992380952381,0.048813214285714286
2023-11-10,Tech,0.15345939130434783,0.1289992380952381
2023-11-13,Tech,0.11319712169312171,0.15345939130434783
2023-11-14,Tech,0.14824002455590385,0.11319712169312171
2023-11-15,Tech,0.03150152958152958,0.14824002455590385
2023-11-16,Tech,0.11257880952380953,0.03150152958152958
2023-11-17,Tech,0.11409040000000001,0.11257880952380953
2023-11-20,Tech,0.10040560283687942,0.11409040000000001
2023-11-21,Tech,0.15483750000000002,0.10040560283687942
2023-11-22,Tech,0.1385645882352941,0.15483750000000002
2023-11-24,Tech,0.09015072390572391,0.1385645882352941
2023-11-27,Tech,0.14636009803921568,0.09015072390572391
2023-11-28,Tech,0.15057916666666665,0.14636009803921568
2023-11-29,Tech,0.14861488095238093,0.15057916666666665
2023-11-30,Tech,0.10329857142857143,0.14861488095238093
2023-12-01,Tech,0.08884117647058824,0.10329857142857143
2023-12-04,Tech,0.12770839775910364,0.08884117647058824
2023-12-05,Tech,0.08339058823529412,0.12770839775910364
2023-12-06,Tech,0.12088311111111112,0.08339058823529412
2023-12-07,Tech,0.1336157619047619,0.12088311111111112
2023-12-08,Tech,0.15417994888981984,0.1336157619047619
2023-12-11,Tech,0.09965677551020409,0.15417994888981984
2023-12-12,Tech,0.09588780158730159,0.09965677551020409
2023-12-13,Tech,0.13233858823529412,0.09588780158730159
2023-12-14,Tech,0.0830125,0.13233858823529412
2023-12-15,Tech,0.03973985858585859,0.0830125
2023-12-18,Tech,0.07455110544217688,0.03973985858585859
2023-12-19,Tech,0.025320000000000002,0.07455110544217688
2023-12-20,Tech,0.05408,0.025320000000000002
2023-12-21,Tech,0.03709,0.05408
2023-12-22,Tech,0.029588000000000003,0.03709
2023-12-26,Tech,0.027379999999999998,0.029588000000000003
2023-12-27,Tech,0.0431,0.027379999999999998
2023-12-28,Tech,0.029466000000000003,0.0431
2023-12-29,Tech,0.009909999999999999,0.029466000000000003
2020-01-02,Utilities,0.07224,
2020-01-03,Utilities,0.004373333333333333,0.07224
2020-01-06,Utilities,-0.016710000000000003,0.004373333333333333
2020-01-07,Utilities,0.07224,-0.016710000000000003
2020-01-08,Utilities,0.17396,0.07224
2020-01-09,Utilities,0.012,0.17396
2020-01-10,Utilities,0.022010000000000002,0.012
2020-01-13,Utilities,-0.020719999999999995,0.022010000000000002
2020-01-14,Utilities,0.08685000000000001,-0.020719999999999995
2020-01-15,Utilities,0.03587666666666667,0.08685000000000001
2020-01-16,Utilities,0.026063333333333334,0.03587666666666667
2020-01-17,Utilities,0.03369111111111111,0.026063333333333334
2020-01-21,Utilities,-0.019754166666666666,0.03369111111111111
2020-01-22,Utilities,0.058785833333333336,-0.019754166666666666
2020-01-23,Utilities,0.004966666666666666,0.058785833333333336
2020-01-24,Utilities,0.07659368627450981,0.004966666666666666
2020-01-27,Utilities,0.010284761904761902,0.07659368627450981
2020-01-28,Utilities,-0.020574000000000002,0.010284761904761902
2020-01-29,Utilities,0.008255,-0.020574000000000002
2020-01-30,Utilities,0.075004,0.008255
2020-01-31,Utilities,0.02516,0.075004
2020-02-03,Utilities,0.052031666666666664,0.02516
2020-02-04,Utilities,0.05555,0.052031666666666664
2020-02-05,Utilities,0.03571333333333333,0.05555
2020-02-06,Utilities,0.0032666666666666677,0.03571333333333333
2020-02-07,Utilities,0.09843166666666667,0.0032666666666666677
2020-02-10,Utilities,0.06647833333333333,0.09843166666666667
2020-02-11,Utilities,0.03565476190476191,0.06647833333333333
2020-02-12,Utilities,0.18189822222222224,0.03565476190476191
2020-02-13,Utilities,0.075012,0.18189822222222224
2020-02-14,Utilities,0.116642,0.075012
2020-02-18,Utilities,0.10741666666666667,0.116642
2020-02-19,Utilities,-0.005889090909090908,0.10741666666666667
2020-02-20,Utilities,0.039007487179487176,-0.005889090909090908
2020-02-21,Utilities,0.06647600000000001,0.039007487179487176
2020-02-24,Utilities,-0.006528000000000001,0.06647600000000001
2020-02-25,Utilities,0.10850833333333332,-0.006528000000000001
2020-02-26,Utilities,0.06445666666666666,0.10850833333333332
2020-02-27,Utilities,0.16951083333333333,0.06445666666666666
2020-02-28,Utilities,-0.094555,0.16951083333333333
2020-03-02,Utilities,0.17237333333333332,-0.094555
2020-03-03,Utilities,-0.036294999999999994,0.17237333333333332
2020-03-04,Utilities,0.4041040000000001,-0.036294999999999994
2020-03-05,Utilities,0.03206666666666667,0.4041040000000001
2020-03-06,Utilities,0.05916000000000001,0.03206666666666667
2020-03-09,Utilities,-0.03233166666666666,0.05916000000000001
2020-03-10,Utilities,0.0814,-0.03233166666666666
2020-03-11,Utilities,0.13159,0.0814
2020-03-12,Utilities,-0.043263690476190476,0.13159
2020-03-13,Utilities,0.031810000000000005,-0.043263690476190476
2020-03-16,Utilities,0.003551238095238091,0.031810000000000005
2020-03-17,Utilities,0.3802533333333333,0.003551238095238091
2020-03-18,Utilities,0.23385000000000003,0.3802533333333333
2020-03-19,Utilities,0.020720000000000002,0.23385000000000003
2020-03-20,Utilities,0.019200000000000002,0.020720000000000002
2020-03-23,Utilities,-0.00980242857142857,0.019200000000000002
2020-03-24,Utilities,0.09447333333333333,-0.00980242857142857
2020-03-25,Utilities,0.24628333333333335,0.09447333333333333
2020-03-26,Utilities,0.1482133333333333,0.24628333333333335
2020-03-27,Utilities,0.18504066666666666,0.1482133333333333
2020-03-30,Utilities,0.12419,0.18504066666666666
2020-03-31,Utilities,0.048670000000000005,0.12419
2020-04-01,Utilities,0.025436666666666673,0.048670000000000005
2020-04-02,Utilities,-0.04504,0.025436666666666673
2020-04-03,Utilities,0.0454,-0.04504
2020-04-06,Utilities,0.27606166666666665,0.0454
2020-04-07,Utilities,0.10466899999999998,0.27606166666666665
2020-04-08,Utilities,-0.010306666666666669,0.10466899999999998
2020-04-09,Utilities,0.38219333333333333,-0.010306666666666669
2020-04-13,Utilities,-0.08219166666666666,0.38219333333333333
2020-04-14,Utilities,0.10630628571428573,-0.08219166666666666
2020-04-15,Utilities,-0.17102699999999998,0.10630628571428573
2020-04-16,Utilities,-0.0013349999999999972,-0.17102699999999998
2020-04-17,Utilities,0.16877999999999999,-0.0013349999999999972
2020-04-20,Utilities,0.03189000000000001,0.16877999999999999
2020-04-21,Utilities,-0.20800999999999997,0.03189000000000001
2020-04-22,Utilities,-0.0422321568627451,-0.20800999999999997
2020-04-23,Utilities,0.10474333333333334,-0.0422321568627451
2020-04-24,Utilities,-0.06738,0.10474333333333334
2020-04-27,Utilities,0.070825,-0.06738
2020-04-28,Utilities,0.10405,0.070825
2020-04-29,Utilities,0.021793333333333338,0.10405
2020-04-30,Utilities,0.08728133333333334,0.021793333333333338
2020-05-01,Utilities,-0.039779999999999996,0.08728133333333334
2020-05-04,Utilities,0.06775,-0.039779999999999996
2020-05-05,Utilities,0.026370727272727268,0.06775
2020-05-06,Utilities,0.019896666666666667,0.026370727272727268
2020-05-07,Utilities,0.008513333333333335,0.019896666666666667
2020-05-08,Utilities,-0.041700484848484855,0.008513333333333335
2020-05-11,Utilities,0.04936,-0.041700484848484855
2020-05-12,Utilities,0.013782666666666669,0.04936
2020-05-13,Utilities,0.10589,0.013782666666666669
2020-05-14,Utilities,0.08413166666666667,0.10589
2020-05-15,Utilities,0.023163809523809524,0.08413166666666667
2020-05-18,Utilities,0.17603333333333332,0.023163809523809524
2020-05-19,Utilities,0.0015400000000000001,0.17603333333333332
2020-05-20,Utilities,0.01691666666666667,0.0015400000000000001
2020-05-21,Utilities,0.053694000000000006,0.01691666666666667
2020-05-22,Utilities,0.04183333333333334,0.053694000000000006
2020-05-26,Utilities,0.1041,0.04183333333333334
2020-05-27,Utilities,0.09663,0.1041
2020-05-28,Utilities,-0.053756000000000005,0.09663
2020-05-29,Utilities,0.069298,-0.053756000000000005
2020-06-01,Utilities,0.11702000000000001,0.069298
2020-06-02,Utilities,0.04441,0.11702000000000001
2020-06-03,Utilities,0.0,0.04441
2020-06-04,Utilities,-0.05364800000000001,0.0
2020-06-05,Utilities,0.029735,-0.05364800000000001
2020-06-08,Utilities,0.298,0.029735
2020-06-09,Utilities,0.046689999999999995,0.298
2020-06-10,Utilities,-0.0653,0.046689999999999995
2020-06-11,Utilities,0.22412,-0.0653
2020-06-12,Utilities,0.00722,0.22412
2020-06-15,Utilities,0.023219999999999998,0.00722
2020-06-16,Utilities,-0.10422000000000001,0.023219999999999998
2020-06-17,Utilities,0.00618,-0.10422000000000001
2020-06-18,Utilities,0.03904,0.00618
2020-06-19,Utilities,0.00928,0.03904
2020-06-22,Utilities,0.004913333333333334,0.00928
2020-06-23,Utilities,0.0033599999999999997,0.004913333333333334
2020-06-24,Utilities,0.0036200000000000004,0.0033599999999999997
2020-06-25,Utilities,-0.02163,0.0036200000000000004
2020-06-26,Utilities,0.07296,-0.02163
2020-06-29,Utilities,0.0018,0.07296
2020-06-30,Utilities,0.03601,0.0018
2020-07-01,Utilities,0.02024,0.03601
2020-07-02,Utilities,0.23708,0.02024
2020-07-06,Utilities,0.004425362318840583,0.23708
2020-07-07,Utilities,-0.07184,0.004425362318840583
2020-07-08,Utilities,0.005145,-0.07184
2020-07-09,Utilities,0.11306000000000001,0.005145
2020-07-10,Utilities,0.014419999999999999,0.11306000000000001
2020-07-13,Utilities,0.06371333333333333,0.014419999999999999
2020-07-14,Utilities,0.006719999999999999,0.06371333333333333
2020-07-15,Utilities,0.12634,0.006719999999999999
2020-07-16,Utilities,0.0204,0.12634
2020-07-17,Utilities,0.09992,0.0204
2020-07-20,Utilities,-0.08676666666666666,0.09992
2020-07-21,Utilities,0.00853,-0.08676666666666666
2020-07-22,Utilities,0.0,0.00853
2020-07-23,Utilities,0.10156000000000001,0.0
2020-07-24,Utilities,0.24465666666666666,0.10156000000000001
2020-07-27,Utilities,-0.033055000000000015,0.24465666666666666
2020-07-28,Utilities,0.025,-0.033055000000000015
2020-07-29,Utilities,0.021666666666666664,0.025
2020-07-30,Utilities,0.07466,0.021666666666666664
2020-07-31,Utilities,0.014593333333333333,0.07466
2020-08-03,Utilities,0.05397333333333333,0.014593333333333333
2020-08-04,Utilities,0.17119,0.05397333333333333
2020-08-05,Utilities,0.005040000000000001,0.17119
2020-08-06,Utilities,-0.011625000000000002,0.005040000000000001
2020-08-07,Utilities,0.0,-0.011625000000000002
2020-08-10,Utilities,-0.021683333333333332,0.0
2020-08-11,Utilities,0.0077399999999999995,-0.021683333333333332
2020-08-12,Utilities,0.004739999999999999,0.0077399999999999995
2020-08-13,Utilities,0.0,0.004739999999999999
2020-08-14,Utilities,0.15356,0.0
2020-08-17,Utilities,0.051059999999999994,0.15356
2020-08-18,Utilities,0.0018,0.051059999999999994
2020-08-19,Utilities,0.0,0.0018
2020-08-20,Utilities,0.00978,0.0
2020-08-21,Utilities,0.07554000000000001,0.00978
2020-08-24,Utilities,-0.05565,0.07554000000000001
2020-08-25,Utilities,0.07776000000000001,-0.05565
2020-08-26,Utilities,0.15885,0.07776000000000001
2020-08-27,Utilities,0.00388,0.15885
2020-08-28,Utilities,0.0,0.00388
2020-08-31,Utilities,0.035166666666666666,0.0
2020-09-01,Utilities,0.00388,0.035166666666666666
2020-09-02,Utilities,0.0155,0.00388
2020-09-03,Utilities,0.028220000000000002,0.0155
2020-09-04,Utilities,0.00438,0.028220000000000002
2020-09-08,Utilities,0.010291428571428573,0.00438
2020-09-09,Utilities,0.00826,0.010291428571428573
2020-09-10,Utilities,0.00388,0.00826
2020-09-11,Utilities,0.00388,0.00388
2020-09-14,Utilities,0.02446,0.00388
2020-09-15,Utilities,0.0004266666666666666,0.02446
2020-09-16,Utilities,0.036235,0.0004266666666666666
2020-09-17,Utilities,0.0,0.036235
2020-09-18,Utilities,0.0,0.0
2020-09-21,Utilities,0.0015400000000000001,0.0
2020-09-22,Utilities,0.00414,0.0015400000000000001
2020-09-23,Utilities,0.005399999999999999,0.00414
2020-09-24,Utilities,-0.00026,0.005399999999999999
2020-09-25,Utilities,0.0,-0.00026
2020-09-28,Utilities,0.09353999999999998,0.0
2020-09-29,Utilities,0.0004999999999999999,0.09353999999999998
2020-09-30,Utilities,0.039734000000000005,0.0004999999999999999
2020-10-01,Utilities,0.14696,0.039734000000000005
2020-10-02,Utilities,0.19456,0.14696
2020-10-05,Utilities,0.18293500000000001,0.19456
2020-10-06,Utilities,-0.13488,0.18293500000000001
2020-10-07,Utilities,0.00735,-0.13488
2020-10-08,Utilities,0.07604000000000001,0.00735
2020-10-09,Utilities,0.13512,0.07604000000000001
2020-10-12,Utilities,0.15067999999999998,0.13512
2020-10-13,Utilities,0.00516,0.15067999999999998
2020-10-14,Utilities,0.01626,0.00516
2020-10-15,Utilities,0.11535999999999999,0.01626
2020-10-16,Utilities,0.0,0.11535999999999999
2020-10-19,Utilities,0.018220000000000004,0.0
2020-10-20,Utilities,0.00309,0.018220000000000004
2020-10-21,Utilities,0.028340000000000004,0.00309
2020-10-22,Utilities,0.15538,0.028340000000000004
2020-10-23,Utilities,0.09490666666666667,0.15538
2020-10-26,Utilities,-0.011555,0.09490666666666667
2020-10-27,Utilities,-0.06222000000000001,-0.011555
2020-10-28,Utilities,0.00104,-0.06222000000000001
2020-10-29,Utilities,0.058786666666666675,0.00104
2020-10-30,Utilities,0.005939999999999999,0.058786666666666675
2020-11-02,Utilities,-0.0934775,0.005939999999999999
2020-11-03,Utilities,0.07398,-0.0934775
2020-11-04,Utilities,-0.04234,0.07398
2020-11-05,Utilities,0.15706,-0.04234
2020-11-06,Utilities,0.08501,0.15706
2020-11-09,Utilities,0.013019999999999999,0.08501
2020-11-10,Utilities,0.0015400000000000001,0.013019999999999999
2020-11-11,Utilities,0.0085,0.0015400000000000001
2020-11-12,Utilities,0.06428,0.0085
2020-11-13,Utilities,0.0,0.06428
2020-11-16,Utilities,-3.999999999999976e-05,0.0
2020-11-17,Utilities,0.0,-3.999999999999976e-05
2020-11-18,Utilities,-0.00534,0.0
2020-11-19,Utilities,-0.06670000000000001,-0.00534
2020-11-20,Utilities,0.026633333333333332,-0.06670000000000001
2020-11-23,Utilities,0.04541333333333334,0.026633333333333332
2020-11-24,Utilities,0.00258,0.04541333333333334
2020-11-25,Utilities,0.09006666666666667,0.00258
2020-11-27,Utilities,0.0031,0.09006666666666667
2020-11-30,Utilities,-0.011656666666666666,0.0031
2020-12-01,Utilities,0.0015400000000000001,-0.011656666666666666
2020-12-02,Utilities,0.054490000000000004,0.0015400000000000001
2020-12-03,Utilities,0.0,0.054490000000000004
2020-12-04,Utilities,0.0588,0.0
2020-12-07,Utilities,0.0033599999999999997,0.0588
2020-12-08,Utilities,0.01316,0.0033599999999999997
2020-12-09,Utilities,0.0715,0.01316
2020-12-10,Utilities,0.002986666666666667,0.0715
2020-12-11,Utilities,0.039080000000000004,0.002986666666666667
2020-12-14,Utilities,-0.03423,0.039080000000000004
2020-12-15,Utilities,0.0,-0.03423
2020-12-16,Utilities,0.0,0.0
2020-12-17,Utilities,0.008473333333333333,0.0
2020-12-18,Utilities,0.00412,0.008473333333333333
2020-12-21,Utilities,0.12258,0.00412
2020-12-22,Utilities,0.03193,0.12258
2020-12-23,Utilities,0.00516,0.03193
2020-12-24,Utilities,0.0,0.00516
2020-12-28,Utilities,0.036330000000000015,0.0
2020-12-29,Utilities,0.0,0.036330000000000015
2020-12-30,Utilities,0.0,0.0
2020-12-31,Utilities,0.00902,0.0
2021-01-04,Utilities,0.004835,0.00902
2021-01-05,Utilities,0.10795999999999999,0.004835
2021-01-06,Utilities,0.0,0.10795999999999999
2021-01-07,Utilities,0.00407,0.0
2021-01-08,Utilities,0.04735000000000001,0.00407
2021-01-11,Utilities,0.10788,0.04735000000000001
2021-01-12,Utilities,0.20367000000000002,0.10788
2021-01-13,Utilities,0.014366666666666666,0.20367000000000002
2021-01-14,Utilities,-0.11352,0.014366666666666666
2021-01-15,Utilities,0.00414,-0.11352
2021-01-19,Utilities,0.011370000000000002,0.00414
2021-01-20,Utilities,0.00426,0.011370000000000002
2021-01-21,Utilities,0.0018,0.00426
2021-01-22,Utilities,0.00438,0.0018
2021-01-25,Utilities,-0.034493333333333334,0.00438
2021-01-26,Utilities,0.0106825,-0.034493333333333334
2021-01-27,Utilities,0.04824,0.0106825
2021-01-28,Utilities,0.0806,0.04824
2021-01-29,Utilities,0.009040000000000001,0.0806
2021-02-01,Utilities,0.0403,0.009040000000000001
2021-02-02,Utilities,0.0033599999999999997,0.0403
2021-02-03,Utilities,-0.014179999999999995,0.0033599999999999997
2021-02-04,Utilities,0.051533333333333334,-0.014179999999999995
2021-02-05,Utilities,0.01864,0.051533333333333334
2021-02-08,Utilities,0.06548,0.01864
2021-02-09,Utilities,0.0015400000000000001,0.06548
2021-02-10,Utilities,0.053970000000000004,0.0015400000000000001
2021-02-11,Utilities,0.00115,0.053970000000000004
2021-02-12,Utilities,-0.00324,0.00115
2021-02-16,Utilities,0.16485,-0.00324
2021-02-17,Utilities,0.34943,0.16485
2021-02-18,Utilities,0.02436,0.34943
2021-02-19,Utilities,0.19324000000000002,0.02436
2021-02-22,Utilities,0.014966666666666666,0.19324000000000002
2021-02-23,Utilities,0.007233333333333333,0.014966666666666666
2021-02-24,Utilities,-0.03185,0.007233333333333333
2021-02-25,Utilities,-0.06508,-0.03185
2021-02-26,Utilities,-0.05706,-0.06508
2021-03-01,Utilities,0.06646,-0.05706
2021-03-02,Utilities,-0.08661999999999999,0.06646
2021-03-03,Utilities,0.00258,-0.08661999999999999
2021-03-04,Utilities,0.060540000000000004,0.00258
2021-03-05,Utilities,0.00258,0.060540000000000004
2021-03-08,Utilities,0.0005099999999999998,0.00258
2021-03-09,Utilities,0.01356,0.0005099999999999998
2021-03-10,Utilities,0.07766,0.01356
2021-03-11,Utilities,0.0,0.07766
2021-03-12,Utilities,0.07482000000000001,0.0
2021-03-15,Utilities,0.03519,0.07482000000000001
2021-03-16,Utilities,0.005753333333333335,0.03519
2021-03-17,Utilities,0.0,0.005753333333333335
2021-03-18,Utilities,0.0698,0.0
2021-03-19,Utilities,0.0,0.0698
2021-03-22,Utilities,0.0,0.0
2021-03-23,Utilities,0.005300000000000001,0.0
2021-03-24,Utilities,0.0,0.005300000000000001
2021-03-25,Utilities,0.034473333333333335,0.0
2021-03-26,Utilities,0.06098,0.034473333333333335
2021-03-29,Utilities,0.056089999999999994,0.06098
2021-03-30,Utilities,0.0,0.056089999999999994
2021-03-31,Utilities,0.00284,0.0
2021-04-01,Utilities,0.04567333333333333,0.00284
2021-04-05,Utilities,0.004896666666666666,0.04567333333333333
2021-04-06,Utilities,0.09870999999999999,0.004896666666666666
2021-04-07,Utilities,0.14738,0.09870999999999999
2021-04-08,Utilities,0.15322,0.14738
2021-04-09,Utilities,0.0033599999999999997,0.15322
2021-04-12,Utilities,0.08906,0.0033599999999999997
2021-04-13,Utilities,0.09848333333333334,0.08906
2021-04-14,Utilities,0.06861,0.09848333333333334
2021-04-15,Utilities,0.00735,0.06861
2021-04-16,Utilities,0.0,0.00735
2021-04-19,Utilities,0.011969999999999998,0.0
2021-04-20,Utilities,0.0147,0.011969999999999998
2021-04-21,Utilities,0.03881428571428572,0.0147
2021-04-22,Utilities,0.12225000000000001,0.03881428571428572
2021-04-23,Utilities,0.0067,0.12225000000000001
2021-04-26,Utilities,0.10006,0.0067
2021-04-27,Utilities,0.08386,0.10006
2021-04-28,Utilities,0.03760000000000001,0.08386
2021-04-29,Utilities,0.03612,0.03760000000000001
2021-04-30,Utilities,-0.11392000000000002,0.03612
2021-05-03,Utilities,0.10028999999999999,-0.11392000000000002
2021-05-04,Utilities,0.049420000000000006,0.10028999999999999
2021-05-05,Utilities,0.0054199999999999995,0.049420000000000006
2021-05-06,Utilities,0.00206,0.0054199999999999995
2021-05-07,Utilities,0.07418,0.00206
2021-05-10,Utilities,0.07800285714285715,0.07418
2021-05-11,Utilities,0.0,0.07800285714285715
2021-05-12,Utilities,0.00826,0.0
2021-05-13,Utilities,0.07348,0.00826
2021-05-14,Utilities,0.060540000000000004,0.07348
2021-05-17,Utilities,0.00621,0.060540000000000004
2021-05-18,Utilities,0.07270000000000001,0.00621
2021-05-19,Utilities,-0.0031,0.07270000000000001
2021-05-20,Utilities,0.018340000000000002,-0.0031
2021-05-21,Utilities,0.07544,0.018340000000000002
2021-05-24,Utilities,0.04458,0.07544
2021-05-25,Utilities,0.0015400000000000001,0.04458
2021-05-26,Utilities,0.04043000000000001,0.0015400000000000001
2021-05-27,Utilities,0.08124,0.04043000000000001
2021-05-28,Utilities,0.00438,0.08124
2021-06-01,Utilities,0.09813999999999999,0.00438
2021-06-02,Utilities,0.013419999999999998,0.09813999999999999
2021-06-03,Utilities,0.014090000000000002,0.013419999999999998
2021-06-04,Utilities,0.11080000000000001,0.014090000000000002
2021-06-07,Utilities,0.0,0.11080000000000001
2021-06-08,Utilities,-0.011713333333333334,0.0
2021-06-09,Utilities,0.00826,-0.011713333333333334
2021-06-10,Utilities,0.07224,0.00826
2021-06-11,Utilities,0.00284,0.07224
2021-06-14,Utilities,0.041740000000000006,0.00284
2021-06-15,Utilities,0.0036200000000000004,0.041740000000000006
2021-06-16,Utilities,0.00776,0.0036200000000000004
2021-06-17,Utilities,-0.03954,0.00776
2021-06-18,Utilities,0.0,-0.03954
2021-06-21,Utilities,0.02522333333333333,0.0
2021-06-22,Utilities,0.0,0.02522333333333333
2021-06-23,Utilities,-0.15758,0.0
2021-06-24,Utilities,0.21371,-0.15758
2021-06-25,Utilities,0.07596,0.21371
2021-06-28,Utilities,0.147,0.07596
2021-06-29,Utilities,-0.07148000000000002,0.147
2021-06-30,Utilities,0.004,-0.07148000000000002
2021-07-01,Utilities,-0.00013,0.004
2021-07-02,Utilities,0.00388,-0.00013
2021-07-06,Utilities,0.03945,0.00388
2021-07-07,Utilities,0.061880000000000004,0.03945
2021-07-08,Utilities,0.09014,0.061880000000000004
2021-07-09,Utilities,0.0016799999999999999,0.09014
2021-07-12,Utilities,0.027313333333333335,0.0016799999999999999
2021-07-13,Utilities,-0.02238,0.027313333333333335
2021-07-14,Utilities,0.07306,-0.02238
2021-07-15,Utilities,-0.06076,0.07306
2021-07-16,Utilities,0.25328999999999996,-0.06076
2021-07-19,Utilities,-0.06898000000000001,0.25328999999999996
2021-07-20,Utilities,0.0033599999999999997,-0.06898000000000001
2021-07-21,Utilities,-0.03291,0.0033599999999999997
2021-07-22,Utilities,0.020285000000000004,-0.03291
2021-07-23,Utilities,0.056433333333333335,0.020285000000000004
2021-07-26,Utilities,0.26871999999999996,0.056433333333333335
2021-07-27,Utilities,0.0,0.26871999999999996
2021-07-28,Utilities,0.0,0.0
2021-07-29,Utilities,0.03792,0.0
2021-07-30,Utilities,0.0,0.03792
2021-08-02,Utilities,0.0037400000000000003,0.0
2021-08-03,Utilities,0.07224,0.0037400000000000003
2021-08-04,Utilities,0.03612,0.07224
2021-08-05,Utilities,0.02938,0.03612
2021-08-06,Utilities,0.005484999999999999,0.02938
2021-08-09,Utilities,0.00464,0.005484999999999999
2021-08-10,Utilities,0.11428,0.00464
2021-08-11,Utilities,0.00659,0.11428
2021-08-12,Utilities,0.00887,0.00659
2021-08-13,Utilities,0.03936666666666667,0.00887
2021-08-16,Utilities,0.010216666666666667,0.03936666666666667
2021-08-17,Utilities,0.059199999999999996,0.010216666666666667
2021-08-18,Utilities,0.0,0.059199999999999996
2021-08-19,Utilities,0.0,0.0
2021-08-20,Utilities,0.15814,0.0
2021-08-23,Utilities,0.05858000000000001,0.15814
2021-08-24,Utilities,-0.11187333333333334,0.05858000000000001
2021-08-25,Utilities,-0.06494,-0.11187333333333334
2021-08-26,Utilities,0.0,-0.06494
2021-08-27,Utilities,0.0,0.0
2021-08-30,Utilities,0.04202,0.0
2021-08-31,Utilities,-0.0010399999999999997,0.04202
2021-09-01,Utilities,0.0067,-0.0010399999999999997
2021-09-02,Utilities,0.02038,0.0067
2021-09-03,Utilities,0.0015400000000000001,0.02038
2021-09-07,Utilities,0.15433333333333335,0.0015400000000000001
2021-09-08,Utilities,0.1478,0.15433333333333335
2021-09-09,Utilities,0.0,0.1478
2021-09-10,Utilities,0.08148999999999999,0.0
2021-09-13,Utilities,0.032440000000000004,0.08148999999999999
2021-09-14,Utilities,0.00194,0.032440000000000004
2021-09-15,Utilities,0.4279,0.00194
2021-09-16,Utilities,-0.008220000000000002,0.4279
2021-09-17,Utilities,-0.00104,-0.008220000000000002
2021-09-20,Utilities,0.0027,-0.00104
2021-09-21,Utilities,0.0054199999999999995,0.0027
2021-09-22,Utilities,0.04092,0.0054199999999999995
2021-09-23,Utilities,0.1096,0.04092
2021-09-24,Utilities,0.0,0.1096
2021-09-27,Utilities,0.12406500000000001,0.0
2021-09-28,Utilities,0.0034800000000000005,0.12406500000000001
2021-09-29,Utilities,0.0387,0.0034800000000000005
2021-09-30,Utilities,0.02546,0.0387
2021-10-01,Utilities,0.162,0.02546
2021-10-04,Utilities,-0.07292000000000001,0.162
2021-10-05,Utilities,0.00303,-0.07292000000000001
2021-10-06,Utilities,0.0,0.00303
2021-10-07,Utilities,0.0018,0.0
2021-10-08,Utilities,0.0,0.0018
2021-10-11,Utilities,0.1926466666666667,0.0
2021-10-12,Utilities,-0.0018,0.1926466666666667
2021-10-13,Utilities,0.0,-0.0018
2021-10-14,Utilities,0.029860000000000005,0.0
2021-10-15,Utilities,0.07708,0.029860000000000005
2021-10-18,Utilities,0.09598,0.07708
2021-10-19,Utilities,0.08139,0.09598
2021-10-20,Utilities,0.160248,0.08139
2021-10-21,Utilities,0.0,0.160248
2021-10-22,Utilities,-0.03362,0.0
2021-10-25,Utilities,0.10270666666666668,-0.03362
2021-10-26,Utilities,0.0064399999999999995,0.10270666666666668
2021-10-27,Utilities,0.01266,0.0064399999999999995
2021-10-28,Utilities,0.00103,0.01266
2021-10-29,Utilities,0.0033599999999999997,0.00103
2021-11-01,Utilities,0.04008,0.0033599999999999997
2021-11-02,Utilities,0.0031100000000000004,0.04008
2021-11-03,Utilities,0.02898,0.0031100000000000004
2021-11-04,Utilities,0.05313,0.02898
2021-11-05,Utilities,0.05266,0.05313
2021-11-08,Utilities,0.010060000000000001,0.05266
2021-11-09,Utilities,0.00437,0.010060000000000001
2021-11-10,Utilities,0.007350000000000001,0.00437
2021-11-11,Utilities,0.03919,0.007350000000000001
2021-11-12,Utilities,0.07224,0.03919
2021-11-15,Utilities,0.1145,0.07224
2021-11-16,Utilities,0.07264000000000001,0.1145
2021-11-17,Utilities,0.07286000000000001,0.07264000000000001
2021-11-18,Utilities,0.0077399999999999995,0.07286000000000001
2021-11-19,Utilities,0.08448,0.0077399999999999995
2021-11-22,Utilities,0.07300333333333334,0.08448
2021-11-23,Utilities,0.00388,0.07300333333333334
2021-11-24,Utilities,0.018,0.00388
2021-11-26,Utilities,0.0,0.018
2021-11-29,Utilities,0.031645,0.0
2021-11-30,Utilities,0.00412,0.031645
2021-12-01,Utilities,0.0007700000000000001,0.00412
2021-12-02,Utilities,0.00206,0.0007700000000000001
2021-12-03,Utilities,0.01124,0.00206
2021-12-06,Utilities,0.0817,0.01124
2021-12-07,Utilities,-0.03552,0.0817
2021-12-08,Utilities,-0.07224,-0.03552
2021-12-09,Utilities,0.0,-0.07224
2021-12-10,Utilities,0.06098,0.0
2021-12-13,Utilities,0.0044333333333333325,0.06098
2021-12-14,Utilities,0.08928,0.0044333333333333325
2021-12-15,Utilities,0.009819999999999999,0.08928
2021-12-16,Utilities,-0.0018,0.009819999999999999
2021-12-17,Utilities,0.0018,-0.0018
2021-12-20,Utilities,0.039049999999999994,0.0018
2021-12-21,Utilities,0.12574000000000002,0.039049999999999994
2021-12-22,Utilities,0.0018,0.12574000000000002
2021-12-23,Utilities,-0.03694,0.0018
2021-12-27,Utilities,0.00116,-0.03694
2021-12-28,Utilities,0.04423999999999999,0.00116
2021-12-29,Utilities,0.10414999999999999,0.04423999999999999
2021-12-30,Utilities,0.10751999999999999,0.10414999999999999
2021-12-31,Utilities,0.00594,0.10751999999999999
2022-01-03,Utilities,-0.05246000000000001,0.00594
2022-01-04,Utilities,0.1793,-0.05246000000000001
2022-01-05,Utilities,0.11788000000000001,0.1793
2022-01-06,Utilities,0.1155,0.11788000000000001
2022-01-07,Utilities,0.12324000000000002,0.1155
2022-01-10,Utilities,0.2710533333333333,0.12324000000000002
2022-01-11,Utilities,0.10698,0.2710533333333333
2022-01-12,Utilities,0.0015400000000000001,0.10698
2022-01-13,Utilities,0.12776,0.0015400000000000001
2022-01-14,Utilities,0.0866,0.12776
2022-01-18,Utilities,0.28844,0.0866
2022-01-19,Utilities,0.13507666666666668,0.28844
2022-01-20,Utilities,0.11216000000000001,0.13507666666666668
2022-01-21,Utilities,0.056056666666666664,0.11216000000000001
2022-01-24,Utilities,0.030989999999999997,0.056056666666666664
2022-01-25,Utilities,0.12202166666666667,0.030989999999999997
2022-01-26,Utilities,0.0067,0.12202166666666667
2022-01-27,Utilities,0.255,0.0067
2022-01-28,Utilities,0.20781999999999998,0.255
2022-01-31,Utilities,0.07338,0.20781999999999998
2022-02-01,Utilities,0.21023999999999998,0.07338
2022-02-02,Utilities,0.13713999999999998,0.21023999999999998
2022-02-03,Utilities,0.22494999999999998,0.13713999999999998
2022-02-04,Utilities,0.12857666666666667,0.22494999999999998
2022-02-07,Utilities,0.05852666666666666,0.12857666666666667
2022-02-08,Utilities,0.04281,0.05852666666666666
2022-02-09,Utilities,0.14274666666666666,0.04281
2022-02-10,Utilities,0.079417,0.14274666666666666
2022-02-11,Utilities,0.09879199999999999,0.079417
2022-02-14,Utilities,0.044689999999999994,0.09879199999999999
2022-02-15,Utilities,0.18222,0.044689999999999994
2022-02-16,Utilities,0.01948666666666667,0.18222
2022-02-17,Utilities,0.07237666666666667,0.01948666666666667
2022-02-18,Utilities,-0.05162500000000001,0.07237666666666667
2022-02-22,Utilities,0.03484866666666667,-0.05162500000000001
2022-02-23,Utilities,0.021440000000000004,0.03484866666666667
2022-02-24,Utilities,0.15892,0.021440000000000004
2022-02-25,Utilities,0.07472,0.15892
2022-02-28,Utilities,0.0065966666666666725,0.07472
2022-03-01,Utilities,0.15135,0.0065966666666666725
2022-03-02,Utilities,0.0,0.15135
2022-03-03,Utilities,0.06992000000000001,0.0
2022-03-04,Utilities,0.012463333333333335,0.06992000000000001
2022-03-07,Utilities,0.0037250000000000004,0.012463333333333335
2022-03-08,Utilities,-0.036359999999999996,0.0037250000000000004
2022-03-09,Utilities,0.00206,-0.036359999999999996
2022-03-10,Utilities,-0.02667,0.00206
2022-03-11,Utilities,0.07472,-0.02667
2022-03-14,Utilities,0.009646666666666666,0.07472
2022-03-15,Utilities,0.005939999999999999,0.009646666666666666
2022-03-16,Utilities,-0.03129,0.005939999999999999
2022-03-17,Utilities,0.01931,-0.03129
2022-03-18,Utilities,0.0049,0.01931
2022-03-21,Utilities,0.042743333333333335,0.0049
2022-03-22,Utilities,0.15299999999999997,0.042743333333333335
2022-03-23,Utilities,0.0015400000000000001,0.15299999999999997
2022-03-24,Utilities,0.14944,0.0015400000000000001
2022-03-25,Utilities,-0.00010999999999999899,0.14944
2022-03-28,Utilities,0.077788,-0.00010999999999999899
2022-03-29,Utilities,0.120708,0.077788
2022-03-30,Utilities,0.18189000000000002,0.120708
2022-03-31,Utilities,-0.024100000000000003,0.18189000000000002
2022-04-01,Utilities,0.004306666666666667,-0.024100000000000003
2022-04-04,Utilities,0.08288,0.004306666666666667
2022-04-05,Utilities,0.06928,0.08288
2022-04-06,Utilities,0.22408,0.06928
2022-04-07,Utilities,0.08318,0.22408
2022-04-08,Utilities,0.0,0.08318
2022-04-11,Utilities,0.14095999999999997,0.0
2022-04-12,Utilities,0.3342,0.14095999999999997
2022-04-13,Utilities,0.07224,0.3342
2022-04-14,Utilities,0.11442,0.07224
2022-04-18,Utilities,0.0038250000000000007,0.11442
2022-04-19,Utilities,0.0062,0.0038250000000000007
2022-04-20,Utilities,-0.00464,0.0062
2022-04-21,Utilities,0.27672833333333335,-0.00464
2022-04-22,Utilities,0.006056000000000001,0.27672833333333335
2022-04-25,Utilities,0.06572333333333333,0.006056000000000001
2022-04-26,Utilities,0.17998,0.06572333333333333
2022-04-27,Utilities,0.023820000000000004,0.17998
2022-04-28,Utilities,0.18800833333333333,0.023820000000000004
2022-04-29,Utilities,0.12036333333333334,0.18800833333333333
2022-05-02,Utilities,0.015561000000000002,0.12036333333333334
2022-05-03,Utilities,0.19169,0.015561000000000002
2022-05-04,Utilities,0.14456952380952381,0.19169
2022-05-05,Utilities,0.17037666666666668,0.14456952380952381
2022-05-06,Utilities,0.133672,0.17037666666666668
2022-05-09,Utilities,0.088965,0.133672
2022-05-10,Utilities,0.0,0.088965
2022-05-11,Utilities,0.00218,0.0
2022-05-12,Utilities,-0.034394999999999995,0.00218
2022-05-13,Utilities,0.07825,-0.034394999999999995
2022-05-16,Utilities,0.0030800000000000003,0.07825
2022-05-17,Utilities,0.08321999999999999,0.0030800000000000003
2022-05-18,Utilities,0.00516,0.08321999999999999
2022-05-19,Utilities,0.06239,0.00516
2022-05-20,Utilities,0.00707,0.06239
2022-05-23,Utilities,0.00969,0.00707
2022-05-24,Utilities,0.0227,0.00969
2022-05-25,Utilities,0.01135,0.0227
2022-05-26,Utilities,0.00515,0.01135
2022-05-27,Utilities,0.07348,0.00515
2022-05-31,Utilities,0.01763666666666667,0.07348
2022-06-01,Utilities,0.25494000000000006,0.01763666666666667
2022-06-02,Utilities,0.09963000000000001,0.25494000000000006
2022-06-03,Utilities,0.14475,0.09963000000000001
2022-06-06,Utilities,-0.018386666666666666,0.14475
2022-06-07,Utilities,0.07771000000000002,-0.018386666666666666
2022-06-08,Utilities,0.006959999999999999,0.07771000000000002
2022-06-09,Utilities,0.05706,0.006959999999999999
2022-06-10,Utilities,0.04199333333333333,0.05706
2022-06-13,Utilities,0.0497,0.04199333333333333
2022-06-14,Utilities,-0.035394999999999996,0.0497
2022-06-15,Utilities,-0.03723,-0.035394999999999996
2022-06-16,Utilities,0.044225,-0.03723
2022-06-17,Utilities,0.09716,0.044225
2022-06-21,Utilities,0.035643999999999995,0.09716
2022-06-22,Utilities,0.21832666666666664,0.035643999999999995
2022-06-23,Utilities,0.08367333333333334,0.21832666666666664
2022-06-24,Utilities,0.00412,0.08367333333333334
2022-06-27,Utilities,0.04752142857142857,0.00412
2022-06-28,Utilities,0.11923999999999998,0.04752142857142857
2022-06-29,Utilities,0.13372,0.11923999999999998
2022-06-30,Utilities,0.10533999999999999,0.13372
2022-07-01,Utilities,0.22786999999999996,0.10533999999999999
2022-07-05,Utilities,0.039015,0.22786999999999996
2022-07-06,Utilities,0.13984999999999997,0.039015
2022-07-07,Utilities,0.21764,0.13984999999999997
2022-07-08,Utilities,0.07683666666666666,0.21764
2022-07-11,Utilities,0.04809,0.07683666666666666
2022-07-12,Utilities,0.0,0.04809
2022-07-13,Utilities,-0.10636000000000001,0.0
2022-07-14,Utilities,0.004159999999999997,-0.10636000000000001
2022-07-15,Utilities,0.051390000000000005,0.004159999999999997
2022-07-18,Utilities,0.024424,0.051390000000000005
2022-07-19,Utilities,-0.053436666666666674,0.024424
2022-07-20,Utilities,0.07908,-0.053436666666666674
2022-07-21,Utilities,-0.0697,0.07908
2022-07-22,Utilities,0.23400500000000002,-0.0697
2022-07-25,Utilities,0.06970499999999999,0.23400500000000002
2022-07-26,Utilities,0.10306000000000001,0.06970499999999999
2022-07-27,Utilities,0.210765,0.10306000000000001
2022-07-28,Utilities,0.21510619047619048,0.210765
2022-07-29,Utilities,0.10594666666666666,0.21510619047619048
2022-08-01,Utilities,0.06680666666666665,0.10594666666666666
2022-08-02,Utilities,0.11959499999999998,0.06680666666666665
2022-08-03,Utilities,0.09480000000000001,0.11959499999999998
2022-08-04,Utilities,0.15225809523809525,0.09480000000000001
2022-08-05,Utilities,0.07942666666666667,0.15225809523809525
2022-08-08,Utilities,0.20174599999999998,0.07942666666666667
2022-08-09,Utilities,0.080012,0.20174599999999998
2022-08-10,Utilities,0.18197,0.080012
2022-08-11,Utilities,0.14408666666666667,0.18197
2022-08-12,Utilities,0.0034799999999999996,0.14408666666666667
2022-08-15,Utilities,0.03214499999999999,0.0034799999999999996
2022-08-16,Utilities,0.14155333333333334,0.03214499999999999
2022-08-17,Utilities,0.19988,0.14155333333333334
2022-08-18,Utilities,0.09872,0.19988
2022-08-19,Utilities,0.011693333333333333,0.09872
2022-08-22,Utilities,0.1832133333333333,0.011693333333333333
2022-08-23,Utilities,-0.11499999999999999,0.1832133333333333
2022-08-24,Utilities,0.04439,-0.11499999999999999
2022-08-25,Utilities,-0.007468,0.04439
2022-08-26,Utilities,0.00543,-0.007468
2022-08-29,Utilities,0.08033,0.00543
2022-08-30,Utilities,0.060750000000000005,0.08033
2022-08-31,Utilities,0.04176,0.060750000000000005
2022-09-01,Utilities,0.007653333333333333,0.04176
2022-09-02,Utilities,-0.07138,0.007653333333333333
2022-09-06,Utilities,0.009275,-0.07138
2022-09-07,Utilities,-0.007469999999999999,0.009275
2022-09-08,Utilities,0.08698,-0.007469999999999999
2022-09-09,Utilities,0.117385,0.08698
2022-09-12,Utilities,0.08003166666666667,0.117385
2022-09-13,Utilities,0.010839999999999999,0.08003166666666667
2022-09-14,Utilities,0.0019600000000000034,0.010839999999999999
2022-09-15,Utilities,-0.08411166666666667,0.0019600000000000034
2022-09-16,Utilities,0.41257666666666665,-0.08411166666666667
2022-09-19,Utilities,0.036256,0.41257666666666665
2022-09-20,Utilities,0.11287,0.036256
2022-09-21,Utilities,0.14085999999999999,0.11287
2022-09-22,Utilities,0.08989833333333333,0.14085999999999999
2022-09-23,Utilities,0.009290000000000001,0.08989833333333333
2022-09-26,Utilities,0.37317,0.009290000000000001
2022-09-27,Utilities,0.03221,0.37317
2022-09-28,Utilities,-0.12657833333333332,0.03221
2022-09-29,Utilities,0.07348,-0.12657833333333332
2022-09-30,Utilities,-0.009333333333333332,0.07348
2022-10-03,Utilities,0.005149999999999999,-0.009333333333333332
2022-10-04,Utilities,-0.028705,0.005149999999999999
2022-10-05,Utilities,0.14846666666666666,-0.028705
2022-10-06,Utilities,0.02186,0.14846666666666666
2022-10-07,Utilities,0.2129633333333333,0.02186
2022-10-10,Utilities,0.10454,0.2129633333333333
2022-10-11,Utilities,0.07383999999999999,0.10454
2022-10-12,Utilities,0.00905,0.07383999999999999
2022-10-13,Utilities,0.0015400000000000001,0.00905
2022-10-14,Utilities,0.03114,0.0015400000000000001
2022-10-17,Utilities,-0.10623,0.03114
2022-10-18,Utilities,0.11034000000000002,-0.10623
2022-10-19,Utilities,-0.03908666666666667,0.11034000000000002
2022-10-20,Utilities,0.10436000000000001,-0.03908666666666667
2022-10-21,Utilities,0.006130000000000002,0.10436000000000001
2022-10-24,Utilities,0.06351,0.006130000000000002
2022-10-25,Utilities,0.04127000000000001,0.06351
2022-10-26,Utilities,0.05380666666666667,0.04127000000000001
2022-10-27,Utilities,0.08461199999999999,0.05380666666666667
2022-10-28,Utilities,0.040659999999999995,0.08461199999999999
2022-10-31,Utilities,0.30316,0.040659999999999995
2022-11-01,Utilities,0.23471999999999998,0.30316
2022-11-02,Utilities,0.10158,0.23471999999999998
2022-11-03,Utilities,0.18803999999999998,0.10158
2022-11-04,Utilities,0.23079999999999998,0.18803999999999998
2022-11-07,Utilities,0.012321666666666672,0.23079999999999998
2022-11-08,Utilities,0.0628,0.012321666666666672
2022-11-09,Utilities,0.05816,0.0628
2022-11-10,Utilities,0.07529,0.05816
2022-11-11,Utilities,0.04465,0.07529
2022-11-14,Utilities,-0.00509333333333333,0.04465
2022-11-15,Utilities,0.00424,-0.00509333333333333
2022-11-16,Utilities,0.08269,0.00424
2022-11-17,Utilities,0.0,0.08269
2022-11-18,Utilities,0.05969,0.0
2022-11-21,Utilities,0.026539999999999998,0.05969
2022-11-22,Utilities,0.006719999999999999,0.026539999999999998
2022-11-23,Utilities,0.11325,0.006719999999999999
2022-11-25,Utilities,0.04306,0.11325
2022-11-28,Utilities,0.0626,0.04306
2022-11-29,Utilities,0.02073,0.0626
2022-11-30,Utilities,0.11001000000000001,0.02073
2022-12-01,Utilities,0.21493,0.11001000000000001
2022-12-02,Utilities,0.0794,0.21493
2022-12-05,Utilities,0.06117,0.0794
2022-12-06,Utilities,-0.012759999999999999,0.06117
2022-12-07,Utilities,0.1405,-0.012759999999999999
2022-12-08,Utilities,-0.043120000000000006,0.1405
2022-12-09,Utilities,0.00102,-0.043120000000000006
2022-12-12,Utilities,-0.021270000000000004,0.00102
2022-12-13,Utilities,0.18756,-0.021270000000000004
2022-12-14,Utilities,0.07224,0.18756
2022-12-15,Utilities,0.12062999999999999,0.07224
2022-12-16,Utilities,0.053745,0.12062999999999999
2022-12-19,Utilities,0.03944333333333333,0.053745
2022-12-20,Utilities,0.3389466666666667,0.03944333333333333
2022-12-21,Utilities,0.16312,0.3389466666666667
2022-12-22,Utilities,0.0,0.16312
2022-12-23,Utilities,0.11164999999999999,0.0
2022-12-27,Utilities,0.07744266666666667,0.11164999999999999
2022-12-28,Utilities,0.00851,0.07744266666666667
2022-12-29,Utilities,0.007440000000000002,0.00851
2022-12-30,Utilities,0.12625999999999998,0.007440000000000002
2023-01-03,Utilities,0.06928,0.12625999999999998
2023-01-04,Utilities,0.025620000000000004,0.06928
2023-01-05,Utilities,0.13326,0.025620000000000004
2023-01-06,Utilities,-0.03362,0.13326
2023-01-09,Utilities,0.05711999999999999,-0.03362
2023-01-10,Utilities,-0.03685,0.05711999999999999
2023-01-11,Utilities,-0.046939999999999996,-0.03685
2023-01-12,Utilities,0.020680000000000004,-0.046939999999999996
2023-01-13,Utilities,0.11194,0.020680000000000004
2023-01-17,Utilities,0.152715,0.11194
2023-01-18,Utilities,0.007980000000000001,0.152715
2023-01-19,Utilities,0.0098,0.007980000000000001
2023-01-20,Utilities,0.09468333333333333,0.0098
2023-01-23,Utilities,0.09164666666666668,0.09468333333333333
2023-01-24,Utilities,0.044643333333333333,0.09164666666666668
2023-01-25,Utilities,0.117614,0.044643333333333333
2023-01-26,Utilities,0.05108833333333333,0.117614
2023-01-27,Utilities,0.07886000000000001,0.05108833333333333
2023-01-30,Utilities,0.05301,0.07886000000000001
2023-01-31,Utilities,-0.048666666666666664,0.05301
2023-02-01,Utilities,-0.08763000000000001,-0.048666666666666664
2023-02-02,Utilities,0.22736666666666663,-0.08763000000000001
2023-02-03,Utilities,0.19821333333333335,0.22736666666666663
2023-02-06,Utilities,0.16176666666666667,0.19821333333333335
2023-02-07,Utilities,0.06358833333333333,0.16176666666666667
2023-02-08,Utilities,0.06987363636363637,0.06358833333333333
2023-02-09,Utilities,0.165315,0.06987363636363637
2023-02-10,Utilities,0.042289999999999994,0.165315
2023-02-13,Utilities,0.01930166666666667,0.042289999999999994
2023-02-14,Utilities,0.145628,0.01930166666666667
2023-02-15,Utilities,0.07805,0.145628
2023-02-16,Utilities,0.10529250000000001,0.07805
2023-02-17,Utilities,0.12886000000000003,0.10529250000000001
2023-02-21,Utilities,0.10163666666666667,0.12886000000000003
2023-02-22,Utilities,-0.012189999999999998,0.10163666666666667
2023-02-23,Utilities,0.12663466666666667,-0.012189999999999998
2023-02-24,Utilities,0.158466,0.12663466666666667
2023-02-27,Utilities,0.165763,0.158466
2023-02-28,Utilities,0.12475999999999998,0.165763
2023-03-01,Utilities,0.13698,0.12475999999999998
2023-03-02,Utilities,0.0062,0.13698
2023-03-03,Utilities,-0.06727999999999999,0.0062
2023-03-06,Utilities,0.09268333333333334,-0.06727999999999999
2023-03-07,Utilities,0.12482333333333333,0.09268333333333334
2023-03-08,Utilities,-0.02731,0.12482333333333333
2023-03-09,Utilities,0.032440000000000004,-0.02731
2023-03-10,Utilities,-0.02967000000000001,0.032440000000000004
2023-03-13,Utilities,0.023969999999999998,-0.02967000000000001
2023-03-14,Utilities,-0.05305333333333333,0.023969999999999998
2023-03-15,Utilities,0.04885166666666667,-0.05305333333333333
2023-03-16,Utilities,0.033449999999999994,0.04885166666666667
2023-03-17,Utilities,0.011945,0.033449999999999994
2023-03-20,Utilities,0.08908333333333333,0.011945
2023-03-21,Utilities,-0.09025000000000001,0.08908333333333333
2023-03-22,Utilities,0.0057399999999999994,-0.09025000000000001
2023-03-23,Utilities,0.080245,0.0057399999999999994
2023-03-24,Utilities,0.01236,0.080245
2023-03-27,Utilities,0.027800000000000002,0.01236
2023-03-28,Utilities,0.173815,0.027800000000000002
2023-03-29,Utilities,0.025406666666666668,0.173815
2023-03-30,Utilities,0.20425,0.025406666666666668
2023-03-31,Utilities,0.012091666666666667,0.20425
2023-04-03,Utilities,0.12469,0.012091666666666667
2023-04-04,Utilities,0.15314,0.12469
2023-04-05,Utilities,0.03494,0.15314
2023-04-06,Utilities,0.18831333333333333,0.03494
2023-04-10,Utilities,0.104172,0.18831333333333333
2023-04-11,Utilities,0.04626,0.104172
2023-04-12,Utilities,0.11304,0.04626
2023-04-13,Utilities,0.022908,0.11304
2023-04-14,Utilities,0.01283,0.022908
2023-04-17,Utilities,0.11444000000000001,0.01283
2023-04-18,Utilities,0.06691266666666666,0.11444000000000001
2023-04-19,Utilities,0.2,0.06691266666666666
2023-04-20,Utilities,0.01940666666666667,0.2
2023-04-21,Utilities,0.03998666666666667,0.01940666666666667
2023-04-24,Utilities,0.008856923076923078,0.03998666666666667
2023-04-25,Utilities,0.03491714285714286,0.008856923076923078
2023-04-26,Utilities,0.12893238095238096,0.03491714285714286
2023-04-27,Utilities,-0.026182666666666653,0.12893238095238096
2023-04-28,Utilities,0.08163333333333332,-0.026182666666666653
2023-05-01,Utilities,0.03077,0.08163333333333332
2023-05-02,Utilities,0.05870333333333334,0.03077
2023-05-03,Utilities,0.27069,0.05870333333333334
2023-05-04,Utilities,0.027922000000000002,0.27069
2023-05-05,Utilities,0.07440666666666666,0.027922000000000002
2023-05-08,Utilities,0.11786666666666665,0.07440666666666666
2023-05-09,Utilities,0.021176190476190473,0.11786666666666665
2023-05-10,Utilities,0.10499333333333334,0.021176190476190473
2023-05-11,Utilities,0.12316333333333333,0.10499333333333334
2023-05-12,Utilities,0.027235,0.12316333333333333
2023-05-15,Utilities,0.04265333333333333,0.027235
2023-05-16,Utilities,0.06805,0.04265333333333333
2023-05-17,Utilities,0.024009999999999997,0.06805
2023-05-18,Utilities,0.00876,0.024009999999999997
2023-05-19,Utilities,0.00167,0.00876
2023-05-22,Utilities,0.06405,0.00167
2023-05-23,Utilities,-0.06928,0.06405
2023-05-24,Utilities,0.12006000000000001,-0.06928
2023-05-25,Utilities,0.14054000000000003,0.12006000000000001
2023-05-26,Utilities,0.00593,0.14054000000000003
2023-05-30,Utilities,0.03889466666666667,0.00593
2023-05-31,Utilities,0.027366666666666668,0.03889466666666667
2023-06-01,Utilities,0.08254666666666666,0.027366666666666668
2023-06-02,Utilities,0.00334,0.08254666666666666
2023-06-05,Utilities,0.035460000000000005,0.00334
2023-06-06,Utilities,0.0,0.035460000000000005
2023-06-07,Utilities,0.11958000000000002,0.0
2023-06-08,Utilities,0.047584,0.11958000000000002
2023-06-09,Utilities,0.006784999999999999,0.047584
2023-06-12,Utilities,0.07461333333333334,0.006784999999999999
2023-06-13,Utilities,0.04678533333333333,0.07461333333333334
2023-06-14,Utilities,0.10327833333333332,0.04678533333333333
2023-06-15,Utilities,-0.033249999999999995,0.10327833333333332
2023-06-16,Utilities,0.08969,-0.033249999999999995
2023-06-20,Utilities,0.016614999999999998,0.08969
2023-06-21,Utilities,0.030538333333333334,0.016614999999999998
2023-06-22,Utilities,0.04562,0.030538333333333334
2023-06-23,Utilities,0.017469999999999996,0.04562
2023-06-26,Utilities,0.10336400000000001,0.017469999999999996
2023-06-27,Utilities,0.15001499999999998,0.10336400000000001
2023-06-28,Utilities,0.00602,0.15001499999999998
2023-06-29,Utilities,0.11568,0.00602
2023-06-30,Utilities,0.08526333333333334,0.11568
2023-07-03,Utilities,-0.0005900000000000006,0.08526333333333334
2023-07-05,Utilities,0.09332666666666667,-0.0005900000000000006
2023-07-06,Utilities,0.172756,0.09332666666666667
2023-07-07,Utilities,0.0071333333333333335,0.172756
2023-07-10,Utilities,0.023572000000000003,0.0071333333333333335
2023-07-11,Utilities,0.012029333333333333,0.023572000000000003
2023-07-12,Utilities,0.0038599999999999997,0.012029333333333333
2023-07-13,Utilities,0.054926666666666665,0.0038599999999999997
2023-07-14,Utilities,-0.038366666666666674,0.054926666666666665
2023-07-17,Utilities,0.027005,-0.038366666666666674
2023-07-18,Utilities,0.09287999999999999,0.027005
2023-07-19,Utilities,-0.01772,0.09287999999999999
2023-07-20,Utilities,0.12281333333333333,-0.01772
2023-07-21,Utilities,0.011615,0.12281333333333333
2023-07-24,Utilities,0.149596,0.011615
2023-07-25,Utilities,0.06596066666666667,0.149596
2023-07-26,Utilities,0.18367,0.06596066666666667
2023-07-27,Utilities,0.05548000000000001,0.18367
2023-07-28,Utilities,-0.021313333333333337,0.05548000000000001
2023-07-31,Utilities,0.10482666666666667,-0.021313333333333337
2023-08-01,Utilities,0.020208,0.10482666666666667
2023-08-02,Utilities,0.0008699999999999986,0.020208
2023-08-03,Utilities,0.05559000000000001,0.0008699999999999986
2023-08-04,Utilities,-0.15621866666666667,0.05559000000000001
2023-08-07,Utilities,0.117985,-0.15621866666666667
2023-08-08,Utilities,0.02207888888888889,0.117985
2023-08-09,Utilities,0.00852,0.02207888888888889
2023-08-10,Utilities,0.023399999999999997,0.00852
2023-08-11,Utilities,0.007729999999999999,0.023399999999999997
2023-08-14,Utilities,0.12744,0.007729999999999999
2023-08-15,Utilities,0.039663333333333335,0.12744
2023-08-16,Utilities,0.04746,0.039663333333333335
2023-08-17,Utilities,0.14226999999999998,0.04746
2023-08-18,Utilities,0.0054199999999999995,0.14226999999999998
2023-08-21,Utilities,-0.06792666666666666,0.0054199999999999995
2023-08-22,Utilities,0.00412,-0.06792666666666666
2023-08-23,Utilities,0.012311666666666669,0.00412
2023-08-24,Utilities,0.0061783333333333326,0.012311666666666669
2023-08-25,Utilities,0.012466666666666668,0.0061783333333333326
2023-08-28,Utilities,-0.000743333333333333,0.012466666666666668
2023-08-29,Utilities,0.008834999999999999,-0.000743333333333333
2023-08-30,Utilities,0.05819,0.008834999999999999
2023-08-31,Utilities,0.01497,0.05819
2023-09-01,Utilities,0.07149000000000001,0.01497
2023-09-05,Utilities,0.05209833333333334,0.07149000000000001
2023-09-06,Utilities,-0.0012709090909090912,0.05209833333333334
2023-09-07,Utilities,0.03606,-0.0012709090909090912
2023-09-08,Utilities,0.083005,0.03606
2023-09-11,Utilities,-0.1493,0.083005
2023-09-12,Utilities,-0.03397,-0.1493
2023-09-13,Utilities,0.10815333333333332,-0.03397
2023-09-14,Utilities,0.044939999999999994,0.10815333333333332
2023-09-15,Utilities,0.03851,0.044939999999999994
2023-09-18,Utilities,0.06243333333333334,0.03851
2023-09-19,Utilities,0.009940000000000001,0.06243333333333334
2023-09-20,Utilities,0.03774333333333334,0.009940000000000001
2023-09-21,Utilities,0.052590000000000005,0.03774333333333334
2023-09-22,Utilities,0.0018000000000000002,0.052590000000000005
2023-09-25,Utilities,0.009593333333333332,0.0018000000000000002
2023-09-26,Utilities,0.03698,0.009593333333333332
2023-09-27,Utilities,-0.035466,0.03698
2023-09-28,Utilities,0.09682777777777776,-0.035466
2023-09-29,Utilities,0.12062999999999999,0.09682777777777776
2023-10-02,Utilities,0.05754380952380952,0.12062999999999999
2023-10-03,Utilities,-0.259445,0.05754380952380952
2023-10-04,Utilities,0.032323333333333336,-0.259445
2023-10-05,Utilities,0.031968333333333335,0.032323333333333336
2023-10-06,Utilities,0.09157466666666667,0.031968333333333335
2023-10-09,Utilities,0.040735,0.09157466666666667
2023-10-10,Utilities,-0.009196000000000003,0.040735
2023-10-11,Utilities,0.033786666666666666,-0.009196000000000003
2023-10-12,Utilities,0.073585,0.033786666666666666
2023-10-13,Utilities,-0.010970000000000006,0.073585
2023-10-16,Utilities,0.011335000000000001,-0.010970000000000006
2023-10-17,Utilities,0.040786666666666666,0.011335000000000001
2023-10-18,Utilities,0.0037449999999999996,0.040786666666666666
2023-10-19,Utilities,0.07726,0.0037449999999999996
2023-10-20,Utilities,-0.007989999999999999,0.07726
2023-10-23,Utilities,0.033,-0.007989999999999999
2023-10-24,Utilities,0.056584999999999996,0.033
2023-10-25,Utilities,0.038790000000000005,0.056584999999999996
2023-10-26,Utilities,0.18228428571428573,0.038790000000000005
2023-10-27,Utilities,0.04309047619047619,0.18228428571428573
2023-10-30,Utilities,0.00213,0.04309047619047619
2023-10-31,Utilities,0.053073999999999996,0.00213
2023-11-01,Utilities,0.08748,0.053073999999999996
2023-11-02,Utilities,0.10727390476190476,0.08748
2023-11-03,Utilities,0.031197142857142857,0.10727390476190476
2023-11-06,Utilities,0.0384375,0.031197142857142857
2023-11-07,Utilities,0.04147,0.0384375
2023-11-08,Utilities,0.030984,0.04147
2023-11-09,Utilities,0.038724999999999996,0.030984
2023-11-10,Utilities,0.03971999999999999,0.038724999999999996
2023-11-13,Utilities,0.043633333333333336,0.03971999999999999
2023-11-14,Utilities,0.041210000000000004,0.043633333333333336
2023-11-15,Utilities,0.00516,0.041210000000000004
2023-11-16,Utilities,0.20776666666666666,0.00516
2023-11-17,Utilities,0.15270333333333333,0.20776666666666666
2023-11-20,Utilities,0.00207,0.15270333333333333
2023-11-21,Utilities,0.068235,0.00207
2023-11-22,Utilities,0.036312,0.068235
2023-11-24,Utilities,0.07566333333333333,0.036312
2023-11-27,Utilities,0.07725499999999999,0.07566333333333333
2023-11-28,Utilities,0.004370000000000001,0.07725499999999999
2023-11-29,Utilities,0.042609999999999995,0.004370000000000001
2023-11-30,Utilities,0.12808666666666665,0.042609999999999995
2023-12-01,Utilities,-0.048229999999999995,0.12808666666666665
2023-12-04,Utilities,0.14892,-0.048229999999999995
2023-12-05,Utilities,0.07841999999999999,0.14892
2023-12-06,Utilities,0.09601333333333333,0.07841999999999999
2023-12-07,Utilities,0.10725500000000002,0.09601333333333333
2023-12-08,Utilities,0.14966000000000002,0.10725500000000002
2023-12-11,Utilities,0.05685333333333333,0.14966000000000002
2023-12-12,Utilities,0.07968666666666666,0.05685333333333333
2023-12-13,Utilities,0.06634500000000002,0.07968666666666666
2023-12-14,Utilities,-0.025024,0.06634500000000002
2023-12-15,Utilities,0.0379,-0.025024
2023-12-18,Utilities,0.07947,0.0379
2023-12-19,Utilities,0.0,0.07947
2023-12-20,Utilities,0.0,0.0
2023-12-21,Utilities,0.0,0.0
2023-12-22,Utilities,0.0,0.0
2023-12-26,Utilities,0.0,0.0
2023-12-27,Utilities,0.0,0.0
2023-12-28,Utilities,0.0,0.0
2023-12-29,Utilities,0.0,0.0
