date,strategy,sentiment_lambda,return
2021-01-04,Base Min-Variance,0.0,0.0027225001381844098
2021-01-05,Base Min-Variance,0.0,0.0012514860281845654
2021-01-06,Base Min-Variance,0.0,0.006354059269710012
2021-01-07,Base Min-Variance,0.0,0.006377463363423082
2021-01-08,Base Min-Variance,0.0,-0.0027210752869220485
2021-01-11,Base Min-Variance,0.0,4.2743055984808404e-07
2021-01-12,Base Min-Variance,0.0,0.0007854960449277587
2021-01-13,Base Min-Variance,0.0,-0.001519223539472583
2021-01-14,Base Min-Variance,0.0,0.004143899158261466
2021-01-15,Base Min-Variance,0.0,-0.004771704456534104
2021-01-19,Base Min-Variance,0.0,0.010897787412164047
2021-01-20,Base Min-Variance,0.0,0.015078393601033616
2021-01-21,Base Min-Variance,0.0,-0.009668493649084862
2021-01-22,Base Min-Variance,0.0,-0.000870345824739046
2021-01-25,Base Min-Variance,0.0,0.0038294842596522413
2021-01-26,Base Min-Variance,0.0,-0.0026775109336415123
2021-01-27,Base Min-Variance,0.0,-0.021155801930376757
2021-01-28,Base Min-Variance,0.0,0.00039098230261080784
2021-01-29,Base Min-Variance,0.0,-0.009691178143303992
2021-02-01,Base Min-Variance,0.0,0.0011175740664108146
2021-02-02,Base Min-Variance,0.0,0.006313404696549481
2021-02-03,Base Min-Variance,0.0,-0.002835655815127383
2021-02-04,Base Min-Variance,0.0,0.0021894634604123515
2021-02-05,Base Min-Variance,0.0,0.014585814804830375
2021-02-08,Base Min-Variance,0.0,0.0029479257949262417
2021-02-09,Base Min-Variance,0.0,-0.00129692573260502
2021-02-10,Base Min-Variance,0.0,-0.0069299043661116555
2021-02-11,Base Min-Variance,0.0,-0.005043822421610798
2021-02-12,Base Min-Variance,0.0,0.004238322700759904
2021-02-16,Base Min-Variance,0.0,-0.009696464119543818
2021-02-17,Base Min-Variance,0.0,0.00673565099072186
2021-02-18,Base Min-Variance,0.0,-0.009763406235186518
2021-02-19,Base Min-Variance,0.0,-0.007689143458152974
2021-02-22,Base Min-Variance,0.0,0.001675635955607858
2021-02-23,Base Min-Variance,0.0,-0.006597228049024441
2021-02-24,Base Min-Variance,0.0,-0.0002045112418909644
2021-02-25,Base Min-Variance,0.0,-0.008819737079818302
2021-02-26,Base Min-Variance,0.0,-0.017495979588488066
2021-03-01,Base Min-Variance,0.0,0.008958028307726656
2021-03-02,Base Min-Variance,0.0,0.0050889776077307144
2021-03-03,Base Min-Variance,0.0,-0.013156512529758241
2021-03-04,Base Min-Variance,0.0,-0.0028007475104767413
2021-03-05,Base Min-Variance,0.0,0.015481873238384543
2021-03-08,Base Min-Variance,0.0,-0.00500816607628339
2021-03-09,Base Min-Variance,0.0,0.006923247764897365
2021-03-10,Base Min-Variance,0.0,0.009303625518426891
2021-03-11,Base Min-Variance,0.0,-0.0004055662252030693
2021-03-12,Base Min-Variance,0.0,0.005082910007558607
2021-03-15,Base Min-Variance,0.0,0.014040113550352484
2021-03-16,Base Min-Variance,0.0,0.005157878787640845
2021-03-17,Base Min-Variance,0.0,-0.009703448530996202
2021-03-18,Base Min-Variance,0.0,-0.007645060951615141
2021-03-19,Base Min-Variance,0.0,-0.0027450325453964412
2021-03-22,Base Min-Variance,0.0,0.009211284052794923
2021-03-23,Base Min-Variance,0.0,-0.00010576838177591905
2021-03-24,Base Min-Variance,0.0,-0.006182208148431467
2021-03-25,Base Min-Variance,0.0,0.0023882779285349853
2021-03-26,Base Min-Variance,0.0,0.01736174204833819
2021-03-29,Base Min-Variance,0.0,0.010903648017203215
2021-03-30,Base Min-Variance,0.0,-0.009540340738859888
2021-03-31,Base Min-Variance,0.0,0.0013422172545206716
2021-04-01,Base Min-Variance,0.0,0.008377451086797561
2021-04-05,Base Min-Variance,0.0,0.011247715511014344
2021-04-06,Base Min-Variance,0.0,0.0002920454357842379
2021-04-07,Base Min-Variance,0.0,-0.0007580535937793091
2021-04-08,Base Min-Variance,0.0,-0.0003394525781473363
2021-04-09,Base Min-Variance,0.0,0.0036309873652749756
2021-04-12,Base Min-Variance,0.0,0.0013958784636895181
2021-04-13,Base Min-Variance,0.0,0.0023664029267610335
2021-04-14,Base Min-Variance,0.0,-0.002812789078208779
2021-04-15,Base Min-Variance,0.0,0.007397136009558206
2021-04-16,Base Min-Variance,0.0,0.0016171956844168182
2021-04-19,Base Min-Variance,0.0,-0.0008252824751908089
2021-04-20,Base Min-Variance,0.0,0.005707019443515803
2021-04-21,Base Min-Variance,0.0,0.004919950532009312
2021-04-22,Base Min-Variance,0.0,0.0010767505633644207
2021-04-23,Base Min-Variance,0.0,0.002653817854619936
2021-04-26,Base Min-Variance,0.0,-0.006496650884104578
2021-04-27,Base Min-Variance,0.0,-0.00510933494786127
2021-04-28,Base Min-Variance,0.0,-0.0002392895121344613
2021-04-29,Base Min-Variance,0.0,0.008338349685934212
2021-04-30,Base Min-Variance,0.0,-0.0013468367262264764
2021-05-03,Base Min-Variance,0.0,0.007923706241422565
2021-05-04,Base Min-Variance,0.0,-0.0044785952593492245
2021-05-05,Base Min-Variance,0.0,0.002231917384692659
2021-05-06,Base Min-Variance,0.0,0.0070540654273317455
2021-05-07,Base Min-Variance,0.0,0.0010114623044069305
2021-05-10,Base Min-Variance,0.0,0.005004330201895753
2021-05-11,Base Min-Variance,0.0,-0.008741003509646397
2021-05-12,Base Min-Variance,0.0,-0.013620847514958607
2021-05-13,Base Min-Variance,0.0,0.012113860874667216
2021-05-14,Base Min-Variance,0.0,0.002860584436575069
2021-05-17,Base Min-Variance,0.0,-0.001241002242700377
2021-05-18,Base Min-Variance,0.0,-0.004357025789158653
2021-05-19,Base Min-Variance,0.0,0.0003469429723296891
2021-05-20,Base Min-Variance,0.0,0.010070668291415681
2021-05-21,Base Min-Variance,0.0,-0.0017313005914778995
2021-05-24,Base Min-Variance,0.0,-0.0014867974503059266
2021-05-25,Base Min-Variance,0.0,-0.0055930285998839115
2021-05-26,Base Min-Variance,0.0,0.0008206279989150102
2021-05-27,Base Min-Variance,0.0,-0.004471106753983708
2021-05-28,Base Min-Variance,0.0,0.0014889068427626614
2021-06-01,Base Min-Variance,0.0,-0.004301630255752224
2021-06-02,Base Min-Variance,0.0,0.0012113258575854812
2021-06-03,Base Min-Variance,0.0,0.00402098605167805
2021-06-04,Base Min-Variance,0.0,0.006029136133364593
2021-06-07,Base Min-Variance,0.0,-0.004168934281336777
2021-06-08,Base Min-Variance,0.0,-0.005446012937681223
2021-06-09,Base Min-Variance,0.0,0.00498660315317103
2021-06-10,Base Min-Variance,0.0,0.008451343311155605
2021-06-11,Base Min-Variance,0.0,0.001946454738785832
2021-06-14,Base Min-Variance,0.0,0.00038195118138956656
2021-06-15,Base Min-Variance,0.0,-0.004490017709589892
2021-06-16,Base Min-Variance,0.0,-0.010757331927752979
2021-06-17,Base Min-Variance,0.0,-0.00024804972033309056
2021-06-18,Base Min-Variance,0.0,-0.010641010246532048
2021-06-21,Base Min-Variance,0.0,0.010318467088858084
2021-06-22,Base Min-Variance,0.0,-0.0009918204053804727
2021-06-23,Base Min-Variance,0.0,-0.007292780032489066
2021-06-24,Base Min-Variance,0.0,0.005091347083247168
2021-06-25,Base Min-Variance,0.0,0.01128974549888372
2021-06-28,Base Min-Variance,0.0,0.0019966030290004336
2021-06-29,Base Min-Variance,0.0,-0.002865202146612789
2021-06-30,Base Min-Variance,0.0,0.007322584665462299
2021-07-01,Base Min-Variance,0.0,0.0036167680571558983
2021-07-02,Base Min-Variance,0.0,0.005052686190572334
2021-07-06,Base Min-Variance,0.0,-0.0021100667854927462
2021-07-07,Base Min-Variance,0.0,0.002326586624364352
2021-07-08,Base Min-Variance,0.0,-0.00484779591788044
2021-07-09,Base Min-Variance,0.0,0.0067872894504550614
2021-07-12,Base Min-Variance,0.0,0.002130871859007279
2021-07-13,Base Min-Variance,0.0,-0.0026923889785028725
2021-07-14,Base Min-Variance,0.0,0.004137033267449091
2021-07-15,Base Min-Variance,0.0,0.0015419909471938423
2021-07-16,Base Min-Variance,0.0,-0.0013487491205565983
2021-07-19,Base Min-Variance,0.0,-0.013677055681203556
2021-07-20,Base Min-Variance,0.0,0.005391369428302573
2021-07-21,Base Min-Variance,0.0,-0.0018420035125994183
2021-07-22,Base Min-Variance,0.0,-0.00011143387645037965
2021-07-23,Base Min-Variance,0.0,0.010255431936296331
2021-07-26,Base Min-Variance,0.0,0.001043348496164395
2021-07-27,Base Min-Variance,0.0,0.0012202392985007286
2021-07-28,Base Min-Variance,0.0,-0.0011596537920751508
2021-07-29,Base Min-Variance,0.0,-0.0005923426380379801
2021-07-30,Base Min-Variance,0.0,-0.002789150917426435
2021-08-02,Base Min-Variance,0.0,-0.0015156543130872271
2021-08-03,Base Min-Variance,0.0,0.0005824077720648496
2021-08-04,Base Min-Variance,0.0,-0.008156314266340402
2021-08-05,Base Min-Variance,0.0,0.004514888417136736
2021-08-06,Base Min-Variance,0.0,-0.0011982446286903398
2021-08-09,Base Min-Variance,0.0,0.0009949059875671669
2021-08-10,Base Min-Variance,0.0,0.004573769521081577
2021-08-11,Base Min-Variance,0.0,0.0042064862793051334
2021-08-12,Base Min-Variance,0.0,0.002657419971270622
2021-08-13,Base Min-Variance,0.0,0.003898441904124698
2021-08-16,Base Min-Variance,0.0,0.006749068945524761
2021-08-17,Base Min-Variance,0.0,0.002725033180190969
2021-08-18,Base Min-Variance,0.0,-0.010885573660783698
2021-08-19,Base Min-Variance,0.0,0.0015623150601576433
2021-08-20,Base Min-Variance,0.0,0.003927079738200677
2021-08-23,Base Min-Variance,0.0,-0.0016163466226120531
2021-08-24,Base Min-Variance,0.0,-0.005277917296298359
2021-08-25,Base Min-Variance,0.0,-0.0035141131426849495
2021-08-26,Base Min-Variance,0.0,-0.00615528035130341
2021-08-27,Base Min-Variance,0.0,0.0017126293225343567
2021-08-30,Base Min-Variance,0.0,0.0038412469800213887
2021-08-31,Base Min-Variance,0.0,0.0036411888184704365
2021-09-01,Base Min-Variance,0.0,0.0010234240804336148
2021-09-02,Base Min-Variance,0.0,0.006263904282801952
2021-09-03,Base Min-Variance,0.0,-0.0011143250511728424
2021-09-07,Base Min-Variance,0.0,-0.013703310098045447
2021-09-08,Base Min-Variance,0.0,0.004249909767384022
2021-09-09,Base Min-Variance,0.0,-0.011057104548063957
2021-09-10,Base Min-Variance,0.0,-0.0074264981173478295
2021-09-13,Base Min-Variance,0.0,-0.0003560585315870784
2021-09-14,Base Min-Variance,0.0,-0.0056752789371385115
2021-09-15,Base Min-Variance,0.0,0.0028667171162233655
2021-09-16,Base Min-Variance,0.0,-0.004637136705538077
2021-09-17,Base Min-Variance,0.0,-0.00787158848966578
2021-09-20,Base Min-Variance,0.0,-0.009112502382195008
2021-09-21,Base Min-Variance,0.0,-0.004185141582473053
2021-09-22,Base Min-Variance,0.0,0.00038817317520234044
2021-09-23,Base Min-Variance,0.0,0.0031936186077835406
2021-09-24,Base Min-Variance,0.0,-0.00262970893672168
2021-09-27,Base Min-Variance,0.0,-0.003332621581023341
2021-09-28,Base Min-Variance,0.0,-0.005486741639929025
2021-09-29,Base Min-Variance,0.0,0.008649871545361256
2021-09-30,Base Min-Variance,0.0,-0.009410545554781503
2021-10-01,Base Min-Variance,0.0,0.014276859037800144
2021-10-04,Base Min-Variance,0.0,0.002519389149286928
2021-10-05,Base Min-Variance,0.0,0.0007847620739257468
2021-10-06,Base Min-Variance,0.0,0.0023317872973472385
2021-10-07,Base Min-Variance,0.0,0.00865759565351592
2021-10-08,Base Min-Variance,0.0,-0.0052233684623567474
2021-10-11,Base Min-Variance,0.0,-0.008764320448290012
2021-10-12,Base Min-Variance,0.0,-0.0007742561423226275
2021-10-13,Base Min-Variance,0.0,0.0006848493146035396
2021-10-14,Base Min-Variance,0.0,0.008794588010921298
2021-10-15,Base Min-Variance,0.0,-0.0007256119885512487
2021-10-18,Base Min-Variance,0.0,-0.001513467898684959
2021-10-19,Base Min-Variance,0.0,0.013456689097559111
2021-10-20,Base Min-Variance,0.0,0.010322408951310941
2021-10-21,Base Min-Variance,0.0,0.005705441313700872
2021-10-22,Base Min-Variance,0.0,0.0025778629711692338
2021-10-25,Base Min-Variance,0.0,0.004506049360775089
2021-10-26,Base Min-Variance,0.0,8.569941182759357e-05
2021-10-27,Base Min-Variance,0.0,-0.010880449583746624
2021-10-28,Base Min-Variance,0.0,0.01833432062944098
2021-10-29,Base Min-Variance,0.0,-0.000714954117773929
2021-11-01,Base Min-Variance,0.0,0.00535150627112325
2021-11-02,Base Min-Variance,0.0,0.004701857507489891
2021-11-03,Base Min-Variance,0.0,6.35726858771768e-05
2021-11-04,Base Min-Variance,0.0,0.0006963582689056172
2021-11-05,Base Min-Variance,0.0,-0.012395876434406271
2021-11-08,Base Min-Variance,0.0,0.0019239526720446823
2021-11-09,Base Min-Variance,0.0,0.000519229006147375
2021-11-10,Base Min-Variance,0.0,0.0002331208165627681
2021-11-11,Base Min-Variance,0.0,0.00255952003220124
2021-11-12,Base Min-Variance,0.0,0.0024407878397907775
2021-11-15,Base Min-Variance,0.0,-0.0026452884586256197
2021-11-16,Base Min-Variance,0.0,-0.004705933817754349
2021-11-17,Base Min-Variance,0.0,-0.0028685388855900443
2021-11-18,Base Min-Variance,0.0,-0.0018352015888577766
2021-11-19,Base Min-Variance,0.0,-0.007804072963634876
2021-11-22,Base Min-Variance,0.0,0.0034862654127194048
2021-11-23,Base Min-Variance,0.0,0.006341248285938353
2021-11-24,Base Min-Variance,0.0,-0.00033538753276368574
2021-11-26,Base Min-Variance,0.0,-0.014745403805148364
2021-11-29,Base Min-Variance,0.0,0.00022401966034763768
2021-11-30,Base Min-Variance,0.0,-0.021854913153537582
2021-12-01,Base Min-Variance,0.0,-0.011556826515756177
2021-12-02,Base Min-Variance,0.0,0.014123400977474016
2021-12-03,Base Min-Variance,0.0,0.008907798823130766
2021-12-06,Base Min-Variance,0.0,0.010419162761685648
2021-12-07,Base Min-Variance,0.0,0.002954772421693022
2021-12-08,Base Min-Variance,0.0,0.0008965180888738326
2021-12-09,Base Min-Variance,0.0,-0.002854024225597911
2021-12-10,Base Min-Variance,0.0,0.007727179781168043
2021-12-13,Base Min-Variance,0.0,0.005211988123112682
2021-12-14,Base Min-Variance,0.0,-0.0004147321967467299
2021-12-15,Base Min-Variance,0.0,0.012979500114023943
2021-12-16,Base Min-Variance,0.0,0.010126487461173986
2021-12-17,Base Min-Variance,0.0,-0.012276646370379347
2021-12-20,Base Min-Variance,0.0,0.0021549446627410853
2021-12-21,Base Min-Variance,0.0,0.0031213570650222887
2021-12-22,Base Min-Variance,0.0,0.006509465888324111
2021-12-23,Base Min-Variance,0.0,0.0015944915690745162
2021-12-27,Base Min-Variance,0.0,0.01048576001686605
2021-12-28,Base Min-Variance,0.0,0.004377226546026743
2021-12-29,Base Min-Variance,0.0,0.0011579806094931542
2021-12-30,Base Min-Variance,0.0,0.0007047534774302709
2021-12-31,Base Min-Variance,0.0,-0.0011030377235299422
2022-01-03,Base Min-Variance,0.0,0.0021791027274440642
2022-01-04,Base Min-Variance,0.0,-0.0004006162177033984
2022-01-05,Base Min-Variance,0.0,-0.0018153998452577504
2022-01-06,Base Min-Variance,0.0,-0.003994627671029646
2022-01-07,Base Min-Variance,0.0,0.004618663552446526
2022-01-10,Base Min-Variance,0.0,-0.0009728365542533801
2022-01-11,Base Min-Variance,0.0,0.003541751475965657
2022-01-12,Base Min-Variance,0.0,0.0009638582352580042
2022-01-13,Base Min-Variance,0.0,-0.0018534565678950583
2022-01-14,Base Min-Variance,0.0,-0.002205944529522977
2022-01-18,Base Min-Variance,0.0,-0.008924920031650973
2022-01-19,Base Min-Variance,0.0,-0.0004268541162155356
2022-01-20,Base Min-Variance,0.0,-0.010924251877419487
2022-01-21,Base Min-Variance,0.0,-0.004696305169182634
2022-01-24,Base Min-Variance,0.0,-0.005276024835807144
2022-01-25,Base Min-Variance,0.0,-0.004585169690872203
2022-01-26,Base Min-Variance,0.0,-0.016668026394822597
2022-01-27,Base Min-Variance,0.0,0.0007130771553914629
2022-01-28,Base Min-Variance,0.0,0.015527408423969422
2022-01-31,Base Min-Variance,0.0,0.010207336026165394
2022-02-01,Base Min-Variance,0.0,-0.0026705788085474584
2022-02-02,Base Min-Variance,0.0,0.011309092688341177
2022-02-03,Base Min-Variance,0.0,-0.005939971592022225
2022-02-04,Base Min-Variance,0.0,-0.0036480380535809233
2022-02-07,Base Min-Variance,0.0,-0.000917240805364331
2022-02-08,Base Min-Variance,0.0,-0.0013115220117540236
2022-02-09,Base Min-Variance,0.0,0.006569468695282247
2022-02-10,Base Min-Variance,0.0,-0.01732958037552027
2022-02-11,Base Min-Variance,0.0,-0.0029267431369964392
2022-02-14,Base Min-Variance,0.0,-0.007886639215132602
2022-02-15,Base Min-Variance,0.0,0.002182219127899861
2022-02-16,Base Min-Variance,0.0,-0.00181735712940299
2022-02-17,Base Min-Variance,0.0,-0.0068746929878200965
2022-02-18,Base Min-Variance,0.0,-0.005455785220824798
2022-02-22,Base Min-Variance,0.0,-0.004081844169129222
2022-02-23,Base Min-Variance,0.0,-0.0024722526045882647
2022-02-24,Base Min-Variance,0.0,-0.0012240941612371558
2022-02-25,Base Min-Variance,0.0,0.026227194647216352
2022-02-28,Base Min-Variance,0.0,-0.004812575947377398
2022-03-01,Base Min-Variance,0.0,-0.0017792717324432552
2022-03-02,Base Min-Variance,0.0,0.012089448100638
2022-03-03,Base Min-Variance,0.0,0.008543611165453406
2022-03-04,Base Min-Variance,0.0,0.007157214936323371
2022-03-07,Base Min-Variance,0.0,-0.008161668607165717
2022-03-08,Base Min-Variance,0.0,-0.013211012630403566
2022-03-09,Base Min-Variance,0.0,0.0035566778423643513
2022-03-10,Base Min-Variance,0.0,0.002426569707731285
2022-03-11,Base Min-Variance,0.0,-0.005152264605752521
2022-03-14,Base Min-Variance,0.0,-0.00477227399732939
2022-03-15,Base Min-Variance,0.0,0.006298345965603988
2022-03-16,Base Min-Variance,0.0,0.0049504814221363845
2022-03-17,Base Min-Variance,0.0,0.01127150642772686
2022-03-18,Base Min-Variance,0.0,0.003046590568629544
2022-03-21,Base Min-Variance,0.0,0.002880397510318055
2022-03-22,Base Min-Variance,0.0,0.004123123405761134
2022-03-23,Base Min-Variance,0.0,-0.008894657667873318
2022-03-24,Base Min-Variance,0.0,0.006309097018035577
2022-03-25,Base Min-Variance,0.0,0.008731460153221043
2022-03-28,Base Min-Variance,0.0,0.00524940880523064
2022-03-29,Base Min-Variance,0.0,0.012390011076489552
2022-03-30,Base Min-Variance,0.0,0.0010164419042298142
2022-03-31,Base Min-Variance,0.0,-0.008766795720247793
2022-04-01,Base Min-Variance,0.0,0.009093880589104144
2022-04-04,Base Min-Variance,0.0,0.0027840579866819024
2022-04-05,Base Min-Variance,0.0,-0.004462149959651933
2022-04-06,Base Min-Variance,0.0,0.011259143458010658
2022-04-07,Base Min-Variance,0.0,0.003578391238532521
2022-04-08,Base Min-Variance,0.0,0.007296088473516785
2022-04-11,Base Min-Variance,0.0,-0.014386800604621951
2022-04-12,Base Min-Variance,0.0,0.0027874214875345826
2022-04-13,Base Min-Variance,0.0,0.006155102444402793
2022-04-14,Base Min-Variance,0.0,0.0018413405373970283
2022-04-18,Base Min-Variance,0.0,-0.004371394787454246
2022-04-19,Base Min-Variance,0.0,0.008257230978954448
2022-04-20,Base Min-Variance,0.0,0.003071047047478956
2022-04-21,Base Min-Variance,0.0,-0.01025737141819861
2022-04-22,Base Min-Variance,0.0,-0.016059865432893897
2022-04-25,Base Min-Variance,0.0,-0.0014058182837433635
2022-04-26,Base Min-Variance,0.0,-0.01569106544352399
2022-04-27,Base Min-Variance,0.0,-0.0027980825510855686
2022-04-28,Base Min-Variance,0.0,0.015464827501521044
2022-04-29,Base Min-Variance,0.0,-0.031218128500039032
2022-05-02,Base Min-Variance,0.0,0.0005928202422376517
2022-05-03,Base Min-Variance,0.0,0.0027461439144315525
2022-05-04,Base Min-Variance,0.0,0.024532598196133126
2022-05-05,Base Min-Variance,0.0,-0.015069809297406311
2022-05-06,Base Min-Variance,0.0,-0.005731463315440934
2022-05-09,Base Min-Variance,0.0,-0.014295402887431651
2022-05-10,Base Min-Variance,0.0,-0.007928114940398818
2022-05-11,Base Min-Variance,0.0,0.006455834057745873
2022-05-12,Base Min-Variance,0.0,0.007370014095905562
2022-05-13,Base Min-Variance,0.0,0.009769334135601226
2022-05-16,Base Min-Variance,0.0,0.00634017800910891
2022-05-17,Base Min-Variance,0.0,-0.002739941834172129
2022-05-18,Base Min-Variance,0.0,-0.02344816207379216
2022-05-19,Base Min-Variance,0.0,-0.0048450097440058465
2022-05-20,Base Min-Variance,0.0,0.003076674876540186
2022-05-23,Base Min-Variance,0.0,0.016554774533871473
2022-05-24,Base Min-Variance,0.0,0.009987650447269784
2022-05-25,Base Min-Variance,0.0,0.005496842308160931
2022-05-26,Base Min-Variance,0.0,0.005152365581872333
2022-05-27,Base Min-Variance,0.0,0.010507438909755036
2022-05-31,Base Min-Variance,0.0,-0.009315949689009024
2022-06-01,Base Min-Variance,0.0,-0.0055358654227260305
2022-06-02,Base Min-Variance,0.0,0.002997783858974089
2022-06-03,Base Min-Variance,0.0,-0.005348667655786532
2022-06-06,Base Min-Variance,0.0,-0.004542720570431123
2022-06-07,Base Min-Variance,0.0,0.0077525548292872734
2022-06-08,Base Min-Variance,0.0,-0.009602924775016463
2022-06-09,Base Min-Variance,0.0,-0.022797682706028922
2022-06-10,Base Min-Variance,0.0,-0.009661629037634276
2022-06-13,Base Min-Variance,0.0,-0.03242757771380633
2022-06-14,Base Min-Variance,0.0,-0.013638485865044627
2022-06-15,Base Min-Variance,0.0,0.0028971874867348736
2022-06-16,Base Min-Variance,0.0,-0.00768116282489936
2022-06-17,Base Min-Variance,0.0,-0.0042320953786688115
2022-06-21,Base Min-Variance,0.0,0.02267812189377772
2022-06-22,Base Min-Variance,0.0,0.0034341910191064058
2022-06-23,Base Min-Variance,0.0,0.013133130333360983
2022-06-24,Base Min-Variance,0.0,0.013968097206585461
2022-06-27,Base Min-Variance,0.0,-0.0029267139515125364
2022-06-28,Base Min-Variance,0.0,-0.009034613066923082
2022-06-29,Base Min-Variance,0.0,0.0007074118014105467
2022-06-30,Base Min-Variance,0.0,-0.007514254460922772
2022-07-01,Base Min-Variance,0.0,0.014886708081508307
2022-07-05,Base Min-Variance,0.0,-0.003676755501736755
2022-07-06,Base Min-Variance,0.0,0.0014689119190931929
2022-07-07,Base Min-Variance,0.0,0.0023397652584228874
2022-07-08,Base Min-Variance,0.0,-0.0028577932121188407
2022-07-11,Base Min-Variance,0.0,-7.005607030932971e-05
2022-07-12,Base Min-Variance,0.0,-0.005704596022597816
2022-07-13,Base Min-Variance,0.0,-0.0012680128073719297
2022-07-14,Base Min-Variance,0.0,-0.00469727578190522
2022-07-15,Base Min-Variance,0.0,0.010468890166936497
2022-07-18,Base Min-Variance,0.0,-0.012182143755362458
2022-07-19,Base Min-Variance,0.0,0.013795101613126852
2022-07-20,Base Min-Variance,0.0,-0.0060430732788443915
2022-07-21,Base Min-Variance,0.0,0.00439045046582529
2022-07-22,Base Min-Variance,0.0,-0.0002468200059097522
2022-07-25,Base Min-Variance,0.0,-0.002351003820243129
2022-07-26,Base Min-Variance,0.0,-0.006283709984722629
2022-07-27,Base Min-Variance,0.0,0.004881880080623827
2022-07-28,Base Min-Variance,0.0,0.008033306451465204
2022-07-29,Base Min-Variance,0.0,0.0033078654470041625
2022-08-01,Base Min-Variance,0.0,-0.004907603869151991
2022-08-02,Base Min-Variance,0.0,-0.0051561141349925265
2022-08-03,Base Min-Variance,0.0,0.013617912727156857
2022-08-04,Base Min-Variance,0.0,-0.007848111169535396
2022-08-05,Base Min-Variance,0.0,-0.004602705277592654
2022-08-08,Base Min-Variance,0.0,0.004168939098722432
2022-08-09,Base Min-Variance,0.0,0.0020438353916999025
2022-08-10,Base Min-Variance,0.0,0.011460551394869118
2022-08-11,Base Min-Variance,0.0,-0.0013477005595420942
2022-08-12,Base Min-Variance,0.0,0.01442561234094252
2022-08-15,Base Min-Variance,0.0,0.012174027089884855
2022-08-16,Base Min-Variance,0.0,0.012598246941806541
2022-08-17,Base Min-Variance,0.0,-0.006335298828489027
2022-08-18,Base Min-Variance,0.0,-0.0026869512006418026
2022-08-19,Base Min-Variance,0.0,-0.004553581304626804
2022-08-22,Base Min-Variance,0.0,-0.014220709228332035
2022-08-23,Base Min-Variance,0.0,-0.005232826714796408
2022-08-24,Base Min-Variance,0.0,0.00034711522842681083
2022-08-25,Base Min-Variance,0.0,0.005616584608498126
2022-08-26,Base Min-Variance,0.0,-0.018356848199315278
2022-08-29,Base Min-Variance,0.0,-0.003951657098967159
2022-08-30,Base Min-Variance,0.0,-0.008326767939154253
2022-08-31,Base Min-Variance,0.0,-0.0019037148248553834
2022-09-01,Base Min-Variance,0.0,0.011791129350618393
2022-09-02,Base Min-Variance,0.0,-0.009497904754814579
2022-09-06,Base Min-Variance,0.0,-0.002470900245566058
2022-09-07,Base Min-Variance,0.0,0.016592872954143367
2022-09-08,Base Min-Variance,0.0,0.002665477360505487
2022-09-09,Base Min-Variance,0.0,0.008992297524939213
2022-09-12,Base Min-Variance,0.0,0.008440533944423298
2022-09-13,Base Min-Variance,0.0,-0.030074059379944156
2022-09-14,Base Min-Variance,0.0,0.006309859591483164
2022-09-15,Base Min-Variance,0.0,-0.010524147976951984
2022-09-16,Base Min-Variance,0.0,0.0007500095785985441
2022-09-19,Base Min-Variance,0.0,0.0036924643987501413
2022-09-20,Base Min-Variance,0.0,-0.01353394765685435
2022-09-21,Base Min-Variance,0.0,-0.01289810862241028
2022-09-22,Base Min-Variance,0.0,0.003374463007213528
2022-09-23,Base Min-Variance,0.0,-0.01666778275138261
2022-09-26,Base Min-Variance,0.0,-0.010517247872693201
2022-09-27,Base Min-Variance,0.0,-0.005635961199361049
2022-09-28,Base Min-Variance,0.0,0.022070025870130343
2022-09-29,Base Min-Variance,0.0,-0.015897674810921372
2022-09-30,Base Min-Variance,0.0,-0.016979410068814496
2022-10-03,Base Min-Variance,0.0,0.025834224931644206
2022-10-04,Base Min-Variance,0.0,0.021139916898996677
2022-10-05,Base Min-Variance,0.0,-0.003827763769545023
2022-10-06,Base Min-Variance,0.0,-0.007438734508831942
2022-10-07,Base Min-Variance,0.0,-0.014046856024082087
2022-10-10,Base Min-Variance,0.0,0.001161949126608362
2022-10-11,Base Min-Variance,0.0,0.01560706186353275
2022-10-12,Base Min-Variance,0.0,-0.004289354847943938
2022-10-13,Base Min-Variance,0.0,0.019456418092882524
2022-10-14,Base Min-Variance,0.0,-0.011434265874695726
2022-10-17,Base Min-Variance,0.0,0.011579487517654873
2022-10-18,Base Min-Variance,0.0,0.010236440697018928
2022-10-19,Base Min-Variance,0.0,-0.00737392257659784
2022-10-20,Base Min-Variance,0.0,-0.0024225187626472043
2022-10-21,Base Min-Variance,0.0,0.020340766292571633
2022-10-24,Base Min-Variance,0.0,0.01759436634493133
2022-10-25,Base Min-Variance,0.0,0.008184758227134515
2022-10-26,Base Min-Variance,0.0,0.01238959351637147
2022-10-27,Base Min-Variance,0.0,0.001482879855816566
2022-10-28,Base Min-Variance,0.0,0.022801776649122342
2022-10-31,Base Min-Variance,0.0,-0.007426572855297814
2022-11-01,Base Min-Variance,0.0,-0.0012075679456848385
2022-11-02,Base Min-Variance,0.0,-0.011248934767554031
2022-11-03,Base Min-Variance,0.0,-0.00485691998817082
2022-11-04,Base Min-Variance,0.0,0.01405950408367071
2022-11-07,Base Min-Variance,0.0,0.013841971332826756
2022-11-08,Base Min-Variance,0.0,0.01111975932541314
2022-11-09,Base Min-Variance,0.0,-0.011911039320401173
2022-11-10,Base Min-Variance,0.0,0.02157893824606731
2022-11-11,Base Min-Variance,0.0,-0.005040297111039774
2022-11-14,Base Min-Variance,0.0,-0.0024499611230433963
2022-11-15,Base Min-Variance,0.0,0.00641754678907343
2022-11-16,Base Min-Variance,0.0,-0.0007685867427622969
2022-11-17,Base Min-Variance,0.0,0.004496748313860074
2022-11-18,Base Min-Variance,0.0,0.008429246005696433
2022-11-21,Base Min-Variance,0.0,0.003941445980831316
2022-11-22,Base Min-Variance,0.0,0.008939995988446293
2022-11-23,Base Min-Variance,0.0,-0.0013139291996846006
2022-11-25,Base Min-Variance,0.0,0.0007956540335836306
2022-11-28,Base Min-Variance,0.0,-0.00977359670033041
2022-11-29,Base Min-Variance,0.0,0.0029548841961644767
2022-11-30,Base Min-Variance,0.0,0.017106796675157562
2022-12-01,Base Min-Variance,0.0,0.001178362946805915
2022-12-02,Base Min-Variance,0.0,0.0029058362698545738
2022-12-05,Base Min-Variance,0.0,-0.008289020097647834
2022-12-06,Base Min-Variance,0.0,-0.010415731982391737
2022-12-07,Base Min-Variance,0.0,0.002996449745722171
2022-12-08,Base Min-Variance,0.0,0.00424297722179429
2022-12-09,Base Min-Variance,0.0,-0.016428178049603486
2022-12-12,Base Min-Variance,0.0,0.006427487024668472
2022-12-13,Base Min-Variance,0.0,0.003003733728169727
2022-12-14,Base Min-Variance,0.0,-0.0001690246027340714
2022-12-15,Base Min-Variance,0.0,-0.015397377754389588
2022-12-16,Base Min-Variance,0.0,-0.006052842774813158
2022-12-19,Base Min-Variance,0.0,-0.001292249607681668
2022-12-20,Base Min-Variance,0.0,0.0008983054208076011
2022-12-21,Base Min-Variance,0.0,0.011490273951819981
2022-12-22,Base Min-Variance,0.0,-0.004752791055669969
2022-12-23,Base Min-Variance,0.0,0.004619975492410237
2022-12-27,Base Min-Variance,0.0,0.001415038279937267
2022-12-28,Base Min-Variance,0.0,-0.010133969018483286
2022-12-29,Base Min-Variance,0.0,0.006515126038898128
2022-12-30,Base Min-Variance,0.0,-0.00013923251978049982
2023-01-03,Base Min-Variance,0.0,0.0004410127176900775
2023-01-04,Base Min-Variance,0.0,0.008774952959001053
2023-01-05,Base Min-Variance,0.0,0.0015073404261656087
2023-01-06,Base Min-Variance,0.0,0.015201859317797094
2023-01-09,Base Min-Variance,0.0,-0.016470456490020106
2023-01-10,Base Min-Variance,0.0,0.0021595576508128375
2023-01-11,Base Min-Variance,0.0,0.0026736976449378146
2023-01-12,Base Min-Variance,0.0,-0.0027359438840224405
2023-01-13,Base Min-Variance,0.0,0.002387228414221573
2023-01-17,Base Min-Variance,0.0,-0.006647209589430586
2023-01-18,Base Min-Variance,0.0,-0.017321909119041953
2023-01-19,Base Min-Variance,0.0,-0.0017170579834632107
2023-01-20,Base Min-Variance,0.0,0.008824284190004788
2023-01-23,Base Min-Variance,0.0,0.002649455535015022
2023-01-24,Base Min-Variance,0.0,-0.002417016214714906
2023-01-25,Base Min-Variance,0.0,-0.0015138156859288356
2023-01-26,Base Min-Variance,0.0,0.00022059956842631782
2023-01-27,Base Min-Variance,0.0,-0.005807184158800238
2023-01-30,Base Min-Variance,0.0,-0.003915444216456519
2023-01-31,Base Min-Variance,0.0,0.007437601525478721
2023-02-01,Base Min-Variance,0.0,-0.01886942479295161
2023-02-02,Base Min-Variance,0.0,-0.011544241863469532
2023-02-03,Base Min-Variance,0.0,-0.009416283634795962
2023-02-06,Base Min-Variance,0.0,-0.001561459202358107
2023-02-07,Base Min-Variance,0.0,0.007996333995979139
2023-02-08,Base Min-Variance,0.0,-0.007441180376151988
2023-02-09,Base Min-Variance,0.0,-0.001290714249700661
2023-02-10,Base Min-Variance,0.0,0.012148789214088377
2023-02-13,Base Min-Variance,0.0,0.008012670178112465
2023-02-14,Base Min-Variance,0.0,-0.0069663210159526135
2023-02-15,Base Min-Variance,0.0,-0.00039083934941019325
2023-02-16,Base Min-Variance,0.0,-0.012952413734386147
2023-02-17,Base Min-Variance,0.0,0.013574110681748755
2023-02-21,Base Min-Variance,0.0,-0.004636746693761399
2023-02-22,Base Min-Variance,0.0,-0.004540384146178614
2023-02-23,Base Min-Variance,0.0,0.0026782781068560337
2023-02-24,Base Min-Variance,0.0,-0.0068809388506369555
2023-02-27,Base Min-Variance,0.0,0.00014481544637413773
2023-02-28,Base Min-Variance,0.0,-0.010362245227100945
2023-03-01,Base Min-Variance,0.0,0.00030100498865105285
2023-03-02,Base Min-Variance,0.0,0.005820691339743874
2023-03-03,Base Min-Variance,0.0,0.0038908792773936695
2023-03-06,Base Min-Variance,0.0,0.009323279138875575
2023-03-07,Base Min-Variance,0.0,-0.010730891049097647
2023-03-08,Base Min-Variance,0.0,-0.0068353061347535635
2023-03-09,Base Min-Variance,0.0,-0.011563321109050494
2023-03-10,Base Min-Variance,0.0,-0.0031232630429789054
2023-03-13,Base Min-Variance,0.0,0.00590513934007257
2023-03-14,Base Min-Variance,0.0,0.006991599531113126
2023-03-15,Base Min-Variance,0.0,0.0043094769447885786
2023-03-16,Base Min-Variance,0.0,0.0015795361418501049
2023-03-17,Base Min-Variance,0.0,-0.013320540413759187
2023-03-20,Base Min-Variance,0.0,0.013262142604325636
2023-03-21,Base Min-Variance,0.0,-0.0013397595544512246
2023-03-22,Base Min-Variance,0.0,-0.014718455574242093
2023-03-23,Base Min-Variance,0.0,0.005739173711150505
2023-03-24,Base Min-Variance,0.0,0.01616295621257588
2023-03-27,Base Min-Variance,0.0,0.005297686155032046
2023-03-28,Base Min-Variance,0.0,-0.0011270075649434238
2023-03-29,Base Min-Variance,0.0,0.0065348569697836366
2023-03-30,Base Min-Variance,0.0,0.0045620038278035135
2023-03-31,Base Min-Variance,0.0,0.006886732311771715
2023-04-03,Base Min-Variance,0.0,0.010844624727657307
2023-04-04,Base Min-Variance,0.0,0.005516479994875877
2023-04-05,Base Min-Variance,0.0,0.015367708808241504
2023-04-06,Base Min-Variance,0.0,0.0002111772306787265
2023-04-10,Base Min-Variance,0.0,-0.0014402068334635376
2023-04-11,Base Min-Variance,0.0,-0.0004959217249270058
2023-04-12,Base Min-Variance,0.0,0.001047373830316797
2023-04-13,Base Min-Variance,0.0,0.009389831860732847
2023-04-14,Base Min-Variance,0.0,-0.0042136022120193226
2023-04-17,Base Min-Variance,0.0,0.00011190830433879576
2023-04-18,Base Min-Variance,0.0,-0.0018249963708574044
2023-04-19,Base Min-Variance,0.0,-0.0007858833744909133
2023-04-20,Base Min-Variance,0.0,-0.005130663478276803
2023-04-21,Base Min-Variance,0.0,0.005489682289535339
2023-04-24,Base Min-Variance,0.0,0.001975869814570269
2023-04-25,Base Min-Variance,0.0,-0.00021340412404785932
2023-04-26,Base Min-Variance,0.0,-0.019651020360405436
2023-04-27,Base Min-Variance,0.0,0.0050932821296204136
2023-04-28,Base Min-Variance,0.0,0.003571281301151859
2023-05-01,Base Min-Variance,0.0,0.0012108376508718002
2023-05-02,Base Min-Variance,0.0,-0.007298864534592144
2023-05-03,Base Min-Variance,0.0,-0.009095715895869067
2023-05-04,Base Min-Variance,0.0,0.0005076345305740936
2023-05-05,Base Min-Variance,0.0,0.01091596645667462
2023-05-08,Base Min-Variance,0.0,-0.00023646773615500043
2023-05-09,Base Min-Variance,0.0,-0.004618965695153648
2023-05-10,Base Min-Variance,0.0,-0.00046926817574130324
2023-05-11,Base Min-Variance,0.0,-0.001627009298706249
2023-05-12,Base Min-Variance,0.0,0.0013445144992130485
2023-05-15,Base Min-Variance,0.0,-0.002948645664214788
2023-05-16,Base Min-Variance,0.0,-0.014860495974752641
2023-05-17,Base Min-Variance,0.0,-0.001475276738940096
2023-05-18,Base Min-Variance,0.0,0.0010648158660630342
2023-05-19,Base Min-Variance,0.0,0.00023370086896829737
2023-05-22,Base Min-Variance,0.0,-0.005884592306622606
2023-05-23,Base Min-Variance,0.0,-0.003417554258851391
2023-05-24,Base Min-Variance,0.0,-0.006533656711613747
2023-05-25,Base Min-Variance,0.0,-0.012464081473190227
2023-05-26,Base Min-Variance,0.0,-0.0008619455437883797
2023-05-30,Base Min-Variance,0.0,-0.0036774860913953676
2023-05-31,Base Min-Variance,0.0,0.006837789954854182
2023-06-01,Base Min-Variance,0.0,-0.0020636290011970867
2023-06-02,Base Min-Variance,0.0,0.011833368482638997
2023-06-05,Base Min-Variance,0.0,0.002116742461567618
2023-06-06,Base Min-Variance,0.0,-0.006416368868531628
2023-06-07,Base Min-Variance,0.0,0.0010766637367409769
2023-06-08,Base Min-Variance,0.0,0.006300027988825405
2023-06-09,Base Min-Variance,0.0,-1.1882394871292517e-05
2023-06-12,Base Min-Variance,0.0,-0.00232996783348708
2023-06-13,Base Min-Variance,0.0,0.006521178273413488
2023-06-14,Base Min-Variance,0.0,0.0015662874697333245
2023-06-15,Base Min-Variance,0.0,0.008979622013257957
2023-06-16,Base Min-Variance,0.0,0.0002954852378386666
2023-06-20,Base Min-Variance,0.0,-0.00788856968559632
2023-06-21,Base Min-Variance,0.0,-0.001846855424245853
2023-06-22,Base Min-Variance,0.0,0.007975066057573444
2023-06-23,Base Min-Variance,0.0,-0.004835006041808871
2023-06-26,Base Min-Variance,0.0,0.0006500439100222642
2023-06-27,Base Min-Variance,0.0,0.0029457810179327024
2023-06-28,Base Min-Variance,0.0,-0.0033673580523902514
2023-06-29,Base Min-Variance,0.0,-0.00022861706772994413
2023-06-30,Base Min-Variance,0.0,0.006839993701864255
2023-07-03,Base Min-Variance,0.0,0.0035176908866559743
2023-07-05,Base Min-Variance,0.0,0.001901353776219533
2023-07-06,Base Min-Variance,0.0,-0.008190815251024613
2023-07-07,Base Min-Variance,0.0,-0.01383626699888303
2023-07-10,Base Min-Variance,0.0,0.0009658825257632413
2023-07-11,Base Min-Variance,0.0,0.009476607537860166
2023-07-12,Base Min-Variance,0.0,-0.0029544258301641515
2023-07-13,Base Min-Variance,0.0,0.0014646459738673037
2023-07-14,Base Min-Variance,0.0,0.0030874212797518848
2023-07-17,Base Min-Variance,0.0,-0.004974011381840347
2023-07-18,Base Min-Variance,0.0,0.001001098915007799
2023-07-19,Base Min-Variance,0.0,0.0071819617385442585
2023-07-20,Base Min-Variance,0.0,0.015609905133145446
2023-07-21,Base Min-Variance,0.0,0.006091250175131412
2023-07-24,Base Min-Variance,0.0,0.0012714306253980491
2023-07-25,Base Min-Variance,0.0,-0.0026245409587388833
2023-07-26,Base Min-Variance,0.0,0.0030887809886583216
2023-07-27,Base Min-Variance,0.0,-0.006898080478941167
2023-07-28,Base Min-Variance,0.0,0.002577229428356281
2023-07-31,Base Min-Variance,0.0,-0.0040632748797199076
2023-08-01,Base Min-Variance,0.0,-0.005428850972339584
2023-08-02,Base Min-Variance,0.0,-0.008774441384653187
2023-08-03,Base Min-Variance,0.0,-0.006950620352472643
2023-08-04,Base Min-Variance,0.0,-0.005437962500445172
2023-08-07,Base Min-Variance,0.0,0.012056065636399283
2023-08-08,Base Min-Variance,0.0,-0.003796253725794859
2023-08-09,Base Min-Variance,0.0,0.0022426993027537443
2023-08-10,Base Min-Variance,0.0,-0.002062432173860126
2023-08-11,Base Min-Variance,0.0,0.006184238483162923
2023-08-14,Base Min-Variance,0.0,-0.00044104107978530584
2023-08-15,Base Min-Variance,0.0,-0.006265016707610517
2023-08-16,Base Min-Variance,0.0,-0.0026889711921976355
2023-08-17,Base Min-Variance,0.0,-0.005725687377815987
2023-08-18,Base Min-Variance,0.0,0.003711533212868012
2023-08-21,Base Min-Variance,0.0,-0.0029535756879231698
2023-08-22,Base Min-Variance,0.0,-0.006025860946399461
2023-08-23,Base Min-Variance,0.0,0.01104785799657884
2023-08-24,Base Min-Variance,0.0,-0.009585422533768675
2023-08-25,Base Min-Variance,0.0,0.0025840640627654977
2023-08-28,Base Min-Variance,0.0,0.002854713101525454
2023-08-29,Base Min-Variance,0.0,0.005495120946416249
2023-08-30,Base Min-Variance,0.0,0.0018674140229154022
2023-08-31,Base Min-Variance,0.0,-0.005022084609726181
2023-09-01,Base Min-Variance,0.0,0.0006444403557556121
2023-09-05,Base Min-Variance,0.0,-0.009617509150626372
2023-09-06,Base Min-Variance,0.0,-0.0025773636631912502
2023-09-07,Base Min-Variance,0.0,0.006620957954234989
2023-09-08,Base Min-Variance,0.0,0.0038724501985150945
2023-09-11,Base Min-Variance,0.0,0.003163521713313766
2023-09-12,Base Min-Variance,0.0,-0.0012807911811238888
2023-09-13,Base Min-Variance,0.0,0.00016622552449866058
2023-09-14,Base Min-Variance,0.0,0.008490436451758608
2023-09-15,Base Min-Variance,0.0,-0.008894199030701978
2023-09-18,Base Min-Variance,0.0,0.0007052828152438476
2023-09-19,Base Min-Variance,0.0,0.00033013935208486925
2023-09-20,Base Min-Variance,0.0,0.001427604793162353
2023-09-21,Base Min-Variance,0.0,-0.014006541161071022
2023-09-22,Base Min-Variance,0.0,-0.0017569698012998493
2023-09-25,Base Min-Variance,0.0,-0.0010876675257057867
2023-09-26,Base Min-Variance,0.0,-0.006280577946048688
2023-09-27,Base Min-Variance,0.0,-0.006273698820689483
2023-09-28,Base Min-Variance,0.0,0.002432673166635889
2023-09-29,Base Min-Variance,0.0,-0.005223820924408243
2023-10-02,Base Min-Variance,0.0,-0.006756520740363341
2023-10-03,Base Min-Variance,0.0,-0.00783071451387736
2023-10-04,Base Min-Variance,0.0,0.006149869172286902
2023-10-05,Base Min-Variance,0.0,-0.008571394536177555
2023-10-06,Base Min-Variance,0.0,0.0037078392220057147
2023-10-09,Base Min-Variance,0.0,0.004925306281471856
2023-10-10,Base Min-Variance,0.0,0.008718704678811076
2023-10-11,Base Min-Variance,0.0,0.0027877640720940632
2023-10-12,Base Min-Variance,0.0,-0.0034052856996366083
2023-10-13,Base Min-Variance,0.0,0.0029099131150556743
2023-10-16,Base Min-Variance,0.0,0.005696297776558197
2023-10-17,Base Min-Variance,0.0,0.004339699867958861
2023-10-18,Base Min-Variance,0.0,-0.007630264344814195
2023-10-19,Base Min-Variance,0.0,-0.006329975457953029
2023-10-20,Base Min-Variance,0.0,-0.00012625021668052688
2023-10-23,Base Min-Variance,0.0,-0.0037808291311012122
2023-10-24,Base Min-Variance,0.0,0.013701890998062946
2023-10-25,Base Min-Variance,0.0,-0.0021257941828361675
2023-10-26,Base Min-Variance,0.0,-0.0019214791396517474
2023-10-27,Base Min-Variance,0.0,-0.016872431036842144
2023-10-30,Base Min-Variance,0.0,0.0035052114318827724
2023-10-31,Base Min-Variance,0.0,0.006020065504403221
2023-11-01,Base Min-Variance,0.0,0.004026635023818276
2023-11-02,Base Min-Variance,0.0,0.014660922857073194
2023-11-03,Base Min-Variance,0.0,0.0017281275483808523
2023-11-06,Base Min-Variance,0.0,0.000932690781194782
2023-11-07,Base Min-Variance,0.0,0.0014767104727841747
2023-11-08,Base Min-Variance,0.0,-0.0008034426445392166
2023-11-09,Base Min-Variance,0.0,-0.009925694450130905
2023-11-10,Base Min-Variance,0.0,0.004868452151154857
2023-11-13,Base Min-Variance,0.0,0.0031667258558572696
2023-11-14,Base Min-Variance,0.0,0.007513611011460882
2023-11-15,Base Min-Variance,0.0,0.0034308721237694133
2023-11-16,Base Min-Variance,0.0,-0.014709784297732996
2023-11-17,Base Min-Variance,0.0,7.932790972134732e-06
2023-11-20,Base Min-Variance,0.0,0.004111741807611483
2023-11-21,Base Min-Variance,0.0,0.003255614661890502
2023-11-22,Base Min-Variance,0.0,-0.0007534104961498446
2023-11-24,Base Min-Variance,0.0,0.00444869603295071
2023-11-27,Base Min-Variance,0.0,0.00046029041577923886
2023-11-28,Base Min-Variance,0.0,-0.0004033409920124525
2023-11-29,Base Min-Variance,0.0,-0.001667849693270143
2023-11-30,Base Min-Variance,0.0,0.008905000750500812
2023-12-01,Base Min-Variance,0.0,0.0034076792624342695
2023-12-04,Base Min-Variance,0.0,0.00132595303820926
2023-12-05,Base Min-Variance,0.0,0.0030378791979503526
2023-12-06,Base Min-Variance,0.0,-0.0030399302099085993
2023-12-07,Base Min-Variance,0.0,0.00021902455163836038
2023-12-08,Base Min-Variance,0.0,-0.0021643530860300853
2023-12-11,Base Min-Variance,0.0,0.006513031136075842
2023-12-12,Base Min-Variance,0.0,0.0037607756870400434
2023-12-13,Base Min-Variance,0.0,0.014923651194991991
2023-12-14,Base Min-Variance,0.0,-0.0030966179315325302
2023-12-15,Base Min-Variance,0.0,-0.004302005768415782
2023-12-18,Base Min-Variance,0.0,0.003781290237656652
2023-12-19,Base Min-Variance,0.0,0.00395188268822237
2023-12-20,Base Min-Variance,0.0,-0.01302110844444349
2023-12-21,Base Min-Variance,0.0,0.007634028637155075
2023-12-22,Base Min-Variance,0.0,0.006568779143998047
2023-12-26,Base Min-Variance,0.0,0.003272792780559825
2023-12-27,Base Min-Variance,0.0,0.0037190068314369093
2023-12-28,Base Min-Variance,0.0,0.0019180217049502815
2023-12-29,Base Min-Variance,0.0,-0.00027458139715278514
2021-01-04,Contrarian Tilt,-1.0,0.0067266300768375935
2021-01-05,Contrarian Tilt,-1.0,0.0002368586832287873
2021-01-06,Contrarian Tilt,-1.0,0.008597945287841203
2021-01-07,Contrarian Tilt,-1.0,0.008892074508317645
2021-01-08,Contrarian Tilt,-1.0,-0.0036751782683363
2021-01-11,Contrarian Tilt,-1.0,-0.003058513072602776
2021-01-12,Contrarian Tilt,-1.0,-0.00248336535251265
2021-01-13,Contrarian Tilt,-1.0,-0.0067556012214701165
2021-01-14,Contrarian Tilt,-1.0,0.005054685793581935
2021-01-15,Contrarian Tilt,-1.0,-0.002436494070710868
2021-01-19,Contrarian Tilt,-1.0,0.010420556494197318
2021-01-20,Contrarian Tilt,-1.0,0.01823525340741548
2021-01-21,Contrarian Tilt,-1.0,-0.010442839321841013
2021-01-22,Contrarian Tilt,-1.0,-0.000591795923326247
2021-01-25,Contrarian Tilt,-1.0,0.005403743329005888
2021-01-26,Contrarian Tilt,-1.0,-0.003489620948504868
2021-01-27,Contrarian Tilt,-1.0,-0.01982359898010501
2021-01-28,Contrarian Tilt,-1.0,-0.0008381212370929742
2021-01-29,Contrarian Tilt,-1.0,-0.004341661106269455
2021-02-01,Contrarian Tilt,-1.0,-0.0003964147482876162
2021-02-02,Contrarian Tilt,-1.0,0.005898587052962211
2021-02-03,Contrarian Tilt,-1.0,-0.002352327863318488
2021-02-04,Contrarian Tilt,-1.0,0.004242632601555284
2021-02-05,Contrarian Tilt,-1.0,0.015489203681411552
2021-02-08,Contrarian Tilt,-1.0,0.0024632039271730625
2021-02-09,Contrarian Tilt,-1.0,-0.001147254414738515
2021-02-10,Contrarian Tilt,-1.0,-0.006339781994882373
2021-02-11,Contrarian Tilt,-1.0,-0.005124765817715024
2021-02-12,Contrarian Tilt,-1.0,0.003931470014879155
2021-02-16,Contrarian Tilt,-1.0,-0.00993825972206036
2021-02-17,Contrarian Tilt,-1.0,0.006914676105999819
2021-02-18,Contrarian Tilt,-1.0,-0.011581768912676958
2021-02-19,Contrarian Tilt,-1.0,-0.00763993020151437
2021-02-22,Contrarian Tilt,-1.0,0.0007946819018785855
2021-02-23,Contrarian Tilt,-1.0,-0.006625044791302468
2021-02-24,Contrarian Tilt,-1.0,-0.0007846461304082996
2021-02-25,Contrarian Tilt,-1.0,-0.008106598100521027
2021-02-26,Contrarian Tilt,-1.0,-0.018064794883985238
2021-03-01,Contrarian Tilt,-1.0,0.00921143736514158
2021-03-02,Contrarian Tilt,-1.0,0.0009532227969099966
2021-03-03,Contrarian Tilt,-1.0,-0.0121013921984951
2021-03-04,Contrarian Tilt,-1.0,-0.0037733976231731354
2021-03-05,Contrarian Tilt,-1.0,0.014318993776356214
2021-03-08,Contrarian Tilt,-1.0,-0.004329380787655891
2021-03-09,Contrarian Tilt,-1.0,0.005512439550947848
2021-03-10,Contrarian Tilt,-1.0,0.006681682289876759
2021-03-11,Contrarian Tilt,-1.0,-0.001329995486966444
2021-03-12,Contrarian Tilt,-1.0,0.0035764845545467466
2021-03-15,Contrarian Tilt,-1.0,0.011138738510569693
2021-03-16,Contrarian Tilt,-1.0,0.005645047435550485
2021-03-17,Contrarian Tilt,-1.0,-0.01562156185080382
2021-03-18,Contrarian Tilt,-1.0,-0.006644393532221335
2021-03-19,Contrarian Tilt,-1.0,-0.003760483761376873
2021-03-22,Contrarian Tilt,-1.0,0.014487549031533114
2021-03-23,Contrarian Tilt,-1.0,0.0008686214566333611
2021-03-24,Contrarian Tilt,-1.0,-0.008162073260603591
2021-03-25,Contrarian Tilt,-1.0,0.003802138456998204
2021-03-26,Contrarian Tilt,-1.0,0.01662841090264896
2021-03-29,Contrarian Tilt,-1.0,0.010860756188562741
2021-03-30,Contrarian Tilt,-1.0,-0.004953426514437547
2021-03-31,Contrarian Tilt,-1.0,0.0007542763480381373
2021-04-01,Contrarian Tilt,-1.0,0.010090135600237355
2021-04-05,Contrarian Tilt,-1.0,0.012651800226374039
2021-04-06,Contrarian Tilt,-1.0,0.0013625290364931988
2021-04-07,Contrarian Tilt,-1.0,-0.0004814997386764072
2021-04-08,Contrarian Tilt,-1.0,-0.0020957031372913796
2021-04-09,Contrarian Tilt,-1.0,0.002746322838993341
2021-04-12,Contrarian Tilt,-1.0,0.0006872436246480619
2021-04-13,Contrarian Tilt,-1.0,0.002085264187501827
2021-04-14,Contrarian Tilt,-1.0,-0.001986997118089465
2021-04-15,Contrarian Tilt,-1.0,0.006776335444103908
2021-04-16,Contrarian Tilt,-1.0,0.0009432291840244936
2021-04-19,Contrarian Tilt,-1.0,-0.0005221465714228028
2021-04-20,Contrarian Tilt,-1.0,0.004979590561833569
2021-04-21,Contrarian Tilt,-1.0,0.004063639684643696
2021-04-22,Contrarian Tilt,-1.0,0.00783286568130066
2021-04-23,Contrarian Tilt,-1.0,0.0013976215157238164
2021-04-26,Contrarian Tilt,-1.0,-0.007383969581266928
2021-04-27,Contrarian Tilt,-1.0,-0.006415428246591954
2021-04-28,Contrarian Tilt,-1.0,0.00024110199707309593
2021-04-29,Contrarian Tilt,-1.0,0.009889248447640312
2021-04-30,Contrarian Tilt,-1.0,-0.001836333446967837
2021-05-03,Contrarian Tilt,-1.0,0.00653803461248148
2021-05-04,Contrarian Tilt,-1.0,-0.0050209395282698535
2021-05-05,Contrarian Tilt,-1.0,-0.0005953879447200314
2021-05-06,Contrarian Tilt,-1.0,0.007110418503078446
2021-05-07,Contrarian Tilt,-1.0,0.0014597658981883562
2021-05-10,Contrarian Tilt,-1.0,0.006015467028384803
2021-05-11,Contrarian Tilt,-1.0,-0.008971521412681177
2021-05-12,Contrarian Tilt,-1.0,-0.013584589986963738
2021-05-13,Contrarian Tilt,-1.0,0.011978072170294072
2021-05-14,Contrarian Tilt,-1.0,0.0014011080553869295
2021-05-17,Contrarian Tilt,-1.0,-0.00171369452616674
2021-05-18,Contrarian Tilt,-1.0,-0.007362674473190984
2021-05-19,Contrarian Tilt,-1.0,-2.8794895798105282e-05
2021-05-20,Contrarian Tilt,-1.0,0.00974522158019467
2021-05-21,Contrarian Tilt,-1.0,0.0007182130794213863
2021-05-24,Contrarian Tilt,-1.0,-0.0033137641987318425
2021-05-25,Contrarian Tilt,-1.0,-0.007378695934491711
2021-05-26,Contrarian Tilt,-1.0,0.0007854413146086972
2021-05-27,Contrarian Tilt,-1.0,-0.004633659683964823
2021-05-28,Contrarian Tilt,-1.0,0.00220244556327576
2021-06-01,Contrarian Tilt,-1.0,-0.004450422722259461
2021-06-02,Contrarian Tilt,-1.0,-9.855489801487735e-05
2021-06-03,Contrarian Tilt,-1.0,0.006113441528590431
2021-06-04,Contrarian Tilt,-1.0,0.004844290767519226
2021-06-07,Contrarian Tilt,-1.0,-0.003916659181098795
2021-06-08,Contrarian Tilt,-1.0,-0.006496395402091376
2021-06-09,Contrarian Tilt,-1.0,0.004930773923290897
2021-06-10,Contrarian Tilt,-1.0,0.009545756175712497
2021-06-11,Contrarian Tilt,-1.0,0.002525213630722158
2021-06-14,Contrarian Tilt,-1.0,0.0015048994930982789
2021-06-15,Contrarian Tilt,-1.0,-0.005132410083900844
2021-06-16,Contrarian Tilt,-1.0,-0.011354223209212259
2021-06-17,Contrarian Tilt,-1.0,0.0028340804255079875
2021-06-18,Contrarian Tilt,-1.0,-0.012278682220423425
2021-06-21,Contrarian Tilt,-1.0,0.009485544549220248
2021-06-22,Contrarian Tilt,-1.0,0.00010027171143263034
2021-06-23,Contrarian Tilt,-1.0,-0.0068448823777365435
2021-06-24,Contrarian Tilt,-1.0,0.0055977340085584665
2021-06-25,Contrarian Tilt,-1.0,0.011313503268653165
2021-06-28,Contrarian Tilt,-1.0,0.0006754432722877301
2021-06-29,Contrarian Tilt,-1.0,-0.0036278975962611305
2021-06-30,Contrarian Tilt,-1.0,0.010621358326889426
2021-07-01,Contrarian Tilt,-1.0,0.0009505144043857982
2021-07-02,Contrarian Tilt,-1.0,0.0056611804209836135
2021-07-06,Contrarian Tilt,-1.0,-0.0015301780003769058
2021-07-07,Contrarian Tilt,-1.0,0.002908417863807082
2021-07-08,Contrarian Tilt,-1.0,-0.005100736730391214
2021-07-09,Contrarian Tilt,-1.0,0.0066909150136449875
2021-07-12,Contrarian Tilt,-1.0,0.0010765197651827212
2021-07-13,Contrarian Tilt,-1.0,-0.0008818691245895113
2021-07-14,Contrarian Tilt,-1.0,0.0046856542608719395
2021-07-15,Contrarian Tilt,-1.0,0.0006507378883716323
2021-07-16,Contrarian Tilt,-1.0,-0.0006889441576995192
2021-07-19,Contrarian Tilt,-1.0,-0.012448862131839492
2021-07-20,Contrarian Tilt,-1.0,0.00548565447482703
2021-07-21,Contrarian Tilt,-1.0,-0.0018422787804987083
2021-07-22,Contrarian Tilt,-1.0,0.001057766670842376
2021-07-23,Contrarian Tilt,-1.0,0.011501174035192865
2021-07-26,Contrarian Tilt,-1.0,0.001025968628734211
2021-07-27,Contrarian Tilt,-1.0,0.0008228706601176976
2021-07-28,Contrarian Tilt,-1.0,-0.0035740706678641515
2021-07-29,Contrarian Tilt,-1.0,-0.0017902697454395939
2021-07-30,Contrarian Tilt,-1.0,-0.0014119557550372572
2021-08-02,Contrarian Tilt,-1.0,-0.0015835228468559534
2021-08-03,Contrarian Tilt,-1.0,-0.0002900232011583681
2021-08-04,Contrarian Tilt,-1.0,-0.008645397973177395
2021-08-05,Contrarian Tilt,-1.0,0.004538011350506392
2021-08-06,Contrarian Tilt,-1.0,-0.00013782944068337994
2021-08-09,Contrarian Tilt,-1.0,0.00112786337085367
2021-08-10,Contrarian Tilt,-1.0,0.005203137108866097
2021-08-11,Contrarian Tilt,-1.0,0.004646042208410828
2021-08-12,Contrarian Tilt,-1.0,0.0026975047349382052
2021-08-13,Contrarian Tilt,-1.0,0.003693565183304687
2021-08-16,Contrarian Tilt,-1.0,0.006185631758644665
2021-08-17,Contrarian Tilt,-1.0,0.0028375984846345965
2021-08-18,Contrarian Tilt,-1.0,-0.011031940107875043
2021-08-19,Contrarian Tilt,-1.0,0.001419919915505334
2021-08-20,Contrarian Tilt,-1.0,0.003505060114799059
2021-08-23,Contrarian Tilt,-1.0,-0.001446731268064326
2021-08-24,Contrarian Tilt,-1.0,-0.004922732259129837
2021-08-25,Contrarian Tilt,-1.0,-0.0034784091460263312
2021-08-26,Contrarian Tilt,-1.0,-0.0064954968583751755
2021-08-27,Contrarian Tilt,-1.0,0.002190023475619941
2021-08-30,Contrarian Tilt,-1.0,0.003336544017878677
2021-08-31,Contrarian Tilt,-1.0,0.004604704976361802
2021-09-01,Contrarian Tilt,-1.0,-0.0022954241685001625
2021-09-02,Contrarian Tilt,-1.0,0.0072841211880944595
2021-09-03,Contrarian Tilt,-1.0,-0.0003362663502618896
2021-09-07,Contrarian Tilt,-1.0,-0.01355820843218392
2021-09-08,Contrarian Tilt,-1.0,0.0014998391731063034
2021-09-09,Contrarian Tilt,-1.0,-0.01068101324805544
2021-09-10,Contrarian Tilt,-1.0,-0.007178563417466566
2021-09-13,Contrarian Tilt,-1.0,0.00016128760223877315
2021-09-14,Contrarian Tilt,-1.0,-0.005568602466746943
2021-09-15,Contrarian Tilt,-1.0,0.00351000690497749
2021-09-16,Contrarian Tilt,-1.0,-0.0037141269259053514
2021-09-17,Contrarian Tilt,-1.0,-0.005139989161140491
2021-09-20,Contrarian Tilt,-1.0,-0.009787242425942241
2021-09-21,Contrarian Tilt,-1.0,-0.0034113685424966523
2021-09-22,Contrarian Tilt,-1.0,0.0014825868095252126
2021-09-23,Contrarian Tilt,-1.0,0.005952945773579912
2021-09-24,Contrarian Tilt,-1.0,-0.001344757252647225
2021-09-27,Contrarian Tilt,-1.0,-0.000872272460887867
2021-09-28,Contrarian Tilt,-1.0,-0.007714796766629353
2021-09-29,Contrarian Tilt,-1.0,0.009001135387109581
2021-09-30,Contrarian Tilt,-1.0,-0.0074869708056066195
2021-10-01,Contrarian Tilt,-1.0,0.020357904048089508
2021-10-04,Contrarian Tilt,-1.0,0.004439607735624728
2021-10-05,Contrarian Tilt,-1.0,-0.0013394409279874526
2021-10-06,Contrarian Tilt,-1.0,-0.00048664894431920314
2021-10-07,Contrarian Tilt,-1.0,0.0067742829517537
2021-10-08,Contrarian Tilt,-1.0,-0.004968603712886541
2021-10-11,Contrarian Tilt,-1.0,-0.006302823930271942
2021-10-12,Contrarian Tilt,-1.0,0.002248143050626349
2021-10-13,Contrarian Tilt,-1.0,0.002440221778664597
2021-10-14,Contrarian Tilt,-1.0,0.007473032332081052
2021-10-15,Contrarian Tilt,-1.0,-0.0034959982187337145
2021-10-18,Contrarian Tilt,-1.0,-0.0017882824982590848
2021-10-19,Contrarian Tilt,-1.0,0.013342242520634184
2021-10-20,Contrarian Tilt,-1.0,0.010887080515094774
2021-10-21,Contrarian Tilt,-1.0,0.007461170041473546
2021-10-22,Contrarian Tilt,-1.0,0.002946782747667621
2021-10-25,Contrarian Tilt,-1.0,0.0031064415045634784
2021-10-26,Contrarian Tilt,-1.0,0.0030076762152585787
2021-10-27,Contrarian Tilt,-1.0,-0.011210743992936981
2021-10-28,Contrarian Tilt,-1.0,0.01968677417757505
2021-10-29,Contrarian Tilt,-1.0,-0.0004110154169011577
2021-11-01,Contrarian Tilt,-1.0,0.003977446804311423
2021-11-02,Contrarian Tilt,-1.0,0.0019994815201065485
2021-11-03,Contrarian Tilt,-1.0,0.0007490482614194986
2021-11-04,Contrarian Tilt,-1.0,-0.00063345562513404
2021-11-05,Contrarian Tilt,-1.0,-0.008314372246992103
2021-11-08,Contrarian Tilt,-1.0,0.0014444781744273089
2021-11-09,Contrarian Tilt,-1.0,0.000245160251112433
2021-11-10,Contrarian Tilt,-1.0,0.0014222629996421808
2021-11-11,Contrarian Tilt,-1.0,-0.00013420217124674296
2021-11-12,Contrarian Tilt,-1.0,0.0021708941312599084
2021-11-15,Contrarian Tilt,-1.0,-0.0005998762843360888
2021-11-16,Contrarian Tilt,-1.0,-0.005734917683461574
2021-11-17,Contrarian Tilt,-1.0,-0.0025554425152637425
2021-11-18,Contrarian Tilt,-1.0,-0.0029048783771366037
2021-11-19,Contrarian Tilt,-1.0,-0.005876531838382601
2021-11-22,Contrarian Tilt,-1.0,0.0041936161499884815
2021-11-23,Contrarian Tilt,-1.0,0.0032329372978304747
2021-11-24,Contrarian Tilt,-1.0,0.0009149009406162125
2021-11-26,Contrarian Tilt,-1.0,-0.01170318217157993
2021-11-29,Contrarian Tilt,-1.0,0.0031046864243163977
2021-11-30,Contrarian Tilt,-1.0,-0.024046241818210412
2021-12-01,Contrarian Tilt,-1.0,-0.014501640031611552
2021-12-02,Contrarian Tilt,-1.0,0.011668093446453563
2021-12-03,Contrarian Tilt,-1.0,0.01042158387704038
2021-12-06,Contrarian Tilt,-1.0,0.010270082785126412
2021-12-07,Contrarian Tilt,-1.0,0.0021659019483994645
2021-12-08,Contrarian Tilt,-1.0,-0.0003907349215176029
2021-12-09,Contrarian Tilt,-1.0,-0.0008783618863895024
2021-12-10,Contrarian Tilt,-1.0,0.009023365082796525
2021-12-13,Contrarian Tilt,-1.0,0.006447643657055153
2021-12-14,Contrarian Tilt,-1.0,0.0019469818926533067
2021-12-15,Contrarian Tilt,-1.0,0.010559616238481884
2021-12-16,Contrarian Tilt,-1.0,0.009007848212007792
2021-12-17,Contrarian Tilt,-1.0,-0.015899375715957918
2021-12-20,Contrarian Tilt,-1.0,0.004607843091962514
2021-12-21,Contrarian Tilt,-1.0,0.0027715521456800375
2021-12-22,Contrarian Tilt,-1.0,0.004589294136164312
2021-12-23,Contrarian Tilt,-1.0,0.001095584334984201
2021-12-27,Contrarian Tilt,-1.0,0.009354876271463187
2021-12-28,Contrarian Tilt,-1.0,0.006525165953632329
2021-12-29,Contrarian Tilt,-1.0,0.0007100635063788614
2021-12-30,Contrarian Tilt,-1.0,0.001345746010348636
2021-12-31,Contrarian Tilt,-1.0,0.0006993095255931321
2022-01-03,Contrarian Tilt,-1.0,0.0006931852123682432
2022-01-04,Contrarian Tilt,-1.0,-0.0013818586205263962
2022-01-05,Contrarian Tilt,-1.0,-0.0023692058455757475
2022-01-06,Contrarian Tilt,-1.0,-0.004046103144887031
2022-01-07,Contrarian Tilt,-1.0,0.0024193038463015755
2022-01-10,Contrarian Tilt,-1.0,-0.0009544075779406138
2022-01-11,Contrarian Tilt,-1.0,0.00378788875547272
2022-01-12,Contrarian Tilt,-1.0,0.001281290934844078
2022-01-13,Contrarian Tilt,-1.0,-0.0004141314359942011
2022-01-14,Contrarian Tilt,-1.0,-0.0028721671918613186
2022-01-18,Contrarian Tilt,-1.0,-0.01060539873922095
2022-01-19,Contrarian Tilt,-1.0,0.0007144807811825457
2022-01-20,Contrarian Tilt,-1.0,-0.011489676858778997
2022-01-21,Contrarian Tilt,-1.0,-0.005136709535254691
2022-01-24,Contrarian Tilt,-1.0,-0.004182236790105631
2022-01-25,Contrarian Tilt,-1.0,-0.007273645728028573
2022-01-26,Contrarian Tilt,-1.0,-0.009280801029578317
2022-01-27,Contrarian Tilt,-1.0,0.000847658647709801
2022-01-28,Contrarian Tilt,-1.0,0.012363441910562326
2022-01-31,Contrarian Tilt,-1.0,0.010294257800763488
2022-02-01,Contrarian Tilt,-1.0,-0.00016387407614969836
2022-02-02,Contrarian Tilt,-1.0,0.00763216194539234
2022-02-03,Contrarian Tilt,-1.0,-0.0095910144899742
2022-02-04,Contrarian Tilt,-1.0,-0.0023992899442743464
2022-02-07,Contrarian Tilt,-1.0,1.618885820669916e-05
2022-02-08,Contrarian Tilt,-1.0,-0.0025676908641294807
2022-02-09,Contrarian Tilt,-1.0,0.006690968481549703
2022-02-10,Contrarian Tilt,-1.0,-0.015265269634651671
2022-02-11,Contrarian Tilt,-1.0,-0.004045656186884401
2022-02-14,Contrarian Tilt,-1.0,-0.008589236264577754
2022-02-15,Contrarian Tilt,-1.0,0.005637119011457574
2022-02-16,Contrarian Tilt,-1.0,-0.002552609255405486
2022-02-17,Contrarian Tilt,-1.0,-0.010852827471124479
2022-02-18,Contrarian Tilt,-1.0,-0.005413185295147802
2022-02-22,Contrarian Tilt,-1.0,-0.005887192878852436
2022-02-23,Contrarian Tilt,-1.0,-0.005078119660645571
2022-02-24,Contrarian Tilt,-1.0,-0.0014571476705595003
2022-02-25,Contrarian Tilt,-1.0,0.025116587293977363
2022-02-28,Contrarian Tilt,-1.0,-0.003162368723324391
2022-03-01,Contrarian Tilt,-1.0,0.0010902557290471226
2022-03-02,Contrarian Tilt,-1.0,0.013085588928717733
2022-03-03,Contrarian Tilt,-1.0,0.008949280106403196
2022-03-04,Contrarian Tilt,-1.0,0.0073276919253558795
2022-03-07,Contrarian Tilt,-1.0,-0.012129410287584156
2022-03-08,Contrarian Tilt,-1.0,-0.010429469470557373
2022-03-09,Contrarian Tilt,-1.0,0.0025163956895951248
2022-03-10,Contrarian Tilt,-1.0,0.0028097782416495265
2022-03-11,Contrarian Tilt,-1.0,-0.005636582054903813
2022-03-14,Contrarian Tilt,-1.0,-0.003215644769183208
2022-03-15,Contrarian Tilt,-1.0,0.005879834104529326
2022-03-16,Contrarian Tilt,-1.0,0.0046862678552679424
2022-03-17,Contrarian Tilt,-1.0,0.012451649662908558
2022-03-18,Contrarian Tilt,-1.0,0.0033088783111442375
2022-03-21,Contrarian Tilt,-1.0,0.002156019707641216
2022-03-22,Contrarian Tilt,-1.0,0.003251672375404926
2022-03-23,Contrarian Tilt,-1.0,-0.009249543104238533
2022-03-24,Contrarian Tilt,-1.0,0.006259383629462612
2022-03-25,Contrarian Tilt,-1.0,0.006302915841254029
2022-03-28,Contrarian Tilt,-1.0,0.006180757260180712
2022-03-29,Contrarian Tilt,-1.0,0.012517007227420685
2022-03-30,Contrarian Tilt,-1.0,0.0011910618980837929
2022-03-31,Contrarian Tilt,-1.0,-0.010221112269169236
2022-04-01,Contrarian Tilt,-1.0,0.009799846692637181
2022-04-04,Contrarian Tilt,-1.0,0.0004695137714241079
2022-04-05,Contrarian Tilt,-1.0,-0.0014835765905049695
2022-04-06,Contrarian Tilt,-1.0,0.010683689400429717
2022-04-07,Contrarian Tilt,-1.0,0.0023828018031260643
2022-04-08,Contrarian Tilt,-1.0,0.005367646363941177
2022-04-11,Contrarian Tilt,-1.0,-0.016227277718783368
2022-04-12,Contrarian Tilt,-1.0,0.007963194813526621
2022-04-13,Contrarian Tilt,-1.0,0.006434581688857393
2022-04-14,Contrarian Tilt,-1.0,0.0005475952120755442
2022-04-18,Contrarian Tilt,-1.0,-0.0026638555137566506
2022-04-19,Contrarian Tilt,-1.0,0.006217767644096983
2022-04-20,Contrarian Tilt,-1.0,0.0027494481507466728
2022-04-21,Contrarian Tilt,-1.0,-0.01584828759062679
2022-04-22,Contrarian Tilt,-1.0,-0.012204916998607113
2022-04-25,Contrarian Tilt,-1.0,-0.004977728873163069
2022-04-26,Contrarian Tilt,-1.0,-0.014971556803946797
2022-04-27,Contrarian Tilt,-1.0,-0.003247906271092395
2022-04-28,Contrarian Tilt,-1.0,0.020305358516202514
2022-04-29,Contrarian Tilt,-1.0,-0.03337862487637892
2022-05-02,Contrarian Tilt,-1.0,-0.00024952032575600706
2022-05-03,Contrarian Tilt,-1.0,0.002510188999877582
2022-05-04,Contrarian Tilt,-1.0,0.02396144494041403
2022-05-05,Contrarian Tilt,-1.0,-0.01600424207545538
2022-05-06,Contrarian Tilt,-1.0,-0.007215741890623238
2022-05-09,Contrarian Tilt,-1.0,-0.02286498478132084
2022-05-10,Contrarian Tilt,-1.0,-0.00980761844485333
2022-05-11,Contrarian Tilt,-1.0,0.012059347474404007
2022-05-12,Contrarian Tilt,-1.0,0.004710602944626795
2022-05-13,Contrarian Tilt,-1.0,0.013744180473923243
2022-05-16,Contrarian Tilt,-1.0,0.00849393210238164
2022-05-17,Contrarian Tilt,-1.0,0.0029071839657304425
2022-05-18,Contrarian Tilt,-1.0,-0.02414304022081147
2022-05-19,Contrarian Tilt,-1.0,-0.007052619119505053
2022-05-20,Contrarian Tilt,-1.0,0.0022254575393227593
2022-05-23,Contrarian Tilt,-1.0,0.022268956604669248
2022-05-24,Contrarian Tilt,-1.0,0.010238662204140157
2022-05-25,Contrarian Tilt,-1.0,0.0032898126815829928
2022-05-26,Contrarian Tilt,-1.0,0.00643571110274718
2022-05-27,Contrarian Tilt,-1.0,0.011130399560310193
2022-05-31,Contrarian Tilt,-1.0,-0.012792311345887288
2022-06-01,Contrarian Tilt,-1.0,-0.004482061247859482
2022-06-02,Contrarian Tilt,-1.0,0.010298276964885176
2022-06-03,Contrarian Tilt,-1.0,-0.008166852938461333
2022-06-06,Contrarian Tilt,-1.0,-0.0006570467479688853
2022-06-07,Contrarian Tilt,-1.0,0.00694473723233994
2022-06-08,Contrarian Tilt,-1.0,-0.012990685565554091
2022-06-09,Contrarian Tilt,-1.0,-0.026044016965812128
2022-06-10,Contrarian Tilt,-1.0,-0.009265768197220308
2022-06-13,Contrarian Tilt,-1.0,-0.03547885462658177
2022-06-14,Contrarian Tilt,-1.0,-0.016296725400679272
2022-06-15,Contrarian Tilt,-1.0,0.0032437313708510024
2022-06-16,Contrarian Tilt,-1.0,-0.0046943112429607935
2022-06-17,Contrarian Tilt,-1.0,-0.006416822074164805
2022-06-21,Contrarian Tilt,-1.0,0.016191215785358815
2022-06-22,Contrarian Tilt,-1.0,-0.0010916282588467891
2022-06-23,Contrarian Tilt,-1.0,0.009825909770366726
2022-06-24,Contrarian Tilt,-1.0,0.016492512144662276
2022-06-27,Contrarian Tilt,-1.0,-0.007213408827547057
2022-06-28,Contrarian Tilt,-1.0,-0.011085510958781221
2022-06-29,Contrarian Tilt,-1.0,-0.0015501788541545942
2022-06-30,Contrarian Tilt,-1.0,-0.009057685258479697
2022-07-01,Contrarian Tilt,-1.0,0.01664221135575973
2022-07-05,Contrarian Tilt,-1.0,-0.009107653656328523
2022-07-06,Contrarian Tilt,-1.0,0.0028810735813688945
2022-07-07,Contrarian Tilt,-1.0,0.0006859832789240343
2022-07-08,Contrarian Tilt,-1.0,-0.0037343099255419043
2022-07-11,Contrarian Tilt,-1.0,0.004415538042110535
2022-07-12,Contrarian Tilt,-1.0,-0.004853378174865232
2022-07-13,Contrarian Tilt,-1.0,-0.000953318812500414
2022-07-14,Contrarian Tilt,-1.0,-0.009528785598726316
2022-07-15,Contrarian Tilt,-1.0,0.009885511692632002
2022-07-18,Contrarian Tilt,-1.0,-0.01721583533619833
2022-07-19,Contrarian Tilt,-1.0,0.011425372649331246
2022-07-20,Contrarian Tilt,-1.0,-0.013087408412580404
2022-07-21,Contrarian Tilt,-1.0,0.0006244718105137762
2022-07-22,Contrarian Tilt,-1.0,0.0010668843252986497
2022-07-25,Contrarian Tilt,-1.0,-0.0032328075591347787
2022-07-26,Contrarian Tilt,-1.0,0.004087101884760554
2022-07-27,Contrarian Tilt,-1.0,-0.001695144029092851
2022-07-28,Contrarian Tilt,-1.0,0.004603755831248573
2022-07-29,Contrarian Tilt,-1.0,0.0025989848996869334
2022-08-01,Contrarian Tilt,-1.0,-0.0028803876261452757
2022-08-02,Contrarian Tilt,-1.0,-0.005429148751442971
2022-08-03,Contrarian Tilt,-1.0,0.023906326711266652
2022-08-04,Contrarian Tilt,-1.0,-0.002246699169384161
2022-08-05,Contrarian Tilt,-1.0,-0.0092431687815961
2022-08-08,Contrarian Tilt,-1.0,0.0036278423601137514
2022-08-09,Contrarian Tilt,-1.0,3.316498060283839e-05
2022-08-10,Contrarian Tilt,-1.0,0.014626945874535219
2022-08-11,Contrarian Tilt,-1.0,-0.0025398368446962636
2022-08-12,Contrarian Tilt,-1.0,0.015170767925538464
2022-08-15,Contrarian Tilt,-1.0,0.017910990117494658
2022-08-16,Contrarian Tilt,-1.0,0.007591948676499639
2022-08-17,Contrarian Tilt,-1.0,-0.009149147385029232
2022-08-18,Contrarian Tilt,-1.0,-0.004298402513031464
2022-08-19,Contrarian Tilt,-1.0,-0.004344190547956107
2022-08-22,Contrarian Tilt,-1.0,-0.014811124982501058
2022-08-23,Contrarian Tilt,-1.0,-0.007388411601423444
2022-08-24,Contrarian Tilt,-1.0,-0.0008074265214543695
2022-08-25,Contrarian Tilt,-1.0,0.005208085191677286
2022-08-26,Contrarian Tilt,-1.0,-0.01688146679102216
2022-08-29,Contrarian Tilt,-1.0,-0.004558692157531294
2022-08-30,Contrarian Tilt,-1.0,-0.009306096204572024
2022-08-31,Contrarian Tilt,-1.0,0.0004607469570359754
2022-09-01,Contrarian Tilt,-1.0,0.013848412254684524
2022-09-02,Contrarian Tilt,-1.0,-0.009366181409251929
2022-09-06,Contrarian Tilt,-1.0,-0.002625147132026698
2022-09-07,Contrarian Tilt,-1.0,0.01904831716207001
2022-09-08,Contrarian Tilt,-1.0,0.0032432378567088214
2022-09-09,Contrarian Tilt,-1.0,0.007020655577144648
2022-09-12,Contrarian Tilt,-1.0,0.015572279823182785
2022-09-13,Contrarian Tilt,-1.0,-0.031181820251614492
2022-09-14,Contrarian Tilt,-1.0,0.006797556418468835
2022-09-15,Contrarian Tilt,-1.0,-0.008121320908770893
2022-09-16,Contrarian Tilt,-1.0,0.0072632566099095405
2022-09-19,Contrarian Tilt,-1.0,0.0032819372469984538
2022-09-20,Contrarian Tilt,-1.0,-0.01592090087267453
2022-09-21,Contrarian Tilt,-1.0,-0.013058063999539788
2022-09-22,Contrarian Tilt,-1.0,0.005962640364590236
2022-09-23,Contrarian Tilt,-1.0,-0.015491743749525144
2022-09-26,Contrarian Tilt,-1.0,-0.009184540170916319
2022-09-27,Contrarian Tilt,-1.0,-0.0039483714944999184
2022-09-28,Contrarian Tilt,-1.0,0.02285878049737283
2022-09-29,Contrarian Tilt,-1.0,-0.013275184350197654
2022-09-30,Contrarian Tilt,-1.0,-0.015536968300692068
2022-10-03,Contrarian Tilt,-1.0,0.02658572899767274
2022-10-04,Contrarian Tilt,-1.0,0.021899095296466473
2022-10-05,Contrarian Tilt,-1.0,-0.002375425058131459
2022-10-06,Contrarian Tilt,-1.0,-0.0069451470569786245
2022-10-07,Contrarian Tilt,-1.0,-0.012961121952035318
2022-10-10,Contrarian Tilt,-1.0,0.0032258333083141767
2022-10-11,Contrarian Tilt,-1.0,0.01851392463121943
2022-10-12,Contrarian Tilt,-1.0,-0.005128365945617388
2022-10-13,Contrarian Tilt,-1.0,0.020877477251985764
2022-10-14,Contrarian Tilt,-1.0,-0.009206447077033775
2022-10-17,Contrarian Tilt,-1.0,0.011078485727963227
2022-10-18,Contrarian Tilt,-1.0,0.00812904802226854
2022-10-19,Contrarian Tilt,-1.0,-0.00787966796290729
2022-10-20,Contrarian Tilt,-1.0,-0.0018134543832082422
2022-10-21,Contrarian Tilt,-1.0,0.021469951282554356
2022-10-24,Contrarian Tilt,-1.0,0.01808160909033392
2022-10-25,Contrarian Tilt,-1.0,0.005647298647237793
2022-10-26,Contrarian Tilt,-1.0,0.013436973294421601
2022-10-27,Contrarian Tilt,-1.0,0.001864781892651009
2022-10-28,Contrarian Tilt,-1.0,0.0215943124046492
2022-10-31,Contrarian Tilt,-1.0,-0.007409738863754438
2022-11-01,Contrarian Tilt,-1.0,-0.001958288416483899
2022-11-02,Contrarian Tilt,-1.0,-0.012479711897348061
2022-11-03,Contrarian Tilt,-1.0,-0.0016551792632543778
2022-11-04,Contrarian Tilt,-1.0,0.0129529603314509
2022-11-07,Contrarian Tilt,-1.0,0.011545423001709272
2022-11-08,Contrarian Tilt,-1.0,0.005955587404426819
2022-11-09,Contrarian Tilt,-1.0,-0.013808762361722118
2022-11-10,Contrarian Tilt,-1.0,0.021976694135940285
2022-11-11,Contrarian Tilt,-1.0,-0.001519179447033504
2022-11-14,Contrarian Tilt,-1.0,0.0019590417699690468
2022-11-15,Contrarian Tilt,-1.0,0.005880133862654579
2022-11-16,Contrarian Tilt,-1.0,-0.0036144477870860667
2022-11-17,Contrarian Tilt,-1.0,0.004523130864279453
2022-11-18,Contrarian Tilt,-1.0,0.010245763241019544
2022-11-21,Contrarian Tilt,-1.0,0.005489297855699452
2022-11-22,Contrarian Tilt,-1.0,0.013426853443999302
2022-11-23,Contrarian Tilt,-1.0,-9.935439567478982e-05
2022-11-25,Contrarian Tilt,-1.0,0.0010398606208261245
2022-11-28,Contrarian Tilt,-1.0,-0.008565764073427582
2022-11-29,Contrarian Tilt,-1.0,0.004570519439995534
2022-11-30,Contrarian Tilt,-1.0,0.01737362949880447
2022-12-01,Contrarian Tilt,-1.0,0.0007465839666051584
2022-12-02,Contrarian Tilt,-1.0,0.002610134973090579
2022-12-05,Contrarian Tilt,-1.0,-0.010741981522874812
2022-12-06,Contrarian Tilt,-1.0,-0.011433791879011149
2022-12-07,Contrarian Tilt,-1.0,0.0025424086629613524
2022-12-08,Contrarian Tilt,-1.0,0.0046680356648874195
2022-12-09,Contrarian Tilt,-1.0,-0.014999678140662156
2022-12-12,Contrarian Tilt,-1.0,0.006249995056371118
2022-12-13,Contrarian Tilt,-1.0,0.005045844536930351
2022-12-14,Contrarian Tilt,-1.0,-0.0009344759898042006
2022-12-15,Contrarian Tilt,-1.0,-0.01513965397357865
2022-12-16,Contrarian Tilt,-1.0,-0.005960689378679829
2022-12-19,Contrarian Tilt,-1.0,-0.0014112406094041127
2022-12-20,Contrarian Tilt,-1.0,0.0014292147694531894
2022-12-21,Contrarian Tilt,-1.0,0.012609498034276627
2022-12-22,Contrarian Tilt,-1.0,-0.006077385035172523
2022-12-23,Contrarian Tilt,-1.0,0.007603727829266745
2022-12-27,Contrarian Tilt,-1.0,0.002387059238226563
2022-12-28,Contrarian Tilt,-1.0,-0.010199129204578496
2022-12-29,Contrarian Tilt,-1.0,0.007750496742912465
2022-12-30,Contrarian Tilt,-1.0,0.0004759288379889477
2023-01-03,Contrarian Tilt,-1.0,0.0012638982494002533
2023-01-04,Contrarian Tilt,-1.0,0.00968515468609298
2023-01-05,Contrarian Tilt,-1.0,-0.000629181692962676
2023-01-06,Contrarian Tilt,-1.0,0.016460573163999317
2023-01-09,Contrarian Tilt,-1.0,-0.014408484406429074
2023-01-10,Contrarian Tilt,-1.0,0.001467148595909427
2023-01-11,Contrarian Tilt,-1.0,0.0022104054494158573
2023-01-12,Contrarian Tilt,-1.0,-0.0043381161741328795
2023-01-13,Contrarian Tilt,-1.0,0.002538930065153278
2023-01-17,Contrarian Tilt,-1.0,-0.005619047742965909
2023-01-18,Contrarian Tilt,-1.0,-0.017724228986625422
2023-01-19,Contrarian Tilt,-1.0,-0.0032889552278509006
2023-01-20,Contrarian Tilt,-1.0,0.009690032607776214
2023-01-23,Contrarian Tilt,-1.0,0.002427566162298227
2023-01-24,Contrarian Tilt,-1.0,-0.0017720294911762967
2023-01-25,Contrarian Tilt,-1.0,-0.0009509968173690387
2023-01-26,Contrarian Tilt,-1.0,0.00022988462617040068
2023-01-27,Contrarian Tilt,-1.0,-0.004417400798944635
2023-01-30,Contrarian Tilt,-1.0,-0.004613653075625205
2023-01-31,Contrarian Tilt,-1.0,0.0068894369243082355
2023-02-01,Contrarian Tilt,-1.0,-0.021499888395747548
2023-02-02,Contrarian Tilt,-1.0,-0.006657900749574846
2023-02-03,Contrarian Tilt,-1.0,-0.00990575535251026
2023-02-06,Contrarian Tilt,-1.0,-0.0026556810092445986
2023-02-07,Contrarian Tilt,-1.0,0.003741497208282205
2023-02-08,Contrarian Tilt,-1.0,-0.009285623412560007
2023-02-09,Contrarian Tilt,-1.0,-0.003966792920270244
2023-02-10,Contrarian Tilt,-1.0,0.01014155406732565
2023-02-13,Contrarian Tilt,-1.0,0.007606504757492344
2023-02-14,Contrarian Tilt,-1.0,-0.008768846398084073
2023-02-15,Contrarian Tilt,-1.0,0.0021814184319341326
2023-02-16,Contrarian Tilt,-1.0,-0.013084554512202327
2023-02-17,Contrarian Tilt,-1.0,0.013592465660739177
2023-02-21,Contrarian Tilt,-1.0,-0.006218503676577368
2023-02-22,Contrarian Tilt,-1.0,-0.004279191861516675
2023-02-23,Contrarian Tilt,-1.0,0.0018011437506180485
2023-02-24,Contrarian Tilt,-1.0,-0.00997162355569656
2023-02-27,Contrarian Tilt,-1.0,0.0005131214428618952
2023-02-28,Contrarian Tilt,-1.0,-0.008357692259918137
2023-03-01,Contrarian Tilt,-1.0,0.004461869715072608
2023-03-02,Contrarian Tilt,-1.0,0.002533604142511344
2023-03-03,Contrarian Tilt,-1.0,0.004181636490398046
2023-03-06,Contrarian Tilt,-1.0,0.002714367445604715
2023-03-07,Contrarian Tilt,-1.0,-0.0169065625362206
2023-03-08,Contrarian Tilt,-1.0,-0.0023637620215224025
2023-03-09,Contrarian Tilt,-1.0,-0.012381436726797989
2023-03-10,Contrarian Tilt,-1.0,-0.0007386474713039633
2023-03-13,Contrarian Tilt,-1.0,0.014751015254193795
2023-03-14,Contrarian Tilt,-1.0,0.0006425117524761416
2023-03-15,Contrarian Tilt,-1.0,0.007684749518491488
2023-03-16,Contrarian Tilt,-1.0,0.0003280834824029203
2023-03-17,Contrarian Tilt,-1.0,-0.013777286672224165
2023-03-20,Contrarian Tilt,-1.0,0.015513296235660825
2023-03-21,Contrarian Tilt,-1.0,-0.004378022167381451
2023-03-22,Contrarian Tilt,-1.0,-0.015833248290178552
2023-03-23,Contrarian Tilt,-1.0,0.006753435636491701
2023-03-24,Contrarian Tilt,-1.0,0.019191710055723683
2023-03-27,Contrarian Tilt,-1.0,0.0002243995619894408
2023-03-28,Contrarian Tilt,-1.0,0.003462378067364452
2023-03-29,Contrarian Tilt,-1.0,0.009532665666422638
2023-03-30,Contrarian Tilt,-1.0,0.0032555280462199876
2023-03-31,Contrarian Tilt,-1.0,0.005606972539749664
2023-04-03,Contrarian Tilt,-1.0,0.011276437342982224
2023-04-04,Contrarian Tilt,-1.0,0.007620643457398798
2023-04-05,Contrarian Tilt,-1.0,0.016667213876814923
2023-04-06,Contrarian Tilt,-1.0,-0.0003667422747806162
2023-04-10,Contrarian Tilt,-1.0,-0.0023452291304237637
2023-04-11,Contrarian Tilt,-1.0,-0.0005223415208198332
2023-04-12,Contrarian Tilt,-1.0,0.00042681992756398015
2023-04-13,Contrarian Tilt,-1.0,0.00987677102981838
2023-04-14,Contrarian Tilt,-1.0,-0.004426391875231487
2023-04-17,Contrarian Tilt,-1.0,-0.0010420984784407677
2023-04-18,Contrarian Tilt,-1.0,-0.0022910481047351433
2023-04-19,Contrarian Tilt,-1.0,-0.0013116341840028831
2023-04-20,Contrarian Tilt,-1.0,-0.00536610110769845
2023-04-21,Contrarian Tilt,-1.0,0.004805356992856547
2023-04-24,Contrarian Tilt,-1.0,0.0017684237993778865
2023-04-25,Contrarian Tilt,-1.0,0.00036696921505113025
2023-04-26,Contrarian Tilt,-1.0,-0.02103175624670983
2023-04-27,Contrarian Tilt,-1.0,0.009394654398887042
2023-04-28,Contrarian Tilt,-1.0,0.002686952865521147
2023-05-01,Contrarian Tilt,-1.0,0.0029471100395973126
2023-05-02,Contrarian Tilt,-1.0,-0.0033927775919813494
2023-05-03,Contrarian Tilt,-1.0,-0.006287831806115767
2023-05-04,Contrarian Tilt,-1.0,-0.0020064346649754016
2023-05-05,Contrarian Tilt,-1.0,0.00830129948960593
2023-05-08,Contrarian Tilt,-1.0,0.00109651132959652
2023-05-09,Contrarian Tilt,-1.0,-0.005347072391262386
2023-05-10,Contrarian Tilt,-1.0,0.00019500068029010872
2023-05-11,Contrarian Tilt,-1.0,-8.047415098621705e-05
2023-05-12,Contrarian Tilt,-1.0,0.0006134155957116399
2023-05-15,Contrarian Tilt,-1.0,-0.0037273299013101937
2023-05-16,Contrarian Tilt,-1.0,-0.010760104121227757
2023-05-17,Contrarian Tilt,-1.0,-0.00343354818188989
2023-05-18,Contrarian Tilt,-1.0,0.001112592245093982
2023-05-19,Contrarian Tilt,-1.0,0.0017818555788980358
2023-05-22,Contrarian Tilt,-1.0,-0.00926426746661263
2023-05-23,Contrarian Tilt,-1.0,-0.004140691951296118
2023-05-24,Contrarian Tilt,-1.0,-0.00422224750843758
2023-05-25,Contrarian Tilt,-1.0,-0.010981866721394277
2023-05-26,Contrarian Tilt,-1.0,-0.0022524565535105867
2023-05-30,Contrarian Tilt,-1.0,-0.00689373564691316
2023-05-31,Contrarian Tilt,-1.0,0.005977705223594944
2023-06-01,Contrarian Tilt,-1.0,-0.0044760755579901735
2023-06-02,Contrarian Tilt,-1.0,0.011469501989445935
2023-06-05,Contrarian Tilt,-1.0,-0.00013478291821724276
2023-06-06,Contrarian Tilt,-1.0,-0.0028010936435305814
2023-06-07,Contrarian Tilt,-1.0,0.004166221056492112
2023-06-08,Contrarian Tilt,-1.0,0.0019358732147971088
2023-06-09,Contrarian Tilt,-1.0,-0.0018325276660211558
2023-06-12,Contrarian Tilt,-1.0,-0.0030142882621062616
2023-06-13,Contrarian Tilt,-1.0,0.006663789317318256
2023-06-14,Contrarian Tilt,-1.0,0.0018274937535338659
2023-06-15,Contrarian Tilt,-1.0,0.010425229780063727
2023-06-16,Contrarian Tilt,-1.0,0.005038603489121957
2023-06-20,Contrarian Tilt,-1.0,-0.011012641254486486
2023-06-21,Contrarian Tilt,-1.0,-0.005101746404828824
2023-06-22,Contrarian Tilt,-1.0,0.004473301897233625
2023-06-23,Contrarian Tilt,-1.0,-0.009277732678136894
2023-06-26,Contrarian Tilt,-1.0,0.004744721366881997
2023-06-27,Contrarian Tilt,-1.0,0.0039012474177845327
2023-06-28,Contrarian Tilt,-1.0,-0.005213546326074762
2023-06-29,Contrarian Tilt,-1.0,-0.001854231366157028
2023-06-30,Contrarian Tilt,-1.0,0.0013074551889443954
2023-07-03,Contrarian Tilt,-1.0,0.00373802842343589
2023-07-05,Contrarian Tilt,-1.0,0.00231134596332366
2023-07-06,Contrarian Tilt,-1.0,-0.008250599236385277
2023-07-07,Contrarian Tilt,-1.0,-0.013493974326634869
2023-07-10,Contrarian Tilt,-1.0,0.0002712191394210852
2023-07-11,Contrarian Tilt,-1.0,0.00988587137324563
2023-07-12,Contrarian Tilt,-1.0,-0.0026637030967353722
2023-07-13,Contrarian Tilt,-1.0,0.0028138374091366187
2023-07-14,Contrarian Tilt,-1.0,0.0036667414353077224
2023-07-17,Contrarian Tilt,-1.0,-0.00454410631222906
2023-07-18,Contrarian Tilt,-1.0,0.0007262667611095937
2023-07-19,Contrarian Tilt,-1.0,0.00809910160034888
2023-07-20,Contrarian Tilt,-1.0,0.014700930484948561
2023-07-21,Contrarian Tilt,-1.0,0.005438467910751785
2023-07-24,Contrarian Tilt,-1.0,0.0008989756963174323
2023-07-25,Contrarian Tilt,-1.0,-0.002620141245086462
2023-07-26,Contrarian Tilt,-1.0,0.003987319973535192
2023-07-27,Contrarian Tilt,-1.0,-0.008089736566000476
2023-07-28,Contrarian Tilt,-1.0,0.0020165113590955527
2023-07-31,Contrarian Tilt,-1.0,-0.004914251793049223
2023-08-01,Contrarian Tilt,-1.0,-0.005344428786517464
2023-08-02,Contrarian Tilt,-1.0,-0.00714636931531619
2023-08-03,Contrarian Tilt,-1.0,-0.008773103641201867
2023-08-04,Contrarian Tilt,-1.0,-0.0040572049981022285
2023-08-07,Contrarian Tilt,-1.0,0.01297190002279429
2023-08-08,Contrarian Tilt,-1.0,-0.004424317435707745
2023-08-09,Contrarian Tilt,-1.0,0.003610023091505223
2023-08-10,Contrarian Tilt,-1.0,-0.002488651226804993
2023-08-11,Contrarian Tilt,-1.0,0.004660557511712015
2023-08-14,Contrarian Tilt,-1.0,-0.002589616358096531
2023-08-15,Contrarian Tilt,-1.0,-0.005678065609663281
2023-08-16,Contrarian Tilt,-1.0,-0.003381318366305614
2023-08-17,Contrarian Tilt,-1.0,-0.006936963771273472
2023-08-18,Contrarian Tilt,-1.0,0.0035026701929357054
2023-08-21,Contrarian Tilt,-1.0,-0.003742316345474978
2023-08-22,Contrarian Tilt,-1.0,-0.004463969497397098
2023-08-23,Contrarian Tilt,-1.0,0.008227096306971153
2023-08-24,Contrarian Tilt,-1.0,-0.00891652868709524
2023-08-25,Contrarian Tilt,-1.0,0.0012379826926967165
2023-08-28,Contrarian Tilt,-1.0,0.004449236484109971
2023-08-29,Contrarian Tilt,-1.0,0.005909111659252995
2023-08-30,Contrarian Tilt,-1.0,0.0021438450378332133
2023-08-31,Contrarian Tilt,-1.0,-0.004153561604734792
2023-09-01,Contrarian Tilt,-1.0,0.0013569033829678146
2023-09-05,Contrarian Tilt,-1.0,-0.0045397842216097824
2023-09-06,Contrarian Tilt,-1.0,-0.0008984579628612053
2023-09-07,Contrarian Tilt,-1.0,0.009875511913905715
2023-09-08,Contrarian Tilt,-1.0,0.00371171447049104
2023-09-11,Contrarian Tilt,-1.0,0.003722437238454593
2023-09-12,Contrarian Tilt,-1.0,-0.0011992845596192612
2023-09-13,Contrarian Tilt,-1.0,0.002627772396983309
2023-09-14,Contrarian Tilt,-1.0,0.009800503067584404
2023-09-15,Contrarian Tilt,-1.0,-0.009092096499821678
2023-09-18,Contrarian Tilt,-1.0,0.00020261621417875944
2023-09-19,Contrarian Tilt,-1.0,0.0011609339235593688
2023-09-20,Contrarian Tilt,-1.0,0.0019523928641844292
2023-09-21,Contrarian Tilt,-1.0,-0.01199602245807246
2023-09-22,Contrarian Tilt,-1.0,-0.0006395352023583165
2023-09-25,Contrarian Tilt,-1.0,0.004486021895748065
2023-09-26,Contrarian Tilt,-1.0,-0.005130371148223365
2023-09-27,Contrarian Tilt,-1.0,-0.0027822990304264853
2023-09-28,Contrarian Tilt,-1.0,0.005065045802430362
2023-09-29,Contrarian Tilt,-1.0,-0.007652072249256644
2023-10-02,Contrarian Tilt,-1.0,-0.007341124976884232
2023-10-03,Contrarian Tilt,-1.0,-0.007000481223505586
2023-10-04,Contrarian Tilt,-1.0,0.005829435791075765
2023-10-05,Contrarian Tilt,-1.0,-0.002995592459237552
2023-10-06,Contrarian Tilt,-1.0,0.008331313113630192
2023-10-09,Contrarian Tilt,-1.0,0.006163150202343407
2023-10-10,Contrarian Tilt,-1.0,0.005670776101164424
2023-10-11,Contrarian Tilt,-1.0,0.0031728291651621247
2023-10-12,Contrarian Tilt,-1.0,-0.002116679358959888
2023-10-13,Contrarian Tilt,-1.0,0.002429951956283958
2023-10-16,Contrarian Tilt,-1.0,0.003224991046720166
2023-10-17,Contrarian Tilt,-1.0,0.004925958531520336
2023-10-18,Contrarian Tilt,-1.0,-0.01058947618905506
2023-10-19,Contrarian Tilt,-1.0,-0.011833196741307587
2023-10-20,Contrarian Tilt,-1.0,0.004661461793670729
2023-10-23,Contrarian Tilt,-1.0,-0.00520268312124026
2023-10-24,Contrarian Tilt,-1.0,0.010511696317421548
2023-10-25,Contrarian Tilt,-1.0,-0.0015598886719974656
2023-10-26,Contrarian Tilt,-1.0,-0.000821267570419763
2023-10-27,Contrarian Tilt,-1.0,-0.01846050722753821
2023-10-30,Contrarian Tilt,-1.0,-0.0034608185316576286
2023-10-31,Contrarian Tilt,-1.0,0.008267017459072924
2023-11-01,Contrarian Tilt,-1.0,0.0017830411871548786
2023-11-02,Contrarian Tilt,-1.0,0.01671384898977635
2023-11-03,Contrarian Tilt,-1.0,0.005666793578005274
2023-11-06,Contrarian Tilt,-1.0,0.0016724014128490178
2023-11-07,Contrarian Tilt,-1.0,0.0007318865052510364
2023-11-08,Contrarian Tilt,-1.0,0.002584563013102311
2023-11-09,Contrarian Tilt,-1.0,-0.009836574165167804
2023-11-10,Contrarian Tilt,-1.0,0.0011542577423870606
2023-11-13,Contrarian Tilt,-1.0,0.0022837486371823017
2023-11-14,Contrarian Tilt,-1.0,0.009693214859271018
2023-11-15,Contrarian Tilt,-1.0,0.00017408731057983628
2023-11-16,Contrarian Tilt,-1.0,0.0021479438717510757
2023-11-17,Contrarian Tilt,-1.0,0.00016731955039314802
2023-11-20,Contrarian Tilt,-1.0,0.006355944921195521
2023-11-21,Contrarian Tilt,-1.0,0.0031274468475587644
2023-11-22,Contrarian Tilt,-1.0,0.0004559520162322778
2023-11-24,Contrarian Tilt,-1.0,0.0034833795968925965
2023-11-27,Contrarian Tilt,-1.0,-0.000682223618267537
2023-11-28,Contrarian Tilt,-1.0,-0.004438690355010738
2023-11-29,Contrarian Tilt,-1.0,0.0029936130860708744
2023-11-30,Contrarian Tilt,-1.0,0.010160864553676902
2023-12-01,Contrarian Tilt,-1.0,0.005142484277265547
2023-12-04,Contrarian Tilt,-1.0,0.0038422360404328708
2023-12-05,Contrarian Tilt,-1.0,0.0007496317008264333
2023-12-06,Contrarian Tilt,-1.0,-0.00215639816707825
2023-12-07,Contrarian Tilt,-1.0,-0.0002728059513223776
2023-12-08,Contrarian Tilt,-1.0,-0.002343327117514479
2023-12-11,Contrarian Tilt,-1.0,0.008829726627276007
2023-12-12,Contrarian Tilt,-1.0,0.003730873069170431
2023-12-13,Contrarian Tilt,-1.0,0.018033072115582263
2023-12-14,Contrarian Tilt,-1.0,-0.00233109944963798
2023-12-15,Contrarian Tilt,-1.0,-0.006621077697339858
2023-12-18,Contrarian Tilt,-1.0,0.002293286437177712
2023-12-19,Contrarian Tilt,-1.0,0.003255350941419698
2023-12-20,Contrarian Tilt,-1.0,-0.014086521213499062
2023-12-21,Contrarian Tilt,-1.0,0.007359046885066827
2023-12-22,Contrarian Tilt,-1.0,0.006753956245935745
2023-12-26,Contrarian Tilt,-1.0,0.004324102992028938
2023-12-27,Contrarian Tilt,-1.0,0.003154891592036047
2023-12-28,Contrarian Tilt,-1.0,0.0023248847297979505
2023-12-29,Contrarian Tilt,-1.0,-0.0010755168467959809
2021-01-04,Momentum Tilt,1.0,-0.0021376481113036176
2021-01-05,Momentum Tilt,1.0,0.002822355222544802
2021-01-06,Momentum Tilt,1.0,0.003278155229443215
2021-01-07,Momentum Tilt,1.0,0.004590501069862672
2021-01-08,Momentum Tilt,1.0,-0.0012827735325775728
2021-01-11,Momentum Tilt,1.0,0.0038858391970228545
2021-01-12,Momentum Tilt,1.0,0.0040319980682395114
2021-01-13,Momentum Tilt,1.0,0.004938673326462903
2021-01-14,Momentum Tilt,1.0,0.003405961786492098
2021-01-15,Momentum Tilt,1.0,-0.007128784915361886
2021-01-19,Momentum Tilt,1.0,0.011632359293148284
2021-01-20,Momentum Tilt,1.0,0.01154002063057537
2021-01-21,Momentum Tilt,1.0,-0.009217861470645544
2021-01-22,Momentum Tilt,1.0,-0.0013246046640163663
2021-01-25,Momentum Tilt,1.0,0.00193986423813877
2021-01-26,Momentum Tilt,1.0,-0.0030232776011059658
2021-01-27,Momentum Tilt,1.0,-0.024990993408866433
2021-01-28,Momentum Tilt,1.0,0.0024638665366371296
2021-01-29,Momentum Tilt,1.0,-0.014722100122895057
2021-02-01,Momentum Tilt,1.0,0.005871072834457382
2021-02-02,Momentum Tilt,1.0,0.00753860511262254
2021-02-03,Momentum Tilt,1.0,-0.0045260504003928805
2021-02-04,Momentum Tilt,1.0,-0.004101797335632561
2021-02-05,Momentum Tilt,1.0,0.012147187799925432
2021-02-08,Momentum Tilt,1.0,0.004327625600838652
2021-02-09,Momentum Tilt,1.0,-0.0019616581297465614
2021-02-10,Momentum Tilt,1.0,-0.008722137965982483
2021-02-11,Momentum Tilt,1.0,-0.004789020960296812
2021-02-12,Momentum Tilt,1.0,0.005149366394495716
2021-02-16,Momentum Tilt,1.0,-0.009344282479441331
2021-02-17,Momentum Tilt,1.0,0.006106350124491169
2021-02-18,Momentum Tilt,1.0,-0.0035666661384008876
2021-02-19,Momentum Tilt,1.0,-0.007960589509990255
2021-02-22,Momentum Tilt,1.0,0.0044253376446914865
2021-02-23,Momentum Tilt,1.0,-0.0065080987431382865
2021-02-24,Momentum Tilt,1.0,0.001689494034976994
2021-02-25,Momentum Tilt,1.0,-0.011232278231055812
2021-02-26,Momentum Tilt,1.0,-0.015744053968429112
2021-03-01,Momentum Tilt,1.0,0.008648834729248864
2021-03-02,Momentum Tilt,1.0,0.010137976650317659
2021-03-03,Momentum Tilt,1.0,-0.014432908956216215
2021-03-04,Momentum Tilt,1.0,-0.0016213331557825468
2021-03-05,Momentum Tilt,1.0,0.01688891604516884
2021-03-08,Momentum Tilt,1.0,-0.00582739650610895
2021-03-09,Momentum Tilt,1.0,0.008628527121392468
2021-03-10,Momentum Tilt,1.0,0.012463043166005359
2021-03-11,Momentum Tilt,1.0,0.0007020018434144563
2021-03-12,Momentum Tilt,1.0,0.006884108706821278
2021-03-15,Momentum Tilt,1.0,0.017497825733011084
2021-03-16,Momentum Tilt,1.0,0.004580924294063588
2021-03-17,Momentum Tilt,1.0,-0.0026871946138902125
2021-03-18,Momentum Tilt,1.0,-0.008816022078509839
2021-03-19,Momentum Tilt,1.0,-0.0015541683006611018
2021-03-22,Momentum Tilt,1.0,0.003037249637729467
2021-03-23,Momentum Tilt,1.0,-0.0012589689658816603
2021-03-24,Momentum Tilt,1.0,-0.003834025406473174
2021-03-25,Momentum Tilt,1.0,0.000718680117499327
2021-03-26,Momentum Tilt,1.0,0.018230385473598405
2021-03-29,Momentum Tilt,1.0,0.010954374197162057
2021-03-30,Momentum Tilt,1.0,-0.014964569480915992
2021-03-31,Momentum Tilt,1.0,0.0020445495046827996
2021-04-01,Momentum Tilt,1.0,0.006127677055089847
2021-04-05,Momentum Tilt,1.0,0.009237716163879472
2021-04-06,Momentum Tilt,1.0,-0.0005299408593038325
2021-04-07,Momentum Tilt,1.0,-0.0011800040791662175
2021-04-08,Momentum Tilt,1.0,0.0014169203009293109
2021-04-09,Momentum Tilt,1.0,0.004611027614257767
2021-04-12,Momentum Tilt,1.0,0.0020296720791269786
2021-04-13,Momentum Tilt,1.0,0.0018838673488284709
2021-04-14,Momentum Tilt,1.0,-0.0034621700640705398
2021-04-15,Momentum Tilt,1.0,0.0077490799349779
2021-04-16,Momentum Tilt,1.0,0.0027906526159589586
2021-04-19,Momentum Tilt,1.0,-0.001074081923856156
2021-04-20,Momentum Tilt,1.0,0.006028371519470514
2021-04-21,Momentum Tilt,1.0,0.006146861370721281
2021-04-22,Momentum Tilt,1.0,-0.004989199430121772
2021-04-23,Momentum Tilt,1.0,0.004169687017169732
2021-04-26,Momentum Tilt,1.0,-0.005926079893843019
2021-04-27,Momentum Tilt,1.0,-0.0034006881233415633
2021-04-28,Momentum Tilt,1.0,-0.00045486848240794615
2021-04-29,Momentum Tilt,1.0,0.0066216958769854065
2021-04-30,Momentum Tilt,1.0,-0.0004884474813843299
2021-05-03,Momentum Tilt,1.0,0.010183236474487753
2021-05-04,Momentum Tilt,1.0,-0.005047347603681416
2021-05-05,Momentum Tilt,1.0,0.003278395656436071
2021-05-06,Momentum Tilt,1.0,0.006893222609791934
2021-05-07,Momentum Tilt,1.0,-0.00015057338507152153
2021-05-10,Momentum Tilt,1.0,0.00470526692025041
2021-05-11,Momentum Tilt,1.0,-0.008654780272064112
2021-05-12,Momentum Tilt,1.0,-0.014823170010655043
2021-05-13,Momentum Tilt,1.0,0.013216042573396918
2021-05-14,Momentum Tilt,1.0,0.004250783041514525
2021-05-17,Momentum Tilt,1.0,-0.001138534809211491
2021-05-18,Momentum Tilt,1.0,0.0009972724640481502
2021-05-19,Momentum Tilt,1.0,0.0005096329677407613
2021-05-20,Momentum Tilt,1.0,0.009305992528355327
2021-05-21,Momentum Tilt,1.0,-0.003432000547872043
2021-05-24,Momentum Tilt,1.0,-0.0007077990342079603
2021-05-25,Momentum Tilt,1.0,-0.0039011246221963896
2021-05-26,Momentum Tilt,1.0,0.0005586392539258986
2021-05-27,Momentum Tilt,1.0,-0.004483322732218186
2021-05-28,Momentum Tilt,1.0,0.001575013752398042
2021-06-01,Momentum Tilt,1.0,-0.0032148014246157278
2021-06-02,Momentum Tilt,1.0,0.002498390232376372
2021-06-03,Momentum Tilt,1.0,0.000665927514192626
2021-06-04,Momentum Tilt,1.0,0.007854640946406526
2021-06-07,Momentum Tilt,1.0,-0.005736852318432919
2021-06-08,Momentum Tilt,1.0,-0.003622215083018624
2021-06-09,Momentum Tilt,1.0,0.0027716337111906566
2021-06-10,Momentum Tilt,1.0,0.005889107071447747
2021-06-11,Momentum Tilt,1.0,0.0011493332192956775
2021-06-14,Momentum Tilt,1.0,-0.0023236148861153303
2021-06-15,Momentum Tilt,1.0,-0.003412533538709881
2021-06-16,Momentum Tilt,1.0,-0.01185256005812004
2021-06-17,Momentum Tilt,1.0,-0.0050737274791721005
2021-06-18,Momentum Tilt,1.0,-0.010208635390165725
2021-06-21,Momentum Tilt,1.0,0.012414983277316756
2021-06-22,Momentum Tilt,1.0,-0.0018572669647733894
2021-06-23,Momentum Tilt,1.0,-0.00874631090232962
2021-06-24,Momentum Tilt,1.0,0.004601476528955106
2021-06-25,Momentum Tilt,1.0,0.010654043393610608
2021-06-28,Momentum Tilt,1.0,0.004037552662343651
2021-06-29,Momentum Tilt,1.0,-0.002167742614928731
2021-06-30,Momentum Tilt,1.0,0.005681627276702722
2021-07-01,Momentum Tilt,1.0,0.007319001505465306
2021-07-02,Momentum Tilt,1.0,0.0048774963179685936
2021-07-06,Momentum Tilt,1.0,-0.002187594650589659
2021-07-07,Momentum Tilt,1.0,0.0017384236020366096
2021-07-08,Momentum Tilt,1.0,-0.004373429487471728
2021-07-09,Momentum Tilt,1.0,0.007313719913537249
2021-07-12,Momentum Tilt,1.0,0.00409955540081175
2021-07-13,Momentum Tilt,1.0,-0.003905626000629387
2021-07-14,Momentum Tilt,1.0,0.003311894081192278
2021-07-15,Momentum Tilt,1.0,0.002185399868167731
2021-07-16,Momentum Tilt,1.0,-0.0024930952973845465
2021-07-19,Momentum Tilt,1.0,-0.01585042339674705
2021-07-20,Momentum Tilt,1.0,0.006342188366558192
2021-07-21,Momentum Tilt,1.0,-0.0005275057828171403
2021-07-22,Momentum Tilt,1.0,0.0007165167615187628
2021-07-23,Momentum Tilt,1.0,0.009514536362032616
2021-07-26,Momentum Tilt,1.0,0.0010804058510213979
2021-07-27,Momentum Tilt,1.0,0.0016277303442133596
2021-07-28,Momentum Tilt,1.0,-8.865980378930979e-05
2021-07-29,Momentum Tilt,1.0,0.001803067548354263
2021-07-30,Momentum Tilt,1.0,-0.005076059407368503
2021-08-02,Momentum Tilt,1.0,-0.0012972951322066616
2021-08-03,Momentum Tilt,1.0,0.0021584404187242326
2021-08-04,Momentum Tilt,1.0,-0.007277912087502429
2021-08-05,Momentum Tilt,1.0,0.004609731626069161
2021-08-06,Momentum Tilt,1.0,-0.002694189908863442
2021-08-09,Momentum Tilt,1.0,0.0007999585370362741
2021-08-10,Momentum Tilt,1.0,0.003626321595948623
2021-08-11,Momentum Tilt,1.0,0.003541127849908137
2021-08-12,Momentum Tilt,1.0,0.0025897786864452605
2021-08-13,Momentum Tilt,1.0,0.004114975906307185
2021-08-16,Momentum Tilt,1.0,0.007597956533793874
2021-08-17,Momentum Tilt,1.0,0.0023992421265800136
2021-08-18,Momentum Tilt,1.0,-0.010668982005988108
2021-08-19,Momentum Tilt,1.0,0.0016573743136852103
2021-08-20,Momentum Tilt,1.0,0.004693721149653969
2021-08-23,Momentum Tilt,1.0,-0.0017465844035424517
2021-08-24,Momentum Tilt,1.0,-0.005662230206130459
2021-08-25,Momentum Tilt,1.0,-0.0034224405837801493
2021-08-26,Momentum Tilt,1.0,-0.005512132183754606
2021-08-27,Momentum Tilt,1.0,0.0010548357775480176
2021-08-30,Momentum Tilt,1.0,0.0045286503365759775
2021-08-31,Momentum Tilt,1.0,0.001960210849243587
2021-09-01,Momentum Tilt,1.0,0.009699907897671427
2021-09-02,Momentum Tilt,1.0,0.004412054011484402
2021-09-03,Momentum Tilt,1.0,-0.0020995918030554997
2021-09-07,Momentum Tilt,1.0,-0.013685125785762727
2021-09-08,Momentum Tilt,1.0,0.009662409303729106
2021-09-09,Momentum Tilt,1.0,-0.013501767078294303
2021-09-10,Momentum Tilt,1.0,-0.006724326142055042
2021-09-13,Momentum Tilt,1.0,-0.0025473201796174646
2021-09-14,Momentum Tilt,1.0,-0.005850002559948655
2021-09-15,Momentum Tilt,1.0,0.0028382255239301707
2021-09-16,Momentum Tilt,1.0,-0.006528509786560034
2021-09-17,Momentum Tilt,1.0,-0.014464898232701721
2021-09-20,Momentum Tilt,1.0,-0.005290679984826087
2021-09-21,Momentum Tilt,1.0,-0.004424919120387675
2021-09-22,Momentum Tilt,1.0,-0.0032577792611048237
2021-09-23,Momentum Tilt,1.0,-0.004044548297439795
2021-09-24,Momentum Tilt,1.0,-0.004784044126912347
2021-09-27,Momentum Tilt,1.0,-0.011418702388216562
2021-09-28,Momentum Tilt,1.0,0.0011580079688814364
2021-09-29,Momentum Tilt,1.0,0.008426430699723639
2021-09-30,Momentum Tilt,1.0,-0.013851604609835188
2021-10-01,Momentum Tilt,1.0,0.008809408456497893
2021-10-04,Momentum Tilt,1.0,0.0007727806369635837
2021-10-05,Momentum Tilt,1.0,0.002723872741507578
2021-10-06,Momentum Tilt,1.0,0.004893663532098081
2021-10-07,Momentum Tilt,1.0,0.010360141799411594
2021-10-08,Momentum Tilt,1.0,-0.00545296147618032
2021-10-11,Momentum Tilt,1.0,-0.010982936759922447
2021-10-12,Momentum Tilt,1.0,-0.0035124220353261624
2021-10-13,Momentum Tilt,1.0,-0.0009140085953445085
2021-10-14,Momentum Tilt,1.0,0.010003349576656186
2021-10-15,Momentum Tilt,1.0,0.0018004417352626462
2021-10-18,Momentum Tilt,1.0,-0.0012641883469361162
2021-10-19,Momentum Tilt,1.0,0.01356042170168794
2021-10-20,Momentum Tilt,1.0,0.009810410293343067
2021-10-21,Momentum Tilt,1.0,0.004113057573929228
2021-10-22,Momentum Tilt,1.0,0.002236834779934025
2021-10-25,Momentum Tilt,1.0,0.005780563335795467
2021-10-26,Momentum Tilt,1.0,-0.0025693753394046147
2021-10-27,Momentum Tilt,1.0,-0.010578641874212957
2021-10-28,Momentum Tilt,1.0,0.01709918986307155
2021-10-29,Momentum Tilt,1.0,-0.000992367526478068
2021-11-01,Momentum Tilt,1.0,0.007048422678499936
2021-11-02,Momentum Tilt,1.0,0.007048689708553578
2021-11-03,Momentum Tilt,1.0,-0.0004932270214638157
2021-11-04,Momentum Tilt,1.0,0.002423248878281213
2021-11-05,Momentum Tilt,1.0,-0.018614376358797514
2021-11-08,Momentum Tilt,1.0,0.0036690109936965472
2021-11-09,Momentum Tilt,1.0,0.000518937930691708
2021-11-10,Momentum Tilt,1.0,-0.0011839794548671049
2021-11-11,Momentum Tilt,1.0,0.005531748549240191
2021-11-12,Momentum Tilt,1.0,0.0031198160913611366
2021-11-15,Momentum Tilt,1.0,-0.004577334415415387
2021-11-16,Momentum Tilt,1.0,-0.0025585077728281468
2021-11-17,Momentum Tilt,1.0,-0.004324122120608294
2021-11-18,Momentum Tilt,1.0,-0.0008472827999335825
2021-11-19,Momentum Tilt,1.0,-0.010447729965716405
2021-11-22,Momentum Tilt,1.0,0.0019763188932005677
2021-11-23,Momentum Tilt,1.0,0.009959208349410833
2021-11-24,Momentum Tilt,1.0,-0.0015519565164442467
2021-11-26,Momentum Tilt,1.0,-0.017846474205402887
2021-11-29,Momentum Tilt,1.0,-0.0022988339611752532
2021-11-30,Momentum Tilt,1.0,-0.018841225652981058
2021-12-01,Momentum Tilt,1.0,-0.008069568493903048
2021-12-02,Momentum Tilt,1.0,0.015735119781546833
2021-12-03,Momentum Tilt,1.0,0.007013370382127603
2021-12-06,Momentum Tilt,1.0,0.010711353880775563
2021-12-07,Momentum Tilt,1.0,0.003694704135920385
2021-12-08,Momentum Tilt,1.0,0.0019980632765999274
2021-12-09,Momentum Tilt,1.0,-0.0045364951738389265
2021-12-10,Momentum Tilt,1.0,0.006572464260471632
2021-12-13,Momentum Tilt,1.0,0.004293765253073848
2021-12-14,Momentum Tilt,1.0,-0.003259012524390058
2021-12-15,Momentum Tilt,1.0,0.01611677755543345
2021-12-16,Momentum Tilt,1.0,0.00952852870797336
2021-12-17,Momentum Tilt,1.0,-0.008290418874840298
2021-12-20,Momentum Tilt,1.0,-0.0015965766994811988
2021-12-21,Momentum Tilt,1.0,0.003708431219511621
2021-12-22,Momentum Tilt,1.0,0.009083823692384328
2021-12-23,Momentum Tilt,1.0,0.0020649091378232122
2021-12-27,Momentum Tilt,1.0,0.012153706330678481
2021-12-28,Momentum Tilt,1.0,0.0018448882962131855
2021-12-29,Momentum Tilt,1.0,0.0017032956388663182
2021-12-30,Momentum Tilt,1.0,-9.686797403124679e-05
2021-12-31,Momentum Tilt,1.0,-0.0029464438237614644
2022-01-03,Momentum Tilt,1.0,0.0028703629109706175
2022-01-04,Momentum Tilt,1.0,-0.0016011025897840836
2022-01-05,Momentum Tilt,1.0,-0.000990707422876018
2022-01-06,Momentum Tilt,1.0,-0.003539276100979749
2022-01-07,Momentum Tilt,1.0,0.007531954701751721
2022-01-10,Momentum Tilt,1.0,-0.0010195492227509436
2022-01-11,Momentum Tilt,1.0,0.0030609364600315114
2022-01-12,Momentum Tilt,1.0,-0.0009565824271160493
2022-01-13,Momentum Tilt,1.0,-0.005705193987629006
2022-01-14,Momentum Tilt,1.0,-0.0020664458192176474
2022-01-18,Momentum Tilt,1.0,-0.007106509703391665
2022-01-19,Momentum Tilt,1.0,-0.0020706377385669053
2022-01-20,Momentum Tilt,1.0,-0.010257420731826103
2022-01-21,Momentum Tilt,1.0,-0.0030567787341558516
2022-01-24,Momentum Tilt,1.0,-0.007632543425404331
2022-01-25,Momentum Tilt,1.0,-0.0013367345333651181
2022-01-26,Momentum Tilt,1.0,-0.02727034613294657
2022-01-27,Momentum Tilt,1.0,0.0006888961885138347
2022-01-28,Momentum Tilt,1.0,0.02213158651486105
2022-01-31,Momentum Tilt,1.0,0.010805211637666252
2022-02-01,Momentum Tilt,1.0,-0.00452538273778757
2022-02-02,Momentum Tilt,1.0,0.01459114819931827
2022-02-03,Momentum Tilt,1.0,-0.004012961997285993
2022-02-04,Momentum Tilt,1.0,-0.004764239264580373
2022-02-07,Momentum Tilt,1.0,-0.0015364381313835922
2022-02-08,Momentum Tilt,1.0,-0.0005696207438876959
2022-02-09,Momentum Tilt,1.0,0.006950305749917603
2022-02-10,Momentum Tilt,1.0,-0.018971506956922086
2022-02-11,Momentum Tilt,1.0,-0.0021626300384421713
2022-02-14,Momentum Tilt,1.0,-0.007553992806929637
2022-02-15,Momentum Tilt,1.0,-0.0003898165394677294
2022-02-16,Momentum Tilt,1.0,-0.0013535878595269846
2022-02-17,Momentum Tilt,1.0,-0.0051740249678123235
2022-02-18,Momentum Tilt,1.0,-0.00551940749317842
2022-02-22,Momentum Tilt,1.0,-0.002975271005381014
2022-02-23,Momentum Tilt,1.0,7.824504627663336e-05
2022-02-24,Momentum Tilt,1.0,-0.0013287015027859093
2022-02-25,Momentum Tilt,1.0,0.027188981656457185
2022-02-28,Momentum Tilt,1.0,-0.006409672111248464
2022-03-01,Momentum Tilt,1.0,-0.006261748002680245
2022-03-02,Momentum Tilt,1.0,0.01049801858531654
2022-03-03,Momentum Tilt,1.0,0.007331756844817185
2022-03-04,Momentum Tilt,1.0,0.006079519608967817
2022-03-07,Momentum Tilt,1.0,-0.0020081475944420304
2022-03-08,Momentum Tilt,1.0,-0.017547039357029802
2022-03-09,Momentum Tilt,1.0,0.005645548140612726
2022-03-10,Momentum Tilt,1.0,0.0014895100484032722
2022-03-11,Momentum Tilt,1.0,-0.004708273528705482
2022-03-14,Momentum Tilt,1.0,-0.0077963829726133225
2022-03-15,Momentum Tilt,1.0,0.007095900748706003
2022-03-16,Momentum Tilt,1.0,0.006274932903489634
2022-03-17,Momentum Tilt,1.0,0.00945257937140101
2022-03-18,Momentum Tilt,1.0,0.0028327453957629496
2022-03-21,Momentum Tilt,1.0,0.003419702496350054
2022-03-22,Momentum Tilt,1.0,0.0059433528488563635
2022-03-23,Momentum Tilt,1.0,-0.009281312412905252
2022-03-24,Momentum Tilt,1.0,0.006502730687359508
2022-03-25,Momentum Tilt,1.0,0.012388624110586381
2022-03-28,Momentum Tilt,1.0,0.004029822861532872
2022-03-29,Momentum Tilt,1.0,0.011848478874453016
2022-03-30,Momentum Tilt,1.0,0.0003819053019363146
2022-03-31,Momentum Tilt,1.0,-0.006798867564262175
2022-04-01,Momentum Tilt,1.0,0.008367819994773932
2022-04-04,Momentum Tilt,1.0,0.005391896881692219
2022-04-05,Momentum Tilt,1.0,-0.009195158439796344
2022-04-06,Momentum Tilt,1.0,0.011336309546209768
2022-04-07,Momentum Tilt,1.0,0.005456024983061211
2022-04-08,Momentum Tilt,1.0,0.010865959150023832
2022-04-11,Momentum Tilt,1.0,-0.011991120782497696
2022-04-12,Momentum Tilt,1.0,-0.0013884396060049107
2022-04-13,Momentum Tilt,1.0,0.006951996018419125
2022-04-14,Momentum Tilt,1.0,0.003687424363321164
2022-04-18,Momentum Tilt,1.0,-0.004191661241555732
2022-04-19,Momentum Tilt,1.0,0.008783833608917168
2022-04-20,Momentum Tilt,1.0,0.004460790442948816
2022-04-21,Momentum Tilt,1.0,-0.008279874576175053
2022-04-22,Momentum Tilt,1.0,-0.022921823991323555
2022-04-25,Momentum Tilt,1.0,0.0010106091768577307
2022-04-26,Momentum Tilt,1.0,-0.015802656337051742
2022-04-27,Momentum Tilt,1.0,-0.001632551530096509
2022-04-28,Momentum Tilt,1.0,0.009508997445531724
2022-04-29,Momentum Tilt,1.0,-0.028246377718846055
2022-05-02,Momentum Tilt,1.0,0.003356974665565784
2022-05-03,Momentum Tilt,1.0,0.0024807471524667885
2022-05-04,Momentum Tilt,1.0,0.02551864426745872
2022-05-05,Momentum Tilt,1.0,-0.015014289971946034
2022-05-06,Momentum Tilt,1.0,-0.006220121520042043
2022-05-09,Momentum Tilt,1.0,-0.006259072221034891
2022-05-10,Momentum Tilt,1.0,-0.005940350970607541
2022-05-11,Momentum Tilt,1.0,-0.0007379926834950523
2022-05-12,Momentum Tilt,1.0,0.011825577773477267
2022-05-13,Momentum Tilt,1.0,0.0058511437474503105
2022-05-16,Momentum Tilt,1.0,0.003292443384228945
2022-05-17,Momentum Tilt,1.0,-0.0017222929017468424
2022-05-18,Momentum Tilt,1.0,-0.019786401383174928
2022-05-19,Momentum Tilt,1.0,-0.003251493574193562
2022-05-20,Momentum Tilt,1.0,0.002529019687436831
2022-05-23,Momentum Tilt,1.0,0.011663975619098758
2022-05-24,Momentum Tilt,1.0,0.008710392311443023
2022-05-25,Momentum Tilt,1.0,0.007627490011603633
2022-05-26,Momentum Tilt,1.0,0.0031843257916781683
2022-05-27,Momentum Tilt,1.0,0.010085760685719296
2022-05-31,Momentum Tilt,1.0,-0.0046786206572868895
2022-06-01,Momentum Tilt,1.0,-0.00611969270698365
2022-06-02,Momentum Tilt,1.0,-0.0048519188254318515
2022-06-03,Momentum Tilt,1.0,-0.002014023436644201
2022-06-06,Momentum Tilt,1.0,-0.009593545972810376
2022-06-07,Momentum Tilt,1.0,0.009253155442151781
2022-06-08,Momentum Tilt,1.0,-0.005348864455665088
2022-06-09,Momentum Tilt,1.0,-0.020292975450993612
2022-06-10,Momentum Tilt,1.0,-0.009922838049594127
2022-06-13,Momentum Tilt,1.0,-0.028777718604175863
2022-06-14,Momentum Tilt,1.0,-0.01113326709654644
2022-06-15,Momentum Tilt,1.0,0.0035621242849453102
2022-06-16,Momentum Tilt,1.0,-0.00884349924478759
2022-06-17,Momentum Tilt,1.0,-0.0007506448979869365
2022-06-21,Momentum Tilt,1.0,0.03018226751028989
2022-06-22,Momentum Tilt,1.0,0.010303554306401598
2022-06-23,Momentum Tilt,1.0,0.015441088131122455
2022-06-24,Momentum Tilt,1.0,0.012018524393409577
2022-06-27,Momentum Tilt,1.0,0.0007226334265845267
2022-06-28,Momentum Tilt,1.0,-0.007264153258047873
2022-06-29,Momentum Tilt,1.0,0.0035074017613715876
2022-06-30,Momentum Tilt,1.0,-0.006943622350203387
2022-07-01,Momentum Tilt,1.0,0.013590017971100082
2022-07-05,Momentum Tilt,1.0,0.000606210570024242
2022-07-06,Momentum Tilt,1.0,0.0003547365853906366
2022-07-07,Momentum Tilt,1.0,0.0035032969196097247
2022-07-08,Momentum Tilt,1.0,-0.0019247942636830074
2022-07-11,Momentum Tilt,1.0,-0.0039611956888730565
2022-07-12,Momentum Tilt,1.0,-0.006613958860193907
2022-07-13,Momentum Tilt,1.0,-0.001685024713815034
2022-07-14,Momentum Tilt,1.0,-0.00037032090494823824
2022-07-15,Momentum Tilt,1.0,0.010915765877400311
2022-07-18,Momentum Tilt,1.0,-0.007948614233203975
2022-07-19,Momentum Tilt,1.0,0.015932128436322104
2022-07-20,Momentum Tilt,1.0,-0.00035625375068615013
2022-07-21,Momentum Tilt,1.0,0.007319952238290378
2022-07-22,Momentum Tilt,1.0,-0.0011418660833400086
2022-07-25,Momentum Tilt,1.0,-0.0012443831128209429
2022-07-26,Momentum Tilt,1.0,-0.014596284837559533
2022-07-27,Momentum Tilt,1.0,0.010318997714541346
2022-07-28,Momentum Tilt,1.0,0.011331969069698735
2022-07-29,Momentum Tilt,1.0,0.004240455400356169
2022-08-01,Momentum Tilt,1.0,-0.008610969753003888
2022-08-02,Momentum Tilt,1.0,-0.005454147167319253
2022-08-03,Momentum Tilt,1.0,0.005660319070529856
2022-08-04,Momentum Tilt,1.0,-0.012705042649128508
2022-08-05,Momentum Tilt,1.0,-0.00010358684821747794
2022-08-08,Momentum Tilt,1.0,0.0038692084626043514
2022-08-09,Momentum Tilt,1.0,0.00228626598638965
2022-08-10,Momentum Tilt,1.0,0.00914715254236091
2022-08-11,Momentum Tilt,1.0,-0.0013028641435082556
2022-08-12,Momentum Tilt,1.0,0.013797002412240114
2022-08-15,Momentum Tilt,1.0,0.007671361868811021
2022-08-16,Momentum Tilt,1.0,0.017873982583952716
2022-08-17,Momentum Tilt,1.0,-0.004390566354208647
2022-08-18,Momentum Tilt,1.0,-0.0015735014187552628
2022-08-19,Momentum Tilt,1.0,-0.004884978184821083
2022-08-22,Momentum Tilt,1.0,-0.013682764271020803
2022-08-23,Momentum Tilt,1.0,-0.003140992717220937
2022-08-24,Momentum Tilt,1.0,0.0008283695599172222
2022-08-25,Momentum Tilt,1.0,0.006419604815896674
2022-08-26,Momentum Tilt,1.0,-0.017022551980004942
2022-08-29,Momentum Tilt,1.0,-0.005368939105814197
2022-08-30,Momentum Tilt,1.0,-0.007549603994861874
2022-08-31,Momentum Tilt,1.0,-0.004406035115111499
2022-09-01,Momentum Tilt,1.0,0.0050308370107991236
2022-09-02,Momentum Tilt,1.0,-0.006273638359988535
2022-09-06,Momentum Tilt,1.0,-0.00228095606729514
2022-09-07,Momentum Tilt,1.0,0.010417021891541617
2022-09-08,Momentum Tilt,1.0,0.0018861358150490206
2022-09-09,Momentum Tilt,1.0,0.014329717375362516
2022-09-12,Momentum Tilt,1.0,0.002923453617430863
2022-09-13,Momentum Tilt,1.0,-0.0283325630992221
2022-09-14,Momentum Tilt,1.0,0.007873786425908936
2022-09-15,Momentum Tilt,1.0,-0.014505085014052116
2022-09-16,Momentum Tilt,1.0,-0.009639439038638762
2022-09-19,Momentum Tilt,1.0,0.004324256826127249
2022-09-20,Momentum Tilt,1.0,-0.011996451145827694
2022-09-21,Momentum Tilt,1.0,-0.014657265499335107
2022-09-22,Momentum Tilt,1.0,0.000199244254276613
2022-09-23,Momentum Tilt,1.0,-0.023019158668308934
2022-09-26,Momentum Tilt,1.0,-0.016000381118236772
2022-09-27,Momentum Tilt,1.0,-0.006304265985886634
2022-09-28,Momentum Tilt,1.0,0.02350997794197325
2022-09-29,Momentum Tilt,1.0,-0.01999241480067834
2022-09-30,Momentum Tilt,1.0,-0.015249867550905448
2022-10-03,Momentum Tilt,1.0,0.024904460650202857
2022-10-04,Momentum Tilt,1.0,0.02024034549543153
2022-10-05,Momentum Tilt,1.0,-0.0055570741010902034
2022-10-06,Momentum Tilt,1.0,-0.00891502894835783
2022-10-07,Momentum Tilt,1.0,-0.01591657147581916
2022-10-10,Momentum Tilt,1.0,-0.0010805354188548329
2022-10-11,Momentum Tilt,1.0,0.011732087948361367
2022-10-12,Momentum Tilt,1.0,-0.0031095869631709238
2022-10-13,Momentum Tilt,1.0,0.018639367772789343
2022-10-14,Momentum Tilt,1.0,-0.013947689531766892
2022-10-17,Momentum Tilt,1.0,0.011884164986246153
2022-10-18,Momentum Tilt,1.0,0.013059142909486626
2022-10-19,Momentum Tilt,1.0,-0.007007069323863489
2022-10-20,Momentum Tilt,1.0,-0.003384687179076361
2022-10-21,Momentum Tilt,1.0,0.019360231649804934
2022-10-24,Momentum Tilt,1.0,0.01687035773232787
2022-10-25,Momentum Tilt,1.0,0.011043620228432341
2022-10-26,Momentum Tilt,1.0,0.011845999814701129
2022-10-27,Momentum Tilt,1.0,0.0009986971692963276
2022-10-28,Momentum Tilt,1.0,0.02452752293327815
2022-10-31,Momentum Tilt,1.0,-0.00741370034181175
2022-11-01,Momentum Tilt,1.0,-0.0011863231736695926
2022-11-02,Momentum Tilt,1.0,-0.010715706908004241
2022-11-03,Momentum Tilt,1.0,-0.008007946634945178
2022-11-04,Momentum Tilt,1.0,0.013547494205624741
2022-11-07,Momentum Tilt,1.0,0.015177240009303756
2022-11-08,Momentum Tilt,1.0,0.01032021382521193
2022-11-09,Momentum Tilt,1.0,-0.009913051505310596
2022-11-10,Momentum Tilt,1.0,0.022040054504374074
2022-11-11,Momentum Tilt,1.0,-0.006559520278187533
2022-11-14,Momentum Tilt,1.0,-0.006812619108652709
2022-11-15,Momentum Tilt,1.0,0.007066207196177898
2022-11-16,Momentum Tilt,1.0,0.0015299259327455628
2022-11-17,Momentum Tilt,1.0,0.003933230248940996
2022-11-18,Momentum Tilt,1.0,0.006326280704929039
2022-11-21,Momentum Tilt,1.0,0.002042307087800327
2022-11-22,Momentum Tilt,1.0,0.005803416620494139
2022-11-23,Momentum Tilt,1.0,-0.0014509395875169776
2022-11-25,Momentum Tilt,1.0,0.00040094456362514577
2022-11-28,Momentum Tilt,1.0,-0.01100864545862916
2022-11-29,Momentum Tilt,1.0,0.0015413297481747367
2022-11-30,Momentum Tilt,1.0,0.017689095331149544
2022-12-01,Momentum Tilt,1.0,0.0014917783413226434
2022-12-02,Momentum Tilt,1.0,0.0031203172498750348
2022-12-05,Momentum Tilt,1.0,-0.006510718827746523
2022-12-06,Momentum Tilt,1.0,-0.009680821666873722
2022-12-07,Momentum Tilt,1.0,0.003323629736168587
2022-12-08,Momentum Tilt,1.0,0.003936920484576343
2022-12-09,Momentum Tilt,1.0,-0.017457496299619353
2022-12-12,Momentum Tilt,1.0,0.006555700356840965
2022-12-13,Momentum Tilt,1.0,0.0015290398942239577
2022-12-14,Momentum Tilt,1.0,0.0003856809337463632
2022-12-15,Momentum Tilt,1.0,-0.015583897960076507
2022-12-16,Momentum Tilt,1.0,-0.006119566253347119
2022-12-19,Momentum Tilt,1.0,-0.0012060806432046933
2022-12-20,Momentum Tilt,1.0,0.0005139191128606154
2022-12-21,Momentum Tilt,1.0,0.010679197663487277
2022-12-22,Momentum Tilt,1.0,-0.003791054541381317
2022-12-23,Momentum Tilt,1.0,0.002458560120784633
2022-12-27,Momentum Tilt,1.0,0.0007072971589330498
2022-12-28,Momentum Tilt,1.0,-0.01008644539995796
2022-12-29,Momentum Tilt,1.0,0.005614229239803742
2022-12-30,Momentum Tilt,1.0,-0.0005887932868525073
2023-01-03,Momentum Tilt,1.0,-0.0007532068918563789
2023-01-04,Momentum Tilt,1.0,0.007604729567561953
2023-01-05,Momentum Tilt,1.0,0.004071721559298138
2023-01-06,Momentum Tilt,1.0,0.01363915634265667
2023-01-09,Momentum Tilt,1.0,-0.01879210693468408
2023-01-10,Momentum Tilt,1.0,0.0031507582759940297
2023-01-11,Momentum Tilt,1.0,0.003328032696029797
2023-01-12,Momentum Tilt,1.0,-0.0005861646696744924
2023-01-13,Momentum Tilt,1.0,0.0021011496840951066
2023-01-17,Momentum Tilt,1.0,-0.00793584986172138
2023-01-18,Momentum Tilt,1.0,-0.016864591922876475
2023-01-19,Momentum Tilt,1.0,0.00033897285892805416
2023-01-20,Momentum Tilt,1.0,0.00758686264102944
2023-01-23,Momentum Tilt,1.0,0.002651998115088616
2023-01-24,Momentum Tilt,1.0,-0.003023652256961277
2023-01-25,Momentum Tilt,1.0,-0.0022242249264127897
2023-01-26,Momentum Tilt,1.0,0.0005133057373041118
2023-01-27,Momentum Tilt,1.0,-0.00752800867287117
2023-01-30,Momentum Tilt,1.0,-0.003042769608934674
2023-01-31,Momentum Tilt,1.0,0.008267859092381966
2023-02-01,Momentum Tilt,1.0,-0.008058275540098426
2023-02-02,Momentum Tilt,1.0,-0.019858116132116438
2023-02-03,Momentum Tilt,1.0,-0.00571611065496798
2023-02-06,Momentum Tilt,1.0,0.0020108733319776978
2023-02-07,Momentum Tilt,1.0,0.015735745426544764
2023-02-08,Momentum Tilt,1.0,-0.004420229732458099
2023-02-09,Momentum Tilt,1.0,0.0016729865528074452
2023-02-10,Momentum Tilt,1.0,0.01717429573223274
2023-02-13,Momentum Tilt,1.0,0.0065044409920713454
2023-02-14,Momentum Tilt,1.0,-0.0038388090780983567
2023-02-15,Momentum Tilt,1.0,-0.005741655215760866
2023-02-16,Momentum Tilt,1.0,-0.012009261879910334
2023-02-17,Momentum Tilt,1.0,0.009855832544949298
2023-02-21,Momentum Tilt,1.0,-0.003904089913363816
2023-02-22,Momentum Tilt,1.0,-0.003960876124577705
2023-02-23,Momentum Tilt,1.0,0.007063854340354442
2023-02-24,Momentum Tilt,1.0,-0.0022528226865994156
2023-02-27,Momentum Tilt,1.0,-0.001006097506364403
2023-02-28,Momentum Tilt,1.0,-0.015433906734613955
2023-03-01,Momentum Tilt,1.0,-0.002848662187200426
2023-03-02,Momentum Tilt,1.0,0.008749449566642002
2023-03-03,Momentum Tilt,1.0,0.0029925847810391673
2023-03-06,Momentum Tilt,1.0,0.01741864794089168
2023-03-07,Momentum Tilt,1.0,-0.004479409457026753
2023-03-08,Momentum Tilt,1.0,-0.012158336656732341
2023-03-09,Momentum Tilt,1.0,-0.010443248038958167
2023-03-10,Momentum Tilt,1.0,-0.0047360820888228666
2023-03-13,Momentum Tilt,1.0,-0.0038715963368263807
2023-03-14,Momentum Tilt,1.0,0.013340899098631925
2023-03-15,Momentum Tilt,1.0,0.00160822719691166
2023-03-16,Momentum Tilt,1.0,0.0029047696489351506
2023-03-17,Momentum Tilt,1.0,-0.013656214812616592
2023-03-20,Momentum Tilt,1.0,0.011263064130593286
2023-03-21,Momentum Tilt,1.0,0.002028728074198537
2023-03-22,Momentum Tilt,1.0,-0.012998858293327795
2023-03-23,Momentum Tilt,1.0,0.0054990655570232565
2023-03-24,Momentum Tilt,1.0,0.012673408959600759
2023-03-27,Momentum Tilt,1.0,0.010862350039438275
2023-03-28,Momentum Tilt,1.0,-0.006282523203169676
2023-03-29,Momentum Tilt,1.0,0.002954203931574453
2023-03-30,Momentum Tilt,1.0,0.006021031379186626
2023-03-31,Momentum Tilt,1.0,0.00785585322509001
2023-04-03,Momentum Tilt,1.0,0.009830085307426434
2023-04-04,Momentum Tilt,1.0,0.0016092080604705253
2023-04-05,Momentum Tilt,1.0,0.012660837404805768
2023-04-06,Momentum Tilt,1.0,0.00152541071033796
2023-04-10,Momentum Tilt,1.0,-2.2458970935847165e-05
2023-04-11,Momentum Tilt,1.0,-0.0007878671842615501
2023-04-12,Momentum Tilt,1.0,0.002028754541131939
2023-04-13,Momentum Tilt,1.0,0.008536801693874593
2023-04-14,Momentum Tilt,1.0,-0.0042899098108274475
2023-04-17,Momentum Tilt,1.0,0.0020519729890906804
2023-04-18,Momentum Tilt,1.0,-0.0008019449067951741
2023-04-19,Momentum Tilt,1.0,0.0002518681939649198
2023-04-20,Momentum Tilt,1.0,-0.0048773480763012736
2023-04-21,Momentum Tilt,1.0,0.0067050678099663885
2023-04-24,Momentum Tilt,1.0,0.0025901589313297863
2023-04-25,Momentum Tilt,1.0,-0.0013942393595551919
2023-04-26,Momentum Tilt,1.0,-0.01671953632480894
2023-04-27,Momentum Tilt,1.0,-0.00433563722674933
2023-04-28,Momentum Tilt,1.0,0.004964449604046692
2023-05-01,Momentum Tilt,1.0,-0.0017667263586674906
2023-05-02,Momentum Tilt,1.0,-0.012369506463175688
2023-05-03,Momentum Tilt,1.0,-0.012015944807718452
2023-05-04,Momentum Tilt,1.0,0.004865245237010344
2023-05-05,Momentum Tilt,1.0,0.014381099453467201
2023-05-08,Momentum Tilt,1.0,-0.0020042442324398634
2023-05-09,Momentum Tilt,1.0,-0.004163810390755787
2023-05-10,Momentum Tilt,1.0,-0.0009501656241482303
2023-05-11,Momentum Tilt,1.0,-0.004151149286180813
2023-05-12,Momentum Tilt,1.0,0.0023781613796149594
2023-05-15,Momentum Tilt,1.0,-0.0019407956500978605
2023-05-16,Momentum Tilt,1.0,-0.02070020295390117
2023-05-17,Momentum Tilt,1.0,0.0015023771076131298
2023-05-18,Momentum Tilt,1.0,-5.000319226803034e-05
2023-05-19,Momentum Tilt,1.0,-0.001746293653723909
2023-05-22,Momentum Tilt,1.0,-0.0008590815678913936
2023-05-23,Momentum Tilt,1.0,-0.002631704615141223
2023-05-24,Momentum Tilt,1.0,-0.010170543025311205
2023-05-25,Momentum Tilt,1.0,-0.014026446418307255
2023-05-26,Momentum Tilt,1.0,0.0011263515112247314
2023-05-30,Momentum Tilt,1.0,0.0007552718162963745
2023-05-31,Momentum Tilt,1.0,0.00843222091113026
2023-06-01,Momentum Tilt,1.0,0.0011014892500411913
2023-06-02,Momentum Tilt,1.0,0.012156412014795349
2023-06-05,Momentum Tilt,1.0,0.00478924771851526
2023-06-06,Momentum Tilt,1.0,-0.010834448062074621
2023-06-07,Momentum Tilt,1.0,-0.0027557423893564185
2023-06-08,Momentum Tilt,1.0,0.01168651435692083
2023-06-09,Momentum Tilt,1.0,0.0023698427849835535
2023-06-12,Momentum Tilt,1.0,-0.0014200693284754863
2023-06-13,Momentum Tilt,1.0,0.006113011676982506
2023-06-14,Momentum Tilt,1.0,0.0014445784505271717
2023-06-15,Momentum Tilt,1.0,0.0072208198534326855
2023-06-16,Momentum Tilt,1.0,-0.005294363794463976
2023-06-20,Momentum Tilt,1.0,-0.003889117208259845
2023-06-21,Momentum Tilt,1.0,0.0022034028780224136
2023-06-22,Momentum Tilt,1.0,0.012322966324865028
2023-06-23,Momentum Tilt,1.0,0.00040419524666620774
2023-06-26,Momentum Tilt,1.0,-0.004332835531438664
2023-06-27,Momentum Tilt,1.0,0.0015521992684116677
2023-06-28,Momentum Tilt,1.0,-0.0013165103422346992
2023-06-29,Momentum Tilt,1.0,0.0015349391298222987
2023-06-30,Momentum Tilt,1.0,0.013472459175430947
2023-07-03,Momentum Tilt,1.0,0.0030996592740972543
2023-07-05,Momentum Tilt,1.0,0.001024378849637307
2023-07-06,Momentum Tilt,1.0,-0.008089126866869975
2023-07-07,Momentum Tilt,1.0,-0.014612718167558388
2023-07-10,Momentum Tilt,1.0,0.0026358414458567455
2023-07-11,Momentum Tilt,1.0,0.008507590061915591
2023-07-12,Momentum Tilt,1.0,-0.00351831840882782
2023-07-13,Momentum Tilt,1.0,-0.001421648540673133
2023-07-14,Momentum Tilt,1.0,0.0017981483390864326
2023-07-17,Momentum Tilt,1.0,-0.005871838305832005
2023-07-18,Momentum Tilt,1.0,0.0017255649100171553
2023-07-19,Momentum Tilt,1.0,0.005116920537745168
2023-07-20,Momentum Tilt,1.0,0.01753703134795616
2023-07-21,Momentum Tilt,1.0,0.00752331867007486
2023-07-24,Momentum Tilt,1.0,0.002092232381358715
2023-07-25,Momentum Tilt,1.0,-0.002620722254290114
2023-07-26,Momentum Tilt,1.0,0.001108301998359384
2023-07-27,Momentum Tilt,1.0,-0.004227981323726802
2023-07-28,Momentum Tilt,1.0,0.0037905602573501717
2023-07-31,Momentum Tilt,1.0,-0.0022468313264214505
2023-08-01,Momentum Tilt,1.0,-0.005515894041478976
2023-08-02,Momentum Tilt,1.0,-0.010162317318600036
2023-08-03,Momentum Tilt,1.0,-0.005400597991538546
2023-08-04,Momentum Tilt,1.0,-0.006559772172057002
2023-08-07,Momentum Tilt,1.0,0.011246953454591091
2023-08-08,Momentum Tilt,1.0,-0.0032614570209355508
2023-08-09,Momentum Tilt,1.0,0.0011039768623169206
2023-08-10,Momentum Tilt,1.0,-0.001659786957611683
2023-08-11,Momentum Tilt,1.0,0.007536086743937607
2023-08-14,Momentum Tilt,1.0,0.0013357392178523014
2023-08-15,Momentum Tilt,1.0,-0.0068884457277226425
2023-08-16,Momentum Tilt,1.0,-0.0021241972770692443
2023-08-17,Momentum Tilt,1.0,-0.0045936943937656015
2023-08-18,Momentum Tilt,1.0,0.00390447138566172
2023-08-21,Momentum Tilt,1.0,-0.0023074971097126022
2023-08-22,Momentum Tilt,1.0,-0.007321646420451584
2023-08-23,Momentum Tilt,1.0,0.013311470379781996
2023-08-24,Momentum Tilt,1.0,-0.010125282305523623
2023-08-25,Momentum Tilt,1.0,0.0037175899959746355
2023-08-28,Momentum Tilt,1.0,0.001574088600427311
2023-08-29,Momentum Tilt,1.0,0.005112621778835752
2023-08-30,Momentum Tilt,1.0,0.0016374304519408583
2023-08-31,Momentum Tilt,1.0,-0.005670901729559283
2023-09-01,Momentum Tilt,1.0,-0.000880957331363418
2023-09-05,Momentum Tilt,1.0,-0.011908128032427922
2023-09-06,Momentum Tilt,1.0,-0.0033956990412445072
2023-09-07,Momentum Tilt,1.0,0.002549797226109956
2023-09-08,Momentum Tilt,1.0,0.0035589578605004345
2023-09-11,Momentum Tilt,1.0,0.003734355055189766
2023-09-12,Momentum Tilt,1.0,-0.00267796375557435
2023-09-13,Momentum Tilt,1.0,-0.0009820655890228928
2023-09-14,Momentum Tilt,1.0,0.007759157837665031
2023-09-15,Momentum Tilt,1.0,-0.009162628878738859
2023-09-18,Momentum Tilt,1.0,0.001760184837746782
2023-09-19,Momentum Tilt,1.0,-0.0004022327783959578
2023-09-20,Momentum Tilt,1.0,0.00131186348739032
2023-09-21,Momentum Tilt,1.0,-0.015409917296581685
2023-09-22,Momentum Tilt,1.0,-0.001959692567624113
2023-09-25,Momentum Tilt,1.0,-0.00551497800221461
2023-09-26,Momentum Tilt,1.0,-0.007403772943112381
2023-09-27,Momentum Tilt,1.0,-0.00883385016079817
2023-09-28,Momentum Tilt,1.0,0.0003744785365662579
2023-09-29,Momentum Tilt,1.0,-0.002125750127591729
2023-10-02,Momentum Tilt,1.0,-0.006501721498598873
2023-10-03,Momentum Tilt,1.0,-0.008388186759393693
2023-10-04,Momentum Tilt,1.0,0.00599564318169981
2023-10-05,Momentum Tilt,1.0,-0.011414363752402158
2023-10-06,Momentum Tilt,1.0,0.00024301053281609863
2023-10-09,Momentum Tilt,1.0,0.004644129254486061
2023-10-10,Momentum Tilt,1.0,0.010921450949963045
2023-10-11,Momentum Tilt,1.0,0.0018441131645641027
2023-10-12,Momentum Tilt,1.0,-0.0046287393726501085
2023-10-13,Momentum Tilt,1.0,0.0034080433422616335
2023-10-16,Momentum Tilt,1.0,0.007530792313662642
2023-10-17,Momentum Tilt,1.0,0.003857977365749757
2023-10-18,Momentum Tilt,1.0,-0.006006619359677025
2023-10-19,Momentum Tilt,1.0,-0.001979932932372981
2023-10-20,Momentum Tilt,1.0,-0.0036978938764721052
2023-10-23,Momentum Tilt,1.0,-0.0030417915624271034
2023-10-24,Momentum Tilt,1.0,0.015834880759783888
2023-10-25,Momentum Tilt,1.0,-0.002784933841898243
2023-10-26,Momentum Tilt,1.0,-0.002247194252354729
2023-10-27,Momentum Tilt,1.0,-0.016501875218887324
2023-10-30,Momentum Tilt,1.0,0.008807620995233884
2023-10-31,Momentum Tilt,1.0,0.004878310931697285
2023-11-01,Momentum Tilt,1.0,0.005709885900467707
2023-11-02,Momentum Tilt,1.0,0.01322012698834871
2023-11-03,Momentum Tilt,1.0,-2.6561423808474458e-05
2023-11-06,Momentum Tilt,1.0,-0.0001268487800321008
2023-11-07,Momentum Tilt,1.0,0.002131475286661943
2023-11-08,Momentum Tilt,1.0,-0.0034182567543589006
2023-11-09,Momentum Tilt,1.0,-0.00955931799837019
2023-11-10,Momentum Tilt,1.0,0.006570454074414318
2023-11-13,Momentum Tilt,1.0,0.0031535447092976123
2023-11-14,Momentum Tilt,1.0,0.005944885450541479
2023-11-15,Momentum Tilt,1.0,0.005422248430310611
2023-11-16,Momentum Tilt,1.0,-0.021960603359969817
2023-11-17,Momentum Tilt,1.0,9.257546522116618e-05
2023-11-20,Momentum Tilt,1.0,0.003411233979478635
2023-11-21,Momentum Tilt,1.0,0.0034601520092293054
2023-11-22,Momentum Tilt,1.0,-0.0014461265859633324
2023-11-24,Momentum Tilt,1.0,0.004804184073368264
2023-11-27,Momentum Tilt,1.0,0.0010599415346745408
2023-11-28,Momentum Tilt,1.0,0.0016567588756709853
2023-11-29,Momentum Tilt,1.0,-0.0035534413633003517
2023-11-30,Momentum Tilt,1.0,0.008912027063630777
2023-12-01,Momentum Tilt,1.0,0.0022910080486480216
2023-12-04,Momentum Tilt,1.0,-0.0008956134564119166
2023-12-05,Momentum Tilt,1.0,0.0044208757792421815
2023-12-06,Momentum Tilt,1.0,-0.003593553889817198
2023-12-07,Momentum Tilt,1.0,0.00046331531440583986
2023-12-08,Momentum Tilt,1.0,-0.001440152421418582
2023-12-11,Momentum Tilt,1.0,0.004640726091205301
2023-12-12,Momentum Tilt,1.0,0.0037424309648108056
2023-12-13,Momentum Tilt,1.0,0.011815985248787728
2023-12-14,Momentum Tilt,1.0,-0.0024659695894974866
2023-12-15,Momentum Tilt,1.0,-0.0026186270577335004
2023-12-18,Momentum Tilt,1.0,0.0051172317909045795
2023-12-19,Momentum Tilt,1.0,0.004632677139454799
2023-12-20,Momentum Tilt,1.0,-0.012161718152557293
2023-12-21,Momentum Tilt,1.0,0.008126305425667496
2023-12-22,Momentum Tilt,1.0,0.0061433851050765095
2023-12-26,Momentum Tilt,1.0,0.0024985667025470442
2023-12-27,Momentum Tilt,1.0,0.004118394706403183
2023-12-28,Momentum Tilt,1.0,0.0016739295942503215
2023-12-29,Momentum Tilt,1.0,0.0001685149118170312
