date,fund,profile,fund_type,gross_return,turnover,transaction_cost_rate,transaction_cost,net_return,gross_growth_of_1,net_growth_of_1,cumulative_transaction_cost
2021-01-04,balanced_adaptive,balanced,adaptive,0.0084379362944504432,0,0.001,0,0.0084379362944504432,1.0084379362944504,1.0084379362944504,0
2021-01-05,balanced_adaptive,balanced,adaptive,0.0050405427574331529,0,0.001,0,0.0050405427574331529,1.0135210108305603,1.0135210108305603,0
2021-01-06,balanced_adaptive,balanced,adaptive,0.01850660378746638,0,0.001,0,0.01850660378746638,1.0322778426082739,1.0322778426082739,0
2021-01-07,balanced_adaptive,balanced,adaptive,0.01254819277653918,0,0.001,0,0.01254819277653918,1.0452310639762725,1.0452310639762725,0
2021-01-08,balanced_adaptive,balanced,adaptive,-0.0030749311086587516,0,0.001,0,-0.0030749311086587516,1.0420170504619155,1.0420170504619155,0
2021-01-11,balanced_adaptive,balanced,adaptive,-0.016933823232492817,0,0.001,0,-0.016933823232492817,1.0243717179241498,1.0243717179241498,0
2021-01-12,balanced_adaptive,balanced,adaptive,-0.012183863527588823,0,0.001,0,-0.012183863527588823,1.0118909127114404,1.0118909127114404,0
2021-01-13,balanced_adaptive,balanced,adaptive,0.0042998133592651033,0,0.001,0,0.0042998133592651033,1.0162418547760359,1.0162418547760359,0
2021-01-14,balanced_adaptive,balanced,adaptive,0.0052645845110115275,0,0.001,0,0.0052645845110115275,1.0215919459041314,1.0215919459041314,0
2021-01-15,balanced_adaptive,balanced,adaptive,-0.0055736637206084128,0,0.001,0,-0.0055736637206084128,1.0158979359379798,1.0158979359379798,0
2021-01-19,balanced_adaptive,balanced,adaptive,0.012232806019716991,0,0.001,0,0.012232806019716991,1.02832521832414,1.02832521832414,0
2021-01-20,balanced_adaptive,balanced,adaptive,0.013318993689202863,0,0.001,0,0.013318993689202863,1.0420214754174475,1.0420214754174475,0
2021-01-21,balanced_adaptive,balanced,adaptive,-0.025593842711239989,0,0.001,0,-0.025593842711239989,1.0153521416738791,1.0153521416738791,0
2021-01-22,balanced_adaptive,balanced,adaptive,0.0048174092808199731,0,0.001,0,0.0048174092808199731,1.0202435085044792,1.0202435085044792,0
2021-01-25,balanced_adaptive,balanced,adaptive,8.7056939260587995e-05,0,0.001,0,8.7056939260587995e-05,1.0203323277816301,1.0203323277816301,0
2021-01-26,balanced_adaptive,balanced,adaptive,-0.0089950556249871472,0,0.001,0,-0.0089950556249871472,1.0111543817372617,1.0111543817372617,0
2021-01-27,balanced_adaptive,balanced,adaptive,-0.034700377631078361,0,0.001,0,-0.034700377631078361,0.97606694284765916,0.97606694284765916,0
2021-01-28,balanced_adaptive,balanced,adaptive,0.014280646808131126,0,0.001,0,0.014280646808131126,0.9900058101195589,0.9900058101195589,0
2021-01-29,balanced_adaptive,balanced,adaptive,-0.00083837155849819656,0,0.001,0,-0.00083837155849819656,0.98917581740560667,0.98917581740560667,0
2021-02-01,balanced_adaptive,balanced,adaptive,0.0022371584271936307,0.16687206434181451,0.001,0.00016687206434181452,0.002070286362851816,0.99138876042149182,0.99122369461084436,0.00016687206434181452
2021-02-02,balanced_adaptive,balanced,adaptive,0.011561428150050457,0,0.001,0,0.011561428150050457,1.0028506303438725,1.0026836561367152,0.00016687206434181452
2021-02-03,balanced_adaptive,balanced,adaptive,-0.0036518597917459816,0,0.001,0,-0.0036518597917459816,0.99918836044979253,0.99902199600902863,0.00016687206434181452
2021-02-04,balanced_adaptive,balanced,adaptive,-0.0044354380512635627,0,0.001,0,-0.0044354380512635627,0.99475652237547385,0.99459089583388094,0.00016687206434181452
2021-02-05,balanced_adaptive,balanced,adaptive,0.023449701583385441,0,0.001,0,0.023449701583385441,1.018083265973305,1.0179137555387374,0.00016687206434181452
2021-02-08,balanced_adaptive,balanced,adaptive,0.014373267442371773,0,0.001,0,0.014373267442371773,1.0327164490337426,1.0325445021803648,0.00016687206434181452
2021-02-09,balanced_adaptive,balanced,adaptive,-0.0051508282017276308,0,0.001,0,-0.0051508282017276308,1.0273971040236716,1.0272260428389952,0.00016687206434181452
2021-02-10,balanced_adaptive,balanced,adaptive,-0.0043922583685339633,0,0.001,0,-0.0043922583685339633,1.022884510495716,1.0227142006559595,0.00016687206434181452
2021-02-11,balanced_adaptive,balanced,adaptive,0.0042103152680106337,0,0.001,0,0.0042103152680106337,1.0271911767676678,1.0270201498697926,0.00016687206434181452
2021-02-12,balanced_adaptive,balanced,adaptive,0.0093145906133209611,0,0.001,0,0.0093145906133209611,1.0367590420608741,1.0365864221174612,0.00016687206434181452
2021-02-16,balanced_adaptive,balanced,adaptive,-0.010359530951496998,0,0.001,0,-0.010359530951496998,1.0260187046754001,1.0258478729936338,0.00016687206434181452
2021-02-17,balanced_adaptive,balanced,adaptive,0.0079491637316855268,0,0.001,0,0.0079491637316855268,1.0341746953506368,1.0340025056998614,0.00016687206434181452
2021-02-18,balanced_adaptive,balanced,adaptive,-0.0075967058160544276,0,0.001,0,-0.0075967058160544276,1.0263183744276503,1.0261474928509964,0.00016687206434181452
2021-02-19,balanced_adaptive,balanced,adaptive,0.00076643423863087534,0,0.001,0,0.00076643423863087534,1.0271049799695475,1.0269339674234026,0.00016687206434181452
2021-02-22,balanced_adaptive,balanced,adaptive,-0.011928717568891356,0,0.001,0,-0.011928717568891356,1.0148529347498889,1.0146839621641077,0.00016687206434181452
2021-02-23,balanced_adaptive,balanced,adaptive,-0.028435460296981629,0,0.001,0,-0.028435460296981629,0.98599512441653314,0.98583095664400622,0.00016687206434181452
2021-02-24,balanced_adaptive,balanced,adaptive,0.003719447527196218,0,0.001,0,0.003719447527196218,0.98966248154387171,0.98949770315792929,0.00016687206434181452
2021-02-25,balanced_adaptive,balanced,adaptive,-0.015269734879801655,0,0.001,0,-0.015269734879801655,0.97455059783021014,0.97438833556653504,0.00016687206434181452
2021-02-26,balanced_adaptive,balanced,adaptive,-0.016874977219425435,0,0.001,0,-0.016874977219425435,0.95810507869264794,0.95794555460097586,0.00016687206434181452
2021-03-01,balanced_adaptive,balanced,adaptive,0.013322966233204614,0.091804876602196897,0.001,9.1804876602196895e-05,0.013231161356602418,0.97086988030393195,0.97062028680474144,0.0002586769409440114
2021-03-02,balanced_adaptive,balanced,adaptive,0.0048203080066380188,0,0.001,0,0.0048203080066380188,0.97554977216136474,0.97529897554463163,0.0002586769409440114
2021-03-03,balanced_adaptive,balanced,adaptive,-0.0075153919011368142,0,0.001,0,-0.0075153919011368142,0.96821813330450734,0.96796922152263642,0.0002586769409440114
2021-03-04,balanced_adaptive,balanced,adaptive,-0.0067520925997019976,0,0.001,0,-0.0067520925997019976,0.96168063481172472,0.9614334037052541,0.0002586769409440114
2021-03-05,balanced_adaptive,balanced,adaptive,0.010068618618719771,0,0.001,0,0.010068618618719771,0.97136343035665229,0.97111370997445989,0.0002586769409440114
2021-03-08,balanced_adaptive,balanced,adaptive,-0.0015086722932435848,0,0.001,0,-0.0015086722932435848,0.96989796126260319,0.96964861762663246,0.0002586769409440114
2021-03-09,balanced_adaptive,balanced,adaptive,0.0096987845612797052,0,0.001,0,0.0096987845612797052,0.97930479263531356,0.97905303066913585,0.0002586769409440114
2021-03-10,balanced_adaptive,balanced,adaptive,0.0033469010993691928,0,0.001,0,0.0033469010993691928,0.98258242892240222,0.9823298243338231,0.0002586769409440114
2021-03-11,balanced_adaptive,balanced,adaptive,0.0020036584296216908,0,0.001,0,0.0020036584296216908,0.98455118848891077,0.98429807776701839,0.0002586769409440114
2021-03-12,balanced_adaptive,balanced,adaptive,0.0024475642495049854,0,0.001,0,0.0024475642495049854,0.9869609407796639,0.98670721055301747,0.0002586769409440114
2021-03-15,balanced_adaptive,balanced,adaptive,0.012244942519038959,0,0.001,0,0.012244942519038959,0.9990462207680475,0.99878938362936043,0.0002586769409440114
2021-03-16,balanced_adaptive,balanced,adaptive,0.0090794317014801784,0,0.001,0,0.0090794317014801784,1.0081169926961329,1.0078578236221867,0.0002586769409440114
2021-03-17,balanced_adaptive,balanced,adaptive,0.002728113254285125,0,0.001,0,0.002728113254285125,1.0108672500257772,1.0106073739092454,0.0002586769409440114
2021-03-18,balanced_adaptive,balanced,adaptive,-0.0064760718518396265,0,0.001,0,-0.0064760718518396265,1.0043208010819387,1.0040626079418102,0.0002586769409440114
2021-03-19,balanced_adaptive,balanced,adaptive,0.0039966940326912059,0,0.001,0,0.0039966940326912059,1.0083347640345306,1.0080755389754197,0.0002586769409440114
2021-03-22,balanced_adaptive,balanced,adaptive,-1.3551633337161029e-05,0,0.001,0,-1.3551633337161029e-05,1.0083210994515273,1.0080618779053394,0.0002586769409440114
2021-03-23,balanced_adaptive,balanced,adaptive,-0.0035551076447920549,0,0.001,0,-0.0035551076447920549,1.004736409402462,1.0044781094167747,0.0002586769409440114
2021-03-24,balanced_adaptive,balanced,adaptive,-0.0082758154566211495,0,0.001,0,-0.0082758154566211495,0.99642139629569904,0.99616523395302581,0.0002586769409440114
2021-03-25,balanced_adaptive,balanced,adaptive,-0.00034838256002944767,0,0.001,0,-0.00034838256002944767,0.99607426045878944,0.99581818735860894,0.0002586769409440114
2021-03-26,balanced_adaptive,balanced,adaptive,0.024300462676368983,0,0.001,0,0.024300462676368983,1.0202793258479601,1.0200170300529663,0.0002586769409440114
2021-03-29,balanced_adaptive,balanced,adaptive,0.013206499819375495,0,0.001,0,0.013206499819375495,1.0337536445804838,1.0334878847761206,0.0002586769409440114
2021-03-30,balanced_adaptive,balanced,adaptive,-0.009682968525938751,0,0.001,0,-0.009682968525938751,1.0237438405764365,1.0234806541158945,0.0002586769409440114
2021-03-31,balanced_adaptive,balanced,adaptive,0.0085472876463599246,0,0.001,0,0.0085472876463599246,1.0324940736580326,1.0322286376671077,0.0002586769409440114
2021-04-01,balanced_adaptive,balanced,adaptive,0.0092744251523579901,0.51743948297967324,0.001,0.00051743948297967325,0.0087569856693783168,1.0420698626644271,1.0412678490546805,0.00077611642392368466
2021-04-05,balanced_adaptive,balanced,adaptive,0.017466378995151688,0,0.001,0,0.017466378995151688,1.0602710498251497,1.0594550279417358,0.00077611642392368466
2021-04-06,balanced_adaptive,balanced,adaptive,0.0019461204116284492,0,0.001,0,0.0019461204116284492,1.0623344649570732,1.0615168549968157,0.00077611642392368466
2021-04-07,balanced_adaptive,balanced,adaptive,-0.0083152799045334014,0,0.001,0,-0.0083152799045334014,1.0535008565287223,1.0526900452241372,0.00077611642392368466
2021-04-08,balanced_adaptive,balanced,adaptive,0.0073410725025053747,0,0.001,0,0.0073410725025053747,1.0612346826979511,1.0604179191687932,0.00077611642392368466
2021-04-09,balanced_adaptive,balanced,adaptive,-0.00079930369165037707,0,0.001,0,-0.00079930369165037707,1.0603864338983633,1.0595703232113094,0.00077611642392368466
2021-04-12,balanced_adaptive,balanced,adaptive,0.0010982353172031001,0,0.001,0,0.0010982353172031001,1.0615509877299536,1.0607339807613203,0.00077611642392368466
2021-04-13,balanced_adaptive,balanced,adaptive,0.013787501823157688,0,0.001,0,0.013787501823157688,1.0761871239086551,1.0753588524549522,0.00077611642392368466
2021-04-14,balanced_adaptive,balanced,adaptive,7.5985004518441812e-05,0,0.001,0,7.5985004518441812e-05,1.076268897992128,1.0754405636022148,0.00077611642392368466
2021-04-15,balanced_adaptive,balanced,adaptive,0.019538670187349672,0,0.001,0,0.019538670187349672,1.0972977610228984,1.096453242080536,0.00077611642392368466
2021-04-16,balanced_adaptive,balanced,adaptive,0.010299550598275919,0,0.001,0,0.010299550598275919,1.1085994348339288,1.107746217725988,0.00077611642392368466
2021-04-19,balanced_adaptive,balanced,adaptive,-0.012227230132738853,0,0.001,0,-0.012227230132738853,1.09504433441919,1.0942015497931814,0.00077611642392368466
2021-04-20,balanced_adaptive,balanced,adaptive,0.0066443919776113525,0,0.001,0,0.0066443919776113525,1.1023202382099337,1.1014718537925172,0.00077611642392368466
2021-04-21,balanced_adaptive,balanced,adaptive,-0.0024509740160704174,0,0.001,0,-0.0024509740160704174,1.0996184799486926,1.0987721748994388,0.00077611642392368466
2021-04-22,balanced_adaptive,balanced,adaptive,-0.0042992617384242093,0,0.001,0,-0.0042992617384242093,1.094890932290985,1.0940482657286486,0.00077611642392368466
2021-04-23,balanced_adaptive,balanced,adaptive,-0.0010953691186510461,0,0.001,0,-0.0010953691186510461,1.0936916225754625,1.0928498790440557,0.00077611642392368466
2021-04-26,balanced_adaptive,balanced,adaptive,0.013494278051118247,0,0.001,0,0.013494278051118247,1.1084502014326745,1.1075970991800073,0.00077611642392368466
2021-04-27,balanced_adaptive,balanced,adaptive,0.0026017759771879145,0,0.001,0,0.0026017759771879145,1.1113341405386712,1.1104788187050567,0.00077611642392368466
2021-04-28,balanced_adaptive,balanced,adaptive,0.0011325912757658152,0,0.001,0,0.0011325912757658152,1.112592827890706,1.1117365373270447,0.00077611642392368466
2021-04-29,balanced_adaptive,balanced,adaptive,0.0086520584327705041,0,0.001,0,0.0086520584327705041,1.1222190460494978,1.1213553468098443,0.00077611642392368466
2021-04-30,balanced_adaptive,balanced,adaptive,0.0083232563318764718,0,0.001,0,0.0083232563318764718,1.1315595628302817,1.1306886748004628,0.00077611642392368466
2021-05-03,balanced_adaptive,balanced,adaptive,0.016531504752546944,0.21472288695218061,0.001,0.00021472288695218063,0.016316781865594765,1.1502659451210004,1.1491378752650803,0.00099083931087586528
2021-05-04,balanced_adaptive,balanced,adaptive,-0.0043609924865359861,0,0.001,0,-0.0043609924865359861,1.1452496439768096,1.1441264936250553,0.00099083931087586528
2021-05-05,balanced_adaptive,balanced,adaptive,0.031537273407534094,0,0.001,0,0.031537273407534094,1.1813676951187873,1.180209123667312,0.00099083931087586528
2021-05-06,balanced_adaptive,balanced,adaptive,0.034379379368309149,0,0.001,0,0.034379379368309149,1.221982383282741,1.2207839808638101,0.00099083931087586528
2021-05-07,balanced_adaptive,balanced,adaptive,-0.0076537575714523687,0,0.001,0,-0.0076537575714523687,1.2126296263645093,1.211440396227166,0.00099083931087586528
2021-05-10,balanced_adaptive,balanced,adaptive,-0.0076866771761191499,0,0.001,0,-0.0076866771761191499,1.2033085338924474,1.2021284449832579,0.00099083931087586528
2021-05-11,balanced_adaptive,balanced,adaptive,0.023052813217187218,0,0.001,0,0.023052813217187218,1.2310481807669174,1.2298408874885247,0.00099083931087586528
2021-05-12,balanced_adaptive,balanced,adaptive,-0.055729458078102367,0,0.001,0,-0.055729458078102367,1.1624425327847432,1.1613025213064967,0.00099083931087586528
2021-05-13,balanced_adaptive,balanced,adaptive,0.020373107781984201,0,0.001,0,0.020373107781984201,1.1861250997955295,1.184961862740564,0.00099083931087586528
2021-05-14,balanced_adaptive,balanced,adaptive,0.016940691811216491,0,0.001,0,0.016940691811216491,1.2062188795607141,1.2050359364652969,0.00099083931087586528
2021-05-17,balanced_adaptive,balanced,adaptive,-0.012874486210053382,0,0.001,0,-0.012874486210053382,1.1906894312295035,1.1895217179186557,0.00099083931087586528
2021-05-18,balanced_adaptive,balanced,adaptive,0.0030750222164723784,0,0.001,0,0.0030750222164723784,1.1943508276834531,1.1931795236282319,0.00099083931087586528
2021-05-19,balanced_adaptive,balanced,adaptive,-0.054507338602695632,0,0.001,0,-0.054507338602695632,1.1292499427085014,1.1281424833200249,0.00099083931087586528
2021-05-20,balanced_adaptive,balanced,adaptive,0.028874117239294339,0,0.001,0,0.028874117239294339,1.1618560379467331,1.160716601646036,0.00099083931087586528
2021-05-21,balanced_adaptive,balanced,adaptive,-0.021381911015672439,0,0.001,0,-0.021381911015672439,1.1370133355303342,1.1358982625552267,0.00099083931087586528
2021-05-24,balanced_adaptive,balanced,adaptive,0.034094221218993415,0,0.001,0,0.034094221218993415,1.175778919720851,1.174625829201055,0.00099083931087586528
2021-05-25,balanced_adaptive,balanced,adaptive,0.0002711227228704427,0,0.001,0,0.0002711227228704427,1.1760977001030595,1.1749442969542219,0.00099083931087586528
2021-05-26,balanced_adaptive,balanced,adaptive,0.012306865782040433,0,0.001,0,0.012306865782040433,1.1905717766447943,1.1894041787182112,0.00099083931087586528
2021-05-27,balanced_adaptive,balanced,adaptive,-0.0078230960041217878,0,0.001,0,-0.0078230960041217878,1.1812578193363041,1.1800993556403951,0.00099083931087586528
2021-05-28,balanced_adaptive,balanced,adaptive,-0.014261434345477553,0,0.001,0,-0.014261434345477553,1.1644113885007574,1.1632694461587894,0.00099083931087586528
2021-06-01,balanced_adaptive,balanced,adaptive,-0.0037229853656407519,0.2491765042750782,0.001,0.00024917650427507823,-0.0039721618699158304,1.1600763019417837,1.1586487516203194,0.0012400158151509434
2021-06-02,balanced_adaptive,balanced,adaptive,0.0048055164163627317,0,0.001,0,0.0048055164163627317,1.1656510676549983,1.1642166572170292,0.0012400158151509434
2021-06-03,balanced_adaptive,balanced,adaptive,0.008193936003936475,0,0.001,0,0.008193936003936475,1.1752023379062835,1.1737561740009823,0.0012400158151509434
2021-06-04,balanced_adaptive,balanced,adaptive,-0.0036285378420546355,0,0.001,0,-0.0036285378420546355,1.1709380717511195,1.1694971553062745,0.0012400158151509434
2021-06-07,balanced_adaptive,balanced,adaptive,-0.0063304816899479865,0,0.001,0,-0.0063304816899479865,1.1635254697278361,1.1620936749781619,0.0012400158151509434
2021-06-08,balanced_adaptive,balanced,adaptive,-0.0046680200009824313,0,0.001,0,-0.0046680200009824313,1.158094109563494,1.1566689984603487,0.0012400158151509434
2021-06-09,balanced_adaptive,balanced,adaptive,0.0071238140161431485,0,0.001,0,0.0071238140161431485,1.1663441566132153,1.1649088932836187,0.0012400158151509434
2021-06-10,balanced_adaptive,balanced,adaptive,0.00022224863622888336,0,0.001,0,0.00022224863622888336,1.1666033750113962,1.1651677926964819,0.0012400158151509434
2021-06-11,balanced_adaptive,balanced,adaptive,-0.0017089684334623545,0,0.001,0,-0.0017089684334623545,1.1646096866691311,1.1631765577190765,0.0012400158151509434
2021-06-14,balanced_adaptive,balanced,adaptive,0.0020087470027434495,0,0.001,0,0.0020087470027434495,1.1669490928865938,1.1655130851430562,0.0012400158151509434
2021-06-15,balanced_adaptive,balanced,adaptive,-3.9587858490230943e-05,0,0.001,0,-3.9587858490230943e-05,1.1669028958710392,1.1654669449759729,0.0012400158151509434
2021-06-16,balanced_adaptive,balanced,adaptive,-0.017153487393464784,0,0.001,0,-0.017153487393464784,1.1468864417573179,1.1454751224278277,0.0012400158151509434
2021-06-17,balanced_adaptive,balanced,adaptive,0.0027152272995205617,0,0.001,0,0.0027152272995205617,1.1500004991334274,1.1485853477511654,0.0012400158151509434
2021-06-18,balanced_adaptive,balanced,adaptive,-0.016991626004968396,0,0.001,0,-0.016991626004968396,1.1304601207466252,1.129069015087391,0.0012400158151509434
2021-06-21,balanced_adaptive,balanced,adaptive,-0.00167442290039721,0,0.001,0,-0.00167442290039721,1.1285672524324613,1.1271784760723997,0.0012400158151509434
2021-06-22,balanced_adaptive,balanced,adaptive,-0.0026224461434507518,0,0.001,0,-0.0026224461434507518,1.125607645593695,1.124222511224843,0.0012400158151509434
2021-06-23,balanced_adaptive,balanced,adaptive,-0.0012178022532267629,0,0.001,0,-0.0012178022532267629,1.1242368780666416,1.122853430517545,0.0012400158151509434
2021-06-24,balanced_adaptive,balanced,adaptive,0.0060038431092328537,0,0.001,0,0.0060038431092328537,1.1309866199001675,1.1295948663490363,0.0012400158151509434
2021-06-25,balanced_adaptive,balanced,adaptive,0.010880300721111791,0,0.001,0,0.010880300721111791,1.143292094436235,1.1418851981879379,0.0012400158151509434
2021-06-28,balanced_adaptive,balanced,adaptive,0.0013783182656987858,0,0.001,0,0.0013783182656987858,1.1448679148130254,1.1434590794139314,0.0012400158151509434
2021-06-29,balanced_adaptive,balanced,adaptive,-0.00045980985883720127,0,0.001,0,-0.00045980985883720127,1.1443414932587279,1.14293330565604,0.0012400158151509434
2021-06-30,balanced_adaptive,balanced,adaptive,0.0066381644514010851,0,0.001,0,0.0066381644514010851,1.1519378202795412,1.1505202848959684,0.0012400158151509434
2021-07-01,balanced_adaptive,balanced,adaptive,0.002739241022832628,0.31404563399755481,0.001,0.00031404563399755481,0.0024251953888350733,1.1550932556126032,1.1533105213856591,0.0015540614491484984
2021-07-02,balanced_adaptive,balanced,adaptive,0.0051125177857349602,0,0.001,0,0.0051125177857349602,1.1609986904261052,1.1592068419387187,0.0015540614491484984
2021-07-06,balanced_adaptive,balanced,adaptive,-0.000340634922499361,0,0.001,0,-0.000340634922499361,1.16060321372717,1.1588119756059543,0.0015540614491484984
2021-07-07,balanced_adaptive,balanced,adaptive,0.0021352090001300894,0,0.001,0,0.0021352090001300894,1.1630813441547001,1.1612862813657265,0.0015540614491484984
2021-07-08,balanced_adaptive,balanced,adaptive,-0.0081082953635643884,0,0.001,0,-0.0081082953635643884,1.1536507370844422,1.1518702291947578,0.0015540614491484984
2021-07-09,balanced_adaptive,balanced,adaptive,0.008320044463081544,0,0.001,0,0.008320044463081544,1.1632491625118515,1.161453840717358,0.0015540614491484984
2021-07-12,balanced_adaptive,balanced,adaptive,0.0017367338266232046,0,0.001,0,0.0017367338266232046,1.165269416681177,1.1634709768905933,0.0015540614491484984
2021-07-13,balanced_adaptive,balanced,adaptive,-0.0036335421560633741,0,0.001,0,-0.0036335421560633741,1.1610353611324946,1.159243456048705,0.0015540614491484984
2021-07-14,balanced_adaptive,balanced,adaptive,0.0037333110555901605,0,0.001,0,0.0037333110555901605,1.1653698672821418,1.1635712724592921,0.0015540614491484984
2021-07-15,balanced_adaptive,balanced,adaptive,0.0025605020247996269,0,0.001,0,0.0025605020247996269,1.1683537991869581,1.1665505990584228,0.0015540614491484984
2021-07-16,balanced_adaptive,balanced,adaptive,-0.00043741367910399287,0,0.001,0,-0.00043741367910399287,1.1678427452531606,1.1660403338690277,0.0015540614491484984
2021-07-19,balanced_adaptive,balanced,adaptive,-0.012165357428282397,0,0.001,0,-0.012165357428282397,1.1536355208371294,1.1518550364317173,0.0015540614491484984
2021-07-20,balanced_adaptive,balanced,adaptive,0.003771282917978791,0,0.001,0,0.003771282917978791,1.1579862067704361,1.1561990076546,0.0015540614491484984
2021-07-21,balanced_adaptive,balanced,adaptive,0.00019659929671367316,0,0.001,0,0.00019659929671367316,1.1582138660442913,1.1564263155663659,0.0015540614491484984
2021-07-22,balanced_adaptive,balanced,adaptive,0.0033247217745233648,0,0.001,0,0.0033247217745233648,1.1620646049042838,1.1602711113183612,0.0015540614491484984
2021-07-23,balanced_adaptive,balanced,adaptive,0.012625207179064901,0,0.001,0,0.012625207179064901,1.1767359112966584,1.1749197744826394,0.0015540614491484984
2021-07-26,balanced_adaptive,balanced,adaptive,0.0013227399066775281,0,0.001,0,0.0013227399066775281,1.178292426846151,1.1764738877554921,0.0015540614491484984
2021-07-27,balanced_adaptive,balanced,adaptive,0.0029404230193221803,0,0.001,0,0.0029404230193221803,1.1817571050215423,1.1799332186566798,0.0015540614491484984
2021-07-28,balanced_adaptive,balanced,adaptive,0.00023682480022046981,0,0.001,0,0.00023682480022046981,1.1820369744118482,1.1802126561054616,0.0015540614491484984
2021-07-29,balanced_adaptive,balanced,adaptive,0.003236405067299053,0,0.001,0,0.003236405067299053,1.1858625248655694,1.1840323023261718,0.0015540614491484984
2021-07-30,balanced_adaptive,balanced,adaptive,-0.0015490165322917804,0,0.001,0,-0.0015490165322917804,1.1840256042095274,1.1821982167151011,0.0015540614491484984
2021-08-02,balanced_adaptive,balanced,adaptive,0.0014639120453137089,0.1020543342357834,0.001,0.0001020543342357834,0.0013618577110779254,1.1857589135534896,1.1838082024725571,0.0016561157833842818
2021-08-03,balanced_adaptive,balanced,adaptive,0.0038909999616048019,0,0.001,0,0.0038909999616048019,1.1903727014405987,1.1884144001429253,0.0016561157833842818
2021-08-04,balanced_adaptive,balanced,adaptive,-0.00013465815427116112,0,0.001,0,-0.00013465815427116112,1.1902124080497278,1.1882543704532929,0.0016561157833842818
2021-08-05,balanced_adaptive,balanced,adaptive,0.0057166851738401636,0,0.001,0,0.0057166851738401636,1.1970164776765464,1.1950472465956139,0.0016561157833842818
2021-08-06,balanced_adaptive,balanced,adaptive,-0.0003130855254561693,0,0.001,0,-0.0003130855254561693,1.1966417091436534,1.1946730946004687,0.0016561157833842818
2021-08-09,balanced_adaptive,balanced,adaptive,0.006733913085827492,0,0.001,0,0.006733913085827492,1.2046997904079029,1.2027179193854849,0.0016561157833842818
2021-08-10,balanced_adaptive,balanced,adaptive,0.0073037235806256984,0,0.001,0,0.0073037235806256984,1.21349858467468,1.2115022386141416,0.0016561157833842818
2021-08-11,balanced_adaptive,balanced,adaptive,0.012090846164332758,0,0.001,0,0.012090846164332758,1.2281708093826171,1.2261503258089699,0.0016561157833842818
2021-08-12,balanced_adaptive,balanced,adaptive,0.0009669870923840751,0,0.001,0,0.0009669870923840751,1.229358434702533,1.2273359973473497,0.0016561157833842818
2021-08-13,balanced_adaptive,balanced,adaptive,0.014992417077801523,0,0.001,0,0.014992417077801523,1.2477894890937067,1.2457367305141807,0.0016561157833842818
2021-08-16,balanced_adaptive,balanced,adaptive,0.0018189535935959622,0,0.001,0,0.0018189535935959622,1.250059160268945,1.2480026678168239,0.0016561157833842818
2021-08-17,balanced_adaptive,balanced,adaptive,-0.0063607590000062109,0,0.001,0,-0.0063607590000062109,1.2421078352147241,1.2400644236154763,0.0016561157833842818
2021-08-18,balanced_adaptive,balanced,adaptive,-0.0058228610833015448,0,0.001,0,-0.0058228610833015448,1.2348752138397883,1.2328437007424189,0.0016561157833842818
2021-08-19,balanced_adaptive,balanced,adaptive,0.0081509133546324719,0,0.001,0,0.0081509133546324719,1.2449405747115796,1.2428925029269748,0.0016561157833842818
2021-08-20,balanced_adaptive,balanced,adaptive,0.010912173477423792,0,0.001,0,0.010912173477423792,1.2585255822319161,1.2564551615327035,0.0016561157833842818
2021-08-23,balanced_adaptive,balanced,adaptive,0.0022531907033223053,0,0.001,0,0.0022531907033223053,1.2613612803736944,1.2592861946218104,0.0016561157833842818
2021-08-24,balanced_adaptive,balanced,adaptive,-0.012286342397494043,0,0.001,0,-0.012286342397494043,1.2458637637960817,1.2438141732582495,0.0016561157833842818
2021-08-25,balanced_adaptive,balanced,adaptive,0.00031859222487318206,0,0.001,0,0.00031859222487318206,1.2462606863044783,1.2442104427830367,0.0016561157833842818
2021-08-26,balanced_adaptive,balanced,adaptive,-0.010932730509356392,0,0.001,0,-0.010932730509356392,1.2326356540767058,1.2306078253151629,0.0016561157833842818
2021-08-27,balanced_adaptive,balanced,adaptive,0.012171197796081668,0,0.001,0,0.012171197796081668,1.2476383064329759,1.2455857965664796,0.0016561157833842818
2021-08-30,balanced_adaptive,balanced,adaptive,0.00061832518750049026,0,0.001,0,0.00061832518750049026,1.2484097526227338,1.2463559736376895,0.0016561157833842818
2021-08-31,balanced_adaptive,balanced,adaptive,0.0050352963269699735,0,0.001,0,0.0050352963269699735,1.2546958656646685,1.2526317452938445,0.0016561157833842818
2021-09-01,balanced_adaptive,balanced,adaptive,0.012223526939499241,0.028706974678534801,0.001,2.8706974678534801e-05,0.012194819964820705,1.270032674379499,1.2679073639099221,0.0016848227580628166
2021-09-02,balanced_adaptive,balanced,adaptive,0.0078199224007688972,0,0.001,0,0.0078199224007688972,1.2799642313395876,1.2778223011070611,0.0016848227580628166
2021-09-03,balanced_adaptive,balanced,adaptive,0.0050951470377598174,0,0.001,0,0.0050951470377598174,1.2864858373013359,1.2843329936193302,0.0016848227580628166
2021-09-07,balanced_adaptive,balanced,adaptive,-0.034180697177238151,0,0.001,0,-0.034180697177238151,1.2425128544737334,1.2404335964896922,0.0016848227580628166
2021-09-08,balanced_adaptive,balanced,adaptive,0.0040464413951715184,0,0.001,0,0.0040464413951715184,1.2475406099221087,1.2454529383424895,0.0016848227580628166
2021-09-09,balanced_adaptive,balanced,adaptive,-0.0052475325982271892,0,0.001,0,-0.0052475325982271892,1.2409940999039302,1.2389173834489795,0.0016848227580628166
2021-09-10,balanced_adaptive,balanced,adaptive,-0.0061749664785260006,0,0.001,0,-0.0061749664785260006,1.2333310029369748,1.2312671101365189,0.0016848227580628166
2021-09-13,balanced_adaptive,balanced,adaptive,-0.0072023311799888079,0,0.001,0,-0.0072023311799888079,1.224448144599275,1.2223991166382879,0.0016848227580628166
2021-09-14,balanced_adaptive,balanced,adaptive,0.0018048215194133022,0,0.001,0,0.0018048215194133022,1.2266580549600534,1.2246053288693086,0.0016848227580628166
2021-09-15,balanced_adaptive,balanced,adaptive,0.0052258881177285055,0,0.001,0,0.0052258881177285055,1.2330684327139851,1.2310049793063538,0.0016848227580628166
2021-09-16,balanced_adaptive,balanced,adaptive,-0.0075048208225684254,0,0.001,0,-0.0075048208225684254,1.2238144750645015,1.22176650750497,0.0016848227580628166
2021-09-17,balanced_adaptive,balanced,adaptive,-0.015554297519437599,0,0.001,0,-0.015554297519437599,1.2047789006107539,1.2027627877479534,0.0016848227580628166
2021-09-20,balanced_adaptive,balanced,adaptive,-0.022727931030883997,0,0.001,0,-0.022727931030883997,1.1773967688502085,1.1754264780615042,0.0016848227580628166
2021-09-21,balanced_adaptive,balanced,adaptive,-0.0091937345714772079,0,0.001,0,-0.0091937345714772079,1.1665720954720848,1.1646199190139206,0.0016848227580628166
2021-09-22,balanced_adaptive,balanced,adaptive,0.013761376190660313,0,0.001,0,0.013761376190660313,1.1826257329314032,1.1806466918386076,0.0016848227580628166
2021-09-23,balanced_adaptive,balanced,adaptive,0.0056755167800670581,0,0.001,0,0.0056755167800670581,1.1893377451231943,1.1873474719494683,0.0016848227580628166
2021-09-24,balanced_adaptive,balanced,adaptive,-0.014977202750788399,0,0.001,0,-0.014977202750788399,1.1715247925753187,1.1695643281264452,0.0016848227580628166
2021-09-27,balanced_adaptive,balanced,adaptive,-0.0098441271182692081,0,0.001,0,-0.0098441271182692081,1.1599921535950033,1.1580509882073753,0.0016848227580628166
2021-09-28,balanced_adaptive,balanced,adaptive,-0.011318439798031599,0,0.001,0,-0.011318439798031599,1.1468628522383493,1.1449436578142991,0.0016848227580628166
2021-09-29,balanced_adaptive,balanced,adaptive,0.011680999631999756,0,0.001,0,0.011680999631999756,1.1602593567932997,1.1583177442598884,0.0016848227580628166
2021-09-30,balanced_adaptive,balanced,adaptive,-0.0021490931103695932,0,0.001,0,-0.0021490931103695932,1.1577658514033733,1.1558284115760806,0.0016848227580628166
2021-10-01,balanced_adaptive,balanced,adaptive,0.013964954843023847,0.31409663827230672,0.001,0.00031409663827230673,0.01365085820475154,1.1739339992370164,1.1716064613315291,0.0019989193963351232
2021-10-04,balanced_adaptive,balanced,adaptive,-0.0026514775404712365,0,0.001,0,-0.0026514775404712365,1.1708213396040439,1.1684999731130377,0.0019989193963351232
2021-10-05,balanced_adaptive,balanced,adaptive,0.010379289079784026,0,0.001,0,0.010379289079784026,1.1829736327485743,1.1806281721236977,0.0019989193963351232
2021-10-06,balanced_adaptive,balanced,adaptive,0.0034634831830158141,0,0.001,0,0.0034634831830158141,1.1870708420315501,1.1847172579432428,0.0019989193963351232
2021-10-07,balanced_adaptive,balanced,adaptive,0.0069114652101120999,0,0.001,0,0.0069114652101120999,1.1952752408581897,1.1929053900553368,0.0019989193963351232
2021-10-08,balanced_adaptive,balanced,adaptive,-0.0030145913312064065,0,0.001,0,-0.0030145913312064065,1.191671974478693,1.1893092678075265,0.0019989193963351232
2021-10-11,balanced_adaptive,balanced,adaptive,-0.0047647366685420467,0,0.001,0,-0.0047647366685420467,1.1859939713250205,1.1836425223289671,0.0019989193963351232
2021-10-12,balanced_adaptive,balanced,adaptive,-0.0010184703390444527,0,0.001,0,-0.0010184703390444527,1.1847860716429404,1.1824370175279433,0.0019989193963351232
2021-10-13,balanced_adaptive,balanced,adaptive,0.0066842696764781717,0,0.001,0,0.0066842696764781717,1.192705501254737,1.1903407454285506,0.0019989193963351232
2021-10-14,balanced_adaptive,balanced,adaptive,0.0080723818867032282,0,0.001,0,0.0080723818867032282,1.202333475539237,1.1999496305009529,0.0019989193963351232
2021-10-15,balanced_adaptive,balanced,adaptive,0.0065398671053928936,0,0.001,0,0.0065398671053928936,1.2101965766856286,1.2077971416175945,0.0019989193963351232
2021-10-18,balanced_adaptive,balanced,adaptive,-0.0036477092153676116,0,0.001,0,-0.0036477092153676116,1.2057821314804462,1.2033914488538213,0.0019989193963351232
2021-10-19,balanced_adaptive,balanced,adaptive,0.008177976230611117,0,0.001,0,0.008177976230611117,1.215642989090989,1.2132327555186686,0.0019989193963351232
2021-10-20,balanced_adaptive,balanced,adaptive,0.014937702366034644,0,0.001,0,0.014937702366034644,1.233801902245387,1.2313556653213305,0.0019989193963351232
2021-10-21,balanced_adaptive,balanced,adaptive,0.0015145384693984187,0,0.001,0,0.0015145384693984187,1.2356705426899546,1.2332206008459712,0.0019989193963351232
2021-10-22,balanced_adaptive,balanced,adaptive,0.00054356385242471106,0,0.001,0,0.00054356385242471106,1.2363422085304669,1.2338909349866565,0.0019989193963351232
2021-10-25,balanced_adaptive,balanced,adaptive,0.0076856361480790447,0,0.001,0,0.0076856361480790447,1.2458442848997446,1.2433741717593769,0.0019989193963351232
2021-10-26,balanced_adaptive,balanced,adaptive,0.0036124044075835915,0,0.001,0,0.0036124044075835915,1.2503447782856794,1.2478657420977162,0.0019989193963351232
2021-10-27,balanced_adaptive,balanced,adaptive,-0.016986673047452383,0,0.001,0,-0.016986673047452383,1.2291055803403512,1.2266686547295858,0.0019989193963351232
2021-10-28,balanced_adaptive,balanced,adaptive,0.015005674859873253,0,0.001,0,0.015005674859873253,1.2475491390473943,1.2450756457232561,0.0019989193963351232
2021-10-29,balanced_adaptive,balanced,adaptive,-0.0021721193521931914,0,0.001,0,-0.0021721193521931914,1.2448393134196576,1.2423711928182362,0.0019989193963351232
2021-11-01,balanced_adaptive,balanced,adaptive,0.00053664016477883436,0.29351855736708532,0.001,0.00029351855736708531,0.00024312160741174905,1.2455073441939344,1.2426732400996361,0.0022924379537022084
2021-11-02,balanced_adaptive,balanced,adaptive,0.0074144793832908729,0,0.001,0,0.0074144793832908729,1.2547421327191977,1.2518870152185222,0.0022924379537022084
2021-11-03,balanced_adaptive,balanced,adaptive,0.0059072494469467607,0,0.001,0,0.0059072494469467607,1.2621542074887639,1.2592822240968116,0.0022924379537022084
2021-11-04,balanced_adaptive,balanced,adaptive,4.2038081512485448e-05,0,0.001,0,4.2038081512485448e-05,1.2622072660302197,1.2593351619055955,0.0022924379537022084
2021-11-05,balanced_adaptive,balanced,adaptive,-0.01036998650102805,0,0.001,0,-0.01036998650102805,1.2491181937199869,1.2462758732763646,0.0022924379537022084
2021-11-08,balanced_adaptive,balanced,adaptive,0.0073401732411164655,0,0.001,0,0.0073401732411164655,1.2582869376605221,1.2554237540924369,0.0022924379537022084
2021-11-09,balanced_adaptive,balanced,adaptive,0.010975433194449602,0,0.001,0,0.010975433194449602,1.2720971818842637,1.2692025736362036,0.0022924379537022084
2021-11-10,balanced_adaptive,balanced,adaptive,-0.0026038613212435724,0,0.001,0,-0.0026038613212435724,1.2687848172354923,1.2658977461458896,0.0022924379537022084
2021-11-11,balanced_adaptive,balanced,adaptive,0.0025879704700149109,0,0.001,0,0.0025879704700149109,1.2720683948753011,1.2691738521309737,0.0022924379537022084
2021-11-12,balanced_adaptive,balanced,adaptive,0.0034718930290122962,0,0.001,0,0.0034718930290122962,1.2764848802678954,1.2735802879807918,0.0022924379537022084
2021-11-15,balanced_adaptive,balanced,adaptive,-0.0034772144702795993,0,0.001,0,-0.0034772144702795993,1.2720462685711347,1.2691517761743623,0.0022924379537022084
2021-11-16,balanced_adaptive,balanced,adaptive,-0.011550295095878349,0,0.001,0,-0.011550295095878349,1.2573537587935271,1.2544926986380902,0.0022924379537022084
2021-11-17,balanced_adaptive,balanced,adaptive,-0.0050393703962412495,0,0.001,0,-0.0050393703962412495,1.2510174874838602,1.2481708452702727,0.0022924379537022084
2021-11-18,balanced_adaptive,balanced,adaptive,-0.0099746369043539618,0,0.001,0,-0.0099746369043539618,1.2385390422852116,1.2357207942941011,0.0022924379537022084
2021-11-19,balanced_adaptive,balanced,adaptive,0.00097026327883487085,0,0.001,0,0.00097026327883487085,1.2397407512373442,1.2369197688036973,0.0022924379537022084
2021-11-22,balanced_adaptive,balanced,adaptive,-0.0041663223304976293,0,0.001,0,-0.0041663223304976293,1.234575591661436,1.2317663623498964,0.0022924379537022084
2021-11-23,balanced_adaptive,balanced,adaptive,0.0059688212453030687,0,0.001,0,0.0059688212453030687,1.2419445526818775,1.2391185555827402,0.0022924379537022084
2021-11-24,balanced_adaptive,balanced,adaptive,-0.003928390558789574,0,0.001,0,-0.003928390558789574,1.237065709426582,1.2342508139477679,0.0022924379537022084
2021-11-26,balanced_adaptive,balanced,adaptive,-0.020689146306222428,0,0.001,0,-0.020689146306222428,1.2114718759738445,1.2087152182794285,0.0022924379537022084
2021-11-29,balanced_adaptive,balanced,adaptive,0.008788991133827917,0,0.001,0,0.008788991133827917,1.2221194915506606,1.2193386056162092,0.0022924379537022084
2021-11-30,balanced_adaptive,balanced,adaptive,-0.01514562970897082,0,0.001,0,-0.01514562970897082,1.2036097222715185,1.2008709546056933,0.0022924379537022084
2021-12-01,balanced_adaptive,balanced,adaptive,-0.0052887228724127766,0.35345381096635059,0.001,0.0003534538109663506,-0.0056421766833791272,1.1972441640038827,1.1940954285058698,0.002645891764668559
2021-12-02,balanced_adaptive,balanced,adaptive,0.020489261481914767,0,0.001,0,0.020489261481914767,1.2217748127378547,1.2185615619748855,0.002645891764668559
2021-12-03,balanced_adaptive,balanced,adaptive,-0.0044634430133944081,0,0.001,0,-0.0044634430133944081,1.2163214904859987,1.2131225818846978,0.002645891764668559
2021-12-06,balanced_adaptive,balanced,adaptive,0.011795465356589041,0,0.001,0,0.011795465356589041,1.2306685684895011,1.2274319272726146,0.002645891764668559
2021-12-07,balanced_adaptive,balanced,adaptive,0.0020926946677515268,0,0.001,0,0.0020926946677515268,1.2332439820405485,1.2300005675218459,0.002645891764668559
2021-12-08,balanced_adaptive,balanced,adaptive,0.005841005808981059,0,0.001,0,0.005841005808981059,1.2404473673035383,1.237185007981791,0.002645891764668559
2021-12-09,balanced_adaptive,balanced,adaptive,-0.010574251100304854,0,0.001,0,-0.010574251100304854,1.2273305653649587,1.2241027030498588,0.002645891764668559
2021-12-10,balanced_adaptive,balanced,adaptive,0.0011641312580858987,0,0.001,0,0.0011641312580858987,1.2287593392401042,1.2255277192695866,0.002645891764668559
2021-12-13,balanced_adaptive,balanced,adaptive,-0.0086111490320087691,0,0.001,0,-0.0086111490320087691,1.218178309445435,1.2149745174360984,0.002645891764668559
2021-12-14,balanced_adaptive,balanced,adaptive,-0.0026792016969779953,0,0.001,0,-0.0026792016969779953,1.2149145640515471,1.2117193556471986,0.002645891764668559
2021-12-15,balanced_adaptive,balanced,adaptive,0.016584731142668341,0,0.001,0,0.016584731142668341,1.2350635954576541,1.2318153953809747,0.002645891764668559
2021-12-16,balanced_adaptive,balanced,adaptive,0.0026869126665329812,0,0.001,0,0.0026869126665329812,1.238382103476263,1.2351251757696542,0.002645891764668559
2021-12-17,balanced_adaptive,balanced,adaptive,-0.01374191278583603,0,0.001,0,-0.01374191278583603,1.2213643646147521,1.2181521933246373,0.002645891764668559
2021-12-20,balanced_adaptive,balanced,adaptive,-0.00062755290005400699,0,0.001,0,-0.00062755290005400699,1.2205978938657154,1.2173877383830092,0.002645891764668559
2021-12-21,balanced_adaptive,balanced,adaptive,0.0047954172620512381,0,0.001,0,0.0047954172620512381,1.2264511700759824,1.2232256205582606,0.002645891764668559
2021-12-22,balanced_adaptive,balanced,adaptive,0.0094856521110597836,0,0.001,0,0.0094856521110597836,1.2380848592065254,1.2348287132482114,0.002645891764668559
2021-12-23,balanced_adaptive,balanced,adaptive,0.0082411842376914901,0,0.001,0,0.0082411842376914901,1.2482881446331429,1.2450051641760815,0.002645891764668559
2021-12-27,balanced_adaptive,balanced,adaptive,0.013373670216831446,0,0.001,0,0.013373670216831446,1.2649823386150469,1.2616554526600245,0.002645891764668559
2021-12-28,balanced_adaptive,balanced,adaptive,-0.0064284472567873729,0,0.001,0,-0.0064284472567873729,1.2568504663704925,1.2535449671263614,0.002645891764668559
2021-12-29,balanced_adaptive,balanced,adaptive,-0.00030468327069843593,0,0.001,0,-0.00030468327069843593,1.2564675250596198,1.2531630329458099,0.002645891764668559
2021-12-30,balanced_adaptive,balanced,adaptive,0.0013649786464628999,0,0.001,0,0.0013649786464628999,1.2581825764013002,1.2548735737263177,0.002645891764668559
2021-12-31,balanced_adaptive,balanced,adaptive,-0.0045363833659609609,0,0.001,0,-0.0045363833659609609,1.2524749778903714,1.2491809861200815,0.002645891764668559
2022-01-03,balanced_adaptive,balanced,adaptive,-0.0085051648641751854,0.1187045480959556,0.001,0.00011870454809595561,-0.0086238694122711401,1.2418224717151596,1.2384082124234899,0.0027645963127645146
2022-01-04,balanced_adaptive,balanced,adaptive,-0.0022141563247172202,0,0.001,0,-0.0022141563247172202,1.2390728826352355,1.2356661830473707,0.0027645963127645146
2022-01-05,balanced_adaptive,balanced,adaptive,-0.0094006069540729653,0,0.001,0,-0.0094006069540729653,1.2274248454781316,1.2240501709341027,0.0027645963127645146
2022-01-06,balanced_adaptive,balanced,adaptive,-0.003935187073514812,0,0.001,0,-0.003935187073514812,1.2225946990924952,1.2192333045241093,0.0027645963127645146
2022-01-07,balanced_adaptive,balanced,adaptive,-0.0099744963014696264,0,0.001,0,-0.0099744963014696264,1.2103999327882007,1.207072066437505,0.0027645963127645146
2022-01-10,balanced_adaptive,balanced,adaptive,-0.0042581138745092506,0,0.001,0,-0.0042581138745092506,1.2052459120406902,1.2019322161238748,0.0027645963127645146
2022-01-11,balanced_adaptive,balanced,adaptive,0.010475747532949109,0,0.001,0,0.010475747532949109,1.2178717639303476,1.2145233545717065,0.0027645963127645146
2022-01-12,balanced_adaptive,balanced,adaptive,0.0064275455081501676,0,0.001,0,0.0064275455081501676,1.225699690116101,1.2223297587039272,0.0027645963127645146
2022-01-13,balanced_adaptive,balanced,adaptive,-0.012788243210301253,0,0.001,0,-0.012788243210301253,1.2100251443761054,1.2066983084664327,0.0027645963127645146
2022-01-14,balanced_adaptive,balanced,adaptive,-0.0027442366759967696,0,0.001,0,-0.0027442366759967696,1.2067045489960302,1.2033868427114758,0.0027645963127645146
2022-01-18,balanced_adaptive,balanced,adaptive,-0.0068548616399604079,0,0.001,0,-0.0068548616399604079,1.1984327562723516,1.1951377924053399,0.0027645963127645146
2022-01-19,balanced_adaptive,balanced,adaptive,-0.0073295124462053884,0,0.001,0,-0.0073295124462053884,1.1896488284693132,1.1863780150809746,0.0027645963127645146
2022-01-20,balanced_adaptive,balanced,adaptive,-0.013702620083516748,0,0.001,0,-0.013702620083516748,1.1733475225399974,1.1701215278648833,0.0027645963127645146
2022-01-21,balanced_adaptive,balanced,adaptive,-0.014537672622875419,0,0.001,0,-0.014537672622875419,1.156289780384449,1.1531106841638048,0.0027645963127645146
2022-01-24,balanced_adaptive,balanced,adaptive,-0.0036830546808823694,0,0.001,0,-0.0036830546808823694,1.1520311018963476,1.1488637144609197,0.0027645963127645146
2022-01-25,balanced_adaptive,balanced,adaptive,0.0010042366877183184,0,0.001,0,0.0010042366877183184,1.1531880137942645,1.1500174455521697,0.0027645963127645146
2022-01-26,balanced_adaptive,balanced,adaptive,-0.01384612618200598,0,0.001,0,-0.01384612618200598,1.1372208270436923,1.1340941588895461,0.0027645963127645146
2022-01-27,balanced_adaptive,balanced,adaptive,-0.0033195975309500136,0,0.001,0,-0.0033195975309500136,1.1334457115940932,1.1303294227198315,0.0027645963127645146
2022-01-28,balanced_adaptive,balanced,adaptive,0.016618892474751679,0,0.001,0,0.016618892474751679,1.1522823240010438,1.1491142458570605,0.0027645963127645146
2022-01-31,balanced_adaptive,balanced,adaptive,0.0047698501153399242,0,0.001,0,0.0047698501153399242,1.1577785379770844,1.1545953485752005,0.0027645963127645146
2022-02-01,balanced_adaptive,balanced,adaptive,0.0074061047648512623,0.31334815171253722,0.001,0.0003133481517125372,0.0070927566131387251,1.166353167123839,1.1627846123693064,0.0030779444644770519
2022-02-02,balanced_adaptive,balanced,adaptive,-0.002328713398089155,0,0.001,0,-0.002328713398089155,1.1636370648766539,1.1600768202633902,0.0030779444644770519
2022-02-03,balanced_adaptive,balanced,adaptive,-0.009782443362340798,0,0.001,0,-0.009782443362340798,1.1522538511951774,1.1487284344731992,0.0030779444644770519
2022-02-04,balanced_adaptive,balanced,adaptive,0.0096661461225697742,0,0.001,0,0.0096661461225697742,1.1633917052911238,1.159832211375968,0.0030779444644770519
2022-02-07,balanced_adaptive,balanced,adaptive,0.0070680352580523298,0,0.001,0,0.0070680352580523298,1.1716145988830471,1.1680299463393982,0.0030779444644770519
2022-02-08,balanced_adaptive,balanced,adaptive,-0.0028843986039895908,0,0.001,0,-0.0028843986039895908,1.1682351953696151,1.1646608823927587,0.0030779444644770519
2022-02-09,balanced_adaptive,balanced,adaptive,0.011764857376203919,0,0.001,0,0.011764857376203919,1.1819793158250003,1.1783629515657532,0.0030779444644770519
2022-02-10,balanced_adaptive,balanced,adaptive,-0.01832720173831881,0,0.001,0,-0.01832720173831881,1.1603169424533555,1.1567668560314468,0.0030779444644770519
2022-02-11,balanced_adaptive,balanced,adaptive,-0.013710117745836192,0,0.001,0,-0.013710117745836192,1.1444088605498313,1.1409074462307749,0.0030779444644770519
2022-02-14,balanced_adaptive,balanced,adaptive,-0.010055040066846432,0,0.001,0,-0.010055040066846432,1.1329017836041486,1.129435576146361,0.0030779444644770519
2022-02-15,balanced_adaptive,balanced,adaptive,0.011386155250447505,0,0.001,0,0.011386155250447505,1.1458011791957743,1.142295504961742,0.0030779444644770519
2022-02-16,balanced_adaptive,balanced,adaptive,-0.0021709921450839831,0,0.001,0,-0.0021709921450839831,1.1433136538359123,1.1398155903931053,0.0030779444644770519
2022-02-17,balanced_adaptive,balanced,adaptive,-0.02453799022195402,0,0.001,0,-0.02453799022195402,1.1152590345774602,1.1118468065812086,0.0030779444644770519
2022-02-18,balanced_adaptive,balanced,adaptive,-0.0064972084573023947,0,0.001,0,-0.0064972084573023947,1.1080129641459207,1.1046229061062645,0.0030779444644770519
2022-02-22,balanced_adaptive,balanced,adaptive,-0.0019089212229479458,0,0.001,0,-0.0019089212229479458,1.1058978546833611,1.1025142679974438,0.0030779444644770519
2022-02-23,balanced_adaptive,balanced,adaptive,-0.0012395736900310261,0,0.001,0,-0.0012395736900310261,1.1045270127988338,1.1011476203179504,0.0030779444644770519
2022-02-24,balanced_adaptive,balanced,adaptive,-0.00019459310681435582,0,0.001,0,-0.00019459310681435582,1.104312079455853,1.1009333445814515,0.0030779444644770519
2022-02-25,balanced_adaptive,balanced,adaptive,0.027360819778691203,0,0.001,0,0.027360819778691203,1.1345269632412762,1.1310557834108963,0.0030779444644770519
2022-02-28,balanced_adaptive,balanced,adaptive,0.0067242389728074947,0,0.001,0,0.0067242389728074947,1.1421557936632041,1.1386612727901271,0.0030779444644770519
2022-03-01,balanced_adaptive,balanced,adaptive,-0.0070801518479025605,0.48603398097383621,0.001,0.00048603398097383621,-0.0075661858288763968,1.1340691572101069,1.1300459500040521,0.0035639784454508882
2022-03-02,balanced_adaptive,balanced,adaptive,0.0082544391428240882,0,0.001,0,0.0082544391428240882,1.1434302620520516,1.1393738455269553,0.0035639784454508882
2022-03-03,balanced_adaptive,balanced,adaptive,-0.0026160451306106447,0,0.001,0,-0.0026160451306106447,1.1404389968828175,1.1363931921264194,0.0035639784454508882
2022-03-04,balanced_adaptive,balanced,adaptive,-0.010152330942898802,0,0.001,0,-0.010152330942898802,1.1288608827662756,1.1248561523586948,0.0035639784454508882
2022-03-07,balanced_adaptive,balanced,adaptive,-0.019936174536147822,0,0.001,0,-0.019936174536147822,1.1063557151804173,1.1024308237772122,0.0035639784454508882
2022-03-08,balanced_adaptive,balanced,adaptive,-0.015078434200421653,0,0.001,0,-0.015078434200421653,1.0896736033268088,1.085807893140371,0.0035639784454508882
2022-03-09,balanced_adaptive,balanced,adaptive,0.016908023339266443,0,0.001,0,0.016908023339266443,1.1080978300440412,1.104166758339548,0.0035639784454508882
2022-03-10,balanced_adaptive,balanced,adaptive,-0.012687286555722821,0,0.001,0,-0.012687286555722821,1.0940390753424978,1.0901578782711907,0.0035639784454508882
2022-03-11,balanced_adaptive,balanced,adaptive,-0.0063224532254140264,0,0.001,0,-0.0063224532254140264,1.0871220644618695,1.0832654060775044,0.0035639784454508882
2022-03-14,balanced_adaptive,balanced,adaptive,-0.00060336539768335307,0,0.001,0,-0.00060336539768335307,1.0864661326251153,1.0826118012149699,0.0035639784454508882
2022-03-15,balanced_adaptive,balanced,adaptive,0.0098759731964028763,0,0.001,0,0.0098759731964028763,1.0971960430297203,1.0933036463458783,0.0035639784454508882
2022-03-16,balanced_adaptive,balanced,adaptive,0.013979571519411538,0,0.001,0,0.013979571519411538,1.1125343735840696,1.108587562862404,0.0035639784454508882
2022-03-17,balanced_adaptive,balanced,adaptive,0.01182513526077944,0,0.001,0,0.01182513526077944,1.1256902430339677,1.1216967607416697,0.0035639784454508882
2022-03-18,balanced_adaptive,balanced,adaptive,0.0094659088220780951,0,0.001,0,0.0094659088220780951,1.1363459242364302,1.1323146400048707,0.0035639784454508882
2022-03-21,balanced_adaptive,balanced,adaptive,0.0035823451916412452,0,0.001,0,0.0035823451916412452,1.1404167075941598,1.1363709819109171,0.0035639784454508882
2022-03-22,balanced_adaptive,balanced,adaptive,0.013251635845793031,0,0.001,0,0.013251635845793031,1.1555290945156558,1.1514297563489269,0.0035639784454508882
2022-03-23,balanced_adaptive,balanced,adaptive,-0.0037886603265455676,0,0.001,0,-0.0037886603265455676,1.1511511872790952,1.1470673801122437,0.0035639784454508882
2022-03-24,balanced_adaptive,balanced,adaptive,0.0087384786196174069,0,0.001,0,0.0087384786196174069,1.1612104973170807,1.1570910038886151,0.0035639784454508882
2022-03-25,balanced_adaptive,balanced,adaptive,0.0055966631891795071,0,0.001,0,0.0055966631891795071,1.1677094013623039,1.1635668525166092,0.0035639784454508882
2022-03-28,balanced_adaptive,balanced,adaptive,0.0048863437475386018,0,0.001,0,0.0048863437475386018,1.1734152308945927,1.169252440131247,0.0035639784454508882
2022-03-29,balanced_adaptive,balanced,adaptive,0.0168144032108557,0,0.001,0,0.0168144032108557,1.1931455077206137,1.1889127221148907,0.0035639784454508882
2022-03-30,balanced_adaptive,balanced,adaptive,-0.0023641384498124252,0,0.001,0,-0.0023641384498124252,1.1903247465495903,1.1861019678350677,0.0035639784454508882
2022-03-31,balanced_adaptive,balanced,adaptive,-0.012273665311058446,0,0.001,0,-0.012273665311058446,1.1757150989989702,1.1715441492570722,0.0035639784454508882
2022-04-01,balanced_adaptive,balanced,adaptive,0.0089014366738120465,0.4050049640979515,0.001,0.00040500496409795152,0.0084964317097140953,1.1861806524991543,1.1814980941161499,0.0039689834095488399
2022-04-04,balanced_adaptive,balanced,adaptive,0.0051340432328050856,0,0.001,0,0.0051340432328050856,1.1922705552510018,1.1875639564108191,0.0039689834095488399
2022-04-05,balanced_adaptive,balanced,adaptive,-0.0091351844184184294,0,0.001,0,-0.0091351844184184294,1.1813789438521338,1.1767153406603397,0.0039689834095488399
2022-04-06,balanced_adaptive,balanced,adaptive,-0.0054171609813435939,0,0.001,0,-0.0054171609813435939,1.1749792239333172,1.1703408842307661,0.0039689834095488399
2022-04-07,balanced_adaptive,balanced,adaptive,0.0076490777738182913,0,0.001,0,0.0076490777738182913,1.1839667313998039,1.1792929126761265,0.0039689834095488399
2022-04-08,balanced_adaptive,balanced,adaptive,-0.00068537143982083659,0,0.001,0,-0.00068537143982083659,1.1831552744164044,1.1784846589945952,0.0039689834095488399
2022-04-11,balanced_adaptive,balanced,adaptive,-0.02393641733526819,0,0.001,0,-0.02393641733526819,1.1548347759955497,1.1502759583736895,0.0039689834095488399
2022-04-12,balanced_adaptive,balanced,adaptive,-0.00014435882453678328,0,0.001,0,-0.00014435882453678328,1.1546680654047528,1.1501099058884456,0.0039689834095488399
2022-04-13,balanced_adaptive,balanced,adaptive,0.0051998373803658904,0,0.001,0,0.0051998373803658904,1.1606721515731591,1.1560902903686134,0.0039689834095488399
2022-04-14,balanced_adaptive,balanced,adaptive,-0.004981469985328002,0,0.001,0,-0.004981469985328002,1.1548902980872913,1.1503312612868131,0.0039689834095488399
2022-04-18,balanced_adaptive,balanced,adaptive,-0.0046508688042672386,0,0.001,0,-0.0046508688042672386,1.1495190548275662,1.1449812215091209,0.0039689834095488399
2022-04-19,balanced_adaptive,balanced,adaptive,0.011394188398432314,0,0.001,0,0.011394188398432314,1.1626168915058595,1.158027353259663,0.0039689834095488399
2022-04-20,balanced_adaptive,balanced,adaptive,-0.0023289970229839474,0,0.001,0,-0.0023289970229839474,1.1599091602266713,1.1553303110013873,0.0039689834095488399
2022-04-21,balanced_adaptive,balanced,adaptive,-0.010307824693887246,0,0.001,0,-0.010307824693887246,1.1479530199422208,1.1434213686920507,0.0039689834095488399
2022-04-22,balanced_adaptive,balanced,adaptive,-0.016840922195015207,0,0.001,0,-0.016840922195015207,1.128620432449841,1.12416509838579,0.0039689834095488399
2022-04-25,balanced_adaptive,balanced,adaptive,0.0029288762604300356,0,0.001,0,0.0029288762604300356,1.1319260220414795,1.1274576388552562,0.0039689834095488399
2022-04-26,balanced_adaptive,balanced,adaptive,-0.015984675346100374,0,0.001,0,-0.015984675346100374,1.1138325520633436,1.1094355945316741,0.0039689834095488399
2022-04-27,balanced_adaptive,balanced,adaptive,0.0026076495853812887,0,0.001,0,0.0026076495853812887,1.1167370370559158,1.1123286137997619,0.0039689834095488399
2022-04-28,balanced_adaptive,balanced,adaptive,0.010425230222290249,0,0.001,0,0.010425230222290249,1.1283792777649819,1.1239248956814654,0.0039689834095488399
2022-04-29,balanced_adaptive,balanced,adaptive,-0.033193408202388586,0,0.001,0,-0.033193408202388586,1.0909245237910126,1.0866179978302835,0.0039689834095488399
2022-05-02,balanced_adaptive,balanced,adaptive,0.0018665365426662195,0.3485315696446552,0.001,0.00034853156964465519,0.0015180049730215642,1.0929607742799592,1.0882674893547644,0.0043175149791934951
2022-05-03,balanced_adaptive,balanced,adaptive,-0.00019456566505937634,0,0.001,0,-0.00019456566505937634,1.0927481216400277,1.0880557498669357,0.0043175149791934951
2022-05-04,balanced_adaptive,balanced,adaptive,0.04228801207537991,0,0.001,0,0.04228801207537991,1.1389582674032899,1.1340674645559952,0.0043175149791934951
2022-05-05,balanced_adaptive,balanced,adaptive,-0.033282893985124407,0,0.001,0,-0.033282893985124407,1.1010504401358252,1.0963224173611992,0.0043175149791934951
2022-05-06,balanced_adaptive,balanced,adaptive,-0.0041546443448198245,0,0.001,0,-0.0041546443448198245,1.0964759671513535,1.0917675876298103,0.0043175149791934951
2022-05-09,balanced_adaptive,balanced,adaptive,-0.038981692411929947,0,0.001,0,-0.038981692411929947,1.0537334782627861,1.0492086393435103,0.0043175149791934951
2022-05-10,balanced_adaptive,balanced,adaptive,-0.0026782874293912462,0,0.001,0,-0.0026782874293912462,1.0509112771340261,1.0463985570339478,0.0043175149791934951
2022-05-11,balanced_adaptive,balanced,adaptive,-0.01254808770494642,0,0.001,0,-0.01254808770494642,1.037724350258431,1.0332682561659565,0.0043175149791934951
2022-05-12,balanced_adaptive,balanced,adaptive,0.00024868172934278121,0,0.001,0,0.00024868172934278121,1.0379824133444344,1.0335252111027748,0.0043175149791934951
2022-05-13,balanced_adaptive,balanced,adaptive,0.019762909792699679,0,0.001,0,0.019762909792699679,1.0584959661457691,1.0539506766182798,0.0043175149791934951
2022-05-16,balanced_adaptive,balanced,adaptive,-0.0047924590555196156,0,0.001,0,-0.0047924590555196156,1.0534231675675829,1.0488996611540495,0.0043175149791934951
2022-05-17,balanced_adaptive,balanced,adaptive,0.019562639937084958,0,0.001,0,0.019562639937084958,1.0740309056960911,1.0694189075553366,0.0043175149791934951
2022-05-18,balanced_adaptive,balanced,adaptive,-0.021241317292710393,0,0.001,0,-0.021241317292710393,1.0512170744460232,1.04670304122113,0.0043175149791934951
2022-05-19,balanced_adaptive,balanced,adaptive,0.0046198548999554223,0,0.001,0,0.0046198548999554223,1.0560735447983194,1.0515386573949137,0.0043175149791934951
2022-05-20,balanced_adaptive,balanced,adaptive,-0.0030258523008287463,0,0.001,0,-0.0030258523008287463,1.052878022232947,1.0483568567290249,0.0043175149791934951
2022-05-23,balanced_adaptive,balanced,adaptive,0.0076452363691610348,0,0.001,0,0.0076452363691610348,1.0609275235808127,1.056371792697949,0.0043175149791934951
2022-05-24,balanced_adaptive,balanced,adaptive,0.0097080807932863333,0,0.001,0,0.0097080807932863333,1.0712270936955564,1.0666271354092094,0.0043175149791934951
2022-05-25,balanced_adaptive,balanced,adaptive,0.0056566056810098964,0,0.001,0,0.0056566056810098964,1.0772866029594064,1.0726606245228845,0.0043175149791934951
2022-05-26,balanced_adaptive,balanced,adaptive,-0.0024021794596852386,0,0.001,0,-0.0024021794596852386,1.0746987672095831,1.0700839012034424,0.0043175149791934951
2022-05-27,balanced_adaptive,balanced,adaptive,0.0054671358167293072,0,0.001,0,0.0054671358167293072,1.0805742913319896,1.0759341952266173,0.0043175149791934951
2022-05-31,balanced_adaptive,balanced,adaptive,-0.0038130940400995517,0,0.001,0,-0.0038130940400995517,1.0764539599418268,1.0718315569592594,0.0043175149791934951
2022-06-01,balanced_adaptive,balanced,adaptive,-0.010495381354367228,0.28831424894776092,0.001,0.00028831424894776092,-0.010783695603314989,1.0651561651218187,1.0602732517109836,0.0046058292281412555
2022-06-02,balanced_adaptive,balanced,adaptive,0.0076247825188127116,0,0.001,0,0.0076247825188127116,1.0732777492294452,1.0683576046657943,0.0046058292281412555
2022-06-03,balanced_adaptive,balanced,adaptive,-0.0081466043560579626,0,0.001,0,-0.0081466043560579626,1.0645341800423125,1.0596541179497962,0.0046058292281412555
2022-06-06,balanced_adaptive,balanced,adaptive,0.0047830411339770951,0,0.001,0,0.0047830411339770951,1.0696258908139795,1.0647224871837384,0.0046058292281412555
2022-06-07,balanced_adaptive,balanced,adaptive,0.0075552187080607514,0,0.001,0,0.0075552187080607514,1.0777071483548835,1.0727666984378019,0.0046058292281412555
2022-06-08,balanced_adaptive,balanced,adaptive,-0.013278232874352813,0,0.001,0,-0.013278232874352813,1.0633971018686725,1.0585222523960942,0.0046058292281412555
2022-06-09,balanced_adaptive,balanced,adaptive,-0.020174277954032038,0,0.001,0,-0.020174277954032038,1.0419438331600619,1.0371673302557274,0.0046058292281412555
2022-06-10,balanced_adaptive,balanced,adaptive,-0.021139991282774551,0,0.001,0,-0.021139991282774551,1.0199171496099175,1.0152416219353428,0.0046058292281412555
2022-06-13,balanced_adaptive,balanced,adaptive,-0.04984915608624263,0,0.001,0,-0.04984915608624263,0.96907514042397702,0.96463268385823786,0.0046058292281412555
2022-06-14,balanced_adaptive,balanced,adaptive,-0.017963884212653158,0,0.001,0,-0.017963884212653158,0.95166678680804007,0.94730413401766767,0.0046058292281412555
2022-06-15,balanced_adaptive,balanced,adaptive,0.012242411422753507,0,0.001,0,0.012242411422753507,0.96331748314951393,0.95890142096878717,0.0046058292281412555
2022-06-16,balanced_adaptive,balanced,adaptive,-0.025022976375337569,0,0.001,0,-0.025022976375337569,0.93921241252671395,0.93490685336560753,0.0046058292281412555
2022-06-17,balanced_adaptive,balanced,adaptive,0.0044415170467337894,0,0.001,0,0.0044415170467337894,0.94338394046745533,0.93905925809193913,0.0046058292281412555
2022-06-21,balanced_adaptive,balanced,adaptive,0.017356998460020368,0,0.001,0,0.017356998460020368,0.95975825406935689,0.95535850818850876,0.0046058292281412555
2022-06-22,balanced_adaptive,balanced,adaptive,-0.001371415830422773,0,0.001,0,-0.001371415830422773,0.95844202640634724,0.95404831440664994,0.0046058292281412555
2022-06-23,balanced_adaptive,balanced,adaptive,0.017567655134336224,0,0.001,0,0.017567655134336224,0.97527960539250835,0.97080870617564075,0.0046058292281412555
2022-06-24,balanced_adaptive,balanced,adaptive,0.018659221005784099,0,0.001,0,0.018659221005784099,0.99347756309196111,0.98892324037851131,0.0046058292281412555
2022-06-27,balanced_adaptive,balanced,adaptive,-0.0044566078266742304,0,0.001,0,-0.0044566078266742304,0.9890500232086602,0.98451599732546036,0.0046058292281412555
2022-06-28,balanced_adaptive,balanced,adaptive,-0.014884412981190365,0,0.001,0,-0.014884412981190365,0.97432859420416662,0.96986205463467967,0.0046058292281412555
2022-06-29,balanced_adaptive,balanced,adaptive,7.072599825019843e-05,0,0.001,0,7.072599825019843e-05,0.97439750456661545,0.96993064909665871,0.0046058292281412555
2022-06-30,balanced_adaptive,balanced,adaptive,-0.008812129220933218,0,0.001,0,-0.008812129220933218,0.96581098784381958,0.96138349488147534,0.0046058292281412555
2022-07-01,balanced_adaptive,balanced,adaptive,0.013383962424510454,0.4284836682265975,0.001,0.00042848366822659749,0.012955478756283856,0.9787373658143006,0.9738386783260542,0.0050343128963678532
2022-07-05,balanced_adaptive,balanced,adaptive,-0.00086640853816999375,0,0.001,0,-0.00086640853816999375,0.97788937940393306,0.97299493618035238,0.0050343128963678532
2022-07-06,balanced_adaptive,balanced,adaptive,0.0021460602843610399,0,0.001,0,0.0021460602843610399,0.97998798896357031,0.97508304196977347,0.0050343128963678532
2022-07-07,balanced_adaptive,balanced,adaptive,0.0049330386747015176,0,0.001,0,0.0049330386747015176,0.98482230761387057,0.97989316432685591,0.0050343128963678532
2022-07-08,balanced_adaptive,balanced,adaptive,-0.0020145037114995823,0,0.001,0,-0.0020145037114995823,0.98283837942001484,0.97791916591044636,0.0050343128963678532
2022-07-11,balanced_adaptive,balanced,adaptive,-0.0044603797958252533,0,0.001,0,-0.0044603797958252533,0.97845454696988821,0.97355727502086908,0.0050343128963678532
2022-07-12,balanced_adaptive,balanced,adaptive,-0.0061835003959590518,0,0.001,0,-0.0061835003959590518,0.97240427289127196,0.96753728322528876,0.0050343128963678532
2022-07-13,balanced_adaptive,balanced,adaptive,0.0006610830127440348,0,0.001,0,0.0006610830127440348,0.97304711283760015,0.96817690568742554,0.0050343128963678532
2022-07-14,balanced_adaptive,balanced,adaptive,0.00023763566341017395,0,0.001,0,0.00023763566341017395,0.97327834353378861,0.96840697904870698,0.0050343128963678532
2022-07-15,balanced_adaptive,balanced,adaptive,0.011495831953362901,0,0.001,0,0.011495831953362901,0.9844669878149005,0.97953962294231478,0.0050343128963678532
2022-07-18,balanced_adaptive,balanced,adaptive,-0.0044188087378281837,0,0.001,0,-0.0044188087378281837,0.98011681648704063,0.9752112246974084,0.0050343128963678532
2022-07-19,balanced_adaptive,balanced,adaptive,0.014902924130413941,0,0.001,0,0.014902924130413941,0.99472342304208983,0.98974472359020194,0.0050343128963678532
2022-07-20,balanced_adaptive,balanced,adaptive,-0.0051543432620804186,0,0.001,0,-0.0051543432620804186,0.9895962770688993,0.98464323954298516,0.0050343128963678532
2022-07-21,balanced_adaptive,balanced,adaptive,0.005441000806395202,0,0.001,0,0.005441000806395202,0.99498067121043687,0.99000068420335008,0.0050343128963678532
2022-07-22,balanced_adaptive,balanced,adaptive,-0.001251021890602777,0,0.001,0,-0.001251021890602777,0.99373592861002602,0.98876217167569991,0.0050343128963678532
2022-07-25,balanced_adaptive,balanced,adaptive,-0.0037918735934452386,0,0.001,0,-0.0037918735934452386,0.98996780758347191,0.98501291050672524,0.0050343128963678532
2022-07-26,balanced_adaptive,balanced,adaptive,-0.0028670285014268382,0,0.001,0,-0.0028670285014268382,0.98712954166363509,0.98218885041802906,0.0050343128963678532
2022-07-27,balanced_adaptive,balanced,adaptive,0.0073299616722901639,0,0.001,0,0.0073299616722901639,0.99436516336961489,0.98938825704654398,0.0050343128963678532
2022-07-28,balanced_adaptive,balanced,adaptive,0.010251109120415824,0,0.001,0,0.010251109120415824,1.004558509164857,0.99953058403198614,0.0050343128963678532
2022-07-29,balanced_adaptive,balanced,adaptive,0.0030401158963557773,0,0.001,0,0.0030401158963557773,1.0076124834573885,1.0025692728493956,0.0050343128963678532
2022-08-01,balanced_adaptive,balanced,adaptive,-0.0045234275304781857,0.068657034270293807,0.001,6.8657034270293814e-05,-0.0045920845647484795,1.0030546214096638,0.99796538996645279,0.005102969930638147
2022-08-02,balanced_adaptive,balanced,adaptive,-0.0080692858127775491,0,0.001,0,-0.0080692858127775491,0.9949606869836819,0.98991252200355351,0.005102969930638147
2022-08-03,balanced_adaptive,balanced,adaptive,0.014340344058245247,0,0.001,0,0.014340344058245247,1.0092287655594558,1.0041082081566497,0.005102969930638147
2022-08-04,balanced_adaptive,balanced,adaptive,-0.0044030408234080332,0,0.001,0,-0.0044030408234080332,1.0047850901045399,0.99968707872501683,0.005102969930638147
2022-08-05,balanced_adaptive,balanced,adaptive,-0.00087971271347375701,0,0.001,0,-0.00087971271347375701,1.003901167886466,0.99880764129236699,0.005102969930638147
2022-08-08,balanced_adaptive,balanced,adaptive,0.0056383045942391963,0,0.001,0,0.0056383045942391963,1.0095614684535223,1.004439223005027,0.005102969930638147
2022-08-09,balanced_adaptive,balanced,adaptive,-0.0026824433323088259,0,0.001,0,-0.0026824433323088259,1.0068533770239132,1.0017448717085677,0.005102969930638147
2022-08-10,balanced_adaptive,balanced,adaptive,0.015966881938024313,0,0.001,0,0.015966881938024313,1.0229296860237551,1.0177396138071597,0.005102969930638147
2022-08-11,balanced_adaptive,balanced,adaptive,-0.0023343184670048256,0,0.001,0,-0.0023343184670048256,1.0205418423672223,1.0153638854320473,0.005102969930638147
2022-08-12,balanced_adaptive,balanced,adaptive,0.014422509026092989,0,0.001,0,0.014422509026092989,1.0352606163002691,1.0300079802344597,0.005102969930638147
2022-08-15,balanced_adaptive,balanced,adaptive,0.01181294598724314,0,0.001,0,0.01181294598724314,1.0474900940433443,1.0421754088713988,0.005102969930638147
2022-08-16,balanced_adaptive,balanced,adaptive,0.0094990641713725843,0,0.001,0,0.0094990641713725843,1.0574402696655392,1.0520750999580948,0.005102969930638147
2022-08-17,balanced_adaptive,balanced,adaptive,-0.0066361810817804345,0,0.001,0,-0.0066361810817804345,1.0504229045528719,1.0450933390831405,0.005102969930638147
2022-08-18,balanced_adaptive,balanced,adaptive,-0.004438123178267972,0,0.001,0,-0.004438123178267972,1.0457609983131921,1.0404550861115021,0.005102969930638147
2022-08-19,balanced_adaptive,balanced,adaptive,-0.01437198382917837,0,0.001,0,-0.01437198382917837,1.0307313381562495,1.0255016824389211,0.005102969930638147
2022-08-22,balanced_adaptive,balanced,adaptive,-0.013608138623400823,0,0.001,0,-0.013608138623400823,1.0167050032231357,1.0115465133857615,0.005102969930638147
2022-08-23,balanced_adaptive,balanced,adaptive,-0.0042853886367647531,0,0.001,0,-0.0042853886367647531,1.0123480271553815,1.0072116434517391,0.005102969930638147
2022-08-24,balanced_adaptive,balanced,adaptive,-0.00017822530807998227,0,0.001,0,-0.00017822530807998227,1.0121676011163576,1.0070321328462832,0.005102969930638147
2022-08-25,balanced_adaptive,balanced,adaptive,0.0070742615429471023,0,0.001,0,0.0070742615429471023,1.0193279394519521,1.0141561415361897,0.005102969930638147
2022-08-26,balanced_adaptive,balanced,adaptive,-0.018241585118044412,0,0.001,0,-0.018241585118044412,1.0007337820812385,0.99565632595736986,0.005102969930638147
2022-08-29,balanced_adaptive,balanced,adaptive,-0.00012709033849878093,0,0.001,0,-0.00012709033849878093,1.0006065984861268,0.99552978765787548,0.005102969930638147
2022-08-30,balanced_adaptive,balanced,adaptive,-0.0087592726011735955,0,0.001,0,-0.0087592726011735955,0.99184201252345372,0.98680967086519167,0.005102969930638147
2022-08-31,balanced_adaptive,balanced,adaptive,-0.00080853086621601733,0,0.001,0,-0.00080853086621601733,0.9910400776419187,0.98601180478721673,0.005102969930638147
2022-09-01,balanced_adaptive,balanced,adaptive,0.012569011280877396,0.1810237813154221,0.001,0.0001810237813154221,0.012387987499561973,1.0034964715576016,0.99822650669934143,0.0052839937119535689
2022-09-02,balanced_adaptive,balanced,adaptive,-0.009797436512442359,0,0.001,0,-0.009797436512442359,0.99366477858705604,0.98844644587491748,0.0052839937119535689
2022-09-06,balanced_adaptive,balanced,adaptive,-0.0090006006891252266,0,0.001,0,-0.0090006006891252266,0.98472119869614594,0.97954983411301233,0.0052839937119535689
2022-09-07,balanced_adaptive,balanced,adaptive,0.01855399593450735,0,0.001,0,0.01855399593450735,1.0029917118133775,0.99772439775279254,0.0052839937119535689
2022-09-08,balanced_adaptive,balanced,adaptive,0.0037233477032292406,0,0.001,0,0.0037233477032292406,1.0067261986999159,1.0014392725976211,0.0052839937119535689
2022-09-09,balanced_adaptive,balanced,adaptive,0.017547496303697008,0,0.001,0,0.017547496303697008,1.0243917229504376,1.019012024531905,0.0052839937119535689
2022-09-12,balanced_adaptive,balanced,adaptive,0.0094156482768954497,0,0.001,0,0.0094156482768954497,1.0340370351115018,1.0286066833448246,0.0052839937119535689
2022-09-13,balanced_adaptive,balanced,adaptive,-0.037261982602161181,0,0.001,0,-0.037261982602161181,0.99550676509918667,0.99027875900556306,0.0052839937119535689
2022-09-14,balanced_adaptive,balanced,adaptive,0.0099514893645293867,0,0.001,0,0.0099514893645293867,1.0054135400843882,1.0001335075437263,0.0052839937119535689
2022-09-15,balanced_adaptive,balanced,adaptive,-0.015559660206289183,0,0.001,0,-0.015559660206289183,0.98976964703387282,0.98457177000542173,0.0052839937119535689
2022-09-16,balanced_adaptive,balanced,adaptive,0.0040826430560461091,0,0.001,0,0.0040826430560461091,0.99381052321042085,0.98859142510541342,0.0052839937119535689
2022-09-19,balanced_adaptive,balanced,adaptive,0.0081745446623622264,0,0.001,0,0.0081745446623622264,1.0019344717183301,0.9966727098627659,0.0052839937119535689
2022-09-20,balanced_adaptive,balanced,adaptive,-0.010965439140468436,0,0.001,0,-0.010965439140468436,0.99094782024596528,0.98574375591980001,0.0052839937119535689
2022-09-21,balanced_adaptive,balanced,adaptive,-0.018664265731390794,0,0.001,0,-0.018664265731390794,0.97245250680295214,0.96734557251625364,0.0052839937119535689
2022-09-22,balanced_adaptive,balanced,adaptive,0.017953066189962064,0,0.001,0,0.017953066189962064,0.98991101102418011,0.98471239160820467,0.0052839937119535689
2022-09-23,balanced_adaptive,balanced,adaptive,-0.012005951920323388,0,0.001,0,-0.012005951920323388,0.9780261870204251,0.97288998197920995,0.0052839937119535689
2022-09-26,balanced_adaptive,balanced,adaptive,-0.010413855887676404,0,0.001,0,-0.010413855887676404,0.96784116325442071,0.96275844591231441,0.0052839937119535689
2022-09-27,balanced_adaptive,balanced,adaptive,-0.0065302001406801757,0,0.001,0,-0.0065302001406801757,0.96152096675398058,0.95647144057337674,0.0052839937119535689
2022-09-28,balanced_adaptive,balanced,adaptive,0.017880395438346852,0,0.001,0,0.017880395438346852,0.97871334186180325,0.97357352815631404,0.0052839937119535689
2022-09-29,balanced_adaptive,balanced,adaptive,-0.0071286002958139694,0,0.001,0,-0.0071286002958139694,0.97173648564349013,0.96663331161550226,0.0052839937119535689
2022-09-30,balanced_adaptive,balanced,adaptive,-0.012891765323992055,0,0.001,0,-0.012891765323992055,0.95920908691381346,0.95417170180780186,0.0052839937119535689
2022-10-03,balanced_adaptive,balanced,adaptive,0.025159860038081128,0.39168784179976551,0.001,0.00039168784179976552,0.024768172196281361,0.98334265328782056,0.97780479082299632,0.005675681553753335
2022-10-04,balanced_adaptive,balanced,adaptive,0.02004295073922191,0,0.001,0,0.02004295073922191,1.003051741647444,0.99740288407803679,0.005675681553753335
2022-10-05,balanced_adaptive,balanced,adaptive,-0.0010374986441652467,0,0.001,0,-0.0010374986441652467,1.0020110768254573,0.99636807993811927,0.005675681553753335
2022-10-06,balanced_adaptive,balanced,adaptive,-0.0037202165901816242,0,0.001,0,-0.0037202165901816242,0.99828337859390548,0.99266137487720607,0.005675681553753335
2022-10-07,balanced_adaptive,balanced,adaptive,-0.012561688571328444,0,0.001,0,-0.012561688571328444,0.98574325368607529,0.98019187182921186,0.005675681553753335
2022-10-10,balanced_adaptive,balanced,adaptive,0.00046994446640602483,0,0.001,0,0.00046994446640602483,0.98620649827344209,0.98065250757539413,0.005675681553753335
2022-10-11,balanced_adaptive,balanced,adaptive,0.0085901547273736778,0,0.001,0,0.0085901547273736778,0.9946781646867523,0.98907646434925378,0.005675681553753335
2022-10-12,balanced_adaptive,balanced,adaptive,-0.0011715084670922415,0,0.001,0,-0.0011715084670922415,0.99351289079478999,0.98791775289666695,0.005675681553753335
2022-10-13,balanced_adaptive,balanced,adaptive,0.015214137047605991,0,0.001,0,0.015214137047605991,1.0086283320739051,1.0029480689809998,0.005675681553753335
2022-10-14,balanced_adaptive,balanced,adaptive,-0.0066290957857360056,0,0.001,0,-0.0066290957857360056,1.0019420382483801,0.99629943016360578,0.005675681553753335
2022-10-17,balanced_adaptive,balanced,adaptive,0.011876992381880003,0,0.001,0,0.011876992381880003,1.0138420962037415,1.0081324709057302,0.005675681553753335
2022-10-18,balanced_adaptive,balanced,adaptive,0.0055124632929508532,0,0.001,0,0.0055124632929508532,1.0194308635439131,1.0136897641460298,0.005675681553753335
2022-10-19,balanced_adaptive,balanced,adaptive,-0.010756024669780428,0,0.001,0,-0.010756024669780428,1.0084658400264992,1.0027864920353713,0.005675681553753335
2022-10-20,balanced_adaptive,balanced,adaptive,0.0032893839661320978,0,0.001,0,0.0032893839661320978,1.0117830713910743,1.0060850418437264,0.005675681553753335
2022-10-21,balanced_adaptive,balanced,adaptive,0.020191438919928695,0,0.001,0,0.020191438919928695,1.032212427477285,1.0263993465143679,0.005675681553753335
2022-10-24,balanced_adaptive,balanced,adaptive,0.0099306115125241678,0,0.001,0,0.0099306115125241678,1.0424629280929614,1.0365921196813108,0.005675681553753335
2022-10-25,balanced_adaptive,balanced,adaptive,0.0097525288174504787,0,0.001,0,0.0097525288174504787,1.0526295778403119,1.0467015142004448,0.005675681553753335
2022-10-26,balanced_adaptive,balanced,adaptive,0.01527287168129754,0,0.001,0,0.01527287168129754,1.0687062543106054,1.062687652115448,0.005675681553753335
2022-10-27,balanced_adaptive,balanced,adaptive,-0.001907645412042247,0,0.001,0,-0.001907645412042247,1.0666675417277489,1.0606604208914561,0.005675681553753335
2022-10-28,balanced_adaptive,balanced,adaptive,0.016361266510314554,0,0.001,0,0.016361266510314554,1.0841195736558586,1.0780141687146036,0.005675681553753335
2022-10-31,balanced_adaptive,balanced,adaptive,-0.0077383974266428401,0,0.001,0,-0.0077383974266428401,1.075730225536907,1.0696720666455379,0.005675681553753335
2022-11-01,balanced_adaptive,balanced,adaptive,-0.0021192839882802073,0.15452214096281169,0.001,0.00015452214096281169,-0.0022738061292430188,1.0734504476942175,1.0672398397441192,0.0058302036947161465
2022-11-02,balanced_adaptive,balanced,adaptive,-0.014506439564133444,0,0.001,0,-0.014506439564133444,1.0578785036496494,1.0517579895084357,0.0058302036947161465
2022-11-03,balanced_adaptive,balanced,adaptive,-0.0060832937226580341,0,0.001,0,-0.0060832937226580341,1.0514431179890626,1.0453598367331036,0.0058302036947161465
2022-11-04,balanced_adaptive,balanced,adaptive,0.02853291139585723,0,0.001,0,0.02853291139585723,1.0814438513124285,1.0751869963313971,0.0058302036947161465
2022-11-07,balanced_adaptive,balanced,adaptive,0.010451948284129653,0,0.001,0,0.010451948284129653,1.092747046518536,1.0864247952128216,0.0058302036947161465
2022-11-08,balanced_adaptive,balanced,adaptive,-0.0068735648295209506,0,0.001,0,-0.0068735648295209506,1.0852359788520234,1.0789571839505272,0.0058302036947161465
2022-11-09,balanced_adaptive,balanced,adaptive,-0.032799764399824571,0,0.001,0,-0.032799764399824571,1.049640494427464,1.0435676425194518,0.0058302036947161465
2022-11-10,balanced_adaptive,balanced,adaptive,0.040280592977345098,0,0.001,0,0.040280592977345098,1.0919206359560358,1.0856031659721055,0.0058302036947161465
2022-11-11,balanced_adaptive,balanced,adaptive,-0.0093663520433939773,0,0.001,0,-0.0093663520433939773,1.0816933228762249,1.0754350245401876,0.0058302036947161465
2022-11-14,balanced_adaptive,balanced,adaptive,0.0042143231981670581,0,0.001,0,0.0042143231981670581,1.0862519281401246,1.0799672553122286,0.0058302036947161465
2022-11-15,balanced_adaptive,balanced,adaptive,0.0038127240076561986,0,0.001,0,0.0038127240076561986,1.0903935069449073,1.0840848723940402,0.0058302036947161465
2022-11-16,balanced_adaptive,balanced,adaptive,-0.0028965838069070493,0,0.001,0,-0.0028965838069070493,1.0872350907695341,1.0809447297073507,0.0058302036947161465
2022-11-17,balanced_adaptive,balanced,adaptive,0.0036044613805605863,0,0.001,0,0.0036044613805605863,1.0911539876658032,1.0848409532401013,0.0058302036947161465
2022-11-18,balanced_adaptive,balanced,adaptive,0.0076332295909113945,0,0.001,0,0.0076332295909113945,1.0994830165726948,1.0931217933058062,0.0058302036947161465
2022-11-21,balanced_adaptive,balanced,adaptive,0.00093992800436981661,0,0.001,0,0.00093992800436981661,1.1005164514503005,1.0941492490915212,0.0058302036947161465
2022-11-22,balanced_adaptive,balanced,adaptive,0.010923649439612104,0,0.001,0,0.010923649439612104,1.1125381073684695,1.1061013519232119,0.0058302036947161465
2022-11-23,balanced_adaptive,balanced,adaptive,0.0040990793124997538,0,0.001,0,0.0040990793124997538,1.1170984893087512,1.1106353490924084,0.0058302036947161465
2022-11-25,balanced_adaptive,balanced,adaptive,-7.996542365196202e-05,0,0.001,0,-7.996542365196202e-05,1.1170091600547927,1.1105465366661953,0.0058302036947161465
2022-11-28,balanced_adaptive,balanced,adaptive,-0.0092489719188252328,0,0.001,0,-0.0092489719188252328,1.1066779737003754,1.1002751229340211,0.0058302036947161465
2022-11-29,balanced_adaptive,balanced,adaptive,0.0057834916952534954,0,0.001,0,0.0057834916952534954,1.1130784365705915,1.106638554970004,0.0058302036947161465
2022-11-30,balanced_adaptive,balanced,adaptive,0.022370999699231842,0,0.001,0,0.022370999699231842,1.1379791139403337,1.1313951657503962,0.0058302036947161465
2022-12-01,balanced_adaptive,balanced,adaptive,-0.0021997925339803936,0.28294316009410031,0.001,0.00028294316009410032,-0.0024827356940744939,1.1354757959816622,1.1285862105882842,0.0061131468548102467
2022-12-02,balanced_adaptive,balanced,adaptive,0.0028915869126935334,0,0.001,0,0.0028915869126935334,1.138759122933003,1.1318496157046678,0.0061131468548102467
2022-12-05,balanced_adaptive,balanced,adaptive,-0.0084449008817771842,0,0.001,0,-0.0084449008817771842,1.1291424150116143,1.1222912578869644,0.0061131468548102467
2022-12-06,balanced_adaptive,balanced,adaptive,-0.0064157880070947471,0,0.001,0,-0.0064157880070947471,1.1218980766470807,1.115090875094146,0.0061131468548102467
2022-12-07,balanced_adaptive,balanced,adaptive,0.0012253107766790894,0,0.001,0,0.0012253107766790894,1.123272750450732,1.1164572079603754,0.0061131468548102467
2022-12-08,balanced_adaptive,balanced,adaptive,0.0054498997968333018,0,0.001,0,0.0054498997968333018,1.1293944743852018,1.1225417878712116,0.0061131468548102467
2022-12-09,balanced_adaptive,balanced,adaptive,-0.014315857135225651,0,0.001,0,-0.014315857135225651,1.1132262244405899,1.1064716400077266,0.0061131468548102467
2022-12-12,balanced_adaptive,balanced,adaptive,0.0045129511607890915,0,0.001,0,0.0045129511607890915,1.1182501600224,1.1114650924798797,0.0061131468548102467
2022-12-13,balanced_adaptive,balanced,adaptive,0.004588665048422591,0,0.001,0,0.004588665048422591,1.1233814354470877,1.116565233502284,0.0061131468548102467
2022-12-14,balanced_adaptive,balanced,adaptive,-0.002040042315178181,0,0.001,0,-0.002040042315178181,1.1210896897826901,1.1142873931782826,0.0061131468548102467
2022-12-15,balanced_adaptive,balanced,adaptive,-0.016524336531028805,0,0.001,0,-0.016524336531028805,1.1025644264672543,1.0958745333011219,0.0061131468548102467
2022-12-16,balanced_adaptive,balanced,adaptive,-0.014689542957657009,0,0.001,0,-0.014689542957657009,1.086368258961079,1.0797766372679929,0.0061131468548102467
2022-12-19,balanced_adaptive,balanced,adaptive,-0.0061654041562375639,0,0.001,0,-0.0061654041562375639,1.0796703595820758,1.0731193779007726,0.0061131468548102467
2022-12-20,balanced_adaptive,balanced,adaptive,0.005032405449000743,0,0.001,0,0.005032405449000743,1.0851036985827611,1.0785197497055488,0.0061131468548102467
2022-12-21,balanced_adaptive,balanced,adaptive,0.0088450557790769047,0,0.001,0,0.0088450557790769047,1.0947015013228083,1.0880593170505304,0.0061131468548102467
2022-12-22,balanced_adaptive,balanced,adaptive,-0.0028101033398776343,0,0.001,0,-0.0028101033398776343,1.0916252769777721,1.0850017579297018,0.0061131468548102467
2022-12-23,balanced_adaptive,balanced,adaptive,0.0035022207128700966,0,0.001,0,0.0035022207128700966,1.0954483896334963,1.0888016735598236,0.0061131468548102467
2022-12-27,balanced_adaptive,balanced,adaptive,-0.00013477365093761406,0,0.001,0,-0.00013477365093761406,1.0953007520546116,1.0886549317831309,0.0061131468548102467
2022-12-28,balanced_adaptive,balanced,adaptive,-0.012325838097352437,0,0.001,0,-0.012325838097352437,1.0818002523168782,1.0752363473500877,0.0061131468548102467
2022-12-29,balanced_adaptive,balanced,adaptive,0.0052755171938396739,0,0.001,0,0.0052755171938396739,1.087507308148276,1.0809087751879745,0.0061131468548102467
2022-12-30,balanced_adaptive,balanced,adaptive,-0.0007713551475722058,0,0.001,0,-0.0007713551475722058,1.0866684537881135,1.0800750106401773,0.0061131468548102467
2023-01-03,balanced_adaptive,balanced,adaptive,-0.0011022873409426426,0.21942717229627401,0.001,0.00021942717229627402,-0.0013217145132389165,1.0854706329077011,1.0786474598232274,0.0063325740271065207
2023-01-04,balanced_adaptive,balanced,adaptive,0.0088099250526796347,0,0.001,0,0.0088099250526796347,1.0950335478305027,1.0881502631025333,0.0063325740271065207
2023-01-05,balanced_adaptive,balanced,adaptive,-0.0010302068088188232,0,0.001,0,-0.0010302068088188232,1.0939054368136427,1.0870292432924671,0.0063325740271065207
2023-01-06,balanced_adaptive,balanced,adaptive,0.014661115327986751,0,0.001,0,0.014661115327986751,1.1099433105806793,1.102966304393272,0.0063325740271065207
2023-01-09,balanced_adaptive,balanced,adaptive,-0.010439256998829194,0,0.001,0,-0.010439256998829194,1.0983563271073964,1.0914521556806618,0.0063325740271065207
2023-01-10,balanced_adaptive,balanced,adaptive,0.0019808396961513708,0,0.001,0,0.0019808396961513708,1.1005319949206498,1.093614147437084,0.0063325740271065207
2023-01-11,balanced_adaptive,balanced,adaptive,0.010224101303683897,0,0.001,0,0.010224101303683897,1.1117839455246639,1.1047953692676227,0.0063325740271065207
2023-01-12,balanced_adaptive,balanced,adaptive,0.0022173338175286439,0,0.001,0,0.0022173338175286439,1.1142491416648612,1.1072450694013489,0.0063325740271065207
2023-01-13,balanced_adaptive,balanced,adaptive,0.0051569612154149791,0,0.001,0,0.0051569612154149791,1.1199952812727363,1.1129550892802111,0.0063325740271065207
2023-01-17,balanced_adaptive,balanced,adaptive,-0.0056973370719332062,0,0.001,0,-0.0056973370719332062,1.1136142906363509,1.1066142089906583,0.0063325740271065207
2023-01-18,balanced_adaptive,balanced,adaptive,-0.019295806481109623,0,0.001,0,-0.019295806481109623,1.0921262047896336,1.0852611953647284,0.0063325740271065207
2023-01-19,balanced_adaptive,balanced,adaptive,0.00059569755488664278,0,0.001,0,0.00059569755488664278,1.0927767816994545,1.0859076828052205,0.0063325740271065207
2023-01-20,balanced_adaptive,balanced,adaptive,0.01576801007400408,0,0.001,0,0.01576801007400408,1.1100076970019292,1.1030302860871317,0.0063325740271065207
2023-01-23,balanced_adaptive,balanced,adaptive,0.0054224676333132216,0,0.001,0,0.0054224676333132216,1.1160266778116508,1.1090114321120035,0.0063325740271065207
2023-01-24,balanced_adaptive,balanced,adaptive,-0.0075202268394691796,0,0.001,0,-0.0075202268394691796,1.107633904035608,1.1006714145749565,0.0063325740271065207
2023-01-25,balanced_adaptive,balanced,adaptive,0.0016199851653664332,0,0.001,0,0.0016199851653664332,1.1094282545288026,1.1024544859385108,0.0063325740271065207
2023-01-26,balanced_adaptive,balanced,adaptive,0.00037945282420337456,0,0.001,0,0.00037945282420337456,1.1098492302132346,1.1028728154067557,0.0063325740271065207
2023-01-27,balanced_adaptive,balanced,adaptive,-0.0025728640792191948,0,0.001,0,-0.0025728640792191948,1.1069937389954698,1.1000352735560484,0.0063325740271065207
2023-01-30,balanced_adaptive,balanced,adaptive,-0.0087960547888076279,0,0.001,0,-0.0087960547888076279,1.0972565614163987,1.0903593030202283,0.0063325740271065207
2023-01-31,balanced_adaptive,balanced,adaptive,0.0095470722989619006,0,0.001,0,0.0095470722989619006,1.1077321491387515,1.1007690421180081,0.0063325740271065207
2023-02-01,balanced_adaptive,balanced,adaptive,-0.015044555016160199,0.16496904906481141,0.001,0.0001649690490648114,-0.015209524065225011,1.0910668118778641,1.0840268688816594,0.006497543076171332
2023-02-02,balanced_adaptive,balanced,adaptive,-0.011507571660673177,0,0.001,0,-0.011507571660673177,1.0785112823535974,1.0715523520059085,0.006497543076171332
2023-02-03,balanced_adaptive,balanced,adaptive,-0.0055386361734179879,0,0.001,0,-0.0055386361734179879,1.0725378007517143,1.0656174133873775,0.006497543076171332
2023-02-06,balanced_adaptive,balanced,adaptive,-0.0032242360419916238,0,0.001,0,-0.0032242360419916238,1.0690796857181322,1.06218161131616,0.006497543076171332
2023-02-07,balanced_adaptive,balanced,adaptive,0.012575194673435597,0,0.001,0,0.012575194673435597,1.082523570887453,1.0755387518570041,0.006497543076171332
2023-02-08,balanced_adaptive,balanced,adaptive,-0.00677981489050139,0,0.001,0,-0.00677981489050139,1.0751842614622316,1.0682467982118526,0.006497543076171332
2023-02-09,balanced_adaptive,balanced,adaptive,-0.012467533960370814,0,0.001,0,-0.012467533960370814,1.061779365168795,1.0549283949770889,0.006497543076171332
2023-02-10,balanced_adaptive,balanced,adaptive,0.012039376168836879,0,0.001,0,0.012039376168836879,1.074562526354371,1.0676290747554054,0.006497543076171332
2023-02-13,balanced_adaptive,balanced,adaptive,0.0060426385333764987,0,0.001,0,0.0060426385333764987,1.0810557192826422,1.0740803713418754,0.006497543076171332
2023-02-14,balanced_adaptive,balanced,adaptive,-0.0028415165133441889,0,0.001,0,-0.0028415165133441889,1.0779838816044554,1.0710283542300485,0.006497543076171332
2023-02-15,balanced_adaptive,balanced,adaptive,0.012071497996476888,0,0.001,0,0.012071497996476888,1.090996761871478,1.0839572708623064,0.006497543076171332
2023-02-16,balanced_adaptive,balanced,adaptive,-0.017467117990844439,0,0.001,0,-0.017467117990844439,1.0719401927042396,1.0650236613151207,0.006497543076171332
2023-02-17,balanced_adaptive,balanced,adaptive,0.015780128319370368,0,0.001,0,0.015780128319370368,1.088855546495803,1.081829871353839,0.006497543076171332
2023-02-21,balanced_adaptive,balanced,adaptive,-0.0067807998559328286,0,0.001,0,-0.0067807998559328286,1.0814722349629926,1.0744941995180191,0.006497543076171332
2023-02-22,balanced_adaptive,balanced,adaptive,-0.0044312971758360131,0,0.001,0,-0.0044312971758360131,1.076679910102456,1.0697327964062426,0.006497543076171332
2023-02-23,balanced_adaptive,balanced,adaptive,0.00082107605190695487,0,0.001,0,0.00082107605190695487,1.0775639461922104,1.0706111283873112,0.006497543076171332
2023-02-24,balanced_adaptive,balanced,adaptive,-0.01177685559886521,0,0.001,0,-0.01177685559886521,1.0648736311993614,1.0580026957257558,0.006497543076171332
2023-02-27,balanced_adaptive,balanced,adaptive,-0.00032424555344356953,0,0.001,0,-0.00032424555344356953,1.0645283506594656,1.0576596430561354,0.006497543076171332
2023-02-28,balanced_adaptive,balanced,adaptive,-0.010099994405919244,0,0.001,0,-0.010099994405919244,1.0537766202728627,1.0469772865779019,0.006497543076171332
2023-03-01,balanced_adaptive,balanced,adaptive,0.0039761104443640782,0.21455608615510299,0.001,0.00021455608615510299,0.0037615543582089754,1.0579665524987563,1.0509155485531749,0.0067120991623264353
2023-03-02,balanced_adaptive,balanced,adaptive,0.0017739199591153554,0,0.001,0,0.0017739199591153554,1.0598433004823102,1.052779788620098,0.0067120991623264353
2023-03-03,balanced_adaptive,balanced,adaptive,-0.0013526153960939924,0,0.001,0,-0.0013526153960939924,1.0584097401166308,1.0513557824693138,0.0067120991623264353
2023-03-06,balanced_adaptive,balanced,adaptive,0.0060681566218578897,0,0.001,0,0.0060681566218578897,1.0648323361897585,1.0577355740226335,0.0067120991623264353
2023-03-07,balanced_adaptive,balanced,adaptive,-0.011085480925641988,0,0.001,0,-0.011085480925641988,1.0530281576379201,1.0460100664924326,0.0067120991623264353
2023-03-08,balanced_adaptive,balanced,adaptive,-0.0058984553492915648,0,0.001,0,-0.0058984553492915648,1.046816918068546,1.0398402228203174,0.0067120991623264353
2023-03-09,balanced_adaptive,balanced,adaptive,-0.021416131442505204,0,0.001,0,-0.021416131442505204,1.0243981493549519,1.0175708679291935,0.0067120991623264353
2023-03-10,balanced_adaptive,balanced,adaptive,-0.0076665237831490263,0,0.001,0,-0.0076665237831490263,1.0165445765795083,1.0097696366691746,0.0067120991623264353
2023-03-13,balanced_adaptive,balanced,adaptive,0.015599099898399249,0,0.001,0,0.015599099898399249,1.032401756980748,1.0255211341059474,0.0067120991623264353
2023-03-14,balanced_adaptive,balanced,adaptive,0.008302806486547798,0,0.001,0,0.008302806486547798,1.0409735889853311,1.0340358376302941,0.0067120991623264353
2023-03-15,balanced_adaptive,balanced,adaptive,-0.002556395667038025,0,0.001,0,-0.002556395667038025,1.038312448612948,1.0313924328954138,0.0067120991623264353
2023-03-16,balanced_adaptive,balanced,adaptive,0.0020996225804246205,0,0.001,0,0.0020996225804246205,1.0404925128755917,1.0335579677368001,0.0067120991623264353
2023-03-17,balanced_adaptive,balanced,adaptive,-0.00041047011081940532,0,0.001,0,-0.00041047011081940532,1.040065421798525,1.0331337230832449,0.0067120991623264353
2023-03-20,balanced_adaptive,balanced,adaptive,0.005207174487933397,0,0.001,0,0.005207174487933397,1.0454812239286959,1.0385134306487076,0.0067120991623264353
2023-03-21,balanced_adaptive,balanced,adaptive,0.012793711359400772,0,0.001,0,0.012793711359400772,1.0588568089393127,1.0517998717232881,0.0067120991623264353
2023-03-22,balanced_adaptive,balanced,adaptive,-0.02265178723325878,0,0.001,0,-0.02265178723325878,1.0348718097927321,1.0279747248170434,0.0067120991623264353
2023-03-23,balanced_adaptive,balanced,adaptive,0.014510058035887896,0,0.001,0,0.014510058035887896,1.049887859812529,1.0428906977335646,0.0067120991623264353
2023-03-24,balanced_adaptive,balanced,adaptive,0.0090570352799281828,0,0.001,0,0.0090570352799281828,1.0593967311988193,1.0523361955760464,0.0067120991623264353
2023-03-27,balanced_adaptive,balanced,adaptive,0.0029768062298427544,0,0.001,0,0.0029768062298427544,1.062550349988127,1.0554687965189262,0.0067120991623264353
2023-03-28,balanced_adaptive,balanced,adaptive,0.0059097013312539026,0,0.001,0,0.0059097013312539026,1.0688297052059761,1.0617063018708111,0.0067120991623264353
2023-03-29,balanced_adaptive,balanced,adaptive,0.012667771560164853,0,0.001,0,0.012667771560164853,1.0823693957482436,1.075155754766898,0.0067120991623264353
2023-03-30,balanced_adaptive,balanced,adaptive,0.0041957888399632992,0,0.001,0,0.0041957888399632992,1.0869107891796419,1.0796668812839711,0.0067120991623264353
2023-03-31,balanced_adaptive,balanced,adaptive,0.010157893726357115,0,0.001,0,0.010157893726357115,1.0979515134661597,1.0906340227239211,0.0067120991623264353
2023-04-03,balanced_adaptive,balanced,adaptive,0.0061028155271027895,0.14282513588007109,0.001,0.0001428251358800711,0.0059599903912227184,1.104652109010547,1.0971341910196961,0.0068549242982065065
2023-04-04,balanced_adaptive,balanced,adaptive,0.0077936186524205642,0,0.001,0,0.0077936186524205642,1.1132613462917673,1.1056848365150356,0.0068549242982065065
2023-04-05,balanced_adaptive,balanced,adaptive,0.01483303698660543,0,0.001,0,0.01483303698660543,1.1297743930170712,1.1220855005905919,0.0068549242982065065
2023-04-06,balanced_adaptive,balanced,adaptive,-0.00082399085406481554,0,0.001,0,-0.00082399085406481554,1.1288434692500684,1.1211609124006265,0.0068549242982065065
2023-04-10,balanced_adaptive,balanced,adaptive,0.0019653763298899118,0,0.001,0,0.0019653763298899118,1.1310620714846833,1.1233644155198566,0.0068549242982065065
2023-04-11,balanced_adaptive,balanced,adaptive,-0.0015647075049763925,0,0.001,0,-0.0015647075049763925,1.1292922901728371,1.1216066787880692,0.0068549242982065065
2023-04-12,balanced_adaptive,balanced,adaptive,-0.002064136456514043,0,0.001,0,-0.002064136456514043,1.126961276786631,1.1192915295525132,0.0068549242982065065
2023-04-13,balanced_adaptive,balanced,adaptive,0.0097119992068614991,0,0.001,0,0.0097119992068614991,1.1379063238129465,1.130162087999774,0.0068549242982065065
2023-04-14,balanced_adaptive,balanced,adaptive,-0.0025597819726396187,0,0.001,0,-0.0025597819726396187,1.1349935317186974,1.1272691194607514,0.0068549242982065065
2023-04-17,balanced_adaptive,balanced,adaptive,-0.0048760574875905682,0,0.001,0,-0.0048760574875905682,1.1294592380099937,1.121772490430275,0.0068549242982065065
2023-04-18,balanced_adaptive,balanced,adaptive,0.0041561689495923648,0,0.001,0,0.0041561689495923648,1.1341534614248412,1.1264347664235081,0.0068549242982065065
2023-04-19,balanced_adaptive,balanced,adaptive,-0.0128246313503948,0,0.001,0,-0.0128246313503948,1.1196083613872934,1.1119886558038585,0.0068549242982065065
2023-04-20,balanced_adaptive,balanced,adaptive,-0.0086102982335347633,0,0.001,0,-0.0086102982335347633,1.1099681994909896,1.1024141018450799,0.0068549242982065065
2023-04-21,balanced_adaptive,balanced,adaptive,-0.00085648242568459043,0,0.001,0,-0.00085648242568459043,1.1090175312350568,1.1014699035410227,0.0068549242982065065
2023-04-24,balanced_adaptive,balanced,adaptive,0.0008206051310646334,0,0.001,0,0.0008206051310646334,1.1099275967116289,1.1023737753955818,0.0068549242982065065
2023-04-25,balanced_adaptive,balanced,adaptive,0.0031916605800244024,0,0.001,0,0.0031916605800244024,1.1134701088687347,1.1058921783189646,0.0068549242982065065
2023-04-26,balanced_adaptive,balanced,adaptive,-0.018791434466626789,0,0.001,0,-0.018791434466626789,1.0925464082873799,1.0851108779229286,0.0068549242982065065
2023-04-27,balanced_adaptive,balanced,adaptive,0.01313983776613159,0,0.001,0,0.01313983776613159,1.1069022908442459,1.0993690588171006,0.0068549242982065065
2023-04-28,balanced_adaptive,balanced,adaptive,0.0029916776687504143,0,0.001,0,0.0029916776687504143,1.1102137857092533,1.1026580166800788,0.0068549242982065065
2023-05-01,balanced_adaptive,balanced,adaptive,-0.0029108379965844255,0.20643678569677859,0.001,0.00020643678569677861,-0.003117274782281204,1.106982133237479,1.0992207286512017,0.0070613610839032849
2023-05-02,balanced_adaptive,balanced,adaptive,-0.0033204836198443832,0,0.001,0,-0.0033204836198443832,1.1033064171966036,1.0955707842271221,0.0070613610839032849
2023-05-03,balanced_adaptive,balanced,adaptive,-0.012174824277544016,0,0.001,0,-0.012174824277544016,1.0898738554429483,1.0822324024455459,0.0070613610839032849
2023-05-04,balanced_adaptive,balanced,adaptive,0.0017694704658861582,0,0.001,0,0.0017694704658861582,1.0918023550416962,1.0841473807188984,0.0070613610839032849
2023-05-05,balanced_adaptive,balanced,adaptive,0.013643730168612311,0,0.001,0,0.013643730168612311,1.1066986117713407,1.0989391950444349,0.0070613610839032849
2023-05-08,balanced_adaptive,balanced,adaptive,-0.0064505476537080053,0,0.001,0,-0.0064505476537080053,1.099559799637817,1.0918504353982732,0.0070613610839032849
2023-05-09,balanced_adaptive,balanced,adaptive,-0.0011206497018587669,0,0.001,0,-0.0011206497018587669,1.098327578276177,1.0906268535333699,0.0070613610839032849
2023-05-10,balanced_adaptive,balanced,adaptive,0.00040170221635138503,0,0.001,0,0.00040170221635138503,1.0987687788986504,1.0910649607576466,0.0070613610839032849
2023-05-11,balanced_adaptive,balanced,adaptive,-0.0064836746039126369,0,0.001,0,-0.0064836746039126369,1.0916447196713333,1.0839908505803633,0.0070613610839032849
2023-05-12,balanced_adaptive,balanced,adaptive,0.0018517330548983857,0,0.001,0,0.0018517330548983857,1.093666154282954,1.0859981122695903,0.0070613610839032849
2023-05-15,balanced_adaptive,balanced,adaptive,-0.00048134734093441267,0,0.001,0,-0.00048134734093441267,1.0931397209877198,1.0854753699659896,0.0070613610839032849
2023-05-16,balanced_adaptive,balanced,adaptive,-0.010744219391882637,0,0.001,0,-0.010744219391882637,1.0813947879994463,1.0738127844465901,0.0070613610839032849
2023-05-17,balanced_adaptive,balanced,adaptive,0.0013319760061270003,0,0.001,0,0.0013319760061270003,1.0828351799102123,1.0752430773105455,0.0070613610839032849
2023-05-18,balanced_adaptive,balanced,adaptive,-0.0016082058637035823,0,0.001,0,-0.0016082058637035823,1.0810937580244562,1.0735138650887079,0.0070613610839032849
2023-05-19,balanced_adaptive,balanced,adaptive,0.00029752693498341642,0,0.001,0,0.00029752693498341642,1.0814154125367108,1.0738332643786499,0.0070613610839032849
2023-05-22,balanced_adaptive,balanced,adaptive,-0.0016114723406399634,0,0.001,0,-0.0016114723406399634,1.0796727415106662,1.0721028117746445,0.0070613610839032849
2023-05-23,balanced_adaptive,balanced,adaptive,-0.004106399373726366,0,0.001,0,-0.004106399373726366,1.0752391740410974,1.0677003294598029,0.0070613610839032849
2023-05-24,balanced_adaptive,balanced,adaptive,-0.010648560951979191,0,0.001,0,-0.010648560951979191,1.063789424158365,1.0563308574231018,0.0070613610839032849
2023-05-25,balanced_adaptive,balanced,adaptive,-0.011294191067998449,0,0.001,0,-0.011294191067998449,1.0517747831458044,1.0444004548883428,0.0070613610839032849
2023-05-26,balanced_adaptive,balanced,adaptive,0.0019690285051823242,0,0.001,0,0.0019690285051823242,1.0538457576748506,1.0464569091548432,0.0070613610839032849
2023-05-30,balanced_adaptive,balanced,adaptive,0.00055203591500241345,0,0.001,0,0.00055203591500241345,1.05442751838196,1.0470345909521992,0.0070613610839032849
2023-05-31,balanced_adaptive,balanced,adaptive,0.0050677668492193906,0,0.001,0,0.0050677668492193906,1.0597711112045207,1.0523407181422126,0.0070613610839032849
2023-06-01,balanced_adaptive,balanced,adaptive,-0.0023060287250231681,0.37566751887088218,0.001,0.00037566751887088218,-0.0026816962438940503,1.0573272485801333,1.049518659991074,0.0074370286027741674
2023-06-02,balanced_adaptive,balanced,adaptive,0.017272913045175198,0,0.001,0,0.017272913045175198,1.0755903702051524,1.0676469045443886,0.0074370286027741674
2023-06-05,balanced_adaptive,balanced,adaptive,-0.0081333837252444141,0,0.001,0,-0.0081333837252444141,1.0668421809930961,1.0589633225866597,0.0074370286027741674
2023-06-06,balanced_adaptive,balanced,adaptive,-0.0012384847907531693,0,0.001,0,-0.0012384847907531693,1.0655209131778023,1.0576518126176706,0.0074370286027741674
2023-06-07,balanced_adaptive,balanced,adaptive,-0.0051288940132150351,0,0.001,0,-0.0051288940132150351,1.0600559693452491,1.0522272285678698,0.0074370286027741674
2023-06-08,balanced_adaptive,balanced,adaptive,0.0071577331461063487,0,0.001,0,0.0071577331461063487,1.0676435670937596,1.0597587902790255,0.0074370286027741674
2023-06-09,balanced_adaptive,balanced,adaptive,-0.0015947760077289486,0,0.001,0,-0.0015947760077289486,1.0659409147481524,1.0580687123863086,0.0074370286027741674
2023-06-12,balanced_adaptive,balanced,adaptive,-0.00050627602796482485,0,0.001,0,-0.00050627602796482485,1.0654012544157885,1.0575330375612879,0.0074370286027741674
2023-06-13,balanced_adaptive,balanced,adaptive,0.0040324051218183499,0,0.001,0,0.0040324051218183499,1.0696973838908863,1.0617974391984422,0.0074370286027741674
2023-06-14,balanced_adaptive,balanced,adaptive,-0.0054439213777940365,0,0.001,0,-0.0054439213777940365,1.0638740354349523,1.0560170974203027,0.0074370286027741674
2023-06-15,balanced_adaptive,balanced,adaptive,0.0058712580324877806,0,0.001,0,0.0058712580324877806,1.0701203144110549,1.062217246285976,0.0074370286027741674
2023-06-16,balanced_adaptive,balanced,adaptive,0.001198498773442358,0,0.001,0,0.001198498773442358,1.0714028522953123,1.063490312352779,0.0074370286027741674
2023-06-20,balanced_adaptive,balanced,adaptive,-0.00136599399164683,0,0.001,0,-0.00136599399164683,1.0699393224364435,1.0620375909759305,0.0074370286027741674
2023-06-21,balanced_adaptive,balanced,adaptive,0.0062410050942067752,0,0.001,0,0.0062410050942067752,1.0766168191982615,1.0686657729914504,0.0074370286027741674
2023-06-22,balanced_adaptive,balanced,adaptive,0.0060920974653397852,0,0.001,0,0.0060920974653397852,1.0831756737936413,1.0751761890383871,0.0074370286027741674
2023-06-23,balanced_adaptive,balanced,adaptive,0.00080796090239676488,0,0.001,0,0.00080796090239676488,1.0840508373884938,1.076044889362318,0.0074370286027741674
2023-06-26,balanced_adaptive,balanced,adaptive,-0.00027292327890016121,0,0.001,0,-0.00027292327890016121,1.0837549746794592,1.0757512116628696,0.0074370286027741674
2023-06-27,balanced_adaptive,balanced,adaptive,0.0086945842294332554,0,0.001,0,0.0086945842294332554,1.0931777735908772,1.0851044211825873,0.0074370286027741674
2023-06-28,balanced_adaptive,balanced,adaptive,-0.0084128955863833621,0,0.001,0,-0.0084128955863833621,1.0839809831243021,1.0759755509868552,0.0074370286027741674
2023-06-29,balanced_adaptive,balanced,adaptive,0.0024345562686987066,0,0.001,0,0.0024345562686987066,1.0866199958219176,1.0785950740094767,0.0074370286027741674
2023-06-30,balanced_adaptive,balanced,adaptive,0.016869627371794094,0,0.001,0,0.016869627371794094,1.1049508702461739,1.0967905709930692,0.0074370286027741674
2023-07-03,balanced_adaptive,balanced,adaptive,0.0017044691048084815,0.22274904237767071,0.001,0.00022274904237767071,0.0014817200624308107,1.1068342248668397,1.0984157075863947,0.0076597776451518378
2023-07-05,balanced_adaptive,balanced,adaptive,-0.0018051687525699744,0,0.001,0,-0.0018051687525699744,1.104836202309835,1.0964328818737277,0.0076597776451518378
2023-07-06,balanced_adaptive,balanced,adaptive,-0.011951224320104425,0,0.001,0,-0.011951224320104425,1.0916320570190579,1.0833291665505163,0.0076597776451518378
2023-07-07,balanced_adaptive,balanced,adaptive,-0.0079543574130227501,0,0.001,0,-0.0079543574130227501,1.0829488254740149,1.0747119791638213,0.0076597776451518378
2023-07-10,balanced_adaptive,balanced,adaptive,0.0039261264531316176,0,0.001,0,0.0039261264531316176,1.0872006195050963,1.0789314342947138,0.0076597776451518378
2023-07-11,balanced_adaptive,balanced,adaptive,0.0081345055587935811,0,0.001,0,0.0081345055587935811,1.0960444589879843,1.0877080080445414,0.0076597776451518378
2023-07-12,balanced_adaptive,balanced,adaptive,-0.0026092647298674443,0,0.001,0,-0.0026092647298674443,1.0931845888387803,1.0848698899027565,0.0076597776451518378
2023-07-13,balanced_adaptive,balanced,adaptive,0.053966203365381826,0,0.001,0,0.053966203365381826,1.1521796106759552,1.1434161990062279,0.0076597776451518378
2023-07-14,balanced_adaptive,balanced,adaptive,-0.01515684734896916,0,0.001,0,-0.01515684734896916,1.1347162001983451,1.1260856142215521,0.0076597776451518378
2023-07-17,balanced_adaptive,balanced,adaptive,-0.0058015532497222022,0,0.001,0,-0.0058015532497222022,1.128133083739572,1.1195525685668997,0.0076597776451518378
2023-07-18,balanced_adaptive,balanced,adaptive,0.0029447096958816754,0,0.001,0,0.0029447096958816754,1.1314551081695048,1.1228493258706078,0.0076597776451518378
2023-07-19,balanced_adaptive,balanced,adaptive,0.015375875434142428,0,0.001,0,0.015375875434142428,1.1488522209720433,1.140114117236505,0.0076597776451518378
2023-07-20,balanced_adaptive,balanced,adaptive,0.0096979668454209023,0,0.001,0,0.0096979668454209023,1.1599937517213184,1.1511709061454609,0.0076597776451518378
2023-07-21,balanced_adaptive,balanced,adaptive,0.0031220035283578973,0,0.001,0,0.0031220035283578973,1.1636152563070654,1.15476486577619,0.0076597776451518378
2023-07-24,balanced_adaptive,balanced,adaptive,-0.008908910954051219,0,0.001,0,-0.008908910954051219,1.1532487116038503,1.1444771684141231,0.0076597776451518378
2023-07-25,balanced_adaptive,balanced,adaptive,-0.0016677359559618132,0,0.001,0,-0.0016677359559618132,1.151325397261342,1.1425684826895814,0.0076597776451518378
2023-07-26,balanced_adaptive,balanced,adaptive,0.0065667657459003159,0,0.001,0,0.0065667657459003159,1.1588858814424627,1.1500714622640527,0.0076597776451518378
2023-07-27,balanced_adaptive,balanced,adaptive,-0.0056404639753375729,0,0.001,0,-0.0056404639753375729,1.1523492273766591,1.1435845256120885,0.0076597776451518378
2023-07-28,balanced_adaptive,balanced,adaptive,0.0035053947155212484,0,0.001,0,0.0035053947155212484,1.1563886662687402,1.147593240764921,0.0076597776451518378
2023-07-31,balanced_adaptive,balanced,adaptive,-0.0067405926311450148,0,0.001,0,-0.0067405926311450148,1.1485939213461496,1.1398577822226692,0.0076597776451518378
2023-08-01,balanced_adaptive,balanced,adaptive,-0.0035300279025272108,0.14075933162606091,0.001,0.00014075933162606091,-0.0036707872341532719,1.1445393527551244,1.135673606826936,0.0078005369767778984
2023-08-02,balanced_adaptive,balanced,adaptive,-0.015479524948562418,0,0.001,0,-0.015479524948562418,1.12682242728954,1.1180939188966346,0.0078005369767778984
2023-08-03,balanced_adaptive,balanced,adaptive,-0.010458754491084021,0,0.001,0,-0.010458754491084021,1.1150372681674714,1.1064000491009207,0.0078005369767778984
2023-08-04,balanced_adaptive,balanced,adaptive,-0.0086226922967147512,0,0.001,0,-0.0086226922967147512,1.1054226449046938,1.0968599019204535,0.0078005369767778984
2023-08-07,balanced_adaptive,balanced,adaptive,0.010211207057321703,0,0.001,0,0.010211207057321703,1.1167103444176678,1.1080601654918367,0.0078005369767778984
2023-08-08,balanced_adaptive,balanced,adaptive,-0.00056990768290321459,0,0.001,0,-0.00056990768290321459,1.1160739226128067,1.107428673490404,0.0078005369767778984
2023-08-09,balanced_adaptive,balanced,adaptive,0.0012830721351682062,0,0.001,0,0.0012830721351682062,1.117505925963699,1.1088495843630457,0.0078005369767778984
2023-08-10,balanced_adaptive,balanced,adaptive,-0.0033676582513617603,0,0.001,0,-0.0033676582513617603,1.1137425479111818,1.1051153579107464,0.0078005369767778984
2023-08-11,balanced_adaptive,balanced,adaptive,0.0052289243683039111,0,0.001,0,0.0052289243683039111,1.1195662234599715,1.1108939225355128,0.0078005369767778984
2023-08-14,balanced_adaptive,balanced,adaptive,1.7161691661549128e-05,0,0.001,0,1.7161691661549128e-05,1.1195854371102931,1.1109129873544801,0.0078005369767778984
2023-08-15,balanced_adaptive,balanced,adaptive,-0.010153525904159966,0,0.001,0,-0.010153525904159966,1.1082176973726736,1.0996333035601087,0.0078005369767778984
2023-08-16,balanced_adaptive,balanced,adaptive,-0.0072937628778444452,0,0.001,0,-0.0072937628778444452,1.1001346202710065,1.0916128389913604,0.0078005369767778984
2023-08-17,balanced_adaptive,balanced,adaptive,-0.019170113151690815,0,0.001,0,-0.019170113151690815,1.0790449151183188,1.0706864973500576,0.0078005369767778984
2023-08-18,balanced_adaptive,balanced,adaptive,0.0021882242524522422,0,0.001,0,0.0021882242524522422,1.0814061073710659,1.0730293995103322,0.0078005369767778984
2023-08-21,balanced_adaptive,balanced,adaptive,-0.0034802507517783798,0,0.001,0,-0.0034802507517783798,1.07764254295291,1.0692949881360061,0.0078005369767778984
2023-08-22,balanced_adaptive,balanced,adaptive,-0.0064643992486641544,0,0.001,0,-0.0064643992486641544,1.0706762313079166,1.0623826384180994,0.0078005369767778984
2023-08-23,balanced_adaptive,balanced,adaptive,0.014524631096636043,0,0.001,0,0.014524631096636043,1.0862274085916006,1.0778133543245931,0.0078005369767778984
2023-08-24,balanced_adaptive,balanced,adaptive,-0.010903298994679234,0,0.001,0,-0.010903298994679234,1.0743839463795108,1.0660616330619339,0.0078005369767778984
2023-08-25,balanced_adaptive,balanced,adaptive,0.0026976836952941063,0,0.001,0,0.0026976836952941063,1.0772822944341447,1.0689375301476236,0.0078005369767778984
2023-08-28,balanced_adaptive,balanced,adaptive,0.0014175155959659236,0,0.001,0,0.0014175155959659236,1.078809358887763,1.0704527657677212,0.0078005369767778984
2023-08-29,balanced_adaptive,balanced,adaptive,0.01210794863368525,0,0.001,0,0.01210794863368525,1.0918715271907149,1.0834137528704231,0.0078005369767778984
2023-08-30,balanced_adaptive,balanced,adaptive,-0.0014795866158936466,0,0.001,0,-0.0014795866158936466,1.0902560086928081,1.0818107483822008,0.0078005369767778984
2023-08-31,balanced_adaptive,balanced,adaptive,-0.0097258452093316183,0,0.001,0,-0.0097258452093316183,1.0796523475137181,1.0712892244976444,0.0078005369767778984
2023-09-01,balanced_adaptive,balanced,adaptive,0.00050739773375263475,0.41105785062089378,0.001,0.00041105785062089381,9.6339883131740941e-05,1.0802001606680873,1.0713924323763329,0.0082115948273987927
2023-09-05,balanced_adaptive,balanced,adaptive,-0.010282783945663621,0,0.001,0,-0.010282783945663621,1.0690926957978664,1.0603755354731881,0.0082115948273987927
2023-09-06,balanced_adaptive,balanced,adaptive,-0.002288171603115563,0,0.001,0,-0.002288171603115563,1.0666464282502435,1.0579492142842799,0.0082115948273987927
2023-09-07,balanced_adaptive,balanced,adaptive,0.0082869339754079174,0,0.001,0,0.0082869339754079174,1.0754856567762578,1.0667163695723885,0.0082115948273987927
2023-09-08,balanced_adaptive,balanced,adaptive,0.0030626321144562318,0,0.001,0,0.0030626321144562318,1.078779473687338,1.0699833293828571,0.0082115948273987927
2023-09-11,balanced_adaptive,balanced,adaptive,-0.0025613864694915556,0,0.001,0,-0.0025613864694915556,1.0760163025398699,1.0672426885603943,0.0082115948273987927
2023-09-12,balanced_adaptive,balanced,adaptive,0.0072572659859164723,0,0.001,0,0.0072572659859164723,1.0838252390525842,1.0749879526228017,0.0082115948273987927
2023-09-13,balanced_adaptive,balanced,adaptive,0.0031532695353724272,0,0.001,0,0.0031532695353724272,1.0872428321605565,1.0783776793846995,0.0082115948273987927
2023-09-14,balanced_adaptive,balanced,adaptive,0.0086033903286719671,0,0.001,0,0.0086033903286719671,1.0965968066276846,1.0876553834821736,0.0082115948273987927
2023-09-15,balanced_adaptive,balanced,adaptive,-0.0047672665392881619,0,0.001,0,-0.0047672665392881619,1.0913690373643581,1.0824702403662223,0.0082115948273987927
2023-09-18,balanced_adaptive,balanced,adaptive,0.0018036472636402401,0,0.001,0,0.0018036472636402401,1.0933374821422219,1.0844226348532309,0.0082115948273987927
2023-09-19,balanced_adaptive,balanced,adaptive,0.00080756905943513146,0,0.001,0,0.00080756905943513146,1.0942204276643206,1.0852983810204895,0.0082115948273987927
2023-09-20,balanced_adaptive,balanced,adaptive,-0.0036629292049291662,0,0.001,0,-0.0036629292049291662,1.090212375703199,1.0813230098845872,0.0082115948273987927
2023-09-21,balanced_adaptive,balanced,adaptive,-0.016030482322236805,0,0.001,0,-0.016030482322236805,1.072735745487005,1.0639888804900044,0.0082115948273987927
2023-09-22,balanced_adaptive,balanced,adaptive,-0.0025286190826707688,0,0.001,0,-0.0025286190826707688,1.0700232054103036,1.0612984579030478,0.0082115948273987927
2023-09-25,balanced_adaptive,balanced,adaptive,0.00087494907648810738,0,0.001,0,0.00087494907648810738,1.0709594212256981,1.0622270400086684,0.0082115948273987927
2023-09-26,balanced_adaptive,balanced,adaptive,-0.0068928383726739595,0,0.001,0,-0.0068928383726739595,1.0635774710314969,1.0549052807068049,0.0082115948273987927
2023-09-27,balanced_adaptive,balanced,adaptive,-0.0038318512514380343,0,0.001,0,-0.0038318512514380343,1.0595020003681235,1.05086304058678,0.0082115948273987927
2023-09-28,balanced_adaptive,balanced,adaptive,0.0076190195469609812,0,0.001,0,0.0076190195469609812,1.0675743668189726,1.0588695866341895,0.0082115948273987927
2023-09-29,balanced_adaptive,balanced,adaptive,-0.0041923481142768226,0,0.001,0,-0.0041923481142768226,1.0630987234353888,1.0544304367193986,0.0082115948273987927
2023-10-02,balanced_adaptive,balanced,adaptive,-0.0076399174123036317,0.34212050670557009,0.001,0.00034212050670557009,-0.0079820379190092012,1.0549767369872169,1.0460139329905469,0.0085537153341043622
2023-10-03,balanced_adaptive,balanced,adaptive,-0.01220120764604915,0,0.001,0,-0.01220120764604915,1.0421047467574844,1.0332512997934686,0.0085537153341043622
2023-10-04,balanced_adaptive,balanced,adaptive,0.0053114998170102901,0,0.001,0,0.0053114998170102901,1.0476398859291924,1.0387394138832473,0.0085537153341043622
2023-10-05,balanced_adaptive,balanced,adaptive,-0.0051494398663940455,0,0.001,0,-0.0051494398663940455,1.0422451273349642,1.0333904877346021,0.0085537153341043622
2023-10-06,balanced_adaptive,balanced,adaptive,0.0063046546054030816,0,0.001,0,0.0063046546054030816,1.0488161228769755,1.0399056578322778,0.0085537153341043622
2023-10-09,balanced_adaptive,balanced,adaptive,0.00013691333904097824,0,0.001,0,0.00013691333904097824,1.0489597197943985,1.0400480347881793,0.0085537153341043622
2023-10-10,balanced_adaptive,balanced,adaptive,0.0043604516070763211,0,0.001,0,0.0043604516070763211,1.0535336578903343,1.044583113912908,0.0085537153341043622
2023-10-11,balanced_adaptive,balanced,adaptive,0.00056078539323789478,0,0.001,0,0.00056078539323789478,1.0541244641769636,1.0451689008652134,0.0085537153341043622
2023-10-12,balanced_adaptive,balanced,adaptive,-0.0054500677752523652,0,0.001,0,-0.0054500677752523652,1.0483794144036476,1.0394726595189119,0.0085537153341043622
2023-10-13,balanced_adaptive,balanced,adaptive,0.0033192057175230882,0,0.001,0,0.0033192057175230882,1.0518592013500696,1.0429228831135959,0.0085537153341043622
2023-10-16,balanced_adaptive,balanced,adaptive,0.013394737617755892,0,0.001,0,0.013394737617755892,1.0659485793629762,1.0568925614884561,0.0085537153341043622
2023-10-17,balanced_adaptive,balanced,adaptive,-0.0030363105148237812,0,0.001,0,-0.0030363105148237812,1.0627120284831948,1.0536835074909696,0.0085537153341043622
2023-10-18,balanced_adaptive,balanced,adaptive,-0.0089706332817971468,0,0.001,0,-0.0089706332817971468,1.0531788285915173,1.0442312991501903,0.0085537153341043622
2023-10-19,balanced_adaptive,balanced,adaptive,-0.0070671953019971756,0,0.001,0,-0.0070671953019971756,1.0457358081219326,1.0368515126186377,0.0085537153341043622
2023-10-20,balanced_adaptive,balanced,adaptive,0.0059268683094750862,0,0.001,0,0.0059268683094750862,1.0519337465431737,1.0429967949904084,0.0085537153341043622
2023-10-23,balanced_adaptive,balanced,adaptive,0.011699827428770737,0,0.001,0,0.011699827428770737,1.0642411898442292,1.0551996775005572,0.0085537153341043622
2023-10-24,balanced_adaptive,balanced,adaptive,0.0087578852192193857,0,0.001,0,0.0087578852192193857,1.0735616920304505,1.0644409951594644,0.0085537153341043622
2023-10-25,balanced_adaptive,balanced,adaptive,-0.00074566435074940873,0,0.001,0,-0.00074566435074940873,1.0727611753483732,1.0636472794558978,0.0085537153341043622
2023-10-26,balanced_adaptive,balanced,adaptive,-0.0039294487660531674,0,0.001,0,-0.0039294487660531674,1.0685458152716307,1.0594677319661239,0.0085537153341043622
2023-10-27,balanced_adaptive,balanced,adaptive,-0.013932607575707578,0,0.001,0,-0.013932607575707578,1.0536581857507865,1.0447065838175149,0.0085537153341043622
2023-10-30,balanced_adaptive,balanced,adaptive,0.0075954090609064995,0,0.001,0,0.0075954090609064995,1.0616611506819364,1.052641557670231,0.0085537153341043622
2023-10-31,balanced_adaptive,balanced,adaptive,0.004840091322664053,0,0.001,0,0.004840091322664053,1.0667996876049617,1.0577364389393864,0.0085537153341043622
2023-11-01,balanced_adaptive,balanced,adaptive,0.0104783707723477,0.30333866917175878,0.001,0.00030333866917175881,0.010175032103175942,1.0779780102715111,1.0684989411622936,0.0088570540032761221
2023-11-02,balanced_adaptive,balanced,adaptive,0.0068031882119703457,0,0.001,0,0.0068031882119703457,1.0853116975637536,1.0757681405633117,0.0088570540032761221
2023-11-03,balanced_adaptive,balanced,adaptive,0.0042952190298970461,0,0.001,0,0.0042952190298970461,1.0899733490204992,1.0803888003524162,0.0088570540032761221
2023-11-06,balanced_adaptive,balanced,adaptive,0.0020392980783814352,0,0.001,0,0.0020392980783814352,1.0921961295766438,1.0825920351568799,0.0088570540032761221
2023-11-07,balanced_adaptive,balanced,adaptive,-0.0016275520835992152,0,0.001,0,-0.0016275520835992152,1.0904185234902524,1.0808300602343723,0.0088570540032761221
2023-11-08,balanced_adaptive,balanced,adaptive,-0.0015665763515639863,0,0.001,0,-0.0015665763515639863,1.0887102996180453,1.0791368574219498,0.0088570540032761221
2023-11-09,balanced_adaptive,balanced,adaptive,0.0010098327274994379,0,0.001,0,0.0010098327274994379,1.0898097149093653,1.0802266051380254,0.0088570540032761221
2023-11-10,balanced_adaptive,balanced,adaptive,0.010419717045585308,0,0.001,0,0.010419717045585308,1.1011652237722509,1.0914822607086767,0.0088570540032761221
2023-11-13,balanced_adaptive,balanced,adaptive,-0.0049533931914660378,0,0.001,0,-0.0049533931914660378,1.0957107194501383,1.0860757199098765,0.0088570540032761221
2023-11-14,balanced_adaptive,balanced,adaptive,0.00094689986866969278,0,0.001,0,0.00094689986866969278,1.0967482477864856,1.0871041248664246,0.0088570540032761221
2023-11-15,balanced_adaptive,balanced,adaptive,0.010914545763198502,0,0.001,0,0.010914545763198502,1.1087187567276591,1.098969372586641,0.0088570540032761221
2023-11-16,balanced_adaptive,balanced,adaptive,-0.010721247907585441,0,0.001,0,-0.010721247907585441,1.0968319080769919,1.087187049500296,0.0088570540032761221
2023-11-17,balanced_adaptive,balanced,adaptive,-2.4465070802781597e-05,0,0.001,0,-2.4465070802781597e-05,1.0968050740067021,1.087160451392154,0.0088570540032761221
2023-11-20,balanced_adaptive,balanced,adaptive,0.0020347870611203689,0,0.001,0,0.0020347870611203689,1.0990368387798621,1.0893725914120085,0.0088570540032761221
2023-11-21,balanced_adaptive,balanced,adaptive,-0.0089439052660907903,0,0.001,0,-0.0089439052660907903,1.0892071574098712,1.0796293461549435,0.0088570540032761221
2023-11-22,balanced_adaptive,balanced,adaptive,0.010766149334291208,0,0.001,0,0.010766149334291208,1.1009337243225248,1.0912527969213308,0.0088570540032761221
2023-11-24,balanced_adaptive,balanced,adaptive,0.0039314974768307476,0,0.001,0,0.0039314974768307476,1.1052620424818567,1.0955430545390115,0.0088570540032761221
2023-11-27,balanced_adaptive,balanced,adaptive,-0.0055744814994571623,0,0.001,0,-0.0055744814994571623,1.0991007796739893,1.089435970049625,0.0088570540032761221
2023-11-28,balanced_adaptive,balanced,adaptive,0.0015887513558607846,0,0.001,0,0.0015887513558607846,1.1008469775279239,1.091166812924165,0.0088570540032761221
2023-11-29,balanced_adaptive,balanced,adaptive,-0.00059179165670775191,0,0.001,0,-0.00059179165670775191,1.1001955054713111,1.0905210695081999,0.0088570540032761221
2023-11-30,balanced_adaptive,balanced,adaptive,0.0065025221623868923,0,0.001,0,0.0065025221623868923,1.1073495511285967,1.0976122069312269,0.0088570540032761221
2023-12-01,balanced_adaptive,balanced,adaptive,0.0065327467879789936,0.2082964853446983,0.001,0.00020829648534469831,0.0063244503026342949,1.1145835853519019,1.1045540007855281,0.009065350488620819
2023-12-04,balanced_adaptive,balanced,adaptive,0.0096829358418899503,0,0.001,0,0.0096829358418899503,1.125376026699288,1.1152493263090373,0.009065350488620819
2023-12-05,balanced_adaptive,balanced,adaptive,0.0046039295921616041,0,0.001,0,0.0046039295921616041,1.1305571786909181,1.1203838556850698,0.009065350488620819
2023-12-06,balanced_adaptive,balanced,adaptive,-0.0012812061811111608,0,0.001,0,-0.0012812061811111608,1.1291087018454797,1.1189484129639489,0.009065350488620819
2023-12-07,balanced_adaptive,balanced,adaptive,0.0032908110317086958,0,0.001,0,0.0032908110317086958,1.1328243852175111,1.1226306607452436,0.009065350488620819
2023-12-08,balanced_adaptive,balanced,adaptive,0.007383669007404503,0,0.001,0,0.007383669007404503,1.1411887855214737,1.1309197939617504,0.009065350488620819
2023-12-11,balanced_adaptive,balanced,adaptive,-0.0061345754945479891,0,0.001,0,-0.0061345754945479891,1.1341880767631607,1.1239820811074133,0.009065350488620819
2023-12-12,balanced_adaptive,balanced,adaptive,0.0044680322187096166,0,0.001,0,0.0044680322187096166,1.1392556656322148,1.1290040692590535,0.009065350488620819
2023-12-13,balanced_adaptive,balanced,adaptive,0.016811932318976375,0,0.001,0,0.016811932318976375,1.158408754776834,1.1479848092592857,0.009065350488620819
2023-12-14,balanced_adaptive,balanced,adaptive,-0.0045116921747340166,0,0.001,0,-0.0045116921747340166,1.153182371062764,1.1428054551786371,0.009065350488620819
2023-12-15,balanced_adaptive,balanced,adaptive,-0.01214347463222365,0,0.001,0,-0.01214347463222365,1.1391787301934357,1.1289278261241085,0.009065350488620819
2023-12-18,balanced_adaptive,balanced,adaptive,0.0052571752349379608,0,0.001,0,0.0052571752349379608,1.1451675924019769,1.1348627975336405,0.009065350488620819
2023-12-19,balanced_adaptive,balanced,adaptive,-0.0020425280005458291,0,0.001,0,-0.0020425280005458291,1.1428285555291782,1.1325448084929002,0.009065350488620819
2023-12-20,balanced_adaptive,balanced,adaptive,-0.0075684775873515742,0,0.001,0,-0.0075684775873515742,1.1341790832204701,1.1239731684931502,0.009065350488620819
2023-12-21,balanced_adaptive,balanced,adaptive,0.0086040964093432315,0,0.001,0,0.0086040964093432315,1.1439376693979595,1.1336439419963802,0.009065350488620819
2023-12-22,balanced_adaptive,balanced,adaptive,0.0081215862511561099,0,0.001,0,0.0081215862511561099,1.1532282578459214,1.1428509290494044,0.009065350488620819
2023-12-26,balanced_adaptive,balanced,adaptive,-0.0018708558209346027,0,0.001,0,-0.0018708558209346027,1.1510707340468642,1.1407128197363319,0.009065350488620819
2023-12-27,balanced_adaptive,balanced,adaptive,0.014950360060007828,0,0.001,0,0.014950360060007828,1.1682796559754023,1.1577668871164568,0.009065350488620819
2023-12-28,balanced_adaptive,balanced,adaptive,0.00049163457210199546,0,0.001,0,0.00049163457210199546,1.1688540226441633,1.1583360853445981,0.009065350488620819
2023-12-29,balanced_adaptive,balanced,adaptive,-0.0028494063363906363,0,0.001,0,-0.0028494063363906363,1.1655234825857252,1.1550355151633473,0.009065350488620819
2021-01-04,balanced_fixed,balanced,fixed,0.0090788872533598131,0,0.001,0,0.0090788872533598131,1.0090788872533598,1.0090788872533598,0
2021-01-05,balanced_fixed,balanced,fixed,0.0066581439489312721,0,0.001,0,0.0066581439489312721,1.01579747974052,1.01579747974052,0
2021-01-06,balanced_fixed,balanced,fixed,0.024641515648702317,0,0.001,0,0.024641515648702317,1.0408282692334585,1.0408282692334585,0
2021-01-07,balanced_fixed,balanced,fixed,0.012679313466452014,0,0.001,0,0.012679313466452014,1.0540252571238142,1.0540252571238142,0
2021-01-08,balanced_fixed,balanced,fixed,-0.002795251504420615,0,0.001,0,-0.002795251504420615,1.0510789914381415,1.0510789914381415,0
2021-01-11,balanced_fixed,balanced,fixed,-0.030635405481452382,0,0.001,0,-0.030635405481452382,1.0188787603423981,1.0188787603423981,0
2021-01-12,balanced_fixed,balanced,fixed,-0.014977695893784171,0,0.001,0,-0.014977695893784171,1.0036183041173539,1.0036183041173539,0
2021-01-13,balanced_fixed,balanced,fixed,0.012213833075041647,0,0.001,0,0.012213833075041647,1.0158763305548997,1.0158763305548997,0
2021-01-14,balanced_fixed,balanced,fixed,0.0091310757247800023,0,0.001,0,0.0091310757247800023,1.0251523742562081,1.0251523742562081,0
2021-01-15,balanced_fixed,balanced,fixed,-0.0094129844173892474,0,0.001,0,-0.0094129844173892474,1.0155026309318849,1.0155026309318849,0
2021-01-19,balanced_fixed,balanced,fixed,0.0126428245836403,0,0.001,0,0.0126428245836403,1.0283414525589818,1.0283414525589818,0
2021-01-20,balanced_fixed,balanced,fixed,0.011025468371404834,0,0.001,0,0.011025468371404834,1.0396793987191753,1.0396793987191753,0
2021-01-21,balanced_fixed,balanced,fixed,-0.037163501766485973,0,0.001,0,-0.037163501766485973,1.0010412715482961,1.0010412715482961,0
2021-01-22,balanced_fixed,balanced,fixed,0.010161083242002489,0,0.001,0,0.010161083242002489,1.0112129352371784,1.0112129352371784,0
2021-01-25,balanced_fixed,balanced,fixed,-0.001840886428120192,0,0.001,0,-0.001840886428120192,1.0093514070687606,1.0093514070687606,0
2021-01-26,balanced_fixed,balanced,fixed,-0.007951003106791199,0,0.001,0,-0.007951003106791199,1.0013260508953128,1.0013260508953128,0
2021-01-27,balanced_fixed,balanced,fixed,-0.038377638873957953,0,0.001,0,-0.038377638873957953,0.962897521318966,0.962897521318966,0
2021-01-28,balanced_fixed,balanced,fixed,0.019901203370037646,0,0.001,0,0.019901203370037646,0.98206034071523995,0.98206034071523995,0
2021-01-29,balanced_fixed,balanced,fixed,0.0029349436050634115,0,0.001,0,0.0029349436050634115,0.98494263243200852,0.98494263243200852,0
2021-02-01,balanced_fixed,balanced,fixed,0.0071643720241576503,0.1835717123978331,0.001,0.0001835717123978331,0.0069808003117598173,0.99199912787320454,0.99181832026755534,0.0001835717123978331
2021-02-02,balanced_fixed,balanced,fixed,0.015368263534590199,0,0.001,0,0.015368263534590199,1.0072444318964435,1.0070608455918617,0.0001835717123978331
2021-02-03,balanced_fixed,balanced,fixed,0.0032977066513615316,0,0.001,0,0.0032977066513615316,1.0105660285590552,1.0103818368406958,0.0001835717123978331
2021-02-04,balanced_fixed,balanced,fixed,-0.0083067566588159725,0,0.001,0,-0.0083067566588159725,1.0021715024721491,1.0019888407895727,0.0001835717123978331
2021-02-05,balanced_fixed,balanced,fixed,0.030630704664144304,0,0.001,0,0.030630704664144304,1.0328687217871952,1.0326804650485664,0.0001835717123978331
2021-02-08,balanced_fixed,balanced,fixed,0.026051956243322349,0,0.001,0,0.026051956243322349,1.0597769725322916,1.0595838113373455,0.0001835717123978331
2021-02-09,balanced_fixed,balanced,fixed,0.0053346015138091563,0,0.001,0,0.0053346015138091563,1.0654304603742626,1.0652362687413133,0.0001835717123978331
2021-02-10,balanced_fixed,balanced,fixed,-0.0042381145353980187,0,0.001,0,-0.0042381145353980187,1.0609150440536945,1.0607216754271276,0.0001835717123978331
2021-02-11,balanced_fixed,balanced,fixed,0.021555253986112355,0,0.001,0,0.021555253986112355,1.0837833372859595,1.083585800549534,0.0001835717123978331
2021-02-12,balanced_fixed,balanced,fixed,0.013811457598529975,0,0.001,0,0.013811457598529975,1.0987519648948778,1.098551699888193,0.0001835717123978331
2021-02-16,balanced_fixed,balanced,fixed,-0.0073043954773823749,0,0.001,0,-0.0073043954773823749,1.0907262460117346,1.0905274438198589,0.0001835717123978331
2021-02-17,balanced_fixed,balanced,fixed,0.012537547327459375,0,0.001,0,0.012537547327459375,1.1044012779424088,1.1041999832586438,0.0001835717123978331
2021-02-18,balanced_fixed,balanced,fixed,-0.0027661523966480139,0,0.001,0,-0.0027661523966480139,1.1013463357005673,1.1011455978285742,0.0001835717123978331
2021-02-19,balanced_fixed,balanced,fixed,0.013285619521806291,0,0.001,0,0.013285619521806291,1.1159784040784206,1.1157749992794366,0.0001835717123978331
2021-02-22,balanced_fixed,balanced,fixed,-0.024601511945138377,0,0.001,0,-0.024601511945138377,1.0885236480399689,1.0883252473065768,0.0001835717123978331
2021-02-23,balanced_fixed,balanced,fixed,-0.052380113710316367,0,0.001,0,-0.052380113710316367,1.0315066555792669,1.03131864709885,0.0001835717123978331
2021-02-24,balanced_fixed,balanced,fixed,0.01008001853206153,0,0.001,0,0.01008001853206153,1.0419042617834506,1.0417143581740671,0.0001835717123978331
2021-02-25,balanced_fixed,balanced,fixed,-0.024301393496921619,0,0.001,0,-0.024301393496921619,1.0165845363317314,1.0163992476446859,0.0001835717123978331
2021-02-26,balanced_fixed,balanced,fixed,-0.014456204316054766,0,0.001,0,-0.014456204316054766,1.0018885825699781,1.00170597245405,0.0001835717123978331
2021-03-01,balanced_fixed,balanced,fixed,0.021240594250854894,0.1246098413754171,0.001,0.00012460984137541709,0.021115984409479475,1.0231692914369113,1.0228579801512723,0.00030818155377325017
2021-03-02,balanced_fixed,balanced,fixed,0.00057017253277114044,0,0.001,0,0.00057017253277114044,1.0237526744632635,1.0234411856764802,0.00030818155377325017
2021-03-03,balanced_fixed,balanced,fixed,-0.00088595872367680517,0,0.001,0,-0.00088595872367680517,1.0228456718504353,1.02253445902986,0.00030818155377325017
2021-03-04,balanced_fixed,balanced,fixed,-0.0067776799654891695,0,0.001,0,-0.0067776799654891695,1.0159131512325472,1.0156040477128709,0.00030818155377325017
2021-03-05,balanced_fixed,balanced,fixed,0.0071105780734983526,0,0.001,0,0.0071105780734983526,1.0231368810102799,1.0228255795858943,0.00030818155377325017
2021-03-08,balanced_fixed,balanced,fixed,0.0022264607254975921,0,0.001,0,0.0022264607254975921,1.0254148550926574,1.0251028605678765,0.00030818155377325017
2021-03-09,balanced_fixed,balanced,fixed,0.013490236758660901,0,0.001,0,0.013490236758660901,1.0392479442637053,1.0389317408589176,0.00030818155377325017
2021-03-10,balanced_fixed,balanced,fixed,-0.0010590911017526183,0,0.001,0,-0.0010590911017526183,1.0381472860134209,1.0378314174968455,0.00030818155377325017
2021-03-11,balanced_fixed,balanced,fixed,0.0024618711897492762,0,0.001,0,0.0024618711897492762,1.0407030709075737,1.0403864247633976,0.00030818155377325017
2021-03-12,balanced_fixed,balanced,fixed,-0.0020128212659094036,0,0.001,0,-0.0020128212659094036,1.0386083216349538,1.0382923128428703,0.00030818155377325017
2021-03-15,balanced_fixed,balanced,fixed,0.0061784175357144644,0,0.001,0,0.0061784175357144644,1.0450252775020821,1.0447073162757361,0.00030818155377325017
2021-03-16,balanced_fixed,balanced,fixed,0.012719208983708929,0,0.001,0,0.012719208983708929,1.0583171723998894,1.0579951669582568,0.00030818155377325017
2021-03-17,balanced_fixed,balanced,fixed,0.0061649782216819382,0,0.001,0,0.0061649782216819382,1.0648416747193667,1.0645176841211992,0.00030818155377325017
2021-03-18,balanced_fixed,balanced,fixed,-0.0076205537664038037,0,0.001,0,-0.0076205537664038037,1.0567269914844604,1.0564054698740659,0.00030818155377325017
2021-03-19,balanced_fixed,balanced,fixed,0.0071578666135549973,0,0.001,0,0.0071578666135549973,1.0642909023364493,1.0639670793172544,0.00030818155377325017
2021-03-22,balanced_fixed,balanced,fixed,-0.0051669531677591696,0,0.001,0,-0.0051669531677591696,1.0587917610872046,1.0584696112463847,0.00030818155377325017
2021-03-23,balanced_fixed,balanced,fixed,-0.0032654032470306182,0,0.001,0,-0.0032654032470306182,1.0553343790326213,1.0550132811409376,0.00030818155377325017
2021-03-24,balanced_fixed,balanced,fixed,-0.015687190138708007,0,0.001,0,-0.015687190138708007,1.0387791479688213,1.0384630872008176,0.00030818155377325017
2021-03-25,balanced_fixed,balanced,fixed,-0.00061479782383477843,0,0.001,0,-0.00061479782383477843,1.0381405088092051,1.0378246423546738,0.00030818155377325017
2021-03-26,balanced_fixed,balanced,fixed,0.034544450467729915,0,0.001,0,0.034544450467729915,1.0740025021943085,1.0736757243066843,0.00030818155377325017
2021-03-29,balanced_fixed,balanced,fixed,0.016492052715966432,0,0.001,0,0.016492052715966432,1.0917150080775768,1.0913828409518036,0.00030818155377325017
2021-03-30,balanced_fixed,balanced,fixed,-0.0062736873797951676,0,0.001,0,-0.0062736873797951676,1.0848659294090675,1.0845358461959993,0.00030818155377325017
2021-03-31,balanced_fixed,balanced,fixed,0.024079557581130562,0,0.001,0,0.024079557581130562,1.1109890210240798,1.1106509895532761,0.00030818155377325017
2021-04-01,balanced_fixed,balanced,fixed,0.011005610621430462,0.48283185499098907,0.001,0.00048283185499098906,0.010522778766439473,1.1232161335941551,1.1223381242030723,0.00079101340876423928
2021-04-05,balanced_fixed,balanced,fixed,0.019429208031801704,0,0.001,0,0.019429208031801704,1.1450393335184319,1.1441442651002358,0.00079101340876423928
2021-04-06,balanced_fixed,balanced,fixed,0.001568642874657078,0,0.001,0,0.001568642874657078,1.1468354913101577,1.1459390188492651,0.00079101340876423928
2021-04-07,balanced_fixed,balanced,fixed,-0.012808445565264392,0,0.001,0,-0.012808445565264392,1.1321463113473984,1.1312613213052218,0.00079101340876423928
2021-04-08,balanced_fixed,balanced,fixed,0.011887450814957123,0,0.001,0,0.011887450814957123,1.1456046449388757,1.1447091346211011,0.00079101340876423928
2021-04-09,balanced_fixed,balanced,fixed,-0.0029569016421522321,0,0.001,0,-0.0029569016421522321,1.1422172046829988,1.1413243423011534,0.00079101340876423928
2021-04-12,balanced_fixed,balanced,fixed,0.00034149881775880075,0,0.001,0,0.00034149881775880075,1.1426072705080219,1.1417141032147287,0.00079101340876423928
2021-04-13,balanced_fixed,balanced,fixed,0.020670528174136837,0,0.001,0,0.020670528174136837,1.1662255662850316,1.165313936752038,0.00079101340876423928
2021-04-14,balanced_fixed,balanced,fixed,0.0018850383726380926,0,0.001,0,0.0018850383726380926,1.1684239462286305,1.1675105982389855,0.00079101340876423928
2021-04-15,balanced_fixed,balanced,fixed,0.025761678071689387,0,0.001,0,0.025761678071689387,1.1985245077826254,1.1975876304161037,0.00079101340876423928
2021-04-16,balanced_fixed,balanced,fixed,0.015480423566793133,0,0.001,0,0.015480423566793133,1.2170781748182826,1.2161267941932972,0.00079101340876423928
2021-04-19,balanced_fixed,balanced,fixed,-0.017498050132478404,0,0.001,0,-0.017498050132478404,1.195781679900167,1.1948469465810525,0.00079101340876423928
2021-04-20,balanced_fixed,balanced,fixed,0.008330369389104586,0,0.001,0,0.008330369389104586,1.2057429830024595,1.2048004630095164,0.00079101340876423928
2021-04-21,balanced_fixed,balanced,fixed,-0.0059650300762760233,0,0.001,0,-0.0059650300762760233,1.198550689844591,1.1976137920117533,0.00079101340876423928
2021-04-22,balanced_fixed,balanced,fixed,-0.0066113367582262272,0,0.001,0,-0.0066113367582262272,1.1906266676122241,1.1896959639264673,0.00079101340876423928
2021-04-23,balanced_fixed,balanced,fixed,-0.0031758490056575939,0,0.001,0,-0.0031758490056575939,1.1868454170937783,1.1859176691823965,0.00079101340876423928
2021-04-26,balanced_fixed,balanced,fixed,0.023890272164889703,0,0.001,0,0.023890272164889703,1.2151994771258008,1.2142495650643155,0.00079101340876423928
2021-04-27,balanced_fixed,balanced,fixed,0.0063422478148404959,0,0.001,0,0.0063422478148404959,1.2229065733541973,1.2219506367150157,0.00079101340876423928
2021-04-28,balanced_fixed,balanced,fixed,0.0019213046903656661,0,0.001,0,0.0019213046903656661,1.2252561494894616,1.2242983762047315,0.00079101340876423928
2021-04-29,balanced_fixed,balanced,fixed,0.0065620149968443897,0,0.001,0,0.0065620149968443897,1.2332962987173872,1.2323322405099992,0.00079101340876423928
2021-04-30,balanced_fixed,balanced,fixed,0.013548974717148887,0,0.001,0,0.013548974717148887,1.2500061990874625,1.2490290788797966,0.00079101340876423928
2021-05-03,balanced_fixed,balanced,fixed,0.0200422593663796,0.2159318971337825,0.001,0.00021593189713378251,0.019826327469245817,1.2750591475391557,1.2737927384162779,0.0010069453058980217
2021-05-04,balanced_fixed,balanced,fixed,-0.004611267967181587,0,0.001,0,-0.004611267967181587,1.2691795081358466,1.2679189387647904,0.0010069453058980217
2021-05-05,balanced_fixed,balanced,fixed,0.043478628412867648,0,0.001,0,0.043478628412867648,1.3243616923593111,1.3230463151609824,0.0010069453058980217
2021-05-06,balanced_fixed,balanced,fixed,0.043694317768728563,0,0.001,0,0.043694317768728563,1.3822287729859899,1.3808559212783718,0.0010069453058980217
2021-05-07,balanced_fixed,balanced,fixed,-0.011163112331802783,0,0.001,0,-0.011163112331802783,1.3667987979248974,1.3654412715151063,0.0010069453058980217
2021-05-10,balanced_fixed,balanced,fixed,-0.013432854754274359,0,0.001,0,-0.013432854754274359,1.3484387881940556,1.3470994972393522,0.0010069453058980217
2021-05-11,balanced_fixed,balanced,fixed,0.03313955188123785,0,0.001,0,0.03313955188123785,1.393125445374086,1.3917417709173052,0.0010069453058980217
2021-05-12,balanced_fixed,balanced,fixed,-0.067565223590192791,0,0.001,0,-0.067565223590192791,1.298998613168199,1.2977084269854666,0.0010069453058980217
2021-05-13,balanced_fixed,balanced,fixed,0.021491061870368089,0,0.001,0,0.021491061870368089,1.326915472733319,1.3255975590795093,0.0010069453058980217
2021-05-14,balanced_fixed,balanced,fixed,0.021255607908780894,0,0.001,0,0.021255607908780894,1.3551198677498331,1.3537739410401404,0.0010069453058980217
2021-05-17,balanced_fixed,balanced,fixed,-0.01739858916574899,0,0.001,0,-0.01739858916574899,1.3315426939005097,1.3302201844166861,0.0010069453058980217
2021-05-18,balanced_fixed,balanced,fixed,0.0035349728570515104,0,0.001,0,0.0035349728570515104,1.3362496611814532,1.3349224766625012,0.0010069453058980217
2021-05-19,balanced_fixed,balanced,fixed,-0.072538449678357209,0,0.001,0,-0.072538449678357209,1.2393201823761204,1.2380892697646104,0.0010069453058980217
2021-05-20,balanced_fixed,balanced,fixed,0.036102320083054806,0,0.001,0,0.036102320083054806,1.2840625162856529,1.282787164873048,0.0010069453058980217
2021-05-21,balanced_fixed,balanced,fixed,-0.028260968239840589,0,0.001,0,-0.028260968239840589,1.2477736662949344,1.2465343575480956,0.0010069453058980217
2021-05-24,balanced_fixed,balanced,fixed,0.047011320849776883,0,0.001,0,0.047011320849776883,1.306433154469028,1.3051355841810597,0.0010069453058980217
2021-05-25,balanced_fixed,balanced,fixed,0.0019672075277576972,0,0.001,0,0.0019672075277576972,1.3090031796050117,1.3077030567270052,0.0010069453058980217
2021-05-26,balanced_fixed,balanced,fixed,0.016018135182136461,0,0.001,0,0.016018135182136461,1.3299709694897712,1.3286500210677514,0.0010069453058980217
2021-05-27,balanced_fixed,balanced,fixed,-0.0090392149110744002,0,0.001,0,-0.0090392149110744002,1.3179490760710633,1.3166400679857164,0.0010069453058980217
2021-05-28,balanced_fixed,balanced,fixed,-0.020075767599912364,0,0.001,0,-0.020075767599912364,1.2914902367113414,1.2902075079681024,0.0010069453058980217
2021-06-01,balanced_fixed,balanced,fixed,-0.0053652268005424109,0.26262298495758901,0.001,0.00026262298495758902,-0.0056278497855,1.2845610986806988,1.2829464139211335,0.0012695682908556109
2021-06-02,balanced_fixed,balanced,fixed,0.0066540967956456587,0,0.001,0,0.0066540967956456587,1.2931086925712412,1.2914832635429911,0.0012695682908556109
2021-06-03,balanced_fixed,balanced,fixed,0.012469901920962867,0,0.001,0,0.012469901920962867,1.3092336311407491,1.3075879331719373,0.0012695682908556109
2021-06-04,balanced_fixed,balanced,fixed,-0.010697086228835584,0,0.001,0,-0.010697086228835584,1.2952286460947451,1.2936005522990122,0.0012695682908556109
2021-06-07,balanced_fixed,balanced,fixed,-0.013195349055301953,0,0.001,0,-0.013195349055301953,1.2781376520030987,1.2765310414732953,0.0012695682908556109
2021-06-08,balanced_fixed,balanced,fixed,-0.0043579068405608101,0,0.001,0,-0.0043579068405608101,1.2725676471862561,1.2709680381154707,0.0012695682908556109
2021-06-09,balanced_fixed,balanced,fixed,0.012349987349943969,0,0.001,0,0.012349987349943969,1.2882838415309543,1.2866644773083797,0.0012695682908556109
2021-06-10,balanced_fixed,balanced,fixed,-0.0040932480310823527,0,0.001,0,-0.0040932480310823527,1.2830105762331325,1.2813978404699735,0.0012695682908556109
2021-06-11,balanced_fixed,balanced,fixed,-0.0049752288064641714,0,0.001,0,-0.0049752288064641714,1.2766273050552592,1.2750225930215264,0.0012695682908556109
2021-06-14,balanced_fixed,balanced,fixed,0.0032990975219244767,0,0.001,0,0.0032990975219244767,1.2808390230337883,1.2792290168985614,0.0012695682908556109
2021-06-15,balanced_fixed,balanced,fixed,0.0015227633551067044,0,0.001,0,0.0015227633551067044,1.2827894377618547,1.2811769799682837,0.0012695682908556109
2021-06-16,balanced_fixed,balanced,fixed,-0.022331342260226372,0,0.001,0,-0.022331342260226372,1.2541430277793915,1.2525665783326887,0.0012695682908556109
2021-06-17,balanced_fixed,balanced,fixed,0.0037999733833471439,0,0.001,0,0.0037999733833471439,1.2589087379038635,1.2573262979912232,0.0012695682908556109
2021-06-18,balanced_fixed,balanced,fixed,-0.021032074343560803,0,0.001,0,-0.021032074343560803,1.2324312757365112,1.2308821178177578,0.0012695682908556109
2021-06-21,balanced_fixed,balanced,fixed,-0.018246125598735841,0,0.001,0,-0.018246125598735841,1.2099441798876127,1.208423288098817,0.0012695682908556109
2021-06-22,balanced_fixed,balanced,fixed,-0.0038653603874492237,0,0.001,0,-0.0038653603874492237,1.2052673095836504,1.2037522965897287,0.0012695682908556109
2021-06-23,balanced_fixed,balanced,fixed,0.0046023222230644478,0,0.001,0,0.0046023222230644478,1.2108143381072802,1.2092923525353885,0.0012695682908556109
2021-06-24,balanced_fixed,balanced,fixed,0.011367192422337302,0,0.001,0,0.011367192422337302,1.2245778976762707,1.2230386114015193,0.0012695682908556109
2021-06-25,balanced_fixed,balanced,fixed,0.0028086510439422341,0,0.001,0,0.0028086510439422341,1.2280173096669678,1.2264737000742139,0.0012695682908556109
2021-06-28,balanced_fixed,balanced,fixed,0.0024088054893580679,0,0.001,0,0.0024088054893580679,1.2309753645035202,1.2294280366555059,0.0012695682908556109
2021-06-29,balanced_fixed,balanced,fixed,0.0038812091252304892,0,0.001,0,0.0038812091252304892,1.2357530373211651,1.2341997039701875,0.0012695682908556109
2021-06-30,balanced_fixed,balanced,fixed,0.0068727604850316037,0,0.001,0,0.0068727604850316037,1.2442460719653239,1.2426820629262716,0.0012695682908556109
2021-07-01,balanced_fixed,balanced,fixed,-0.0052890877504465639,0.30033247416640968,0.001,0.00030033247416640969,-0.0055894202246129735,1.2376651453075509,1.2357361906709878,0.0015699007650220205
2021-07-02,balanced_fixed,balanced,fixed,0.0070856982561764426,0,0.001,0,0.0070856982561764426,1.246434867069387,1.2444922444423194,0.0015699007650220205
2021-07-06,balanced_fixed,balanced,fixed,0.0025465031511324732,0,0.001,0,0.0025465031511324732,1.2496089173860605,1.2476613478643517,0.0015699007650220205
2021-07-07,balanced_fixed,balanced,fixed,0.00034150380587560925,0,0.001,0,0.00034150380587560925,1.2500356635872039,1.2480874289630912,0.0015699007650220205
2021-07-08,balanced_fixed,balanced,fixed,-0.014644965904733187,0,0.001,0,-0.014644965904733187,1.2317289339142687,1.2298092311198006,0.0015699007650220205
2021-07-09,balanced_fixed,balanced,fixed,0.0097360876677756725,0,0.001,0,0.0097360876677756725,1.243721154797794,1.2417827616086228,0.0015699007650220205
2021-07-12,balanced_fixed,balanced,fixed,-0.0025895568494239685,0,0.001,0,-0.0025895568494239685,1.2405004681626139,1.2385670945528025,0.0015699007650220205
2021-07-13,balanced_fixed,balanced,fixed,-0.0068893325343629686,0,0.001,0,-0.0068893325343629686,1.2319542479284087,1.2300341939723085,0.0015699007650220205
2021-07-14,balanced_fixed,balanced,fixed,0.0042232484877828824,0,0.001,0,0.0042232484877828824,1.2371570968429901,1.2352289340219234,0.0015699007650220205
2021-07-15,balanced_fixed,balanced,fixed,-0.0029850468069063663,0,0.001,0,-0.0029850468069063663,1.2334641250014173,1.2315417178366228,0.0015699007650220205
2021-07-16,balanced_fixed,balanced,fixed,-0.0042019299356019779,0,0.001,0,-0.0042019299356019779,1.2282811951700827,1.2263668658255025,0.0015699007650220205
2021-07-19,balanced_fixed,balanced,fixed,-0.016600447997134005,0,0.001,0,-0.016600447997134005,1.2078911770638041,1.206008626443958,0.0015699007650220205
2021-07-20,balanced_fixed,balanced,fixed,-0.0022387090113855646,0,0.001,0,-0.0022387090113855646,1.2051870602009382,1.2033087240641291,0.0015699007650220205
2021-07-21,balanced_fixed,balanced,fixed,0.011589946013075503,0,0.001,0,0.011589946013075503,1.2191551131643243,1.2172550072130952,0.0015699007650220205
2021-07-22,balanced_fixed,balanced,fixed,0.0055178000663100857,0,0.001,0,0.0055178000663100857,1.2258821673285847,1.2239715769726118,0.0015699007650220205
2021-07-23,balanced_fixed,balanced,fixed,0.014992532966649819,0,0.001,0,0.014992532966649819,1.2442612461354867,1.2423220111906161,0.0015699007650220205
2021-07-26,balanced_fixed,balanced,fixed,0.0051069863604378263,0,0.001,0,0.0051069863604378263,1.2506156713483221,1.2486665327570383,0.0015699007650220205
2021-07-27,balanced_fixed,balanced,fixed,0.0069564143947609125,0,0.001,0,0.0069564143947609125,1.2593154722068032,1.2573527745997655,0.0015699007650220205
2021-07-28,balanced_fixed,balanced,fixed,0.002024671578011894,0,0.001,0,0.002024671578011894,1.2618651724511309,1.259898501026032,0.0015699007650220205
2021-07-29,balanced_fixed,balanced,fixed,0.0047599909104629745,0,0.001,0,0.0047599909104629745,1.2678716392022282,1.2658956064390219,0.0015699007650220205
2021-07-30,balanced_fixed,balanced,fixed,0.0037755418349536551,0,0.001,0,0.0037755418349536551,1.2726585416173875,1.2706750482598164,0.0015699007650220205
2021-08-02,balanced_fixed,balanced,fixed,0.0017562634838097502,0.0729130707238069,0.001,7.2913070723806895e-05,0.0016833504130859432,1.2748936653413887,1.2728140396272025,0.0016428138357458275
2021-08-03,balanced_fixed,balanced,fixed,0.0021076721610768789,0,0.001,0,0.0021076721610768789,1.277580723228162,1.2754967143447526,0.0016428138357458275
2021-08-04,balanced_fixed,balanced,fixed,0.0047662072049392545,0,0.001,0,0.0047662072049392545,1.2836699376761036,1.281575995974539,0.0016428138357458275
2021-08-05,balanced_fixed,balanced,fixed,0.0078026851901022987,0,0.001,0,0.0078026851901022987,1.2936860100877885,1.2915757300183202,0.0016428138357458275
2021-08-06,balanced_fixed,balanced,fixed,0.0028597874563123238,0,0.001,0,0.0028597874563123238,1.2973856771118444,1.2952693620899041,0.0016428138357458275
2021-08-09,balanced_fixed,balanced,fixed,0.012605883853098243,0,0.001,0,0.012605883853098243,1.3137403702701895,1.3115973772268861,0.0016428138357458275
2021-08-10,balanced_fixed,balanced,fixed,0.0089921836471456018,0,0.001,0,0.0089921836471456018,1.3255537649443281,1.3233915017140248,0.0016428138357458275
2021-08-11,balanced_fixed,balanced,fixed,0.016562390856307507,0,0.001,0,0.016562390856307507,1.3475081045003861,1.3453100290213282,0.0016428138357458275
2021-08-12,balanced_fixed,balanced,fixed,-0.00090422765111897174,0,0.001,0,-0.00090422765111897174,1.34628965041219,1.3440935624937596,0.0016428138357458275
2021-08-13,balanced_fixed,balanced,fixed,0.026308368023683526,0,0.001,0,0.026308368023683526,1.38170833400171,1.3794544705941092,0.0016428138357458275
2021-08-16,balanced_fixed,balanced,fixed,-0.0034335168423828,0,0.001,0,-0.0034335168423828,1.3769642151656545,1.3747180904360241,0.0016428138357458275
2021-08-17,balanced_fixed,balanced,fixed,-0.012442105225038746,0,0.001,0,-0.012442105225038746,1.3598318815094506,1.3576137033000548,0.0016428138357458275
2021-08-18,balanced_fixed,balanced,fixed,-0.0025298575741163898,0,0.001,0,-0.0025298575741163898,1.356391700524489,1.3541791339900369,0.0016428138357458275
2021-08-19,balanced_fixed,balanced,fixed,0.016525616092044393,0,0.001,0,0.016525616092044393,1.3788069090377919,1.3765577784782133,0.0016428138357458275
2021-08-20,balanced_fixed,balanced,fixed,0.013894049737251057,0,0.001,0,0.013894049737251057,1.3979641208100284,1.3956837407185894,0.0016428138357458275
2021-08-23,balanced_fixed,balanced,fixed,0.0060806192358655586,0,0.001,0,0.0060806192358655586,1.4064646083340757,1.4041703621195876,0.0016428138357458275
2021-08-24,balanced_fixed,balanced,fixed,-0.018728505357003433,0,0.001,0,-0.018728505357003433,1.3801236283824552,1.3778723499704855,0.0016428138357458275
2021-08-25,balanced_fixed,balanced,fixed,0.003017182986360778,0,0.001,0,0.003017182986360778,1.3842877139130851,1.3820296429821934,0.0016428138357458275
2021-08-26,balanced_fixed,balanced,fixed,-0.016845058853632411,0,0.001,0,-0.016845058853632411,1.360969305901859,1.3587492723086938,0.0016428138357458275
2021-08-27,balanced_fixed,balanced,fixed,0.021404876424415908,0,0.001,0,0.021404876424415908,1.3901006857121114,1.3878331325742264,0.0016428138357458275
2021-08-30,balanced_fixed,balanced,fixed,-0.0038846077309373506,0,0.001,0,-0.0038846077309373506,1.3847006898416128,1.3824419452581775,0.0016428138357458275
2021-08-31,balanced_fixed,balanced,fixed,0.0080320341132569251,0,0.001,0,0.0080320341132569251,1.3958226530190709,1.3935457661220885,0.0016428138357458275
2021-09-01,balanced_fixed,balanced,fixed,0.015180936632426034,0.054108497204084303,0.001,5.4108497204084305e-05,0.01512682813522195,1.4170125482646583,1.4146256934247834,0.0016969223329499118
2021-09-02,balanced_fixed,balanced,fixed,0.0085046872192124923,0,0.001,0,0.0085046872192124923,1.4290637967733484,1.4266566424796228,0.0016969223329499118
2021-09-03,balanced_fixed,balanced,fixed,0.0075792141227051246,0,0.001,0,0.0075792141227051246,1.4398949772840997,1.4374695786525553,0.0016969223329499118
2021-09-07,balanced_fixed,balanced,fixed,-0.041390358957521634,0,0.001,0,-0.041390358957521634,1.3802972073131783,1.3779721968016088,0.0016969223329499118
2021-09-08,balanced_fixed,balanced,fixed,0.004849640585419035,0,0.001,0,0.004849640585419035,1.3869911526697047,1.3846548666927969,0.0016969223329499118
2021-09-09,balanced_fixed,balanced,fixed,-0.0048466953204487906,0,0.001,0,-0.0048466953204487906,1.3802688291405567,1.3779438664299604,0.0016969223329499118
2021-09-10,balanced_fixed,balanced,fixed,-0.0082096554806716515,0,0.001,0,-0.0082096554806716515,1.3689372975826026,1.3666314220148656,0.0016969223329499118
2021-09-13,balanced_fixed,balanced,fixed,-0.0093108661993913655,0,0.001,0,-0.0093108661993913655,1.3561913055694546,1.3539068997006012,0.0016969223329499118
2021-09-14,balanced_fixed,balanced,fixed,0.0043620391777698941,0,0.001,0,0.0043620391777698941,1.3621070651768994,1.3598126946401481,0.0016969223329499118
2021-09-15,balanced_fixed,balanced,fixed,0.0069240654274778102,0,0.001,0,0.0069240654274778102,1.371538383615414,1.3692281267069515,0.0016969223329499118
2021-09-16,balanced_fixed,balanced,fixed,-0.0083943635928903637,0,0.001,0,-0.0083943635928903637,1.3600251917417412,1.3577343279697611,0.0016969223329499118
2021-09-17,balanced_fixed,balanced,fixed,-0.017216086841655764,0,0.001,0,-0.017216086841655764,1.3366108799338758,1.3343594558715366,0.0016969223329499118
2021-09-20,balanced_fixed,balanced,fixed,-0.027465438403695641,0,0.001,0,-0.027465438403695641,1.2999002761413425,1.2977106884279082,0.0016969223329499118
2021-09-21,balanced_fixed,balanced,fixed,-0.011156857104558382,0,0.001,0,-0.011156857104558382,1.2853974745102577,1.2832323157140599,0.0016969223329499118
2021-09-22,balanced_fixed,balanced,fixed,0.018329909720751214,0,0.001,0,0.018329909720751214,1.3089586941733122,1.3067538482118493,0.0016969223329499118
2021-09-23,balanced_fixed,balanced,fixed,0.0064798005721664609,0,0.001,0,0.0064798005721664609,1.3174404854687587,1.315221352545173,0.0016969223329499118
2021-09-24,balanced_fixed,balanced,fixed,-0.017227431024081197,0,0.001,0,-0.017227431024081197,1.2947443703770136,1.2925634674128024,0.0016969223329499118
2021-09-27,balanced_fixed,balanced,fixed,-0.010912949390238347,0,0.001,0,-0.010912949390238347,1.2806148905897932,1.2784577877092556,0.0016969223329499118
2021-09-28,balanced_fixed,balanced,fixed,-0.012626214759114962,0,0.001,0,-0.012626214759114962,1.2644455719574859,1.2623157051211755,0.0016969223329499118
2021-09-29,balanced_fixed,balanced,fixed,0.01217661287069749,0,0.001,0,0.01217661287069749,1.2798422361832797,1.2776864347830377,0.0016969223329499118
2021-09-30,balanced_fixed,balanced,fixed,0.00025978258166436952,0,0.001,0,0.00025978258166436952,1.2801747169035185,1.2780183554636231,0.0016969223329499118
2021-10-01,balanced_fixed,balanced,fixed,0.021191669969297111,0.28127122524081888,0.001,0.00028127122524081887,0.020910398744056292,1.3073037570071762,1.3047422288785904,0.0019781935581907307
2021-10-04,balanced_fixed,balanced,fixed,-0.0035451851578092164,0,0.001,0,-0.0035451851578092164,1.3026691231310861,1.3001166760940031,0.0019781935581907307
2021-10-05,balanced_fixed,balanced,fixed,0.013148088720301265,0,0.001,0,0.013148088720301265,1.3197967323352107,1.3172107254980301,0.0019781935581907307
2021-10-06,balanced_fixed,balanced,fixed,0.0059588766453142483,0,0.001,0,0.0059588766453142483,1.327661238260085,1.3250598217271576,0.0019781935581907307
2021-10-07,balanced_fixed,balanced,fixed,0.0059094557544872028,0,0.001,0,0.0059094557544872028,1.3355069936045307,1.3328902041157029,0.0019781935581907307
2021-10-08,balanced_fixed,balanced,fixed,-0.0030541536963399896,0,0.001,0,-0.0030541536963399896,1.3314281499835257,1.3288193525719876,0.0019781935581907307
2021-10-11,balanced_fixed,balanced,fixed,-0.0019248246187844043,0,0.001,0,-0.0019248246187844043,1.3288653843022948,1.3262616083682399,0.0019781935581907307
2021-10-12,balanced_fixed,balanced,fixed,-0.003680542836568379,0,0.001,0,-0.003680542836568379,1.3239744383313374,1.3213802457061445,0.0019781935581907307
2021-10-13,balanced_fixed,balanced,fixed,0.0096027287832076702,0,0.001,0,0.0096027287832076702,1.336688205778533,1.3340691018251489,0.0019781935581907307
2021-10-14,balanced_fixed,balanced,fixed,0.0082135694836800166,0,0.001,0,0.0082135694836800166,1.3476671872347106,1.3450265710890204,0.0019781935581907307
2021-10-15,balanced_fixed,balanced,fixed,0.0096995933846566462,0,0.001,0,0.0096995933846566462,1.3607390109687312,1.3580727819201428,0.0019781935581907307
2021-10-18,balanced_fixed,balanced,fixed,-0.0039141224026946198,0,0.001,0,-0.0039141224026946198,1.355412911921678,1.3527571188199394,0.0019781935581907307
2021-10-19,balanced_fixed,balanced,fixed,0.0097257238011954072,0,0.001,0,0.0097257238011954072,1.3685952835396022,1.365913660927683,0.0019781935581907307
2021-10-20,balanced_fixed,balanced,fixed,0.019062742402818911,0,0.001,0,0.019062742402818911,1.3946844628834305,1.3919517211904386,0.0019781935581907307
2021-10-21,balanced_fixed,balanced,fixed,-0.0034847162037829893,0,0.001,0,-0.0034847162037829893,1.3898243833364563,1.3871011644727227,0.0019781935581907307
2021-10-22,balanced_fixed,balanced,fixed,-0.0011152762941991634,0,0.001,0,-0.0011152762941991634,1.3882743451486212,1.3855541634263302,0.0019781935581907307
2021-10-25,balanced_fixed,balanced,fixed,0.0096766038582549729,0,0.001,0,0.0096766038582549729,1.4017081260332027,1.3989616221899626,0.0019781935581907307
2021-10-26,balanced_fixed,balanced,fixed,0.0015508305675389078,0,0.001,0,0.0015508305675389078,1.4038819378418226,1.4011311746364685,0.0019781935581907307
2021-10-27,balanced_fixed,balanced,fixed,-0.023872855378567204,0,0.001,0,-0.023872855378567204,1.370367267371142,1.3676821727379702,0.0019781935581907307
2021-10-28,balanced_fixed,balanced,fixed,0.01958917827561657,0,0.001,0,0.01958917827561657,1.3972116360747449,1.3944739426441168,0.0019781935581907307
2021-10-29,balanced_fixed,balanced,fixed,0.001598455747263916,0,0.001,0,0.001598455747263916,1.3994450170445725,1.3967029475321462,0.0019781935581907307
2021-11-01,balanced_fixed,balanced,fixed,0.00081909983899808303,0.27198582043459441,0.001,0.00027198582043459443,0.00054711401856348866,1.4005913022327203,1.3974671032945101,0.0022501793786253248
2021-11-02,balanced_fixed,balanced,fixed,0.010684444525806747,0,0.001,0,0.010684444525806747,1.4155558423047532,1.4123982630363001,0.0022501793786253248
2021-11-03,balanced_fixed,balanced,fixed,0.0066495594405897585,0,0.001,0,0.0066495594405897585,1.4249686650196327,1.4217900892401458,0.0022501793786253248
2021-11-04,balanced_fixed,balanced,fixed,-0.0025981807996735551,0,0.001,0,-0.0025981807996735551,1.4212663387940423,1.4180960215291158,0.0022501793786253248
2021-11-05,balanced_fixed,balanced,fixed,-0.0099153385339686428,0,0.001,0,-0.0099153385339686428,1.4071740018979653,1.4040351194019807,0.0022501793786253248
2021-11-08,balanced_fixed,balanced,fixed,0.013942457191066016,0,0.001,0,0.013942457191066016,1.4267934651798087,1.423610818948996,0.0022501793786253248
2021-11-09,balanced_fixed,balanced,fixed,0.015284977953275991,0,0.001,0,0.015284977953275991,1.4486019718389602,1.4453706789306766,0.0022501793786253248
2021-11-10,balanced_fixed,balanced,fixed,-0.0068491732844599973,0,0.001,0,-0.0068491732844599973,1.4386802459136248,1.4354710846904029,0.0022501793786253248
2021-11-11,balanced_fixed,balanced,fixed,0.0032401506414472259,0,0.001,0,0.0032401506414472259,1.4433417866352591,1.4401222272462415,0.0022501793786253248
2021-11-12,balanced_fixed,balanced,fixed,0.00062235395684639983,0,0.001,0,0.00062235395684639983,1.4442400561072533,1.4410184930127106,0.0022501793786253248
2021-11-15,balanced_fixed,balanced,fixed,-0.0045026823691032281,0,0.001,0,-0.0045026823691032281,1.4377371018698664,1.4345300444506706,0.0022501793786253248
2021-11-16,balanced_fixed,balanced,fixed,-0.020094563173696955,0,0.001,0,-0.020094563173696955,1.4088464028491743,1.4057037898478904,0.0022501793786253248
2021-11-17,balanced_fixed,balanced,fixed,-0.003909601131403373,0,0.001,0,-0.003909601131403373,1.4033383753586215,1.4002080487206829,0.0022501793786253248
2021-11-18,balanced_fixed,balanced,fixed,-0.016880055937440019,0,0.001,0,-0.016880055937440019,1.3796499450834117,1.3765724585342241,0.0022501793786253248
2021-11-19,balanced_fixed,balanced,fixed,0.0056134193089119044,0,0.001,0,0.0056134193089119044,1.3873944987246822,1.3842997369530763,0.0022501793786253248
2021-11-22,balanced_fixed,balanced,fixed,-0.0082962367297195749,0,0.001,0,-0.0082962367297195749,1.3758843455257517,1.372815258630425,0.0022501793786253248
2021-11-23,balanced_fixed,balanced,fixed,0.0076731199582875664,0,0.001,0,0.0076731199582875664,1.3864416711577008,1.3833490347904638,0.0022501793786253248
2021-11-24,balanced_fixed,balanced,fixed,-0.0061927780431459967,0,0.001,0,-0.0061927780431459967,1.3778557456184528,1.3747822612618061,0.0022501793786253248
2021-11-26,balanced_fixed,balanced,fixed,-0.025683970456336414,0,0.001,0,-0.025683970456336414,1.3424669393548951,1.3394723942796625,0.0022501793786253248
2021-11-29,balanced_fixed,balanced,fixed,0.0098882296587121665,0,0.001,0,0.0098882296587121665,1.3557415607604648,1.3527174049358048,0.0022501793786253248
2021-11-30,balanced_fixed,balanced,fixed,-0.013420618071685375,0,0.001,0,-0.013420618071685375,1.337546671069588,1.3345631012852401,0.0022501793786253248
2021-12-01,balanced_fixed,balanced,fixed,-0.0052814093490801683,0.3238424458194667,0.001,0.00032384244581946671,-0.0056052517948996352,1.3304825395761701,1.3270825390663541,0.0025740218244447916
2021-12-02,balanced_fixed,balanced,fixed,0.02049562338673927,0,0.001,0,0.02049562338673927,1.3577516086299557,1.3542819229901757,0.0025740218244447916
2021-12-03,balanced_fixed,balanced,fixed,-0.0073142110660013859,0,0.001,0,-0.0073142110660013859,1.3478207267892333,1.3443764191625553,0.0025740218244447916
2021-12-06,balanced_fixed,balanced,fixed,0.013057304996796359,0,0.001,0,0.013057304996796359,1.365419633099924,1.3619303520980617,0.0025740218244447916
2021-12-07,balanced_fixed,balanced,fixed,0.0016742776610108034,0,0.001,0,0.0016742776610108034,1.3677057246895288,1.364210601662432,0.0025740218244447916
2021-12-08,balanced_fixed,balanced,fixed,0.0067400862020814412,0,0.001,0,0.0067400862020814412,1.3769241791730165,1.3734054987154303,0.0025740218244447916
2021-12-09,balanced_fixed,balanced,fixed,-0.013596727181010793,0,0.001,0,-0.013596727181010793,1.3582025167598637,1.3547316788404964,0.0025740218244447916
2021-12-10,balanced_fixed,balanced,fixed,-0.00055974480493925505,0,0.001,0,-0.00055974480493925505,1.3574422699570519,1.3539733748211789,0.0025740218244447916
2021-12-13,balanced_fixed,balanced,fixed,-0.011922370267040794,0,0.001,0,-0.011922370267040794,1.3412583405984915,1.337830802914846,0.0025740218244447916
2021-12-14,balanced_fixed,balanced,fixed,-0.0023942518553116132,0,0.001,0,-0.0023942518553116132,1.3380470303280614,1.334627699032874,0.0025740218244447916
2021-12-15,balanced_fixed,balanced,fixed,0.018152585813626887,0,0.001,0,0.018152585813626887,1.3623360438687602,1.3588546428688117,0.0025740218244447916
2021-12-16,balanced_fixed,balanced,fixed,0.00096708881179208284,0,0.001,0,0.00096708881179208284,1.3636535438146868,1.3601687759907819,0.0025740218244447916
2021-12-17,balanced_fixed,balanced,fixed,-0.014460312343047566,0,0.001,0,-0.014460312343047566,1.3439346876434228,1.3405003106506945,0.0025740218244447916
2021-12-20,balanced_fixed,balanced,fixed,-0.00070655191466484357,0,0.001,0,-0.00070655191466484357,1.3429851280166838,1.3395531775895955,0.0025740218244447916
2021-12-21,balanced_fixed,balanced,fixed,0.0059031208878319585,0,0.001,0,0.0059031208878319585,1.3509129315779267,1.3474607219325863,0.0025740218244447916
2021-12-22,balanced_fixed,balanced,fixed,0.0092650612099030027,0,0.001,0,0.0092650612099030027,1.3634292225782456,1.3599450279992318,0.0025740218244447916
2021-12-23,balanced_fixed,balanced,fixed,0.01055044730497845,0,0.001,0,0.01055044730497845,1.3778140107451251,1.374293056354805,0.0025740218244447916
2021-12-27,balanced_fixed,balanced,fixed,0.013165244483533289,0,0.001,0,0.013165244483533289,1.3959532690494223,1.3923859604337383,0.0025740218244447916
2021-12-28,balanced_fixed,balanced,fixed,-0.0090758799869762319,0,0.001,0,-0.0090758799869762319,1.3832837647121026,1.379748832561291,0.0025740218244447916
2021-12-29,balanced_fixed,balanced,fixed,-0.00164464450802837,0,0.001,0,-0.00164464450802837,1.3810087546654239,1.3774796362213606,0.0025740218244447916
2021-12-30,balanced_fixed,balanced,fixed,0.0020671034932180365,0,0.001,0,0.0020671034932180365,1.3838634426863576,1.3803270291892304,0.0025740218244447916
2021-12-31,balanced_fixed,balanced,fixed,-0.0052346244317234003,0,0.001,0,-0.0052346244317234003,1.3766194372991027,1.3731015355984684,0.0025740218244447916
2022-01-03,balanced_fixed,balanced,fixed,-0.0094414596500319581,0.14042063112312539,0.001,0.0001404206311231254,-0.0095818802811550828,1.3636221404283935,1.3599446410704936,0.0027144424555679172
2022-01-04,balanced_fixed,balanced,fixed,-0.0029718307672700339,0,0.001,0,-0.0029718307672700339,1.3595696861965378,1.3559031157443764,0.0027144424555679172
2022-01-05,balanced_fixed,balanced,fixed,-0.013517273957617149,0,0.001,0,-0.013517273957617149,1.3411920102837476,1.337575001868873,0.0027144424555679172
2022-01-06,balanced_fixed,balanced,fixed,-0.0038345155112807783,0,0.001,0,-0.0038345155112807783,1.3360491887167087,1.3324460497767054,0.0027144424555679172
2022-01-07,balanced_fixed,balanced,fixed,-0.013092744076180773,0,0.001,0,-0.013092744076180773,1.318556638615652,1.3150006746516609,0.0027144424555679172
2022-01-10,balanced_fixed,balanced,fixed,-0.0061108557691341714,0,0.001,0,-0.0061108557691341714,1.3104991291736374,1.3069648951925505,0.0027144424555679172
2022-01-11,balanced_fixed,balanced,fixed,0.012514387468458787,0,0.001,0,0.012514387468458787,1.3268992230531942,1.3233207602986639,0.0027144424555679172
2022-01-12,balanced_fixed,balanced,fixed,0.010557064277352701,0,0.001,0,0.010557064277352701,1.3409073834405361,1.3372911426246921,0.0027144424555679172
2022-01-13,balanced_fixed,balanced,fixed,-0.014962272662853549,0,0.001,0,-0.014962272662853549,1.3208443615538652,1.3172822279191225,0.0027144424555679172
2022-01-14,balanced_fixed,balanced,fixed,-0.00098140157886517088,0,0.001,0,-0.00098140157886517088,1.319548082812001,1.3159894450608316,0.0027144424555679172
2022-01-18,balanced_fixed,balanced,fixed,-0.0085045364257280154,0,0.001,0,-0.0085045364257280154,1.3083259380762267,1.3047975648894381,0.0027144424555679172
2022-01-19,balanced_fixed,balanced,fixed,-0.009038568523740409,0,0.001,0,-0.009038568523740409,1.2965005444335378,1.2930040626895754,0.0027144424555679172
2022-01-20,balanced_fixed,balanced,fixed,-0.015768665547029825,0,0.001,0,-0.015768665547029825,1.2760564609668232,1.2726151140740727,0.0027144424555679172
2022-01-21,balanced_fixed,balanced,fixed,-0.0225414647129768,0,0.001,0,-0.0225414647129768,1.2472922792801735,1.2439285053869711,0.0027144424555679172
2022-01-24,balanced_fixed,balanced,fixed,-0.0053469590392379862,0,0.001,0,-0.0053469590392379862,1.2406230585529046,1.2372772706209265,0.0027144424555679172
2022-01-25,balanced_fixed,balanced,fixed,0.0010516352725815636,0,0.001,0,0.0010516352725815636,1.2419277415212568,1.238578435040675,0.0027144424555679172
2022-01-26,balanced_fixed,balanced,fixed,-0.012284974296859819,0,0.001,0,-0.012284974296859819,1.2266706911381111,1.2233625308015554,0.0027144424555679172
2022-01-27,balanced_fixed,balanced,fixed,-0.003828856125759561,0,0.001,0,-0.003828856125759561,1.2219739455480572,1.2186784516814713,0.0027144424555679172
2022-01-28,balanced_fixed,balanced,fixed,0.01713321971330295,0,0.001,0,0.01713321971330295,1.2429102936410636,1.2395583373539978,0.0027144424555679172
2022-01-31,balanced_fixed,balanced,fixed,0.0057211134054224733,0,0.001,0,0.0057211134054224733,1.2500211243837511,1.2466499911746369,0.0027144424555679172
2022-02-01,balanced_fixed,balanced,fixed,0.0087292467863109291,0.30708027797555948,0.001,0.0003070802779755595,0.0084221665083353704,1.2609328672665987,1.2571494849779243,0.0030215227335434764
2022-02-02,balanced_fixed,balanced,fixed,-0.0056760453507236353,0,0.001,0,-0.0056760453507236353,1.2537757551277755,1.2500138474885507,0.0030215227335434764
2022-02-03,balanced_fixed,balanced,fixed,-0.0077825269506092143,0,0.001,0,-0.0077825269506092143,1.2440182115234732,1.2402855810318363,0.0030215227335434764
2022-02-04,balanced_fixed,balanced,fixed,0.017007505909588216,0,0.001,0,0.017007505909588216,1.2651758586075941,1.2613797453808122,0.0030215227335434764
2022-02-07,balanced_fixed,balanced,fixed,0.012075670281479933,0,0.001,0,0.012075670281479933,1.2804537051242277,1.276611751285768,0.0030215227335434764
2022-02-08,balanced_fixed,balanced,fixed,-0.0023246319868047705,0,0.001,0,-0.0023246319868047705,1.2774771214836733,1.2736440987739983,0.0030215227335434764
2022-02-09,balanced_fixed,balanced,fixed,0.012349763926283952,0,0.001,0,0.012349763926283952,1.2932536623552255,1.2893733027199619,0.0030215227335434764
2022-02-10,balanced_fixed,balanced,fixed,-0.019476857064612774,0,0.001,0,-0.019476857064612774,1.2680651456252459,1.2642603631999574,0.0030215227335434764
2022-02-11,balanced_fixed,balanced,fixed,-0.017948052866645248,0,0.001,0,-0.017948052866645248,1.2453058453532138,1.2415693513640405,0.0030215227335434764
2022-02-14,balanced_fixed,balanced,fixed,-0.0088134647728438376,0,0.001,0,-0.0088134647728438376,1.2343303861537767,1.2306268236227509,0.0030215227335434764
2022-02-15,balanced_fixed,balanced,fixed,0.015696507372386481,0,0.001,0,0.015696507372386481,1.2537050621600001,1.249943366632402,0.0030215227335434764
2022-02-16,balanced_fixed,balanced,fixed,-0.0035048893020284133,0,0.001,0,-0.0035048893020284133,1.2493109646997367,1.2455624534985508,0.0030215227335434764
2022-02-17,balanced_fixed,balanced,fixed,-0.029290106225366763,0,0.001,0,-0.029290106225366763,1.2127185138351659,1.2090797969252498,0.0030215227335434764
2022-02-18,balanced_fixed,balanced,fixed,-0.0067243119563528131,0,0.001,0,-0.0067243119563528131,1.2045638162328938,1.2009495671906008,0.0030215227335434764
2022-02-22,balanced_fixed,balanced,fixed,0.0016919259308683099,0,0.001,0,0.0016919259308683099,1.2066018489889638,1.2029814849049956,0.0030215227335434764
2022-02-23,balanced_fixed,balanced,fixed,-0.0034469351094291723,0,0.001,0,-0.0034469351094291723,1.2024427707125815,1.1988348857886832,0.0030215227335434764
2022-02-24,balanced_fixed,balanced,fixed,0.00023392440206881915,0,0.001,0,0.00023392440206881915,1.2027240514187425,1.1991153225225206,0.0030215227335434764
2022-02-25,balanced_fixed,balanced,fixed,0.028456649043010929,0,0.001,0,0.028456649043010929,1.2369495476455539,1.2332381264176409,0.0030215227335434764
2022-02-28,balanced_fixed,balanced,fixed,0.016415342657135845,0,0.001,0,0.016415342657135845,1.2572544983197449,1.2534821528406306,0.0030215227335434764
2022-03-01,balanced_fixed,balanced,fixed,-0.005966416038734379,0.46201645340725928,0.001,0.00046201645340725926,-0.0064284324921416386,1.2497531949161991,1.2454242274409901,0.003483539186950736
2022-03-02,balanced_fixed,balanced,fixed,0.0066490941711716545,0,0.001,0,0.0066490941711716545,1.2580629215999195,1.2537051704123039,0.003483539186950736
2022-03-03,balanced_fixed,balanced,fixed,-0.0044180367445322277,0,0.001,0,-0.0044180367445322277,1.2525047533853575,1.2481662549026122,0.003483539186950736
2022-03-04,balanced_fixed,balanced,fixed,-0.013743841144468805,0,0.001,0,-0.013743841144468805,1.235290527022137,1.2310116561733442,0.003483539186950736
2022-03-07,balanced_fixed,balanced,fixed,-0.019727937350605185,0,0.001,0,-0.019727937350605185,1.2109207928952483,1.2067263353424917,0.003483539186950736
2022-03-08,balanced_fixed,balanced,fixed,-0.012823089866089044,0,0.001,0,-0.012823089866089044,1.1953930467472367,1.1912523751006188,0.003483539186950736
2022-03-09,balanced_fixed,balanced,fixed,0.01936924898682979,0,0.001,0,0.01936924898682979,1.2185469123068089,1.2143260389600949,0.003483539186950736
2022-03-10,balanced_fixed,balanced,fixed,-0.014814707233637203,0,0.001,0,-0.014814707233637203,1.2004944965505309,1.1963361542067188,0.003483539186950736
2022-03-11,balanced_fixed,balanced,fixed,-0.0061459775183667631,0,0.001,0,-0.0061459775183667631,1.1931162843638083,1.1889834990985551,0.003483539186950736
2022-03-14,balanced_fixed,balanced,fixed,0.0011364452857387519,0,0.001,0,0.0011364452857387519,1.1944721957405118,1.1903347137909268,0.003483539186950736
2022-03-15,balanced_fixed,balanced,fixed,0.0092145137863979265,0,0.001,0,0.0092145137863979265,1.2054786762556318,1.2013030694215814,0.003483539186950736
2022-03-16,balanced_fixed,balanced,fixed,0.015699167444393591,0,0.001,0,0.015699167444393591,1.2244036878448148,1.2201625274598948,0.003483539186950736
2022-03-17,balanced_fixed,balanced,fixed,0.010999716842104101,0,0.001,0,0.010999716842104101,1.2378717817115357,1.2335839697632998,0.003483539186950736
2022-03-18,balanced_fixed,balanced,fixed,0.010507346558418895,0,0.001,0,0.010507346558418895,1.2508785295168663,1.246545664042513,0.003483539186950736
2022-03-21,balanced_fixed,balanced,fixed,0.0044767102892560029,0,0.001,0,0.0044767102892560029,1.2564783503005639,1.2521260878427596,0.003483539186950736
2022-03-22,balanced_fixed,balanced,fixed,0.015632799603105152,0,0.001,0,0.015632799603105152,1.2761206245564527,1.2717003240518254,0.003483539186950736
2022-03-23,balanced_fixed,balanced,fixed,-0.0012717019780800198,0,0.001,0,-0.0012717019780800198,1.2744977794339356,1.2700831002342037,0.003483539186950736
2022-03-24,balanced_fixed,balanced,fixed,0.0097397792572480046,0,0.001,0,0.0097397792572480046,1.2869111064694749,1.2824534292688461,0.003483539186950736
2022-03-25,balanced_fixed,balanced,fixed,0.0044499219856410921,0,0.001,0,0.0044499219856410921,1.2926377604957191,1.2881602469793103,0.003483539186950736
2022-03-28,balanced_fixed,balanced,fixed,0.0045069607289371927,0,0.001,0,0.0045069607289371927,1.2984636281190147,1.2939659346250241,0.003483539186950736
2022-03-29,balanced_fixed,balanced,fixed,0.016522744129773503,0,0.001,0,0.016522744129773503,1.3199178104082425,1.3153458026754765,0.003483539186950736
2022-03-30,balanced_fixed,balanced,fixed,-0.0015290639505227688,0,0.001,0,-0.0015290639505227688,1.3178995716666944,1.3133345548261339,0.003483539186950736
2022-03-31,balanced_fixed,balanced,fixed,-0.01315690992514118,0,0.001,0,-0.01315690992514118,1.3005600857118935,1.2960551303867112,0.003483539186950736
2022-04-01,balanced_fixed,balanced,fixed,0.0092859949070915881,0.37882490574450239,0.001,0.00037882490574450239,0.0089071700013470863,1.3126370800441807,1.3075993137641835,0.0038623640926952383
2022-04-04,balanced_fixed,balanced,fixed,0.0048480649763780193,0,0.001,0,0.0048480649763780193,1.319000829898638,1.3139386402003796,0.0038623640926952383
2022-04-05,balanced_fixed,balanced,fixed,-0.0097604529919111949,0,0.001,0,-0.0097604529919111949,1.3061267843021205,1.3011140038684481,0.0038623640926952383
2022-04-06,balanced_fixed,balanced,fixed,-0.0080085530181388531,0,0.001,0,-0.0080085530181388531,1.2956665987016258,1.2906939633858248,0.0038623640926952383
2022-04-07,balanced_fixed,balanced,fixed,0.008223538494304794,0,0.001,0,0.008223538494304794,1.3063215628518337,1.301308034878095,0.0038623640926952383
2022-04-08,balanced_fixed,balanced,fixed,-0.0018105723949476404,0,0.001,0,-0.0018105723949476404,1.3039563730912092,1.2989519224728212,0.0038623640926952383
2022-04-11,balanced_fixed,balanced,fixed,-0.025640305045270373,0,0.001,0,-0.025640305045270373,1.2705225339194262,1.2656463989414777,0.0038623640926952383
2022-04-12,balanced_fixed,balanced,fixed,0.00062010216242591731,0,0.001,0,0.00062010216242591731,1.2713103876901204,1.2664312290103279,0.0038623640926952383
2022-04-13,balanced_fixed,balanced,fixed,0.0059791380286868812,0,0.001,0,0.0059791380286868812,1.278911727975423,1.2740033961324202,0.0038623640926952383
2022-04-14,balanced_fixed,balanced,fixed,-0.0056904393472125836,0,0.001,0,-0.0056904393472125836,1.2716341583569399,1.2667537570785858,0.0038623640926952383
2022-04-18,balanced_fixed,balanced,fixed,-0.0038099408379590471,0,0.001,0,-0.0038099408379590471,1.2667893074460721,1.261927500207854,0.0038623640926952383
2022-04-19,balanced_fixed,balanced,fixed,0.011584102579876632,0,0.001,0,0.011584102579876632,1.2814639247306183,1.2765457978186292,0.0038623640926952383
2022-04-20,balanced_fixed,balanced,fixed,-0.0026882016290151745,0,0.001,0,-0.0026882016290151745,1.2780190913206333,1.2731141853254206,0.0038623640926952383
2022-04-21,balanced_fixed,balanced,fixed,-0.0098421066748344277,0,0.001,0,-0.0098421066748344277,1.2654406910913807,1.2605840597042028,0.0038623640926952383
2022-04-22,balanced_fixed,balanced,fixed,-0.016947311625324368,0,0.001,0,-0.016947311625324368,1.2439948733560893,1.2392205488144792,0.0038623640926952383
2022-04-25,balanced_fixed,balanced,fixed,0.0032711632766209142,0,0.001,0,0.0032711632766209142,1.2480641837021165,1.2432742415653952,0.0038623640926952383
2022-04-26,balanced_fixed,balanced,fixed,-0.017540007180964046,0,0.001,0,-0.017540007180964046,1.2261731289576774,1.2214672024404305,0.0038623640926952383
2022-04-27,balanced_fixed,balanced,fixed,0.0032664658282743897,0,0.001,0,0.0032664658282743897,1.2301783815829659,1.22545708331756,0.0038623640926952383
2022-04-28,balanced_fixed,balanced,fixed,0.010340426568591798,0,0.001,0,0.010340426568591798,1.2428989508039936,1.2381288323005659,0.0038623640926952383
2022-04-29,balanced_fixed,balanced,fixed,-0.033185436355737563,0,0.001,0,-0.033185436355737563,1.2016528067754746,1.1970409867360519,0.0038623640926952383
2022-05-02,balanced_fixed,balanced,fixed,0.0016739290250171734,0.34262827798535211,0.001,0.00034262827798535212,0.0013313007470318213,1.2036642882867294,1.1986346082959214,0.0042049923706805907
2022-05-03,balanced_fixed,balanced,fixed,-0.00036127928750939731,0,0.001,0,-0.00036127928750939731,1.2032294293102568,1.1982015664386521,0.0042049923706805907
2022-05-04,balanced_fixed,balanced,fixed,0.044513644067306402,0,0.001,0,0.044513644067306402,1.2567895558578817,1.2515378844879912,0.0042049923706805907
2022-05-05,balanced_fixed,balanced,fixed,-0.035563846019171619,0,0.001,0,-0.035563846019171619,1.212093285614849,1.2070283838769005,0.0042049923706805907
2022-05-06,balanced_fixed,balanced,fixed,-0.0031404444171712065,0,0.001,0,-0.0031404444171712065,1.208286774022949,1.2032377783273871,0.0042049923706805907
2022-05-09,balanced_fixed,balanced,fixed,-0.042500855336684795,0,0.001,0,-0.042500855336684795,1.1569335526349702,1.1520991435750607,0.0042049923706805907
2022-05-10,balanced_fixed,balanced,fixed,-0.001363463086581751,0,0.001,0,-0.001363463086581751,1.1553561164423245,1.1505282989207137,0.0042049923706805907
2022-05-11,balanced_fixed,balanced,fixed,-0.015938931783673449,0,0.001,0,-0.015938931783673449,1.1369409741165004,1.1321901068490305,0.0042049923706805907
2022-05-12,balanced_fixed,balanced,fixed,-0.0015094773700468078,0,0.001,0,-0.0015094773700468078,1.1352247874449926,1.130481091504151,0.0042049923706805907
2022-05-13,balanced_fixed,balanced,fixed,0.021135656664402092,0,0.001,0,0.021135656664402092,1.1592185087893487,1.1543745517197812,0.0042049923706805907
2022-05-16,balanced_fixed,balanced,fixed,-0.0062165515614743816,0,0.001,0,-0.0062165515614743816,1.1520121671584442,1.1471983227977613,0.0042049923706805907
2022-05-17,balanced_fixed,balanced,fixed,0.019997551698257565,0,0.001,0,0.019997551698257565,1.175049590028217,1.1701394805660639,0.0042049923706805907
2022-05-18,balanced_fixed,balanced,fixed,-0.022509724346854831,0,0.001,0,-0.022509724346854831,1.148599547662797,1.14379996341115,0.0042049923706805907
2022-05-19,balanced_fixed,balanced,fixed,0.0057375732482196629,0,0.001,0,0.0057375732482196629,1.1551897217003844,1.1503625994825324,0.0042049923706805907
2022-05-20,balanced_fixed,balanced,fixed,-0.0037670052728063785,0,0.001,0,-0.0037670052728063785,1.1508381159276473,1.1460291775046425,0.0042049923706805907
2022-05-23,balanced_fixed,balanced,fixed,0.0064124837368315646,0,0.001,0,0.0064124837368315646,1.1582178466297592,1.1533780709673256,0.0042049923706805907
2022-05-24,balanced_fixed,balanced,fixed,0.010094561072818475,0,0.001,0,0.010094561072818475,1.1699095474181918,1.1650209163447549,0.0042049923706805907
2022-05-25,balanced_fixed,balanced,fixed,0.005686545120870079,0,0.001,0,0.005686545120870079,1.176562290846922,1.1716458603523068,0.0042049923706805907
2022-05-26,balanced_fixed,balanced,fixed,-0.003351998939691847,0,0.001,0,-0.003351998939691847,1.1726184552955217,1.1677185046707115,0.0042049923706805907
2022-05-27,balanced_fixed,balanced,fixed,0.0045246371741174407,0,0.001,0,0.0045246371741174407,1.177924128349408,1.1730020072258494,0.0042049923706805907
2022-05-31,balanced_fixed,balanced,fixed,-0.003346689790895363,0,0.001,0,-0.003346689790895363,1.1739819816946118,1.1690763333835668,0.0042049923706805907
2022-06-01,balanced_fixed,balanced,fixed,-0.015413890371342442,0.29914340102148163,0.001,0.00029914340102148163,-0.015713033772363924,1.1558863521308396,1.1507065974746393,0.0045041357717020723
2022-06-02,balanced_fixed,balanced,fixed,0.0087994580999932737,0,0.001,0,0.0087994580999932737,1.1660575256547689,1.1608321919645033,0.0045041357717020723
2022-06-03,balanced_fixed,balanced,fixed,-0.010387193506152803,0,0.001,0,-0.010387193506152803,1.1539454604964872,1.1487744033583964,0.0045041357717020723
2022-06-06,balanced_fixed,balanced,fixed,0.007417460477826765,0,0.001,0,0.007417460477826765,1.1625048053432874,1.1572953920932463,0.0045041357717020723
2022-06-07,balanced_fixed,balanced,fixed,0.0062991613104226296,0,0.001,0,0.0062991613104226296,1.1698276106362862,1.1645853824518504,0.0045041357717020723
2022-06-08,balanced_fixed,balanced,fixed,-0.013006917848037647,0,0.001,0,-0.013006917848037647,1.1546117590083738,1.1494377160552736,0.0045041357717020723
2022-06-09,balanced_fixed,balanced,fixed,-0.018820796486355373,0,0.001,0,-0.018820796486355373,1.1328810460713243,1.127804382727656,0.0045041357717020723
2022-06-10,balanced_fixed,balanced,fixed,-0.023855911408025232,0,0.001,0,-0.023855911408025232,1.1058551362004159,1.1008995812877225,0.0045041357717020723
2022-06-13,balanced_fixed,balanced,fixed,-0.057469570538840831,0,0.001,0,-0.057469570538840831,1.0423021164448065,1.0376313551447274,0.0045041357717020723
2022-06-14,balanced_fixed,balanced,fixed,-0.017954688861713031,0,0.001,0,-0.017954688861713031,1.0235879062441351,1.0190010070099462,0.0045041357717020723
2022-06-15,balanced_fixed,balanced,fixed,0.015520723023376037,0,0.001,0,0.015520723023376037,1.0394747306270278,1.0348166394002889,0.0045041357717020723
2022-06-16,balanced_fixed,balanced,fixed,-0.031637037031691628,0,0.001,0,-0.031637037031691628,1.0065888300806729,1.0020781070585714,0.0045041357717020723
2022-06-17,balanced_fixed,balanced,fixed,0.0064628389521441676,0,0.001,0,0.0064628389521441676,1.0130942515805115,1.0085543764819604,0.0045041357717020723
2022-06-21,balanced_fixed,balanced,fixed,0.016595718694714767,0,0.001,0,0.016595718694714767,1.0299072787909742,1.0252920612023786,0.0045041357717020723
2022-06-22,balanced_fixed,balanced,fixed,-0.0044059247972757509,0,0.001,0,-0.0044059247972757509,1.0253695847724542,1.0207747014854771,0.0045041357717020723
2022-06-23,balanced_fixed,balanced,fixed,0.019410867797021059,0,0.001,0,0.019410867797021059,1.0452728982255588,1.0405888242665553,0.0045041357717020723
2022-06-24,balanced_fixed,balanced,fixed,0.019455630615529795,0,0.001,0,0.019455630615529795,1.0656093416258596,1.0608341360541338,0.0045041357717020723
2022-06-27,balanced_fixed,balanced,fixed,-0.0042349630653100157,0,0.001,0,-0.0042349630653100157,1.0610965254220248,1.0563415426695244,0.0045041357717020723
2022-06-28,balanced_fixed,balanced,fixed,-0.016468903076345964,0,0.001,0,-0.016468903076345964,1.043621429590202,1.0389447561877823,0.0045041357717020723
2022-06-29,balanced_fixed,balanced,fixed,-0.00092203543647961794,0,0.001,0,-0.00092203543647961794,1.0426591736498503,1.0379868123060325,0.0045041357717020723
2022-06-30,balanced_fixed,balanced,fixed,-0.0091844056900529658,0,0.001,0,-0.0091844056900529658,1.0330829688025946,1.0284535203208891,0.0045041357717020723
2022-07-01,balanced_fixed,balanced,fixed,0.008590266045548578,0.41883664801490078,0.001,0.00041883664801490081,0.008171429397533677,1.0419574263517342,1.0368574556508363,0.0049229724197169724
2022-07-05,balanced_fixed,balanced,fixed,-0.0017863341225780038,0,0.001,0,-0.0017863341225780038,1.0400961422467685,1.0350052817975579,0.0049229724197169724
2022-07-06,balanced_fixed,balanced,fixed,0.0041493164181087838,0,0.001,0,0.0041493164181087838,1.0444118302462047,1.0392998462061498,0.0049229724197169724
2022-07-07,balanced_fixed,balanced,fixed,0.0090928983012199538,0,0.001,0,0.0090928983012199538,1.0539085608032244,1.0487500940121759,0.0049229724197169724
2022-07-08,balanced_fixed,balanced,fixed,-0.0022065098986847609,0,0.001,0,-0.0022065098986847609,1.0515831011315036,1.0464360165484914,0.0049229724197169724
2022-07-11,balanced_fixed,balanced,fixed,-0.010459457718599352,0,0.001,0,-0.010459457718599352,1.0405841121476249,1.035490863278183,0.0049229724197169724
2022-07-12,balanced_fixed,balanced,fixed,-0.0085411882243078274,0,0.001,0,-0.0085411882243078274,1.0316962873825477,1.0266465409103731,0.0049229724197169724
2022-07-13,balanced_fixed,balanced,fixed,0.0065650417625628954,0,0.001,0,0.0065650417625628954,1.0384694165954953,1.0333865183268405,0.0049229724197169724
2022-07-14,balanced_fixed,balanced,fixed,0.0039707195522586947,0,0.001,0,0.0039707195522586947,1.0425928874123938,1.0374898063802014,0.0049229724197169724
2022-07-15,balanced_fixed,balanced,fixed,0.011580983978499049,0,0.001,0,0.011580983978499049,1.0546671389376137,1.0495049592057466,0.0049229724197169724
2022-07-18,balanced_fixed,balanced,fixed,0.0086264978167760464,0,0.001,0,0.0086264978167760464,1.0637652227090844,1.0585585114450307,0.0049229724197169724
2022-07-19,balanced_fixed,balanced,fixed,0.014824874049172321,0,0.001,0,0.014824874049172321,1.0795354081536364,1.0742515080508825,0.0049229724197169724
2022-07-20,balanced_fixed,balanced,fixed,-0.0082030551551816044,0,0.001,0,-0.0082030551551816044,1.0706799196585806,1.0654393636798041,0.0049229724197169724
2022-07-21,balanced_fixed,balanced,fixed,0.0069249200033170144,0,0.001,0,0.0069249200033170144,1.0780942924513741,1.0728174460416717,0.0049229724197169724
2022-07-22,balanced_fixed,balanced,fixed,-0.0041904083854243934,0,0.001,0,-0.0041904083854243934,1.0735766370880078,1.068321902819749,0.0049229724197169724
2022-07-25,balanced_fixed,balanced,fixed,-0.012972910578124441,0,0.001,0,-0.012972910578124441,1.0596492233763015,1.0544626583058168,0.0049229724197169724
2022-07-26,balanced_fixed,balanced,fixed,-0.002375735424237968,0,0.001,0,-0.002375735424237968,1.0571317771790603,1.0519575340149434,0.0049229724197169724
2022-07-27,balanced_fixed,balanced,fixed,0.017815880608535783,0,0.001,0,0.017815880608535783,1.0759655107087716,1.0706990838462034,0.0049229724197169724
2022-07-28,balanced_fixed,balanced,fixed,0.014009752702705436,0,0.001,0,0.014009752702705436,1.0910395214304416,1.085699313229902,0.0049229724197169724
2022-07-29,balanced_fixed,balanced,fixed,0.0024059377911180846,0,0.001,0,0.0024059377911180846,1.0936644946466545,1.0883114382373928,0.0049229724197169724
2022-08-01,balanced_fixed,balanced,fixed,-0.0043600157590374389,0.056235467946509902,0.001,5.6235467946509903e-05,-0.0044162512269839485,1.0888961002148954,1.0835051815129362,0.0049792078876634829
2022-08-02,balanced_fixed,balanced,fixed,-0.009059283880976432,0,0.001,0,-0.009059283880976432,1.0790314813261606,1.0736894004871016,0.0049792078876634829
2022-08-03,balanced_fixed,balanced,fixed,0.01237262231770031,0,0.001,0,0.01237262231770031,1.0923819303135178,1.0869737539258466,0.0049792078876634829
2022-08-04,balanced_fixed,balanced,fixed,-0.0039384676110048034,0,0.001,0,-0.0039384676110048034,1.0880796194621312,1.0826927430019972,0.0049792078876634829
2022-08-05,balanced_fixed,balanced,fixed,0.0024567603895508938,0,0.001,0,0.0024567603895508938,1.0907527703719033,1.0853526596470588,0.0049792078876634829
2022-08-08,balanced_fixed,balanced,fixed,0.0077042252634547115,0,0.001,0,0.0077042252634547115,1.0991561754215857,1.0937144610272695,0.0049792078876634829
2022-08-09,balanced_fixed,balanced,fixed,-0.005894949236946001,0,0.001,0,-0.005894949236946001,1.0926767055639999,1.0872670697998001,0.0049792078876634829
2022-08-10,balanced_fixed,balanced,fixed,0.018742187570179425,0,0.001,0,0.018742187570179425,1.1131558573332461,1.1076448331608673,0.0049792078876634829
2022-08-11,balanced_fixed,balanced,fixed,-0.0018985061148212301,0,0.001,0,-0.0018985061148212301,1.1110425241313497,1.1055419626720613,0.0049792078876634829
2022-08-12,balanced_fixed,balanced,fixed,0.014474952639057515,0,0.001,0,0.014474952639057515,1.1271248120481299,1.1215446302222301,0.0049792078876634829
2022-08-15,balanced_fixed,balanced,fixed,0.0091663359325995231,0,0.001,0,0.0091663359325995231,1.1374564167133312,1.1318250850662501,0.0049792078876634829
2022-08-16,balanced_fixed,balanced,fixed,0.0083160239185193774,0,0.001,0,0.0083160239185193774,1.1469155314809927,1.1412373695452414,0.0049792078876634829
2022-08-17,balanced_fixed,balanced,fixed,-0.0076296349484610282,0,0.001,0,-0.0076296349484610282,1.1381649846590725,1.1325301450260692,0.0049792078876634829
2022-08-18,balanced_fixed,balanced,fixed,-0.0054116441685300165,0,0.001,0,-0.0054116441685300165,1.1320056407570172,1.1264012948710544,0.0049792078876634829
2022-08-19,balanced_fixed,balanced,fixed,-0.02202322124237277,0,0.001,0,-0.02202322124237277,1.1070752300830113,1.1015943099464141,0.0049792078876634829
2022-08-22,balanced_fixed,balanced,fixed,-0.012777050683813962,0,0.001,0,-0.012777050683813962,1.0929300737574457,1.0875191836152276,0.0049792078876634829
2022-08-23,balanced_fixed,balanced,fixed,-0.0028315817944434274,0,0.001,0,-0.0028315817944434274,1.0898353528579943,1.0844397840937947,0.0049792078876634829
2022-08-24,balanced_fixed,balanced,fixed,-0.0010102481371984107,0,0.001,0,-0.0010102481371984107,1.0887343487229164,1.08334423082201,0.0049792078876634829
2022-08-25,balanced_fixed,balanced,fixed,0.0076227231767449499,0,0.001,0,0.0076227231767449499,1.0970334692762449,1.09160226399869,0.0049792078876634829
2022-08-26,balanced_fixed,balanced,fixed,-0.022674114823563629,0,0.001,0,-0.022674114823563629,1.072159206428583,1.0668511489231216,0.0049792078876634829
2022-08-29,balanced_fixed,balanced,fixed,0.0037754061263197691,0,0.001,0,0.0037754061263197691,1.0762070428649235,1.0708789452866372,0.0049792078876634829
2022-08-30,balanced_fixed,balanced,fixed,-0.0090526531006119848,0,0.001,0,-0.0090526531006119848,1.0664645138414319,1.0611846496822079,0.0049792078876634829
2022-08-31,balanced_fixed,balanced,fixed,-0.00036902619254364222,0,0.001,0,-0.00036902619254364222,1.0660709605024061,1.0607930447513501,0.0049792078876634829
2022-09-01,balanced_fixed,balanced,fixed,0.01242565379812044,0.15218476755236801,0.001,0.00015218476755236802,0.012273469030568071,1.0793175891818387,1.0738126553339478,0.0051313926552158506
2022-09-02,balanced_fixed,balanced,fixed,-0.0096737474719723604,0,0.001,0,-0.0096737474719723604,1.0688765433820355,1.063424862874039,0.0051313926552158506
2022-09-06,balanced_fixed,balanced,fixed,-0.010422310322678041,0,0.001,0,-0.010422310322678041,1.0577363803502766,1.0523415189483145,0.0051313926552158506
2022-09-07,balanced_fixed,balanced,fixed,0.019145190546277613,0,0.001,0,0.019145190546277613,1.0779869448998127,1.0724887978483393,0.0051313926552158506
2022-09-08,balanced_fixed,balanced,fixed,0.0037076948798715481,0,0.001,0,0.0037076948798715481,1.0819837915759862,1.0764652590728412,0.0051313926552158506
2022-09-09,balanced_fixed,balanced,fixed,0.019740809241343138,0,0.001,0,0.019740809241343138,1.1033430272077129,1.0977155544071311,0.0051313926552158506
2022-09-12,balanced_fixed,balanced,fixed,0.008987144221290988,0,0.001,0,0.008987144221290988,1.1132589301187845,1.1075808824085425,0.0051313926552158506
2022-09-13,balanced_fixed,balanced,fixed,-0.038883013927644039,0,0.001,0,-0.038883013927644039,1.0699720676339017,1.0645147995318589,0.0051313926552158506
2022-09-14,balanced_fixed,balanced,fixed,0.010101090236286803,0,0.001,0,0.010101090236286803,1.0807799520393782,1.0752675595797929,0.0051313926552158506
2022-09-15,balanced_fixed,balanced,fixed,-0.016695488192396191,0,0.001,0,-0.016695488192396191,1.0627358031115262,1.0573154427351619,0.0051313926552158506
2022-09-16,balanced_fixed,balanced,fixed,0.0048900247305110334,0,0.001,0,0.0048900247305110334,1.0679326074707409,1.0624857413980879,0.0051313926552158506
2022-09-19,balanced_fixed,balanced,fixed,0.0091146073642536241,0,0.001,0,0.0091146073642536241,1.0776663938793203,1.0721698817610494,0.0051313926552158506
2022-09-20,balanced_fixed,balanced,fixed,-0.010077674367345968,0,0.001,0,-0.010077674367345968,1.0668060228851726,1.0613649028261858,0.0051313926552158506
2022-09-21,balanced_fixed,balanced,fixed,-0.01944034645330317,0,0.001,0,-0.01944034645330317,1.0460669442018145,1.0407316014018684,0.0051313926552158506
2022-09-22,balanced_fixed,balanced,fixed,0.021313058186553935,0,0.001,0,0.021313058186553935,1.0683618298506183,1.0629127745791318,0.0051313926552158506
2022-09-23,balanced_fixed,balanced,fixed,-0.010934482242790367,0,0.001,0,-0.010934482242790367,1.0566798463932416,1.0512903737198613,0.0051313926552158506
2022-09-26,balanced_fixed,balanced,fixed,-0.010422697572911588,0,0.001,0,-0.010422697572911588,1.0456663919228941,1.0403330920932661,0.0051313926552158506
2022-09-27,balanced_fixed,balanced,fixed,-0.0070878468521727855,0,0.001,0,-0.0070878468521727855,1.0382548686784805,1.0329593704612616,0.0051313926552158506
2022-09-28,balanced_fixed,balanced,fixed,0.017091678114532494,0,0.001,0,0.017091678114532494,1.0560003866947794,1.0506143795265757,0.0051313926552158506
2022-09-29,balanced_fixed,balanced,fixed,-0.0050661744263361674,0,0.001,0,-0.0050661744263361674,1.0506505045415051,1.045291783825077,0.0051313926552158506
2022-09-30,balanced_fixed,balanced,fixed,-0.01259849933830437,0,0.001,0,-0.01259849933830437,1.0374138848552499,1.0321226759782218,0.0051313926552158506
2022-10-03,balanced_fixed,balanced,fixed,0.024616114191637672,0.34803396338061943,0.001,0.00034803396338061945,0.024268080228257053,1.0629509835088371,1.0571703118842648,0.00547942661859647
2022-10-04,balanced_fixed,balanced,fixed,0.020667164434959417,0,0.001,0,0.020667164434959417,1.084919166271316,1.0790190245557343,0.00547942661859647
2022-10-05,balanced_fixed,balanced,fixed,-0.00087359320909363714,0,0.001,0,-0.00087359320909363714,1.083971388255246,1.0780764008633996,0.00547942661859647
2022-10-06,balanced_fixed,balanced,fixed,-0.0033067997951518047,0,0.001,0,-0.0033067997951518047,1.0803869118906131,1.0745114180418665,0.00547942661859647
2022-10-07,balanced_fixed,balanced,fixed,-0.010862222330628835,0,0.001,0,-0.010862222330628835,1.0686515090505557,1.0628398361222964,0.00547942661859647
2022-10-10,balanced_fixed,balanced,fixed,-0.0020989176276268173,0,0.001,0,-0.0020989176276268173,1.0664084975604196,1.0606090228549152,0.00547942661859647
2022-10-11,balanced_fixed,balanced,fixed,0.0058731542714480778,0,0.001,0,0.0058731542714480778,1.0726716791829751,1.066838143267832,0.00547942661859647
2022-10-12,balanced_fixed,balanced,fixed,-0.00059051631627438095,0,0.001,0,-0.00059051631627438095,1.072038249054412,1.0662081579374085,0.00547942661859647
2022-10-13,balanced_fixed,balanced,fixed,0.013039683447306105,0,0.001,0,0.013039683447306105,1.086017288465486,1.0801111748058476,0.00547942661859647
2022-10-14,balanced_fixed,balanced,fixed,-0.0050429861042655677,0,0.001,0,-0.0050429861042655677,1.0805405183707624,1.0746641891602398,0.00547942661859647
2022-10-17,balanced_fixed,balanced,fixed,0.011906826213508914,0,0.001,0,0.011906826213508914,1.0934063265396579,1.0874600288984522,0.00547942661859647
2022-10-18,balanced_fixed,balanced,fixed,0.0037518538164869053,0,0.001,0,0.0037518538164869053,1.0975086272388566,1.0915400199581518,0.00547942661859647
2022-10-19,balanced_fixed,balanced,fixed,-0.011205355678750806,0,0.001,0,-0.011205355678750806,1.0852106527101477,1.0793089257969299,0.00547942661859647
2022-10-20,balanced_fixed,balanced,fixed,0.0028431757496480969,0,0.001,0,0.0028431757496480969,1.088296097321193,1.0823775907611346,0.00547942661859647
2022-10-21,balanced_fixed,balanced,fixed,0.019322229890577303,0,0.001,0,0.019322229890577303,1.1093244047026511,1.1032915393982305,0.00547942661859647
2022-10-24,balanced_fixed,balanced,fixed,0.0078911123279943318,0,0.001,0,0.0078911123279943318,1.1180782081883451,1.1119977368661478,0.00547942661859647
2022-10-25,balanced_fixed,balanced,fixed,0.01172345883641901,0,0.001,0,0.01172345883641901,1.1311859520379384,1.1250341965604891,0.00547942661859647
2022-10-26,balanced_fixed,balanced,fixed,0.016548439216703237,0,0.001,0,0.016548439216703237,1.1499053140080269,1.143651756578983,0.00547942661859647
2022-10-27,balanced_fixed,balanced,fixed,-0.0033576720382080261,0,0.001,0,-0.0033576720382080261,1.1460443090885952,1.1398117490544704,0.00547942661859647
2022-10-28,balanced_fixed,balanced,fixed,0.016497224642133101,0,0.001,0,0.016497224642133101,1.1649508595054681,1.1586154795283645,0.00547942661859647
2022-10-31,balanced_fixed,balanced,fixed,-0.0071183330949800006,0,0.001,0,-0.0071183330949800006,1.1566583512482249,1.1503680686160815,0.00547942661859647
2022-11-01,balanced_fixed,balanced,fixed,-0.002173855999188401,0.11830722807141419,0.001,0.0001183072280714142,-0.0022921632272598154,1.1541439425523525,1.1477312372313859,0.0055977338466678848
2022-11-02,balanced_fixed,balanced,fixed,-0.014803122472039187,0,0.001,0,-0.014803122472039187,1.137059008420388,1.1307412311616647,0.0055977338466678848
2022-11-03,balanced_fixed,balanced,fixed,-0.0057210192238413837,0,0.001,0,-0.0057210192238413837,1.1305538719745729,1.1242722388409987,0.0055977338466678848
2022-11-04,balanced_fixed,balanced,fixed,0.02957465670255921,0,0.001,0,0.02957465670255921,1.1639896146219699,1.1575222043449389,0.0055977338466678848
2022-11-07,balanced_fixed,balanced,fixed,0.0099643061082475004,0,0.001,0,0.0099643061082475004,1.1755879634488842,1.1690561099161252,0.0055977338466678848
2022-11-08,balanced_fixed,balanced,fixed,-0.0098077753967201753,0,0.001,0,-0.0098077753967201753,1.1640580607442899,1.1575902701639045,0.0055977338466678848
2022-11-09,balanced_fixed,balanced,fixed,-0.035880996972771029,0,0.001,0,-0.035880996972771029,1.1222904969905942,1.1160547771844442,0.0055977338466678848
2022-11-10,balanced_fixed,balanced,fixed,0.04268606619908577,0,0.001,0,0.04268606619908577,1.1701966634397396,1.1636947652851453,0.0055977338466678848
2022-11-11,balanced_fixed,balanced,fixed,-0.0097547103344856056,0,0.001,0,-0.0097547103344856056,1.1587817339535034,1.1523432599320313,0.0055977338466678848
2022-11-14,balanced_fixed,balanced,fixed,0.0048893945081003309,0,0.001,0,0.0048893945081003309,1.1644474749995826,1.1579775207385894,0.0055977338466678848
2022-11-15,balanced_fixed,balanced,fixed,0.0041446844191730392,0,0.001,0,0.0041446844191730392,1.1692737423061588,1.1627769721265473,0.0055977338466678848
2022-11-16,balanced_fixed,balanced,fixed,-0.0034022723396835985,0,0.001,0,-0.0034022723396835985,1.1652955545951922,1.1588208881970601,0.0055977338466678848
2022-11-17,balanced_fixed,balanced,fixed,0.0035657756101366012,0,0.001,0,0.0035657756101366012,1.1694507370623684,1.1629529834567101,0.0055977338466678848
2022-11-18,balanced_fixed,balanced,fixed,0.00749509712699159,0,0.001,0,0.00749509712699159,1.1782158839218828,1.1716694290218428,0.0055977338466678848
2022-11-21,balanced_fixed,balanced,fixed,0.00067117854485410078,0,0.001,0,0.00067117854485410078,1.1790066771443775,1.1724558284042637,0.0055977338466678848
2022-11-22,balanced_fixed,balanced,fixed,0.011135902416844479,0,0.001,0,0.011135902416844479,1.1921359804498652,1.1855121820974341,0.0055977338466678848
2022-11-23,balanced_fixed,balanced,fixed,0.004605202346458892,0,0.001,0,0.004605202346458892,1.197626007864331,1.1909717055801849,0.0055977338466678848
2022-11-25,balanced_fixed,balanced,fixed,-6.2275260246380526e-05,0,0.001,0,-6.2275260246380526e-05,1.1975514253930135,1.1908975375072739,0.0055977338466678848
2022-11-28,balanced_fixed,balanced,fixed,-0.0094555427234116474,0,0.001,0,-0.0094555427234116474,1.1862279267267273,1.1796369549621681,0.0055977338466678848
2022-11-29,balanced_fixed,balanced,fixed,0.0061212435313093838,0,0.001,0,0.0061212435313093838,1.1934891167498618,1.1868578000420238,0.0055977338466678848
2022-11-30,balanced_fixed,balanced,fixed,0.022669198813755065,0,0.001,0,0.022669198813755065,1.2205445588195174,1.2137629154748324,0.0055977338466678848
2022-12-01,balanced_fixed,balanced,fixed,-0.0030966492313085903,0.27866918884175751,0.001,0.0002786691888417575,-0.0033753184201503477,1.2167649604496711,1.2096660791485347,0.0058764030355096418
2022-12-02,balanced_fixed,balanced,fixed,0.0031012188413410691,0,0.001,0,0.0031012188413410691,1.2205384148705012,1.2134175183849214,0.0058764030355096418
2022-12-05,balanced_fixed,balanced,fixed,-0.0082981449140829833,0,0.001,0,-0.0082981449140829833,1.2104102102307006,1.2033484039760765,0.0058764030355096418
2022-12-06,balanced_fixed,balanced,fixed,-0.0059618549957983769,0,0.001,0,-0.0059618549957983769,1.2031939200718713,1.1961742152821457,0.0058764030355096418
2022-12-07,balanced_fixed,balanced,fixed,9.3066663655827497e-05,0,0.001,0,9.3066663655827497e-05,1.2033058973157433,1.1962855392255132,0.0058764030355096418
2022-12-08,balanced_fixed,balanced,fixed,0.0063507724454239245,0,0.001,0,0.0063507724454239245,1.2109478192518324,1.2038828764648857,0.0058764030355096418
2022-12-09,balanced_fixed,balanced,fixed,-0.013860291848320383,0,0.001,0,-0.013860291848320383,1.1941637290639149,1.187196708445887,0.0058764030355096418
2022-12-12,balanced_fixed,balanced,fixed,0.0044101435827030855,0,0.001,0,0.0044101435827030855,1.199430162570343,1.1924324163910458,0.0058764030355096418
2022-12-13,balanced_fixed,balanced,fixed,0.0053269486587306236,0,0.001,0,0.0053269486587306236,1.2058194654660881,1.198784442652167,0.0058764030355096418
2022-12-14,balanced_fixed,balanced,fixed,-0.0021872861727487702,0,0.001,0,-0.0021872861727487702,1.2031819932224428,1.1961623580166476,0.0058764030355096418
2022-12-15,balanced_fixed,balanced,fixed,-0.016539431512465619,0,0.001,0,-0.016539431512465619,1.1832820470485084,1.1763785126184418,0.0058764030355096418
2022-12-16,balanced_fixed,balanced,fixed,-0.018057503659163587,0,0.001,0,-0.018057503659163587,1.1619149271541074,1.155136053322273,0.0058764030355096418
2022-12-19,balanced_fixed,balanced,fixed,-0.0073533223033279693,0,0.001,0,-0.0073533223033279693,1.1533709922056954,1.146641965618,0.0058764030355096418
2022-12-20,balanced_fixed,balanced,fixed,0.0063062738901862314,0,0.001,0,0.0063062738901862314,1.1606444655795403,1.1538730039071687,0.0058764030355096418
2022-12-21,balanced_fixed,balanced,fixed,0.0078296313916992322,0,0.001,0,0.0078296313916992322,1.1697318839218438,1.1629074042005947,0.0058764030355096418
2022-12-22,balanced_fixed,balanced,fixed,-0.002174629879216794,0,0.001,0,-0.002174629879216794,1.1671881500163948,1.1603785110126577,0.0058764030355096418
2022-12-23,balanced_fixed,balanced,fixed,0.0031916873060604534,0,0.001,0,0.0031916873060604534,1.1709134496185862,1.1640820763764821,0.0058764030355096418
2022-12-27,balanced_fixed,balanced,fixed,-0.00061780874519157258,0,0.001,0,-0.00061780874519157258,1.1701900490495494,1.1633628962895759,0.0058764030355096418
2022-12-28,balanced_fixed,balanced,fixed,-0.012856730960149387,0,0.001,0,-0.012856730960149387,1.1551452304166754,1.1484058525229606,0.0058764030355096418
2022-12-29,balanced_fixed,balanced,fixed,0.004504354596936766,0,0.001,0,0.004504354596936766,1.1603484141454323,1.1535786797039214,0.0058764030355096418
2022-12-30,balanced_fixed,balanced,fixed,-0.00051487270216443726,0,0.001,0,-0.00051487270216443726,1.1597509824219892,1.152984733531943,0.0058764030355096418
2023-01-03,balanced_fixed,balanced,fixed,-0.0012241832049467716,0.22304940903257589,0.001,0.00022304940903257589,-0.0014472326139793475,1.1583312347473875,1.1513160964221552,0.0060994524445422181
2023-01-04,balanced_fixed,balanced,fixed,0.008465613843569697,0,0.001,0,0.008465613843569697,1.1681372196837041,1.1610626939063511,0.0060994524445422181
2023-01-05,balanced_fixed,balanced,fixed,-0.0022854774486056328,0,0.001,0,-0.0022854774486056328,1.16546746841124,1.1584091113030108,0.0060994524445422181
2023-01-06,balanced_fixed,balanced,fixed,0.014326277735551063,0,0.001,0,0.014326277735551063,1.182164279055449,1.1750048019629307,0.0060994524445422181
2023-01-09,balanced_fixed,balanced,fixed,-0.0075353579253959468,0,0.001,0,-0.0075353579253959468,1.1732562480861486,1.166150720216081,0.0060994524445422181
2023-01-10,balanced_fixed,balanced,fixed,0.0020828761108824256,0,0.001,0,0.0020828761108824256,1.1756999954972307,1.1685796676929074,0.0060994524445422181
2023-01-11,balanced_fixed,balanced,fixed,0.01261918354066216,0,0.001,0,0.01261918354066216,1.190536369529166,1.1833261890014102,0.0060994524445422181
2023-01-12,balanced_fixed,balanced,fixed,0.0039739913443703756,0,0.001,0,0.0039739913443703756,1.1952675507568331,1.1880287170340686,0.0060994524445422181
2023-01-13,balanced_fixed,balanced,fixed,0.0080793621739299049,0,0.001,0,0.0080793621739299049,1.2049245501941437,1.1976272313120162,0.0060994524445422181
2023-01-17,balanced_fixed,balanced,fixed,-0.0054088393836816406,0,0.001,0,-0.0054088393836816406,1.1984073068326888,1.1911494579763262,0.0060994524445422181
2023-01-18,balanced_fixed,balanced,fixed,-0.020863734164638381,0,0.001,0,-0.020863734164638381,1.1734040553619713,1.1662976323347551,0.0060994524445422181
2023-01-19,balanced_fixed,balanced,fixed,0.0027842848169568057,0,0.001,0,0.0027842848169568057,1.1766711464574713,1.1695449371245175,0.0060994524445422181
2023-01-20,balanced_fixed,balanced,fixed,0.020005779049981687,0,0.001,0,0.020005779049981687,1.2002113694279881,1.1929425947256553,0.0060994524445422181
2023-01-23,balanced_fixed,balanced,fixed,0.0080114181908679249,0,0.001,0,0.0080114181908679249,1.20982676462591,1.2024997567297016,0.0060994524445422181
2023-01-24,balanced_fixed,balanced,fixed,-0.01023801661706536,0,0.001,0,-0.01023801661706536,1.1974405381058995,1.1901885442382858,0.0060994524445422181
2023-01-25,balanced_fixed,balanced,fixed,0.003892519272351791,0,0.001,0,0.003892519272351791,1.2021015984779719,1.1948213760844657,0.0060994524445422181
2023-01-26,balanced_fixed,balanced,fixed,-0.00053726895602923541,0,0.001,0,-0.00053726895602923541,1.2014557466071165,1.1941794356510953,0.0060994524445422181
2023-01-27,balanced_fixed,balanced,fixed,-0.0011858407335649801,0,0.001,0,-0.0011858407335649801,1.200031011443214,1.1927633290331145,0.0060994524445422181
2023-01-30,balanced_fixed,balanced,fixed,-0.012024691927026043,0,0.001,0,-0.012024691927026043,1.185601008227732,1.1784207174596373,0.0060994524445422181
2023-01-31,balanced_fixed,balanced,fixed,0.010272831060225585,0,0.001,0,0.010272831060225585,1.1977804870900886,1.19052643440797,0.0060994524445422181
2023-02-01,balanced_fixed,balanced,fixed,-0.013541208206715227,0.15719113150284009,0.001,0.00015719113150284008,-0.013698399338218068,1.1815610921284609,1.1742181278867447,0.0062566435760450581
2023-02-02,balanced_fixed,balanced,fixed,-0.011339793141074028,0,0.001,0,-0.011339793141074028,1.1681624337601826,1.1609027372140099,0.0062566435760450581
2023-02-03,balanced_fixed,balanced,fixed,-0.005064343062913812,0,0.001,0,-0.005064343062913812,1.1622464584424126,1.1550235274900824,0.0062566435760450581
2023-02-06,balanced_fixed,balanced,fixed,-0.0035927590150816036,0,0.001,0,-0.0035927590150816036,1.1580707870010969,1.1508738062990611,0.0062566435760450581
2023-02-07,balanced_fixed,balanced,fixed,0.013415094433218089,0,0.001,0,0.013415094433218089,1.1736064159690678,1.1663128870912802,0.0062566435760450581
2023-02-08,balanced_fixed,balanced,fixed,-0.0068222163364040078,0,0.001,0,-0.0068222163364040078,1.165599819105535,1.1583560482596076,0.0062566435760450581
2023-02-09,balanced_fixed,balanced,fixed,-0.014139552671399214,0,0.001,0,-0.014139552671399214,1.1491187590695189,1.1419774119030071,0.0062566435760450581
2023-02-10,balanced_fixed,balanced,fixed,0.011738850727602168,0,0.001,0,0.011738850727602168,1.1626080926505233,1.15538291427563,0.0062566435760450581
2023-02-13,balanced_fixed,balanced,fixed,0.0058785422210148042,0,0.001,0,0.0058785422210148042,1.169442533409663,1.1621748815186383,0.0062566435760450581
2023-02-14,balanced_fixed,balanced,fixed,-0.0018594924975769977,0,0.001,0,-0.0018594924975769977,1.1672679637924404,1.1600138260455819,0.0062566435760450581
2023-02-15,balanced_fixed,balanced,fixed,0.014031083055149551,0,0.001,0,0.014031083055149551,1.1836459975400273,1.1762900763839492,0.0062566435760450581
2023-02-16,balanced_fixed,balanced,fixed,-0.018330956103261631,0,0.001,0,-0.018330956103261631,1.1619486347173198,1.1547275546290527,0.0062566435760450581
2023-02-17,balanced_fixed,balanced,fixed,0.016547146693136172,0,0.001,0,0.016547146693136172,1.1811755692258765,1.173835000866106,0.0062566435760450581
2023-02-21,balanced_fixed,balanced,fixed,-0.0071994819404107568,0,0.001,0,-0.0071994819404107568,1.1726717170467804,1.1653839969763484,0.0062566435760450581
2023-02-22,balanced_fixed,balanced,fixed,-0.0043579441114636186,0,0.001,0,-0.0043579441114636186,1.1675612792427965,1.1603053186491314,0.0062566435760450581
2023-02-23,balanced_fixed,balanced,fixed,0.0004650332825042458,0,0.001,0,0.0004650332825042458,1.1681042340970076,1.1608448992401701,0.0062566435760450581
2023-02-24,balanced_fixed,balanced,fixed,-0.012369093949091581,0,0.001,0,-0.012369093949091581,1.1536558430831301,1.1464862996211447,0.0062566435760450581
2023-02-27,balanced_fixed,balanced,fixed,-0.00044981427231882698,0,0.001,0,-0.00044981427231882698,1.1531369122195674,1.1459705937205571,0.0062566435760450581
2023-02-28,balanced_fixed,balanced,fixed,-0.010065881614954031,0,0.001,0,-0.010065881614954031,1.1415295725753316,1.1344353893899475,0.0062566435760450581
2023-03-01,balanced_fixed,balanced,fixed,0.0042644878215845061,0.20653538212317579,0.001,0.00020653538212317581,0.0040579524394613303,1.1463976115355576,1.1390388742457336,0.006463178958168234
2023-03-02,balanced_fixed,balanced,fixed,0.001540152404396089,0,0.001,0,0.001540152404396089,1.148163238573358,1.1407931677066037,0.006463178958168234
2023-03-03,balanced_fixed,balanced,fixed,-0.0018449154825683767,0,0.001,0,-0.0018449154825683767,1.1460449744379981,1.1386885007290934,0.006463178958168234
2023-03-06,balanced_fixed,balanced,fixed,0.0059449535712041701,0,0.001,0,0.0059449535712041701,1.1528581586015438,1.1454579509979921,0.006463178958168234
2023-03-07,balanced_fixed,balanced,fixed,-0.010967733623770015,0,0.001,0,-0.010967733623770015,1.1402139174120121,1.1328948733142168,0.006463178958168234
2023-03-08,balanced_fixed,balanced,fixed,-0.0060108093334140245,0,0.001,0,-0.0060108093334140245,1.1333603089551434,1.1260852582359229,0.006463178958168234
2023-03-09,balanced_fixed,balanced,fixed,-0.022160040439316409,0,0.001,0,-0.022160040439316409,1.1082449986763814,1.1011311633752967,0.006463178958168234
2023-03-10,balanced_fixed,balanced,fixed,-0.0077800289209436491,0,0.001,0,-0.0077800289209436491,1.0996228205351879,1.0925643310784845,0.006463178958168234
2023-03-13,balanced_fixed,balanced,fixed,0.016009269813141103,0,0.001,0,0.016009269813141103,1.117226978961823,1.1100554882429339,0.006463178958168234
2023-03-14,balanced_fixed,balanced,fixed,0.0084759865488761577,0,0.001,0,0.0084759865488761577,1.126696579807545,1.1194643036297871,0.006463178958168234
2023-03-15,balanced_fixed,balanced,fixed,-0.0032104569524288307,0,0.001,0,-0.0032104569524288307,1.1230793689396241,1.1158703116732029,0.006463178958168234
2023-03-16,balanced_fixed,balanced,fixed,0.0023317345459354932,0,0.001,0,0.0023317345459354932,1.1256980919020081,1.1184722250277153,0.006463178958168234
2023-03-17,balanced_fixed,balanced,fixed,0.00049409215310491916,0,0.001,0,0.00049409215310491916,1.126254290495982,1.1190248533775673,0.006463178958168234
2023-03-20,balanced_fixed,balanced,fixed,0.0046286004539535242,0,0.001,0,0.0046286004539535242,1.1314672716162388,1.124204372321896,0.006463178958168234
2023-03-21,balanced_fixed,balanced,fixed,0.014110958314248023,0,0.001,0,0.014110958314248023,1.1474333591199515,1.1400679733564256,0.006463178958168234
2023-03-22,balanced_fixed,balanced,fixed,-0.023161895577335168,0,0.001,0,-0.023161895577335168,1.1208566274740643,1.11366183800648,0.006463178958168234
2023-03-23,balanced_fixed,balanced,fixed,0.015127910159040692,0,0.001,0,0.015127910159040692,1.1378128458356573,1.1305092142393942,0.006463178958168234
2023-03-24,balanced_fixed,balanced,fixed,0.008409222458992005,0,0.001,0,0.008409222458992005,1.1473809671729882,1.1400159177138736,0.006463178958168234
2023-03-27,balanced_fixed,balanced,fixed,0.0029315016395865534,0,0.001,0,0.0029315016395865534,1.1507445163594863,1.1433578762458065,0.006463178958168234
2023-03-28,balanced_fixed,balanced,fixed,0.0063273791431530668,0,0.001,0,0.0063273791431530668,1.1580257132113971,1.1505923350251241,0.006463178958168234
2023-03-29,balanced_fixed,balanced,fixed,0.013052510271850171,0,0.001,0,0.013052510271850171,1.1731408557281555,1.1656104532967517,0.006463178958168234
2023-03-30,balanced_fixed,balanced,fixed,0.004107016125011409,0,0.001,0,0.004107016125011409,1.1779589641395407,1.1703976342239233,0.006463178958168234
2023-03-31,balanced_fixed,balanced,fixed,0.010330067200230886,0,0.001,0,0.010330067200230886,1.1901273593982165,1.1824879204364476,0.006463178958168234
2023-04-03,balanced_fixed,balanced,fixed,0.0058426336801837842,0.1417496884309157,0.001,0.0001417496884309157,0.0057008839917528685,1.1970808375919446,1.1892291468925049,0.0066049286465991496
2023-04-04,balanced_fixed,balanced,fixed,0.0077309448059716956,0,0.001,0,0.0077309448059716956,1.2063354034756544,1.1984230117887837,0.0066049286465991496
2023-04-05,balanced_fixed,balanced,fixed,0.014667611827466231,0,0.001,0,0.014667611827466231,1.2240294629075652,1.2160010153308045,0.0066049286465991496
2023-04-06,balanced_fixed,balanced,fixed,-0.00095037611277559719,0,0.001,0,-0.00095037611277559719,1.2228661745446843,1.2148453570127233,0.0066049286465991496
2023-04-10,balanced_fixed,balanced,fixed,0.0023323029782678084,0,0.001,0,0.0023323029782678084,1.2257182689655979,1.217678744457019,0.0066049286465991496
2023-04-11,balanced_fixed,balanced,fixed,-0.0015270457577526431,0,0.001,0,-0.0015270457577526431,1.2238465410827741,1.2158192932959904,0.0066049286465991496
2023-04-12,balanced_fixed,balanced,fixed,-0.0022514367881247832,0,0.001,0,-0.0022514367881247832,1.221091127957161,1.2130819530113519,0.0066049286465991496
2023-04-13,balanced_fixed,balanced,fixed,0.0097413613369021768,0,0.001,0,0.0097413613369021768,1.2329862178598772,1.2248990226469105,0.0066049286465991496
2023-04-14,balanced_fixed,balanced,fixed,-0.0022616975455067578,0,0.001,0,-0.0022616975455067578,1.2301975759572998,1.2221286715338964,0.0066049286465991496
2023-04-17,balanced_fixed,balanced,fixed,-0.0051542894976037701,0,0.001,0,-0.0051542894976037701,1.2238567815115655,1.2158294665574887,0.0066049286465991496
2023-04-18,balanced_fixed,balanced,fixed,0.0045248527651251536,0,0.001,0,0.0045248527651251536,1.2293945532535053,1.221330915881162,0.0066049286465991496
2023-04-19,balanced_fixed,balanced,fixed,-0.013702216725362648,0,0.001,0,-0.013702216725362648,1.2125491226438454,1.2045959749783728,0.0066049286465991496
2023-04-20,balanced_fixed,balanced,fixed,-0.0087323684862460338,0,0.001,0,-0.0087323684862460338,1.2019606968972449,1.1940769990478128,0.0066049286465991496
2023-04-21,balanced_fixed,balanced,fixed,-0.0013871029429514126,0,0.001,0,-0.0013871029429514126,1.2002934536772669,1.1924206913283231,0.0066049286465991496
2023-04-24,balanced_fixed,balanced,fixed,0.00075991740514758099,0,0.001,0,0.00075991740514758099,1.2012055775640009,1.1933268325659216,0.0066049286465991496
2023-04-25,balanced_fixed,balanced,fixed,0.0034041737149888007,0,0.001,0,0.0034041737149888007,1.2052946900174422,1.1973891244027335,0.0066049286465991496
2023-04-26,balanced_fixed,balanced,fixed,-0.018699599313789617,0,0.001,0,-0.018699599313789617,1.1827561622590776,1.1749984275537131,0.0066049286465991496
2023-04-27,balanced_fixed,balanced,fixed,0.013197989339621907,0,0.001,0,0.013197989339621907,1.1983661654799451,1.1905060442746396,0.0066049286465991496
2023-04-28,balanced_fixed,balanced,fixed,0.003067415719722355,0,0.001,0,0.003067415719722355,1.2020420526939217,1.1941578212292721,0.0066049286465991496
2023-05-01,balanced_fixed,balanced,fixed,-0.0031157683386423551,0.20500431457831919,0.001,0.00020500431457831921,-0.0033207726532206742,1.1982967681244214,1.1901922945929042,0.0068099329611774687
2023-05-02,balanced_fixed,balanced,fixed,-0.0030682276095054251,0,0.001,0,-0.0030682276095054251,1.1946201208960809,1.1865405137340137,0.0068099329611774687
2023-05-03,balanced_fixed,balanced,fixed,-0.011918580820786007,0,0.001,0,-0.011918580820786007,1.1803819444350439,1.1723986347239379,0.0068099329611774687
2023-05-04,balanced_fixed,balanced,fixed,0.0016715441315542368,0,0.001,0,0.0016715441315542368,1.1823550049472569,1.1743583507816528,0.0068099329611774687
2023-05-05,balanced_fixed,balanced,fixed,0.013689231719092643,0,0.001,0,0.013689231719092643,1.1985405365842088,1.1904344143667545,0.0068099329611774687
2023-05-08,balanced_fixed,balanced,fixed,-0.0069211215739579668,0,0.001,0,-0.0069211215739579668,1.1902452918191926,1.1821952730590988,0.0068099329611774687
2023-05-09,balanced_fixed,balanced,fixed,-0.00089990273591578074,0,0.001,0,-0.00089990273591578074,1.1891741868246737,1.1811314122984862,0.0068099329611774687
2023-05-10,balanced_fixed,balanced,fixed,0.00036638131054278489,0,0.001,0,0.00036638131054278489,1.1896098780217061,1.1815641567732473,0.0068099329611774687
2023-05-11,balanced_fixed,balanced,fixed,-0.0066222529784724093,0,0.001,0,-0.0066222529784724093,1.1817319804637567,1.1737395400167994,0.0068099329611774687
2023-05-12,balanced_fixed,balanced,fixed,0.0019262188017923343,0,0.001,0,0.0019262188017923343,1.1840082548232054,1.1760004191871869,0.0068099329611774687
2023-05-15,balanced_fixed,balanced,fixed,-0.00031564404104400534,0,0.001,0,-0.00031564404104400534,1.1836345296730235,1.1756292216626052,0.0068099329611774687
2023-05-16,balanced_fixed,balanced,fixed,-0.010397891745543841,0,0.001,0,-0.010397891745543841,1.1713272259671956,1.1634051562828596,0.0068099329611774687
2023-05-17,balanced_fixed,balanced,fixed,0.0015655505109410939,0,0.001,0,0.0015655505109410939,1.1731609979042878,1.1652265258197096,0.0068099329611774687
2023-05-18,balanced_fixed,balanced,fixed,-0.0017030290738125897,0,0.001,0,-0.0017030290738125897,1.1711630706165939,1.1632421111686611,0.0068099329611774687
2023-05-19,balanced_fixed,balanced,fixed,0.00042378646330409886,0,0.001,0,0.00042378646330409886,1.1716593936722428,1.1637350774289197,0.0068099329611774687
2023-05-22,balanced_fixed,balanced,fixed,-0.0014202354707549825,0,0.001,0,-0.0014202354707549825,1.1699953614417062,1.1620822995933933,0.0068099329611774687
2023-05-23,balanced_fixed,balanced,fixed,-0.0039166207160800104,0,0.001,0,-0.0039166207160800104,1.1654129333713661,1.1575308639850159,0.0068099329611774687
2023-05-24,balanced_fixed,balanced,fixed,-0.010974174605248188,0,0.001,0,-0.010974174605248188,1.1526234883533342,1.1448279181726806,0.0068099329611774687
2023-05-25,balanced_fixed,balanced,fixed,-0.011052715313124239,0,0.001,0,-0.011052715313124239,1.1398838690733446,1.1321744611106013,0.0068099329611774687
2023-05-26,balanced_fixed,balanced,fixed,0.0020856202566519322,0,0.001,0,0.0020856202566519322,1.1422612339609148,1.1345357471007576,0.0068099329611774687
2023-05-30,balanced_fixed,balanced,fixed,0.00083695335457178999,0,0.001,0,0.00083695335457178999,1.1432172533324758,1.1354853006001751,0.0068099329611774687
2023-05-31,balanced_fixed,balanced,fixed,0.0048431944287765649,0,0.001,0,0.0048431944287765649,1.1487540767646969,1.1409846766819995,0.0068099329611774687
2023-06-01,balanced_fixed,balanced,fixed,-0.002436255022340017,0.37146727572332461,0.001,0.0003714672757233246,-0.0028077222980633417,1.1459554188757453,1.137781108563531,0.0071814002369007934
2023-06-02,balanced_fixed,balanced,fixed,0.0176327197008741,0,0.001,0,0.0176327197008741,1.166161729566479,1.1578432839317816,0.0071814002369007934
2023-06-05,balanced_fixed,balanced,fixed,-0.0088146658926200327,0,0.001,0,-0.0088146658926200327,1.1558824035435906,1.1476372822279088,0.0071814002369007934
2023-06-06,balanced_fixed,balanced,fixed,-0.00078672433537596564,0,0.001,0,-0.00078672433537596564,1.1549730427278899,1.1467344080497954,0.0071814002369007934
2023-06-07,balanced_fixed,balanced,fixed,-0.0055486303927525515,0,0.001,0,-0.0055486303927525515,1.1485645242002001,1.1403716026608752,0.0071814002369007934
2023-06-08,balanced_fixed,balanced,fixed,0.0071156870339892375,0,0.001,0,0.0071156870339892375,1.1567373498927513,1.1484861300878588,0.0071814002369007934
2023-06-09,balanced_fixed,balanced,fixed,-0.001775459995649209,0,0.001,0,-0.001775459995649209,1.1546836090025434,1.1464470389083299,0.0071814002369007934
2023-06-12,balanced_fixed,balanced,fixed,-0.00044242176682018908,0,0.001,0,-0.00044242176682018908,1.1541727518401301,1.1459398257838103,0.0071814002369007934
2023-06-13,balanced_fixed,balanced,fixed,0.0039495631910757556,0,0.001,0,0.0039495631910757556,1.1587312300569406,1.1504657875389137,0.0071814002369007934
2023-06-14,balanced_fixed,balanced,fixed,-0.0060307886049943971,0,0.001,0,-0.0060307886049943971,1.1517431669584621,1.1435275715769881,0.0071814002369007934
2023-06-15,balanced_fixed,balanced,fixed,0.005746213596636407,0,0.001,0,0.005746213596636407,1.1583613292042718,1.1500985252569125,0.0071814002369007934
2023-06-16,balanced_fixed,balanced,fixed,0.0013058792752309589,0,0.001,0,0.0013058792752309589,1.1598740092573088,1.1516004150855192,0.0071814002369007934
2023-06-20,balanced_fixed,balanced,fixed,-0.00093649896438241509,0,0.001,0,-0.00093649896438241509,1.1587877884488251,1.1505219424894093,0.0071814002369007934
2023-06-21,balanced_fixed,balanced,fixed,0.0068084777897041704,0,0.001,0,0.0068084777897041704,1.1666773693694594,1.1583552455814157,0.0071814002369007934
2023-06-22,balanced_fixed,balanced,fixed,0.0059535774874563963,0,0.001,0,0.0059535774874563963,1.1736232734908623,1.1652516032939861,0.0071814002369007934
2023-06-23,balanced_fixed,balanced,fixed,0.0011921348706587231,0,0.001,0,0.0011921348706587231,1.1750223907202073,1.1666407403633638,0.0071814002369007934
2023-06-26,balanced_fixed,balanced,fixed,-0.00039720150234323626,0,0.001,0,-0.00039720150234323626,1.1745556700613262,1.1661773489085967,0.0071814002369007934
2023-06-27,balanced_fixed,balanced,fixed,0.0090614691243233736,0,0.001,0,0.0090614691243233736,1.1851988700003859,1.1767446289492172,0.0071814002369007934
2023-06-28,balanced_fixed,balanced,fixed,-0.0087457954829851525,0,0.001,0,-0.0087457954829851525,1.1748333630766974,1.166453061088726,0.0071814002369007934
2023-06-29,balanced_fixed,balanced,fixed,0.0026755158569220505,0,0.001,0,0.0026755158569220505,1.1779766483688501,1.1695739247500241,0.0071814002369007934
2023-06-30,balanced_fixed,balanced,fixed,0.017518918170849496,0,0.001,0,0.017518918170849496,1.1986135248787955,1.1900635946324791,0.0071814002369007934
2023-07-03,balanced_fixed,balanced,fixed,0.0015953464752884727,0.220676123135118,0.001,0.00022067612313511801,0.0013746703521533548,1.2005257287409439,1.1916995397731973,0.0074020763600359113
2023-07-05,balanced_fixed,balanced,fixed,-0.0020207197475859973,0,0.001,0,-0.0020207197475859973,1.198099802693392,1.1892914489799884,0.0074020763600359113
2023-07-06,balanced_fixed,balanced,fixed,-0.012275350020521159,0,0.001,0,-0.012275350020521159,1.1833927082558133,1.1746924801673462,0.0074020763600359113
2023-07-07,balanced_fixed,balanced,fixed,-0.0075542823800983649,0,0.001,0,-0.0075542823800983649,1.1744530255710997,1.165818521462384,0.0074020763600359113
2023-07-10,balanced_fixed,balanced,fixed,0.0040330129118715252,0,0.001,0,0.0040330129118715252,1.1791896097876144,1.1705202826123406,0.0074020763600359113
2023-07-11,balanced_fixed,balanced,fixed,0.007959551405205989,0,0.001,0,0.007959551405205989,1.1885754301032037,1.1798370989726299,0.0074020763600359113
2023-07-12,balanced_fixed,balanced,fixed,-0.0026911335513941648,0,0.001,0,-0.0026911335513941648,1.1853768148848902,1.1766619997704051,0.0074020763600359113
2023-07-13,balanced_fixed,balanced,fixed,0.05781504576414509,0,0.001,0,0.05781504576414509,1.2539094296852167,1.2446907671360616,0.0074020763600359113
2023-07-14,balanced_fixed,balanced,fixed,-0.016485136349254192,0,0.001,0,-0.016485136349254192,1.2332385617672403,1.2241718701271658,0.0074020763600359113
2023-07-17,balanced_fixed,balanced,fixed,-0.0058523394599876433,0,0.001,0,-0.0058523394599876433,1.2260212310686316,1.2170076007858137,0.0074020763600359113
2023-07-18,balanced_fixed,balanced,fixed,0.0032135180570274091,0,0.001,0,0.0032135180570274091,1.2299610724329697,1.2209184766864785,0.0074020763600359113
2023-07-19,balanced_fixed,balanced,fixed,0.016121025770506225,0,0.001,0,0.016121025770506225,1.2497893065783812,1.2406009349128284,0.0074020763600359113
2023-07-20,balanced_fixed,balanced,fixed,0.0095743558883603086,0,0.001,0,0.0095743558883603086,1.2617552341850296,1.2524788897791164,0.0074020763600359113
2023-07-21,balanced_fixed,balanced,fixed,0.0027943814678299539,0,0.001,0,0.0027943814678299539,1.2652810596283737,1.2559787935775633,0.0074020763600359113
2023-07-24,balanced_fixed,balanced,fixed,-0.0095874689740031993,0,0.001,0,-0.0095874689740031993,1.2531502167257929,1.2439371358621325,0.0074020763600359113
2023-07-25,balanced_fixed,balanced,fixed,-0.0015762237982239746,0,0.001,0,-0.0015762237982239746,1.2511749715314402,1.2419764125450921,0.0074020763600359113
2023-07-26,balanced_fixed,balanced,fixed,0.0068812253177343852,0,0.001,0,0.0068812253177343852,1.2597845884224579,1.2505227320791263,0.0074020763600359113
2023-07-27,balanced_fixed,balanced,fixed,-0.0054604575188496041,0,0.001,0,-0.0054604575188496041,1.2529055881944757,1.2436943058242524,0.0074020763600359113
2023-07-28,balanced_fixed,balanced,fixed,0.0036117271737339252,0,0.001,0,0.0036117271737339252,1.2574307413534809,1.248186190344416,0.0074020763600359113
2023-07-31,balanced_fixed,balanced,fixed,-0.0070043721092816202,0,0.001,0,-0.0070043721092816202,1.2486232285393912,1.2394434298055772,0.0074020763600359113
2023-08-01,balanced_fixed,balanced,fixed,-0.0027715463908931648,0.1340564850752014,0.001,0.00013405648507520141,-0.0029056028759683662,1.2451626113367475,1.2358420994113339,0.0075361328451111122
2023-08-02,balanced_fixed,balanced,fixed,-0.016567129960761595,0,0.001,0,-0.016567129960761595,1.2245338405324504,1.2153677427394058,0.0075361328451111122
2023-08-03,balanced_fixed,balanced,fixed,-0.010924903542631981,0,0.001,0,-0.010924903542631981,1.2111559264399447,1.2020899673811514,0.0075361328451111122
2023-08-04,balanced_fixed,balanced,fixed,-0.0089118056821108071,0,0.001,0,-0.0089118056821108071,1.200362340172775,1.1913771751794355,0.0075361328451111122
2023-08-07,balanced_fixed,balanced,fixed,0.010015123457017827,0,0.001,0,0.010015123457017827,1.2123841172027601,1.2033089646727306,0.0075361328451111122
2023-08-08,balanced_fixed,balanced,fixed,5.0938393853616759e-05,0,0.001,0,5.0938393853616759e-05,1.212445874102424,1.2033702592987008,0.0075361328451111122
2023-08-09,balanced_fixed,balanced,fixed,0.0010876514561095618,0,0.001,0,0.0010876514561095618,1.2137645926228455,1.2046791067134659,0.0075361328451111122
2023-08-10,balanced_fixed,balanced,fixed,-0.0035823888585292396,0,0.001,0,-0.0035823888585292396,1.2094164158693561,1.2003634777034726,0.0075361328451111122
2023-08-11,balanced_fixed,balanced,fixed,0.0050572827186339264,0,0.001,0,0.0050572827186339264,1.2155327766089643,1.2064340551753416,0.0075361328451111122
2023-08-14,balanced_fixed,balanced,fixed,9.8574463983203131e-05,0,0.001,0,9.8574463983203131e-05,1.2156525971008725,1.2065529787656617,0.0075361328451111122
2023-08-15,balanced_fixed,balanced,fixed,-0.010847783172678427,0,0.001,0,-0.010847783172678427,1.2024654613142187,1.1934645536656625,0.0075361328451111122
2023-08-16,balanced_fixed,balanced,fixed,-0.0082740646434792398,0,0.001,0,-0.0082740646434792398,1.1925161843557537,1.1835897507989317,0.0075361328451111122
2023-08-17,balanced_fixed,balanced,fixed,-0.021970195009284432,0,0.001,0,-0.021970195009284432,1.1663163712337299,1.1575860531628888,0.0075361328451111122
2023-08-18,balanced_fixed,balanced,fixed,0.002032908931862476,0,0.001,0,0.002032908931862476,1.1686873862021883,1.159939320189763,0.0075361328451111122
2023-08-21,balanced_fixed,balanced,fixed,-0.0037492115698818385,0,0.001,0,-0.0037492115698818385,1.1643057299322641,1.1555904622701467,0.0075361328451111122
2023-08-22,balanced_fixed,balanced,fixed,-0.0067008236758280271,0,0.001,0,-0.0067008236758280271,1.1565039225312317,1.147847054341006,0.0075361328451111122
2023-08-23,balanced_fixed,balanced,fixed,0.014922570890056885,0,0.001,0,0.014922570890056885,1.1737619342998329,1.1649758833803525,0.0075361328451111122
2023-08-24,balanced_fixed,balanced,fixed,-0.011110783681420378,0,0.001,0,-0.011110783681420378,1.160720519354342,1.1520320883460418,0.0075361328451111122
2023-08-25,balanced_fixed,balanced,fixed,0.0027639647811568135,0,0.001,0,0.0027639647811568135,1.1639287099906035,1.1552162644649928,0.0075361328451111122
2023-08-28,balanced_fixed,balanced,fixed,0.0011991100519215259,0,0.001,0,0.0011991100519215259,1.1653243886064732,1.1566014958998561,0.0075361328451111122
2023-08-29,balanced_fixed,balanced,fixed,0.013054937591948645,0,0.001,0,0.013054937591948645,1.1805376257741065,1.171700856247583,0.0075361328451111122
2023-08-30,balanced_fixed,balanced,fixed,-0.0022170473885667619,0,0.001,0,-0.0022170473885667619,1.1779203179137792,1.1691031399240579,0.0075361328451111122
2023-08-31,balanced_fixed,balanced,fixed,-0.010536488487607243,0,0.001,0,-0.010536488487607243,1.1655091740447621,1.1567848981494226,0.0075361328451111122
2023-09-01,balanced_fixed,balanced,fixed,4.1164853610942131e-05,0.41415333196812931,0.001,0.00041415333196812931,-0.00037298847835718718,1.1655571520592938,1.1563534307104752,0.007950286177079241
2023-09-05,balanced_fixed,balanced,fixed,-0.0098674849672432119,0,0.001,0,-0.0098674849672432119,1.1540560343828858,1.1449431306161195,0.007950286177079241
2023-09-06,balanced_fixed,balanced,fixed,-0.0020378117316012245,0,0.001,0,-0.0020378117316012245,1.1517042854570951,1.1426099520725337,0.007950286177079241
2023-09-07,balanced_fixed,balanced,fixed,0.0082457694836615136,0,0.001,0,0.0082457694836615136,1.1612009735083195,1.1520316503470613,0.007950286177079241
2023-09-08,balanced_fixed,balanced,fixed,0.0026037744474309843,0,0.001,0,0.0026037744474309843,1.1642244789314724,1.1550312809208667,0.007950286177079241
2023-09-11,balanced_fixed,balanced,fixed,-0.0036318396814856158,0,0.001,0,-0.0036318396814856158,1.1599962022707322,1.1508363924814611,0.007950286177079241
2023-09-12,balanced_fixed,balanced,fixed,0.0083291530753522025,0,0.001,0,0.0083291530753522025,1.1696579882062723,1.1604218849591252,0.007950286177079241
2023-09-13,balanced_fixed,balanced,fixed,0.0035061062550483246,0,0.001,0,0.0035061062550483246,1.1737589333949896,1.1644904473884754,0.007950286177079241
2023-09-14,balanced_fixed,balanced,fixed,0.0090320666639382985,0,0.001,0,0.0090320666639382985,1.1843604023288063,1.1750082027388074,0.007950286177079241
2023-09-15,balanced_fixed,balanced,fixed,-0.0040479967361132241,0,0.001,0,-0.0040479967361132241,1.1795661152857977,1.1702517733692144,0.007950286177079241
2023-09-18,balanced_fixed,balanced,fixed,0.0024177709352612986,0,0.001,0,0.0024177709352612986,1.1824180359555547,1.1730811740938045,0.007950286177079241
2023-09-19,balanced_fixed,balanced,fixed,0.0012491900280064971,0,0.001,0,0.0012491900280064971,1.1838951007750054,1.1745465753985247,0.007950286177079241
2023-09-20,balanced_fixed,balanced,fixed,-0.0040066455395527667,0,0.001,0,-0.0040066455395527667,1.1791516527501869,1.1698405836012071,0.007950286177079241
2023-09-21,balanced_fixed,balanced,fixed,-0.016241979450602795,0,0.001,0,-0.016241979450602795,1.1599998958370741,1.1508400568818751,0.007950286177079241
2023-09-22,balanced_fixed,balanced,fixed,-0.0023942772021420256,0,0.001,0,-0.0023942772021420256,1.1572225345319842,1.148084626770371,0.007950286177079241
2023-09-25,balanced_fixed,balanced,fixed,0.001289771058020861,0,0.001,0,0.001289771058020861,1.1587150866647131,1.1495653930941381,0.007950286177079241
2023-09-26,balanced_fixed,balanced,fixed,-0.0065281644864557675,0,0.001,0,-0.0065281644864557675,1.1511508039860281,1.1420608411200823,0.007950286177079241
2023-09-27,balanced_fixed,balanced,fixed,-0.0031510759776087749,0,0.001,0,-0.0031510759776087749,1.1475234403409826,1.1384621206386611,0.007950286177079241
2023-09-28,balanced_fixed,balanced,fixed,0.0084715127843666416,0,0.001,0,0.0084715127843666416,1.1572446998361916,1.1481066170481686,0.007950286177079241
2023-09-29,balanced_fixed,balanced,fixed,-0.0037577949629820084,0,0.001,0,-0.0037577949629820084,1.1528960115322096,1.1437922677856587,0.007950286177079241
2023-10-02,balanced_fixed,balanced,fixed,-0.0078307933766832427,0.33559546327409961,0.001,0.00033559546327409964,-0.0081663888399573416,1.1438679210810987,1.1344516153747843,0.0082858816403533417
2023-10-03,balanced_fixed,balanced,fixed,-0.012108912319695353,0,0.001,0,-0.012108912319695353,1.1300169247194154,1.1207146402332744,0.0082858816403533417
2023-10-04,balanced_fixed,balanced,fixed,0.0051947839257480144,0,0.001,0,0.0051947839257480144,1.1358871184757711,1.1265365106317087,0.0082858816403533417
2023-10-05,balanced_fixed,balanced,fixed,-0.0052334505361864014,0,0.001,0,-0.0052334505361864014,1.1299425094265367,1.1206408375261097,0.0082858816403533417
2023-10-06,balanced_fixed,balanced,fixed,0.0063535083082577604,0,0.001,0,0.0063535083082577604,1.1371216085480318,1.1277608383979048,0.0082858816403533417
2023-10-09,balanced_fixed,balanced,fixed,-0.00032015521949080306,0,0.001,0,-0.00032015521949080306,1.1367575531298593,1.1273997798791544,0.0082858816403533417
2023-10-10,balanced_fixed,balanced,fixed,0.0041142269477951743,0,0.001,0,0.0041142269477951743,1.1414344316880558,1.1320381584344716,0.0082858816403533417
2023-10-11,balanced_fixed,balanced,fixed,0.000472365163801447,0,0.001,0,0.000472365163801447,1.1419736055503487,1.13257289382461,0.0082858816403533417
2023-10-12,balanced_fixed,balanced,fixed,-0.0055048440966776191,0,0.001,0,-0.0055048440966776191,1.1356872188892733,1.1263382566159825,0.0082858816403533417
2023-10-13,balanced_fixed,balanced,fixed,0.0033824501605050905,0,0.001,0,0.0033824501605050905,1.1395286243050888,1.1301480396328563,0.0082858816403533417
2023-10-16,balanced_fixed,balanced,fixed,0.013831889657784924,0,0.001,0,0.013831889657784924,1.1552904584983643,1.1457801226140198,0.0082858816403533417
2023-10-17,balanced_fixed,balanced,fixed,-0.003215562289807572,0,0.001,0,-0.003215562289807572,1.1515755500662426,1.1420957952593311,0.0082858816403533417
2023-10-18,balanced_fixed,balanced,fixed,-0.0088534801057111867,0,0.001,0,-0.0088534801057111867,1.1413800988435077,1.1319842728571863,0.0082858816403533417
2023-10-19,balanced_fixed,balanced,fixed,-0.0068007163372552082,0,0.001,0,-0.0068007163372552082,1.1336178965582846,1.1242859689192504,0.0082858816403533417
2023-10-20,balanced_fixed,balanced,fixed,0.0063224298143484958,0,0.001,0,0.0063224298143484958,1.1407851161455638,1.131394188048999,0.0082858816403533417
2023-10-23,balanced_fixed,balanced,fixed,0.012643316009214978,0,0.001,0,0.012643316009214978,1.1552084228676012,1.1456987622994916,0.0082858816403533417
2023-10-24,balanced_fixed,balanced,fixed,0.0085910909511937028,0,0.001,0,0.0085910909511937028,1.1651329234960417,1.1555415645690765,0.0082858816403533417
2023-10-25,balanced_fixed,balanced,fixed,-0.0005518640163791888,0,0.001,0,-0.0005518640163791888,1.1644899285612655,1.1549038627601604,0.0082858816403533417
2023-10-26,balanced_fixed,balanced,fixed,-0.0039049373645235752,0,0.001,0,-0.0039049373645235752,1.1599426683286154,1.1503940355140356,0.0082858816403533417
2023-10-27,balanced_fixed,balanced,fixed,-0.013814357374282826,0,0.001,0,-0.013814357374282826,1.1439188057746446,1.1345020811862014,0.0082858816403533417
2023-10-30,balanced_fixed,balanced,fixed,0.0075935844387338136,0,0.001,0,0.0075935844387338136,1.1526052498173498,1.1431170185356081,0.0082858816403533417
2023-10-31,balanced_fixed,balanced,fixed,0.0047043514088394023,0,0.001,0,0.0047043514088394023,1.1580275099481638,1.1484946426922245,0.0082858816403533417
2023-11-01,balanced_fixed,balanced,fixed,0.010480225575729918,0.30033892289541342,0.001,0.00030033892289541345,0.010179886652834504,1.1701638994753214,1.160186187976219,0.0085862205632487552
2023-11-02,balanced_fixed,balanced,fixed,0.0068011472796096761,0,0.001,0,0.0068011472796096761,1.1781223564969354,1.1680767851124141,0.0085862205632487552
2023-11-03,balanced_fixed,balanced,fixed,0.0042951507492323682,0,0.001,0,0.0042951507492323682,1.1831825696191307,1.1730938509911506,0.0085862205632487552
2023-11-06,balanced_fixed,balanced,fixed,0.0020412654047989864,0,0.001,0,0.0020412654047989864,1.1855977592660554,1.1754884468857612,0.0085862205632487552
2023-11-07,balanced_fixed,balanced,fixed,-0.0016283589707961621,0,0.001,0,-0.0016283589707961621,1.1836671805189987,1.1735743297282075,0.0085862205632487552
2023-11-08,balanced_fixed,balanced,fixed,-0.0015649350712624299,0,0.001,0,-0.0015649350712624299,1.1818148182355022,1.1717377621008827,0.0085862205632487552
2023-11-09,balanced_fixed,balanced,fixed,0.0010142160453889826,0,0.001,0,0.0010142160453889826,1.183013433786835,1.1729261573401935,0.0085862205632487552
2023-11-10,balanced_fixed,balanced,fixed,0.010421627196232741,0,0.001,0,0.010421627196232741,1.1953423587618965,1.1851499564807029,0.0085862205632487552
2023-11-13,balanced_fixed,balanced,fixed,-0.0049556610653903599,0,0.001,0,-0.0049556610653903599,1.1894186471747683,1.1792767549847223,0.0085862205632487552
2023-11-14,balanced_fixed,balanced,fixed,0.00094314212198876035,0,0.001,0,0.00094314212198876035,1.1905404380015978,1.1803889805658305,0.0085862205632487552
2023-11-15,balanced_fixed,balanced,fixed,0.010919132496152173,0,0.001,0,0.010919132496152173,1.2035401067861644,1.1932778042416268,0.0085862205632487552
2023-11-16,balanced_fixed,balanced,fixed,-0.010724048419068821,0,0.001,0,-0.010724048419068821,1.1906332844066982,1.1804810352915394,0.0085862205632487552
2023-11-17,balanced_fixed,balanced,fixed,-2.4768359601190504e-05,0,0.001,0,-2.4768359601190504e-05,1.1906037943733569,1.1804517967127548,0.0085862205632487552
2023-11-20,balanced_fixed,balanced,fixed,0.0020332644521559029,0,0.001,0,0.0020332644521559029,1.1930246067450583,1.1828519673884945,0.0085862205632487552
2023-11-21,balanced_fixed,balanced,fixed,-0.0089493422982751536,0,0.001,0,-0.0089493422982751536,1.1823478211690317,1.1722662202441467,0.0085862205632487552
2023-11-22,balanced_fixed,balanced,fixed,0.010771761791280809,0,0.001,0,0.010771761791280809,1.1950837902531044,1.1848935927245818,0.0085862205632487552
2023-11-24,balanced_fixed,balanced,fixed,0.0039323731471512247,0,0.001,0,0.0039323731471512247,1.1997833056584915,1.1895530364708435,0.0085862205632487552
2023-11-27,balanced_fixed,balanced,fixed,-0.0055770462934692233,0,0.001,0,-0.0055770462934692233,1.1930920586207026,1.1829188441179088,0.0085862205632487552
2023-11-28,balanced_fixed,balanced,fixed,0.0015901299137197622,0,0.001,0,0.0015901299137197622,1.1949892299929368,1.1847998387574434,0.0085862205632487552
2023-11-29,balanced_fixed,balanced,fixed,-0.00059215213019236934,0,0.001,0,-0.00059215213019236934,1.1942816145748396,1.1840982570090717,0.0085862205632487552
2023-11-30,balanced_fixed,balanced,fixed,0.0065011403127850365,0,0.001,0,0.0065011403127850365,1.2020458069241702,1.1917962459220119,0.0085862205632487552
2023-12-01,balanced_fixed,balanced,fixed,0.0065341053330680854,0.20829122580016121,0.001,0.00020829122580016122,0.0063258141072679245,1.2099001008417856,1.1993353274274543,0.0087945117890489161
2023-12-04,balanced_fixed,balanced,fixed,0.0096869067437612699,0,0.001,0,0.0096869067437612699,1.2216202902879072,1.2109531768987425,0.0087945117890489161
2023-12-05,balanced_fixed,balanced,fixed,0.0046062134779423225,0,0.001,0,0.0046062134779423225,1.2272473341339591,1.2165310857433305,0.0087945117890489161
2023-12-06,balanced_fixed,balanced,fixed,-0.0012826778236751935,0,0.001,0,-0.0012826778236751935,1.225673171194301,1.2149706682978361,0.0087945117890489161
2023-12-07,balanced_fixed,balanced,fixed,0.0032926032802436112,0,0.001,0,0.0032926032802436112,1.2297088266982819,1.2189710847056734,0.0087945117890489161
2023-12-08,balanced_fixed,balanced,fixed,0.0073875130033846936,0,0.001,0,0.0073875130033846936,1.2387933166458924,1.2279762494446864,0.0087945117890489161
2023-12-11,balanced_fixed,balanced,fixed,-0.0061427577182503468,0,0.001,0,-0.0061427577182503468,1.231183709438749,1.2204330888605819,0.0087945117890489161
2023-12-12,balanced_fixed,balanced,fixed,0.004467883325379951,0,0.001,0,0.004467883325379951,1.2366844946046298,1.225885841508044,0.0087945117890489161
2023-12-13,balanced_fixed,balanced,fixed,0.016813624706220054,0,0.001,0,0.016813624706220054,1.2574776435769135,1.2464974259798289,0.0087945117890489161
2023-12-14,balanced_fixed,balanced,fixed,-0.0045099774366339496,0,0.001,0,-0.0045099774366339496,1.2518064477773101,1.2408757507138377,0.0087945117890489161
2023-12-15,balanced_fixed,balanced,fixed,-0.01214745850480381,0,0.001,0,-0.01214745850480381,1.2366001808968894,1.225802264022424,0.0087945117890489161
2023-12-18,balanced_fixed,balanced,fixed,0.0052576544039550921,0,0.001,0,0.0052576544039550921,1.2431017972839136,1.2322471086942397,0.0087945117890489161
2023-12-19,balanced_fixed,balanced,fixed,-0.0020439747546380227,0,0.001,0,-0.0020439747546380227,1.2405609285928201,1.229728426712593,0.0087945117890489161
2023-12-20,balanced_fixed,balanced,fixed,-0.0075648180160809986,0,0.001,0,-0.0075648180160809986,1.231176310930155,1.2204257549553106,0.0087945117890489161
2023-12-21,balanced_fixed,balanced,fixed,0.0086059082596365855,0,0.001,0,0.0086059082596365855,1.2417717013134577,1.2309286270401536,0.0087945117890489161
2023-12-22,balanced_fixed,balanced,fixed,0.0081227831348984481,0,0.001,0,0.0081227831348984481,1.2518583435462809,1.2409271933321391,0.0087945117890489161
2023-12-26,balanced_fixed,balanced,fixed,-0.0018734894092156118,0,0.001,0,-0.0018734894092156118,1.2495130001978088,1.2386023293778237,0.0087945117890489161
2023-12-27,balanced_fixed,balanced,fixed,0.014956854388461949,0,0.001,0,0.014956854388461949,1.2682017841982576,1.2571279240635376,0.0087945117890489161
2023-12-28,balanced_fixed,balanced,fixed,0.00049014266713220955,0,0.001,0,0.00049014266713220955,1.2688233840032264,1.2577440960971644,0.0087945117890489161
2023-12-29,balanced_fixed,balanced,fixed,-0.0028518895128916144,0,0.001,0,-0.0028518895128916144,1.2652048399006759,1.2541571488996035,0.0087945117890489161
2021-01-04,conservative_adaptive,conservative,adaptive,0.0078303815778890673,0,0.001,0,0.0078303815778890673,1.0078303815778891,1.0078303815778891,0
2021-01-05,conservative_adaptive,conservative,adaptive,0.0035053259137904913,0,0.001,0,0.0035053259137904913,1.0113631555311393,1.0113631555311393,0
2021-01-06,conservative_adaptive,conservative,adaptive,0.012665849643448412,0,0.001,0,0.012665849643448412,1.0241729291940203,1.0241729291940203,0
2021-01-07,conservative_adaptive,conservative,adaptive,0.012421882813617557,0,0.001,0,0.012421882813617557,1.0368950853013479,1.0368950853013479,0
2021-01-08,conservative_adaptive,conservative,adaptive,-0.0033444179681539898,0,0.001,0,-0.0033444179681539898,1.0334272747469755,1.0334272747469755,0
2021-01-11,conservative_adaptive,conservative,adaptive,-0.0037243118522112262,0,0.001,0,-0.0037243118522112262,1.0295784692992369,1.0295784692992369,0
2021-01-12,conservative_adaptive,conservative,adaptive,-0.0095631231709312203,0,0.001,0,-0.0095631231709312203,1.0197324835831896,1.0197324835831896,0
2021-01-13,conservative_adaptive,conservative,adaptive,-0.0030833085998875909,0,0.001,0,-0.0030833085998875909,1.0165883336469728,1.0165883336469728,0
2021-01-14,conservative_adaptive,conservative,adaptive,0.0016021206933876098,0,0.001,0,0.0016021206933876098,1.018217030852965,1.018217030852965,0
2021-01-15,conservative_adaptive,conservative,adaptive,-0.0019095997261867614,0,0.001,0,-0.0019095997261867614,1.0162726438896494,1.0162726438896494,0
2021-01-19,conservative_adaptive,conservative,adaptive,0.011844445625864619,0,0.001,0,0.011844445625864619,1.0283098299612541,1.0283098299612541,0
2021-01-20,conservative_adaptive,conservative,adaptive,0.015493083541417096,0,0.001,0,0.015493083541417096,1.0442415200633042,1.0442415200633042,0
2021-01-21,conservative_adaptive,conservative,adaptive,-0.014674923884048452,0,0.001,0,-0.014674923884048452,1.0289173552398121,1.0289173552398121,0
2021-01-22,conservative_adaptive,conservative,adaptive,-0.00011060590930400682,0,0.001,0,-0.00011060590930400682,1.0288035509001372,1.0288035509001372,0
2021-01-25,conservative_adaptive,conservative,adaptive,0.0018832996943243252,0,0.001,0,0.0018832996943243252,1.0307410963130672,1.0307410963130672,0
2021-01-26,conservative_adaptive,conservative,adaptive,-0.0099641715743872261,0,0.001,0,-0.0099641715743872261,1.0204706151806318,1.0204706151806318,0
2021-01-27,conservative_adaptive,conservative,adaptive,-0.031280109993848226,0,0.001,0,-0.031280109993848226,0.98855018209229162,0.98855018209229162,0
2021-01-28,conservative_adaptive,conservative,adaptive,0.0090911975947971513,0,0.001,0,0.0090911975947971513,0.9975372871300654,0.9975372871300654,0
2021-01-29,conservative_adaptive,conservative,adaptive,-0.0043595879162612317,0,0.001,0,-0.0043595879162612317,0.99318843562707315,0.99318843562707315,0
2021-02-01,conservative_adaptive,conservative,adaptive,-4.30265512556538e-05,0.13804763768141121,0.001,0.0001380476376814112,-0.000181074188937065,0.99314570215394116,0.99300859483663029,0.0001380476376814112
2021-02-02,conservative_adaptive,conservative,adaptive,0.0097870269229232143,0,0.001,0,0.0097870269229232143,1.0028656458793073,1.0027271966889906,0.0001380476376814112
2021-02-03,conservative_adaptive,conservative,adaptive,-0.0069090209055066021,0,0.001,0,-0.0069090209055066021,0.9959368261665128,0.9957993335245463,0.0001380476376814112
2021-02-04,conservative_adaptive,conservative,adaptive,-0.0026023588601019609,0,0.001,0,-0.0026023588601019609,0.9933450411428365,0.99320790630606504,0.0001380476376814112
2021-02-05,conservative_adaptive,conservative,adaptive,0.020068925223178713,0,0.001,0,0.020068925223178713,1.0132804084943474,1.0131405215087914,0.0001380476376814112
2021-02-08,conservative_adaptive,conservative,adaptive,0.0088180767033694263,0,0.001,0,0.0088180767033694263,1.0222155928584722,1.0220744723387476,0.0001380476376814112
2021-02-09,conservative_adaptive,conservative,adaptive,-0.0102236267943,0,0.001,0,-0.0102236267943,1.011764842133773,1.0116251643775751,0.0001380476376814112
2021-02-10,conservative_adaptive,conservative,adaptive,-0.0044680046100707971,0,0.001,0,-0.0044680046100707971,1.0072442721548118,1.0071052184794724,0.0001380476376814112
2021-02-11,conservative_adaptive,conservative,adaptive,-0.0043149515504373737,0,0.001,0,-0.0043149515504373737,1.0028980619210082,1.0027596082555408,0.0001380476376814112
2021-02-12,conservative_adaptive,conservative,adaptive,0.00704689307785622,0,0.001,0,0.00704689307785622,1.0099653773313548,1.0098259479977105,0.0001380476376814112
2021-02-16,conservative_adaptive,conservative,adaptive,-0.011910535461429617,0,0.001,0,-0.011910535461429617,0.99793614888983362,0.99779838023421197,0.0001380476376814112
2021-02-17,conservative_adaptive,conservative,adaptive,0.0056089143653221818,0,0.001,0,0.0056089143653221818,1.0035334872910162,1.0033949459028029,0.0001380476376814112
2021-02-18,conservative_adaptive,conservative,adaptive,-0.010077446273214052,0,0.001,0,-0.010077446273214052,0.99342043248946987,0.99328328724465287,0.0001380476376814112
2021-02-19,conservative_adaptive,conservative,adaptive,-0.0057103033101747469,0,0.001,0,-0.0057103033101747469,0.98774770050543004,0.98761133840155846,0.0001380476376814112
2021-02-22,conservative_adaptive,conservative,adaptive,-0.0052472546843636003,0,0.001,0,-0.0052472546843636003,0.98256473675698353,0.98242909017980029,0.0001380476376814112
2021-02-23,conservative_adaptive,conservative,adaptive,-0.016056771097776812,0,0.001,0,-0.016056771097776812,0.96678791969012934,0.96665445115898607,0.0001380476376814112
2021-02-24,conservative_adaptive,conservative,adaptive,0.00055260598418604978,0,0.001,0,0.00055260598418604978,0.96732217247998886,0.96718863019333656,0.0001380476376814112
2021-02-25,conservative_adaptive,conservative,adaptive,-0.010730176617427589,0,0.001,0,-0.010730176617427589,0.95694263472332486,0.95681052536899425,0.0001380476376814112
2021-02-26,conservative_adaptive,conservative,adaptive,-0.018074040486374177,0,0.001,0,-0.018074040486374177,0.93964681480019796,0.9395170931956861,0.0001380476376814112
2021-03-01,conservative_adaptive,conservative,adaptive,0.0096588960410950442,0.075311758045673097,0.001,7.5311758045673092e-05,0.0095835842830493713,0.94872276569969916,0.94852103444369251,0.00021335939572708428
2021-03-02,conservative_adaptive,conservative,adaptive,0.0068097205767139179,0,0.001,0,0.0068097205767139179,0.95518330263888129,0.95498019764938968,0.00021335939572708428
2021-03-03,conservative_adaptive,conservative,adaptive,-0.010599280162892244,0,0.001,0,-0.010599280162892244,0.94505904720729506,0.94485809498448958,0.00021335939572708428
2021-03-04,conservative_adaptive,conservative,adaptive,-0.0067400729819999672,0,0.001,0,-0.0067400729819999672,0.93868928025681853,0.93848968246666065,0.00021335939572708428
2021-03-05,conservative_adaptive,conservative,adaptive,0.011458100077070377,0,0.001,0,0.011458100077070377,0.94944487597127436,0.9492429911696616,0.00021335939572708428
2021-03-08,conservative_adaptive,conservative,adaptive,-0.003255636339739576,0,0.001,0,-0.003255636339739576,0.94635382873048279,0.94615260119236655,0.00021335939572708428
2021-03-09,conservative_adaptive,conservative,adaptive,0.0079157262127587114,0,0.001,0,0.0079157262127587114,0.95384490653910925,0.95364208613889478,0.00021335939572708428
2021-03-10,conservative_adaptive,conservative,adaptive,0.0054304276660832596,0,0.001,0,0.0054304276660832596,0.95902469230873177,0.95882077050700476,0.00021335939572708428
2021-03-11,conservative_adaptive,conservative,adaptive,0.0017883751642979728,0,0.001,0,0.0017883751642979728,0.96073978825040518,0.96053550175999258,0.00021335939572708428
2021-03-12,conservative_adaptive,conservative,adaptive,0.0045446073909494178,0,0.001,0,0.0045446073909494178,0.96510597339286719,0.96490075850056034,0.00021335939572708428
2021-03-15,conservative_adaptive,conservative,adaptive,0.015078491302336294,0,0.001,0,0.015078491302336294,0.97965831541850434,0.97945000619522871,0.00021335939572708428
2021-03-16,conservative_adaptive,conservative,adaptive,0.0073942726962679117,0,0.001,0,0.0073942726962679117,0.98690217615187525,0.98669232663339757,0.00021335939572708428
2021-03-17,conservative_adaptive,conservative,adaptive,0.0011284885046805027,0,0.001,0,0.0011284885046805027,0.98801588391290684,0.98780579758165976,0.00021335939572708428
2021-03-18,conservative_adaptive,conservative,adaptive,-0.0059407142712607497,0,0.001,0,-0.0059407142712607497,0.98214636385111309,0.98193752558273228,0.00021335939572708428
2021-03-19,conservative_adaptive,conservative,adaptive,0.00252048212916689,0,0.001,0,0.00252048212916689,0.98462184620942605,0.98441248156792194,0.00021335939572708428
2021-03-22,conservative_adaptive,conservative,adaptive,0.002404128122552418,0,0.001,0,0.002404128122552418,0.98698900327997763,0.98677913529905104,0.00021335939572708428
2021-03-23,conservative_adaptive,conservative,adaptive,-0.003689993756729848,0,0.001,0,-0.003689993756729848,0.98334702001991348,0.98313792645052622,0.00021335939572708428
2021-03-24,conservative_adaptive,conservative,adaptive,-0.0048236153716644248,0,0.001,0,-0.0048236153716644248,0.97860373221846497,0.97839564723603323,0.00021335939572708428
2021-03-25,conservative_adaptive,conservative,adaptive,-0.00022564164177596435,0,0.001,0,-0.00022564164177596435,0.97838291846567915,0.97817488043588441,0.00021335939572708428
2021-03-26,conservative_adaptive,conservative,adaptive,0.019582763578876339,0,0.001,0,0.019582763578876339,0.99754235984760364,0.99733024785825597,0.00021335939572708428
2021-03-29,conservative_adaptive,conservative,adaptive,0.011671188968675139,0,0.001,0,0.011671188968675139,1.0091848652336433,1.0089702776451852,0.00021335939572708428
2021-03-30,conservative_adaptive,conservative,adaptive,-0.011283688182026408,0,0.001,0,-0.011283688182026408,0.99779753789632653,0.99758537164730432,0.00021335939572708428
2021-03-31,conservative_adaptive,conservative,adaptive,0.001217650405778814,0,0.001,0,0.001217650405778814,0.99901250647323114,0.99880008187988967,0.00021335939572708428
2021-04-01,conservative_adaptive,conservative,adaptive,0.007518232238683753,0.54419851336716274,0.001,0.00054419851336716277,0.0069740337253165899,1.0065233145062464,1.0057657473357691,0.000757557909094247
2021-04-05,conservative_adaptive,conservative,adaptive,0.015468304169417912,0,0.001,0,0.015468304169417912,1.0220925232886398,1.0213232378387407,0.0007575579090942471
2021-04-06,conservative_adaptive,conservative,adaptive,0.0023318749879555067,0,0.001,0,0.0023318749879555067,1.0244759152790728,1.0237048359516745,0.0007575579090942471
2021-04-07,conservative_adaptive,conservative,adaptive,-0.0037270879071019669,0,0.001,0,-0.0037270879071019669,1.0206576034841188,1.0198893980371573,0.0007575579090942471
2021-04-08,conservative_adaptive,conservative,adaptive,0.0027408606539811586,0,0.001,0,0.0027408606539811586,1.023455083750695,1.0226847727596498,0.0007575579090942471
2021-04-09,conservative_adaptive,conservative,adaptive,0.0014037560756516854,0,0.001,0,0.0014037560756516854,1.0248917650426668,1.0241203727228876,0.0007575579090942471
2021-04-12,conservative_adaptive,conservative,adaptive,0.0018675520095954301,0,0.001,0,0.0018675520095954301,1.02680580371809,1.0260329707830338,0.0007575579090942471
2021-04-13,conservative_adaptive,conservative,adaptive,0.0068007087520181031,0,0.001,0,0.0068007087520181031,1.0337888109340587,1.0330107221872971,0.0007575579090942471
2021-04-14,conservative_adaptive,conservative,adaptive,-0.0017856386548847913,0,0.001,0,-0.0017856386548847913,1.0319428376722675,1.031166138310849,0.0007575579090942471
2021-04-15,conservative_adaptive,conservative,adaptive,0.013111275945867806,0,0.001,0,0.013111275945867806,1.0454729249773504,1.0446860420962774,0.0007575579090942471
2021-04-16,conservative_adaptive,conservative,adaptive,0.0048817021453080311,0,0.001,0,0.0048817021453080311,1.0505766123980738,1.0497858881891522,0.0007575579090942471
2021-04-19,conservative_adaptive,conservative,adaptive,-0.0066571850347068029,0,0.001,0,-0.0066571850347068029,1.0435827294962043,1.042797269284653,0.0007575579090942471
2021-04-20,conservative_adaptive,conservative,adaptive,0.0048821459342247575,0,0.001,0,0.0048821459342247575,1.0486776526760415,1.0478883577331117,0.0007575579090942471
2021-04-21,conservative_adaptive,conservative,adaptive,0.0012346514128329655,0,0.001,0,0.0012346514128329655,1.0499724040215244,1.0491821345744781,0.0007575579090942471
2021-04-22,conservative_adaptive,conservative,adaptive,-0.0018917399674683866,0,0.001,0,-0.0018917399674683866,1.047986129260098,1.0471973547973497,0.0007575579090942471
2021-04-23,conservative_adaptive,conservative,adaptive,0.0010607530899218176,0,0.001,0,0.0010607530899218176,1.0490977837849058,1.048308172627209,0.0007575579090942471
2021-04-26,conservative_adaptive,conservative,adaptive,0.0027659018839951699,0,0.001,0,0.0027659018839951699,1.0519994853215717,1.0512076901768861,0.0007575579090942471
2021-04-27,conservative_adaptive,conservative,adaptive,-0.0013396031844169487,0,0.001,0,-0.0013396031844169487,1.05059022346103,1.0497994890076416,0.0007575579090942471
2021-04-28,conservative_adaptive,conservative,adaptive,0.00029512190550140538,0,0.001,0,0.00029512190550140538,1.050900275649679,1.050109307833232,0.0007575579090942471
2021-04-29,conservative_adaptive,conservative,adaptive,0.010874910070157062,0,0.001,0,0.010874910070157062,1.0623287216400725,1.0615291521197532,0.0007575579090942471
2021-04-30,conservative_adaptive,conservative,adaptive,0.0027891909378299218,0,0.001,0,0.0027891909378299218,1.0652917592834674,1.0644899596110879,0.0007575579090942471
2021-05-03,conservative_adaptive,conservative,adaptive,0.010394590383960844,0.2269227982973632,0.001,0.0002269227982973632,0.010167667585663481,1.0763650307606281,1.0753133396686898,0.00098448070739161038
2021-05-04,conservative_adaptive,conservative,adaptive,-0.0039193253918732296,0,0.001,0,-0.0039193253918732296,1.0721464059646435,1.0710988367923062,0.00098448070739161038
2021-05-05,conservative_adaptive,conservative,adaptive,0.01047871896279351,0,0.001,0,0.01047871896279351,1.0833811268397162,1.0823225804844279,0.00098448070739161038
2021-05-06,conservative_adaptive,conservative,adaptive,0.017416041174808772,0,0.001,0,0.017416041174808772,1.1022493371527675,1.1011723551105699,0.00098448070739161038
2021-05-07,conservative_adaptive,conservative,adaptive,-0.00109784210729158,0,0.001,0,-0.00109784210729158,1.101039241417707,1.0999634417317441,0.00098448070739161038
2021-05-10,conservative_adaptive,conservative,adaptive,0.0029397390434804382,0,0.001,0,0.0029397390434804382,1.1042760094641066,1.1031970472078041,0.00098448070739161038
2021-05-11,conservative_adaptive,conservative,adaptive,0.0047038995544583795,0,0.001,0,0.0047038995544583795,1.1094704128930239,1.1083863753066447,0.00098448070739161038
2021-05-12,conservative_adaptive,conservative,adaptive,-0.033589497621918762,0,0.001,0,-0.033589497621918762,1.0722038590975644,1.071156233789115,0.00098448070739161038
2021-05-13,conservative_adaptive,conservative,adaptive,0.01835538601687392,0,0.001,0,0.01835538601687392,1.0918845748200821,1.0908177199446949,0.00098448070739161038
2021-05-14,conservative_adaptive,conservative,adaptive,0.0091290041237179764,0,0.001,0,0.0091290041237179764,1.1018523936062385,1.1007757994082947,0.00098448070739161038
2021-05-17,conservative_adaptive,conservative,adaptive,-0.0045856651967616235,0,0.001,0,-0.0045856651967616235,1.0967996674329099,1.0957280101355107,0.00098448070739161038
2021-05-18,conservative_adaptive,conservative,adaptive,0.0022431722512898933,0,0.001,0,0.0022431722512898933,1.0992599780121195,1.0981859168028079,0.00098448070739161038
2021-05-19,conservative_adaptive,conservative,adaptive,-0.021854896410338442,0,0.001,0,-0.021854896410338442,1.0752357650646338,1.0741851773517899,0.00098448070739161038
2021-05-20,conservative_adaptive,conservative,adaptive,0.016462849598468221,0,0.001,0,0.016462849598468221,1.0929372097477867,1.0918693263674364,0.00098448070739161038
2021-05-21,conservative_adaptive,conservative,adaptive,-0.009341928190084392,0,0.001,0,-0.009341928190084392,1.0827270688180517,1.081669161527556,0.00098448070739161038
2021-05-24,conservative_adaptive,conservative,adaptive,0.011917985999556624,0,0.001,0,0.011917985999556624,1.0956309948655663,1.0945604794507935,0.00098448070739161038
2021-05-25,conservative_adaptive,conservative,adaptive,-0.0027417198242000174,0,0.001,0,-0.0027417198242000174,1.0926270816469354,1.0915595012854973,0.00098448070739161038
2021-05-26,conservative_adaptive,conservative,adaptive,0.0056832183044051021,0,0.001,0,0.0056832183044051021,1.09883671987724,1.0977630722235503,0.00098448070739161038
2021-05-27,conservative_adaptive,conservative,adaptive,-0.005630336375014422,0,0.001,0,-0.005630336375014422,1.0926498995231135,1.0915822968668625,0.00098448070739161038
2021-05-28,conservative_adaptive,conservative,adaptive,-0.0038136666193108182,0,0.001,0,-0.0038136666193108182,1.0884828970747089,1.0874193658990707,0.00098448070739161038
2021-06-01,conservative_adaptive,conservative,adaptive,-0.0022589363689540232,0.24378371580635169,0.001,0.00024378371580635169,-0.0025027200847603749,1.0860240834715225,1.0846978596114778,0.0012282644231979621
2021-06-02,conservative_adaptive,conservative,adaptive,0.0031626481656190641,0,0.001,0,0.0031626481656190641,1.0894587955469317,1.0881283773074291,0.0012282644231979621
2021-06-03,conservative_adaptive,conservative,adaptive,0.0043805783062500492,0,0.001,0,0.0043805783062500492,1.0942312551122579,1.0928950088714771,0.0012282644231979621
2021-06-04,conservative_adaptive,conservative,adaptive,0.00272604960329903,0,0.001,0,0.00272604960329903,1.0972141837911742,1.0958742948768587,0.0012282644231979621
2021-06-07,conservative_adaptive,conservative,adaptive,-0.0002416177918541651,0,0.001,0,-0.0002416177918541651,1.0969490773228956,1.0956095121495808,0.0012282644231979621
2021-06-08,conservative_adaptive,conservative,adaptive,-0.0049395141324604097,0,0.001,0,-0.0049395141324604097,1.0915306818528698,1.0901977334806598,0.0012282644231979621
2021-06-09,conservative_adaptive,conservative,adaptive,0.0025457925190282005,0,0.001,0,0.0025457925190282005,1.0943094924970207,1.0929731507148164,0.0012282644231979621
2021-06-10,conservative_adaptive,conservative,adaptive,0.0040395044627543619,0,0.001,0,0.0040395044627543619,1.0987299605755969,1.0973882206347996,0.0012282644231979621
2021-06-11,conservative_adaptive,conservative,adaptive,0.0011567872287137071,0,0.001,0,0.0011567872287137071,1.1000009573617959,1.0986576653133708,0.0012282644231979621
2021-06-14,conservative_adaptive,conservative,adaptive,0.00088355184429111944,0,0.001,0,0.00088355184429111944,1.100972865236395,1.0996283863198031,0.0012282644231979621
2021-06-15,conservative_adaptive,conservative,adaptive,-0.0014052576165224373,0,0.001,0,-0.0014052576165224373,1.0994257147319371,1.0980831251545828,0.0012282644231979621
2021-06-16,conservative_adaptive,conservative,adaptive,-0.012614191992936452,0,0.001,0,-0.012614191992936452,1.085557347684337,1.0842316937896792,0.0012282644231979621
2021-06-17,conservative_adaptive,conservative,adaptive,0.0017736164027672974,0,0.001,0,0.0017736164027672974,1.0874827100023345,1.0861547049061848,0.0012282644231979621
2021-06-18,conservative_adaptive,conservative,adaptive,-0.013477231320972227,0,0.001,0,-0.013477231320972227,1.0728264539620753,1.0715163466978019,0.0012282644231979621
2021-06-21,conservative_adaptive,conservative,adaptive,0.012629312193903397,0,0.001,0,0.012629312193903397,1.0863755141790408,1.0850488611611193,0.0012282644231979621
2021-06-22,conservative_adaptive,conservative,adaptive,-0.0015823448907209547,0,0.001,0,-0.0015823448907209547,1.0846564934347751,1.0833319396394785,0.0012282644231979621
2021-06-23,conservative_adaptive,conservative,adaptive,-0.0060770888916722443,0,0.001,0,-0.0060770888916722443,1.0780649395072424,1.0767484351431016,0.0012282644231979621
2021-06-24,conservative_adaptive,conservative,adaptive,0.001477809192296009,0,0.001,0,0.001477809192296009,1.0796581137847383,1.0783396638783465,0.0012282644231979621
2021-06-25,conservative_adaptive,conservative,adaptive,0.017759082880780319,0,0.001,0,0.017759082880780319,1.0988318517103484,1.0974899873427948,0.0012282644231979621
2021-06-28,conservative_adaptive,conservative,adaptive,0.00051302176322232107,0,0.001,0,0.00051302176322232107,1.0993955763643977,1.0980530235912203,0.0012282644231979621
2021-06-29,conservative_adaptive,conservative,adaptive,-0.0041118551041116058,0,0.001,0,-0.0041118551041116058,1.094875021052286,1.0935379886615815,0.0012282644231979621
2021-06-30,conservative_adaptive,conservative,adaptive,0.0064392176816721047,0,0.001,0,0.0064392176816721047,1.1019251596470669,1.1005795178137512,0.0012282644231979621
2021-07-01,conservative_adaptive,conservative,adaptive,0.0050608990124563213,0.3221525704272466,0.001,0.00032215257042724659,0.0047387464420290751,1.1075018915993255,1.1057948850879611,0.0015504169936252086
2021-07-02,conservative_adaptive,conservative,adaptive,0.0045477831726603579,0,0.001,0,0.0045477831726603579,1.1125385700656305,1.110823800458778,0.0015504169936252086
2021-07-06,conservative_adaptive,conservative,adaptive,-0.0011690366223011672,0,0.001,0,-0.0011690366223011672,1.1112379717335013,1.109525206755118,0.0015504169936252086
2021-07-07,conservative_adaptive,conservative,adaptive,0.0026517883279815191,0,0.001,0,0.0026517883279815191,1.1141847396165541,1.1124674327479924,0.0015504169936252086
2021-07-08,conservative_adaptive,conservative,adaptive,-0.0062301002401996541,0,0.001,0,-0.0062301002401996541,1.1072432570026423,1.105536649128015,0.0015504169936252086
2021-07-09,conservative_adaptive,conservative,adaptive,0.0079166150876424091,0,0.001,0,0.0079166150876424091,1.1160088756767197,1.1142887572444435,0.0015504169936252086
2021-07-12,conservative_adaptive,conservative,adaptive,0.0029715149536120311,0,0.001,0,0.0029715149536120311,1.1193251127391568,1.1175998829492371,0.0015504169936252086
2021-07-13,conservative_adaptive,conservative,adaptive,-0.0027094484020924181,0,0.001,0,-0.0027094484020924181,1.1162923591010239,1.1145718037322017,0.0015504169936252086
2021-07-14,conservative_adaptive,conservative,adaptive,0.0035948345283971506,0,0.001,0,0.0035948345283971506,1.1203052454173061,1.1185785049366361,0.0015504169936252086
2021-07-15,conservative_adaptive,conservative,adaptive,0.0041288843149114296,0,0.001,0,0.0041288843149114296,1.1249308561730227,1.1231969861806661,0.0015504169936252086
2021-07-16,conservative_adaptive,conservative,adaptive,0.00061971726274956396,0,0.001,0,0.00061971726274956396,1.1256279952439927,1.1238930507424705,0.0015504169936252086
2021-07-19,conservative_adaptive,conservative,adaptive,-0.010925920805416989,0,0.001,0,-0.010925920805416989,1.1133294729115966,1.1116134842762997,0.0015504169936252086
2021-07-20,conservative_adaptive,conservative,adaptive,0.0054412076857681679,0,0.001,0,0.0054412076857681679,1.1193873297963954,1.1176620041105474,0.0015504169936252086
2021-07-21,conservative_adaptive,conservative,adaptive,-0.0029449530563165904,0,0.001,0,-0.0029449530563165904,1.1160907866583094,1.1143705419756131,0.0015504169936252086
2021-07-22,conservative_adaptive,conservative,adaptive,0.0027111964527248844,0,0.001,0,0.0027111964527248844,1.1191167280400163,1.1173918194360386,0.0015504169936252086
2021-07-23,conservative_adaptive,conservative,adaptive,0.011961081483942593,0,0.001,0,0.011961081483942593,1.1325025744141461,1.1307570340378039,0.0015504169936252086
2021-07-26,conservative_adaptive,conservative,adaptive,0.00025793338134327826,0,0.001,0,0.00025793338134327826,1.1327946846325447,1.1310486940230711,0.0015504169936252086
2021-07-27,conservative_adaptive,conservative,adaptive,0.0018049303105296399,0,0.001,0,0.0018049303105296399,1.1348393000944448,1.1330901580935984,0.0015504169936252086
2021-07-28,conservative_adaptive,conservative,adaptive,-0.00027127541931382115,0,0.001,0,-0.00027127541931382115,1.1345314460874578,1.1327827785858411,0.0015504169936252086
2021-07-29,conservative_adaptive,conservative,adaptive,0.0028024125324566107,0,0.001,0,0.0028024125324566107,1.1377108712304393,1.135957303241101,0.0015504169936252086
2021-07-30,conservative_adaptive,conservative,adaptive,-0.0030686746204847681,0,0.001,0,-0.0030686746204847681,1.1342196067544448,1.1324714198946908,0.0015504169936252086
2021-08-02,conservative_adaptive,conservative,adaptive,0.0012882745531939133,0.096736099023255195,0.001,9.6736099023255202e-05,0.0011915384541706581,1.1356807930115602,1.1338208031397448,0.0016471530926484637
2021-08-03,conservative_adaptive,conservative,adaptive,0.0049628798150334053,0,0.001,0,0.0049628798150334053,1.1413170402955184,1.139447819517512,0.0016471530926484637
2021-08-04,conservative_adaptive,conservative,adaptive,-0.0030719835908932236,0,0.001,0,-0.0030719835908932236,1.1378109330757238,1.1359474545132751,0.0016471530926484637
2021-08-05,conservative_adaptive,conservative,adaptive,0.0044566147398115152,0,0.001,0,0.0044566147398115152,1.1428817180511877,1.1410099346827103,0.0016471530926484637
2021-08-06,conservative_adaptive,conservative,adaptive,-0.0022360777517703712,0,0.001,0,-0.0022360777517703712,1.1403261456685483,1.1384585477532172,0.0016471530926484637
2021-08-09,conservative_adaptive,conservative,adaptive,0.0031568949020082115,0,0.001,0,0.0031568949020082115,1.1439260354644361,1.142052541738767,0.0016471530926484637
2021-08-10,conservative_adaptive,conservative,adaptive,0.0062654790766925039,0,0.001,0,0.0062654790766925039,1.1510932801049223,1.1492080480435147,0.0016471530926484637
2021-08-11,conservative_adaptive,conservative,adaptive,0.0093338151552442294,0,0.001,0,0.0093338151552442294,1.1618373720078654,1.1599345435388719,0.0016471530926484637
2021-08-12,conservative_adaptive,conservative,adaptive,0.0021289892128262267,0,0.001,0,0.0021289892128262267,1.1643109112399286,1.1624040316696507,0.0016471530926484637
2021-08-13,conservative_adaptive,conservative,adaptive,0.0079866153538725726,0,0.001,0,0.0079866153538725726,1.1736098146403187,1.1716877055563868,0.0016471530926484637
2021-08-16,conservative_adaptive,conservative,adaptive,0.0051299103378383837,0,0.001,0,0.0051299103378383837,1.1796303277610307,1.1776983584298386,0.0016471530926484637
2021-08-17,conservative_adaptive,conservative,adaptive,-0.0025599705309780063,0,0.001,0,-0.0025599705309780063,1.1766105088845145,1.1746834853378771,0.0016471530926484637
2021-08-18,conservative_adaptive,conservative,adaptive,-0.0078605690135787887,0,0.001,0,-0.0078605690135787887,1.1673616807773257,1.1654498047322674,0.0016471530926484637
2021-08-19,conservative_adaptive,conservative,adaptive,0.0029408100189833863,0,0.001,0,0.0029408100189833863,1.1707946697039329,1.1688771711946464,0.0016471530926484637
2021-08-20,conservative_adaptive,conservative,adaptive,0.0090319495385535742,0,0.001,0,0.0090319495385535742,1.1813692280807062,1.1794344108216437,0.0016471530926484637
2021-08-23,conservative_adaptive,conservative,adaptive,-0.00017182584764097175,0,0.001,0,-0.00017182584764097175,1.1811662383117143,1.1792317535042673,0.0016471530926484637
2021-08-24,conservative_adaptive,conservative,adaptive,-0.0081791340328352113,0,0.001,0,-0.0081791340328352113,1.1715053213335029,1.1695866589365806,0.0016471530926484637
2021-08-25,conservative_adaptive,conservative,adaptive,-0.0013835976421692209,0,0.001,0,-0.0013835976421692209,1.1698844293331172,1.1679684215929633,0.0016471530926484637
2021-08-26,conservative_adaptive,conservative,adaptive,-0.0071869770051388171,0,0.001,0,-0.0071869770051388171,1.1614764968408302,1.1595742594042464,0.0016471530926484637
2021-08-27,conservative_adaptive,conservative,adaptive,0.006378112729859664,0,0.001,0,0.006378112729859664,1.1688845248707636,1.1669701547493703,0.0016471530926484637
2021-08-30,conservative_adaptive,conservative,adaptive,0.003485587139991031,0,0.001,0,0.003485587139991031,1.1729587737387877,1.171037730913518,0.0016471530926484637
2021-08-31,conservative_adaptive,conservative,adaptive,0.0031411254701299018,0,0.001,0,0.0031411254701299018,1.1766431844183909,1.1747161073565737,0.0016471530926484637
2021-09-01,conservative_adaptive,conservative,adaptive,0.0083054987696729032,0.032145769367769,0.001,3.2145769367769002e-05,0.008273353000305135,1.1864157929389219,1.1844349483878791,0.0016792988620162328
2021-09-02,conservative_adaptive,conservative,adaptive,0.006906548033072557,0,0.001,0,0.006906548033072557,1.1946098306000503,1.1926153052509698,0.0016792988620162328
2021-09-03,conservative_adaptive,conservative,adaptive,0.0017765122865751604,0,0.001,0,0.0017765122865751604,1.1967320696417747,1.1947340009939058,0.0016792988620162328
2021-09-07,conservative_adaptive,conservative,adaptive,-0.024493026152170749,0,0.001,0,-0.024493026152170749,1.1674204797628973,1.1654713498626745,0.0016792988620162328
2021-09-08,conservative_adaptive,conservative,adaptive,0.0029858718133057849,0,0.001,0,0.0029858718133057849,1.1709062476676972,1.1689512979154448,0.0016792988620162328
2021-09-09,conservative_adaptive,conservative,adaptive,-0.0057777943167925949,0,0.001,0,-0.0057777943167925949,1.1641409922044259,1.1621973377497417,0.0016792988620162328
2021-09-10,conservative_adaptive,conservative,adaptive,-0.0034807856623896294,0,0.001,0,-0.0034807856623896294,1.1600888669297607,1.158151977919635,0.0016792988620162328
2021-09-13,conservative_adaptive,conservative,adaptive,-0.0044236180121689506,0,0.001,0,-0.0044236180121689506,1.1549570769222934,1.1530287559692807,0.0016792988620162328
2021-09-14,conservative_adaptive,conservative,adaptive,-0.0015486406368445671,0,0.001,0,-0.0015486406368445671,1.1531684634591604,1.1512431287823364,0.0016792988620162328
2021-09-15,conservative_adaptive,conservative,adaptive,0.0029857637724060027,0,0.001,0,0.0029857637724060027,1.1566115520808378,1.154680468809486,0.0016792988620162328
2021-09-16,conservative_adaptive,conservative,adaptive,-0.0063267866780748472,0,0.001,0,-0.0063267866780748472,1.1492939175214252,1.147375051801989,0.0016792988620162328
2021-09-17,conservative_adaptive,conservative,adaptive,-0.013358145433476021,0,0.001,0,-0.013358145433476021,1.1339414822253646,1.1320482489932759,0.0016792988620162328
2021-09-20,conservative_adaptive,conservative,adaptive,-0.016491518274884043,0,0.001,0,-0.016491518274884043,1.1152410655485958,1.1133790546069529,0.0016792988620162328
2021-09-21,conservative_adaptive,conservative,adaptive,-0.0066383321923320082,0,0.001,0,-0.0066383321923320082,1.1078377248809539,1.1059880745864874,0.0016792988620162328
2021-09-22,conservative_adaptive,conservative,adaptive,0.0078415533160691719,0,0.001,0,0.0078415533160691719,1.1165248934661607,1.1146607390402941,0.0016792988620162328
2021-09-23,conservative_adaptive,conservative,adaptive,0.0046224947619868395,0,0.001,0,0.0046224947619868395,1.1216860239378359,1.1198132524679001,0.0016792988620162328
2021-09-24,conservative_adaptive,conservative,adaptive,-0.012025606994106042,0,0.001,0,-0.012025606994106042,1.1081970686431781,1.1063468183869294,0.0016792988620162328
2021-09-27,conservative_adaptive,conservative,adaptive,-0.0084495480809924084,0,0.001,0,-0.0084495480809924084,1.0988333042284628,1.0969986877507161,0.0016792988620162328
2021-09-28,conservative_adaptive,conservative,adaptive,-0.0096163190914746455,0,0.001,0,-0.0096163190914746455,1.0882665725466625,1.0864495983263762,0.0016792988620162328
2021-09-29,conservative_adaptive,conservative,adaptive,0.011037899864596579,0,0.001,0,0.011037899864596579,1.1002787500004203,1.098441720200634,0.0016792988620162328
2021-09-30,conservative_adaptive,conservative,adaptive,-0.0052783319034184206,0,0.001,0,-0.0052783319034184206,1.0944711135716398,1.0926437802248532,0.0016792988620162328
2021-10-01,conservative_adaptive,conservative,adaptive,0.0087445606285196931,0.3379441858852355,0.001,0.0003379441858852355,0.0084066164426344573,1.1040417825804305,1.1018292173936337,0.0020172430479014681
2021-10-04,conservative_adaptive,conservative,adaptive,-0.0019979199220839794,0,0.001,0,-0.0019979199220839794,1.1018359955082,1.0996278508494688,0.0020172430479014681
2021-10-05,conservative_adaptive,conservative,adaptive,0.0083576384037165052,0,0.001,0,0.0083576384037165052,1.1110447423388565,1.1088181428055246,0.0020172430479014681
2021-10-06,conservative_adaptive,conservative,adaptive,0.0016328052127529968,0,0.001,0,0.0016328052127529968,1.1128588619857491,1.1106286268490926,0.0020172430479014681
2021-10-07,conservative_adaptive,conservative,adaptive,0.0076497372645936146,0,0.001,0,0.0076497372645936146,1.1213719398925148,1.1191246440430245,0.0020172430479014681
2021-10-08,conservative_adaptive,conservative,adaptive,-0.0029854924594028276,0,0.001,0,-0.0029854924594028276,1.1180240924217797,1.1157835058571022,0.0020172430479014681
2021-10-11,conservative_adaptive,conservative,adaptive,-0.006853402130195585,0,0.001,0,-0.006853402130195585,1.1103618237251662,1.1081365928012241,0.0020172430479014681
2021-10-12,conservative_adaptive,conservative,adaptive,0.0009491158614360895,0,0.001,0,0.0009491158614360895,1.111415685743997,1.1091883428180895,0.0020172430479014681
2021-10-13,conservative_adaptive,conservative,adaptive,0.0045371605734862985,0,0.001,0,0.0045371605734862985,1.1164583571741089,1.1142209084356944,0.0020172430479014681
2021-10-14,conservative_adaptive,conservative,adaptive,0.0079679864402328882,0,0.001,0,0.0079679864402328882,1.125354282225157,1.1230990055255341,0.0020172430479014681
2021-10-15,conservative_adaptive,conservative,adaptive,0.0042029663391873751,0,0.001,0,0.0042029663391873751,1.1300841083930098,1.1278193528413327,0.0020172430479014681
2021-10-18,conservative_adaptive,conservative,adaptive,-0.0034495942838616012,0,0.001,0,-0.0034495942838616012,1.1261857767124144,1.1239288336485427,0.0020172430479014681
2021-10-19,conservative_adaptive,conservative,adaptive,0.0070275490508973082,0,0.001,0,0.0070275490508973082,1.1341001024986836,1.1318272986567257,0.0020172430479014681
2021-10-20,conservative_adaptive,conservative,adaptive,0.011863381167806164,0,0.001,0,0.011863381167806164,1.1475543642970736,1.1452545973168189,0.0020172430479014681
2021-10-21,conservative_adaptive,conservative,adaptive,0.0052669060689640723,0,0.001,0,0.0052669060689640723,1.1535984253428559,1.1512865457059358,0.0020172430479014681
2021-10-22,conservative_adaptive,conservative,adaptive,0.0017778254932270254,0,0.001,0,0.0017778254932270254,1.1556493220323771,1.153333332276901,0.0020172430479014681
2021-10-25,conservative_adaptive,conservative,adaptive,0.0062085328488712399,0,0.001,0,0.0062085328488712399,1.1628242088099909,1.1604938401560403,0.0020172430479014681
2021-10-26,conservative_adaptive,conservative,adaptive,0.0051471621863969919,0,0.001,0,0.0051471621863969919,1.1688094536070046,1.1664670901676382,0.0020172430479014681
2021-10-27,conservative_adaptive,conservative,adaptive,-0.011878532820668419,0,0.001,0,-0.011878532820668419,1.1549257121512262,1.1526111725528523,0.0020172430479014681
2021-10-28,conservative_adaptive,conservative,adaptive,0.011646923092619943,0,0.001,0,0.011646923092619943,1.1683770430983409,1.1660355462352698,0.0020172430479014681
2021-10-29,conservative_adaptive,conservative,adaptive,-0.0049568564221476041,0,0.001,0,-0.0049568564221476041,1.1625855658487692,1.1602556754494611,0.0020172430479014681
2021-11-01,conservative_adaptive,conservative,adaptive,0.00033259851883649105,0.30881200121158819,0.001,0.00030881200121158823,2.3786517624902826e-05,1.1629722400859912,1.1602832738915345,0.0023260550491130566
2021-11-02,conservative_adaptive,conservative,adaptive,0.0050511913781332574,0,0.001,0,0.0050511913781332574,1.168846635438122,1.1661440867608077,0.0023260550491130566
2021-11-03,conservative_adaptive,conservative,adaptive,0.0053677559254676765,0,0.001,0,0.0053677559254676765,1.1751207188914579,1.1724036635924671,0.0023260550491130566
2021-11-04,conservative_adaptive,conservative,adaptive,0.0019633337968500975,0,0.001,0,0.0019633337968500975,1.1774278731142362,1.1747054833287491,0.0023260550491130566
2021-11-05,conservative_adaptive,conservative,adaptive,-0.010699329064927654,0,0.001,0,-0.010699329064927654,1.1648301848495692,1.1621369228082399,0.0023260550491130566
2021-11-08,conservative_adaptive,conservative,adaptive,0.0025537528956003364,0,0.001,0,0.0025537528956003364,1.1678048733070114,1.1651047333399456,0.0023260550491130566
2021-11-09,conservative_adaptive,conservative,adaptive,0.007815676265769067,0,0.001,0,0.007815676265769067,1.1769320581383664,1.1742108147514458,0.0023260550491130566
2021-11-10,conservative_adaptive,conservative,adaptive,0.00053186924774162314,0,0.001,0,0.00053186924774162314,1.1775580321067716,1.1748353413741777,0.0023260550491130566
2021-11-11,conservative_adaptive,conservative,adaptive,0.002109801926141408,0,0.001,0,0.002109801926141408,1.1800424463110537,1.177314011240308,0.0023260550491130566
2021-11-12,conservative_adaptive,conservative,adaptive,0.0055634881646520196,0,0.001,0,0.0055634881646520196,1.1866075984948923,1.1838639838079223,0.0023260550491130566
2021-11-15,conservative_adaptive,conservative,adaptive,-0.0027282076338781547,0,0.001,0,-0.0027282076338781547,1.1833702865862608,1.1806341570498242,0.0023260550491130566
2021-11-16,conservative_adaptive,conservative,adaptive,-0.0053206237331026029,0,0.001,0,-0.0053206237331026029,1.1770740185544015,1.1743524469337134,0.0023260550491130566
2021-11-17,conservative_adaptive,conservative,adaptive,-0.0058508564871856406,0,0.001,0,-0.0058508564871856406,1.1701871273970448,1.1674814793013291,0.0023260550491130566
2021-11-18,conservative_adaptive,conservative,adaptive,-0.005004955207740025,0,0.001,0,-0.005004955207740025,1.1643303932397486,1.1616382867915598,0.0023260550491130566
2021-11-19,conservative_adaptive,conservative,adaptive,-0.0023314351470735684,0,0.001,0,-0.0023314351470735684,1.1616158324381436,1.1589300024615476,0.0023260550491130566
2021-11-22,conservative_adaptive,conservative,adaptive,-0.0012061980420088325,0,0.001,0,-0.0012061980420088325,1.1602146936954902,1.1575321033617532,0.0023260550491130566
2021-11-23,conservative_adaptive,conservative,adaptive,0.0047559331456816789,0,0.001,0,0.0047559331456816789,1.1657325972133434,1.1630372486593219,0.0023260550491130566
2021-11-24,conservative_adaptive,conservative,adaptive,-0.0023122286783987533,0,0.001,0,-0.0023122286783987533,1.1630371568707225,1.1603480405789259,0.0023260550491130566
2021-11-26,conservative_adaptive,conservative,adaptive,-0.017138055193222201,0,0.001,0,-0.017138055193222201,1.1431049618845039,1.1404619318161371,0.0023260550491130566
2021-11-29,conservative_adaptive,conservative,adaptive,0.008014278067498104,0,0.001,0,0.008014278067498104,1.1522661229093831,1.1496019108631077,0.0023260550491130566
2021-11-30,conservative_adaptive,conservative,adaptive,-0.016363630572523546,0,0.001,0,-0.016363630572523546,1.1334108657528599,1.1307902498882767,0.0023260550491130566
2021-12-01,conservative_adaptive,conservative,adaptive,-0.0053025733900540217,0.35569296400966949,0.001,0.00035569296400966952,-0.005658266354063691,1.1274008714561208,1.1243919374638305,0.0026817480131227259
2021-12-02,conservative_adaptive,conservative,adaptive,0.020477212904803199,0,0.001,0,0.020477212904803199,1.1504868991299884,1.1474163505557216,0.0026817480131227259
2021-12-03,conservative_adaptive,conservative,adaptive,0.00093561895384608462,0,0.001,0,0.00093561895384608462,1.151563316478966,1.1484898950412543,0.0026817480131227259
2021-12-06,conservative_adaptive,conservative,adaptive,0.0094253676183415624,0,0.001,0,0.0094253676183415624,1.162417224072577,1.1593148345079687,0.0026817480131227259
2021-12-07,conservative_adaptive,conservative,adaptive,0.002881429853921702,0,0.001,0,0.002881429853921702,1.1657666477647324,1.1626553188822142,0.0026817480131227259
2021-12-08,conservative_adaptive,conservative,adaptive,0.0041482381779989197,0,0.001,0,0.0041482381779989197,1.170602525479628,1.167478290063855,0.0026817480131227259
2021-12-09,conservative_adaptive,conservative,adaptive,-0.004868915144493613,0,0.001,0,-0.004868915144493613,1.1649029611151378,1.1617939373364956,0.0026817480131227259
2021-12-10,conservative_adaptive,conservative,adaptive,0.0043896428086647177,0,0.001,0,0.0043896428086647177,1.1700164690211892,1.1668937977386751,0.0026817480131227259
2021-12-13,conservative_adaptive,conservative,adaptive,-0.0024461164961268045,0,0.001,0,-0.0024461164961268045,1.1671544724355765,1.1640394395707985,0.0026817480131227259
2021-12-14,conservative_adaptive,conservative,adaptive,-0.0032046987653859826,0,0.001,0,-0.0032046987653859826,1.1634140939387474,1.1603090438159454,0.0026817480131227259
2021-12-15,conservative_adaptive,conservative,adaptive,0.013690983580372462,0,0.001,0,0.013690983580372462,1.1793423771960367,1.1761948158829871,0.0026817480131227259
2021-12-16,conservative_adaptive,conservative,adaptive,0.0058751165893264901,0,0.001,0,0.0058751165893264901,1.1862711511607968,1.183105097558061,0.0026817480131227259
2021-12-17,conservative_adaptive,conservative,adaptive,-0.01241664417132804,0,0.001,0,-0.01241664417132804,1.1715416443861215,1.1684149025443982,0.0026817480131227259
2021-12-20,conservative_adaptive,conservative,adaptive,-0.00048212093000399303,0,0.001,0,-0.00048212093000399303,1.1709768196389916,1.1678515852649529,0.0026817480131227259
2021-12-21,conservative_adaptive,conservative,adaptive,0.0027566659047530973,0,0.001,0,0.0027566659047530973,1.1742048115129466,1.1710709619118647,0.0026817480131227259
2021-12-22,conservative_adaptive,conservative,adaptive,0.0098929281673325598,0,0.001,0,0.0098929281673325598,1.1858211353669805,1.1826562828169078,0.0026817480131227259
2021-12-23,conservative_adaptive,conservative,adaptive,0.0039802522542016217,0,0.001,0,0.0039802522542016217,1.1905410026141048,1.1873635531525355,0.0026817480131227259
2021-12-27,conservative_adaptive,conservative,adaptive,0.013760763252727237,0,0.001,0,0.013760763252727237,1.206923755493742,1.2037025819023845,0.0026817480131227259
2021-12-28,conservative_adaptive,conservative,adaptive,-0.0015144630216488153,0,0.001,0,-0.0015144630216488153,1.2050959140960973,1.2018796188530301,0.0026817480131227259
2021-12-29,conservative_adaptive,conservative,adaptive,0.002163626608618463,0,0.001,0,0.002163626608618463,1.2077032916817729,1.2044800375767366,0.0026817480131227259
2021-12-30,conservative_adaptive,conservative,adaptive,7.6526467474025139e-05,0,0.001,0,7.6526467474025139e-05,1.207795712948442,1.2045722121791553,0.0026817480131227259
2021-12-31,conservative_adaptive,conservative,adaptive,-0.0032525078375039707,0,0.001,0,-0.0032525078375039707,1.2038673479259736,1.2006543316182032,0.0026817480131227259
2022-01-03,conservative_adaptive,conservative,adaptive,-0.0076120421721903586,0.12536381168591931,0.001,0.00012536381168591932,-0.0077374059838762783,1.1947034589038381,1.1913643816081736,0.0028071118248086451
2022-01-04,conservative_adaptive,conservative,adaptive,-0.0014927502116274249,0,0.001,0,-0.0014927502116274249,1.1929200650627274,1.1895859721754025,0.0028071118248086451
2022-01-05,conservative_adaptive,conservative,adaptive,-0.0054868024863575782,0,0.001,0,-0.0054868024863575782,1.1863747482837155,1.1830589489055343,0.0028071118248086451
2022-01-06,conservative_adaptive,conservative,adaptive,-0.004030124865849416,0,0.001,0,-0.004030124865849416,1.1815935099104415,1.1782910736177845,0.0028071118248086451
2022-01-07,conservative_adaptive,conservative,adaptive,-0.007033271435776367,0,0.001,0,-0.007033271435776367,1.1732830420284897,1.1700038326666782,0.0028071118248086451
2022-01-10,conservative_adaptive,conservative,adaptive,-0.0025212164346165578,0,0.001,0,-0.0025212164346165578,1.1703249415404706,1.1670539997751945,0.0028071118248086451
2022-01-11,conservative_adaptive,conservative,adaptive,0.0085714532631568918,0,0.001,0,0.0085714532631568918,1.1803563270795916,1.1770573485898479,0.0028071118248086451
2022-01-12,conservative_adaptive,conservative,adaptive,0.0025550804396190507,0,0.001,0,0.0025550804396190507,1.1833722324426932,1.1800648247975396,0.0028071118248086451
2022-01-13,conservative_adaptive,conservative,adaptive,-0.010733270361640956,0,0.001,0,-0.010733270361640956,1.1706707783334271,1.1673988699887252,0.0028071118248086451
2022-01-14,conservative_adaptive,conservative,adaptive,-0.0044034102206076398,0,0.001,0,-0.0044034102206076398,1.1655158346631471,1.162258333873091,0.0028071118248086451
2022-01-18,conservative_adaptive,conservative,adaptive,-0.0052968573993036339,0,0.001,0,-0.0052968573993036339,1.1593422634903061,1.156102017217413,0.0028071118248086451
2022-01-19,conservative_adaptive,conservative,adaptive,-0.0057206317038551724,0,0.001,0,-0.0057206317038551724,1.1527100933821643,1.1494883833648282,0.0028071118248086451
2022-01-20,conservative_adaptive,conservative,adaptive,-0.011764165016699191,0,0.001,0,-0.011764165016699191,1.1391494216272018,1.1359656123381456,0.0028071118248086451
2022-01-21,conservative_adaptive,conservative,adaptive,-0.007058591350595389,0,0.001,0,-0.007058591350595389,1.1311086313726684,1.1279472952923217,0.0028071118248086451
2022-01-24,conservative_adaptive,conservative,adaptive,-0.0021524764434968091,0,0.001,0,-0.0021524764434968091,1.1286739466886029,1.125519415309699,0.0028071118248086451
2022-01-25,conservative_adaptive,conservative,adaptive,0.00096077566107211076,0,0.001,0,0.00096077566107211076,1.1297583491458676,1.1266007869699928,0.0028071118248086451
2022-01-26,conservative_adaptive,conservative,adaptive,-0.015277717920803568,0,0.001,0,-0.015277717920803568,1.1124982197689444,1.1093888979373099,0.0028071118248086451
2022-01-27,conservative_adaptive,conservative,adaptive,-0.0028511830761179802,0,0.001,0,-0.0028511830761179802,1.1093262836725277,1.1062258270866778,0.0028071118248086451
2022-01-28,conservative_adaptive,conservative,adaptive,0.016146279734039926,0,0.001,0,0.016146279734039926,1.1272377761650272,1.1240872587398389,0.0028071118248086451
2022-01-31,conservative_adaptive,conservative,adaptive,0.0038948900234370143,0,0.001,0,0.0038948900234370143,1.1316282433334537,1.1284654549893773,0.0028071118248086451
2022-02-01,conservative_adaptive,conservative,adaptive,0.0061439721737761577,0.31825386853867882,0.001,0.00031825386853867881,0.0058257183052374791,1.1385809357715537,1.1350395768473371,0.0031253656933473242
2022-02-02,conservative_adaptive,conservative,adaptive,0.00087247906196696867,0,0.001,0,0.00087247906196696867,1.1395743237983691,1.1360298751126403,0.0031253656933473242
2022-02-03,conservative_adaptive,conservative,adaptive,-0.011682532613299546,0,0.001,0,-0.011682532613299546,1.1262612095953159,1.1227581690469544,0.0031253656933473242
2022-02-04,conservative_adaptive,conservative,adaptive,0.0026637114637759751,0,0.001,0,0.0026637114637759751,1.1292612444905212,1.1257488728528928,0.0031253656933473242
2022-02-07,conservative_adaptive,conservative,adaptive,0.002223254979014877,0,0.001,0,0.002223254979014877,1.1317718801749432,1.1282516996395835,0.0031253656933473242
2022-02-08,conservative_adaptive,conservative,adaptive,-0.0034312847496515975,0,0.001,0,-0.0034312847496515975,1.1278884485824143,1.1243803467888418,0.0031253656933473242
2022-02-09,conservative_adaptive,conservative,adaptive,0.011192775206898098,0,0.001,0,0.011192775206898098,1.1405126504458543,1.1369652832575035,0.0031253656933473242
2022-02-10,conservative_adaptive,conservative,adaptive,-0.01720146662994404,0,0.001,0,-0.01720146662994404,1.1208941601481808,1.1174078128781446,0.0031253656933473242
2022-02-11,conservative_adaptive,conservative,adaptive,-0.0095699664926132133,0,0.001,0,-0.0095699664926132133,1.1101672405937968,1.1067142575503166,0.0031253656933473242
2022-02-14,conservative_adaptive,conservative,adaptive,-0.011257707706874842,0,0.001,0,-0.011257707706874842,1.0976693022934441,1.0942551919237842,0.0031253656933473242
2022-02-15,conservative_adaptive,conservative,adaptive,0.007200556463601071,0,0.001,0,0.007200556463601071,1.1055731320829696,1.1021344382188201,0.0031253656933473242
2022-02-16,conservative_adaptive,conservative,adaptive,-0.00086477555523323257,0,0.001,0,-0.00086477555523323257,1.1046170594638216,1.1011813392980678,0.0031253656933473242
2022-02-17,conservative_adaptive,conservative,adaptive,-0.019896784874746998,0,0.001,0,-0.019896784874746998,1.0826387314626944,1.0792713710819684,0.0031253656933473242
2022-02-18,conservative_adaptive,conservative,adaptive,-0.0062775311390820265,0,0.001,0,-0.0062775311390820265,1.075842433113561,1.0724962114424816,0.0031253656933473242
2022-02-22,conservative_adaptive,conservative,adaptive,-0.0053904563038388309,0,0.001,0,-0.0053904563038388309,1.0700431514880466,1.0667149674786682,0.0031253656933473242
2022-02-23,conservative_adaptive,conservative,adaptive,0.00090984532760529646,0,0.001,0,0.00090984532760529646,1.071016725249764,1.0676855131077154,0.0031253656933473242
2022-02-24,conservative_adaptive,conservative,adaptive,-0.00061004589604196635,0,0.001,0,-0.00061004589604196635,1.070363355891933,1.0670341759421806,0.0031253656933473242
2022-02-25,conservative_adaptive,conservative,adaptive,0.026297503158282387,0,0.001,0,0.026297503158282387,1.0985112396240109,1.0950945105540153,0.0031253656933473242
2022-02-28,conservative_adaptive,conservative,adaptive,-0.002699118496298003,0,0.001,0,-0.002699118496298003,1.0955462276187504,1.0921387207053845,0.0031253656933473242
2022-03-01,conservative_adaptive,conservative,adaptive,-0.0086081192211824309,0.5261084488048049,0.001,0.00052610844880480491,-0.0091342276699872358,1.0861156350790915,1.082162876983253,0.0036514741421521291
2022-03-02,conservative_adaptive,conservative,adaptive,0.010462728447893754,0,0.001,0,0.010462728447893754,1.0974793680319357,1.0934852533015202,0.0036514741421521291
2022-03-03,conservative_adaptive,conservative,adaptive,-0.00014660688084877638,0,0.001,0,-0.00014660688084877638,1.0973184700049927,1.0933249408392796,0.0036514741421521291
2022-03-04,conservative_adaptive,conservative,adaptive,-0.0052515735378140249,0,0.001,0,-0.0052515735378140249,1.09155582136536,1.0875832645117358,0.0036514741421521291
2022-03-07,conservative_adaptive,conservative,adaptive,-0.020217896594767581,0,0.001,0,-0.020217896594767581,1.0694868586415787,1.0655946185316378,0.0036514741421521291
2022-03-08,conservative_adaptive,conservative,adaptive,-0.018131193396404455,0,0.001,0,-0.018131193396404455,1.0500957855726352,1.0462741164208729,0.0036514741421521291
2022-03-09,conservative_adaptive,conservative,adaptive,0.013558579896370881,0,0.001,0,0.013558579896370881,1.0643335931801641,1.06046010762187,0.0036514741421521291
2022-03-10,conservative_adaptive,conservative,adaptive,-0.0097755152171056237,0,0.001,0,-0.0097755152171056237,1.0539291839439546,1.0500935637026789,0.0036514741421521291
2022-03-11,conservative_adaptive,conservative,adaptive,-0.0065627639098934099,0,0.001,0,-0.0065627639098934099,1.0470124955319837,1.0432020475607997,0.0036514741421521291
2022-03-14,conservative_adaptive,conservative,adaptive,-0.0029734961692258199,0,0.001,0,-0.0029734961692258199,1.0438992078873879,1.0401000902686492,0.0036514741421521291
2022-03-15,conservative_adaptive,conservative,adaptive,0.010780788803397279,0,0.001,0,0.010780788803397279,1.0551532647796555,1.05131318967623,0.0036514741421521291
2022-03-16,conservative_adaptive,conservative,adaptive,0.011630967500231071,0,0.001,0,0.011630967500231071,1.0674257181100704,1.0635409792179185,0.0036514741421521291
2022-03-17,conservative_adaptive,conservative,adaptive,0.012957015634008417,0,0.001,0,0.012957015634008417,1.0812563698277653,1.0773212963130536,0.0036514741421521291
2022-03-18,conservative_adaptive,conservative,adaptive,0.0080405647915831047,0,0.001,0,0.0080405647915831047,1.0899502817256774,1.085983567997411,0.0036514741421521291
2022-03-21,conservative_adaptive,conservative,adaptive,0.0023552939482360813,0,0.001,0,0.0023552939482360813,1.0925174350281042,1.0885413785229991,0.0036514741421521291
2022-03-22,conservative_adaptive,conservative,adaptive,0.0099778120263596115,0,0.001,0,0.0099778120263596115,1.1034183686303352,1.0994026397808161,0.0036514741421521291
2022-03-23,conservative_adaptive,conservative,adaptive,-0.007268561849434807,0,0.001,0,-0.007268561849434807,1.0953981039721432,1.0914115636961372,0.0036514741421521291
2022-03-24,conservative_adaptive,conservative,adaptive,0.0073457355759327658,0,0.001,0,0.0073457355759327658,1.1034446087943006,1.0994287844475643,0.0036514741421521291
2022-03-25,conservative_adaptive,conservative,adaptive,0.0071954952052168952,0,0.001,0,0.0071954952052168952,1.1113844391861025,1.1073397189945342,0.0036514741421521291
2022-03-28,conservative_adaptive,conservative,adaptive,0.0054138526838884982,0,0.001,0,0.0054138526838884982,1.117401310815022,1.1133346931041892,0.0036514741421521291
2022-03-29,conservative_adaptive,conservative,adaptive,0.017219571569945025,0,0.001,0,0.017219571569945025,1.1366424826589516,1.1325058395333996,0.0036514741421521291
2022-03-30,conservative_adaptive,conservative,adaptive,-0.0035234165557316288,0,0.001,0,-0.0035234165557316288,1.1326376177176032,1.1285155497089248,0.0036514741421521291
2022-03-31,conservative_adaptive,conservative,adaptive,-0.011045061833853564,0,0.001,0,-0.011045061833853564,1.1201275651945637,1.1160510256819245,0.0036514741421521291
2022-04-01,conservative_adaptive,conservative,adaptive,0.0076950827639350461,0.44321314155713709,0.001,0.00044321314155713708,0.007251869622377909,1.1287470395149009,1.124144482212091,0.0040946872837092658
2022-04-04,conservative_adaptive,conservative,adaptive,0.0060325694299647736,0,0.001,0,0.0060325694299647736,1.1355562843996416,1.1309259618503471,0.0040946872837092658
2022-04-05,conservative_adaptive,conservative,adaptive,-0.0071729418601688133,0,0.001,0,-0.0071729418601688133,1.1274110051926938,1.1228138956778391,0.0040946872837092658
2022-04-06,conservative_adaptive,conservative,adaptive,0.0026940532358106228,0,0.001,0,0.0026940532358106228,1.1304483104593217,1.125838816086703,0.0040946872837092658
2022-04-07,conservative_adaptive,conservative,adaptive,0.0058701735004969002,0,0.001,0,0.0058701735004969002,1.1370842381750614,1.1324476852707259,0.0040946872837092658
2022-04-08,conservative_adaptive,conservative,adaptive,0.0028071351479812545,0,0.001,0,0.0028071351479812545,1.1402761873062581,1.1356266189712994,0.0040946872837092658
2022-04-11,conservative_adaptive,conservative,adaptive,-0.018672080584855255,0,0.001,0,-0.018672080584855255,1.1189848584478841,1.1144221072275606,0.0040946872837092658
2022-04-12,conservative_adaptive,conservative,adaptive,-0.0024894685877412392,0,0.001,0,-0.0024894685877412392,1.1161991807926199,1.1116477883981333,0.0040946872837092658
2022-04-13,conservative_adaptive,conservative,adaptive,0.0028017521216141539,0,0.001,0,0.0028017521216141539,1.1193264942155496,1.1147623499477655,0.0040946872837092658
2022-04-14,conservative_adaptive,conservative,adaptive,-0.0027928974758314462,0,0.001,0,-0.0027928974758314462,1.1162003300752237,1.1116489329944443,0.0040946872837092658
2022-04-18,conservative_adaptive,conservative,adaptive,-0.007239251694165949,0,0.001,0,-0.007239251694165949,1.1081198749446981,1.1036014265729466,0.0040946872837092658
2022-04-19,conservative_adaptive,conservative,adaptive,0.010807611808563822,0,0.001,0,0.010807611808563822,1.1200960043904546,1.1155287223827242,0.0040946872837092658
2022-04-20,conservative_adaptive,conservative,adaptive,-0.0012186909396799672,0,0.001,0,-0.0012186909396799672,1.1187309535383323,1.1141692376358037,0.0040946872837092658
2022-04-21,conservative_adaptive,conservative,adaptive,-0.01174524711329239,0,0.001,0,-0.01174524711329239,1.1055911820357354,1.1010830446137425,0.0040946872837092658
2022-04-22,conservative_adaptive,conservative,adaptive,-0.016511922573519966,0,0.001,0,-0.016511922573519966,1.0873357460399948,1.0829020466340649,0.0040946872837092658
2022-04-25,conservative_adaptive,conservative,adaptive,0.0018708534370561747,0,0.001,0,0.0018708534370561747,1.0893699918577078,1.0849279976500055,0.0040946872837092658
2022-04-26,conservative_adaptive,conservative,adaptive,-0.011170363042845022,0,0.001,0,-0.011170363042845022,1.077201333560676,1.0728089580409079,0.0040946872837092658
2022-04-27,conservative_adaptive,conservative,adaptive,0.00058151217249191589,0,0.001,0,0.00058151217249191589,1.0778277392483662,1.0734328095087671,0.0040946872837092658
2022-04-28,conservative_adaptive,conservative,adaptive,0.010686737020789927,0,0.001,0,0.010686737020789927,1.0893462008514261,1.0849043036534749,0.0040946872837092658
2022-04-29,conservative_adaptive,conservative,adaptive,-0.033217982353241582,0,0.001,0,-0.033217982353241582,1.0531603179749727,1.0488659716397579,0.0040946872837092658
2022-05-02,conservative_adaptive,conservative,adaptive,0.0024707436870718968,0.36620157089593208,0.001,0.00036620157089593212,0.0021045421161759647,1.0557624071820839,1.0510733542512978,0.0044608888546051979
2022-05-03,conservative_adaptive,conservative,adaptive,0.0003279969950638062,0,0.001,0,0.0003279969950638062,1.0561086940791409,1.0514181031530838,0.0044608888546051979
2022-05-04,conservative_adaptive,conservative,adaptive,0.035316591447386081,0,0.001,0,0.035316591447386081,1.0934068533519663,1.088550606742527,0.0044608888546051979
2022-05-05,conservative_adaptive,conservative,adaptive,-0.026074723864393357,0,0.001,0,-0.026074723864393357,1.0648965715793786,1.0601669502592979,0.0044608888546051979
2022-05-06,conservative_adaptive,conservative,adaptive,-0.0073284497529687576,0,0.001,0,-0.0073284497529687576,1.0570925305624503,1.0523975700345645,0.0044608888546051979
2022-05-09,conservative_adaptive,conservative,adaptive,-0.027922472471985982,0,0.001,0,-0.027922472471985982,1.0275758934774784,1.0230120278556893,0.0044608888546051979
2022-05-10,conservative_adaptive,conservative,adaptive,-0.0067482493798863841,0,0.001,0,-0.0067482493798863841,1.0206415550915329,1.0161084875730959,0.0044608888546051979
2022-05-11,conservative_adaptive,conservative,adaptive,-0.0019950243513779942,0,0.001,0,-0.0019950243513779942,1.0186053503350969,1.0140813263967456,0.0044608888546051979
2022-05-12,conservative_adaptive,conservative,adaptive,0.0056440145730745073,0,0.001,0,0.0056440145730745073,1.0243543737765999,1.0198048161812117,0.0044608888546051979
2022-05-13,conservative_adaptive,conservative,adaptive,0.015580272495147707,0,0.001,0,0.015580272495147707,1.0403140940516358,1.0356936531091789,0.0044608888546051979
2022-05-16,conservative_adaptive,conservative,adaptive,-0.00042964072214923821,0,0.001,0,-0.00042964072214923821,1.0398671327530054,1.0352486769401317,0.0044608888546051979
2022-05-17,conservative_adaptive,conservative,adaptive,0.018237967589176174,0,0.001,0,0.018237967589176174,1.0588321958172042,1.0541295087569034,0.0044608888546051979
2022-05-18,conservative_adaptive,conservative,adaptive,-0.017371274122767177,0,0.001,0,-0.017371274122767177,1.0404389314936522,1.0358179360993893,0.0044608888546051979
2022-05-19,conservative_adaptive,conservative,adaptive,0.0012274121231872215,0,0.001,0,0.0012274121231872215,1.0417159788516035,1.0370893115915725,0.0044608888546051979
2022-05-20,conservative_adaptive,conservative,adaptive,-0.00076620868628562988,0,0.001,0,-0.00076620868628562988,1.0409178070199649,1.0362946847525771,0.0044608888546051979
2022-05-23,conservative_adaptive,conservative,adaptive,0.01139239295563943,0,0.001,0,0.01139239295563943,1.0527763517120587,1.048100561019119,0.0044608888546051979
2022-05-24,conservative_adaptive,conservative,adaptive,0.0085390940820921912,0,0.001,0,0.0085390940820921912,1.0617661080267298,1.0570503903171549,0.0044608888546051979
2022-05-25,conservative_adaptive,conservative,adaptive,0.0055659082049550612,0,0.001,0,0.0055659082049550612,1.0676758007191389,1.0629338357576721,0.0044608888546051979
2022-05-26,conservative_adaptive,conservative,adaptive,0.00047551514113108873,0,0.001,0,0.00047551514113108873,1.0681834967282002,1.0634392768905954,0.0044608888546051979
2022-05-27,conservative_adaptive,conservative,adaptive,0.008311725944964321,0,0.001,0,0.008311725944964321,1.0770619452119388,1.0722782927192209,0.0044608888546051979
2022-05-31,conservative_adaptive,conservative,adaptive,-0.0052154789779740307,0,0.001,0,-0.0052154789779740307,1.0714445512787101,1.0666858478250059,0.0044608888546051979
2022-06-01,conservative_adaptive,conservative,adaptive,-0.0048542867055155758,0.29893376312903058,0.001,0.0002989337631290306,-0.0051532204686446067,1.0662434522377406,1.0611889804803805,0.0047598226177342287
2022-06-02,conservative_adaptive,conservative,adaptive,0.0062918293744083087,0,0.001,0,0.0062918293744083087,1.0729520741108005,1.0678658004795654,0.0047598226177342287
2022-06-03,conservative_adaptive,conservative,adaptive,-0.0055977790811779782,0,0.001,0,-0.0055977790811779782,1.0669459254352365,1.0618881236401354,0.0047598226177342287
2022-06-06,conservative_adaptive,conservative,adaptive,0.0018006406282238263,0,0.001,0,0.0018006406282238263,1.068867111616693,1.0638002025381903,0.0047598226177342287
2022-06-07,conservative_adaptive,conservative,adaptive,0.0089851616617950825,0,0.001,0,0.0089851616617950825,1.0784710554095449,1.0733586193338462,0.0047598226177342287
2022-06-08,conservative_adaptive,conservative,adaptive,-0.013586285847504764,0,0.001,0,-0.013586285847504764,1.0638186393724907,1.0587756623146936,0.0047598226177342287
2022-06-09,conservative_adaptive,conservative,adaptive,-0.021711932860422611,0,0.001,0,-0.021711932860422611,1.040721080498769,1.0357875962202674,0.0047598226177342287
2022-06-10,conservative_adaptive,conservative,adaptive,-0.018045386899241622,0,0.001,0,-0.018045386899241622,1.021940865946972,1.0170964083010372,0.0047598226177342287
2022-06-13,conservative_adaptive,conservative,adaptive,-0.041217596976178772,0,0.001,0,-0.041217596976178772,0.9798189192008826,0.97517413845776613,0.0047598226177342287
2022-06-14,conservative_adaptive,conservative,adaptive,-0.017974123135990783,0,0.001,0,-0.017974123135990783,0.96220753329619257,0.95764623841409247,0.0047598226177342287
2022-06-15,conservative_adaptive,conservative,adaptive,0.0085919748431815268,0,0.001,0,0.0085919748431815268,0.97047479621619326,0.96587431080321373,0.0047598226177342287
2022-06-16,conservative_adaptive,conservative,adaptive,-0.017607551618569972,0,0.001,0,-0.017607551618569972,0.95338711114729546,0.94886762901869548,0.0047598226177342287
2022-06-17,conservative_adaptive,conservative,adaptive,0.0022076542422577727,0,0.001,0,0.0022076542422577727,0.95549186024773369,0.95096240066523963,0.0047598226177342287
2022-06-21,conservative_adaptive,conservative,adaptive,0.018201898498318991,0,0.001,0,0.018201898498318991,0.97288362610393297,0.96827172175786602,0.0047598226177342287
2022-06-22,conservative_adaptive,conservative,adaptive,0.0019910961655555948,0,0.001,0,0.0019910961655555948,0.97482073096140032,0.97019964387027402,0.0047598226177342287
2022-06-23,conservative_adaptive,conservative,adaptive,0.015538247435243013,0,0.001,0,0.015538247435243013,0.989967736684083,0.98527484599831494,0.0047598226177342287
2022-06-24,conservative_adaptive,conservative,adaptive,0.01777901703230822,0,0.001,0,0.01777901703230822,1.0075683899360248,1.0027920642668238,0.0047598226177342287
2022-06-27,conservative_adaptive,conservative,adaptive,-0.0047019765142499725,0,0.001,0,-0.0047019765142499725,1.002830827030045,0.99807695953196496,0.0047598226177342287
2022-06-28,conservative_adaptive,conservative,adaptive,-0.013129502655469638,0,0.001,0,-0.013129502655469638,0.98966415702356725,0.98497270544142701,0.0047598226177342287
2022-06-29,conservative_adaptive,conservative,adaptive,0.0011665434903054273,0,0.001,0,0.0011665434903054273,0.99081864330353164,0.98612171893908818,0.0047598226177342287
2022-06-30,conservative_adaptive,conservative,adaptive,-0.0084020649138142334,0,0.001,0,-0.0084020649138142334,0.982493720744678,0.9778362602436399,0.0047598226177342287
2022-07-01,conservative_adaptive,conservative,adaptive,0.015537268797956916,0.43272761085583961,0.001,0.00043272761085583959,0.015104541187101077,0.99775898977619293,0.99260602831073086,0.0051925502285900685
2022-07-05,conservative_adaptive,conservative,adaptive,-0.000456008959541232,0,0.001,0,-0.000456008959541232,0.99730400273739217,0.99215339106852651,0.0051925502285900685
2022-07-06,conservative_adaptive,conservative,adaptive,0.0012535519330159062,0,0.001,0,0.0012535519330159062,0.99855417509782818,0.9933971068697488,0.0051925502285900685
2022-07-07,conservative_adaptive,conservative,adaptive,0.0030743411939735399,0,0.001,0,0.0030743411939735399,1.0016240713327458,0.9964511485173726,0.0051925502285900685
2022-07-08,conservative_adaptive,conservative,adaptive,-0.0019281972548755855,0,0.001,0,-0.0019281972548755855,0.99969274254798468,0.99452979414818377,0.0051925502285900685
2022-07-11,conservative_adaptive,conservative,adaptive,-0.0017645563496896388,0,0.001,0,-0.0017645563496896388,0.99792872837138302,0.99277489028496402,0.0051925502285900685
2022-07-12,conservative_adaptive,conservative,adaptive,-0.0051332475892877927,0,0.001,0,-0.0051332475892877927,0.99280611313218958,0.98767873097270331,0.0051925502285900685
2022-07-13,conservative_adaptive,conservative,adaptive,-0.0019598783783295604,0,0.001,0,-0.0019598783783295604,0.99086033389718842,0.98574300078313393,0.0051925502285900685
2022-07-14,conservative_adaptive,conservative,adaptive,-0.0014337585764235827,0,0.001,0,-0.0014337585764235827,0.98943967939542543,0.98432968330161164,0.0051925502285900685
2022-07-15,conservative_adaptive,conservative,adaptive,0.011457500940080578,0,0.001,0,0.011457500940080578,1.0007761854522514,0.9956076415733891,0.0051925502285900685
2022-07-18,conservative_adaptive,conservative,adaptive,-0.010291844229375235,0,0.001,0,-0.010291844229375235,0.99047635284310853,0.98536100281274008,0.0051925502285900685
2022-07-19,conservative_adaptive,conservative,adaptive,0.014938734179799518,0,0.001,0,0.014938734179799518,1.0052728157896091,1.0000810489049003,0.0051925502285900685
2022-07-20,conservative_adaptive,conservative,adaptive,-0.0037557249127160297,0,0.001,0,-0.0037557249127160297,1.001497287631272,0.99632501959479303,0.0051925502285900685
2022-07-21,conservative_adaptive,conservative,adaptive,0.0047632812508577871,0,0.001,0,0.0047632812508577871,1.0062677008842309,1.0010707958803895,0.0051925502285900685
2022-07-22,conservative_adaptive,conservative,adaptive,9.431110021207445e-05,0,0.001,0,9.431110021207445e-05,1.0063626030982091,1.0011652079685391,0.0051925502285900685
2022-07-25,conservative_adaptive,conservative,adaptive,0.00039220836464370912,0,0.001,0,0.00039220836464370912,1.0067573069290088,1.0015578733374946,0.0051925502285900685
2022-07-26,conservative_adaptive,conservative,adaptive,-0.0030879346796776064,0,0.001,0,-0.0030879346796776064,1.0036485061269238,0.99846512804671161,0.0051925502285900685
2022-07-27,conservative_adaptive,conservative,adaptive,0.0026116799851279016,0,0.001,0,0.0026116799851279016,1.0062697148424791,1.0010727994374793,0.0051925502285900685
2022-07-28,conservative_adaptive,conservative,adaptive,0.0085342092117430823,0,0.001,0,0.0085342092117430823,1.0148574311123859,1.009616164144064,0.0051925502285900685
2022-07-29,conservative_adaptive,conservative,adaptive,0.0033313730322510615,0,0.001,0,0.0033313730322510615,1.0182382997899733,1.0129795722062183,0.0051925502285900685
2022-08-01,conservative_adaptive,conservative,adaptive,-0.0046561995947740353,0.067956527194854996,0.001,6.7956527194855003e-05,-0.00472415612196889,1.0134971790311078,1.0081940985587508,0.0052605067557849232
2022-08-02,conservative_adaptive,conservative,adaptive,-0.0072646730254648517,0,0.001,0,-0.0072646730254648517,1.0061344534132157,1.0008698980865181,0.0052605067557849232
2022-08-03,conservative_adaptive,conservative,adaptive,0.015936702685385384,0,0.001,0,0.015936702685385384,1.0221689190587848,1.0168204640790748,0.0052605067557849232
2022-08-04,conservative_adaptive,conservative,adaptive,-0.0047786141023483664,0,0.001,0,-0.0047786141023483664,1.0172843682471884,1.0119614714698701,0.0052605067557849232
2022-08-05,conservative_adaptive,conservative,adaptive,-0.0035792828655724085,0,0.001,0,-0.0035792828655724085,1.0136432197385066,1.0083393751144185,0.0052605067557849232
2022-08-08,conservative_adaptive,conservative,adaptive,0.0039566239303299167,0,0.001,0,0.0039566239303299167,1.0176538247585407,1.0123289948158902,0.0052605067557849232
2022-08-09,conservative_adaptive,conservative,adaptive,-5.7669095658408054e-05,0,0.001,0,-5.7669095658408054e-05,1.0175951375827736,1.0122706147182503,0.0052605067557849232
2022-08-10,conservative_adaptive,conservative,adaptive,0.013712558826572296,0,0.001,0,0.013712558826572296,1.0315489707685113,1.0261514350709848,0.0052605067557849232
2022-08-11,conservative_adaptive,conservative,adaptive,-0.0026900761975552356,0,0.001,0,-0.0026900761975552356,1.0287740254356343,1.0233910095204133,0.0052605067557849232
2022-08-12,conservative_adaptive,conservative,adaptive,0.014379664831865924,0,0.001,0,0.014379664831865924,1.0435674511091282,1.0381070292292618,0.0052605067557849232
2022-08-15,conservative_adaptive,conservative,adaptive,0.013975316588903608,0,0.001,0,0.013975316588903608,1.0581516366202535,1.0526149036159069,0.0052605067557849232
2022-08-16,conservative_adaptive,conservative,adaptive,0.010461064152926358,0,0.001,0,0.010461064152926358,1.0692210287744619,1.0636263756509594,0.0052605067557849232
2022-08-17,conservative_adaptive,conservative,adaptive,-0.0058300599020771893,0,0.001,0,-0.0058300599020771893,1.0629874061281461,1.0574253701674852,0.0052605067557849232
2022-08-18,conservative_adaptive,conservative,adaptive,-0.0036496060961573873,0,0.001,0,-0.0036496060961573873,1.0591079208106022,1.0535661840902903,0.0052605067557849232
2022-08-19,conservative_adaptive,conservative,adaptive,-0.0081857157230313948,0,0.001,0,-0.0081857157230313948,1.0504383644508357,1.0449419908119282,0.0052605067557849232
2022-08-22,conservative_adaptive,conservative,adaptive,-0.014270724575783822,0,0.001,0,-0.014270724575783822,1.035447847867921,1.03002991146338,0.0052605067557849232
2022-08-23,conservative_adaptive,conservative,adaptive,-0.0054461943585851769,0,0.001,0,-0.0054461943585851769,1.0298085976402536,1.0244201683703942,0.0052605067557849232
2022-08-24,conservative_adaptive,conservative,adaptive,0.00048785762513858799,0,0.001,0,0.00048785762513858799,1.0303109976170457,1.0249199395608795,0.0052605067557849232
2022-08-25,conservative_adaptive,conservative,adaptive,0.0066358433908184633,0,0.001,0,0.0066358433908184633,1.0371479800410703,1.0317211477679327,0.0052605067557849232
2022-08-26,conservative_adaptive,conservative,adaptive,-0.014694925651874358,0,0.001,0,-0.014694925651874358,1.0219071675843752,1.0165600822080165,0.0052605067557849232
2022-08-29,conservative_adaptive,conservative,adaptive,-0.0032243601327516247,0,0.001,0,-0.0032243601327516247,1.0186121708538429,1.0132823264063984,0.0052605067557849232
2022-08-30,conservative_adaptive,conservative,adaptive,-0.008524792011657234,0,0.001,0,-0.008524792011657234,1.0099287139567712,1.0046443053246956,0.0052605067557849232
2022-08-31,conservative_adaptive,conservative,adaptive,-0.0011596123067267872,0,0.001,0,-0.0011596123067267872,1.0087575881911501,1.0034793074243582,0.0052605067557849232
2022-09-01,conservative_adaptive,conservative,adaptive,0.012900844043638893,0.17623487868243851,0.001,0.00017623487868243852,0.012724609164956454,1.0217714125142414,1.0162481894164543,0.0054367416344673616
2022-09-02,conservative_adaptive,conservative,adaptive,-0.010083607976246967,0,0.001,0,-0.010083607976246967,1.0114682701491118,1.006000741067808,0.0054367416344673616
2022-09-06,conservative_adaptive,conservative,adaptive,-0.0057099196647182326,0,0.001,0,-0.0057099196647182326,1.0056928675831489,1.0002565576536637,0.0054367416344673616
2022-09-07,conservative_adaptive,conservative,adaptive,0.017192105603239138,0,0.001,0,0.017192105603239138,1.0229828455670629,1.017453074023178,0.0054367416344673616
2022-09-08,conservative_adaptive,conservative,adaptive,0.0037594751634948409,0,0.001,0,0.0037594751634948409,1.0268287241676535,1.0212781635849897,0.0054367416344673616
2022-09-09,conservative_adaptive,conservative,adaptive,0.012485486942646506,0,0.001,0,0.012485486942646506,1.039649180795583,1.0340293187612402,0.0054367416344673616
2022-09-12,conservative_adaptive,conservative,adaptive,0.010411691702634895,0,0.001,0,0.010411691702634895,1.0504736875449234,1.0447953132396677,0.0054367416344673616
2022-09-13,conservative_adaptive,conservative,adaptive,-0.03349926163066641,0,0.001,0,-0.03349926163066641,1.0152835946497252,1.009795441690958,0.0054367416344673616
2022-09-14,conservative_adaptive,conservative,adaptive,0.00960617170129896,0,0.001,0,0.00960617170129896,1.0250365831854424,1.0194957100870303,0.0054367416344673616
2022-09-15,conservative_adaptive,conservative,adaptive,-0.012936589016444788,0,0.001,0,-0.012936589016444788,1.0117761061819515,1.0063069130816058,0.0054367416344673616
2022-09-16,conservative_adaptive,conservative,adaptive,0.0022251834483630883,0,0.001,0,0.0022251834483630883,1.0140274936268767,1.0085461305685683,0.0054367416344673616
2022-09-19,conservative_adaptive,conservative,adaptive,0.0060060890520943211,0,0.001,0,0.0060060890520943211,1.0201178330548717,1.0146035484419083,0.0054367416344673616
2022-09-20,conservative_adaptive,conservative,adaptive,-0.013019586075623035,0,0.001,0,-0.013019586075623035,1.0068363211201357,1.0013938302103362,0.0054367416344673616
2022-09-21,conservative_adaptive,conservative,adaptive,-0.016863185423282356,0,0.001,0,-0.016863185423282356,0.98985785354619138,0.98450714036976839,0.0054367416344673616
2022-09-22,conservative_adaptive,conservative,adaptive,0.010175844370718945,0,0.001,0,0.010175844370718945,0.99993049301301129,0.99452533181203273,0.0054367416344673616
2022-09-23,conservative_adaptive,conservative,adaptive,-0.014513377392754157,0,0.001,0,-0.014513377392754157,0.98541812440139076,0.98009141034479064,0.0054367416344673616
2022-09-26,conservative_adaptive,conservative,adaptive,-0.01039308966407082,0,0.001,0,-0.01039308966407082,0.97517658547788666,0.96990523243809157,0.0054367416344673616
2022-09-27,conservative_adaptive,conservative,adaptive,-0.0052205097899672426,0,0.001,0,-0.0052205097899672426,0.97008566656645256,0.96484183267680801,0.0054367416344673616
2022-09-28,conservative_adaptive,conservative,adaptive,0.01972930158458075,0,0.001,0,0.01972930158458075,0.98922477924502117,0.98387748817510834,0.0054367416344673616
2022-09-29,conservative_adaptive,conservative,adaptive,-0.011950820471584023,0,0.001,0,-0.011950820471584023,0.97740273150222157,0.97211934494789454,0.0054367416344673616
2022-09-30,conservative_adaptive,conservative,adaptive,-0.01358223723699481,0,0.001,0,-0.01358223723699481,0.96412741572687166,0.95891578938214028,0.0054367416344673616
2022-10-03,conservative_adaptive,conservative,adaptive,0.02571691571805923,0.41295930452748653,0.001,0.00041295930452748652,0.025303956413531743,0.98892179921858991,0.98318015272091341,0.0058497009389948482
2022-10-04,conservative_adaptive,conservative,adaptive,0.019404143820034081,0,0.001,0,0.019404143820034081,1.0081109800373944,1.0022579218053131,0.0058497009389948482
2022-10-05,conservative_adaptive,conservative,adaptive,-0.0012054437769416504,0,0.001,0,-0.0012054437769416504,1.0068957589300418,1.0010497562305825,0.0058497009389948482
2022-10-06,conservative_adaptive,conservative,adaptive,-0.004143963411878393,0,0.001,0,-0.004143963411878393,1.0027232197454601,0.99690144266729319,0.0058497009389948482
2022-10-07,conservative_adaptive,conservative,adaptive,-0.014305083646976247,0,0.001,0,-0.014305083646976247,0.98837918021223592,0.98264068414214623,0.0058497009389948482
2022-10-10,conservative_adaptive,conservative,adaptive,0.0031144125856348293,0,0.001,0,0.0031144125856348293,0.99145740077046829,0.98570103265599529,0.0058497009389948482
2022-10-11,conservative_adaptive,conservative,adaptive,0.011372584937169083,0,0.001,0,0.011372584937169083,1.0027328342723154,0.99691100137253086,0.0058497009389948482
2022-10-12,conservative_adaptive,conservative,adaptive,-0.0017632565697364155,0,0.001,0,-0.0017632565697364155,1.0009647590145943,0.99515319149991821,0.0058497009389948482
2022-10-13,conservative_adaptive,conservative,adaptive,0.017431448339253697,0,0.001,0,0.017431448339253697,1.0184130245007708,1.0125001529471924,0.0058497009389948482
2022-10-14,conservative_adaptive,conservative,adaptive,-0.0082394856950448458,0,0.001,0,-0.0082394856950448458,1.0100218249537494,1.0041576724207533,0.0058497009389948482
2022-10-17,conservative_adaptive,conservative,adaptive,0.011846604224743595,0,0.001,0,0.011846604224743595,1.0219871537723297,1.0160535309451617,0.0058497009389948482
2022-10-18,conservative_adaptive,conservative,adaptive,0.0073058923887270311,0,0.001,0,0.0073058923887270311,1.0294536819404518,1.0234767087034331,0.0058497009389948482
2022-10-19,conservative_adaptive,conservative,adaptive,-0.010299932566466552,0,0.001,0,-0.010299932566466552,1.0188503784361644,1.0129349676204387,0.0058497009389948482
2022-10-20,conservative_adaptive,conservative,adaptive,0.0037418919340688195,0,0.001,0,0.0037418919340688195,1.0226628064492578,1.016725260805514,0.0058497009389948482
2022-10-21,conservative_adaptive,conservative,adaptive,0.021072130552645119,0,0.001,0,0.021072130552645119,1.044212490618091,1.03814982823738,0.0058497009389948482
2022-10-24,conservative_adaptive,conservative,adaptive,0.011993511865280304,0,0.001,0,0.011993511865280304,1.056736265514193,1.0506008905202837,0.0058497009389948482
2022-10-25,conservative_adaptive,conservative,adaptive,0.0077670657828010636,0,0.001,0,0.0077670657828010636,1.0649440056035133,1.0587609767484241,0.0058497009389948482
2022-10-26,conservative_adaptive,conservative,adaptive,0.013982853837039011,0,0.001,0,0.013982853837039011,1.0798349619784982,1.0735654767346579,0.0058497009389948482
2022-10-27,conservative_adaptive,conservative,adaptive,-0.0004374816827011907,0,0.001,0,-0.0004374816827011907,1.0793625539622922,1.0730958115034062,0.0058497009389948482
2022-10-28,conservative_adaptive,conservative,adaptive,0.016223822986648484,0,0.001,0,0.016223822986648484,1.0968739409761932,1.0905055279969513,0.0058497009389948482
2022-10-31,conservative_adaptive,conservative,adaptive,-0.0083654048285015659,0,0.001,0,-0.0083654048285015659,1.0876981464140933,1.0813830077875379,0.0058497009389948482
2022-11-01,conservative_adaptive,conservative,adaptive,-0.0019137081916056342,0.1526658798252678,0.001,0.00015266587982526781,-0.0020663740714309022,1.0856166095613065,1.0791484659789596,0.0060023668188201162
2022-11-02,conservative_adaptive,conservative,adaptive,-0.013389109872854021,0,0.001,0,-0.013389109872854021,1.0710811694960949,1.0646996285988455,0.0060023668188201162
2022-11-03,conservative_adaptive,conservative,adaptive,-0.0074456907856815802,0,0.001,0,-0.0074456907856815802,1.0631062303016607,1.0567722043846686,0.0060023668188201162
2022-11-04,conservative_adaptive,conservative,adaptive,0.024608437305328357,0,0.001,0,0.024608437305328357,1.0892676133189432,1.0827777169222823,0.0060023668188201162
2022-11-07,conservative_adaptive,conservative,adaptive,0.012297903200272353,0,0.001,0,0.012297903200272353,1.1026633209867311,1.0960936124724043,0.0060023668188201162
2022-11-08,conservative_adaptive,conservative,adaptive,0.0042081965516407305,0,0.001,0,0.0042081965516407305,1.1073035449717281,1.1007061898326862,0.0060023668188201162
2022-11-09,conservative_adaptive,conservative,adaptive,-0.021325159308443253,0,0.001,0,-0.021325159308443253,1.0836901204724021,1.0772334549827145,0.0060023668188201162
2022-11-10,conservative_adaptive,conservative,adaptive,0.031455769777710696,0,0.001,0,0.031455769777710696,1.1177784274123614,1.1111186625394986,0.0060023668188201162
2022-11-11,conservative_adaptive,conservative,adaptive,-0.0079260916151068228,0,0.001,0,-0.0079260916151068228,1.108918813191301,1.1023118342249556,0.0060023668188201162
2022-11-14,conservative_adaptive,conservative,adaptive,0.0017153772892475327,0,0.001,0,0.0017153772892475327,1.1108210273390686,1.1042027149110538,0.0060023668188201162
2022-11-15,conservative_adaptive,conservative,adaptive,0.0025799955526291107,0,0.001,0,0.0025799955526291107,1.1136869406493703,1.1070515530047254,0.0060023668188201162
2022-11-16,conservative_adaptive,conservative,adaptive,-0.0010157886803181526,0,0.001,0,-0.0010157886803181526,1.1125556700616406,1.1059270225686546,0.0060023668188201162
2022-11-17,conservative_adaptive,conservative,adaptive,0.0037480007069337073,0,0.001,0,0.0037480007069337073,1.1167255294995346,1.1100720378310591,0.0060023668188201162
2022-11-18,conservative_adaptive,conservative,adaptive,0.0081456619668933694,0,0.001,0,0.0081456619668933694,1.1258219981726378,1.1191143094101315,0.0060023668188201162
2022-11-21,conservative_adaptive,conservative,adaptive,0.0019362691318571823,0,0.001,0,0.0019362691318571823,1.1280018925556652,1.1212812159024619,0.0060023668188201162
2022-11-22,conservative_adaptive,conservative,adaptive,0.010137752599912897,0,0.001,0,0.010137752599912897,1.139437296674628,1.1326484874642107,0.0060023668188201162
2022-11-23,conservative_adaptive,conservative,adaptive,0.0022232350341329088,0,0.001,0,0.0022232350341329088,1.1419705335917927,1.1351666312628987,0.0060023668188201162
2022-11-25,conservative_adaptive,conservative,adaptive,-0.00014568632038602924,0,0.001,0,-0.00014568632038602924,1.1418041641067644,1.1350012530133651,0.0060023668188201162
2022-11-28,conservative_adaptive,conservative,adaptive,-0.0084814747080641517,0,0.001,0,-0.0084814747080641517,1.1321199809673306,1.125374768592311,0.0060023668188201162
2022-11-29,conservative_adaptive,conservative,adaptive,0.0045298347164415276,0,0.001,0,0.0045298347164415276,1.1372482973602935,1.1304725302880878,0.0060023668188201162
2022-11-30,conservative_adaptive,conservative,adaptive,0.021262399805593191,0,0.001,0,0.021262399805593191,1.1614289253369983,1.1545090891963137,0.0060023668188201162
2022-12-01,conservative_adaptive,conservative,adaptive,-0.00065734573959763676,0.29155211550940369,0.001,0.00029155211550940368,-0.00094889785510704049,1.1606654649810826,1.1534135779978738,0.0062939189343295199
2022-12-02,conservative_adaptive,conservative,adaptive,0.002531934317996809,0,0.001,0,0.002531934317996809,1.1636041937035819,1.1563339454188502,0.0062939189343295199
2022-12-05,conservative_adaptive,conservative,adaptive,-0.0086968240335751901,0,0.001,0,-0.0086968240335751901,1.1534845327862118,1.1462775125714926,0.0062939189343295199
2022-12-06,conservative_adaptive,conservative,adaptive,-0.0071953285472915463,0,0.001,0,-0.0071953285472915463,1.1451848325985958,1.1380296692621685,0.0062939189343295199
2022-12-07,conservative_adaptive,conservative,adaptive,0.0031721327896967466,0,0.001,0,0.0031721327896967466,1.1488175109563452,1.1416396504916828,0.0062939189343295199
2022-12-08,conservative_adaptive,conservative,adaptive,0.003905660728873217,0,0.001,0,0.003905660728873217,1.1533044023935293,1.1460985076411327,0.0062939189343295199
2022-12-09,conservative_adaptive,conservative,adaptive,-0.015098670514325008,0,0.001,0,-0.015098670514325008,1.1358910392190689,1.1287939438972996,0.0062939189343295199
2022-12-12,conservative_adaptive,conservative,adaptive,0.0046898310535981036,0,0.001,0,0.0046898310535981036,1.1412181762883022,1.1340877967885026,0.0062939189343295199
2022-12-13,conservative_adaptive,conservative,adaptive,0.0033188056170445623,0,0.001,0,0.0033188056170445623,1.1450056575820413,1.137851613738706,0.0062939189343295199
2022-12-14,conservative_adaptive,conservative,adaptive,-0.0017862736588137862,0,0.001,0,-0.0017862736588137862,1.1429603641367097,1.1358190993734458,0.0062939189343295199
2022-12-15,conservative_adaptive,conservative,adaptive,-0.016498331410410239,0,0.001,0,-0.016498331410410239,1.1241034252602191,1.117079979449709,0.0062939189343295199
2022-12-16,conservative_adaptive,conservative,adaptive,-0.0088875772818778342,0,0.001,0,-0.0088875772818778342,1.1141128691953954,1.1071518448023112,0.0062939189343295199
2022-12-19,conservative_adaptive,conservative,adaptive,-0.0041379184890347753,0,0.001,0,-0.0041379184890347753,1.1095027609550803,1.1025705407135347,0.0062939189343295199
2022-12-20,conservative_adaptive,conservative,adaptive,0.0028652435767690942,0,0.001,0,0.0028652435767690942,1.1126817566143143,1.1057296738732489,0.0062939189343295199
2022-12-21,conservative_adaptive,conservative,adaptive,0.010578468433086075,0,0.001,0,0.010578468433086075,1.1244522254527296,1.1174266003238436,0.0062939189343295199
2022-12-22,conservative_adaptive,conservative,adaptive,-0.0038919578823456424,0,0.001,0,-0.0038919578823456424,1.1200759047505577,1.1130776230587704,0.0062939189343295199
2022-12-23,conservative_adaptive,conservative,adaptive,0.0040317962050249179,0,0.001,0,0.0040317962050249179,1.124591822532671,1.117565325195317,0.0062939189343295199
2022-12-27,conservative_adaptive,conservative,adaptive,0.00068829240988277363,0,0.001,0,0.00068829240988277363,1.1253658705483365,1.1183345369261972,0.0062939189343295199
2022-12-28,conservative_adaptive,conservative,adaptive,-0.011422405652769974,0,0.001,0,-0.011422405652769974,1.1125114850671507,1.1055604661899234,0.0062939189343295199
2022-12-29,conservative_adaptive,conservative,adaptive,0.006585918082369524,0,0.001,0,0.006585918082369524,1.1198383945734982,1.1128415968553564,0.0062939189343295199
2022-12-30,conservative_adaptive,conservative,adaptive,-0.0012062826198946386,0,0.001,0,-0.0012062826198946386,1.1184875529810334,1.1114991953783739,0.0062939189343295199
2023-01-03,conservative_adaptive,conservative,adaptive,-0.00098902390686794739,0.2209193364421343,0.001,0.0002209193364421343,-0.0012099432433100817,1.117381342051601,1.1101543444369812,0.0065148382707716545
2023-01-04,conservative_adaptive,conservative,adaptive,0.0091297774977316948,0,0.001,0,0.0091297774977316948,1.1275827850846489,1.120289806589831,0.0065148382707716545
2023-01-05,conservative_adaptive,conservative,adaptive,0.00013512595595965848,0,0.001,0,0.00013512595595965848,1.1277351507864071,1.1204411868208983,0.0065148382707716545
2023-01-06,conservative_adaptive,conservative,adaptive,0.014971210075609198,0,0.001,0,0.014971210075609198,1.1446187106384791,1.1372155472061589,0.0065148382707716545
2023-01-09,conservative_adaptive,conservative,adaptive,-0.013126863425858448,0,0.001,0,-0.013126863425858448,1.1295934571492456,1.1222874740322208,0.0065148382707716545
2023-01-10,conservative_adaptive,conservative,adaptive,0.0018858682482381095,0,0.001,0,0.0018858682482381095,1.131723721583501,1.1244039603448936,0.0065148382707716545
2023-01-11,conservative_adaptive,conservative,adaptive,0.0079944153974624843,0,0.001,0,0.0079944153974624843,1.1407711911290017,1.1333929126784426,0.0065148382707716545
2023-01-12,conservative_adaptive,conservative,adaptive,0.00057448203105847639,0,0.001,0,0.00057448203105847639,1.1414265436798545,1.1340440265409053,0.0065148382707716545
2023-01-13,conservative_adaptive,conservative,adaptive,0.002414603368933399,0,0.001,0,0.002414603368933399,1.1441826360576139,1.1367822930679097,0.0065148382707716545
2023-01-17,conservative_adaptive,conservative,adaptive,-0.0059695909027516203,0,0.001,0,-0.0059695909027516203,1.1373523338023181,1.1299961678328023,0.0065148382707716545
2023-01-18,conservative_adaptive,conservative,adaptive,-0.017815326242868412,0,0.001,0,-0.017815326242868412,1.117090030922542,1.1098649174496698,0.0065148382707716545
2023-01-19,conservative_adaptive,conservative,adaptive,-0.001464412573568552,0,0.001,0,-0.001464412573568552,1.1154541502354509,1.1082396173095939,0.0065148382707716545
2023-01-20,conservative_adaptive,conservative,adaptive,0.011762038907950023,0,0.001,0,0.011762038907950023,1.1285741653505545,1.121274774807721,0.0065148382707716545
2023-01-23,conservative_adaptive,conservative,adaptive,0.0029551869990214197,0,0.001,0,0.0029551869990214197,1.1319093130514299,1.1245883514445634,0.0065148382707716545
2023-01-24,conservative_adaptive,conservative,adaptive,-0.0049171045131880531,0,0.001,0,-0.0049171045131880531,1.1263435966597051,1.1190586329861967,0.0065148382707716545
2023-01-25,conservative_adaptive,conservative,adaptive,-0.00054502845853321435,0,0.001,0,-0.00054502845853321435,1.1257297073454389,1.1184487141844519,0.0065148382707716545
2023-01-26,conservative_adaptive,conservative,adaptive,0.0012566793566513024,0,0.001,0,0.0012566793566513024,1.1271443886298289,1.1198542455950407,0.0065148382707716545
2023-01-27,conservative_adaptive,conservative,adaptive,-0.0038977520532732512,0,0.001,0,-0.0038977520532732512,1.1227510592747116,1.1154893314099059,0.0065148382707716545
2023-01-30,conservative_adaptive,conservative,adaptive,-0.0057036567066816035,0,0.001,0,-0.0057036567066816035,1.1163472726655455,1.1091269632035781,0.0065148382707716545
2023-01-31,conservative_adaptive,conservative,adaptive,0.0088563576084736972,0,0.001,0,0.0088563576084736972,1.1262340433275158,1.1189497882229094,0.0065148382707716545
2023-02-01,conservative_adaptive,conservative,adaptive,-0.019113340003227619,0.1774898535587682,0.001,0.0001774898535587682,-0.019290829856786387,1.1047079491341871,1.0973643182400139,0.0066923281243304227
2023-02-02,conservative_adaptive,conservative,adaptive,-0.01196424119313777,0,0.001,0,-0.01196424119313777,1.0914909567827691,1.0842351868598472,0.0066923281243304227
2023-02-03,conservative_adaptive,conservative,adaptive,-0.0068304112098753755,0,0.001,0,-0.0068304112098753755,1.0840356247160825,1.0768294146853783,0.0066923281243304227
2023-02-06,conservative_adaptive,conservative,adaptive,-0.0022187495968474247,0,0.001,0,-0.0022187495968474247,1.0816304211107755,1.0744401998556716,0.0066923281243304227
2023-02-07,conservative_adaptive,conservative,adaptive,0.010286748787176503,0,0.001,0,0.010286748787176503,1.09275688153331,1.0854926962784306,0.0066923281243304227
2023-02-08,conservative_adaptive,conservative,adaptive,-0.0066639273972820545,0,0.001,0,-0.0066639273972820545,1.0854748290118916,1.0782590517601511,0.0066923281243304227
2023-02-09,conservative_adaptive,conservative,adaptive,-0.0078984638230523707,0,0.001,0,-0.0078984638230523707,1.0769012453441071,1.0697424616479447,0.0066923281243304227
2023-02-10,conservative_adaptive,conservative,adaptive,0.012855445874175642,0,0.001,0,0.012855445874175642,1.0907452910154607,1.0834944779629674,0.0066923281243304227
2023-02-13,conservative_adaptive,conservative,adaptive,0.0064877469369095664,0,0.001,0,0.0064877469369095664,1.0978217704361948,1.09052391594353,0.0066923281243304227
2023-02-14,conservative_adaptive,conservative,adaptive,-0.005503627345343598,0,0.001,0,-0.005503627345343598,1.0917797685201087,1.084522078698992,0.0066923281243304227
2023-02-15,conservative_adaptive,conservative,adaptive,0.006739909518888032,0,0.001,0,0.006739909518888032,1.0991382653744868,1.0918316593806596,0.0066923281243304227
2023-02-16,conservative_adaptive,conservative,adaptive,-0.015099787756885807,0,0.001,0,-0.015099787756885807,1.0825415108518603,1.0753452330577633,0.0066923281243304227
2023-02-17,conservative_adaptive,conservative,adaptive,0.01368502658641102,0,0.001,0,0.01368502658641102,1.0973561202087616,1.0900613611617291,0.0066923281243304227
2023-02-21,conservative_adaptive,conservative,adaptive,-0.0056339456265676047,0,0.001,0,-0.0056339456265676047,1.0911736754945243,1.0839200147233217,0.0066923281243304227
2023-02-22,conservative_adaptive,conservative,adaptive,-0.0046319095924080012,0,0.001,0,-0.0046319095924080012,1.0861194576800182,1.0788993952097217,0.0066923281243304227
2023-02-23,conservative_adaptive,conservative,adaptive,0.0017950811663240973,0,0.001,0,0.0017950811663240973,1.0880691302628778,1.080836107194421,0.0066923281243304227
2023-02-24,conservative_adaptive,conservative,adaptive,-0.010158855242452192,0,0.001,0,-0.010158855242452192,1.0770155934747563,1.0698560496406173,0.0066923281243304227
2023-02-27,conservative_adaptive,conservative,adaptive,1.8043270651357801e-05,0,0.001,0,1.8043270651357801e-05,1.077035026358605,1.0698753533428789,0.0066923281243304227
2023-02-28,conservative_adaptive,conservative,adaptive,-0.010192939244447974,0,0.001,0,-0.010192939244447974,1.0660568737707894,1.0589701788671226,0.0066923281243304227
2023-03-01,conservative_adaptive,conservative,adaptive,0.0019646317392851831,0.2317072399129963,0.001,0.00023170723991299631,0.0017329244993721867,1.0681512829408826,1.0608052942341861,0.0069240353642434187
2023-03-02,conservative_adaptive,conservative,adaptive,0.0034082290617383215,0,0.001,0,0.0034082290617383215,1.0717917871857348,1.0644207616668409,0.0069240353642434187
2023-03-03,conservative_adaptive,conservative,adaptive,0.0020827313922329171,0,0.001,0,0.0020827313922329171,1.0740240415868438,1.0666376642017088,0.0069240353642434187
2023-03-06,conservative_adaptive,conservative,adaptive,0.0069245170274383483,0,0.001,0,0.0069245170274383483,1.0814611393506901,1.0740236148695805,0.0069240353642434187
2023-03-07,conservative_adaptive,conservative,adaptive,-0.01190312328499199,0,0.001,0,-0.01190312328499199,1.0685883740810709,1.0612393793707953,0.0069240353642434187
2023-03-08,conservative_adaptive,conservative,adaptive,-0.0051175258479112529,0,0.001,0,-0.0051175258479112529,1.0631198454559336,1.055808459416044,0.0069240353642434187
2023-03-09,conservative_adaptive,conservative,adaptive,-0.016250147587332786,0,0.001,0,-0.016250147587332786,1.0458439910642523,1.0386514161265787,0.0069240353642434187
2023-03-10,conservative_adaptive,conservative,adaptive,-0.006883036675829235,0,0.001,0,-0.006883036675829235,1.0386454085165615,1.0315023403359775,0.0069240353642434187
2023-03-13,conservative_adaptive,conservative,adaptive,0.012770394621979708,0,0.001,0,0.012770394621979708,1.0519093202556253,1.0446750322755636,0.0069240353642434187
2023-03-14,conservative_adaptive,conservative,adaptive,0.0071046640168996866,0,0.001,0,0.0071046640168996866,1.0593827825522868,1.0520970973867252,0.0069240353642434187
2023-03-15,conservative_adaptive,conservative,adaptive,0.0019748746233909653,0,0.001,0,0.0019748746233909653,1.0614749307260065,1.0541748572456975,0.0069240353642434187
2023-03-16,conservative_adaptive,conservative,adaptive,0.00049989623830493102,0,0.001,0,0.00049989623830493102,1.0620055580509313,1.0547018352913502,0.0069240353642434187
2023-03-17,conservative_adaptive,conservative,adaptive,-0.0066561693339873829,0,0.001,0,-0.0066561693339873829,1.0549366692229085,1.0476815612787838,0.0069240353642434187
2023-03-20,conservative_adaptive,conservative,adaptive,0.009230789949282725,0,0.001,0,0.009230789949282725,1.0646745680263012,1.0573524897046849,0.0069240353642434187
2023-03-21,conservative_adaptive,conservative,adaptive,0.0036748675122686425,0,0.001,0,0.0036748675122686425,1.0685871060074796,1.0612381200181169,0.0069240353642434187
2023-03-22,conservative_adaptive,conservative,adaptive,-0.019083766006400826,0,0.001,0,-0.019083766006400826,1.048194439718976,1.0409857000586185,0.0069240353642434187
2023-03-23,conservative_adaptive,conservative,adaptive,0.010206375623242447,0,0.001,0,0.010206375623242447,1.058892705896942,1.0516103911318406,0.0069240353642434187
2023-03-24,conservative_adaptive,conservative,adaptive,0.013591393994488721,0,0.001,0,0.013591393994488721,1.0732845338606776,1.0659032422864119,0.0069240353642434187
2023-03-27,conservative_adaptive,conservative,adaptive,0.0032922939333031032,0,0.001,0,0.0032922939333031032,1.0768181020202152,1.0694125090644795,0.0069240353642434187
2023-03-28,conservative_adaptive,conservative,adaptive,0.0030021631209196098,0,0.001,0,0.0030021631209196098,1.0800508856140389,1.0726230598602429,0.0069240353642434187
2023-03-29,conservative_adaptive,conservative,adaptive,0.0099806498902499374,0,0.001,0,0.0099806498902499374,1.0908304953670072,1.0833285350849164,0.0069240353642434187
2023-03-30,conservative_adaptive,conservative,adaptive,0.0048176878290007163,0,0.001,0,0.0048176878290007163,1.0960857761680396,1.0885476737832043,0.0069240353642434187
2023-03-31,conservative_adaptive,conservative,adaptive,0.0089525821684250939,0,0.001,0,0.0089525821684250939,1.105898574142826,1.0982929862769963,0.0069240353642434187
2023-04-03,conservative_adaptive,conservative,adaptive,0.0079176258619821915,0.1502505358595973,0.001,0.0001502505358595973,0.0077673753261225942,1.1146546652941884,1.1068238401194577,0.007074285900103016
2023-04-04,conservative_adaptive,conservative,adaptive,0.0082298788588750504,0,0.001,0,0.0082298788588750504,1.1238281381590396,1.1159328662417556,0.007074285900103016
2023-04-05,conservative_adaptive,conservative,adaptive,0.015983958859175917,0,0.001,0,0.015983958859175917,1.1417913608841579,1.133769891265366,0.007074285900103016
2023-04-06,conservative_adaptive,conservative,adaptive,5.4177234158458987e-05,0,0.001,0,5.4177234158458987e-05,1.1418532199820766,1.1338313157822468,0.007074285900103016
2023-04-10,conservative_adaptive,conservative,adaptive,-0.00058159476211594452,0,0.001,0,-0.00058159476211594452,1.1411891241302297,1.133171885427865,0.007074285900103016
2023-04-11,conservative_adaptive,conservative,adaptive,-0.0018268935725731517,0,0.001,0,-0.0018268935725731517,1.1391042930542659,1.1311017009937563,0.007074285900103016
2023-04-12,conservative_adaptive,conservative,adaptive,-0.00075983453843397886,0,0.001,0,-0.00075983453843397886,1.1382387622695249,1.1302422508548597,0.007074285900103016
2023-04-13,conservative_adaptive,conservative,adaptive,0.0095078355796567315,0,0.001,0,0.0095078355796567315,1.1490609492715755,1.140988408341169,0.007074285900103016
2023-04-14,conservative_adaptive,conservative,adaptive,-0.0046329311559963893,0,0.001,0,-0.0046329311559963893,1.1437374289995565,1.1357022875955345,0.007074285900103016
2023-04-17,conservative_adaptive,conservative,adaptive,-0.0029363701219862204,0,0.001,0,-0.0029363701219862204,1.1403789925856449,1.1323674453307675,0.007074285900103016
2023-04-18,conservative_adaptive,conservative,adaptive,0.0015916165672056337,0,0.001,0,0.0015916165672056337,1.1421940386831375,1.1341697401169202,0.007074285900103016
2023-04-19,conservative_adaptive,conservative,adaptive,-0.0067022992598539943,0,0.001,0,-0.0067022992598539943,1.1345387124230619,1.1265681951071858,0.007074285900103016
2023-04-20,conservative_adaptive,conservative,adaptive,-0.0077646962820729915,0,0.001,0,-0.0077646962820729915,1.1257293639008428,1.1178207352311353,0.007074285900103016
2023-04-21,conservative_adaptive,conservative,adaptive,0.0028156338249250012,0,0.001,0,0.0028156338249250012,1.1288990055755532,1.1209681091034547,0.007074285900103016
2023-04-24,conservative_adaptive,conservative,adaptive,0.0012388294874752237,0,0.001,0,0.0012388294874752237,1.1302975189520417,1.1223567974515314,0.007074285900103016
2023-04-25,conservative_adaptive,conservative,adaptive,0.001727844699742187,0,0.001,0,0.001727844699742187,1.1322504975292946,1.1242960556952277,0.007074285900103016
2023-04-26,conservative_adaptive,conservative,adaptive,-0.019425064547499593,0,0.001,0,-0.019425064547499593,1.1102564585308496,1.1024565322428488,0.007074285900103016
2023-04-27,conservative_adaptive,conservative,adaptive,0.012738315630785424,0,0.001,0,0.012738315630785424,1.1243992557307336,1.1164999715197794,0.007074285900103016
2023-04-28,conservative_adaptive,conservative,adaptive,0.0024684879215401967,0,0.001,0,0.0024684879215401967,1.1271748217124937,1.1192560382138759,0.007074285900103016
2023-05-01,conservative_adaptive,conservative,adaptive,-0.0014814158170544101,0.21610772790753391,0.001,0.00021610772790753391,-0.0016975235449619439,1.1255050071030233,1.1173560747361668,0.0072903936280105499
2023-05-02,conservative_adaptive,conservative,adaptive,-0.0050771300138585662,0,0.001,0,-0.0050771300138585662,1.1197906718507125,1.1116831126729567,0.0072903936280105499
2023-05-03,conservative_adaptive,conservative,adaptive,-0.013962841235871992,0,0.001,0,-0.013962841235871992,1.1041552124822505,1.0961608578661042,0.0072903936280105499
2023-05-04,conservative_adaptive,conservative,adaptive,0.0024541980093484295,0,0.001,0,0.0024541980093484295,1.106865028006736,1.0988510536614049,0.0072903936280105499
2023-05-05,conservative_adaptive,conservative,adaptive,0.01332581936043975,0,0.001,0,0.01332581936043975,1.1216149114263418,1.1134941443065256,0.0072903936280105499
2023-05-08,conservative_adaptive,conservative,adaptive,-0.0031615567195200089,0,0.001,0,-0.0031615567195200089,1.1180688622664081,1.1099737694124472,0.0072903936280105499
2023-05-09,conservative_adaptive,conservative,adaptive,-0.0026577016011064547,0,0.001,0,-0.0026577016011064547,1.1150973688610155,1.1070237903482936,0.0072903936280105499
2023-05-10,conservative_adaptive,conservative,adaptive,0.00064807366903352204,0,0.001,0,0.00064807366903352204,1.1158200341041828,1.1077412233178119,0.0072903936280105499
2023-05-11,conservative_adaptive,conservative,adaptive,-0.0055173306377411802,0,0.001,0,-0.0055173306377411802,1.1096636860438145,1.1016294487277116,0.0072903936280105499
2023-05-12,conservative_adaptive,conservative,adaptive,0.0013329011662304158,0,0.001,0,0.0013329011662304158,1.1111427580650659,1.1030978119046746,0.0072903936280105499
2023-05-15,conservative_adaptive,conservative,adaptive,-0.0016362407336300011,0,0.001,0,-0.0016362407336300011,1.109324661023442,1.101292878331658,0.0072903936280105499
2023-05-16,conservative_adaptive,conservative,adaptive,-0.013161193450120012,0,0.001,0,-0.013161193450120012,1.0947246245607236,1.0867985497146955,0.0072903936280105499
2023-05-17,conservative_adaptive,conservative,adaptive,-0.00030267353511659323,0,0.001,0,-0.00030267353511659323,1.0943932803886287,1.0864696045556936,0.0072903936280105499
2023-05-18,conservative_adaptive,conservative,adaptive,-0.00094335425883695923,0,0.001,0,-0.00094335425883695923,1.0933608798267316,1.085444678827139,0.0072903936280105499
2023-05-19,conservative_adaptive,conservative,adaptive,-0.00058706682316922443,0,0.001,0,-0.00058706682316922443,1.0927190039284342,1.084807450267814,0.0072903936280105499
2023-05-22,conservative_adaptive,conservative,adaptive,-0.0029526625627860348,0,0.001,0,-0.0029526625627860348,1.0894925734338898,1.0816043799215769,0.0072903936280105499
2023-05-23,conservative_adaptive,conservative,adaptive,-0.0054394084467928039,0,0.001,0,-0.0054394084467928039,1.0835663783272356,1.0757210919213434,0.0072903936280105499
2023-05-24,conservative_adaptive,conservative,adaptive,-0.0083579423215172088,0,0.001,0,-0.0083579423215172088,1.0745099930356412,1.0667302770810252,0.0072903936280105499
2023-05-25,conservative_adaptive,conservative,adaptive,-0.012988436831223416,0,0.001,0,-0.012988436831223416,1.0605537878665794,1.0528751182612048,0.0072903936280105499
2023-05-26,conservative_adaptive,conservative,adaptive,0.0011493914126485816,0,0.001,0,0.0011493914126485816,1.0617727792830052,1.0540852838807255,0.0072903936280105499
2023-05-30,conservative_adaptive,conservative,adaptive,-0.0014527996271151977,0,0.001,0,-0.0014527996271151977,1.0602302361851819,1.052553909173356,0.0072903936280105499
2023-05-31,conservative_adaptive,conservative,adaptive,0.0066516052696019567,0,0.001,0,0.0066516052696019567,1.0672824692111826,1.0595550823021536,0.0072903936280105499
2023-06-01,conservative_adaptive,conservative,adaptive,-0.001397679303101973,0.4048384188976778,0.001,0.00040483841889767781,-0.0018025177219996508,1.0657907505934026,1.0576452154888691,0.0076952320469082279
2023-06-02,conservative_adaptive,conservative,adaptive,0.014765813776678183,0,0.001,0,0.014765813776678183,1.0815280183415708,1.0732622077825724,0.0076952320469082279
2023-06-05,conservative_adaptive,conservative,adaptive,-0.0033728615418175956,0,0.001,0,-0.0033728615418175956,1.0778801740821082,1.0696422429576564,0.0076952320469082279
2023-06-06,conservative_adaptive,conservative,adaptive,-0.0043779663964268467,0,0.001,0,-0.0043779663964268467,1.0731612509006021,1.0649593851617891,0.0076952320469082279
2023-06-07,conservative_adaptive,conservative,adaptive,-0.002201440288053802,0,0.001,0,-0.002201440288053802,1.0707987504872913,1.0626149406661529,0.0076952320469082279
2023-06-08,conservative_adaptive,conservative,adaptive,0.0074500002581285862,0,0.001,0,0.0074500002581285862,1.0787762014548254,1.070531422248407,0.0076952320469082279
2023-06-09,conservative_adaptive,conservative,adaptive,-0.00033923867444396461,0,0.001,0,-0.00033923867444396461,1.0784102388462222,1.0701682565877728,0.0076952320469082279
2023-06-12,conservative_adaptive,conservative,adaptive,-0.00094934918965883242,0,0.001,0,-0.00094934918965883242,1.0773864509598539,1.0691522932205826,0.0076952320469082279
2023-06-13,conservative_adaptive,conservative,adaptive,0.00460752195798797,0,0.001,0,0.00460752195798797,1.0823505326898901,1.0740784358880295,0.0076952320469082279
2023-06-14,conservative_adaptive,conservative,adaptive,-0.0013723580278005576,0,0.001,0,-0.0013723580278005576,1.080865160247459,1.0726044157240511,0.0076952320469082279
2023-06-15,conservative_adaptive,conservative,adaptive,0.0067347435528755106,0,0.001,0,0.0067347435528755106,1.0881445099169633,1.0798281313976343,0.0076952320469082279
2023-06-16,conservative_adaptive,conservative,adaptive,0.00045771840196495717,0,0.001,0,0.00045771840196495717,1.0886425736831495,1.0803223886043345,0.0076952320469082279
2023-06-20,conservative_adaptive,conservative,adaptive,-0.0043314412488747456,0,0.001,0,-0.0043314412488747456,1.0839271823342171,1.0756430356482507,0.0076952320469082279
2023-06-21,conservative_adaptive,conservative,adaptive,0.0023095317625032585,0,0.001,0,0.0023095317625032585,1.0864305465900588,1.0781272674041957,0.0076952320469082279
2023-06-22,conservative_adaptive,conservative,adaptive,0.0070560769273229074,0,0.001,0,0.0070560769273229074,1.0940964841029917,1.0857346163404442,0.0076952320469082279
2023-06-23,conservative_adaptive,conservative,adaptive,-0.0018626313589620302,0,0.001,0,-0.0018626313589620302,1.0920585856819713,1.0837122929965379,0.0076952320469082279
2023-06-26,conservative_adaptive,conservative,adaptive,0.00059364303576892041,0,0.001,0,0.00059364303576892041,1.092706878656013,1.0843556312520526,0.0076952320469082279
2023-06-27,conservative_adaptive,conservative,adaptive,0.0061389051243010417,0,0.001,0,0.0061389051243010417,1.0994149025127533,1.0910123875933104,0.0076952320469082279
2023-06-28,conservative_adaptive,conservative,adaptive,-0.0060872162652909623,0,0.001,0,-0.0060872162652909623,1.0927225262358744,1.0843711592419185,0.0076952320469082279
2023-06-29,conservative_adaptive,conservative,adaptive,0.0007556859570467811,0,0.001,0,0.0007556859570467811,1.0935482813038995,1.0851906032991843,0.0076952320469082279
2023-06-30,conservative_adaptive,conservative,adaptive,0.01233705727317691,0,0.001,0,0.01233705727317691,1.1070394490813298,1.0985786619243998,0.0076952320469082279
2023-07-03,conservative_adaptive,conservative,adaptive,0.0024656170410202183,0.2372756251848267,0.001,0.00023727562518482671,0.0022283414158353917,1.1097689844120664,1.1010266702553191,0.0079325076720930549
2023-07-05,conservative_adaptive,conservative,adaptive,-0.00030297104229437544,0,0.001,0,-0.00030297104229437544,1.109432756546153,1.100693091057438,0.0079325076720930549
2023-07-06,conservative_adaptive,conservative,adaptive,-0.0096962393309003581,0,0.001,0,-0.0096962393309003581,1.0986754310171409,1.0900205074166764,0.0079325076720930549
2023-07-07,conservative_adaptive,conservative,adaptive,-0.010730482947047593,0,0.001,0,-0.010730482947047593,1.0868861130402714,1.0783240609499096,0.0079325076720930549
2023-07-10,conservative_adaptive,conservative,adaptive,0.0031820587146487167,0,0.001,0,0.0031820587146487167,1.0903446484681019,1.0817553514252707,0.0079325076720930549
2023-07-11,conservative_adaptive,conservative,adaptive,0.0093534454212804707,0,0.001,0,0.0093534454212804707,1.1005431276279336,1.0918734910640051,0.0079325076720930549
2023-07-12,conservative_adaptive,conservative,adaptive,-0.0020396563157467629,0,0.001,0,-0.0020396563157467629,1.0982983978869156,1.08964644440196,0.0079325076720930549
2023-07-13,conservative_adaptive,conservative,adaptive,0.027205077457508109,0,0.001,0,0.027205077457508109,1.1281776908728862,1.1192903603232136,0.0079325076720930549
2023-07-14,conservative_adaptive,conservative,adaptive,-0.0056459956049917936,0,0.001,0,-0.0056459956049917936,1.1218080045885681,1.1129708518681192,0.0079325076720930549
2023-07-17,conservative_adaptive,conservative,adaptive,-0.0054418763527781522,0,0.001,0,-0.0054418763527781522,1.1157032641360403,1.1069142021080067,0.0079325076720930549
2023-07-18,conservative_adaptive,conservative,adaptive,0.0010417471735653105,0,0.001,0,0.0010417471735653105,1.1168655448579916,1.1080673268494321,0.0079325076720930549
2023-07-19,conservative_adaptive,conservative,adaptive,0.010089322928778177,0,0.001,0,0.010089322928778177,1.1281339620080897,1.119246975936844,0.0079325076720930549
2023-07-20,conservative_adaptive,conservative,adaptive,0.010580175420008109,0,0.001,0,0.010580175420008109,1.1400698172234041,1.1310888052805694,0.0079325076720930549
2023-07-21,conservative_adaptive,conservative,adaptive,0.0054579074681511131,0,0.001,0,0.0054579074681511131,1.1462922127930413,1.1372621833180523,0.0079325076720930549
2023-07-24,conservative_adaptive,conservative,adaptive,-0.0040836941946977845,0,0.001,0,-0.0040836941946977845,1.141611105938231,1.1326179523421871,0.0079325076720930549
2023-07-25,conservative_adaptive,conservative,adaptive,-0.0023148814310379739,0,0.001,0,-0.0023148814310379739,1.138968411587628,1.1299960760758498,0.0079325076720930549
2023-07-26,conservative_adaptive,conservative,adaptive,0.0043413591939402973,0,0.001,0,0.0043413591939402973,1.1439130825728814,1.1349017949298381,0.0079325076720930549
2023-07-27,conservative_adaptive,conservative,adaptive,-0.0069175775517807958,0,0.001,0,-0.0069175775517807958,1.1359999751116869,1.1270510237497557,0.0079325076720930549
2023-07-28,conservative_adaptive,conservative,adaptive,0.0027498780418317992,0,0.001,0,0.0027498780418317992,1.1391238364987681,1.1301502766119893,0.0079325076720930549
2023-07-31,conservative_adaptive,conservative,adaptive,-0.0048647676574715693,0,0.001,0,-0.0048647676574715693,1.1335822637011139,1.1246523580982448,0.0079325076720930549
2023-08-01,conservative_adaptive,conservative,adaptive,-0.005436621839306377,0.14337044390206999,0.001,0.00014337044390207,-0.0055799922832084469,1.1274194056096261,1.1183768066187645,0.0080758781159951248
2023-08-02,conservative_adaptive,conservative,adaptive,-0.012738287811381199,0,0.001,0,-0.012738287811381199,1.1130580127368344,1.1041306009744813,0.0080758781159951248
2023-08-03,conservative_adaptive,conservative,adaptive,-0.0092884129062655862,0,0.001,0,-0.0092884129062655862,1.1027194703259071,1.0938749800501872,0.0080758781159951248
2023-08-04,conservative_adaptive,conservative,adaptive,-0.0078980260128436175,0,0.001,0,-0.0078980260128436175,1.0940101632644039,1.0852355270029521,0.0080758781159951248
2023-08-07,conservative_adaptive,conservative,adaptive,0.010702190806738843,0,0.001,0,0.010702190806738843,1.1057184687761712,1.0968499246831895,0.0080758781159951248
2023-08-08,conservative_adaptive,conservative,adaptive,-0.0021234191252438306,0,0.001,0,-0.0021234191252438306,1.1033705650324366,1.0945208525755949,0.0080758781159951248
2023-08-09,conservative_adaptive,conservative,adaptive,0.00177312882790992,0,0.001,0,0.00177312882790992,1.1053269831891628,1.0964615790520453,0.0080758781159951248
2023-08-10,conservative_adaptive,conservative,adaptive,-0.0028295464892964528,0,0.001,0,-0.0028295464892964528,1.1021994091043552,1.0933590900403902,0.0080758781159951248
2023-08-11,conservative_adaptive,conservative,adaptive,0.0056587310928104539,0,0.001,0,0.0056587310928104539,1.1084364591711313,1.0995461151188086,0.0080758781159951248
2023-08-14,conservative_adaptive,conservative,adaptive,-0.00018658157087680927,0,0.001,0,-0.00018658157087680927,1.1082296453553619,1.0993409600773982,0.0080758781159951248
2023-08-15,conservative_adaptive,conservative,adaptive,-0.0084155850404443733,0,0.001,0,-0.0084155850404443733,1.0989032445305325,1.090089362739423,0.0080758781159951248
2023-08-16,conservative_adaptive,conservative,adaptive,-0.0048457833542305817,0,0.001,0,-0.0048457833542305817,1.0935781974802765,1.0848070258508364,0.0080758781159951248
2023-08-17,conservative_adaptive,conservative,adaptive,-0.012201922781551966,0,0.001,0,-0.012201922781551966,1.0802344407590334,1.0715702942885195,0.0080758781159951248
2023-08-18,conservative_adaptive,conservative,adaptive,0.0025709145840704384,0,0.001,0,0.0025709145840704384,1.083011631236996,1.0743252099859624,0.0080758781159951248
2023-08-21,conservative_adaptive,conservative,adaptive,-0.0028178983833242466,0,0.001,0,-0.0028178983833242466,1.0799598145122118,1.0712978707135785,0.0080758781159951248
2023-08-22,conservative_adaptive,conservative,adaptive,-0.0058827159087202485,0,0.001,0,-0.0058827159087202485,1.0736067177306023,1.0649957296865535,0.0080758781159951248
2023-08-23,conservative_adaptive,conservative,adaptive,0.013546371536723445,0,0.001,0,0.013546371536723445,1.0881501932133033,1.0794225575259115,0.0080758781159951248
2023-08-24,conservative_adaptive,conservative,adaptive,-0.010392544652308766,0,0.001,0,-0.010392544652308766,1.0768415437419157,1.0682046103981142,0.0080758781159951248
2023-08-25,conservative_adaptive,conservative,adaptive,0.00253464138693138,0,0.001,0,0.00253464138693138,1.0795709508858511,1.0709121260133401,0.0080758781159951248
2023-08-28,conservative_adaptive,conservative,adaptive,0.0019548859333178292,0,0.001,0,0.0019548859333178292,1.0816813889517565,1.0730056370643031,0.0080758781159951248
2023-08-29,conservative_adaptive,conservative,adaptive,0.0097797113790076828,0,0.001,0,0.0097797113790076828,1.0922599207397488,1.0834993225028402,0.0080758781159951248
2023-08-30,conservative_adaptive,conservative,adaptive,0.00033939202788690892,0,0.001,0,0.00033939202788690892,1.0926306250492281,1.0838670535351185,0.0080758781159951248
2023-08-31,conservative_adaptive,conservative,adaptive,-0.007731468606567149,0,0.001,0,-0.007731468606567149,1.0841829856730862,1.0754871694370192,0.0080758781159951248
2023-09-01,conservative_adaptive,conservative,adaptive,0.0016793666858900824,0.4036445208872031,0.001,0.00040364452088720309,0.0012757221650028794,1.0860037264606344,1.0768591922572461,0.0084795226368823279
2023-09-05,conservative_adaptive,conservative,adaptive,-0.011325013107375437,0,0.001,0,-0.011325013107375437,1.073704720023809,1.0646637477901351,0.0084795226368823279
2023-09-06,conservative_adaptive,conservative,adaptive,-0.0029173978841138259,0,0.001,0,-0.0029173978841138259,1.0705722961454485,1.0615577000250394,0.0084795226368823279
2023-09-07,conservative_adaptive,conservative,adaptive,0.0083904834356400837,0,0.001,0,0.0083904834356400837,1.079554915262912,1.0704646823230757,0.0084795226368823279
2023-09-08,conservative_adaptive,conservative,adaptive,0.0042167249487206071,0,0.001,0,0.0042167249487206071,1.0841071014076151,1.0749785374557517,0.0084795226368823279
2023-09-11,conservative_adaptive,conservative,adaptive,0.00012663248337552169,0,0.001,0,0.00012663248337552169,1.0842443845821115,1.0751146646575251,0.0084795226368823279
2023-09-12,conservative_adaptive,conservative,adaptive,0.0045757615145154418,0,0.001,0,0.0045757615145154418,1.0892056283094118,1.0800341329637562,0.0084795226368823279
2023-09-13,conservative_adaptive,conservative,adaptive,0.002267291633500923,0,0.001,0,0.002267291633500923,1.0916751751176399,1.0824828853173203,0.0084795226368823279
2023-09-14,conservative_adaptive,conservative,adaptive,0.0075256476404288453,0,0.001,0,0.0075256476404288453,1.0998907378233787,1.0906292700890132,0.0084795226368823279
2023-09-15,conservative_adaptive,conservative,adaptive,-0.0065782991121003942,0,0.001,0,-0.0065782991121003942,1.0926553275593476,1.083454784529956,0.0084795226368823279
2023-09-18,conservative_adaptive,conservative,adaptive,0.00025342118642779354,0,0.001,0,0.00025342118642779354,1.0929322295688144,1.0837293549268925,0.0084795226368823279
2023-09-19,conservative_adaptive,conservative,adaptive,-0.00030962237702680806,0,0.001,0,-0.00030962237702680806,1.0925938332939662,1.0833938080679664,0.0084795226368823279
2023-09-20,conservative_adaptive,conservative,adaptive,-0.0027920563579023616,0,0.001,0,-0.0027920563579023616,1.089543249735113,1.0803689114980382,0.0084795226368823279
2023-09-21,conservative_adaptive,conservative,adaptive,-0.015495265488598808,0,0.001,0,-0.015495265488598808,1.0726604878191566,1.0636283083887474,0.0084795226368823279
2023-09-22,conservative_adaptive,conservative,adaptive,-0.0028683281897575741,0,0.001,0,-0.0028683281897575741,1.0695837455039057,1.0605774733283719,0.0084795226368823279
2023-09-25,conservative_adaptive,conservative,adaptive,-0.00017450623300718782,0,0.001,0,-0.00017450623300718782,1.0693970964735922,1.0603923959486892,0.0084795226368823279
2023-09-26,conservative_adaptive,conservative,adaptive,-0.0078167755144273876,0,0.001,0,-0.0078167755144273876,1.0610378594346777,1.0521035466323525,0.0084795226368823279
2023-09-27,conservative_adaptive,conservative,adaptive,-0.0055589024556768063,0,0.001,0,-0.0055589024556768063,1.0551396534723001,1.0462550056433517,0.0084795226368823279
2023-09-28,conservative_adaptive,conservative,adaptive,0.0054511024862851087,0,0.001,0,0.0054511024862851087,1.060891327860721,1.0519582489059025,0.0084795226368823279
2023-09-29,conservative_adaptive,conservative,adaptive,-0.0053007501236316257,0,0.001,0,-0.0053007501236316257,1.0552678080234037,1.0463820810879592,0.0084795226368823279
2023-10-02,conservative_adaptive,conservative,adaptive,-0.0064041943720771766,0.37335508314179061,0.001,0.00037335508314179062,-0.0067775494552189675,1.048509667866226,1.0392901747843306,0.0088528777200241188
2023-10-03,conservative_adaptive,conservative,adaptive,-0.012797865833132804,0,0.001,0,-0.012797865833132804,1.0350909818121314,1.0259894785657475,0.0088528777200241188
2023-10-04,conservative_adaptive,conservative,adaptive,0.0060665553023866448,0,0.001,0,0.0060665553023866448,1.0413704184962964,1.0322137004771335,0.0088528777200241188
2023-10-05,conservative_adaptive,conservative,adaptive,-0.0046064311038785943,0,0.001,0,-0.0046064311038785943,1.036573417409876,1.0274588791814059,0.0088528777200241188
2023-10-06,conservative_adaptive,conservative,adaptive,0.0059890842349192841,0,0.001,0,0.0059890842349192841,1.0427815429224219,1.0336124169567391,0.0088528777200241188
2023-10-09,conservative_adaptive,conservative,adaptive,0.0030904160733358221,0,0.001,0,0.0030904160733358221,1.0460041717636472,1.0368067093837017,0.0088528777200241188
2023-10-10,conservative_adaptive,conservative,adaptive,0.0059461056165339699,0,0.001,0,0.0059461056165339699,1.0522238230442891,1.0429716715816282,0.0088528777200241188
2023-10-11,conservative_adaptive,conservative,adaptive,0.0011291629609575526,0,0.001,0,0.0011291629609575526,1.0534119552119079,1.0441493565625062,0.0088528777200241188
2023-10-12,conservative_adaptive,conservative,adaptive,-0.0050981889450212314,0,0.001,0,-0.0050981889450212314,1.0480414620272933,1.0388260858559282,0.0088528777200241188
2023-10-13,conservative_adaptive,conservative,adaptive,0.0029130943941721998,0,0.001,0,0.0029130943941721998,1.051094505735185,1.041852284303155,0.0088528777200241188
2023-10-16,conservative_adaptive,conservative,adaptive,0.010586341038885783,0,0.001,0,0.010586341038885783,1.0622217506369969,1.0528816878969305,0.0088528777200241188
2023-10-17,conservative_adaptive,conservative,adaptive,-0.0018810447216436321,0,0.001,0,-0.0018810447216436321,1.060223664019746,1.0509011703553968,0.0088528777200241188
2023-10-18,conservative_adaptive,conservative,adaptive,-0.0097246682074167978,0,0.001,0,-0.0097246682074167978,1.0499133406615022,1.0406815051549045,0.0088528777200241188
2023-10-19,conservative_adaptive,conservative,adaptive,-0.0087838471573962185,0,0.001,0,-0.0087838471573962185,1.0406910623486203,1.0315403178740947,0.0088528777200241188
2023-10-20,conservative_adaptive,conservative,adaptive,0.0033735712669491491,0,0.001,0,0.0033735712669491491,1.0442019078143303,1.0350202926511745,0.0088528777200241188
2023-10-23,conservative_adaptive,conservative,adaptive,0.00559183535324137,0,0.001,0,0.00559183535324137,1.0500409129583685,1.0408079557149434,0.0088528777200241188
2023-10-24,conservative_adaptive,conservative,adaptive,0.0098452561049644505,0,0.001,0,0.0098452561049644505,1.0603788346671343,1.0510549765950417,0.0088528777200241188
2023-10-25,conservative_adaptive,conservative,adaptive,-0.0020075250047110194,0,0.001,0,-0.0020075250047110194,1.0582500976420737,1.0489449574482013,0.0088528777200241188
2023-10-26,conservative_adaptive,conservative,adaptive,-0.0040892786620512211,0,0.001,0,-0.0040892786620512211,1.0539226180986723,1.0446555292160422,0.0088528777200241188
2023-10-27,conservative_adaptive,conservative,adaptive,-0.014703816668487191,0,0.001,0,-0.014703816668487191,1.0384259331393773,1.029295105832728,0.0088528777200241188
2023-10-30,conservative_adaptive,conservative,adaptive,0.0076073197002783921,0,0.001,0,0.0076073197002783921,1.0463255711978283,1.0371252827687294,0.0088528777200241188
2023-10-31,conservative_adaptive,conservative,adaptive,0.0057261526384309036,0,0.001,0,0.0057261526384309036,1.0523169911280006,1.043064020443039,0.0088528777200241188
2023-11-01,conservative_adaptive,conservative,adaptive,0.0086623526959848096,0.33882634191477962,0.001,0.00033882634191477961,0.0083235263540700297,1.0614325320531288,1.0517459913061789,0.0091917040619388986
2023-11-02,conservative_adaptive,conservative,adaptive,0.0088050445498510932,0,0.001,0,0.0088050445498510932,1.0707784927845179,1.0610066616147571,0.0091917040619388986
2023-11-03,conservative_adaptive,conservative,adaptive,0.0043620593454554157,0,0.001,0,0.0043620593454554157,1.0754492921158811,1.0656348356386443,0.0091917040619388986
2023-11-06,conservative_adaptive,conservative,adaptive,0.00011359979623448702,0,0.001,0,0.00011359979623448702,1.075571462936326,1.0657558915388332,0.0091917040619388986
2023-11-07,conservative_adaptive,conservative,adaptive,-0.0008362160945784014,0,0.001,0,-0.0008362160945784014,1.0746720527681495,1.0648646893094367,0.0091917040619388986
2023-11-08,conservative_adaptive,conservative,adaptive,-0.0031749479756856269,0,0.001,0,-0.0031749479756856269,1.0712600249096873,1.0614837993197346,0.0091917040619388986
2023-11-09,conservative_adaptive,conservative,adaptive,-0.003292534672107994,0,0.001,0,-0.003292534672107994,1.0677328641348289,1.0579888271065934,0.0091917040619388986
2023-11-10,conservative_adaptive,conservative,adaptive,0.0085367414981998291,0,0.001,0,0.0085367414981998291,1.0768478235850805,1.067020604231586,0.0091917040619388986
2023-11-13,conservative_adaptive,conservative,adaptive,-0.0027136053810555838,0,0.001,0,-0.0027136053810555838,1.0739256835364219,1.064125131378246,0.0091917040619388986
2023-11-14,conservative_adaptive,conservative,adaptive,0.0046497659710384998,0,0.001,0,0.0046497659710384998,1.0789191866351537,1.0690730642030555,0.0091917040619388986
2023-11-15,conservative_adaptive,conservative,adaptive,0.0064114759017117606,0,0.001,0,0.0064114759017117606,1.0858366510001596,1.0759274003913626,0.0091917040619388986
2023-11-16,conservative_adaptive,conservative,adaptive,-0.0079595038855515554,0,0.001,0,-0.0079595038855515554,1.0771939299574496,1.0673635520673761,0.0091917040619388986
2023-11-17,conservative_adaptive,conservative,adaptive,0.00027379182034104055,0,0.001,0,0.00027379182034104055,1.077488856844393,1.0676557874772623,0.0091917040619388986
2023-11-20,conservative_adaptive,conservative,adaptive,0.0035316872780064568,0,0.001,0,0.0035316872780064568,1.081294210532304,1.0714264138391858,0.0091917040619388986
2023-11-21,conservative_adaptive,conservative,adaptive,-0.003606656794006402,0,0.001,0,-0.003606656794006402,1.077394353421568,1.0675621464844347,0.0091917040619388986
2023-11-22,conservative_adaptive,conservative,adaptive,0.0052862373854063449,0,0.001,0,0.0052862373854063449,1.0830897157314507,1.0732055334144253,0.0091917040619388986
2023-11-24,conservative_adaptive,conservative,adaptive,0.0030718417751014471,0,0.001,0,0.0030718417751014471,1.0864167959664173,1.0765022510052378,0.0091917040619388986
2023-11-27,conservative_adaptive,conservative,adaptive,-0.0030544334080317981,0,0.001,0,-0.0030544334080317981,1.0830984082097705,1.0732141465659459,0.0091917040619388986
2023-11-28,conservative_adaptive,conservative,adaptive,0.00023767146527942096,0,0.001,0,0.00023767146527942096,1.0833558297954915,1.0734692189447188,0.0091917040619388986
2023-11-29,conservative_adaptive,conservative,adaptive,-0.0002380255800336073,0,0.001,0,-0.0002380255800336073,1.0830979633957216,1.0732137058112312,0.0091917040619388986
2023-11-30,conservative_adaptive,conservative,adaptive,0.0078581790324245837,0,0.001,0,0.0078581790324245837,1.0916091411017397,1.0816472112515476,0.0091917040619388986
2023-12-01,conservative_adaptive,conservative,adaptive,0.0052026098781134955,0.21344178845106079,0.001,0.00021344178845106079,0.004989168089662435,1.0972883576022745,1.0870437310021963,0.0094051458503899583
2023-12-04,conservative_adaptive,conservative,adaptive,0.0057899185706573597,0,0.001,0,0.0057899185706573597,1.1036415678413221,1.0933376256874425,0.0094051458503899583
2023-12-05,conservative_adaptive,conservative,adaptive,0.0023561640850728871,0,0.001,0,0.0023561640850728871,1.1062419284662632,1.0959137085339461,0.0094051458503899583
2023-12-06,conservative_adaptive,conservative,adaptive,0.0001704131954927135,0,0.001,0,0.0001704131954927135,1.1064304466882813,1.0961004666910017,0.0094051458503899583
2023-12-07,conservative_adaptive,conservative,adaptive,0.0015255162813312406,0,0.001,0,0.0015255162813312406,1.1081183243488648,1.0977725857989136,0.0094051458503899583
2023-12-08,conservative_adaptive,conservative,adaptive,0.0035908028948858917,0,0.001,0,0.0035908028948858917,1.1120973588358127,1.1017144707779267,0.0094051458503899583
2023-12-11,conservative_adaptive,conservative,adaptive,0.0019693572324559483,0,0.001,0,0.0019693572324559483,1.1142874758126311,1.1038841401390547,0.0094051458503899583
2023-12-12,conservative_adaptive,conservative,adaptive,0.0046143069426785033,0,0.001,0,0.0046143069426785033,1.1194291402484131,1.1089778003908111,0.0094051458503899583
2023-12-13,conservative_adaptive,conservative,adaptive,0.015149551631781222,0,0.001,0,0.015149551631781222,1.1363879898067268,1.1257783168363309,0.0094051458503899583
2023-12-14,conservative_adaptive,conservative,adaptive,-0.0061987884591899745,0,0.001,0,-0.0061987884591899745,1.1293437610503507,1.1187998551983196,0.0094051458503899583
2023-12-15,conservative_adaptive,conservative,adaptive,-0.0082171617889585935,0,0.001,0,-0.0082171617889585935,1.1200637606504491,1.1096064957786915,0.0094051458503899583
2023-12-18,conservative_adaptive,conservative,adaptive,0.004786800785662626,0,0.001,0,0.004786800785662626,1.1254252827399229,1.1149179610244613,0.0094051458503899583
2023-12-19,conservative_adaptive,conservative,adaptive,-0.00062166181018796784,0,0.001,0,-0.00062166181018796784,1.1247256488214235,1.1142248591065997,0.0094051458503899583
2023-12-20,conservative_adaptive,conservative,adaptive,-0.011157450191768392,0,0.001,0,-0.011157450191768392,1.1121765784152939,1.1017929507386877,0.0094051458503899583
2023-12-21,conservative_adaptive,conservative,adaptive,0.0068207436821232648,0,0.001,0,0.0068207436821232648,1.1197624497859255,1.1093079980464464,0.0094051458503899583
2023-12-22,conservative_adaptive,conservative,adaptive,0.0069414388332595944,0,0.001,0,0.0069414388332595944,1.1275352123388955,1.1170081916621315,0.0094051458503899583
2023-12-26,conservative_adaptive,conservative,adaptive,0.00072895286017349292,0,0.001,0,0.00072895286017349292,1.1283571323568764,1.1178224379782808,0.0094051458503899583
2023-12-27,conservative_adaptive,conservative,adaptive,0.0085560029939719673,0,0.001,0,0.0085560029939719673,1.1380113593595915,1.127386530104352,0.0094051458503899583
2023-12-28,conservative_adaptive,conservative,adaptive,0.0019698963821552784,0,0.001,0,0.0019698963821552784,1.1402531238192455,1.1296073647512952,0.0094051458503899583
2023-12-29,conservative_adaptive,conservative,adaptive,-0.00039257169573636563,0,0.001,0,-0.00039257169573636563,1.139805492716859,1.1291639128725985,0.0094051458503899583
2021-01-04,conservative_fixed,conservative,fixed,0.008374997222333036,0,0.001,0,0.008374997222333036,1.008374997222333,1.008374997222333,0
2021-01-05,conservative_fixed,conservative,fixed,0.0048815892763502955,0,0.001,0,0.0048815892763502955,1.0132974697953134,1.0132974697953134,0
2021-01-06,conservative_fixed,conservative,fixed,0.017902691265234916,0,0.001,0,0.017902691265234916,1.0314382215569027,1.0314382215569027,0
2021-01-07,conservative_fixed,conservative,fixed,0.012535199980572065,0,0.001,0,0.012535199980572065,1.0443675059317241,1.0443675059317241,0
2021-01-08,conservative_fixed,conservative,fixed,-0.0031026486049268165,0,0.001,0,-0.0031026486049268165,1.0411272005464141,1.0411272005464141,0
2021-01-11,conservative_fixed,conservative,fixed,-0.015575516606906037,0,0.001,0,-0.015575516606906037,1.0249111065444019,1.0249111065444019,0
2021-01-12,conservative_fixed,conservative,fixed,-0.011911133982395183,0,0.001,0,-0.011911133982395183,1.0127032530343065,1.0127032530343065,0
2021-01-13,conservative_fixed,conservative,fixed,0.0035296567785387811,0,0.001,0,0.0035296567785387811,1.0162777479360274,1.0162777479360274,0
2021-01-14,conservative_fixed,conservative,fixed,0.0048850589882949436,0,0.001,0,0.0048850589882949436,1.0212423246831865,1.0212423246831865,0
2021-01-15,conservative_fixed,conservative,fixed,-0.0051952128219946436,0,0.001,0,-0.0051952128219946436,1.0159367534636288,1.0159367534636288,0
2021-01-19,conservative_fixed,conservative,fixed,0.012192560880369685,0,0.001,0,0.012192560880369685,1.0283236241808391,1.0283236241808391,0
2021-01-20,conservative_fixed,conservative,fixed,0.013544213506813785,0,0.001,0,0.013544213506813785,1.0422514589008449,1.0422514589008449,0
2021-01-21,conservative_fixed,conservative,fixed,-0.024460547582151215,0,0.001,0,-0.024460547582151215,1.0167574174978342,1.0167574174978342,0
2021-01-22,conservative_fixed,conservative,fixed,0.0043007905829111071,0,0.001,0,0.0043007905829111071,1.0211302782241138,1.0211302782241138,0
2021-01-25,conservative_fixed,conservative,fixed,0.00027453535260169026,0,0.001,0,0.00027453535260169026,1.0214106145850983,1.0214106145850983,0
2021-01-26,conservative_fixed,conservative,fixed,-0.0090963673956220292,0,0.001,0,-0.0090963673956220292,1.0121194883730442,1.0121194883730442,0
2021-01-27,conservative_fixed,conservative,fixed,-0.034343134615528181,0,0.001,0,-0.034343134615528181,0.97736013253684928,0.97736013253684928,0
2021-01-28,conservative_fixed,conservative,fixed,0.013736895510924496,0,0.001,0,0.013736895510924496,0.99078602655405135,0.99078602655405135,0
2021-01-29,conservative_fixed,conservative,fixed,-0.0012056343368079814,0,0.001,0,-0.0012056343368079814,0.98959150090000825,0.98959150090000825,0
2021-02-01,conservative_fixed,conservative,fixed,0.0031009415515996785,0.15779137212676461,0.001,0.0001577913721267646,0.0029431501794729138,0.99266016630425902,0.99250401730348703,0.0001577913721267646
2021-02-02,conservative_fixed,conservative,fixed,0.01223150272458251,0,0.001,0,0.01223150272458251,1.0048018918329942,1.0046438328952938,0.0001577913721267646
2021-02-03,conservative_fixed,conservative,fixed,-0.0024248147951072552,0,0.001,0,-0.0024248147951072552,1.0023654333395258,1.002207757665476,0.0001577913721267646
2021-02-04,conservative_fixed,conservative,fixed,-0.005122895583132836,0,0.001,0,-0.005122895583132836,0.99723041988838568,0.99707355197035008,0.0001577913721267646
2021-02-05,conservative_fixed,conservative,fixed,0.024720802378782158,0,0.001,0,0.024720802378782158,1.0218827560245565,1.0217220102057194,0.0001577913721267646
2021-02-08,conservative_fixed,conservative,fixed,0.0164524206263712,0,0.001,0,0.0164524206263712,1.0386952009575079,1.0385318104808454,0.0001577913721267646
2021-02-09,conservative_fixed,conservative,fixed,-0.0032664809726927757,0,0.001,0,-0.0032664809726927757,1.035302322847153,1.0351394660823736,0.0001577913721267646
2021-02-10,conservative_fixed,conservative,fixed,-0.0043643179812667965,0,0.001,0,-0.0043643179812667965,1.0307839343035039,1.0306217882974313,0.0001577913721267646
2021-02-11,conservative_fixed,conservative,fixed,0.0073546884446888949,0,0.001,0,0.0073546884446888949,1.0383650289940969,1.0382016904546671,0.0001577913721267646
2021-02-12,conservative_fixed,conservative,fixed,0.010141296070258488,0,0.001,0,0.010141296070258488,1.0488953961821286,1.0487304011782108,0.0001577913721267646
2021-02-16,conservative_fixed,conservative,fixed,-0.0097958331970627865,0,0.001,0,-0.0097958331970627865,1.0386205918399614,1.0384572130995804,0.0001577913721267646
2021-02-17,conservative_fixed,conservative,fixed,0.0087978885453983136,0,0.001,0,0.0087978885453983136,1.0477582600479249,1.0475934439195955,0.0001577913721267646
2021-02-18,conservative_fixed,conservative,fixed,-0.0066998739261839857,0,0.001,0,-0.0066998739261839857,1.0407384118004859,1.0405746999194374,0.0001577913721267646
2021-02-19,conservative_fixed,conservative,fixed,0.0030999285182209402,0,0.001,0,0.0030999285182209402,1.0439646264832341,1.0438004071070568,0.0001577913721267646
2021-02-22,conservative_fixed,conservative,fixed,-0.014314829111266358,0,0.001,0,-0.014314829111266358,1.0290204512569197,1.028858582653049,0.0001577913721267646
2021-02-23,conservative_fixed,conservative,fixed,-0.032896856196145019,0,0.001,0,-0.032896856196145019,0.99516891344902847,0.99501236981334207,0.0001577913721267646
2021-02-24,conservative_fixed,conservative,fixed,0.00488068137071207,0,0.001,0,0.00488068137071207,1.0000260158256109,0.99986870815031814,0.0001577913721267646
2021-02-25,conservative_fixed,conservative,fixed,-0.016927154119445564,0,0.001,0,-0.016927154119445564,0.98309842133227565,0.98294377642824682,0.0001577913721267646
2021-02-26,conservative_fixed,conservative,fixed,-0.016434432559321976,0,0.001,0,-0.016434432559321976,0.96694175662771442,0.96678965322493149,0.0001577913721267646
2021-03-01,conservative_fixed,conservative,fixed,0.014710994848644576,0.098424860314398094,0.001,9.8424860314398095e-05,0.014612569988330179,0.98116643182840402,0.98091693469667429,0.0002562162324411627
2021-03-02,conservative_fixed,conservative,fixed,0.00407042795180379,0,0.001,0,0.00407042795180379,0.98516019909788999,0.98490968640606136,0.0002562162324411627
2021-03-03,conservative_fixed,conservative,fixed,-0.0063497938778047658,0,0.001,0,-0.0063497938778047658,0.9789046348970013,0.97865571290912956,0.0002562162324411627
2021-03-04,conservative_fixed,conservative,fixed,-0.0067566161509827749,0,0.001,0,-0.0067566161509827749,0.97229055203058434,0.97204331191303617,0.0002562162324411627
2021-03-05,conservative_fixed,conservative,fixed,0.0095456822430188826,0,0.001,0,0.0095456822430188826,0.98157172868815767,0.98132212849500966,0.0002562162324411627
2021-03-08,conservative_fixed,conservative,fixed,-0.00084995057135295315,0,0.001,0,-0.00084995057135295315,0.98073744123653528,0.98048805319121402,0.0002562162324411627
2021-03-09,conservative_fixed,conservative,fixed,0.010369497442797693,0,0.001,0,0.010369497442797693,0.99090719562549345,0.99065522155147401,0.0002562162324411627
2021-03-10,conservative_fixed,conservative,fixed,0.0025650678616950806,0,0.001,0,0.0025650678616950806,0.99344893982691485,0.99319631942229614,0.0002562162324411627
2021-03-11,conservative_fixed,conservative,fixed,0.002084673313666352,0,0.001,0,0.002084673313666352,0.99551995632026213,0.99526680928462741,0.0002562162324411627
2021-03-12,conservative_fixed,conservative,fixed,0.0016586433233520825,0,0.001,0,0.0016586433233520825,0.99717116884907653,0.99691760193280132,0.0002562162324411627
2021-03-15,conservative_fixed,conservative,fixed,0.011175872159988165,0,0.001,0,0.011175872159988165,1.0083154263537597,1.0080590256060442,0.0002562162324411627
2021-03-16,conservative_fixed,conservative,fixed,0.0097176796201794424,0,0.001,0,0.0097176796201794424,1.0181139126231502,1.017855020255114,0.0002562162324411627
2021-03-17,conservative_fixed,conservative,fixed,0.0033325712873144564,0,0.001,0,0.0033325712873144564,1.0215068498155735,1.021247094670265,0.0002562162324411627
2021-03-18,conservative_fixed,conservative,fixed,-0.0066779256400067988,0,0.001,0,-0.0066779256400067988,1.0146853030317475,1.014427282511984,0.0002562162324411627
2021-03-19,conservative_fixed,conservative,fixed,0.0045537051332849021,0,0.001,0,0.0045537051332849021,1.0193058807048319,1.019046685235703,0.0002562162324411627
2021-03-22,conservative_fixed,conservative,fixed,-0.00092395533685685205,0,0.001,0,-0.00092395533685685205,1.018364087596465,1.0181051316123733,0.0002562162324411627
2021-03-23,conservative_fixed,conservative,fixed,-0.0035041456077864463,0,0.001,0,-0.0035041456077864463,1.0147955915517863,1.014537542987169,0.0002562162324411627
2021-03-24,conservative_fixed,conservative,fixed,-0.0095798662184005678,0,0.001,0,-0.0095798662184005678,1.0050739855456976,1.0048184090518071,0.0002562162324411627
2021-03-25,conservative_fixed,conservative,fixed,-0.00039496996369114967,0,0.001,0,-0.00039496996369114967,1.0046770115101198,1.0044215359612676,0.0002562162324411627
2021-03-26,conservative_fixed,conservative,fixed,0.026091410519410774,0,0.001,0,0.026091410519410774,1.0308904518568451,1.0306283105905703,0.0002562162324411627
2021-03-29,conservative_fixed,conservative,fixed,0.013785642341291204,0,0.001,0,0.013785642341291204,1.0451019389191958,1.0448361838671811,0.0002562162324411627
2021-03-30,conservative_fixed,conservative,fixed,-0.0090804121901292278,0,0.001,0,-0.0090804121901292278,1.0356119825331063,1.0353486406465056,0.0002562162324411627
2021-03-31,conservative_fixed,conservative,fixed,0.01130023652232115,0,0.001,0,0.01130023652232115,1.0473146428810802,1.0470483251688747,0.0002562162324411627
2021-04-01,conservative_fixed,conservative,fixed,0.0085761318539085973,0.51678552943744904,0.001,0.00051678552943744903,0.0080593463244711481,1.0562965513509575,1.0554868502398682,0.00077300176187861179
2021-04-05,conservative_fixed,conservative,fixed,0.016672742501993909,0,0.001,0,0.016672742501993909,1.0739079117573762,1.0730847107081583,0.00077300176187861179
2021-04-06,conservative_fixed,conservative,fixed,0.0020991608357407987,0,0.001,0,0.0020991608357407987,1.0761622171869294,1.075337288106309,0.00077300176187861179
2021-04-07,conservative_fixed,conservative,fixed,-0.0064945836459447959,0,0.001,0,-0.0064945836459447959,1.0691729916508035,1.0683534201410991,0.00077300176187861179
2021-04-08,conservative_fixed,conservative,fixed,0.0055105215063420143,0,0.001,0,0.0055105215063420143,1.0750646924152953,1.0742406046391606,0.00077300176187861179
2021-04-09,conservative_fixed,conservative,fixed,7.4939728364809e-05,0,0.001,0,7.4939728364809e-05,1.0751452574713196,1.0743211079382706,0.00077300176187861179
2021-04-12,conservative_fixed,conservative,fixed,0.0014039300247836728,0,0.001,0,0.0014039300247836728,1.0766546861792874,1.0758293795979641,0.00077300176187861179
2021-04-13,conservative_fixed,conservative,fixed,0.011009953235657122,0,0.001,0,0.011009953235657122,1.0885086039250724,1.0876742107568838,0.00077300176187861179
2021-04-14,conservative_fixed,conservative,fixed,-0.0006610086609724064,0,0.001,0,-0.0006610086609724064,1.0877890903103349,1.0869552486832572,0.00077300176187861179
2021-04-15,conservative_fixed,conservative,fixed,0.016997008246598444,0,0.001,0,0.016997008246598444,1.1062782504488995,1.10543023600881,0.00077300176187861179
2021-04-16,conservative_fixed,conservative,fixed,0.0081652913448628794,0,0.001,0,0.0081652913448628794,1.1153113346723,1.1144563959472424,0.00077300176187861179
2021-04-19,conservative_fixed,conservative,fixed,-0.010040162425021593,0,0.001,0,-0.010040162425021593,1.1041134277177225,1.1032670727163278,0.00077300176187861179
2021-04-20,conservative_fixed,conservative,fixed,0.0059500848239031345,0,0.001,0,0.0059500848239031345,1.1106829962678533,1.1098316053824093,0.00077300176187861179
2021-04-21,conservative_fixed,conservative,fixed,-0.0010004163789586462,0,0.001,0,-0.0010004163789586462,1.109571850806556,1.1087213116664989,0.00077300176187861179
2021-04-22,conservative_fixed,conservative,fixed,-0.0033496095318074071,0,0.001,0,-0.0033496095318074071,1.1058552183588692,1.1050075281928229,0.00077300176187861179
2021-04-23,conservative_fixed,conservative,fixed,-0.00024363795061776994,0,0.001,0,-0.00024363795061776994,1.1055857900597883,1.1047383064232368,0.00077300176187861179
2021-04-26,conservative_fixed,conservative,fixed,0.0092507271261035307,0,0.001,0,0.0092507271261035307,1.115813262518129,1.1149579390417119,0.00077300176187861179
2021-04-27,conservative_fixed,conservative,fixed,0.0010528019755453588,0,0.001,0,0.0010528019755453588,1.1169879929252478,1.1161317689625849,0.00077300176187861179
2021-04-28,conservative_fixed,conservative,fixed,0.00080424984479887662,0,0.001,0,0.00080424984479887662,1.1178863303452,1.1170294177645481,0.00077300176187861179
2021-04-29,conservative_fixed,conservative,fixed,0.0095231147636043456,0,0.001,0,0.0095231147636043456,1.1285320901617419,1.127667017104242,0.00077300176187861179
2021-04-30,conservative_fixed,conservative,fixed,0.0061517494929623773,0,0.001,0,0.0061517494929623773,1.1354745368751862,1.1346041421049433,0.00077300176187861179
2021-05-03,conservative_fixed,conservative,fixed,0.013321220128186706,0.2241822341337659,0.001,0.00022418223413376591,0.01309703789405294,1.1506004431308514,1.1494640955488411,0.00099718399601237762
2021-05-04,conservative_fixed,conservative,fixed,-0.0041306190532454101,0,0.001,0,-0.0041306190532454101,1.1458477510177825,1.1447160972547457,0.00099718399601237762
2021-05-05,conservative_fixed,conservative,fixed,0.020550806782607234,0,0.001,0,0.020550806782607234,1.169395846751234,1.1682409365903681,0.00099718399601237762
2021-05-06,conservative_fixed,conservative,fixed,0.025616772117767139,0,0.001,0,0.025616772117767139,1.1993519936729238,1.1981674984416504,0.00099718399601237762
2021-05-07,conservative_fixed,conservative,fixed,-0.0042943025005865998,0,0.001,0,-0.0042943025005865998,1.1942016134074107,1.1930222047569707,0.00099718399601237762
2021-05-10,conservative_fixed,conservative,fixed,-0.0022238900910251935,0,0.001,0,-0.0022238900910251935,1.1915458402726677,1.1903690544974386,0.00099718399601237762
2021-05-11,conservative_fixed,conservative,fixed,0.013571258691238208,0,0.001,0,0.013571258691238208,1.207716617113477,1.206523860874068,0.00099718399601237762
2021-05-12,conservative_fixed,conservative,fixed,-0.044389020002196022,0,0.001,0,-0.044389020002196022,1.1541072600394424,1.1529674490806023,0.00099718399601237762
2021-05-13,conservative_fixed,conservative,fixed,0.019327918905263086,0,0.001,0,0.019327918905263086,1.1764137515694602,1.1752519104368402,0.00099718399601237762
2021-05-14,conservative_fixed,conservative,fixed,0.012898063459924503,0,0.001,0,0.012898063459924503,1.1915872107923309,1.1904103841590521,0.00099718399601237762
2021-05-17,conservative_fixed,conservative,fixed,-0.0086008981705010257,0,0.001,0,-0.0086008981705010257,1.1813384905310347,1.180171785663793,0.00099718399601237762
2021-05-18,conservative_fixed,conservative,fixed,0.0026443961985516129,0,0.001,0,0.0026443961985516129,1.1844624175445977,1.1832926274474402,0.00099718399601237762
2021-05-19,conservative_fixed,conservative,fixed,-0.037610824786617369,0,0.001,0,-0.037610824786617369,1.1399138090919947,1.1387880157652184,0.00099718399601237762
2021-05-20,conservative_fixed,conservative,fixed,0.022346568319146387,0,0.001,0,0.022346568319146387,1.1653869709048073,1.164236019960541,0.00099718399601237762
2021-05-21,conservative_fixed,conservative,fixed,-0.015086077596593972,0,0.001,0,-0.015086077596593972,1.1478058526316777,1.1466722650226666,0.00099718399601237762
2021-05-24,conservative_fixed,conservative,fixed,0.022430404504380386,0,0.001,0,0.022430404504380386,1.1735516021987014,1.172392587761079,0.00099718399601237762
2021-05-25,conservative_fixed,conservative,fixed,-0.001297219599478816,0,0.001,0,-0.001297219599478816,1.1720292480593295,1.1708717371179516,0.00099718399601237762
2021-05-26,conservative_fixed,conservative,fixed,0.0088638974442354357,0,0.001,0,0.0088638974442354357,1.1824179951157718,1.1812502241161189,0.00099718399601237762
2021-05-27,conservative_fixed,conservative,fixed,-0.006686894218506434,0,0.001,0,-0.006686894218506434,1.1745112910603741,1.1733513288218673,0.00099718399601237762
2021-05-28,conservative_fixed,conservative,fixed,-0.0088420537719183789,0,0.001,0,-0.0088420537719183789,1.164126199069093,1.1629764932790725,0.00099718399601237762
2021-06-01,conservative_fixed,conservative,fixed,-0.0037588916800977978,0.24122011892840861,0.001,0.00024122011892840862,-0.0040001117990262061,1.1597503747848283,1.1583244572863167,0.0012384041149407863
2021-06-02,conservative_fixed,conservative,fixed,0.0048458689997687987,0,0.001,0,0.0048458689997687987,1.1653703731734684,1.1639375458655545,0.0012384041149407863
2021-06-03,conservative_fixed,conservative,fixed,0.0082874438500515346,0,0.001,0,0.0082874438500515346,1.1750283147056571,1.1735836129218822,0.0012384041149407863
2021-06-04,conservative_fixed,conservative,fixed,-0.0037837557467341743,0,0.001,0,-0.0037837557467341743,1.1705822945673141,1.1691430591822161,0.0012384041149407863
2021-06-07,conservative_fixed,conservative,fixed,-0.0064801808629576518,0,0.001,0,-0.0064801808629576518,1.1629967095835418,1.1615668007040436,0.0012384041149407863
2021-06-08,conservative_fixed,conservative,fixed,-0.0046613032058819837,0,0.001,0,-0.0046613032058819837,1.1575756292927299,1.1561523856520757,0.0012384041149407863
2021-06-09,conservative_fixed,conservative,fixed,0.0072370431207522401,0,0.001,0,0.0072370431207522401,1.1659530540374534,1.1645195103212003,0.0012384041149407863
2021-06-10,conservative_fixed,conservative,fixed,0.00012827543072080339,0,0.001,0,0.00012827543072080339,1.1661026171676603,1.1646688895629695,0.0012384041149407863
2021-06-11,conservative_fixed,conservative,fixed,-0.0017797935061197867,0,0.001,0,-0.0017797935061197867,1.1640271953021559,1.1625960194365457,0.0012384041149407863
2021-06-14,conservative_fixed,conservative,fixed,0.0020366371921400894,0,0.001,0,0.0020366371921400894,1.1663978963807708,1.1649638057291642,0.0012384041149407863
2021-06-15,conservative_fixed,conservative,fixed,-5.7759836687987232e-06,0,0.001,0,-5.7759836687987232e-06,1.16639115928557,1.1649570769172477,0.0012384041149407863
2021-06-16,conservative_fixed,conservative,fixed,-0.017265716056620639,0,0.001,0,-0.017265716056620639,1.1462525807183928,1.1448432588090438,0.0012384041149407863
2021-06-17,conservative_fixed,conservative,fixed,0.0027386176965151776,0,0.001,0,0.0027386176965151776,1.1493917283206243,1.1479785468173545,0.0012384041149407863
2021-06-18,conservative_fixed,conservative,fixed,-0.017078842473790767,0,0.001,0,-0.017078842473790767,1.1297614480519582,1.1283724020529695,0.0012384041149407863
2021-06-21,conservative_fixed,conservative,fixed,-0.002030698314813173,0,0.001,0,-0.002030698314813173,1.1274672433832582,1.1260810181176388,0.0012384041149407863
2021-06-22,conservative_fixed,conservative,fixed,-0.0026487334038551857,0,0.001,0,-0.0026487334038551857,1.1244808832339563,1.1230983297095034,0.0012384041149407863
2021-06-23,conservative_fixed,conservative,fixed,-0.0010948585376060471,0,0.001,0,-0.0010948585376060471,1.1232497357385729,1.1218686959146498,0.0012384041149407863
2021-06-24,conservative_fixed,conservative,fixed,0.0061177841215773743,0,0.001,0,0.0061177841215773743,1.1301215351364404,1.1287320464090111,0.0012384041149407863
2021-06-25,conservative_fixed,conservative,fixed,0.010707928875845596,0,0.001,0,0.010707928875845596,1.142222796155743,1.1408184288818466,0.0012384041149407863
2021-06-28,conservative_fixed,conservative,fixed,0.0014001525538303028,0,0.001,0,0.0014001525538303028,1.1438220823208236,1.1424157487185023,0.0012384041149407863
2021-06-29,conservative_fixed,conservative,fixed,-0.00036773833514980314,0,0.001,0,-0.00036773833514980314,1.1434014550925633,1.1419956386530197,0.0012384041149407863
2021-06-30,conservative_fixed,conservative,fixed,0.0066431613020794256,0,0.001,0,0.0066431613020794256,1.1509972553917756,1.1495820998868629,0.0012384041149407863
2021-07-01,conservative_fixed,conservative,fixed,6.3131431739638089e-05,0.31302672189126352,0.001,0.0003130267218912635,-0.00024989529015162541,1.1510699194964369,1.1492948247344585,0.0015514308368320497
2021-07-02,conservative_fixed,conservative,fixed,0.0057667245333214989,0,0.001,0,0.0057667245333214989,1.1577078226407653,1.1559224913962742,0.0015514308368320497
2021-07-06,conservative_fixed,conservative,fixed,0.0006178492158486204,0,0.001,0,0.0006178492158486204,1.1584231115111658,1.1566366772011651,0.0015514308368320497
2021-07-07,conservative_fixed,conservative,fixed,0.0015385795001487956,0,0.001,0,0.0015385795001487956,1.1602054375630355,1.1584162546818271,0.0015514308368320497
2021-07-08,conservative_fixed,conservative,fixed,-0.010279950494544998,0,0.001,0,-0.010279950494544998,1.1482785831013855,1.1465077929316216,0.0015514308368320497
2021-07-09,conservative_fixed,conservative,fixed,0.0087884166932385988,0,0.001,0,0.0087884166932385988,1.1583701337696022,1.15658378115795,0.0015514308368320497
2021-07-12,conservative_fixed,conservative,fixed,0.00030442021098897598,0,0.001,0,0.00030442021098897598,1.1587227650501277,1.1569358686366364,0.0015514308368320497
2021-07-13,conservative_fixed,conservative,fixed,-0.004708324648318829,0,0.001,0,-0.004708324648318829,1.153267122094874,1.1514886389698105,0.0015514308368320497
2021-07-14,conservative_fixed,conservative,fixed,0.0038946919227980104,0,0.001,0,0.0038946919227980104,1.1577587422401254,1.1559733324711998,0.0015514308368320497
2021-07-15,conservative_fixed,conservative,fixed,0.00073325160415205204,0,0.001,0,0.00073325160415205204,1.1586076706950941,1.1568209517715913,0.0015514308368320497
2021-07-16,conservative_fixed,conservative,fixed,-0.001673207601563198,0,0.001,0,-0.001673207601563198,1.1566690795332577,1.1548853501614396,0.0015514308368320497
2021-07-19,conservative_fixed,conservative,fixed,-0.013617595857149611,0,0.001,0,-0.013617595857149611,1.1409180274677126,1.1391585882015984,0.0015514308368320497
2021-07-20,conservative_fixed,conservative,fixed,0.0018093054731709302,0,0.001,0,0.0018093054731709302,1.1429822966992493,1.1412196740700413,0.0015514308368320497
2021-07-21,conservative_fixed,conservative,fixed,0.0039009579239879244,0,0.001,0,0.0039009579239879244,1.1474410225465361,1.1456715240006157,0.0015514308368320497
2021-07-22,conservative_fixed,conservative,fixed,0.0040432262588681045,0,0.001,0,0.0040432262588681045,1.1520803862193987,1.1503037331904924,0.0015514308368320497
2021-07-23,conservative_fixed,conservative,fixed,0.013401938339772324,0,0.001,0,0.013401938339772324,1.1675204965179722,1.1657200328947213,0.0015514308368320497
2021-07-26,conservative_fixed,conservative,fixed,0.0025663184746194112,0,0.001,0,0.0025663184746194112,1.1705167259376832,1.168711641751373,0.0015514308368320497
2021-07-27,conservative_fixed,conservative,fixed,0.004263501997042507,0,0.001,0,0.004263501997042507,1.1755072263362902,1.1736944461699468,0.0015514308368320497
2021-07-28,conservative_fixed,conservative,fixed,0.00082741506933969866,0,0.001,0,0.00082741506933969866,1.1764798587294787,1.1746655786415081,0.0015514308368320497
2021-07-29,conservative_fixed,conservative,fixed,0.00374030249465096,0,0.001,0,0.00374030249465096,1.1808802492799912,1.1790591832356816,0.0015514308368320497
2021-07-30,conservative_fixed,conservative,fixed,0.00021377020938850855,0,0.001,0,0.00021377020938850855,1.1811326862981426,1.1793112309641633,0.0015514308368320497
2021-08-02,conservative_fixed,conservative,fixed,0.0014639120453137089,0.077934405783967195,0.001,7.7934405783967195e-05,0.0013859776395297417,1.1828617606647283,1.1809457299603259,0.0016293652426160171
2021-08-03,conservative_fixed,conservative,fixed,0.0038909999616048019,0,0.001,0,0.0038909999616048019,1.1874642757300584,1.1855407897502588,0.0016293652426160171
2021-08-04,conservative_fixed,conservative,fixed,-0.00013465815427116112,0,0.001,0,-0.00013465815427116112,1.1873043739824256,1.1853811470156979,0.0016293652426160171
2021-08-05,conservative_fixed,conservative,fixed,0.0057166851738401636,0,0.001,0,0.0057166851738401636,1.1940918192940064,1.1921575978441921,0.0016293652426160171
2021-08-06,conservative_fixed,conservative,fixed,-0.0003130855254561693,0,0.001,0,-0.0003130855254561693,1.1937179664293198,1.1917843505562444,0.0016293652426160171
2021-08-09,conservative_fixed,conservative,fixed,0.006733913085827492,0,0.001,0,0.006733913085827492,1.2017563594642455,1.1998097227899396,0.0016293652426160171
2021-08-10,conservative_fixed,conservative,fixed,0.0073037235806256984,0,0.001,0,0.0073037235806256984,1.2105336557250315,1.2085728013545445,0.0016293652426160171
2021-08-11,conservative_fixed,conservative,fixed,0.012090846164332758,0,0.001,0,0.012090846164332758,1.2251700319331502,1.2231854691741191,0.0016293652426160171
2021-08-12,conservative_fixed,conservative,fixed,0.0009669870923840751,0,0.001,0,0.0009669870923840751,1.2263547555400054,1.2243682737344022,0.0016293652426160171
2021-08-13,conservative_fixed,conservative,fixed,0.014992417077801523,0,0.001,0,0.014992417077801523,1.2447407775204065,1.2427245135510563,0.0016293652426160171
2021-08-16,conservative_fixed,conservative,fixed,0.0018189535935959622,0,0.001,0,0.0018189535935959622,1.2470049032307726,1.2449849717708297,0.0016293652426160171
2021-08-17,conservative_fixed,conservative,fixed,-0.0063607590000062109,0,0.001,0,-0.0063607590000062109,1.2390730055694956,1.2370659224067659,0.0016293652426160171
2021-08-18,conservative_fixed,conservative,fixed,-0.0058228610833015448,0,0.001,0,-0.0058228610833015448,1.2318580555859955,1.2298626593897051,0.0016293652426160171
2021-08-19,conservative_fixed,conservative,fixed,0.0081509133546324719,0,0.001,0,0.0081509133546324719,1.241898823862283,1.2398871633644883,0.0016293652426160171
2021-08-20,conservative_fixed,conservative,fixed,0.010912173477423792,0,0.001,0,0.010912173477423792,1.2554506392696767,1.2534170271835525,0.0016293652426160171
2021-08-23,conservative_fixed,conservative,fixed,0.0022531907033223053,0,0.001,0,0.0022531907033223053,1.2582794089785592,1.2562412147765885,0.0016293652426160171
2021-08-24,conservative_fixed,conservative,fixed,-0.012286342397494043,0,0.001,0,-0.012286342397494043,1.2428197573281321,1.2408066050779993,0.0016293652426160171
2021-08-25,conservative_fixed,conservative,fixed,0.00031859222487318206,0,0.001,0,0.00031859222487318206,1.2432157100397356,1.2412019164149484,0.0016293652426160171
2021-08-26,conservative_fixed,conservative,fixed,-0.010932730509356392,0,0.001,0,-0.010932730509356392,1.229623967716873,1.2276321903550871,0.0016293652426160171
2021-08-27,conservative_fixed,conservative,fixed,0.012171197796081668,0,0.001,0,0.012171197796081668,1.2445899642427578,1.2425739445647359,0.0016293652426160171
2021-08-30,conservative_fixed,conservative,fixed,0.00061832518750049026,0,0.001,0,0.00061832518750049026,1.2453595255657595,1.2433422593319921,0.0016293652426160171
2021-08-31,conservative_fixed,conservative,fixed,0.0050352963269699735,0,0.001,0,0.0050352963269699735,1.2516302798105978,1.249602856043573,0.0016293652426160171
2021-09-01,conservative_fixed,conservative,fixed,0.0092661172465724473,0.0320627611134933,0.001,3.2062761113493302e-05,0.0092340544854589545,1.263228032732683,1.2611417569014645,0.0016614280037295104
2021-09-02,conservative_fixed,conservative,fixed,0.0071311445077222313,0,0.001,0,0.0071311445077222313,1.2722362943803054,1.2701351410146515,0.0016614280037295104
2021-09-03,conservative_fixed,conservative,fixed,0.0025931143724071681,0,0.001,0,0.0025931143724071681,1.2755353486003609,1.273428746703716,0.0016614280037295104
2021-09-07,conservative_fixed,conservative,fixed,-0.026882778347793179,0,0.001,0,-0.026882778347793179,1.2412454145491623,1.239195443964372,0.0016614280037295104
2021-09-08,conservative_fixed,conservative,fixed,0.0032455308108767511,0,0.001,0,0.0032455308108767511,1.2452739147859411,1.2432172909584565,0.0016614280037295104
2021-09-09,conservative_fixed,conservative,fixed,-0.0056478668258835851,0,0.001,0,-0.0056478668258835851,1.2382407735534833,1.2361957652634874,0.0016614280037295104
2021-09-10,conservative_fixed,conservative,fixed,-0.0041411936712247854,0,0.001,0,-0.0041411936712247854,1.233112978698591,1.2310764391839835,0.0016614280037295104
2021-09-13,conservative_fixed,conservative,fixed,-0.0051033558956463665,0,0.001,0,-0.0051033558956463665,1.2268199643087516,1.2247938179800826,0.0016614280037295104
2021-09-14,conservative_fixed,conservative,fixed,-0.0007300364750564281,0,0.001,0,-0.0007300364750564281,1.2259243409864788,1.2238996738185335,0.0016614280037295104
2021-09-15,conservative_fixed,conservative,fixed,0.0035339813403387765,0,0.001,0,0.0035339813403387765,1.2302567347321922,1.2282249124282549,0.0016614280037295104
2021-09-16,conservative_fixed,conservative,fixed,-0.0066155687863945767,0,0.001,0,-0.0066155687863945767,1.2221178866786462,1.2200995060349225,0.0016614280037295104
2021-09-17,conservative_fixed,conservative,fixed,-0.013896026024346364,0,0.001,0,-0.013896026024346364,1.2051353047205404,1.203144971546769,0.0016614280037295104
2021-09-20,conservative_fixed,conservative,fixed,-0.018016369140778421,0,0.001,0,-0.018016369140778421,1.1834231422061108,1.1814686676095112,0.0016614280037295104
2021-09-21,conservative_fixed,conservative,fixed,-0.0072601498528628294,0,0.001,0,-0.0072601498528628294,1.1748313128543486,1.1728910280362039,0.0016614280037295104
2021-09-22,conservative_fixed,conservative,fixed,0.0092792449942469268,0,0.001,0,0.0092792449942469268,1.1857328604332369,1.1837745712369061,0.0016614280037295104
2021-09-23,conservative_fixed,conservative,fixed,0.0048793680216732138,0,0.001,0,0.0048793680216732138,1.191518487434682,1.1895506430246694,0.0016614280037295104
2021-09-24,conservative_fixed,conservative,fixed,-0.012746187103641171,0,0.001,0,-0.012746187103641171,1.1763311698563921,1.1743884079594202,0.0016614280037295104
2021-09-27,conservative_fixed,conservative,fixed,-0.0087892406039096205,0,0.001,0,-0.0087892406039096205,1.1659921121746457,1.1640664256794224,0.0016614280037295104
2021-09-28,conservative_fixed,conservative,fixed,-0.010030481588089168,0,0.001,0,-0.010030481588089168,1.1542966497616207,1.1523902788293323,0.0016614280037295104
2021-09-29,conservative_fixed,conservative,fixed,0.011194176257689259,0,0.001,0,0.011194176257689259,1.1672180499127125,1.1652903387281954,0.0016614280037295104
2021-09-30,conservative_fixed,conservative,fixed,-0.0045175454588024522,0,0.001,0,-0.0045175454588024522,1.161945089311897,1.1600260866502874,0.0016614280037295104
2021-10-01,conservative_fixed,conservative,fixed,0.013562370712701499,0.30720227294111058,0.001,0.00030720227294111059,0.013255168439760389,1.1777038193609479,1.175402427823353,0.0019686302766706212
2021-10-04,conservative_fixed,conservative,fixed,-0.0026013163355316227,0,0.001,0,-0.0026013163355316227,1.1746402391772264,1.1723448342870326,0.0019686302766706212
2021-10-05,conservative_fixed,conservative,fixed,0.010224031486425034,0,0.001,0,0.010224031486425034,1.1866497979677961,1.184330924785731,0.0019686302766706212
2021-10-06,conservative_fixed,conservative,fixed,0.0033231515474307916,0,0.001,0,0.0033231515474307916,1.1905932150801712,1.1882666359311029,0.0019686302766706212
2021-10-07,conservative_fixed,conservative,fixed,0.0069679625197462958,0,0.001,0,0.0069679625197462958,1.198889223979114,1.1965464333137359,0.0019686302766706212
2021-10-08,conservative_fixed,conservative,fixed,-0.003012362991331563,0,0.001,0,-0.003012362991331563,1.1952777344500931,1.1929420011206118,0.0019686302766706212
2021-10-11,conservative_fixed,conservative,fixed,-0.0049246872674851838,0,0.001,0,-0.0049246872674851838,1.1893913654101382,1.1870671348368449,0.0019686302766706212
2021-10-12,conservative_fixed,conservative,fixed,-0.00086808407835936574,0,0.001,0,-0.00086808407835936574,1.1883588737028876,1.1860366607571493,0.0019686302766706212
2021-10-13,conservative_fixed,conservative,fixed,0.0065198636722731962,0,0.001,0,0.0065198636722731962,1.1961068115531666,1.193769458095604,0.0019686302766706212
2021-10-14,conservative_fixed,conservative,fixed,0.0080644039832920011,0,0.001,0,0.0080644039832920011,1.2057527000886985,1.2033964972686024,0.0019686302766706212
2021-10-15,conservative_fixed,conservative,fixed,0.0063612981539880042,0,0.001,0,0.0063612981539880042,1.2134228525139388,1.2110516611851929,0.0019686302766706212
2021-10-18,conservative_fixed,conservative,fixed,-0.0036326031813184168,0,0.001,0,-0.0036326031813184168,1.2090149687996121,1.2066523910680307,0.0019686302766706212
2021-10-19,conservative_fixed,conservative,fixed,0.0080902413788688232,0,0.001,0,0.0080902413788688232,1.2187961917278665,1.2164145001721602,0.0019686302766706212
2021-10-20,conservative_fixed,conservative,fixed,0.014703493035091775,0,0.001,0,0.014703493035091775,1.2367167530441334,1.2343000423032262,0.0019686302766706212
2021-10-21,conservative_fixed,conservative,fixed,0.0017996029158529048,0,0.001,0,0.0017996029158529048,1.2389423521189957,1.2365212922583924,0.0019686302766706212
2021-10-22,conservative_fixed,conservative,fixed,0.00063765427953832443,0,0.001,0,0.00063765427953832443,1.2397323690119257,1.2373097653521412,0.0019686302766706212
2021-10-25,conservative_fixed,conservative,fixed,0.0075729050729254066,0,0.001,0,0.0075729050729254066,1.2491207445582859,1.2466797947509567,0.0019686302766706212
2021-10-26,conservative_fixed,conservative,fixed,0.0037293770066437748,0,0.001,0,0.0037293770066437748,1.2537791867415633,1.2513291337121484,0.0019686302766706212
2021-10-27,conservative_fixed,conservative,fixed,-0.016596802773687025,0,0.001,0,-0.016596802773687025,1.2329704608574599,1.2305610708749593,0.0019686302766706212
2021-10-28,conservative_fixed,conservative,fixed,0.014748093792356975,0,0.001,0,0.014748093792356975,1.2511544248573914,1.2487095009654463,0.0019686302766706212
2021-10-29,conservative_fixed,conservative,fixed,-0.0023850268459687518,0,0.001,0,-0.0023850268459687518,1.2481703879656538,1.2457312952828274,0.0019686302766706212
2021-11-01,conservative_fixed,conservative,fixed,0.00052090496831569411,0.29470588654881552,0.001,0.00029470588654881551,0.00022619908176687859,1.2488205661220497,1.2460130785579486,0.0022633361632194366
2021-11-02,conservative_fixed,conservative,fixed,0.0072322626499365938,0,0.001,0,0.0072322626499365938,1.2578523644588868,1.2550245724073359,0.0022633361632194366
2021-11-03,conservative_fixed,conservative,fixed,0.0058657429201043332,0,0.001,0,0.0058657429201043332,1.265230603060248,1.2623862239074912,0.0022633361632194366
2021-11-04,conservative_fixed,conservative,fixed,0.00018978189671470247,0,0.001,0,0.00018978189671470247,1.2654707209238782,1.262625801959451,0.0022633361632194366
2021-11-05,conservative_fixed,conservative,fixed,-0.010395357196545163,0,0.001,0,-0.010395357196545163,1.2523157007581049,1.2495003557425082,0.0022633361632194366
2021-11-08,conservative_fixed,conservative,fixed,0.0069715676432036133,0,0.001,0,0.0069715676432036133,1.261046304376586,1.2582113319927741,0.0022633361632194366
2021-11-09,conservative_fixed,conservative,fixed,0.010733165657373034,0,0.001,0,0.010733165657373034,1.274581323263078,1.2717159226510366,0.0022633361632194366
2021-11-10,conservative_fixed,conservative,fixed,-0.0023641299431501617,0,0.001,0,-0.0023641299431501617,1.2715680473917719,1.2687094209591165,0.0022633361632194366
2021-11-11,conservative_fixed,conservative,fixed,0.0025513076374354959,0,0.001,0,0.0025513076374354959,1.2748122086626015,1.2719462889944959,0.0022633361632194366
2021-11-12,conservative_fixed,conservative,fixed,0.003632192222853492,0,0.001,0,0.003632192222853492,1.2794425716525044,1.2765662424132691,0.0022633361632194366
2021-11-15,conservative_fixed,conservative,fixed,-0.0034197003595247688,0,0.001,0,-0.0034197003595247688,1.275067261430233,1.2722007683751313,0.0022633361632194366
2021-11-16,conservative_fixed,conservative,fixed,-0.011071604382838829,0,0.001,0,-0.011071604382838829,1.2609502211501677,1.2581154647721382,0.0022633361632194366
2021-11-17,conservative_fixed,conservative,fixed,-0.0051020879645804484,0,0.001,0,-0.0051020879645804484,1.2545167422029024,1.2516964490012716,0.0022633361632194366
2021-11-18,conservative_fixed,conservative,fixed,-0.0095908326997697912,0,0.001,0,-0.0095908326997697912,1.2424848820093741,1.2396916377680045,0.0022633361632194366
2021-11-19,conservative_fixed,conservative,fixed,0.00071409531062882614,0,0.001,0,0.00071409531062882614,1.2433721346371442,1.2405768957531604,0.0022633361632194366
2021-11-22,conservative_fixed,conservative,fixed,-0.0039373549377408334,0,0.001,0,-0.0039373549377408334,1.2384765372233812,1.2356923041870196,0.0022633361632194366
2021-11-23,conservative_fixed,conservative,fixed,0.0058747463783404008,0,0.001,0,0.0058747463783404008,1.2457522727750938,1.2429516830757854,0.0022633361632194366
2021-11-24,conservative_fixed,conservative,fixed,-0.003803176119949625,0,0.001,0,-0.003803176119949625,1.2410144574799027,1.2382245189164605,0.0022633361632194366
2021-11-26,conservative_fixed,conservative,fixed,-0.020413608710678433,0,0.001,0,-0.020413608710678433,1.2156808739406131,1.2129478880913318,0.0022633361632194366
2021-11-29,conservative_fixed,conservative,fixed,0.0087286783038809101,0,0.001,0,0.0087286783038809101,1.2262921612094215,1.2235353200058527,0.0022633361632194366
2021-11-30,conservative_fixed,conservative,fixed,-0.01524038614933565,0,0.001,0,-0.01524038614933565,1.2076029951406866,1.2048881692616127,0.0022633361632194366
2021-12-01,conservative_fixed,conservative,fixed,-0.0052977622174987804,0.3359494058269753,0.001,0.00033594940582697532,-0.005633711623325756,1.2012054016192919,1.1981001767776358,0.0025992855690464118
2021-12-02,conservative_fixed,conservative,fixed,0.020481398185946409,0,0.001,0,0.020481398185946409,1.2258077677529664,1.2226389435648712,0.0025992855690464118
2021-12-03,conservative_fixed,conservative,fixed,-0.00093985282604303055,0,0.001,0,-0.00093985282604303055,1.2246556888582583,1.2214898428985315,0.0025992855690464118
2021-12-06,conservative_fixed,conservative,fixed,0.010245764601489515,0,0.001,0,0.010245764601489515,1.2372032227641749,1.2340049402919802,0.0025992855690464118
2021-12-07,conservative_fixed,conservative,fixed,0.0026079944757491091,0,0.001,0,0.0026079944757491091,1.240429841934523,1.2372232183593088,0.0025992855690464118
2021-12-08,conservative_fixed,conservative,fixed,0.0047347780875695022,0,0.001,0,0.0047347780875695022,1.2463030019692818,1.2430811957430288,0.0025992855690464118
2021-12-09,conservative_fixed,conservative,fixed,-0.00684797689975436,0,0.001,0,-0.00684797689975436,1.2377683478017016,1.2345686044300614,0.0025992855690464118
2021-12-10,conservative_fixed,conservative,fixed,0.0032749782270307115,0,0.001,0,0.0032749782270307115,1.2418220121908601,1.2386117897293456,0.0025992855690464118
2021-12-13,conservative_fixed,conservative,fixed,-0.0045721312489608312,0,0.001,0,-0.0045721312489608312,1.2361442389632749,1.2329486940601928,0.0025992855690464118
2021-12-14,conservative_fixed,conservative,fixed,-0.0030242161259284028,0,0.001,0,-0.0030242161259284028,1.2324058716218287,1.2292199907371737,0.0025992855690464118
2021-12-15,conservative_fixed,conservative,fixed,0.014685188813979622,0,0.001,0,0.014685188813979622,1.2505039845420525,1.2472713183950674,0.0025992855690464118
2021-12-16,conservative_fixed,conservative,fixed,0.0047776943534252325,0,0.001,0,0.0047776943534252325,1.2564785103679348,1.2532303995301528,0.0025992855690464118
2021-12-17,conservative_fixed,conservative,fixed,-0.012871870044778411,0,0.001,0,-0.012871870044778411,1.240305282268422,1.2370989806912349,0.0025992855690464118
2021-12-20,conservative_fixed,conservative,fixed,-0.00053203235408760818,0,0.001,0,-0.00053203235408760818,1.2396453997293093,1.2364408040082984,0.0025992855690464118
2021-12-21,conservative_fixed,conservative,fixed,0.0034562868925174239,0,0.001,0,0.0034562868925174239,1.2439299698757633,1.2407142981525661,0.0025992855690464118
2021-12-22,conservative_fixed,conservative,fixed,0.0097529801880020806,0,0.001,0,0.0097529801880020806,1.2560619942272238,1.2528149601214189,0.0025992855690464118
2021-12-23,conservative_fixed,conservative,fixed,0.0054440037848646483,0,0.001,0,0.0054440037848646483,1.2629000004778215,1.259635289506055,0.0025992855690464118
2021-12-27,conservative_fixed,conservative,fixed,0.013627415818555422,0,0.001,0,0.013627415818555422,1.2801100639215865,1.2768008633758805,0.0025992855690464118
2021-12-28,conservative_fixed,conservative,fixed,-0.0032068291785799508,0,0.001,0,-0.0032068291785799508,1.276004969616809,1.2727063811119708,0.0025992855690464118
2021-12-29,conservative_fixed,conservative,fixed,0.0013162931626333751,0,0.001,0,0.0013162931626333751,1.2776845662338019,1.2743816358194684,0.0025992855690464118
2021-12-30,conservative_fixed,conservative,fixed,0.00051811658609390854,0,0.001,0,0.00051811658609390854,1.2783465557993638,1.275041914082,0.0025992855690464118
2021-12-31,conservative_fixed,conservative,fixed,-0.003692901849183583,0,0.001,0,-0.003692901849183583,1.2736257474395549,1.2703333094397,0.0025992855690464118
2022-01-03,conservative_fixed,conservative,fixed,-0.0082362386960952438,0.13400018827121959,0.001,0.00013400018827121961,-0.0083702388843664641,1.2631358617741499,1.2597003161769218,0.0027332857573176316
2022-01-04,conservative_fixed,conservative,fixed,-0.0019967986354896272,0,0.001,0,-0.0019967986354896272,1.2606136338089213,1.2571849483044539,0.0027332857573176316
2022-01-05,conservative_fixed,conservative,fixed,-0.0082207927975316286,0,0.001,0,-0.0082207927975316286,1.2502503903276347,1.2468498913362676,0.0027332857573176316
2022-01-06,conservative_fixed,conservative,fixed,-0.0039638849101167883,0,0.001,0,-0.0039638849101167883,1.2452945416715475,1.241907521866819,0.0027332857573176316
2022-01-07,conservative_fixed,conservative,fixed,-0.0090854807137116245,0,0.001,0,-0.0090854807137116245,1.2339804421303002,1.2306241950286845,0.0027332857573176316
2022-01-10,conservative_fixed,conservative,fixed,-0.0037320314090587559,0,0.001,0,-0.0037320314090587559,1.2293751883621058,1.2260314668800898,0.0027332857573176316
2022-01-11,conservative_fixed,conservative,fixed,0.009898261862855362,0,0.001,0,0.009898261862855362,1.2415438659042111,1.2381670473913695,0.0027332857573176316
2022-01-12,conservative_fixed,conservative,fixed,0.0052547461834098197,0,0.001,0,0.0052547461834098197,1.248067863795107,1.244673300958073,0.0027332857573176316
2022-01-13,conservative_fixed,conservative,fixed,-0.01216755371357936,0,0.001,0,-0.01216755371357936,1.2328819310241879,1.2295286717128076,0.0027332857573176316
2022-01-14,conservative_fixed,conservative,fixed,-0.003246105524076448,0,0.001,0,-0.003246105524076448,1.2288798661773561,1.2255374918995503,0.0027332857573176316
2022-01-18,conservative_fixed,conservative,fixed,-0.0063841417827249503,0,0.001,0,-0.0063841417827249503,1.2210345228777437,1.2177134867912185,0.0027332857573176316
2022-01-19,conservative_fixed,conservative,fixed,-0.0068428893551711889,0,0.001,0,-0.0068428893551711889,1.212679118738847,1.2093808081348065,0.0027332857573176316
2022-01-20,conservative_fixed,conservative,fixed,-0.013115651212669999,0,0.001,0,-0.013115651212669999,1.1967740423845803,1.1935189912720134,0.0027332857573176316
2022-01-21,conservative_fixed,conservative,fixed,-0.012269887404600222,0,0.001,0,-0.012269887404600222,1.1820897596357733,1.1788746476338539,0.0027332857573176316
2022-01-24,conservative_fixed,conservative,fixed,-0.0032165086168292056,0,0.001,0,-0.0032165086168292056,1.1782875577380394,1.1750827871715781,0.0027332857573176316
2022-01-25,conservative_fixed,conservative,fixed,0.00099097489229404978,0,0.001,0,0.00099097489229404978,1.1794552111236603,1.1762472647100322,0.0027332857573176316
2022-01-26,conservative_fixed,conservative,fixed,-0.014282952126006054,0,0.001,0,-0.014282952126006054,1.1626091088084127,1.1594469813398331,0.0027332857573176316
2022-01-27,conservative_fixed,conservative,fixed,-0.0031768130436230502,0,0.001,0,-0.0031768130436230502,1.1589157170269151,1.1557636350461233,0.0027332857573176316
2022-01-28,conservative_fixed,conservative,fixed,0.016474781183337894,0,0.001,0,0.016474781183337894,1.1780085998748646,1.1748045880331675,0.0027332857573176316
2022-01-31,conservative_fixed,conservative,fixed,0.0045031394070056407,0,0.001,0,0.0045031394070056407,1.1833133368227526,1.1800948968690705,0.0027332857573176316
2022-02-01,conservative_fixed,conservative,fixed,0.0070260668547490468,0.3149330556692943,0.001,0.0003149330556692943,0.0067111337990797522,1.1916273754373854,1.1880146716175701,0.0030482188129869257
2022-02-02,conservative_fixed,conservative,fixed,-0.0013656538476384261,0,0.001,0,-0.0013656538476384261,1.1900000249271681,1.1863922548102246,0.0030482188129869257
2022-02-03,conservative_fixed,conservative,fixed,-0.010355354951034013,0,0.001,0,-0.010355354951034013,1.177677152277308,1.1741067419005071,0.0030482188129869257
2022-02-04,conservative_fixed,conservative,fixed,0.0075576157410226497,0,0.001,0,0.0075576157410226497,1.1865775836612016,1.1829801894947352,0.0030482188129869257
2022-02-07,conservative_fixed,conservative,fixed,0.0056162904186844997,0,0.001,0,0.0056162904186844997,1.1932417479753439,1.1896241497984881,0.0030482188129869257
2022-02-08,conservative_fixed,conservative,fixed,-0.0030477208344106277,0,0.001,0,-0.0030477208344106277,1.1896050802395508,1.1859985074920292,0.0030482188129869257
2022-02-09,conservative_fixed,conservative,fixed,0.011594076329273673,0,0.001,0,0.011594076329273673,1.2033974523415398,1.1997490647142963,0.0030482188129869257
2022-02-10,conservative_fixed,conservative,fixed,-0.017991274553198378,0,0.001,0,-0.017991274553198378,1.1817467983798438,1.1781640498960784,0.0030482188129869257
2022-02-11,conservative_fixed,conservative,fixed,-0.012473674174637406,0,0.001,0,-0.012473674174637406,1.1670060738599326,1.1634680154134034,0.0030482188129869257
2022-02-14,conservative_fixed,conservative,fixed,-0.010415269204236854,0,0.001,0,-0.010415269204236854,1.1548513914377019,1.1513501828223536,0.0030482188129869257
2022-02-15,conservative_fixed,conservative,fixed,0.010133530656499135,0,0.001,0,0.010133530656499135,1.1665541134165365,1.1630174251963499,0.0030482188129869257
2022-02-16,conservative_fixed,conservative,fixed,-0.0017812155990544198,0,0.001,0,-0.0017812155990544198,1.1644762290325779,1.160945840416618,0.0030482188129869257
2022-02-17,conservative_fixed,conservative,fixed,-0.023151777680876395,0,0.001,0,-0.023151777680876395,1.1375165342633504,1.1340678804197541,0.0030482188129869257
2022-02-18,conservative_fixed,conservative,fixed,-0.0064313776802934486,0,0.001,0,-0.0064313776802934486,1.1302007358139243,1.1267742615656848,0.0030482188129869257
2022-02-22,conservative_fixed,conservative,fixed,-0.0029523955792335466,0,0.001,0,-0.0029523955792335466,1.1268639361578607,1.1234475782170441,0.0030482188129869257
2022-02-23,conservative_fixed,conservative,fixed,-0.00059693211270694935,0,0.001,0,-0.00059693211270694935,1.1261912748877168,1.1227769562806635,0.0030482188129869257
2022-02-24,conservative_fixed,conservative,fixed,-0.00031899405618995846,0,0.001,0,-0.00031899405618995846,1.1258320265648947,1.1224187971051829,0.0030482188129869257
2022-02-25,conservative_fixed,conservative,fixed,0.027042518665853388,0,0.001,0,0.027042518665853388,1.1562773601578913,1.1527718283768045,0.0030482188129869257
2022-02-28,conservative_fixed,conservative,fixed,0.0039054272446366056,0,0.001,0,0.0039054272446366056,1.1607931172626085,1.1572738948821968,0.0030482188129869257
2022-03-01,conservative_fixed,conservative,fixed,-0.0078656286817370136,0.50936563257441958,0.001,0.00050936563257441962,-0.008374994314311433,1.1516627496259049,1.1475817325924573,0.0035575844455613456
2022-03-02,conservative_fixed,conservative,fixed,0.0093887971251851443,0,0.001,0,0.0093887971251851443,1.1624754775387753,1.1583561446643365,0.0035575844455613456
2022-03-03,conservative_fixed,conservative,fixed,-0.0013461900768847457,0,0.001,0,-0.0013461900768847457,1.1609105645862907,1.1567967771168908,0.0035575844455613456
2022-03-04,conservative_fixed,conservative,fixed,-0.0076291955983334159,0,0.001,0,-0.0076291955983334159,1.1520537508168902,1.1479713482367444,0.0035575844455613456
2022-03-07,conservative_fixed,conservative,fixed,-0.02008156552078677,0,0.001,0,-0.02008156552078677,1.1289187079363927,1.1249182863911422,0.0035575844455613456
2022-03-08,conservative_fixed,conservative,fixed,-0.016653681512718399,0,0.001,0,-0.016653681512718399,1.1101180553206704,1.1061842555217511,0.0035575844455613456
2022-03-09,conservative_fixed,conservative,fixed,0.015182281553860033,0,0.001,0,0.015182281553860033,1.1269721801945725,1.1229786563395294,0.0035575844455613456
2022-03-10,conservative_fixed,conservative,fixed,-0.011189447129638763,0,0.001,0,-0.011189447129638763,1.1143619845677115,1.1104131460367055,0.0035575844455613456
2022-03-11,conservative_fixed,conservative,fixed,-0.0064462478079200247,0,0.001,0,-0.0064462478079200247,1.1071785310674624,1.1032551477281809,0.0035575844455613456
2022-03-14,conservative_fixed,conservative,fixed,-0.0018241806155460116,0,0.001,0,-0.0018241806155460116,1.1051588374531405,1.1012426110736937,0.0035575844455613456
2022-03-15,conservative_fixed,conservative,fixed,0.010341492148771891,0,0.001,0,0.010341492148771891,1.116587828893808,1.1126311028900053,0.0035575844455613456
2022-03-16,conservative_fixed,conservative,fixed,0.012770711891361586,0,0.001,0,0.012770711891361586,1.1308474503580117,1.1268401941463815,0.0035575844455613456
2022-03-17,conservative_fixed,conservative,fixed,0.012407074423776088,0,0.001,0,0.012407074423776088,1.144877958836541,1.1408209842988579,0.0035575844455613456
2022-03-18,conservative_fixed,conservative,fixed,0.0087326916927066289,0,0.001,0,0.0087326916927066289,1.1548758250768358,1.15078342223131,0.0035575844455613456
2022-03-21,conservative_fixed,conservative,fixed,0.0029515657736636225,0,0.001,0,0.0029515657736636225,1.1582845170349643,1.1541800351932674,0.0035575844455613456
2022-03-22,conservative_fixed,conservative,fixed,0.011569690629037899,0,0.001,0,0.011569690629037899,1.1716855105574633,1.1675335411306655,0.0035575844455613456
2022-03-23,conservative_fixed,conservative,fixed,-0.0055736656711066201,0,0.001,0,-0.0055736656711066201,1.1651549272499362,1.1610260995126001,0.0035575844455613456
2022-03-24,conservative_fixed,conservative,fixed,0.0080252927606609958,0,0.001,0,0.0080252927606609958,1.1745056366526436,1.170343673863957,0.0035575844455613456
2022-03-25,conservative_fixed,conservative,fixed,0.006414829673000888,0,0.001,0,0.006414829673000888,1.1820398902617497,1.1778512291906684,0.0035575844455613456
2022-03-28,conservative_fixed,conservative,fixed,0.0051564940242960766,0,0.001,0,0.0051564940242960766,1.188135071892364,1.1839248120154999,0.0035575844455613456
2022-03-29,conservative_fixed,conservative,fixed,0.017021953001625123,0,0.001,0,0.017021953001625123,1.2083594512456983,1.2040775245230857,0.0035575844455613456
2022-03-30,conservative_fixed,conservative,fixed,-0.0029581006280018363,0,0.001,0,-0.0029581006280018363,1.2047850023941165,1.200515742041631,0.0035575844455613456
2022-03-31,conservative_fixed,conservative,fixed,-0.011644540829297223,0,0.001,0,-0.011644540829297223,1.1907558342432132,1.1865362874672132,0.0035575844455613456
2022-04-01,conservative_fixed,conservative,fixed,0.0079514549194548145,0.42370929590739659,0.001,0.0004237092959073966,0.0075277456235474183,1.2002240755792759,1.1954682308123747,0.0039812937414687418
2022-04-04,conservative_fixed,conservative,fixed,0.0058414362933463249,0,0.001,0,0.0058414362933463249,1.2072351080545127,1.2024514823233847,0.0039812937414687418
2022-04-05,conservative_fixed,conservative,fixed,-0.007590053580960765,0,0.001,0,-0.007590053580960765,1.1980721288995619,1.1933248111440444,0.0039812937414687418
2022-04-06,conservative_fixed,conservative,fixed,0.00097254591749096342,0,0.001,0,0.00097254591749096342,1.1992373090573829,1.1944853743173633,0.0039812937414687418
2022-04-07,conservative_fixed,conservative,fixed,0.0062453143657579258,0,0.001,0,0.0062453143657579258,1.2067269230515918,1.2019453109852754,0.0039812937414687418
2022-04-08,conservative_fixed,conservative,fixed,0.0020695970277890829,0,0.001,0,0.0020695970277890829,1.2092243615048925,1.2044328534284554,0.0039812937414687418
2022-04-11,conservative_fixed,conservative,fixed,-0.01978073262311042,0,0.001,0,-0.01978073262311042,1.1853050177286129,1.1806082891922971,0.0039812937414687418
2022-04-12,conservative_fixed,conservative,fixed,-0.0019976899648184165,0,0.001,0,-0.0019976899648184165,1.1829371457894475,1.1782497998605963,0.0039812937414687418
2022-04-13,conservative_fixed,conservative,fixed,0.0033055737948566311,0,0.001,0,0.0033055737948566311,1.1868474318195317,1.1821445915228106,0.0039812937414687418
2022-04-14,conservative_fixed,conservative,fixed,-0.0032535700429635606,0,0.001,0,-0.0032535700429635606,1.1829859405697953,1.1782984012933806,0.0039812937414687418
2022-04-18,conservative_fixed,conservative,fixed,-0.0066953675334155971,0,0.001,0,-0.0066953675334155971,1.1750654149108173,1.1704092604326854,0.0039812937414687418
2022-04-19,conservative_fixed,conservative,fixed,0.010931119953329516,0,0.001,0,0.010931119953329516,1.1879101959142164,1.1832031444529629,0.0039812937414687418
2022-04-20,conservative_fixed,conservative,fixed,-0.0014525813840562396,0,0.001,0,-0.0014525813840562396,1.1861846596777008,1.1814844455917737,0.0039812937414687418
2022-04-21,conservative_fixed,conservative,fixed,-0.0114427140600456,0,0.001,0,-0.0114427140600456,1.1726114877945963,1.1679650569144755,0.0039812937414687418
2022-04-22,conservative_fixed,conservative,fixed,-0.016581246333482791,0,0.001,0,-0.016581246333482791,1.1531681278620023,1.1485987405968763,0.0039812937414687418
2022-04-25,conservative_fixed,conservative,fixed,0.0020937313618327735,0,0.001,0,0.0020937313618327735,1.1555825521367729,1.1510035978022255,0.0039812937414687418
2022-04-26,conservative_fixed,conservative,fixed,-0.012185367779143585,0,0.001,0,-0.012185367779143585,1.1415013537398249,1.1369781956478879,0.0039812937414687418
2022-04-27,conservative_fixed,conservative,fixed,0.0010070411230573839,0,0.001,0,0.0010070411230573839,1.1426508925450665,1.1381231794469249,0.0039812937414687418
2022-04-28,conservative_fixed,conservative,fixed,0.010631727598780838,0,0.001,0,0.010631727598780838,1.1547992455751095,1.150223395064663,0.0039812937414687418
2022-04-29,conservative_fixed,conservative,fixed,-0.03321281409897836,0,0.001,0,-0.03321281409897836,1.1164451129101829,1.1120212392720845,0.0039812937414687418
2022-05-02,conservative_fixed,conservative,fixed,0.0023423386753060882,0.36255248829416431,0.001,0.00036255248829416431,0.001979786187011924,1.1190602054770089,1.1142228035612591,0.0043438462297629059
2022-05-03,conservative_fixed,conservative,fixed,0.00021699563801891308,0,0.001,0,0.00021699563801891308,1.1193030366602779,1.114464585049413,0.0043438462297629059
2022-05-04,conservative_fixed,conservative,fixed,0.036796832568563032,0,0.001,0,0.036796832568563032,1.1604898430937503,1.1554733517890694,0.0043438462297629059
2022-05-05,conservative_fixed,conservative,fixed,-0.027613340013873833,0,0.001,0,-0.027613340013873833,1.1284448424737554,1.1235668732491473,0.0043438462297629059
2022-05-06,conservative_fixed,conservative,fixed,-0.006654936779429188,0,0.001,0,-0.006654936779429188,1.1209351133880197,1.1160896067402133,0.0043438462297629059
2022-05-09,conservative_fixed,conservative,fixed,-0.030275255775780385,0,0.001,0,-0.030275255775780385,1.086998516122144,1.0822997084274633,0.0043438462297629059
2022-05-10,conservative_fixed,conservative,fixed,-0.0058901630819827577,0,0.001,0,-0.0058901630819827577,1.0805959175923114,1.0759247866412431,0.0043438462297629059
2022-05-11,conservative_fixed,conservative,fixed,-0.0042271573416809982,0,0.001,0,-0.0042271573416809982,1.0760280686258705,1.071376683280296,0.0043438462297629059
2022-05-12,conservative_fixed,conservative,fixed,0.0045123559415340964,0,0.001,0,0.0045123559415340964,1.0808834902745919,1.076211116222717,0.0043438462297629059
2022-05-13,conservative_fixed,conservative,fixed,0.016453847317859038,0,0.001,0,0.016453847317859038,1.0986681821919646,1.0939189296108283,0.0043438462297629059
2022-05-16,conservative_fixed,conservative,fixed,-0.001343814122189424,0,0.001,0,-0.001343814122189424,1.0971917763731349,1.0924489059046869,0.0043438462297629059
2022-05-17,conservative_fixed,conservative,fixed,0.018514577402273025,0,0.001,0,0.018514577402273025,1.1175058184419329,1.1126751357310878,0.0043438462297629059
2022-05-18,conservative_fixed,conservative,fixed,-0.018180223949030183,0,0.001,0,-0.018180223949030183,1.0971893123983143,1.0924464525809789,0.0043438462297629059
2022-05-19,conservative_fixed,conservative,fixed,0.0019343189235518921,0,0.001,0,0.0019343189235518921,1.0993116264480052,1.0945595924271734,0.0043438462297629059
2022-05-20,conservative_fixed,conservative,fixed,-0.0012383283422482405,0,0.001,0,-0.0012383283422482405,1.0979503177040115,1.0932041682615912,0.0043438462297629059
2022-05-23,conservative_fixed,conservative,fixed,0.010610880319585902,0,0.001,0,0.010610880319585902,1.1096005371220201,1.1048040268558874,0.0043438462297629059
2022-05-24,conservative_fixed,conservative,fixed,0.008782184266644899,0,0.001,0,0.008782184266644899,1.1193452535013939,1.1145066193982671,0.0043438462297629059
2022-05-25,conservative_fixed,conservative,fixed,0.0055847860092288482,0,0.001,0,0.0055847860092288482,1.1255965572126452,1.1207309003734756,0.0043438462297629059
2022-05-26,conservative_fixed,conservative,fixed,-0.00012349199446559656,0,0.001,0,-0.00012349199446559656,1.1254575550488313,1.1205924990793292,0.0043438462297629059
2022-05-27,conservative_fixed,conservative,fixed,0.0077209590925011451,0,0.001,0,0.0077209590925011451,1.1341471667917096,1.1292445479240845,0.0043438462297629059
2022-05-31,conservative_fixed,conservative,fixed,-0.004924881896592237,0,0.001,0,-0.004924881896592237,1.1285616259419058,1.1236831518931876,0.0043438462297629059
2022-06-01,conservative_fixed,conservative,fixed,-0.0091733780960483458,0.2961269659230476,0.001,0.00029612696592304762,-0.0094695050619713929,1.1182089034424496,1.113042428598283,0.0046399731956859539
2022-06-02,conservative_fixed,conservative,fixed,0.0073110402504596994,0,0.001,0,0.0073110402504596994,1.1263841737439397,1.1211799265942344,0.0046399731956859539
2022-06-03,conservative_fixed,conservative,fixed,-0.0075472846383454195,0,0.001,0,-0.0075472846383454195,1.1178830317725668,1.1127180625574284,0.0046399731956859539
2022-06-06,conservative_fixed,conservative,fixed,0.004080394893607231,0,0.001,0,0.004080394893607231,1.1224444359870618,1.1172583916579124,0.0046399731956859539
2022-06-07,conservative_fixed,conservative,fixed,0.0078913448512079043,0,0.001,0,0.0078913448512079043,1.1313020321077552,1.126075062914391,0.0046399731956859539
2022-06-08,conservative_fixed,conservative,fixed,-0.013350723199648806,0,0.001,0,-0.013350723199648806,1.1161983318218842,1.1110411464473937,0.0046399731956859539
2022-06-09,conservative_fixed,conservative,fixed,-0.020536029022064639,0,0.001,0,-0.020536029022064639,1.0932760504852099,1.088224773219242,0.0046399731956859539
2022-06-10,conservative_fixed,conservative,fixed,-0.020412823932526414,0,0.001,0,-0.020412823932526414,1.0709591989570075,1.0660110325245042,0.0046399731956859539
2022-06-13,conservative_fixed,conservative,fixed,-0.047816018322200171,0,0.001,0,-0.047816018322200171,1.0197501942773504,1.0150386294616449,0.0046399731956859539
2022-06-14,conservative_fixed,conservative,fixed,-0.017966312673091789,0,0.001,0,-0.017966312673091789,1.0014290434385174,0.99680212806947044,0.0046399731956859539
2022-06-15,conservative_fixed,conservative,fixed,0.011376610398694087,0,0.001,0,0.011376610398694087,1.0128219115076542,1.0081423575251061,0.0046399731956859539
2022-06-16,conservative_fixed,conservative,fixed,-0.023269047724066794,0,0.001,0,-0.023269047724066794,0.98925451011280208,0.98468384489520111,0.0046399731956859539
2022-06-17,conservative_fixed,conservative,fixed,0.0039100914710299417,0,0.001,0,0.0039100914710299417,0.99312258573547207,0.98853404879878681,0.0046399731956859539
2022-06-21,conservative_fixed,conservative,fixed,0.017557655397741012,0,0.001,0,0.017557655397741012,1.0105594898635291,1.0058903889765296,0.0046399731956859539
2022-06-22,conservative_fixed,conservative,fixed,-0.00057234078313317394,0,0.001,0,-0.00057234078313317394,1.009981105453698,1.0053146768835566,0.0046399731956859539
2022-06-23,conservative_fixed,conservative,fixed,0.017084145058908096,0,0.001,0,0.017084145058908096,1.0272357691660254,1.0224896186532846,0.0046399731956859539
2022-06-24,conservative_fixed,conservative,fixed,0.018449829553184305,0,0.001,0,0.018449829553184305,1.0461880940180728,1.0413543778373382,0.0046399731956859539
2022-06-27,conservative_fixed,conservative,fixed,-0.004514940061860595,0,0.001,0,-0.004514940061860595,1.041464617480149,1.0366527252382465,0.0046399731956859539
2022-06-28,conservative_fixed,conservative,fixed,-0.014467291263229209,0,0.001,0,-0.014467291263229209,1.0263974455187161,1.0216551683234045,0.0046399731956859539
2022-06-29,conservative_fixed,conservative,fixed,0.0003315425957854945,0,0.001,0,0.0003315425957854945,1.0267377399921109,1.0219938905299082,0.0046399731956859539
2022-06-30,conservative_fixed,conservative,fixed,-0.0087144479435363742,0,0.001,0,-0.0087144479435363742,1.0177902874052855,1.0130877779722731,0.0046399731956859539
2022-07-01,conservative_fixed,conservative,fixed,0.01234147121198248,0.4261842966467026,0.001,0.00042618429664670262,0.011915286915335777,1.0303513169371332,1.0251590095172327,0.0050661574923326564
2022-07-05,conservative_fixed,conservative,fixed,-0.0010657246106827722,0,0.001,0,-0.0010657246106827722,1.029253246181024,1.024066472330927,0.0050661574923326564
2022-07-06,conservative_fixed,conservative,fixed,0.0025797835320060525,0,0.001,0,0.0025797835320060525,1.0319084967557857,1.0267083421519259,0.0050661574923326564
2022-07-07,conservative_fixed,conservative,fixed,0.0058350962322986089,0,0.001,0,0.0058350962322986089,1.0379297821372824,1.0326992841308862,0.0050661574923326564
2022-07-08,conservative_fixed,conservative,fixed,-0.0020562747393375602,0,0.001,0,-0.0020562747393375602,1.0357955133450674,1.0305757706795959,0.0050661574923326564
2022-07-11,conservative_fixed,conservative,fixed,-0.005765285277986365,0,0.001,0,-0.005765285277986365,1.0298238567209748,1.0246342073610475,0.0050661574923326564
2022-07-12,conservative_fixed,conservative,fixed,-0.0066939178576526093,0,0.001,0,-0.0066939178576526093,1.0229303004162336,1.0177753901428317,0.0050661574923326564
2022-07-13,conservative_fixed,conservative,fixed,0.0019368581045755562,0,0.001,0,0.0019368581045755562,1.0249115712590107,1.0197466766558674,0.0050661574923326564
2022-07-14,conservative_fixed,conservative,fixed,0.0010480368040421961,0,0.001,0,0.0010480368040421961,1.0259857163065789,1.0208154087038024,0.0050661574923326564
2022-07-15,conservative_fixed,conservative,fixed,0.011514371256428069,0,0.001,0,0.011514371256428069,1.037799296747925,1.0325694563039003,0.0050661574923326564
2022-07-18,conservative_fixed,conservative,fixed,-0.0015783969171068168,0,0.001,0,-0.0015783969171068168,1.0361612375373626,1.0309396518573715,0.0050661574923326564
2022-07-19,conservative_fixed,conservative,fixed,0.014885756245801129,0,0.001,0,0.014885756245801129,1.0515852811506914,1.0462859682190513,0.0050661574923326564
2022-07-20,conservative_fixed,conservative,fixed,-0.0058248972619592276,0,0.001,0,-0.0058248972619592276,1.0454599049258002,1.0401914599475457,0.0050661574923326564
2022-07-21,conservative_fixed,conservative,fixed,0.0057666031400915863,0,0.001,0,0.0057666031400915863,1.0514886572963851,1.0461898312867757,0.0050661574923326564
2022-07-22,conservative_fixed,conservative,fixed,-0.0018967264139896356,0,0.001,0,-0.0018967264139896356,1.0494942709860806,1.0442054953997266,0.0050661574923326564
2022-07-25,conservative_fixed,conservative,fixed,-0.00580406688292745,0,0.001,0,-0.00580406688292745,1.0434029360440282,1.0381448568649063,0.0050661574923326564
2022-07-26,conservative_fixed,conservative,fixed,-0.0027601289964918063,0,0.001,0,-0.0027601289964918063,1.0405230093452285,1.0352794431429146,0.0050661574923326564
2022-07-27,conservative_fixed,conservative,fixed,0.0096124518389060221,0,0.001,0,0.0096124518389060221,1.050524986659833,1.0452310169299353,0.0050661574923326564
2022-07-28,conservative_fixed,conservative,fixed,0.011075908050506067,0,0.001,0,0.011075908050506067,1.0621605048168363,1.0568078995649881,0.0050661574923326564
2022-07-29,conservative_fixed,conservative,fixed,0.0029005476705612487,0,0.001,0,0.0029005476705612487,1.0652413519948449,1.059873221256302,0.0050661574923326564
2022-08-01,conservative_fixed,conservative,fixed,-0.0045472584138132044,0.056712980324274603,0.001,5.6712980324274606e-05,-0.0046039713941374788,1.0603974242942447,1.0549935952642258,0.0051228704726569308
2022-08-02,conservative_fixed,conservative,fixed,-0.0079248839379052471,0,0.001,0,-0.0079248839379052471,1.0519938977786591,1.0466328934665234,0.0051228704726569308
2022-08-03,conservative_fixed,conservative,fixed,0.01462702926639059,0,0.001,0,0.01462702926639059,1.0673814433095319,1.0619420234304253,0.0051228704726569308
2022-08-04,conservative_fixed,conservative,fixed,-0.0044705759519023669,0,0.001,0,-0.0044705759519023669,1.0626096334975654,1.0571945309581627,0.0051228704726569308
2022-08-05,conservative_fixed,conservative,fixed,-0.0013649959189035998,0,0.001,0,-0.0013649959189035998,1.0611591756844536,1.0557514647379176,0.0051228704726569308
2022-08-08,conservative_fixed,conservative,fixed,0.00533667070191024,0,0.001,0,0.00533667070191024,1.066822232767392,1.0613856626482832,0.0051228704726569308
2022-08-09,conservative_fixed,conservative,fixed,-0.00221229815279822,0,0.001,0,-0.00221229815279822,1.0644621039124766,1.0590375611073999,0.0051228704726569308
2022-08-10,conservative_fixed,conservative,fixed,0.015562219397681654,0,0.001,0,0.015562219397681654,1.0810274967140805,1.0755185359837389,0.0051228704726569308
2022-08-11,conservative_fixed,conservative,fixed,-0.0023980624911695836,0,0.001,0,-0.0023980624911695836,1.0784351252222875,1.0729393753240386,0.0051228704726569308
2022-08-12,conservative_fixed,conservative,fixed,0.014414834528272635,0,0.001,0,0.014414834528272635,1.0939805891018437,1.0884056188782028,0.0051228704726569308
2022-08-15,conservative_fixed,conservative,fixed,0.012200268783655766,0,0.001,0,0.012200268783655766,1.1073274463329883,1.101684459974158,0.0051228704726569308
2022-08-16,conservative_fixed,conservative,fixed,0.0096716793288629255,0,0.001,0,0.0096716793288629255,1.1180371623059697,1.1123395987926195,0.0051228704726569308
2022-08-17,conservative_fixed,conservative,fixed,-0.006491422737933239,0,0.001,0,-0.006491422737933239,1.1107795104487224,1.1051189322287136,0.0051228704726569308
2022-08-18,conservative_fixed,conservative,fixed,-0.0042964318123736023,0,0.001,0,-0.0042964318123736023,1.1060071220234977,1.1003708640918297,0.0051228704726569308
2022-08-19,conservative_fixed,conservative,fixed,-0.013259629749324819,0,0.001,0,-0.013259629749324819,1.0913418770853498,1.0857803538470274,0.0051228704726569308
2022-08-22,conservative_fixed,conservative,fixed,-0.013727890961141243,0,0.001,0,-0.013727890961141243,1.0763600547953949,1.070874879541666,0.0051228704726569308
2022-08-23,conservative_fixed,conservative,fixed,-0.0044950711529355702,0,0.001,0,-0.0044950711529355702,1.071521739762912,1.0660612207622349,0.0051228704726569308
2022-08-24,conservative_fixed,conservative,fixed,-5.8022156552040016e-05,0,0.001,0,-5.8022156552040016e-05,1.0714595677607786,1.0659993655911897,0.0051228704726569308
2022-08-25,conservative_fixed,conservative,fixed,0.0069951002102297544,0,0.001,0,0.0069951002102297544,1.0789545348084746,1.0734561379775414,0.0051228704726569308
2022-08-26,conservative_fixed,conservative,fixed,-0.017601424292133627,0,0.001,0,-0.017601424292133627,1.059963398249389,1.0545617810340036,0.0051228704726569308
2022-08-29,conservative_fixed,conservative,fixed,-0.00068779173173039165,0,0.001,0,-0.00068779173173039165,1.0592343641881363,1.0538364621604095,0.0051228704726569308
2022-08-30,conservative_fixed,conservative,fixed,-0.0087169321269348066,0,0.001,0,-0.0087169321269348066,1.0500010901289913,1.0446502412468681,0.0051228704726569308
2022-08-31,conservative_fixed,conservative,fixed,-0.00087193840023980229,0,0.001,0,-0.00087193840023980229,1.0490855538582142,1.0437393705867053,0.0051228704726569308
2022-09-01,conservative_fixed,conservative,fixed,0.012810271434785303,0.15715183053066339,0.001,0.00015715183053066341,0.01265311960425464,1.0625246245614499,1.0569459296784085,0.0052800223031875945
2022-09-02,conservative_fixed,conservative,fixed,-0.010005517067922187,0,0.001,0,-0.010005517067922187,1.0518935162953127,1.0463706391391403,0.0052800223031875945
2022-09-06,conservative_fixed,conservative,fixed,-0.0066080744916535705,0,0.001,0,-0.0066080744916535705,1.0449425255823459,1.0394561440098298,0.0052800223031875945
2022-09-07,conservative_fixed,conservative,fixed,0.017562923190317603,0,0.001,0,0.017562923190317603,1.0632947708974452,1.0577120324267781,0.0052800223031875945
2022-09-08,conservative_fixed,conservative,fixed,0.0037496287424747532,0,0.001,0,0.0037496287424747532,1.0672817315321252,1.061678059864827,0.0052800223031875945
2022-09-09,conservative_fixed,conservative,fixed,0.013865084899052915,0,0.001,0,0.013865084899052915,1.0820796833510264,1.0763983163003146,0.0052800223031875945
2022-09-12,conservative_fixed,conservative,fixed,0.010139244474025588,0,0.001,0,0.010139244474025588,1.0930511538008987,1.087312181980713,0.0052800223031875945
2022-09-13,conservative_fixed,conservative,fixed,-0.034527739436380434,0,0.001,0,-0.034527739436380434,1.0553105683718262,1.0497697502752807,0.0052800223031875945
2022-09-14,conservative_fixed,conservative,fixed,0.0097002912909727179,0,0.001,0,0.0097002912909727179,1.0655473882874749,1.0599528226414026,0.0052800223031875945
2022-09-15,conservative_fixed,conservative,fixed,-0.013651709703712434,0,0.001,0,-0.013651709703712434,1.0510008446670254,1.0454826544070714,0.0052800223031875945
2022-09-16,conservative_fixed,conservative,fixed,0.0027305980073819569,0,0.001,0,0.0027305980073819569,1.05387070547923,1.0483374472599478,0.0052800223031875945
2022-09-19,conservative_fixed,conservative,fixed,0.0065969211734522304,0,0.001,0,0.0065969211734522304,1.0608230074502869,1.0552532467626998,0.0052800223031875945
2022-09-20,conservative_fixed,conservative,fixed,-0.012459022082785043,0,0.001,0,-0.012459022082785043,1.0476061901745373,1.0421058232583527,0.0052800223031875945
2022-09-21,conservative_fixed,conservative,fixed,-0.017355432462006437,0,0.001,0,-0.017355432462006437,1.0294245316941832,1.0240196260245287,0.0052800223031875945
2022-09-22,conservative_fixed,conservative,fixed,0.012298578859605946,0,0.001,0,0.012298578859605946,1.0420849904772371,1.0366136121489755,0.0052800223031875945
2022-09-23,conservative_fixed,conservative,fixed,-0.01382517155640961,0,0.001,0,-0.01382517155640961,1.0276779867075299,1.0222822511233065,0.0052800223031875945
2022-09-26,conservative_fixed,conservative,fixed,-0.010398799823828964,0,0.001,0,-0.010398799823828964,1.0169913690404027,1.0116517426304219,0.0052800223031875945
2022-09-27,conservative_fixed,conservative,fixed,-0.0055806343604055675,0,0.001,0,-0.0055806343604055675,1.0113159120620998,1.0060060841547345,0.0052800223031875945
2022-09-28,conservative_fixed,conservative,fixed,0.019221394713649698,0,0.001,0,0.019221394713649698,1.0307548143880401,1.0253429241826058,0.0052800223031875945
2022-09-29,conservative_fixed,conservative,fixed,-0.010627867287246406,0,0.001,0,-0.010627867287246406,1.0198000890150336,1.0144457156604758,0.0052800223031875945
2022-09-30,conservative_fixed,conservative,fixed,-0.013392139571104189,0,0.001,0,-0.013392139571104189,1.0061427838883199,1.0008601170490421,0.0052800223031875945
2022-10-03,conservative_fixed,conservative,fixed,0.02535441848709663,0.38246388170655182,0.001,0.00038246388170655183,0.024971954605390079,1.0316529490887969,1.0258535504583361,0.0056624861848941464
2022-10-04,conservative_fixed,conservative,fixed,0.019819760801646602,0,0.001,0,0.019819760801646602,1.0521000637700502,1.0461857224459403,0.0056624861848941464
2022-10-05,conservative_fixed,conservative,fixed,-0.0010961523413876018,0,0.001,0,-0.0010961523413876018,1.0509468018217747,1.0450389435167549,0.0056624861848941464
2022-10-06,conservative_fixed,conservative,fixed,-0.0038681910984211809,0,0.001,0,-0.0038681910984211809,1.0468815387580535,1.0409965331779398,0.0056624861848941464
2022-10-07,conservative_fixed,conservative,fixed,-0.013170322303356019,0,0.001,0,-0.013170322303356019,1.0330937714791766,1.0272862733193102,0.0056624861848941464
2022-10-10,conservative_fixed,conservative,fixed,0.0013920886981106939,0,0.001,0,0.0013920886981106939,1.0345319296425413,1.0287163469301224,0.0056624861848941464
2022-10-11,conservative_fixed,conservative,fixed,0.0095620760555716888,0,0.001,0,0.0095620760555716888,1.0444242026357007,1.0385530108790781,0.0056624861848941464
2022-10-12,conservative_fixed,conservative,fixed,-0.0013785806948224399,0,0.001,0,-0.0013785806948224399,1.0429843795927418,1.0371212817477304,0.0056624861848941464
2022-10-13,conservative_fixed,conservative,fixed,0.015989748699586581,0,0.001,0,0.015989748699586581,1.059661437720024,1.0537045904138698,0.0056624861848941464
2022-10-14,conservative_fixed,conservative,fixed,-0.0071932067334777861,0,0.001,0,-0.0071932067334777861,1.0520390739310095,1.0461250754590083,0.0056624861848941464
2022-10-17,conservative_fixed,conservative,fixed,0.011866358791558618,0,0.001,0,0.011866358791558618,1.0645229470450139,1.0585387709452512,0.0056624861848941464
2022-10-18,conservative_fixed,conservative,fixed,0.0061400175693153702,0,0.001,0,0.0061400175693153702,1.0710591366428097,1.0650382175966566,0.0056624861848941464
2022-10-19,conservative_fixed,conservative,fixed,-0.010596244607233629,0,0.001,0,-0.010596244607233629,1.0597099320421299,1.0537528121269504,0.0056624861848941464
2022-10-20,conservative_fixed,conservative,fixed,0.0034479558953932621,0,0.001,0,0.0034479558953932621,1.0633637651497214,1.0573861053478106,0.0056624861848941464
2022-10-21,conservative_fixed,conservative,fixed,0.020500149239247811,0,0.001,0,0.020500149239247811,1.0851628810308991,1.0790626783109478,0.0056624861848941464
2022-10-24,conservative_fixed,conservative,fixed,0.010654128740771762,0,0.001,0,0.010654128740771762,1.096724346070109,1.0905591510050348,0.0056624861848941464
2022-10-25,conservative_fixed,conservative,fixed,0.0090552481790528994,0,0.001,0,0.0090552481790528994,1.1066554572077834,1.1004344347713226,0.0056624861848941464
2022-10-26,conservative_fixed,conservative,fixed,0.014820404864800629,0,0.001,0,0.014820404864800629,1.1230565391294438,1.1167433186218017,0.0056624861848941464
2022-10-27,conservative_fixed,conservative,fixed,-0.0013924189734711989,0,0.001,0,-0.0013924189734711989,1.1214927738960792,1.1151883440364554,0.0056624861848941464
2022-10-28,conservative_fixed,conservative,fixed,0.016313052659352012,0,0.001,0,0.016313052659352012,1.1397877445737286,1.1333804702178176,0.0056624861848941464
2022-10-31,conservative_fixed,conservative,fixed,-0.0079583262124035548,0,0.001,0,-0.0079583262124035548,1.1307169418895111,1.1243606587130568,0.0056624861848941464
2022-11-01,conservative_fixed,conservative,fixed,-0.0019430873611323562,0.12764679022736419,0.001,0.00012764679022736421,-0.0020707341513597206,1.1285198600907074,1.1220324066986143,0.0057901329751215104
2022-11-02,conservative_fixed,conservative,fixed,-0.013548761076053961,0,0.001,0,-0.013548761076053961,1.1132298141367565,1.106830257700665,0.0057901329751215104
2022-11-03,conservative_fixed,conservative,fixed,-0.0072512117809764298,0,0.001,0,-0.0072512117809764298,1.1051575489935539,1.0988043970964847,0.0057901329751215104
2022-11-04,conservative_fixed,conservative,fixed,0.025169305890746507,0,0.001,0,0.025169305890746507,1.1329735974016404,1.1264605410811035,0.0057901329751215104
2022-11-07,conservative_fixed,conservative,fixed,0.012033221852340903,0,0.001,0,0.012033221852340903,1.146606920052019,1.1400154906798403,0.0057901329751215104
2022-11-08,conservative_fixed,conservative,fixed,0.0026217262797674223,0,0.001,0,0.0026217262797674223,1.1496130095468826,1.1430042992510976,0.0057901329751215104
2022-11-09,conservative_fixed,conservative,fixed,-0.022952312051645385,0,0.001,0,-0.022952312051645385,1.1232267330131314,1.1167697078983141,0.0057901329751215104
2022-11-10,conservative_fixed,conservative,fixed,0.032694558435749643,0,0.001,0,0.032694558435749643,1.1599501350722254,1.1532820003724706,0.0057901329751215104
2022-11-11,conservative_fixed,conservative,fixed,-0.0081297540086600062,0,0.001,0,-0.0081297540086600062,1.1505200258117763,1.143906101406827,0.0057901329751215104
2022-11-14,conservative_fixed,conservative,fixed,0.002068304288368239,0,0.001,0,0.002068304288368239,1.1528996513150163,1.1462720473018573,0.0057901329751215104
2022-11-15,conservative_fixed,conservative,fixed,0.0027544670685868411,0,0.001,0,0.0027544670685868411,1.1560752754379486,1.1494294159077918,0.0057901329751215104
2022-11-16,conservative_fixed,conservative,fixed,-0.0012822638181465562,0,0.001,0,-0.0012822638181465562,1.1545928819412008,1.1479555441562599,0.0057901329751215104
2022-11-17,conservative_fixed,conservative,fixed,0.0037276966159844882,0,0.001,0,0.0037276966159844882,1.1588968539200528,1.1522347741535117,0.0057901329751215104
2022-11-18,conservative_fixed,conservative,fixed,0.0080731856888280884,0,0.001,0,0.0080731856888280884,1.168252843415948,1.161536979442378,0.0057901329751215104
2022-11-21,conservative_fixed,conservative,fixed,0.0017954123384471554,0,0.001,0,0.0017954123384471554,1.1703503389854431,1.1636224172668315,0.0057901329751215104
2022-11-22,conservative_fixed,conservative,fixed,0.01024876315069756,0,0.001,0,0.01024876315069756,1.1823449824130434,1.1755481078182415,0.0057901329751215104
2022-11-23,conservative_fixed,conservative,fixed,0.0024883813072729133,0,0.001,0,0.0024883813072729133,1.1852871075660281,1.1784733197555364,0.0057901329751215104
2022-11-25,conservative_fixed,conservative,fixed,-0.00013638189739662021,0,0.001,0,-0.00013638189739662021,1.1851254558613384,1.1783125973281567,0.0057901329751215104
2022-11-28,conservative_fixed,conservative,fixed,-0.0085901391052155551,0,0.001,0,-0.0085901391052155551,1.1749450633383576,1.16819072820768,0.0057901329751215104
2022-11-29,conservative_fixed,conservative,fixed,0.0047072130168104298,0,0.001,0,0.0047072130168104298,1.1804757800345411,1.1736896508096164,0.0057901329751215104
2022-11-30,conservative_fixed,conservative,fixed,0.021419422195131377,0,0.001,0,0.021419422195131377,1.2057608891582281,1.1988294049663639,0.0057901329751215104
2022-12-01,conservative_fixed,conservative,fixed,-0.0012552502044832492,0.28388430963439781,0.001,0.0002838843096343978,-0.0015391345141176471,1.2042473575555543,1.1969842452526409,0.0060740172847559082
2022-12-02,conservative_fixed,conservative,fixed,0.0026712159614805664,0,0.001,0,0.0026712159614805664,1.2074641623186275,1.2001816486742005,0.0060740172847559082
2022-12-05,conservative_fixed,conservative,fixed,-0.0085992410243957984,0,0.001,0,-0.0085992410243957984,1.1970808869585294,1.1898609974041943,0.0060740172847559082
2022-12-06,conservative_fixed,conservative,fixed,-0.0068933247273808007,0,0.001,0,-0.0068933247273808007,1.1888290196797833,1.1816588991686419,0.0060740172847559082
2022-12-07,conservative_fixed,conservative,fixed,0.0024175467614604429,0,0.001,0,0.0024175467614604429,1.1917030694262403,1.1845156148134779,0.0060740172847559082
2022-12-08,conservative_fixed,conservative,fixed,0.0045034941729731326,0,0.001,0,0.0045034941729731326,1.1970698972553155,1.1898500739825861,0.0060740172847559082
2022-12-09,conservative_fixed,conservative,fixed,-0.014795328271008823,0,0.001,0,-0.014795328271008823,1.1793588551620804,1.1722458515447296,0.0060740172847559082
2022-12-12,conservative_fixed,conservative,fixed,0.0046212562727496742,0,0.001,0,0.0046212562727496742,1.1848089746693211,1.1776631000393856,0.0060740172847559082
2022-12-13,conservative_fixed,conservative,fixed,0.0038110658902201777,0,0.001,0,0.0038110658902201777,1.1893243597391101,1.1821512517101167,0.0060740172847559082
2022-12-14,conservative_fixed,conservative,fixed,-0.0018847231360448191,0,0.001,0,-0.0018847231360448191,1.1870828126020481,1.1799232238957142,0.0060740172847559082
2022-12-15,conservative_fixed,conservative,fixed,-0.016508418519548762,0,0.001,0,-0.016508418519548762,1.1674859527142505,1.1604445574947087,0.0060740172847559082
2022-12-16,conservative_fixed,conservative,fixed,-0.011138061507951158,0,0.001,0,-0.011138061507951158,1.1544824223632502,1.1475194546367655,0.0060740172847559082
2022-12-19,conservative_fixed,conservative,fixed,-0.0049215214017740427,0,0.001,0,-0.0049215214017740427,1.1488006124136174,1.1418719130818187,0.0060740172847559082
2022-12-20,conservative_fixed,conservative,fixed,0.0037017829322900653,0,0.001,0,0.0037017829322900653,1.1530532229132546,1.1460988750405263,0.0060740172847559082
2022-12-21,conservative_fixed,conservative,fixed,0.0099084722044588958,0,0.001,0,0.0099084722044588958,1.1644782187227523,1.157454963887427,0.0060740172847559082
2022-12-22,conservative_fixed,conservative,fixed,-0.0034742412935450107,0,0.001,0,-0.0034742412935450107,1.1604325404098319,1.1534336860564707,0.0060740172847559082
2022-12-23,conservative_fixed,conservative,fixed,0.0038271846909982976,0,0.001,0,0.0038271846909982976,1.1648737300634247,1.1578480898018277,0.0060740172847559082
2022-12-27,conservative_fixed,conservative,fixed,0.0003703882069840958,0,0.001,0,0.0003703882069840958,1.1653051855556658,1.1582769430797695,0.0060740172847559082
2022-12-28,conservative_fixed,conservative,fixed,-0.011771174668470441,0,0.001,0,-0.011771174668470441,1.1515881746744157,1.1446426628683155,0.0060740172847559082
2022-12-29,conservative_fixed,conservative,fixed,0.0060803233198361006,0,0.001,0,0.0060803233198361006,1.158590203107736,1.151602460344233,0.0060740172847559082
2022-12-30,conservative_fixed,conservative,fixed,-0.0010386078654923692,0,0.001,0,-0.0010386078654923692,1.1573868822099058,1.150406396970999,0.0060740172847559082
2023-01-03,conservative_fixed,conservative,fixed,-0.0010702878162039964,0.2219893402130485,0.001,0.00022198934021304851,-0.0012922771564170448,1.1561481451312423,1.1489197530635975,0.0062960066249689566
2023-01-04,conservative_fixed,conservative,fixed,0.0089002980750880756,0,0.001,0,0.0089002980750880756,1.1664382082418705,1.1591454813302202,0.0062960066249689566
2023-01-05,conservative_fixed,conservative,fixed,-0.000700871829402816,0,0.001,0,-0.000700871829402816,1.1656206845609747,1.1583330689161764,0.0062960066249689566
2023-01-06,conservative_fixed,conservative,fixed,0.014748824595766319,0,0.001,0,0.014748824595766319,1.1828122195827615,1.1754171201730967,0.0062960066249689566
2023-01-09,conservative_fixed,conservative,fixed,-0.011199604131931995,0,0.001,0,-0.011199604131931995,1.1695651909610227,1.1622529137372626,0.0062960066249689566
2023-01-10,conservative_fixed,conservative,fixed,0.0019540238196584792,0,0.001,0,0.0019540238196584792,1.171850549202804,1.1645239836151726,0.0062960066249689566
2023-01-11,conservative_fixed,conservative,fixed,0.0095945761563724918,0,0.001,0,0.0095945761563724918,1.1830939585410172,1.1756970976618906,0.0062960066249689566
2023-01-12,conservative_fixed,conservative,fixed,0.0017542294293202421,0,0.001,0,0.0017542294293202421,1.1851693767807407,1.1777595401105754,0.0062960066249689566
2023-01-13,conservative_fixed,conservative,fixed,0.0043848268633521759,0,0.001,0,0.0043848268633521759,1.1903661393016713,1.1829238117806216,0.0062960066249689566
2023-01-17,conservative_fixed,conservative,fixed,-0.0057738421021278352,0,0.001,0,-0.0057738421021278352,1.183493153169624,1.1760937964725531,0.0062960066249689566
2023-01-18,conservative_fixed,conservative,fixed,-0.018879864178651173,0,0.001,0,-0.018879864178651173,1.1611489631814178,1.1538893053337971,0.0062960066249689566
2023-01-19,conservative_fixed,conservative,fixed,1.6279694344589757e-05,0,0.001,0,1.6279694344589757e-05,1.1611678663316269,1.1539080902989953,0.0062960066249689566
2023-01-20,conservative_fixed,conservative,fixed,0.014642975841473449,0,0.001,0,0.014642975841473449,1.1781708193462161,1.1708047385885243,0.0062960066249689566
2023-01-23,conservative_fixed,conservative,fixed,0.0047315256283884111,0,0.001,0,0.0047315256283884111,1.1837453647725722,1.1763444312149944,0.0062960066249689566
2023-01-24,conservative_fixed,conservative,fixed,-0.0067925322895887597,0,0.001,0,-0.0067925322895887597,1.1757047361597035,1.1683540736822886,0.0062960066249689566
2023-01-25,conservative_fixed,conservative,fixed,0.0010136196929517727,0,0.001,0,0.0010136196929517727,1.1768964536333717,1.1695383403797135,0.0062960066249689566
2023-01-26,conservative_fixed,conservative,fixed,0.00062475919940485625,0,0.001,0,0.00062475919940485625,1.1776317305195261,1.1702690202169224,0.0062960066249689566
2023-01-27,conservative_fixed,conservative,fixed,-0.0029435878346516509,0,0.001,0,-0.0029435878346516509,1.174165268083869,1.1668242305657421,0.0062960066249689566
2023-01-30,conservative_fixed,conservative,fixed,-0.0079315829654007519,0,0.001,0,-0.0079315829654007519,1.1648522788449698,1.1575694673749701,0.0062960066249689566
2023-01-31,conservative_fixed,conservative,fixed,0.0093535511835927121,0,0.001,0,0.0093535511835927121,1.1757477842564708,1.168396852636626,0.0062960066249689566
2023-02-01,conservative_fixed,conservative,fixed,-0.018688428739715435,0.16607610146888441,0.001,0.0001660761014688844,-0.018854504841184318,1.1537749055745155,1.1463673085221642,0.0064620827264378414
2023-02-02,conservative_fixed,conservative,fixed,-0.0119163732015094,0,0.001,0,-0.0119163732015094,1.1400260932091533,1.1327067678478042,0.0064620827264378414
2023-02-03,conservative_fixed,conservative,fixed,-0.0066949516374700258,0,0.001,0,-0.0066949516374700258,1.132393673649664,1.1251233508176282,0.0064620827264378414
2023-02-06,conservative_fixed,conservative,fixed,-0.0023243107936111729,0,0.001,0,-0.0023243107936111729,1.1297616388113831,1.1225082144691787,0.0064620827264378414
2023-02-07,conservative_fixed,conservative,fixed,0.010526785025611218,0,0.001,0,0.010526785025611218,1.1416543967133328,1.1343246171323784,0.0064620827264378414
2023-02-08,conservative_fixed,conservative,fixed,-0.0066761075347103738,0,0.001,0,-0.0066761075347103738,1.1340325891933998,1.1267517440091335,0.0064620827264378414
2023-02-09,conservative_fixed,conservative,fixed,-0.0083786372252475649,0,0.001,0,-0.0083786372252475649,1.12453094152694,1.1173110999031659,0.0064620827264378414
2023-02-10,conservative_fixed,conservative,fixed,0.012770036991738509,0,0.001,0,0.012770036991738509,1.1388912432485936,1.1315792039802093,0.0064620827264378414
2023-02-13,conservative_fixed,conservative,fixed,0.0064411960303574212,0,0.001,0,0.0064411960303574212,1.1462270650036153,1.1388679274569216,0.0064620827264378414
2023-02-14,conservative_fixed,conservative,fixed,-0.0052253252576304199,0,0.001,0,-0.0052253252576304199,1.1402376557698723,1.1329169721104757,0.0064620827264378414
2023-02-15,conservative_fixed,conservative,fixed,0.0072986194878918997,0,0.001,0,0.0072986194878918997,1.1485598165451025,1.1411857020012848,0.0064620827264378414
2023-02-16,conservative_fixed,conservative,fixed,-0.015349041449008394,0,0.001,0,-0.015349041449008394,1.1309305243142862,1.1236695953602513,0.0064620827264378414
2023-02-17,conservative_fixed,conservative,fixed,0.013905143116077046,0,0.001,0,0.013905143116077046,1.1466562751092164,1.1392943818989201,0.0064620827264378414
2023-02-21,conservative_fixed,conservative,fixed,-0.0057546597674892341,0,0.001,0,-0.0057546597674892341,1.1400576583757063,1.13273813035608,0.0064620827264378414
2023-02-22,conservative_fixed,conservative,fixed,-0.0046108155760178349,0,0.001,0,-0.0046108155760178349,1.1348010627669092,1.1275152837410849,0.0064620827264378414
2023-02-23,conservative_fixed,conservative,fixed,0.0016926478991752258,0,0.001,0,0.0016926478991752258,1.1367218814017834,1.1294237701173973,0.0064620827264378414
2023-02-24,conservative_fixed,conservative,fixed,-0.01032886754797202,0,0.001,0,-0.01032886754797202,1.1249808316499028,1.1177581015903235,0.0064620827264378414
2023-02-27,conservative_fixed,conservative,fixed,-1.7870299614641816e-05,0,0.001,0,-1.7870299614641816e-05,1.1249607279053806,1.1177381269181514,0.0064620827264378414
2023-02-28,conservative_fixed,conservative,fixed,-0.010183190289584587,0,0.001,0,-0.010183190289584587,1.1135050387448104,1.1063559868778201,0.0064620827264378414
2023-03-01,conservative_fixed,conservative,fixed,0.0021400107126319234,0.22977764511026641,0.001,0.00022977764511026641,0.001910233067521657,1.115887951456294,1.1084693846684046,0.0066918603715481074
2023-03-02,conservative_fixed,conservative,fixed,0.0032654740838944374,0,0.001,0,0.0032654740838944374,1.1195318546423045,1.1120890627168296,0.0066918603715481074
2023-03-03,conservative_fixed,conservative,fixed,0.0017831040099969275,0,0.001,0,0.0017831040099969275,1.1215280963816365,1.1140720331840337,0.0066918603715481074
2023-03-06,conservative_fixed,conservative,fixed,0.0068500599541760909,0,0.001,0,0.0068500599541760909,1.1292106310821437,1.1217034934046153,0.0066918603715481074
2023-03-07,conservative_fixed,conservative,fixed,-0.011832087797108204,0,0.001,0,-0.011832087797108204,1.1158497117537518,1.1084313991883288,0.0066918603715481074
2023-03-08,conservative_fixed,conservative,fixed,-0.0051854230409420499,0,0.001,0,-0.0051854230409420499,1.1100635589481953,1.102683713471674,0.0066918603715481074
2023-03-09,conservative_fixed,conservative,fixed,-0.016698977345376398,0,0.001,0,-0.016698977345376398,1.0915266327253914,1.0842700231212949,0.0066918603715481074
2023-03-10,conservative_fixed,conservative,fixed,-0.0069507808596558363,0,0.001,0,-0.0069507808596558363,1.0839396702988391,1.0767334997978848,0.0066918603715481074
2023-03-13,conservative_fixed,conservative,fixed,0.013014802234827538,0,0.001,0,0.013014802234827538,1.0980469307422627,1.090746973357368,0.0066918603715481074
2023-03-14,conservative_fixed,conservative,fixed,0.0072084507895133765,0,0.001,0,0.0072084507895133765,1.1059621480070945,1.0986095692386253,0.0066918603715481074
2023-03-15,conservative_fixed,conservative,fixed,0.0015819356299617837,0,0.001,0,0.0015819356299617837,1.107711708934416,1.1003474988596209,0.0066918603715481074
2023-03-16,conservative_fixed,conservative,fixed,0.0006380468215583246,0,0.001,0,0.0006380468215583246,1.1084184808695046,1.101049572083878,0.0066918603715481074
2023-03-17,conservative_fixed,conservative,fixed,-0.00611600988304839,0,0.001,0,-0.00611600988304839,1.1016393824859532,1.0943155420192867,0.0066918603715481074
2023-03-20,conservative_fixed,conservative,fixed,0.0088808098216286435,0,0.001,0,0.0088808098216286435,1.1114228323338273,1.1040339502328125,0.0066918603715481074
2023-03-21,conservative_fixed,conservative,fixed,0.0044651501014965067,0,0.001,0,0.0044651501014965067,1.1163855021064282,1.1089636275377501,0.0066918603715481074
2023-03-22,conservative_fixed,conservative,fixed,-0.019395551702629188,0,0.001,0,-0.019395551702629188,1.0947325893802573,1.0874546661635065,0.0066918603715481074
2023-03-23,conservative_fixed,conservative,fixed,0.010581197074011284,0,0.001,0,0.010581197074011284,1.1063161706518325,1.0989612382952356,0.0066918603715481074
2023-03-24,conservative_fixed,conservative,fixed,0.013194946899513837,0,0.001,0,0.013194946899513837,1.1209139537776569,1.1134619734791653,0.0066918603715481074
2023-03-27,conservative_fixed,conservative,fixed,0.0032648229312237653,0,0.001,0,0.0032648229312237653,1.1245735393578788,1.1170972296632258,0.0066918603715481074
2023-03-28,conservative_fixed,conservative,fixed,0.0032552635031322108,0,0.001,0,0.0032552635031322108,1.1282343225571387,1.1207336755043986,0.0066918603715481074
2023-03-29,conservative_fixed,conservative,fixed,0.010215181968050491,0,0.001,0,0.010215181968050491,1.1397594414646601,1.1321821739373981,0.0066918603715481074
2023-03-30,conservative_fixed,conservative,fixed,0.0047632766835878915,0,0.001,0,0.0047632766835878915,1.1451884310370879,1.1375750708880878,0.0066918603715481074
2023-03-31,conservative_fixed,conservative,fixed,0.0090579776471642059,0,0.001,0,0.0090579776471642059,1.1555615222472129,1.1478792004521634,0.0066918603715481074
2023-04-03,conservative_fixed,conservative,fixed,0.0077593942224689627,0.14960843811318431,0.001,0.00014960843811318432,0.0076097857843557782,1.1645279796466452,1.1566143152739219,0.0068414688096612919
2023-04-04,conservative_fixed,conservative,fixed,0.0081919042601101832,0,0.001,0,0.0081919042601101832,1.17406768136413,1.1660891890105187,0.0068414688096612919
2023-04-05,conservative_fixed,conservative,fixed,0.015883815573756843,0,0.001,0,0.015883815573756843,1.1927163558860261,1.1846111346313135,0.0068414688096612919
2023-04-06,conservative_fixed,conservative,fixed,-2.2154336388413576e-05,0,0.001,0,-2.2154336388413576e-05,1.1926899320466617,1.1845848903577474,0.0068414688096612919
2023-04-10,conservative_fixed,conservative,fixed,-0.00036038607296640102,0,0.001,0,-0.00036038607296640102,1.1922601032057849,1.184157982461016,0.0068414688096612919
2023-04-11,conservative_fixed,conservative,fixed,-0.0018040692954047755,0,0.001,0,-0.0018040692954047755,1.1901091833614552,1.1820216794039495,0.0068414688096612919
2023-04-12,conservative_fixed,conservative,fixed,-0.00087340612284758645,0,0.001,0,-0.00087340612284758645,1.1890697347138501,1.1809892944318194,0.0068414688096612919
2023-04-13,conservative_fixed,conservative,fixed,0.0095255918617556112,0,0.001,0,0.0095255918617556112,1.2003963277019003,1.1922389164436797,0.0068414688096612919
2023-04-14,conservative_fixed,conservative,fixed,-0.0044525943378828092,0,0.001,0,-0.0044525943378828092,1.1950514498099596,1.186930360194919,0.0068414688096612919
2023-04-17,conservative_fixed,conservative,fixed,-0.003105418308140373,0,0.001,0,-0.003105418308140373,1.19134031515855,1.1832444449238821,0.0068414688096612919
2023-04-18,conservative_fixed,conservative,fixed,0.0018147261850678387,0,0.001,0,0.0018147261850678387,1.1935022716237951,1.1853917096014215,0.0068414688096612919
2023-04-19,conservative_fixed,conservative,fixed,-0.0072361716367728146,0,0.001,0,-0.0072361716367728146,1.1848658843374471,1.1768140117339381,0.0068414688096612919
2023-04-20,conservative_fixed,conservative,fixed,-0.0078380183845260243,0,0.001,0,-0.0078380183845260243,1.1755788837528125,1.1675901218747997,0.0068414688096612919
2023-04-21,conservative_fixed,conservative,fixed,0.0024974726539839232,0,0.001,0,0.0024974726539839232,1.1785148598675861,1.1705061462752437,0.0068414688096612919
2023-04-24,conservative_fixed,conservative,fixed,0.0012027147331421517,0,0.001,0,0.0012027147331421517,1.1799322770527758,1.1719139312626023,0.0068414688096612919
2023-04-25,conservative_fixed,conservative,fixed,0.0018542007428639096,0,0.001,0,0.0018542007428639096,1.1821201083574162,1.174086894944522,0.0068414688096612919
2023-04-26,conservative_fixed,conservative,fixed,-0.01937029681765523,0,0.001,0,-0.01937029681765523,1.1592220909844142,1.1513444832997275,0.0068414688096612919
2023-04-27,conservative_fixed,conservative,fixed,0.012773041628477255,0,0.001,0,0.012773041628477255,1.1740288830092085,1.1660506543136326,0.0068414688096612919
2023-04-28,conservative_fixed,conservative,fixed,0.0025137528381276031,0,0.001,0,0.0025137528381276031,1.1769801014459167,1.1689818174553142,0.0068414688096612919
2023-05-01,conservative_fixed,conservative,fixed,-0.0016060458187008297,0.21528666893022361,0.001,0.0002152866689302236,-0.0018213324876310533,1.1750898174752955,1.1668527128937327,0.0070567554785915159
2023-05-02,conservative_fixed,conservative,fixed,-0.0049241697986488475,0,0.001,0,-0.0049241697986488475,1.169303475685384,1.1611069320054299,0.0070567554785915159
2023-05-03,conservative_fixed,conservative,fixed,-0.013806898508298748,0,0.001,0,-0.013806898508298748,1.1531590212711949,1.1450756464379488,0.0070567554785915159
2023-05-04,conservative_fixed,conservative,fixed,0.002394380349247438,0,0.001,0,0.002394380349247438,1.1559201225712841,1.1478173930641815,0.0070567554785915159
2023-05-05,conservative_fixed,conservative,fixed,0.013353574670594393,0,0.001,0,0.013353574670594393,1.1713557882412824,1.1631448583306712,0.0070567554785915159
2023-05-08,conservative_fixed,conservative,fixed,-0.0034487853997039464,0,0.001,0,-0.0034487853997039464,1.1673160335009372,1.1591334213255196,0.0070567554785915159
2023-05-09,conservative_fixed,conservative,fixed,-0.0025238746685419811,0,0.001,0,-0.0025238746685419811,1.1643698741338013,1.1562079138459758,0.0070567554785915159
2023-05-10,conservative_fixed,conservative,fixed,0.00062659259947039914,0,0.001,0,0.00062659259947039914,1.1650994596799797,1.1569323851682407,0.0070567554785915159
2023-05-11,conservative_fixed,conservative,fixed,-0.0056015670066833501,0,0.001,0,-0.0056015670066833501,1.1585730769871319,1.1504517508905188,0.0070567554785915159
2023-05-12,conservative_fixed,conservative,fixed,0.0013780877112583578,0,0.001,0,0.0013780877112583578,1.1601696923071225,1.1520371743108166,0.0070567554785915159
2023-05-15,conservative_fixed,conservative,fixed,-0.0015356102078230016,0,0.001,0,-0.0015356102078230016,1.1583881238848088,1.1502680942661534,0.0070567554785915159
2023-05-16,conservative_fixed,conservative,fixed,-0.012950370368520425,0,0.001,0,-0.012950370368520425,1.1433865686500051,1.1353716964223146,0.0070567554785915159
2023-05-17,conservative_fixed,conservative,fixed,-0.00015977083598595065,0,0.001,0,-0.00015977083598595065,1.1432038888220768,1.1351902971372225,0.0070567554785915159
2023-05-18,conservative_fixed,conservative,fixed,-0.0010015629687849525,0,0.001,0,-0.0010015629687849525,1.1420588981412616,1.1340533325730859,0.0070567554785915159
2023-05-19,conservative_fixed,conservative,fixed,-0.00050966640312055667,0,0.001,0,-0.00050966640312055667,1.1414768290904942,1.1334753436901266,0.0070567554785915159
2023-05-22,conservative_fixed,conservative,fixed,-0.0028352159699174262,0,0.001,0,-0.0028352159699174262,1.138240495755366,1.1302616962941887,0.0070567554785915159
2023-05-23,conservative_fixed,conservative,fixed,-0.0053225350144280315,0,0.001,0,-0.0053225350144280315,1.1321821708618682,1.1242458388401961,0.0070567554785915159
2023-05-24,conservative_fixed,conservative,fixed,-0.0085590210567015879,0,0.001,0,-0.0085590210567015879,1.1224917998214394,1.1146233950326538,0.0070567554785915159
2023-05-25,conservative_fixed,conservative,fixed,-0.012840023303331449,0,0.001,0,-0.012840023303331449,1.1080789789539336,1.1003116046659962,0.0070567554785915159
2023-05-26,conservative_fixed,conservative,fixed,0.001221302893346099,0,0.001,0,0.001221302893346099,1.1094322790169859,1.101655418412357,0.0070567554785915159
2023-05-30,conservative_fixed,conservative,fixed,-0.0012767725020299547,0,0.001,0,-0.0012767725020299547,1.1080157863902727,1.1002488550674159,0.0070567554785915159
2023-05-31,conservative_fixed,conservative,fixed,0.0065122875855436746,0,0.001,0,0.0065122875855436746,1.1152315038405685,1.1074139920272801,0.0070567554785915159
2023-06-01,conservative_fixed,conservative,fixed,-0.0014768774515360183,0.4023039140988266,0.001,0.00040230391409882659,-0.0018791813656348451,1.1135844435793036,1.1053329602894191,0.0074590593926903426
2023-06-02,conservative_fixed,conservative,fixed,0.014984223936259644,0,0.001,0,0.014984223936259644,1.1302706422538311,1.1218955168905245,0.0074590593926903426
2023-06-05,conservative_fixed,conservative,fixed,-0.0037885175743723742,0,0.001,0,-0.0037885175743723742,1.1259885920618553,1.1176451960081752,0.0074590593926903426
2023-06-06,conservative_fixed,conservative,fixed,-0.0041050440052430304,0,0.001,0,-0.0041050440052430304,1.1213663593420398,1.1130572132963132,0.0074590593926903426
2023-06-07,conservative_fixed,conservative,fixed,-0.0024566631241833559,0,0.001,0,-0.0024566631241833559,1.1186115399583445,1.1103228066853019,0.0074590593926903426
2023-06-08,conservative_fixed,conservative,fixed,0.0074245879281773508,0,0.001,0,0.0074245879281773508,1.126916769694239,1.1185664959921977,0.0074590593926903426
2023-06-09,conservative_fixed,conservative,fixed,-0.0004483774591848011,0,0.001,0,-0.0004483774591848011,1.1264114856163308,1.1180649559887954,0.0074590593926903426
2023-06-12,conservative_fixed,conservative,fixed,-0.00091087880372320296,0,0.001,0,-0.00091087880372320296,1.1253854612698124,1.1170465343191995,0.0074590593926903426
2023-06-13,conservative_fixed,conservative,fixed,0.004557566491163012,0,0.001,0,0.004557566491163012,1.1305144803377378,1.1221375481730824,0.0074590593926903426
2023-06-14,conservative_fixed,conservative,fixed,-0.0017258349276527696,0,0.001,0,-0.0017258349276527696,1.1285633989613537,1.1202009239988147,0.0074590593926903426
2023-06-15,conservative_fixed,conservative,fixed,0.0066600583879232733,0,0.001,0,0.0066600583879232733,1.1360796970929095,1.1276615275588524,0.0074590593926903426
2023-06-16,conservative_fixed,conservative,fixed,0.0005217402657233805,0,0.001,0,0.0005217402657233805,1.1366724356159537,1.1282498739838871,0.0074590593926903426
2023-06-20,conservative_fixed,conservative,fixed,-0.0040749794343564183,0,0.001,0,-0.0040749794343564183,1.1320405188172189,1.1236522789505876,0.0074590593926903426
2023-06-21,conservative_fixed,conservative,fixed,0.0026504635912976138,0,0.001,0,0.0026504635912976138,1.1350409509962176,1.1266304784052248,0.0074590593926903426
2023-06-22,conservative_fixed,conservative,fixed,0.0069721826287343358,0,0.001,0,0.0069721826287343358,1.1429546637976555,1.1344855518557644,0.0074590593926903426
2023-06-23,conservative_fixed,conservative,fixed,-0.0016304151574519921,0,0.001,0,-0.0016304151574519921,1.1410911731895195,1.1326358694161085,0.0074590593926903426
2023-06-26,conservative_fixed,conservative,fixed,0.00051810839935351183,0,0.001,0,0.00051810839935351183,1.1416823821107771,1.1332226975734621,0.0074590593926903426
2023-06-27,conservative_fixed,conservative,fixed,0.0063614959003819305,0,0.001,0,0.0063614959003819305,1.148945189904113,1.1404316891182953,0.0074590593926903426
2023-06-28,conservative_fixed,conservative,fixed,-0.006290244458534211,0,0.001,0,-0.006290244458534211,1.1417180437901591,1.133258095005482,0.0074590593926903426
2023-06-29,conservative_fixed,conservative,fixed,0.00090193565725504854,0,0.001,0,0.00090193565725504854,1.1427478000043849,1.1342802208902405,0.0074590593926903426
2023-06-30,conservative_fixed,conservative,fixed,0.0127325029799088,0,0.001,0,0.0127325029799088,1.157297839773225,1.1487224471827771,0.0074590593926903426
2023-07-03,conservative_fixed,conservative,fixed,0.0023992532543786194,0.23600433199193999,0.001,0.00023600433199193999,0.0021632489223866792,1.1600744903815863,1.1512074197787665,0.0076950637246822823
2023-07-05,conservative_fixed,conservative,fixed,-0.00043385549364638454,0,0.001,0,-0.00043385549364638454,1.1595711856908952,1.1507079621153691,0.0076950637246822823
2023-07-06,conservative_fixed,conservative,fixed,-0.0098924435739535799,0,0.001,0,-0.0098924435739535799,1.1481001931664656,1.1393246485300437,0.0076950637246822823
2023-07-07,conservative_fixed,conservative,fixed,-0.010489436991035994,0,0.001,0,-0.010489436991035994,1.1360572685308497,1.1273737744169536,0.0076950637246822823
2023-07-10,conservative_fixed,conservative,fixed,0.0032468302874788524,0,0.001,0,0.0032468302874788524,1.139745853678626,1.1310341657330401,0.0076950637246822823
2023-07-11,conservative_fixed,conservative,fixed,0.0092472640796428252,0,0.001,0,0.0092472640796428252,1.1502853845712702,1.1414931373466719,0.0076950637246822823
2023-07-12,conservative_fixed,conservative,fixed,-0.0020892199591303617,0,0.001,0,-0.0020892199591303617,1.1478821853871279,1.1391083071009169,0.0076950637246822823
2023-07-13,conservative_fixed,conservative,fixed,0.029532444202205355,0,0.001,0,0.029532444202205355,1.1817819519777788,1.1727489596206433,0.0076950637246822823
2023-07-14,conservative_fixed,conservative,fixed,-0.0064927676318807803,0,0.001,0,-0.0064927676318807803,1.1741089163720366,1.1651345731352964,0.0076950637246822823
2023-07-17,conservative_fixed,conservative,fixed,-0.0054736199156696363,0,0.001,0,-0.0054736199156696363,1.1676822904242175,1.1587570693313478,0.0076950637246822823
2023-07-18,conservative_fixed,conservative,fixed,0.0012096392249807408,0,0.001,0,0.0012096392249807408,1.16909476472503,1.1601587473346346,0.0076950637246822823
2023-07-19,conservative_fixed,conservative,fixed,0.010556546150872315,0,0.001,0,0.010556546150872315,1.181436367563593,1.1724060166932109,0.0076950637246822823
2023-07-20,conservative_fixed,conservative,fixed,0.01050183437403418,0,0.001,0,0.01050183437403418,1.1938436166192066,1.1847184304996441,0.0076950637246822823
2023-07-21,conservative_fixed,conservative,fixed,0.0052506417641513536,0,0.001,0,0.0052506417641513536,1.200112061772493,1.1909389625695854,0.0076950637246822823
2023-07-24,conservative_fixed,conservative,fixed,-0.0045109310325669449,0,0.001,0,-0.0045109310325669449,1.1946984390304856,1.1855667190454371,0.0076950637246822823
2023-07-25,conservative_fixed,conservative,fixed,-0.0022578346873709521,0,0.001,0,-0.0022578346873709521,1.1920010074538947,1.1828899053829838,0.0076950637246822823
2023-07-26,conservative_fixed,conservative,fixed,0.0045376477965404227,0,0.001,0,0.0045376477965404227,1.1974098881988418,1.1882574431556947,0.0076950637246822823
2023-07-27,conservative_fixed,conservative,fixed,-0.0068047041505620021,0,0.001,0,-0.0068047041505620021,1.1892618681626912,1.1801717028003169,0.0076950637246822823
2023-07-28,conservative_fixed,conservative,fixed,0.0028167301231218911,0,0.001,0,0.0028167301231218911,1.1926116978910253,1.1834959279860506,0.0076950637246822823
2023-07-31,conservative_fixed,conservative,fixed,-0.0050308644835191929,0,0.001,0,-0.0050308644835191929,1.1866118300574757,1.1775419203555559,0.0076950637246822823
2023-08-01,conservative_fixed,conservative,fixed,-0.004930967498216754,0.13781483353845811,0.001,0.00013781483353845811,-0.0050687823317552118,1.1807606856904629,1.1715732166747566,0.0078328785582207402
2023-08-02,conservative_fixed,conservative,fixed,-0.013466324297056631,0,0.001,0,-0.013466324297056631,1.1648601793797402,1.1557964318012686,0.0078328785582207402
2023-08-03,conservative_fixed,conservative,fixed,-0.009598605920127623,0,0.001,0,-0.009598605920127623,1.1536791455658248,1.1447023973285184,0.0078328785582207402
2023-08-04,conservative_fixed,conservative,fixed,-0.0080899282727996402,0,0.001,0,-0.0080899282727996402,1.1443459640283726,1.1354418370404289,0.0078328785582207402
2023-08-07,conservative_fixed,conservative,fixed,0.010572240943879985,0,0.001,0,0.010572240943879985,1.1564442652832372,1.1474460017193819,0.0078328785582207402
2023-08-08,conservative_fixed,conservative,fixed,-0.0017123943681047749,0,0.001,0,-0.0017123943681047749,1.1544639766363392,1.1454811216483334,0.0078328785582207402
2023-08-09,conservative_fixed,conservative,fixed,0.001643322282402826,0,0.001,0,0.001643322282402826,1.156361133013377,1.1473635162996099,0.0078328785582207402
2023-08-10,conservative_fixed,conservative,fixed,-0.0029720306296447951,0,0.001,0,-0.0029720306296447951,1.1529243923071304,1.1439535167858306,0.0078328785582207402
2023-08-11,conservative_fixed,conservative,fixed,0.0055449697048219893,0,0.001,0,0.0055449697048219893,1.1593173231344238,1.1502967043801327,0.0078328785582207402
2023-08-14,conservative_fixed,conservative,fixed,-0.00013267168515918026,0,0.001,0,-0.00013267168515918026,1.1591635145515293,1.1501440925779294,0.0078328785582207402
2023-08-15,conservative_fixed,conservative,fixed,-0.0088755081429799931,0,0.001,0,-0.0088755081429799931,1.148875349339082,1.1399359793186536,0.0078328785582207402
2023-08-16,conservative_fixed,conservative,fixed,-0.0054927734664862449,0,0.001,0,-0.0054927734664862449,1.1425648373039321,1.1336745692179591,0.0078328785582207402
2023-08-17,conservative_fixed,conservative,fixed,-0.014040249405789962,0,0.001,0,-0.014040249405789962,1.1265229420258991,1.1177574955211373,0.0078328785582207402
2023-08-18,conservative_fixed,conservative,fixed,0.0024704796810051111,0,0.001,0,0.0024704796810051111,1.1293059940643602,1.1205188927021135,0.0078328785582207402
2023-08-21,conservative_fixed,conservative,fixed,-0.0029916800551808009,0,0.001,0,-0.0029916800551808009,1.1259274718457217,1.1171666586793634,0.0078328785582207402
2023-08-22,conservative_fixed,conservative,fixed,-0.0060352576256570423,0,0.001,0,-0.0060352576256570423,1.119132209485328,1.110424270083439,0.0078328785582207402
2023-08-23,conservative_fixed,conservative,fixed,0.013802801375728979,0,0.001,0,0.013802801375728979,1.1345793690860346,1.1257512357261896,0.0078328785582207402
2023-08-24,conservative_fixed,conservative,fixed,-0.010526523313965197,0,0.001,0,-0.010526523313965197,1.1226361929058066,1.1139009890975928,0.0078328785582207402
2023-08-25,conservative_fixed,conservative,fixed,0.00257739358801512,0,0.001,0,0.00257739358801512,1.1255296682310758,1.1167719503645768,0.0078328785582207402
2023-08-28,conservative_fixed,conservative,fixed,0.0018139622592001636,0,0.001,0,0.0018139622592001636,1.1275713365708571,1.1187977325346714,0.0078328785582207402
2023-08-29,conservative_fixed,conservative,fixed,0.010390042625894935,0,0.001,0,0.010390042625894935,1.1392868508215657,1.1304220886654612,0.0078328785582207402
2023-08-30,conservative_fixed,conservative,fixed,-0.00013825133666722778,0,0.001,0,-0.00013825133666722778,1.1391293428915923,1.1302658063007052,0.0078328785582207402
2023-08-31,conservative_fixed,conservative,fixed,-0.0082544669497940371,0,0.001,0,-0.0082544669497940371,1.1297264373791531,1.1209360645581137,0.0078328785582207402
2023-09-01,conservative_fixed,conservative,fixed,0.0013685447657953986,0.40564300184226548,0.001,0.00040564300184226551,0.00096290176395313312,1.1312725185818091,1.1220154158719555,0.008238521560063005
2023-09-05,conservative_fixed,conservative,fixed,-0.011048837630786013,0,0.001,0,-0.011048837630786013,1.1187732722078283,1.1096184497227475,0.008238521560063005
2023-09-06,conservative_fixed,conservative,fixed,-0.0027505329717539828,0,0.001,0,-0.0027505329717539828,1.1156960494347035,1.1065664075907184,0.008238521560063005
2023-09-07,conservative_fixed,conservative,fixed,0.0083630103576715076,0,0.001,0,0.0083630103576715076,1.125026627052139,1.115820633918851,0.008238521560063005
2023-09-08,conservative_fixed,conservative,fixed,0.0039105515487007914,0,0.001,0,0.0039105515487007914,1.1294261016708873,1.1201841080268946,0.008238521560063005
2023-09-11,conservative_fixed,conservative,fixed,-0.00058587933403819736,0,0.001,0,-0.00058587933403819736,1.128764394258595,1.1195278153076837,0.008238521560063005
2023-09-12,conservative_fixed,conservative,fixed,0.0052851415575942973,0,0.001,0,0.0052851415575942973,1.1347300738674237,1.1254446782892491,0.008238521560063005
2023-09-13,conservative_fixed,conservative,fixed,0.0025021329335999098,0,0.001,0,0.0025021329335999098,1.1375693193559937,1.1282606904837413,0.008238521560063005
2023-09-14,conservative_fixed,conservative,fixed,0.0078115045268265515,0,0.001,0,0.0078115045268265515,1.1464554472437221,1.1370741039748955,0.008238521560063005
2023-09-15,conservative_fixed,conservative,fixed,-0.0060975694196195862,0,0.001,0,-0.0060975694196195862,1.1394648555676525,1.1301407156906569,0.008238521560063005
2023-09-18,conservative_fixed,conservative,fixed,0.00066547185480714255,0,0.001,0,0.00066547185480714255,1.1402231373585747,1.1308927925289207,0.008238521560063005
2023-09-19,conservative_fixed,conservative,fixed,-1.2334721045559327e-05,0,0.001,0,-1.2334721045559327e-05,1.1402090730242458,1.1308788432817924,0.008238521560063005
2023-09-20,conservative_fixed,conservative,fixed,-0.0030239879807142378,0,0.001,0,-0.0030239879807142378,1.1367610944919191,1.1274590792520642,0.008238521560063005
2023-09-21,conservative_fixed,conservative,fixed,-0.015637713556062582,0,0.001,0,-0.015637713556062582,1.1189847501145782,1.1098281971245383,0.008238521560063005
2023-09-22,conservative_fixed,conservative,fixed,-0.0027779506186705882,0,0.001,0,-0.0027779506186705882,1.1158762657357144,1.106745149197718,0.008238521560063005
2023-09-25,conservative_fixed,conservative,fixed,0.00010476486729049661,0,0.001,0,0.00010476486729049661,1.1159931703646069,1.1068610972063981,0.008238521560063005
2023-09-26,conservative_fixed,conservative,fixed,-0.0075707167743875869,0,0.001,0,-0.0075707167743875869,1.1075443021496256,1.0984813653308607,0.008238521560063005
2023-09-27,conservative_fixed,conservative,fixed,-0.0050986478667798263,0,0.001,0,-0.0050986478667798263,1.1018973237561063,1.0928805956608192,0.008238521560063005
2023-09-28,conservative_fixed,conservative,fixed,0.0060295822977567415,0,0.001,0,0.0060295822977567415,1.1085413043533716,1.0994702091539774,0.008238521560063005
2023-09-29,conservative_fixed,conservative,fixed,-0.0050045205227158274,0,0.001,0,-0.0050045205227158274,1.102993586645457,1.0939678879281516,0.008238521560063005
2023-10-02,conservative_fixed,conservative,fixed,-0.0065314450149968062,0.36702693332705971,0.001,0.00036702693332705974,-0.0068984719483238663,1.0957894446823881,1.0864211811409121,0.008605548493390066
2023-10-03,conservative_fixed,conservative,fixed,-0.012736492514666797,0,0.001,0,-0.012736492514666797,1.08183293062254,1.0725839858995354,0.008605548493390066
2023-10-04,conservative_fixed,conservative,fixed,0.0059888468471687162,0,0.001,0,0.0059888468471687162,1.0883118623582622,1.0790075271218136,0.008605548493390066
2023-10-05,conservative_fixed,conservative,fixed,-0.0046622786031498276,0,0.001,0,-0.0046622786031498276,1.083237849248835,1.0739768934154759,0.008605548493390066
2023-10-06,conservative_fixed,conservative,fixed,0.0060215242089951548,0,0.001,0,0.0060215242089951548,1.0897605921821867,1.0804438712790785,0.008605548493390066
2023-10-09,conservative_fixed,conservative,fixed,0.0027867167216495403,0,0.001,0,0.0027867167216495403,1.0927974462470156,1.0834547622819757,0.008605548493390066
2023-10-10,conservative_fixed,conservative,fixed,0.0057834886701129129,0,0.001,0,0.0057834886701129129,1.0991176278961134,1.0897209106242134,0.008605548493390066
2023-10-11,conservative_fixed,conservative,fixed,0.0010709553998982102,0,0.001,0,0.0010709553998982102,1.1002947338548321,1.0908879531178284,0.008605548493390066
2023-10-12,conservative_fixed,conservative,fixed,-0.0051342065001311887,0,0.001,0,-0.0051342065001311887,1.0946455934802146,1.0852871090980161,0.008605548493390066
2023-10-13,conservative_fixed,conservative,fixed,0.0029546498721491066,0,0.001,0,0.0029546498721491066,1.0978798879430396,1.0884937525161575,0.008605548493390066
2023-10-16,conservative_fixed,conservative,fixed,0.01087381561877554,0,0.001,0,0.01087381561877554,1.1098180314160941,1.1003298328832074,0.008605548493390066
2023-10-17,conservative_fixed,conservative,fixed,-0.0019995955586069591,0,0.001,0,-0.0019995955586069591,1.1075988442096125,1.0981296182363713,0.008605548493390066
2023-10-18,conservative_fixed,conservative,fixed,-0.0096473711794058392,0,0.001,0,-0.0096473711794058392,1.0969134270416414,1.0875355542061458,0.008605548493390066
2023-10-19,conservative_fixed,conservative,fixed,-0.0086077508592600216,0,0.001,0,-0.0086077508592600216,1.0874714695474899,1.078174319104952,0.008605548493390066
2023-10-20,conservative_fixed,conservative,fixed,0.0036358986829732043,0,0.001,0,0.0036358986829732043,1.0914254056313886,1.0820944516918012,0.008605548493390066
2023-10-23,conservative_fixed,conservative,fixed,0.0062208069376559205,0,0.001,0,0.0062208069376559205,1.0982149523666742,1.0888259523640844,0.008605548493390066
2023-10-24,conservative_fixed,conservative,fixed,0.0097326741869099287,0,0.001,0,0.0097326741869099287,1.1089035206852518,1.0994231406046959,0.008605548493390066
2023-10-25,conservative_fixed,conservative,fixed,-0.0018770032588592001,0,0.001,0,-0.0018770032588592001,1.106822105163165,1.0973595197869157,0.008605548493390066
2023-10-26,conservative_fixed,conservative,fixed,-0.0040727277675000062,0,0.001,0,-0.0040727277675000062,1.1023143200417842,1.092890273199749,0.008605548493390066
2023-10-27,conservative_fixed,conservative,fixed,-0.014623944022555624,0,0.001,0,-0.014623944022555624,1.0861941371302317,1.0769079070216803,0.008605548493390066
2023-10-30,conservative_fixed,conservative,fixed,0.007606085272750196,0,0.001,0,0.007606085272750196,1.0944558223600056,1.085098960393386,0.008605548493390066
2023-10-31,conservative_fixed,conservative,fixed,0.0056343215572807193,0,0.001,0,0.0056343215572807193,1.1006223383934199,1.0912127568577135,0.008605548493390066
2023-11-01,conservative_fixed,conservative,fixed,0.0088245044232371228,0.33540288722270239,0.001,0.00033540288722270242,0.008489101536014421,1.1103347850868863,1.1004761727480727,0.0089409513806127678
2023-11-02,conservative_fixed,conservative,fixed,0.0086260063433969414,0,0.001,0,0.0086260063433969414,1.1199125399863401,1.1099688871949549,0.0089409513806127678
2023-11-03,conservative_fixed,conservative,fixed,0.004356092212382201,0,0.001,0,0.004356092212382201,1.1247909822803237,1.1148040140204514,0.0089409513806127678
2023-11-06,conservative_fixed,conservative,fixed,0.00028550505069646626,0,0.001,0,0.00028550505069646626,1.1251121157867425,1.1151222961969909,0.0089409513806127678
2023-11-07,conservative_fixed,conservative,fixed,-0.00090698176157544275,0,0.001,0,-0.00090698176157544275,1.1240916596179964,1.1141109006124141,0.0089409513806127678
2023-11-08,conservative_fixed,conservative,fixed,-0.0030312221697323949,0,0.001,0,-0.0030312221697323949,1.120684288058551,1.1107337829509372,0.0089409513806127678
2023-11-09,conservative_fixed,conservative,fixed,-0.0029075057107840196,0,0.001,0,-0.0029075057107840196,1.1174258920910349,1.1075043181338466,0.0089409513806127678
2023-11-10,conservative_fixed,conservative,fixed,0.0087059154445510156,0,0.001,0,0.0087059154445510156,1.1271541074231315,1.1171461570819949,0.0089409513806127678
2023-11-13,conservative_fixed,conservative,fixed,-0.0029151786418996073,0,0.001,0,-0.0029151786418996073,1.1238682518430421,1.1138894764649894,0.0089409513806127678
2023-11-14,conservative_fixed,conservative,fixed,0.0043172018672024137,0,0.001,0,0.0043172018672024137,1.1287202179583884,1.1186983621926412,0.0089409513806127678
2023-11-15,conservative_fixed,conservative,fixed,0.0068145512008315201,0,0.001,0,0.0068145512008315201,1.1364119396750796,1.1263217894600892,0.0089409513806127678
2023-11-16,conservative_fixed,conservative,fixed,-0.008207717663430758,0,0.001,0,-0.008207717663430758,1.1270845913248748,1.1170772582140307,0.0089409513806127678
2023-11-17,conservative_fixed,conservative,fixed,0.00024705369802857646,0,0.001,0,0.00024705369802857646,1.1273630417411526,1.1173532362816561,0.0089409513806127678
2023-11-20,conservative_fixed,conservative,fixed,0.0033975296521073783,0,0.001,0,0.0033975296521073783,1.1311932911041582,1.1211494770338011,0.0089409513806127678
2023-11-21,conservative_fixed,conservative,fixed,-0.0040843507055031703,0,0.001,0,-0.0040843507055031703,1.1265731009875766,1.1165703093763035,0.0089409513806127678
2023-11-22,conservative_fixed,conservative,fixed,0.0057743067457274311,0,0.001,0,0.0057743067457274311,1.1330782796441643,1.1230177288458141,0.0089409513806127678
2023-11-24,conservative_fixed,conservative,fixed,0.0031487871755597752,0,0.001,0,0.0031487871755597752,1.1366461020000131,1.12655387266833,0.0089409513806127678
2023-11-27,conservative_fixed,conservative,fixed,-0.003280171927638631,0,0.001,0,-0.003280171927638631,1.1329177073645729,1.1228585822802306,0.0089409513806127678
2023-11-28,conservative_fixed,conservative,fixed,0.00035841865630370506,0,0.001,0,0.00035841865630370506,1.1333237662069491,1.1232610357445105,0.0089409513806127678
2023-11-29,conservative_fixed,conservative,fixed,-0.00026968084832523775,0,0.001,0,-0.00026968084832523775,1.1330181304922513,1.1229581137555003,0.0089409513806127678
2023-11-30,conservative_fixed,conservative,fixed,0.0077369128679409815,0,0.001,0,0.0077369128679409815,1.1417841930456671,1.131646342835974,0.0089409513806127678
2023-12-01,conservative_fixed,conservative,fixed,0.0053213774169529326,0.2129827121296882,0.001,0.00021298271212968819,0.0051083947048232445,1.1478600576655742,1.1374272390214497,0.0091539340927424568
2023-12-04,conservative_fixed,conservative,fixed,0.0061379438043909218,0,0.001,0,0.0061379438043909218,1.1549055581948304,1.144408703496147,0.0091539340927424568
2023-12-05,conservative_fixed,conservative,fixed,0.0025578162527317705,0,0.001,0,0.0025578162527317705,1.1578595944019514,1.1473358906777171,0.0091539340927424568
2023-12-06,conservative_fixed,conservative,fixed,3.9919330500071126e-05,0,0.001,0,3.9919330500071126e-05,1.157905815381773,1.1473816915583317,0.0091539340927424568
2023-12-07,conservative_fixed,conservative,fixed,0.0016839984675249831,0,0.001,0,0.0016839984675249831,1.1598557270004142,1.1493138805685821,0.0091539340927424568
2023-12-08,conservative_fixed,conservative,fixed,0.0039318597905348973,0,0.001,0,0.0039318597905348973,1.1644161170962288,1.1538328216022933,0.0091539340927424568
2023-12-11,conservative_fixed,conservative,fixed,0.001238141008584881,0,0.001,0,0.001238141008584881,1.1658578284418628,1.1552614293357704,0.0091539340927424568
2023-12-12,conservative_fixed,conservative,fixed,0.0046012057909656789,0,0.001,0,0.0046012057909656789,1.1712221802335321,1.1605770249145093,0.0091539340927424568
2023-12-13,conservative_fixed,conservative,fixed,0.015298423657516214,0,0.001,0,0.015298423657516214,1.1891400333438245,1.1783320239288313,0.0091539340927424568
2023-12-14,conservative_fixed,conservative,fixed,-0.0060474778414766339,0,0.001,0,-0.0060474778414766339,1.1819487353417648,1.1712060871242194,0.0091539340927424568
2023-12-15,conservative_fixed,conservative,fixed,-0.0085698451406196474,0,0.001,0,-0.0085698451406196474,1.1718196177157347,1.1611690323298136,0.0091539340927424568
2023-12-18,conservative_fixed,conservative,fixed,0.0048289001492303196,0,0.001,0,0.0048289001492303196,1.1774782176425933,1.1667762016433127,0.0091539340927424568
2023-12-19,conservative_fixed,conservative,fixed,-0.00074888610495760233,0,0.001,0,-0.00074888610495760233,1.1765964205665105,1.1659024191583069,0.0091539340927424568
2023-12-20,conservative_fixed,conservative,fixed,-0.010836509777934045,0,0.001,0,-0.010836509777934045,1.1638462219503594,1.153268106192981,0.0091539340927424568
2023-12-21,conservative_fixed,conservative,fixed,0.00698074515746816,0,0.001,0,0.00698074515746816,1.1719707358282769,1.1613187769405502,0.0091539340927424568
2023-12-22,conservative_fixed,conservative,fixed,0.007047491735728606,0,0.001,0,0.007047491735728606,1.1802301899035426,1.1695031614235851,0.0091539340927424568
2023-12-26,conservative_fixed,conservative,fixed,0.00049507417161342993,0,0.001,0,0.00049507417161342993,1.1808144913871221,1.1700821522324263,0.0091539340927424568
2023-12-27,conservative_fixed,conservative,fixed,0.0091298788137827991,0,0.001,0,0.0091298788137827991,1.1915951845950452,1.1807648604844785,0.0091539340927424568
2023-12-28,conservative_fixed,conservative,fixed,0.0018364612665109359,0,0.001,0,0.0018364612665109359,1.193783502996915,1.1829332894156155,0.0091539340927424568
2023-12-29,conservative_fixed,conservative,fixed,-0.00061403987441943642,0,0.001,0,-0.00061403987441943642,1.1930504723246509,1.1822069212071362,0.0091539340927424568
2021-01-04,growth_adaptive,growth,adaptive,0.0090454910110118192,0,0.001,0,0.0090454910110118192,1.0090454910110118,1.0090454910110118,0
2021-01-05,growth_adaptive,growth,adaptive,0.0065739108673115165,0,0.001,0,0.0065739108673115165,1.0156788661299807,1.0156788661299807,0
2021-01-06,growth_adaptive,growth,adaptive,0.024322540043266727,0,0.001,0,0.024322540043266727,1.0403827560225269,1.0403827560225269,0
2021-01-07,growth_adaptive,growth,adaptive,0.012672534749686326,0,0.001,0,0.012672534749686326,1.0535670426511969,1.0535670426511969,0
2021-01-08,growth_adaptive,growth,adaptive,-0.0028097086891524237,0,0.001,0,-0.0028097086891524237,1.0506068261768553,1.0506068261768553,0
2021-01-11,growth_adaptive,growth,adaptive,-0.029927332322986389,0,0.001,0,-0.029927332322986389,1.0191649665490625,1.0191649665490625,0
2021-01-12,growth_adaptive,growth,adaptive,-0.014831381773800167,0,0.001,0,-0.014831381773800167,1.0040493418396912,1.0040493418396912,0
2021-01-13,growth_adaptive,growth,adaptive,0.011798258882081303,0,0.001,0,0.011798258882081303,1.0158953759050993,1.0158953759050993,0
2021-01-14,growth_adaptive,growth,adaptive,0.0089295465511072258,0,0.001,0,0.0089295465511072258,1.0249668609552984,1.0249668609552984,0
2021-01-15,growth_adaptive,growth,adaptive,-0.0092135983403267563,0,0.001,0,-0.0092135983403267563,1.0155232279863107,1.0155232279863107,0
2021-01-19,growth_adaptive,growth,adaptive,0.012621453008151651,0,0.001,0,0.012621453008151651,1.0283406066870264,1.0283406066870264,0
2021-01-20,growth_adaptive,growth,adaptive,0.011144968904308161,0,0.001,0,0.011144968904308161,1.0398014307715908,1.0398014307715908,0
2021-01-21,growth_adaptive,growth,adaptive,-0.036559386762370361,0,0.001,0,-0.036559386762370361,1.0017869281079461,1.0017869281079461,0
2021-01-22,growth_adaptive,growth,adaptive,0.009878885143337568,0,0.001,0,0.009878885143337568,1.0116834661088214,1.0116834661088214,0
2021-01-25,growth_adaptive,growth,adaptive,-0.0017395825053834191,0,0.001,0,-0.0017395825053834191,1.0099235592501929,1.0099235592501929,0
2021-01-26,growth_adaptive,growth,adaptive,-0.0080059633050884038,0,0.001,0,-0.0080059633050884038,1.0018381482938916,1.0018381482938916,0
2021-01-27,growth_adaptive,growth,adaptive,-0.038184256365173974,0,0.001,0,-0.038184256365173974,0.96358370360302648,0.96358370360302648,0
2021-01-28,growth_adaptive,growth,adaptive,0.019604554783762218,0,0.001,0,0.019604554783762218,0.98247433310905252,0.98247433310905252,0
2021-01-29,growth_adaptive,growth,adaptive,0.0027368308610962178,0,0.001,0,0.0027368308610962178,0.9851631991841403,0.9851631991841403,0
2021-02-01,growth_adaptive,growth,adaptive,0.0049398662910054014,0.1942044478051855,0.001,0.0001942044478051855,0.0047456618432002162,0.9900297736629291,0.9898384505878336,0.0001942044478051855
2021-02-02,growth_adaptive,growth,adaptive,0.013654200999542621,0,0.001,0,0.013654200999542621,1.0035478391880543,1.0033539037492356,0.0001942044478051855
2021-02-03,growth_adaptive,growth,adaptive,0.00017506094080044221,0,0.001,0,0.00017506094080044221,1.0037235212169209,1.0035295518275817,0.0001942044478051855
2021-02-04,growth_adaptive,growth,adaptive,-0.0065739144840724073,0,0.001,0,-0.0065739144840724073,0.99712512862278879,0.99693243437162771,0.0001942044478051855
2021-02-05,growth_adaptive,growth,adaptive,0.027409494379448507,0,0.001,0,0.027409494379448507,1.0244558242313819,1.0242578483282267,0.0001942044478051855
2021-02-08,growth_adaptive,growth,adaptive,0.020833392663745398,0,0.001,0,0.020833392663745398,1.0457987146842553,1.0455966142713717,0.0001942044478051855
2021-02-09,growth_adaptive,growth,adaptive,0.0006788900852598978,0,0.001,0,0.0006788900852598978,1.0465086970628321,1.0463064594459819,0.0001942044478051855
2021-02-10,growth_adaptive,growth,adaptive,-0.0043061583228793943,0,0.001,0,-0.0043061583228793943,1.0420022649270093,1.0418008981773561,0.0001942044478051855
2021-02-11,growth_adaptive,growth,adaptive,0.013899331307013929,0,0.001,0,0.013899331307013929,1.0564853996298886,1.056281234017068,0.0001942044478051855
2021-02-12,growth_adaptive,growth,adaptive,0.011845542980608803,0,0.001,0,0.011845542980608803,1.06900004283959,1.0687934587742276,0.0001942044478051855
2021-02-16,growth_adaptive,growth,adaptive,-0.0086366813164165945,0,0.001,0,-0.0086366813164165945,1.0597674301423488,1.0595626302777239,0.0001942044478051855
2021-02-17,growth_adaptive,growth,adaptive,0.010540118754604366,0,0.001,0,0.010540118754604366,1.070937504708311,1.0707305462287922,0.0001942044478051855
2021-02-18,growth_adaptive,growth,adaptive,-0.0048636114820036491,0,0.001,0,-0.0048636114820036491,1.0657288807639034,1.0655229288500219,0.0001942044478051855
2021-02-19,growth_adaptive,growth,adaptive,0.0078646337697259039,0,0.001,0,0.0078646337697259039,1.0741104481089314,1.0739028764586731,0.0001942044478051855
2021-02-22,growth_adaptive,growth,adaptive,-0.019152658692175195,0,0.001,0,-0.019152658692175195,1.0535383772986018,1.0533347811973151,0.0001942044478051855
2021-02-23,growth_adaptive,growth,adaptive,-0.04200893455293242,0,0.001,0,-0.04200893455293242,1.0092803525576621,1.0090853093116696,0.0001942044478051855
2021-02-24,growth_adaptive,growth,adaptive,0.0072860218680899091,0,0.001,0,0.0072860218680899091,1.0166339912774307,1.0164375269420827,0.0001942044478051855
2021-02-25,growth_adaptive,growth,adaptive,-0.020348120342695841,0,0.001,0,-0.020348120342695841,0.99594740047844232,0.99575493382303304,0.0001942044478051855
2021-02-26,growth_adaptive,growth,adaptive,-0.01552042063507264,0,0.001,0,-0.01552042063507264,0.98048987789260977,0.98030039840065064,0.0001942044478051855
2021-03-01,growth_adaptive,growth,adaptive,0.017665996037965925,0.1112606401274172,0.001,0.00011126064012741719,0.017554735397838507,0.99781120819072633,0.99750931250496966,0.0003054650879326027
2021-03-02,growth_adaptive,growth,adaptive,0.0024808066817378904,0,0.001,0,0.0024808066817378904,1.0002865849031188,0.99998394027252779,0.0003054650879326027
2021-03-03,growth_adaptive,growth,adaptive,-0.0038731531961370136,0,0.001,0,-0.0038731531961370136,0.99641232171974836,0.99611084927817561,0.0003054650879326027
2021-03-04,growth_adaptive,growth,adaptive,-0.0067661925636721687,0,0.001,0,-0.0067661925636721687,0.98967040407817686,0.98937097145719644,0.0003054650879326027
2021-03-05,growth_adaptive,growth,adaptive,0.0084386039046777661,0,0.001,0,0.0084386039046777661,0.99802184061437493,0.99771988120011001,0.0003054650879326027
2021-03-08,growth_adaptive,growth,adaptive,0.00054684516733805033,0,0.001,0,0.00054684516733805033,0.99856760403481271,0.99826547949550137,0.0003054650879326027
2021-03-09,growth_adaptive,growth,adaptive,0.011788798199017014,0,0.001,0,0.011788798199017014,1.0103395160068551,1.0100338297823188,0.0003054650879326027
2021-03-10,growth_adaptive,growth,adaptive,0.00091404197454658664,0,0.001,0,0.00091404197454658664,1.0112630087330285,1.0109570430984518,0.0003054650879326027
2021-03-11,growth_adaptive,growth,adaptive,0.0022561712504913789,0,0.001,0,0.0022561712504913789,1.0135445912600174,1.0132379353145724,0.0003054650879326027
2021-03-12,growth_adaptive,growth,adaptive,-1.0978562765995292e-05,0,0.001,0,-1.0978562765995292e-05,1.0135334639971061,1.0132268114183027,0.0003054650879326027
2021-03-15,growth_adaptive,growth,adaptive,0.0089077973535307553,0,0.001,0,0.0089077973535307553,1.0225618147054143,1.0222524305275811,0.0003054650879326027
2021-03-16,growth_adaptive,growth,adaptive,0.011076226503132336,0,0.001,0,0.011076226503132336,1.0338879409785455,1.0335751299914822,0.0003054650879326027
2021-03-17,growth_adaptive,growth,adaptive,0.0046166535047074131,0,0.001,0,0.0046166535047074131,1.038661043364739,1.0383467882377357,0.0003054650879326027
2021-03-18,growth_adaptive,growth,adaptive,-0.0071059282333105767,0,0.001,0,-0.0071059282333105767,1.0312803925318537,1.0309683704792298,0.0003054650879326027
2021-03-19,growth_adaptive,growth,adaptive,0.0057355181253522236,0,0.001,0,0.0057355181253522236,1.0371953199155404,1.0368815082547782,0.0003054650879326027
2021-03-22,growth_adaptive,growth,adaptive,-0.0028522234541892288,0,0.001,0,-0.0028522234541892288,1.034237007097502,1.0339240904977187,0.0003054650879326027
2021-03-23,growth_adaptive,growth,adaptive,-0.0033958988809550394,0,0.001,0,-0.0033958988809550394,1.0307248428024574,1.0304129888358051,0.0003054650879326027
2021-03-24,growth_adaptive,growth,adaptive,-0.012349313526883621,0,0.001,0,-0.012349313526883621,1.017996098558742,1.0176880957744985,0.0003054650879326027
2021-03-25,growth_adaptive,growth,adaptive,-0.00049431693951318412,0,0.001,0,-0.00049431693951318412,1.017492885842866,1.0171850353096161,0.0003054650879326027
2021-03-26,growth_adaptive,growth,adaptive,0.02991113895086106,0,0.001,0,0.02991113895086106,1.0479272569328246,1.0476101982394985,0.0003054650879326027
2021-03-29,growth_adaptive,growth,adaptive,0.015014106854806197,0,0.001,0,0.015014106854806197,1.0636609487444779,1.063339129698051,0.0003054650879326027
2021-03-30,growth_adaptive,growth,adaptive,-0.0078045589849889963,0,0.001,0,-0.0078045589849889963,1.0553595441299723,1.0550402367392757,0.0003054650879326027
2021-03-31,growth_adaptive,growth,adaptive,0.017118296832840052,0,0.001,0,0.017118296832840052,1.07342550207176,1.0731007286823684,0.0003054650879326027
2021-04-01,growth_adaptive,growth,adaptive,0.010890343380635548,0.48908456151483709,0.001,0.0004890845615148371,0.010401258819120711,1.0851154743828526,1.0842623271003806,0.00079454964944743981
2021-04-05,growth_adaptive,growth,adaptive,0.019298726215406736,0,0.001,0,0.019298726215406736,1.1060568208350685,1.1051872088967707,0.00079454964944743981
2021-04-06,growth_adaptive,growth,adaptive,0.0015936911147980126,0,0.001,0,0.0015936911147980126,1.1078195337628951,1.1069485359317779,0.00079454964944743981
2021-04-07,growth_adaptive,growth,adaptive,-0.012510188098811215,0,0.001,0,-0.012510188098811215,1.093960503015984,1.0931004015315677,0.00079454964944743981
2021-04-08,growth_adaptive,growth,adaptive,0.011584379060773253,0,0.001,0,0.011584379060773253,1.1066333561604353,1.1057632909343929,0.00079454964944743981
2021-04-09,growth_adaptive,growth,adaptive,-0.0028136746604784379,0,0.001,0,-0.0028136746604784379,1.1035196499277664,1.1026520327822036,0.00079454964944743981
2021-04-12,growth_adaptive,growth,adaptive,0.00039183443682877517,0,0.001,0,0.00039183443682877517,1.1039520469283253,1.103084089820487,0.00079454964944743981
2021-04-13,growth_adaptive,growth,adaptive,0.020212368646377099,0,0.001,0,0.020212368646377099,1.1262655326687632,1.1253800320918921,0.00079454964944743981
2021-04-14,growth_adaptive,growth,adaptive,0.0017653794694674207,0,0.001,0,0.0017653794694674207,1.1282538187173055,1.1273667548958957,0.00079454964944743981
2021-04-15,growth_adaptive,growth,adaptive,0.025350754579847257,0,0.001,0,0.025350754579847257,1.1568559043793833,1.1559463528207403,0.00079454964944743981
2021-04-16,growth_adaptive,growth,adaptive,0.015140254506766482,0,0.001,0,0.015140254506766482,1.1743709971993428,1.1734476747986149,0.00079454964944743981
2021-04-19,growth_adaptive,growth,adaptive,-0.017153625533497197,0,0.001,0,-0.017153625533497197,1.1542262768759857,1.1533187928019664,0.00079454964944743981
2021-04-20,growth_adaptive,growth,adaptive,0.0082196460593602083,0,0.001,0,0.0082196460593602083,1.1637136083443194,1.1627986650724071,0.00079454964944743981
2021-04-21,growth_adaptive,growth,adaptive,-0.0057346117624506032,0,0.001,0,-0.0057346117624506032,1.1570401625977842,1.1561304661703211,0.00079454964944743981
2021-04-22,growth_adaptive,growth,adaptive,-0.00645923222497502,0,0.001,0,-0.00645923222497502,1.1495665714939423,1.1486627510069585,0.00079454964944743981
2021-04-23,growth_adaptive,growth,adaptive,-0.0030386828727474446,0,0.001,0,-0.0030386828727474446,1.1460734032420605,1.1451723291789107,0.00079454964944743981
2021-04-26,growth_adaptive,growth,adaptive,0.023203527780210953,0,0.001,0,0.023203527780210953,1.1726663492923486,1.1717443671321424,0.00079454964944743981
2021-04-27,growth_adaptive,growth,adaptive,0.0060975022933191791,0,0.001,0,0.0060975022933191791,1.1798166850464569,1.1788890810979145,0.00079454964944743981
2021-04-28,growth_adaptive,growth,adaptive,0.0018698771219571864,0,0.001,0,0.0018698771219571864,1.1820227972739286,1.1810934588199846,0.00079454964944743981
2021-04-29,growth_adaptive,growth,adaptive,0.0066981946913944324,0,0.001,0,0.0066981946913944324,1.1899402160997359,1.1890046527558933,0.00079454964944743981
2021-04-30,growth_adaptive,growth,adaptive,0.013207824906102505,0,0.001,0,0.013207824906102505,1.205656738122711,1.2047088180220344,0.00079454964944743981
2021-05-03,growth_adaptive,growth,adaptive,0.022082292452795693,0.2042904353598671,0.001,0.00020429043535986712,0.021878002017435828,1.2322804028116203,1.2310654399731433,0.00099884008480730698
2021-05-04,growth_adaptive,growth,adaptive,-0.0047559085019249769,0,0.001,0,-0.0047559085019249769,1.226419789967133,1.225210605380749,0.00099884008480730698
2021-05-05,growth_adaptive,growth,adaptive,0.050382578128969957,0,0.001,0,0.050382578128969957,1.288209980854067,1.2869398744307872,0.00099884008480730698
2021-05-06,growth_adaptive,growth,adaptive,0.048983169750182354,0,0.001,0,0.048983169750182354,1.3513105890201209,1.3499782687583088,0.00099884008480730698
2021-05-07,growth_adaptive,growth,adaptive,-0.013127919946106403,0,0.001,0,-0.013127919946106403,1.3335706917851389,1.3322558621170664,0.00099884008480730698
2021-05-10,growth_adaptive,growth,adaptive,-0.016667853894904439,0,0.001,0,-0.016667853894904439,1.3113429303359376,1.3100500160566693,0.00099884008480730698
2021-05-11,growth_adaptive,growth,adaptive,0.03887007779392726,0,0.001,0,0.03887007779392726,1.362314932052612,1.3609717620947277,0.00099884008480730698
2021-05-12,growth_adaptive,growth,adaptive,-0.074187036108718796,0,0.001,0,-0.074187036108718796,1.261248824996978,1.2600053008372596,0.00099884008480730698
2021-05-13,growth_adaptive,growth,adaptive,0.02212899870656071,0,0.001,0,0.02212899870656071,1.2891589986139873,1.287887956509747,0.00099884008480730698
2021-05-14,growth_adaptive,growth,adaptive,0.023713593662584298,0,0.001,0,0.023713593662584298,1.3197295912735836,1.3184284081933551,0.00099884008480730698
2021-05-17,growth_adaptive,growth,adaptive,-0.019958687464533553,0,0.001,0,-0.019958687464533553,1.2933895208236574,1.2921143076498613,0.00099884008480730698
2021-05-18,growth_adaptive,growth,adaptive,0.0037971310188404939,0,0.001,0,0.0037971310188404939,1.2983006902926202,1.2970206349673263,0.00099884008480730698
2021-05-19,growth_adaptive,growth,adaptive,-0.082808252608438049,0,0.001,0,-0.082808252608438049,1.1907906787691593,1.1896166225885954,0.00099884008480730698
2021-05-20,growth_adaptive,growth,adaptive,0.040346247783507927,0,0.001,0,0.040346247783507927,1.2388346145530715,1.2376131896109346,0.00099884008480730698
2021-05-21,growth_adaptive,growth,adaptive,-0.032255362272023191,0,0.001,0,-0.032255362272023191,1.1988755552655399,1.1976935278273997,0.00099884008480730698
2021-05-24,growth_adaptive,growth,adaptive,0.054596039173196775,0,0.001,0,0.054596039173196775,1.2643294120446054,1.2630828505901486,0.00099884008480730698
2021-05-25,growth_adaptive,growth,adaptive,0.0029437609047340274,0,0.001,0,0.0029437609047340274,1.2680512955384877,1.2668010645051559,0.00099884008480730698
2021-05-26,growth_adaptive,growth,adaptive,0.018149275541138321,0,0.001,0,0.018149275541138321,1.2910655079015132,1.2897925860806674,0.00099884008480730698
2021-05-27,growth_adaptive,growth,adaptive,-0.0097335455648256408,0,0.001,0,-0.0097335455648256408,1.278498862953179,1.277238331174877,0.00099884008480730698
2021-05-28,growth_adaptive,growth,adaptive,-0.023401806043858775,0,0.001,0,-0.023401806043858775,1.2485796805350549,1.2473486474769406,0.00099884008480730698
2021-06-01,growth_adaptive,growth,adaptive,-0.0050496291945257843,0.26258573975603261,0.001,0.0002625857397560326,-0.0053122149342818168,1.2422748161285333,1.2407224633635574,0.0012614258245633395
2021-06-02,growth_adaptive,growth,adaptive,0.0062983723376281997,0,0.001,0,0.0062983723376281997,1.2500991254661693,1.2485369954054804,0.0012614258245633395
2021-06-03,growth_adaptive,growth,adaptive,0.011648293536560494,0,0.001,0,0.011648293536560494,1.2646606470293968,1.2630803208192187,0.0012614258245633395
2021-06-04,growth_adaptive,growth,adaptive,-0.0093435328398397965,0,0.001,0,-0.0093435328398397965,1.2528442487426246,1.2512786883622891,0.0012614258245633395
2021-06-07,growth_adaptive,growth,adaptive,-0.011873214953517564,0,0.001,0,-0.011873214953517564,1.2379689596740251,1.236421987528608,0.0012614258245633395
2021-06-08,growth_adaptive,growth,adaptive,-0.0044179678807207967,0,0.001,0,-0.0044179678807207967,1.232499652572856,1.2309595149006896,0.0012614258245633395
2021-06-09,growth_adaptive,growth,adaptive,0.011338064576184692,0,0.001,0,0.011338064576184692,1.2464738132238522,1.2449162133713025,0.0012614258245633395
2021-06-10,growth_adaptive,growth,adaptive,-0.0032611378079647757,0,0.001,0,-0.0032611378079647757,1.24240889034491,1.2408563700401289,0.0012614258245633395
2021-06-11,growth_adaptive,growth,adaptive,-0.0043432303853864207,0,0.001,0,-0.0043432303853864207,1.2370128223012897,1.2354670449498704,0.0012614258245633395
2021-06-14,growth_adaptive,growth,adaptive,0.0030487631922437863,0,0.001,0,0.0030487631922437863,1.2407841814622556,1.2392336914017437,0.0012614258245633395
2021-06-15,growth_adaptive,growth,adaptive,0.0012199738312983488,0,0.001,0,0.0012199738312983488,1.2422979056939285,1.2407455240761169,0.0012614258245633395
2021-06-16,growth_adaptive,growth,adaptive,-0.021329116985305041,0,0.001,0,-0.021329116985305041,1.2158007883327833,1.2142815176441037,0.0012614258245633395
2021-06-17,growth_adaptive,growth,adaptive,0.0035891141602168997,0,0.001,0,0.0035891141602168997,1.2201644361581914,1.21863971263357,0.0012614258245633395
2021-06-18,growth_adaptive,growth,adaptive,-0.020247352507395178,0,0.001,0,-0.020247352507395178,1.1954593367023094,1.1939654847923673,0.0012614258245633395
2021-06-21,growth_adaptive,growth,adaptive,-0.015016931987349214,0,0.001,0,-0.015016931987349214,1.1775072051494093,1.1760357863119979,0.0012614258245633395
2021-06-22,growth_adaptive,growth,adaptive,-0.0036198829679140454,0,0.001,0,-0.0036198829679140454,1.1732447668728929,1.1717786743994696,0.0012614258245633395
2021-06-23,growth_adaptive,growth,adaptive,0.0034516882440354113,0,0.001,0,0.0034516882440354113,1.1772944420420841,1.1758232890745057,0.0012614258245633395
2021-06-24,growth_adaptive,growth,adaptive,0.01031179669884752,0,0.001,0,0.01031179669884752,1.1894344629831053,1.1879481397852123,0.0012614258245633395
2021-06-25,growth_adaptive,growth,adaptive,0.0043902113885023741,0,0.001,0,0.0043902113885023741,1.1946563317083709,1.1931634832374476,0.0012614258245633395
2021-06-28,growth_adaptive,growth,adaptive,0.0022055869450563481,0,0.001,0,0.0022055869450563481,1.1972912501174158,1.1957951090393941,0.0012614258245633395
2021-06-29,growth_adaptive,growth,adaptive,0.0030258395986915154,0,0.001,0,0.0030258395986915154,1.2009140613931879,1.199413393232247,0.0012614258245633395
2021-06-30,growth_adaptive,growth,adaptive,0.0068266955042930455,0,0.001,0,0.0068266955042930455,1.2091123360171432,1.2076014232516146,0.0012614258245633395
2021-07-01,growth_adaptive,growth,adaptive,-0.0015614245082652412,0.29045513681044338,0.001,0.00029045513681044341,-0.0018518796450756846,1.2072243983824402,1.2053650907565305,0.0015518809613737829
2021-07-02,growth_adaptive,growth,adaptive,0.0061655771577189267,0,0.001,0,0.0061655771577189267,1.2146676335573479,1.2127968622268108,0.0015518809613737829
2021-07-06,growth_adaptive,growth,adaptive,0.0012016001541566013,0,0.001,0,0.0012016001541566013,1.2161271783730794,1.2142541591234233,0.0015518809613737829
2021-07-07,growth_adaptive,growth,adaptive,0.0011757706367954146,0,0.001,0,0.0011757706367954146,1.2175570650000194,1.2156818435093273,0.0015518809613737829
2021-07-08,growth_adaptive,growth,adaptive,-0.011601793915488212,0,0.001,0,-0.011601793915488212,1.2034312188515424,1.2015777532941312,0.0015518809613737829
2021-07-09,growth_adaptive,growth,adaptive,0.0090745132314959953,0,0.001,0,0.0090745132314959953,1.2143517713702061,1.2124814865150699,0.0015518809613737829
2021-07-12,growth_adaptive,growth,adaptive,-0.00056982799350080438,0,0.001,0,-0.00056982799350080438,1.2136597997369221,1.2117905806224523,0.0015518809613737829
2021-07-13,growth_adaptive,growth,adaptive,-0.0053658588618291647,0,0.001,0,-0.0053658588618291647,1.2071474725452578,1.2052882833967382,0.0015518809613737829
2021-07-14,growth_adaptive,growth,adaptive,0.0039935940319535401,0,0.001,0,0.0039935940319535401,1.2119683294873023,1.210101715492095,0.0015518809613737829
2021-07-15,growth_adaptive,growth,adaptive,-0.00038628674465079893,0,0.001,0,-0.00038628674465079893,1.2115001621866848,1.2096342692397213,0.0015518809613737829
2021-07-16,growth_adaptive,growth,adaptive,-0.0024325984242642429,0,0.001,0,-0.0024325984242642429,1.2085530688011537,1.2066917148224328,0.0015518809613737829
2021-07-19,growth_adaptive,growth,adaptive,-0.014511775868440213,0,0.001,0,-0.014511775868440213,1.1910148175415958,1.1891804751146258,0.0015518809613737829
2021-07-20,growth_adaptive,growth,adaptive,0.00059838992328309359,0,0.001,0,0.00059838992328309359,1.1917275088068935,1.1898920687278993,0.0015518809613737829
2021-07-21,growth_adaptive,growth,adaptive,0.0061945059466990138,0,0.001,0,0.0061945059466990138,1.1991096719470427,1.1972628622235644,0.0015518809613737829
2021-07-22,growth_adaptive,growth,adaptive,0.0044854354121413031,0,0.001,0,0.0044854354121413031,1.204488200932635,1.2026331074634236,0.0015518809613737829
2021-07-23,growth_adaptive,growth,adaptive,0.013879431156406774,0,0.001,0,0.013879431156406774,1.2212058119961837,1.2193249708848777,0.0015518809613737829
2021-07-26,growth_adaptive,growth,adaptive,0.0033298584231078454,0,0.001,0,0.0033298584231078454,1.2252722544556074,1.2233851504096844,0.0015518809613737829
2021-07-27,growth_adaptive,growth,adaptive,0.0050742290160050718,0,0.001,0,0.0050742290160050718,1.2314895664816721,1.2295928868376429,0.0015518809613737829
2021-07-28,growth_adaptive,growth,adaptive,0.0011885355860616897,0,0.001,0,0.0011885355860616897,1.2329532356552992,1.2310543017400177,0.0015518809613737829
2021-07-29,growth_adaptive,growth,adaptive,0.0040481211869165534,0,0.001,0,0.0040481211869165534,1.2379443797710328,1.2360377587411362,0.0015518809613737829
2021-07-30,growth_adaptive,growth,adaptive,0.001289743222147699,0,0.001,0,0.001289743222147699,1.2395410101442383,1.2376319300627912,0.0015518809613737829
2021-08-02,growth_adaptive,growth,adaptive,0.0016973399380664222,0.096847338818372,0.001,9.6847338818372003e-05,0.0016004925992480503,1.2416449326056274,1.2396127508074497,0.0016487283001921549
2021-08-03,growth_adaptive,growth,adaptive,0.0024670188115700764,0,0.001,0,0.0024670188115700764,1.2447080940116562,1.2426708987827537,0.0016487283001921549
2021-08-04,growth_adaptive,growth,adaptive,0.003777263295636768,0,0.001,0,0.003777263295636768,1.2494096842089484,1.2473647939572818,0.0016487283001921549
2021-08-05,growth_adaptive,growth,adaptive,0.0073833924365342973,0,0.001,0,0.0073833924365342973,1.2586345662214695,1.2565745777425852,0.0016487283001921549
2021-08-06,growth_adaptive,growth,adaptive,0.0022230848843107776,0,0.001,0,0.0022230848843107776,1.2614326177005075,1.2593680496923738,0.0016487283001921549
2021-08-09,growth_adaptive,growth,adaptive,0.01143053332168531,0,0.001,0,0.01143053332168531,1.275851465270194,1.2737632981486484,0.0016487283001921549
2021-08-10,growth_adaptive,growth,adaptive,0.0086557859955087579,0,0.001,0,0.0086557859955087579,1.286894962515629,1.2847887206663566,0.0016487283001921549
2021-08-11,growth_adaptive,growth,adaptive,0.015672703962946066,0,0.001,0,0.015672703962946066,1.3070640862945431,1.3049248339402926,0.0016487283001921549
2021-08-12,growth_adaptive,growth,adaptive,-0.00053323187637099867,0,0.001,0,-0.00053323187637099867,1.3063671180592711,1.3042290064225674,0.0016487283001921549
2021-08-13,growth_adaptive,growth,adaptive,0.024061447119920309,0,0.001,0,0.024061447119920309,1.3378002013896568,1.3356106436928703,0.0016487283001921549
2021-08-16,growth_adaptive,growth,adaptive,-0.0023998106301640343,0,0.001,0,-0.0023998106301640343,1.3345897342453263,1.3324054310723759,0.0016487283001921549
2021-08-17,growth_adaptive,growth,adaptive,-0.011240211797873156,0,0.001,0,-0.011240211797873156,1.3195886629691416,1.3174289118264859,0.0016487283001921549
2021-08-18,growth_adaptive,growth,adaptive,-0.0031838856060215637,0,0.001,0,-0.0031838856060215637,1.3153872436192449,1.3132343688771648,0.0016487283001921549
2021-08-19,growth_adaptive,growth,adaptive,0.014866708128318473,0,0.001,0,0.014866708128318473,1.3349427218458456,1.332757840943338,0.0016487283001921549
2021-08-20,growth_adaptive,growth,adaptive,0.013307291695231038,0,0.001,0,0.013307291695231038,1.352707194041874,1.3504932382918773,0.0016487283001921549
2021-08-23,growth_adaptive,growth,adaptive,0.0053292580056620853,0,0.001,0,0.0053292580056620853,1.3599161196850384,1.3576903651936367,0.0016487283001921549
2021-08-24,growth_adaptive,growth,adaptive,-0.017467716029631819,0,0.001,0,-0.017467716029631819,1.3361614910822615,1.3339746154382672,0.0016487283001921549
2021-08-25,growth_adaptive,growth,adaptive,0.0024862593303283109,0,0.001,0,0.0024862593303283109,1.3394835350562901,1.3372912222723217,0.0016487283001921549
2021-08-26,growth_adaptive,growth,adaptive,-0.015684376172866776,0,0.001,0,-0.015684376172866776,1.3184745714151058,1.3163166436895297,0.0016487283001921549
2021-08-27,growth_adaptive,growth,adaptive,0.019583410016980496,0,0.001,0,0.019583410016980496,1.3442947995440904,1.3420946122350774,0.0016487283001921549
2021-08-30,growth_adaptive,growth,adaptive,-0.0030028016228159649,0,0.001,0,-0.0030028016228159649,1.3402581489384764,1.3380645683554853,0.0016487283001921549
2021-08-31,growth_adaptive,growth,adaptive,0.0074430536573517614,0,0.001,0,0.0074430536573517614,1.3502337622557283,1.3480238547347563,0.0016487283001921549
2021-09-01,growth_adaptive,growth,adaptive,0.016946212185568355,0.0264279187103355,0.001,2.6427918710335501e-05,0.016919784266858019,1.3731151100910322,1.3708321275434467,0.0016751562189024904
2021-09-02,growth_adaptive,growth,adaptive,0.0089115246456497044,0,0.001,0,0.0089115246456497044,1.3853516592359223,1.3830483318330986,0.0016751562189024904
2021-09-03,growth_adaptive,growth,adaptive,0.0090534692118080518,0,0.001,0,0.0090534692118080518,1.3978938978303419,1.395569717323792,0.0016751562189024904
2021-09-07,growth_adaptive,growth,adaptive,-0.045652395834725024,0,0.001,0,-0.045652395834725024,1.3340766922716445,1.3318586161735708,0.0016751562189024904
2021-09-08,growth_adaptive,growth,adaptive,0.0053301643456438175,0,0.001,0,0.0053301643456438175,1.3411875402911453,1.3389576414829376,0.0016751562189024904
2021-09-09,growth_adaptive,growth,adaptive,-0.0046071957180991996,0,0.001,0,-0.0046071957180991996,1.335008426798348,1.3327888015703813,0.0016751562189024904
2021-09-10,growth_adaptive,growth,adaptive,-0.0094245966771475675,0,0.001,0,-0.0094245966771475675,1.3224265108151803,1.3202278046597615,0.0016751562189024904
2021-09-13,growth_adaptive,growth,adaptive,-0.010574032210309947,0,0.001,0,-0.010574032210309947,1.3084431302940527,1.3062676733283425,0.0016751562189024904
2021-09-14,growth_adaptive,growth,adaptive,0.0058992192720903613,0,0.001,0,0.0058992192720903613,1.3161619232247177,1.3139736327613496,0.0016751562189024904
2021-09-15,growth_adaptive,growth,adaptive,0.0079407090425518412,0,0.001,0,0.0079407090425518412,1.3266131821099307,1.3244075150686923,0.0016751562189024904
2021-09-16,growth_adaptive,growth,adaptive,-0.0089254696038923997,0,0.001,0,-0.0089254696038923997,1.3147725364768856,1.31258655604978,0.0016751562189024904
2021-09-17,growth_adaptive,growth,adaptive,-0.018209688796085421,0,0.001,0,-0.018209688796085421,1.2908309377500016,1.288684763346188,0.0016751562189024904
2021-09-20,growth_adaptive,growth,adaptive,-0.030305706904080854,0,0.001,0,-0.030305706904080854,1.2517113936878301,1.2496302606164635,0.0016751562189024904
2021-09-21,growth_adaptive,growth,adaptive,-0.012343001478724802,0,0.001,0,-0.012343001478724802,1.2362615181046046,1.2342060724618154,0.0016751562189024904
2021-09-22,growth_adaptive,growth,adaptive,0.021099079355898942,0,0.001,0,0.021099079355898942,1.2623454979797377,1.2602466843262194,0.0016751562189024904
2021-09-23,growth_adaptive,growth,adaptive,0.0069638056490914924,0,0.001,0,0.0069638056490914924,1.2711362266896742,1.2690227973057793,0.0016751562189024904
2021-09-24,growth_adaptive,growth,adaptive,-0.018579849808266435,0,0.001,0,-0.018579849808266435,1.2475187065119335,1.2454445443285718,0.0016751562189024904
2021-09-27,growth_adaptive,growth,adaptive,-0.011557684652254818,0,0.001,0,-0.011557684652254818,1.2331002787042797,1.2310500890333509,0.0016751562189024904
2021-09-28,growth_adaptive,growth,adaptive,-0.013416458718575441,0,0.001,0,-0.013416458718575441,1.2165564397191799,1.2145337563333363,0.0016751562189024904
2021-09-29,growth_adaptive,growth,adaptive,0.012476731969464083,0,0.001,0,0.012476731969464083,1.2317350883432816,1.2296871684789736,0.0016751562189024904
2021-09-30,growth_adaptive,growth,adaptive,0.0017173332684679021,0,0.001,0,0.0017173332684679021,1.2338503879884328,1.2317989511632106,0.0016751562189024904
2021-10-01,growth_adaptive,growth,adaptive,0.019653981747037585,0.2917042192137263,0.001,0.00029170421921372632,0.019362277527823858,1.2581004609925328,1.2556493843141152,0.0019668604381162169
2021-10-04,growth_adaptive,growth,adaptive,-0.0033560845444033927,0,0.001,0,-0.0033560845444033927,1.2538781694800889,1.2514353188222289,0.0019668604381162169
2021-10-05,growth_adaptive,growth,adaptive,0.012561821061965572,0,0.001,0,0.012561821061965572,1.2696291626786027,1.2671556253678975,0.0019668604381162169
2021-10-06,growth_adaptive,growth,adaptive,0.0054316391027728894,0,0.001,0,0.0054316391027728894,1.2765253300846287,1.2740383574119445,0.0019668604381162169
2021-10-07,growth_adaptive,growth,adaptive,0.0061207502285767212,0,0.001,0,0.0061207502285767212,1.284338622790528,1.2818364279792891,0.0019668604381162169
2021-10-08,growth_adaptive,growth,adaptive,-0.0030458045947345802,0,0.001,0,-0.0030458045947345802,1.2804267783120376,1.2779322046972517,0.0019668604381162169
2021-10-11,growth_adaptive,growth,adaptive,-0.0025241683770164114,0,0.001,0,-0.0025241683770164114,1.2771947655291374,1.274706488638184,0.0019668604381162169
2021-10-12,growth_adaptive,growth,adaptive,-0.0031199928469087812,0,0.001,0,-0.0031199928469087812,1.2732099269965771,1.2707294135117246,0.0019668604381162169
2021-10-13,growth_adaptive,growth,adaptive,0.0089868962117667373,0,0.001,0,0.0089868962117667373,1.2846521324662865,1.2821493268641937,0.0019668604381162169
2021-10-14,growth_adaptive,growth,adaptive,0.008183845066661366,0,0.001,0,0.008183845066661366,1.2951655264829467,1.2926422383075744,0.0019668604381162169
2021-10-15,growth_adaptive,growth,adaptive,0.0090344454549267095,0,0.001,0,0.0090344454549267095,1.3068666287870583,1.3043205441022985,0.0019668604381162169
2021-10-18,growth_adaptive,growth,adaptive,-0.003858178921333999,0,0.001,0,-0.003858178921333999,1.3018245035068772,1.2992882420723801,0.0019668604381162169
2021-10-19,growth_adaptive,growth,adaptive,0.0094006472438767918,0,0.001,0,0.0094006472438767918,1.3140624964377803,1.3115023925042193,0.0019668604381162169
2021-10-20,growth_adaptive,growth,adaptive,0.018197401333446495,0,0.001,0,0.018197401333446495,1.3379750190626891,1.3353683278903938,0.0019668604381162169
2021-10-21,growth_adaptive,growth,adaptive,-0.0024393419239797653,0,0.001,0,-0.0024393419239797653,1.334711240505452,1.3321109079442159,0.0019668604381162169
2021-10-22,growth_adaptive,growth,adaptive,-0.0007670279727147733,0,0.001,0,-0.0007670279727147733,1.3336874796484874,1.3310891416150643,0.0019668604381162169
2021-10-25,growth_adaptive,growth,adaptive,0.0092580821806167446,0,0.001,0,0.0092580821806167446,1.3460348679383327,1.3434124742778633,0.0019668604381162169
2021-10-26,growth_adaptive,growth,adaptive,0.0019835191821071518,0,0.001,0,0.0019835191821071518,1.3487047539186734,1.3460771586900755,0.0019668604381162169
2021-10-27,growth_adaptive,growth,adaptive,-0.022425215517813846,0,0.001,0,-0.022425215517813846,1.318459759142147,1.3158910883028441,0.0019668604381162169
2021-10-28,growth_adaptive,growth,adaptive,0.018620255890945403,0,0.001,0,0.018620255890945403,1.3430098172392879,1.3403933170916578,0.0019668604381162169
2021-10-29,growth_adaptive,growth,adaptive,0.00080420947085690919,0,0.001,0,0.00080420947085690919,1.3440898784537656,1.3414712740919361,0.0019668604381162169
2021-11-01,growth_adaptive,growth,adaptive,0.00075899854723249227,0.27660181656630811,0.001,0.00027660181656630813,0.00048239673066618414,1.3451100407188619,1.3421183954488407,0.002243462254682525
2021-11-02,growth_adaptive,growth,adaptive,0.0099888214678243159,0,0.001,0,0.0099888214678243159,1.3585461047701806,1.355524576489662,0.002243462254682525
2021-11-03,growth_adaptive,growth,adaptive,0.0064920495698548297,0,0.001,0,0.0064920495698548297,1.3673658534252817,1.3643247092333892,0.002243462254682525
2021-11-04,growth_adaptive,growth,adaptive,-0.0020382814158483864,0,0.001,0,-0.0020382814158483864,1.3645787770175792,1.3615438315333761,0.002243462254682525
2021-11-05,growth_adaptive,growth,adaptive,-0.010011954674456813,0,0.001,0,-0.010011954674456813,1.3509166761523534,1.3479121164047776,0.002243462254682525
2021-11-08,growth_adaptive,growth,adaptive,0.012539929199653965,0,0.001,0,0.012539929199653965,1.3678570756259358,1.3648148389118493,0.002243462254682525
2021-11-09,growth_adaptive,growth,adaptive,0.014374199536264509,0,0.001,0,0.014374199536264509,1.3875189261680743,1.3844329597364229,0.002243462254682525
2021-11-10,growth_adaptive,growth,adaptive,-0.0059549759885759723,0,0.001,0,-0.0059549759885759723,1.3792562842790486,1.3761886947033992,0.002243462254682525
2021-11-11,growth_adaptive,growth,adaptive,0.0031023177203821639,0,0.001,0,0.0031023177203821639,1.3835351754907159,1.3804580692775672,0.002243462254682525
2021-11-12,growth_adaptive,growth,adaptive,0.001224271832918733,0,0.001,0,0.001224271832918733,1.3852289986359214,1.3821481252083092,0.002243462254682525
2021-11-15,growth_adaptive,growth,adaptive,-0.004285583011612637,0,0.001,0,-0.004285583011612637,1.3792924847721741,1.3762248146833842,0.002243462254682525
2021-11-16,growth_adaptive,growth,adaptive,-0.01828420806336839,0,0.001,0,-0.01828420806336839,1.3540732140003593,1.3510616338297425,0.002243462254682525
2021-11-17,growth_adaptive,growth,adaptive,-0.0041506180118467961,0,0.001,0,-0.0041506180118467961,1.3484529733289701,1.3454538930772537,0.002243462254682525
2021-11-18,growth_adaptive,growth,adaptive,-0.015408218041364163,0,0.001,0,-0.015408218041364163,1.3276757158973915,1.3247228461281171,0.002243462254682525
2021-11-19,growth_adaptive,growth,adaptive,0.0046183041648941714,0,0.001,0,0.0046183041648941714,1.3338073261857493,1.3308408191657211,0.002243462254682525
2021-11-22,growth_adaptive,growth,adaptive,-0.0074143329650400158,0,0.001,0,-0.0074143329650400158,1.3239180345581985,1.3209735222089598,0.002243462254682525
2021-11-23,growth_adaptive,growth,adaptive,0.0073079923501768729,0,0.001,0,0.0073079923501768729,1.3335932174270109,1.3306271866040491,0.002243462254682525
2021-11-24,growth_adaptive,growth,adaptive,-0.0057083024059115806,0,0.001,0,-0.0057083024059115806,1.325980664055465,1.3230315642333859,0.002243462254682525
2021-11-26,growth_adaptive,growth,adaptive,-0.024613392865785011,0,0.001,0,-0.024613392865785011,1.2933437810386332,1.2904672685690755,0.002243462254682525
2021-11-29,growth_adaptive,growth,adaptive,0.0096516738232088617,0,0.001,0,0.0096516738232088617,1.3058267133544939,1.3029224377248314,0.002243462254682525
2021-11-30,growth_adaptive,growth,adaptive,-0.013791522927552369,0,0.001,0,-0.013791522927552369,1.2878173742978549,1.284953153052127,0.002243462254682525
2021-12-01,growth_adaptive,growth,adaptive,-0.0052765288418388234,0.3437492550543052,0.001,0.00034374925505430522,-0.0056202780968931283,1.281022168779351,1.2777313589904944,0.0025872115097368303
2021-12-02,growth_adaptive,growth,adaptive,0.020499868801777676,0,0.001,0,0.020499868801777676,1.3072829551714964,1.3039246842137167,0.0025872115097368303
2021-12-03,growth_adaptive,growth,adaptive,-0.009216560770512805,0,0.001,0,-0.009216560770512805,1.2952343023709028,1.2919069831214893,0.0025872115097368303
2021-12-06,growth_adaptive,growth,adaptive,0.013903384379134076,0,0.001,0,0.013903384379134076,1.3132424427378049,1.3098688624899149,0.0025872115097368303
2021-12-07,growth_adaptive,growth,adaptive,0.0013943070598296803,0,0.001,0,0.0013943070598296803,1.3150735059469822,1.3116952218923357,0.0025872115097368303
2021-12-08,growth_adaptive,growth,adaptive,0.0073420971737352403,0,0.001,0,0.0073420971737352403,1.3247289034182497,1.3213258156737935,0.0025872115097368303
2021-12-09,growth_adaptive,growth,adaptive,-0.01561751681470358,0,0.001,0,-0.01561751681470358,1.3040399274941914,1.3006899875298061,0.0025872115097368303
2021-12-10,growth_adaptive,growth,adaptive,-0.0017182116351297516,0,0.001,0,-0.0017182116351297516,1.3017993109180972,1.2984551268595357,0.0025872115097368303
2021-12-13,growth_adaptive,growth,adaptive,-0.014153978197055217,0,0.001,0,-0.014153978197055217,1.2833736718544209,1.2800768213041112,0.0025872115097368303
2021-12-14,growth_adaptive,growth,adaptive,-0.0022011292730641507,0,0.001,0,-0.0022011292730641507,1.2805488004970222,1.2772592067409678,0.0025872115097368303
2021-12-15,growth_adaptive,growth,adaptive,0.019214678239740879,0,0.001,0,0.019214678239740879,1.3051541336688586,1.3018013314272423,0.0025872115097368303
2021-12-16,growth_adaptive,growth,adaptive,-0.00019494399427855136,0,0.001,0,-0.00019494399427855136,1.3048997017088919,1.3015475530759368,0.0025872115097368303
2021-12-17,growth_adaptive,growth,adaptive,-0.0149471122587298,0,0.001,0,-0.0149471122587298,1.285395219381066,1.2820931756900358,0.0025872115097368303
2021-12-20,growth_adaptive,growth,adaptive,-0.0007601485024646415,0,0.001,0,-0.0007601485024646415,1.2844181281299782,1.281118594482515,0.0025872115097368303
2021-12-21,growth_adaptive,growth,adaptive,0.006654738018787576,0,0.001,0,0.006654738018787576,1.2929655942792648,1.2896441030997934,0.0025872115097368303
2021-12-22,growth_adaptive,growth,adaptive,0.0091156587351586271,0,0.001,0,0.0091156587351586271,1.3047518273930161,1.3014000586334609,0.0025872115097368303
2021-12-23,growth_adaptive,growth,adaptive,0.012115045452218087,0,0.001,0,0.012115045452218087,1.3205589550857471,1.3171665794953245,0.0025872115097368303
2021-12-27,growth_adaptive,growth,adaptive,0.013024570011960224,0,0.001,0,0.013024570011960224,1.3377586676511823,1.3343221078273755,0.0025872115097368303
2021-12-28,growth_adaptive,growth,adaptive,-0.010863349014465173,0,0.001,0,-0.010863349014465173,1.3232261283473616,1.3198269010723298,0.0025872115097368303
2021-12-29,growth_adaptive,growth,adaptive,-0.0025534034160383801,0,0.001,0,-0.0025534034160383801,1.3198473982310484,1.3164568505545524,0.0025872115097368303
2021-12-30,growth_adaptive,growth,adaptive,0.0025443566313037014,0,0.001,0,0.0025443566313037014,1.3232055607110464,1.3198063862720861,0.0025872115097368303
2021-12-31,growth_adaptive,growth,adaptive,-0.0057086793316284412,0,0.001,0,-0.0057086793316284412,1.3156518044751195,1.3122720348330235,0.0025872115097368303
2022-01-03,growth_adaptive,growth,adaptive,-0.009398287556159568,0.11687154739605859,0.001,0.0001168715473960586,-0.0095151591035556263,1.3032869304928822,1.2997855576344406,0.0027040830571328886
2022-01-04,growth_adaptive,growth,adaptive,-0.0029368632717582388,0,0.001,0,-0.0029368632717582388,1.2994593549741551,1.2959682651690623,0.0027040830571328886
2022-01-05,growth_adaptive,growth,adaptive,-0.013327147609623169,0,0.001,0,-0.013327147609623169,1.2821412683377089,1.278696704801767,0.0027040830571328886
2022-01-06,growth_adaptive,growth,adaptive,-0.003839183483410169,0,0.001,0,-0.003839183483410169,1.2772188927569081,1.273787553532401,0.0027040830571328886
2022-01-07,growth_adaptive,growth,adaptive,-0.012948170071580778,0,0.001,0,-0.012948170071580778,1.2606812453148557,1.2572943356542008,0.0027040830571328886
2022-01-10,growth_adaptive,growth,adaptive,-0.0060246967122972173,0,0.001,0,-0.0060246967122972173,1.2530860231609526,1.249719518603795,0.0027040830571328886
2022-01-11,growth_adaptive,growth,adaptive,0.012419415000439082,0,0.001,0,0.012419415000439082,1.2686486185138384,1.2652403039394846,0.0027040830571328886
2022-01-12,growth_adaptive,growth,adaptive,0.01036505506308405,0,0.001,0,0.01036505506308405,1.2817982313004399,1.2783545893578505,0.0027040830571328886
2022-01-13,growth_adaptive,growth,adaptive,-0.014861581293512449,0,0.001,0,-0.014861581293512449,1.2627486826840879,1.2593562187061742,0.0027040830571328886
2022-01-14,growth_adaptive,growth,adaptive,-0.0010632200904694411,0,0.001,0,-0.0010632200904694411,1.2614061029154444,1.2580172458733883,0.0027040830571328886
2022-01-18,growth_adaptive,growth,adaptive,-0.008428098873001999,0,0.001,0,-0.008428098873001999,1.2507748475610649,1.2474145521412257,0.0027040830571328886
2022-01-19,growth_adaptive,growth,adaptive,-0.0089592539015096451,0,0.001,0,-0.0089592539015096451,1.2395688381281433,1.2362386484481545,0.0027040830571328886
2022-01-20,growth_adaptive,growth,adaptive,-0.015672625929746831,0,0.001,0,-0.015672625929746831,1.2201415394139901,1.2168635425511307,0.0027040830571328886
2022-01-21,growth_adaptive,growth,adaptive,-0.022168665778923957,0,0.001,0,-0.022168665778923957,1.1930926294237396,1.1898873013777573,0.0027040830571328886
2022-01-24,growth_adaptive,growth,adaptive,-0.0052688532366995666,0,0.001,0,-0.0052688532366995666,1.1868063994615179,1.1836179598185854,0.0027040830571328886
2022-01-25,growth_adaptive,growth,adaptive,0.0010494067752648828,0,0.001,0,0.0010494067752648828,1.1880518421380406,1.1848600565249443,0.0027040830571328886
2022-01-26,growth_adaptive,growth,adaptive,-0.012358370281450037,0,0.001,0,-0.012358370281450037,1.1733694575593399,1.1702171172147091,0.0027040830571328886
2022-01-27,growth_adaptive,growth,adaptive,-0.0038049499114758412,0,0.001,0,-0.0038049499114758412,1.168904845545671,1.1657644996981555,0.0027040830571328886
2022-01-28,growth_adaptive,growth,adaptive,0.017109063797619228,0,0.001,0,0.017109063797619228,1.1889037131214581,1.1857096388964909,0.0027040830571328886
2022-01-31,growth_adaptive,growth,adaptive,0.0056764578629888707,0,0.001,0,0.0056764578629888707,1.1956524749521431,1.1924402696994267,0.0027040830571328886
2022-02-01,growth_adaptive,growth,adaptive,0.0084789935296050167,0.30355900765694971,0.001,0.00030355900765694974,0.0081754345219480669,1.2057904045509185,1.2021889870456883,0.0030076420647898385
2022-02-02,growth_adaptive,growth,adaptive,-0.0050436192566676308,0,0.001,0,-0.0050436192566676308,1.1997088568470204,1.196125603520471,0.0030076420647898385
2022-02-03,growth_adaptive,growth,adaptive,-0.0081614109574480453,0,0.001,0,-0.0081614109574480453,1.1899175398370017,1.1863635309134148,0.0030076420647898385
2022-02-04,growth_adaptive,growth,adaptive,0.015618958991773013,0,0.001,0,0.015618958991773013,1.2085028130953073,1.2048932942520865,0.0030076420647898385
2022-02-07,growth_adaptive,growth,adaptive,0.0111340762137635,0,0.001,0,0.0111340762137635,1.2219583755208581,1.2183086680197417,0.0030076420647898385
2022-02-08,growth_adaptive,growth,adaptive,-0.0024294625949016213,0,0.001,0,-0.0024294625949016213,1.2189896733550034,1.2153488326817432,0.0030076420647898385
2022-02-09,growth_adaptive,growth,adaptive,0.012240275177576088,0,0.001,0,0.012240275177576088,1.2339104423954923,1.2302250368305137,0.0030076420647898385
2022-02-10,growth_adaptive,growth,adaptive,-0.019261753978750407,0,0.001,0,-0.019261753978750407,1.2101431630222592,1.2065287448325852,0.0030076420647898385
2022-02-11,growth_adaptive,growth,adaptive,-0.017154370130188834,0,0.001,0,-0.017154370130188834,1.189383919293258,1.1858315041710148,0.0030076420647898385
2022-02-14,growth_adaptive,growth,adaptive,-0.0090468024978563877,0,0.001,0,-0.0090468024978563877,1.1786237978812857,1.1751035207570437,0.0030076420647898385
2022-02-15,growth_adaptive,growth,adaptive,0.014887257661586384,0,0.001,0,0.014887257661586384,1.196170274046422,1.1925975896495911,0.0030076420647898385
2022-02-16,growth_adaptive,growth,adaptive,-0.0032553198909156533,0,0.001,0,-0.0032553198909156533,1.1922763571603967,1.1887153029941466,0.0030076420647898385
2022-02-17,growth_adaptive,growth,adaptive,-0.028400027870845612,0,0.001,0,-0.028400027870845612,1.1584156753872912,1.1549557552586123,0.0030076420647898385
2022-02-18,growth_adaptive,growth,adaptive,-0.0066816060544550027,0,0.001,0,-0.0066816060544550027,1.1506755981970478,1.1472387958916486,0.0030076420647898385
2022-02-22,growth_adaptive,growth,adaptive,0.0010146753694728616,0,0.001,0,0.0010146753694728616,1.1518431603847918,1.1484028708407434,0.0030076420647898385
2022-02-23,growth_adaptive,growth,adaptive,-0.0030329851318168233,0,0.001,0,-0.0030329851318168233,1.1483496372051598,1.1449197820081478,0.0030076420647898385
2022-02-24,growth_adaptive,growth,adaptive,0.00015341927798662169,0,0.001,0,0.00015341927798662169,1.1485258161773759,1.1450954347744562,0.0030076420647898385
2022-02-25,growth_adaptive,growth,adaptive,0.028250848411366603,0,0.001,0,0.028250848411366603,1.1809726449067441,1.1774453523188173,0.0030076420647898385
2022-02-28,growth_adaptive,growth,adaptive,0.014596894299929497,0,0.001,0,0.014596894299929497,1.198211177775556,1.1946323976705584,0.0030076420647898385
2022-03-01,growth_adaptive,growth,adaptive,-0.0055521844746228011,0.44854653999916788,0.001,0.00044854653999916791,-0.006000731014621969,1.191558488276991,1.1874637299907844,0.0034561886047890064
2022-03-02,growth_adaptive,growth,adaptive,0.0060529359032592822,0,0.001,0,0.0060529359032592822,1.198770915431516,1.1946513718358638,0.0034561886047890064
2022-03-03,growth_adaptive,growth,adaptive,-0.0050886857345862069,0,0.001,0,-0.0050886857345862069,1.1926707469751228,1.1885721664421989,0.0034561886047890064
2022-03-04,growth_adaptive,growth,adaptive,-0.015083819000218046,0,0.001,0,-0.015083819000218046,1.1746807173008951,1.1706439590148876,0.0034561886047890064
2022-03-07,growth_adaptive,growth,adaptive,-0.019649855896130553,0,0.001,0,-0.019649855896130553,1.1515984104819692,1.1476409739145692,0.0034561886047890064
2022-03-08,growth_adaptive,growth,adaptive,-0.011977663848583564,0,0.001,0,-0.011977663848583564,1.137804951832653,1.1338949161101595,0.0034561886047890064
2022-03-09,growth_adaptive,growth,adaptive,0.020288955088787253,0,0.001,0,0.020288955088787253,1.1608898254001854,1.1569004591385226,0.0034561886047890064
2022-03-10,growth_adaptive,growth,adaptive,-0.015607043437782409,0,0.001,0,-0.015607043437782409,1.142771767468685,1.1388446634195573,0.0034561886047890064
2022-03-11,growth_adaptive,growth,adaptive,-0.0060800559871193594,0,0.001,0,-0.0060800559871193594,1.1358236511419761,1.1319204241053342,0.0034561886047890064
2022-03-14,growth_adaptive,growth,adaptive,0.0017861835154808769,0,0.001,0,0.0017861835154808769,1.1378524406241393,1.1339422417077072,0.0034561886047890064
2022-03-15,growth_adaptive,growth,adaptive,0.0089680787393118244,0,0.001,0,0.0089680787393118244,1.1480567909053747,1.1441115250171736,0.0034561886047890064
2022-03-16,growth_adaptive,growth,adaptive,0.016340401077020061,0,0.001,0,0.016340401077020061,1.1668164993279651,1.1628067662127952,0.0034561886047890064
2022-03-17,growth_adaptive,growth,adaptive,0.010692635056693378,0,0.001,0,0.010692635056693378,1.1792928423334075,1.1752402346053623,0.0034561886047890064
2022-03-18,growth_adaptive,growth,adaptive,0.010895228512009192,0,0.001,0,0.010895228512009192,1.1921415073332067,1.1880447455178951,0.0034561886047890064
2022-03-21,growth_adaptive,growth,adaptive,0.0048093442727765723,0,0.001,0,0.0048093442727765723,1.1978749262638388,1.1937584617105539,0.0034561886047890064
2022-03-22,growth_adaptive,growth,adaptive,0.016517325159560503,0,0.001,0,0.016517325159560503,1.2176606159214232,1.2134761583846039,0.0034561886047890064
2022-03-23,growth_adaptive,growth,adaptive,-0.00033973681431276326,0,0.001,0,-0.00033973681431276326,1.2172469317828558,1.2130638958603097,0.0034561886047890064
2022-03-24,growth_adaptive,growth,adaptive,0.010109256075297779,0,0.001,0,0.010109256075297779,1.2295523927231193,1.22532706941926,0.0034561886047890064
2022-03-25,growth_adaptive,growth,adaptive,0.0040273522826712593,0,0.001,0,0.0040273522826712593,1.2345042333586167,1.2302618931893046,0.0034561886047890064
2022-03-28,growth_adaptive,growth,adaptive,0.0043669410408730958,0,0.001,0,0.0043669410408730958,1.239895240560402,1.2356343743416951,0.0034561886047890064
2022-03-29,growth_adaptive,growth,adaptive,0.016415045232618386,0,0.001,0,0.016415045232618386,1.2602481770179093,1.2559173684874922,0.0034561886047890064
2022-03-30,growth_adaptive,growth,adaptive,-0.0012205807065720498,0,0.001,0,-0.0012205807065720498,1.2587099424075485,1.2543844199784677,0.0034561886047890064
2022-03-31,growth_adaptive,growth,adaptive,-0.013482814024021628,0,0.001,0,-0.013482814024021628,1.2417389903438805,1.2374717881292678,0.0034561886047890064
2022-04-01,growth_adaptive,growth,adaptive,0.010107790583688825,0.36804061488808432,0.001,0.00036804061488808433,0.00973974996880074,1.2542902280178776,1.2495244539390917,0.0038242292196770909
2022-04-04,growth_adaptive,growth,adaptive,0.0042376632236091893,0,0.001,0,0.0042376632236091893,1.2596054875888814,1.2548195177645498,0.0038242292196770909
2022-04-05,growth_adaptive,growth,adaptive,-0.011096238835322847,0,0.001,0,-0.011096238835322847,1.2456286042603117,1.2408957407002097,0.0038242292196770909
2022-04-06,growth_adaptive,growth,adaptive,-0.013555624135700439,0,0.001,0,-0.013555624135700439,1.2287433310882818,1.2240746244476861,0.0038242292196770909
2022-04-07,growth_adaptive,growth,adaptive,0.0094633604217237988,0,0.001,0,0.0094633604217237988,1.2403713720961598,1.2356584838019207,0.0038242292196770909
2022-04-08,growth_adaptive,growth,adaptive,-0.0042346572483475953,0,0.001,0,-0.0042346572483475953,1.23511882447467,1.2304258936470067,0.0038242292196770909
2022-04-11,growth_adaptive,growth,adaptive,-0.029324171977847979,0,0.001,0,-0.029324171977847979,1.1988999876526973,1.1943446731357046,0.0038242292196770909
2022-04-12,growth_adaptive,growth,adaptive,0.002282068355264899,0,0.001,0,0.002282068355264899,1.2016359593756469,1.1970702493195469,0.0038242292196770909
2022-04-13,growth_adaptive,growth,adaptive,0.0076692646277769505,0,0.001,0,0.0076692646277769505,1.2108516235343514,1.2062508978396174,0.0038242292196770909
2022-04-14,growth_adaptive,growth,adaptive,-0.0072242652376022232,0,0.001,0,-0.0072242652376022232,1.202104110242558,1.1975366214105281,0.0038242292196770909
2022-04-18,growth_adaptive,growth,adaptive,-0.0019865179266264077,0,0.001,0,-0.0019865179266264077,1.1997161088778898,1.1951576934443044,0.0038242292196770909
2022-04-19,growth_adaptive,growth,adaptive,0.011994802899747636,0,0.001,0,0.011994802899747636,1.2141064671395323,1.2094933744112859,0.0038242292196770909
2022-04-20,growth_adaptive,growth,adaptive,-0.0034645411828380102,0,0.001,0,-0.0034645411828380102,1.2099001452837774,1.2053030348052682,0.0038242292196770909
2022-04-21,growth_adaptive,growth,adaptive,-0.0088344155082231701,0,0.001,0,-0.0088344155082231701,1.199211384676881,1.194654886982476,0.0038242292196770909
2022-04-22,growth_adaptive,growth,adaptive,-0.017177168139439591,0,0.001,0,-0.017177168139439591,1.1786123290875561,1.1741340991201747,0.0038242292196770909
2022-04-25,growth_adaptive,growth,adaptive,0.0040109342979406382,0,0.001,0,0.0040109342979406382,1.183339665702269,1.1788434738487175,0.0038242292196770909
2022-04-26,growth_adaptive,growth,adaptive,-0.02089785990325399,0,0.001,0,-0.02089785990325399,1.1586103991504595,1.1542081680843617,0.0038242292196770909
2022-04-27,growth_adaptive,growth,adaptive,0.0046959414148852741,0,0.001,0,0.0046959414148852741,1.164051165707547,1.159628262022268,0.0038242292196770909
2022-04-28,growth_adaptive,growth,adaptive,0.010156805134700964,0,0.001,0,0.010156805134700964,1.1758742065644601,1.1714063803083201,0.0038242292196770909
2022-04-29,growth_adaptive,growth,adaptive,-0.0331681706977216,0,0.001,0,-0.0331681706977216,1.1368726101620821,1.1325529735298536,0.0038242292196770909
2022-05-02,growth_adaptive,growth,adaptive,0.0012623293982603201,0.3295628951083272,0.001,0.00032956289510832724,0.00093276650315199286,1.1383077178799665,1.1336093810066075,0.0041537921147854181
2022-05-03,growth_adaptive,growth,adaptive,-0.00071775900124682046,0,0.001,0,-0.00071775900124682046,1.1374906872692694,1.1327957226694922,0.0041537921147854181
2022-05-04,growth_adaptive,growth,adaptive,0.04927515089323764,0,0.001,0,0.04927515089323764,1.1935407125241153,1.1886144028352457,0.0041537921147854181
2022-05-05,growth_adaptive,growth,adaptive,-0.040411209239544221,0,0.001,0,-0.040411209239544221,1.1453082890543886,1.1405810574971347,0.0041537921147854181
2022-05-06,growth_adaptive,growth,adaptive,-0.0009691074657459664,0,0.001,0,-0.0009691074657459664,1.1441983622408853,1.1394757118790257,0.0041537921147854181
2022-05-09,growth_adaptive,growth,adaptive,-0.050011133212015224,0,0.001,0,-0.050011133212015224,1.0869757055258868,1.0824892402603878,0.0041537921147854181
2022-05-10,growth_adaptive,growth,adaptive,0.0014750932224316671,0,0.001,0,0.0014750932224316671,1.088579096022056,1.0840860128020511,0.0041537921147854181
2022-05-11,growth_adaptive,growth,adaptive,-0.023229018916363975,0,0.001,0,-0.023229018916363975,1.0632924716086014,1.0589037583037066,0.0041537921147854181
2022-05-12,growth_adaptive,growth,adaptive,-0.0053307346429224411,0,0.001,0,-0.0053307346429224411,1.0576243415946389,1.0532590233557964,0.0041537921147854181
2022-05-13,growth_adaptive,growth,adaptive,0.024135978600493768,0,0.001,0,0.024135978600493768,1.0831511400707283,1.0786804606042888,0.0041537921147854181
2022-05-16,growth_adaptive,growth,adaptive,-0.0093158056596356342,0,0.001,0,-0.0093158056596356342,1.0730607145498166,1.0686316830644529,0.0041537921147854181
2022-05-17,growth_adaptive,growth,adaptive,0.020948372247849623,0,0.001,0,0.020948372247849623,1.0955395898427496,1.091017777357133,0.0041537921147854181
2022-05-18,growth_adaptive,growth,adaptive,-0.025279000001866003,0,0.001,0,-0.025279000001866003,1.0678454445490704,1.0634379389612862,0.0041537921147854181
2022-05-19,growth_adaptive,growth,adaptive,0.0081879633207253555,0,0.001,0,0.0081879633207253555,1.0765889238812418,1.0721453297993691,0.0041537921147854181
2022-05-20,growth_adaptive,growth,adaptive,-0.0053860951125156431,0,0.001,0,-0.0053860951125156431,1.0707903135401367,1.0663706530786301,0.0041537921147854181
2022-05-23,growth_adaptive,growth,adaptive,0.0037130765363775353,0,0.001,0,0.0037130765363775353,1.0747662399287228,1.070330168929658,0.0041537921147854181
2022-05-24,growth_adaptive,growth,adaptive,0.010944167669708182,0,0.001,0,0.010944167669708182,1.0865286618642445,1.0820440417603714,0.0041537921147854181
2022-05-25,growth_adaptive,growth,adaptive,0.0057522810595764806,0,0.001,0,0.0057522810595764806,1.0927786801065731,1.0882682632074172,0.0041537921147854181
2022-05-26,growth_adaptive,growth,adaptive,-0.005437252901274392,0,0.001,0,-0.005437252901274392,1.0868369660577128,1.0823510734359278,0.0041537921147854181
2022-05-27,growth_adaptive,growth,adaptive,0.0024491410837170768,0,0.001,0,0.0024491410837170768,1.0894987831225873,1.085001903916885,0.0041537921147854181
2022-05-31,growth_adaptive,growth,adaptive,-0.0023165190361703614,0,0.001,0,-0.0023165190361703614,1.0869749384515994,1.0824884763521805,0.0041537921147854181
2022-06-01,growth_adaptive,growth,adaptive,-0.016136476003218769,0.28871444182642803,0.001,0.00028871444182642801,-0.016425190445045198,1.0694349934411751,1.0647083969735291,0.0044425065566118457
2022-06-02,growth_adaptive,growth,adaptive,0.0089730209434750741,0,0.001,0,0.0089730209434750741,1.0790310560350078,1.0742620477182665,0.0044425065566118457
2022-06-03,growth_adaptive,growth,adaptive,-0.010717806814142028,0,0.001,0,-0.010717806814142028,1.067466209629965,1.0627483146230574,0.0044425065566118457
2022-06-06,growth_adaptive,growth,adaptive,0.0078071962786232518,0,0.001,0,0.0078071962786232518,1.0758001278493441,1.0710453993100957,0.0044425065566118457
2022-06-07,growth_adaptive,growth,adaptive,0.0061138978712778069,0,0.001,0,0.0061138978712778069,1.0823774599609226,1.0775936614969797,0.0044425065566118457
2022-06-08,growth_adaptive,growth,adaptive,-0.012966842639409171,0,0.001,0,-0.012966842639409171,1.068342441761166,1.0636206740591236,0.0044425065566118457
2022-06-09,growth_adaptive,growth,adaptive,-0.018620940470618352,0,0.001,0,-0.018620940470618352,1.0484489007508964,1.0438150568041498,0.0044425065566118457
2022-06-10,growth_adaptive,growth,adaptive,-0.024256311302364608,0,0.001,0,-0.024256311302364608,1.0230173978296606,1.0184959538442129,0.0044425065566118457
2022-06-13,growth_adaptive,growth,adaptive,-0.058596613284282562,0,0.001,0,-0.058596613284282562,0.96307204298594296,0.958815540305197,0.0044425065566118457
2022-06-14,growth_adaptive,growth,adaptive,-0.017953316252509177,0,0.001,0,-0.017953316252509177,0.94578170602426626,0.94160162168227735,0.0044425065566118457
2022-06-15,growth_adaptive,growth,adaptive,0.016010078164000019,0,0.001,0,0.016010078164000019,0.96092374506379608,0.95667673724475977,0.0044425065566118457
2022-06-16,growth_adaptive,growth,adaptive,-0.032620659887421577,0,0.001,0,-0.032620659887421577,0.92957777839832256,0.92546931077689032,0.0044425065566118457
2022-06-17,growth_adaptive,growth,adaptive,0.0067658046736021049,0,0.001,0,0.0067658046736021049,0.93586712007588657,0.93173085536501987,0.0044425065566118457
2022-06-21,growth_adaptive,growth,adaptive,0.016481877748478091,0,0.001,0,0.016481877748478091,0.95129196753779754,0.94708752941763108,0.0044425065566118457
2022-06-22,growth_adaptive,growth,adaptive,-0.0048600926310824466,0,0.001,0,-0.0048600926310824466,0.94666860045635914,0.94248459629491832,0.0044425065566118457
2022-06-23,growth_adaptive,growth,adaptive,0.019687704228612768,0,0.001,0,0.019687704228612768,0.96530633186465875,0.96103995426679623,0.0044425065566118457
2022-06-24,growth_adaptive,growth,adaptive,0.019574996549467372,0,0.001,0,0.019574996549467372,0.9842021999800884,0.97985230805546908,0.0044425065566118457
2022-06-27,growth_adaptive,growth,adaptive,-0.0042017727694307894,0,0.001,0,-0.0042017727694307894,0.98006680597659823,0.97573519130941766,0.0044425065566118457
2022-06-28,growth_adaptive,growth,adaptive,-0.016706112548414032,0,0.001,0,-0.016706112548414032,0.9636936996109885,0.95943444938595424,0.0044425065566118457
2022-06-29,growth_adaptive,growth,adaptive,-0.0010709342535831778,0,0.001,0,-0.0010709342535831778,0.96266164701811274,0.95840695817003907,0.0044425065566118457
2022-06-30,growth_adaptive,growth,adaptive,-0.0092403052000071817,0,0.001,0,-0.0092403052000071817,0.95376635959532374,0.94955098537073734,0.0044425065566118457
2022-07-01,growth_adaptive,growth,adaptive,0.010031518556862462,0.41301200571936247,0.001,0.00041301200571936247,0.0096185065511430988,0.96333408453051539,0.95868424774417027,0.0048555185623312081
2022-07-05,growth_adaptive,growth,adaptive,-0.0015088351678538281,0,0.001,0,-0.0015088351678538281,0.96188057218538348,0.95723775123630639,0.0048555185623312081
2022-07-06,growth_adaptive,growth,adaptive,0.003544637998285971,0,0.001,0,0.003544637998285971,0.96529009061136484,0.96063081254273242,0.0048555185623312081
2022-07-07,growth_adaptive,growth,adaptive,0.0078390038149129815,0,0.001,0,0.0078390038149129815,0.97285700331416503,0.9681612011469779,0.0048555185623312081
2022-07-08,growth_adaptive,growth,adaptive,-0.0021488009047200274,0,0.001,0,-0.0021488009047200274,0.97076652730528035,0.9660808154820385,0.0048555185623312081
2022-07-11,growth_adaptive,growth,adaptive,-0.0086561442388292109,0,0.001,0,-0.0086561442388292109,0.96236343222269849,0.95771828059686026,0.0048555185623312081
2022-07-12,growth_adaptive,growth,adaptive,-0.0078294713597439891,0,0.001,0,-0.0078294713597439891,0.95482863529244599,0.95021985274822385,0.0048555185623312081
2022-07-13,growth_adaptive,growth,adaptive,0.0047798529770699538,0,0.001,0,0.0047798529770699538,0.95939257578744019,0.95476176394025347,0.0048555185623312081
2022-07-14,growth_adaptive,growth,adaptive,0.0028465684870178087,0,0.001,0,0.0028465684870178087,0.96212355246035552,0.95747955869009538,0.0048555185623312081
2022-07-15,growth_adaptive,growth,adaptive,0.011555408686146906,0,0.001,0,0.011555408686146906,0.97324128331560245,0.96854362629939106,0.0048555185623312081
2022-07-18,growth_adaptive,growth,adaptive,0.0047085888950058052,0,0.001,0,0.0047085888950058052,0.97782387641438351,0.97310410006251302,0.0048555185623312081
2022-07-19,growth_adaptive,growth,adaptive,0.01484810195060926,0,0.001,0,0.01484810195060926,0.99234270502112421,0.98755284894879714,0.0048555185623312081
2022-07-20,growth_adaptive,growth,adaptive,-0.0072957017779892164,0,0.001,0,-0.0072957017779892164,0.98510286858372698,0.98034795787286311,0.0048555185623312081
2022-07-21,growth_adaptive,growth,adaptive,0.0064823253795651681,0,0.001,0,0.0064823253795651681,0.99148862591022968,0.98670289232098729,0.0048555185623312081
2022-07-22,growth_adaptive,growth,adaptive,-0.0033146122710143722,0,0.001,0,-0.0033146122710143722,0.98820222554421644,0.98343235480625479,0.0048555185623312081
2022-07-25,growth_adaptive,growth,adaptive,-0.010231738412330826,0,0.001,0,-0.010231738412330826,0.9780911988739649,0.97337013220565471,0.0048555185623312081
2022-07-26,growth_adaptive,growth,adaptive,-0.0025233746563212422,0,0.001,0,-0.0025233746563212422,0.97562310833115551,0.97091395468282693,0.0048555185623312081
2022-07-27,growth_adaptive,growth,adaptive,0.014665826753641698,0,0.001,0,0.014665826753641698,0.9899314278147896,0.98515321053489835,0.0048555185623312081
2022-07-28,growth_adaptive,growth,adaptive,0.012888789527661704,0,0.001,0,0.012888789527661704,1.0026904456347121,0.99785064291798287,0.0048555185623312081
2022-07-29,growth_adaptive,growth,adaptive,0.0025945800621136605,0,0.001,0,0.0025945800621136605,1.0052920062734279,1.0004396463010652,0.0048555185623312081
2022-08-01,growth_adaptive,growth,adaptive,-0.0043906554661825581,0.054762957887050698,0.001,5.47629578870507e-05,-0.0044454184240696089,1.0008781154309738,0.99599227346522867,0.0049102815202182589
2022-08-02,growth_adaptive,growth,adaptive,-0.0088736839976436555,0,0.001,0,-0.0088736839976436555,0.99199663931448223,0.9871541527664035,0.0049102815202182589
2022-08-03,growth_adaptive,growth,adaptive,0.012741820340207433,0,0.001,0,0.012741820340207433,1.004636482270717,0.9997322936290427,0.0049102815202182589
2022-08-04,growth_adaptive,growth,adaptive,-0.0040257717436079643,0,0.001,0,-0.0040257717436079643,1.0005920451077939,0.99570759961017852,0.0049102815202182589
2022-08-05,growth_adaptive,growth,adaptive,0.0018299968475956607,0,0.001,0,0.0018299968475956607,1.0024231253960705,0.99752974137859218,0.0049102815202182589
2022-08-08,growth_adaptive,growth,adaptive,0.0073171873720205838,0,0.001,0,0.0073171873720205838,1.0097580432306401,1.0048288534054226,0.0049102815202182589
2022-08-09,growth_adaptive,growth,adaptive,-0.0052941085390487697,0,0.001,0,-0.0052941085390487697,1.0044122745515995,0.99950918039232639,0.0049102815202182589
2022-08-10,growth_adaptive,growth,adaptive,0.018221754364428744,0,0.001,0,0.018221754364428744,1.0227144282990959,1.0177219911624269,0.0049102815202182589
2022-08-11,growth_adaptive,growth,adaptive,-0.0019800499055128151,0,0.001,0,-0.0019800499055128151,1.0206894026919757,1.0157068508299874,0.0049102815202182589
2022-08-12,growth_adaptive,growth,adaptive,0.014465143525205226,0,0.001,0,0.014465143525205226,1.0354538213965712,1.0303991962067773,0.0049102815202182589
2022-08-15,growth_adaptive,growth,adaptive,0.0096613401253571318,0,0.001,0,0.0096613401253571318,1.0454576929491843,1.0403542333062257,0.0049102815202182589
2022-08-16,growth_adaptive,growth,adaptive,0.0085377633580625556,0,0.001,0,0.0085377633580625556,1.0543835633324505,1.0492365315587528,0.0049102815202182589
2022-08-17,growth_adaptive,growth,adaptive,-0.007443252555011215,0,0.001,0,-0.007443252555011215,1.0465355201807145,1.041426799064417,0.0049102815202182589
2022-08-18,growth_adaptive,growth,adaptive,-0.0052288528811480495,0,0.001,0,-0.0052288528811480495,1.0410633399107938,1.0359813315456243,0.0049102815202182589
2022-08-19,growth_adaptive,growth,adaptive,-0.020585459486662017,0,0.001,0,-0.020585459486662017,1.0196325727040112,1.0146551798161536,0.0049102815202182589
2022-08-22,growth_adaptive,growth,adaptive,-0.012934213108916848,0,0.001,0,-0.012934213108916848,1.0064444277158644,1.0015314134883451,0.0049102815202182589
2022-08-23,growth_adaptive,growth,adaptive,-0.003106315428881179,0,0.001,0,-0.003106315428881179,1.0033180938617392,0.9984203410061171,0.0049102815202182589
2022-08-24,growth_adaptive,growth,adaptive,-0.00085320231015162395,0,0.001,0,-0.00085320231015162395,1.0024620605462395,0.99756848646466834,0.0049102815202182589
2022-08-25,growth_adaptive,growth,adaptive,0.0075191301072770056,0,0.001,0,0.0075191301072770056,1.0099997032070958,1.0050693337053156,0.0049102815202182589
2022-08-26,growth_adaptive,growth,adaptive,-0.021837271224192989,0,0.001,0,-0.021837271224192989,0.98794406575180793,0.9831213620660737,0.0049102815202182589
2022-08-29,growth_adaptive,growth,adaptive,0.0030359222928482144,0,0.001,0,0.0030359222928482144,0.99094338716511099,0.98610604212574537,0.0049102815202182589
2022-08-30,growth_adaptive,growth,adaptive,-0.0089972357544819692,0,0.001,0,-0.0089972357544819692,0.9820276358914416,0.97723381358582095,0.0049102815202182589
2022-08-31,growth_adaptive,growth,adaptive,-0.00045206521922602771,0,0.001,0,-0.00045206521922602771,0.98158369535293633,0.9767920401676472,0.0049102815202182589
2022-09-01,growth_adaptive,growth,adaptive,0.012296282411242476,0.17677714416201409,0.001,0.00017677714416201409,0.012119505267080463,0.99365352568126708,0.98863027644330115,0.0050870586643802732
2022-09-02,growth_adaptive,growth,adaptive,-0.0095620955822536269,0,0.001,0,-0.0095620955822536269,0.98415211569305949,0.97917689924444051,0.0050870586643802732
2022-09-06,growth_adaptive,growth,adaptive,-0.011705357298719576,0,0.001,0,-0.011705357298719576,0.97263226354258148,0.96771528378013205,0.0050870586643802732
2022-09-07,growth_adaptive,growth,adaptive,0.019680184739764073,0,0.001,0,0.019680184739764073,0.99177384617295439,0.98676009934041831,0.0050870586643802732
2022-09-08,growth_adaptive,growth,adaptive,0.0036935456969036107,0,0.001,0,0.0036935456969036107,0.99543700819478809,0.99040474285921332,0.0050870586643802732
2022-09-09,growth_adaptive,growth,adaptive,0.021723487178164191,0,0.001,0,0.021723487178164191,1.0170613712789778,1.0119197875919084,0.0050870586643802732
2022-09-12,growth_adaptive,growth,adaptive,0.0086013747790179007,0,0.001,0,0.0086013747790179007,1.0258094973066101,1.0206236889312905,0.0050870586643802732
2022-09-13,growth_adaptive,growth,adaptive,-0.040343558351913167,0,0.001,0,-0.040343558351913167,0.98442469199407412,0.97944809758154616,0.0050870586643802732
2022-09-14,growth_adaptive,growth,adaptive,0.010236313005969055,0,0.001,0,0.010236313005969055,0.99450157127213012,0.98947403488149177,0.0050870586643802732
2022-09-15,growth_adaptive,growth,adaptive,-0.01772186258188202,0,0.001,0,-0.01772186258188202,0.97687715108857964,0.97193871200698168,0.0050870586643802732
2022-09-16,growth_adaptive,growth,adaptive,0.0056212093593503987,0,0.001,0,0.0056212093593503987,0.98236838207321431,0.97740218299163029,0.0050870586643802732
2022-09-19,growth_adaptive,growth,adaptive,0.009964648655671704,0,0.001,0,0.009964648655671704,0.99215733785101456,0.98714165234042839,0.0050870586643802732
2022-09-20,growth_adaptive,growth,adaptive,-0.0092763457296659579,0,0.001,0,-0.0092763457296659579,0.98295374336688357,0.97798458508916486,0.0050870586643802732
2022-09-21,growth_adaptive,growth,adaptive,-0.020139670701113555,0,0.001,0,-0.020139670701113555,0.96315737866104767,0.95828829759470391,0.0050870586643802732
2022-09-22,growth_adaptive,growth,adaptive,0.024345296790936111,0,0.001,0,0.024345296790936111,0.98660573090093096,0.98161811061092785,0.0050870586643802732
2022-09-23,growth_adaptive,growth,adaptive,-0.009973564103080812,0,0.001,0,-0.009973564103080812,0.97676575539932364,0.97182787946000471,0.0050870586643802732
2022-09-26,growth_adaptive,growth,adaptive,-0.010430610717362399,0,0.001,0,-0.010430610717362399,0.96657749204270282,0.9616911211650776,0.0050870586643802732
2022-09-27,growth_adaptive,growth,adaptive,-0.0075869387760444384,0,0.001,0,-0.0075869387760444384,0.95924412778827228,0.95439482950733268,0.0050870586643802732
2022-09-28,growth_adaptive,growth,adaptive,0.016385027118992701,0,0.001,0,0.016385027118992701,0.97496136883581763,0.97003261467103674,0.0050870586643802732
2022-09-29,growth_adaptive,growth,adaptive,-0.0032156260878315468,0,0.001,0,-0.0032156260878315468,0.97182625762356123,0.96691335248925314,0.0050870586643802732
2022-09-30,growth_adaptive,growth,adaptive,-0.012336394184612964,0,0.001,0,-0.012336394184612964,0.95983742583055975,0.95498512823058013,0.0050870586643802732
2022-10-03,growth_adaptive,growth,adaptive,0.024602804358103247,0.36099404034114507,0.001,0.00036099404034114509,0.024241810317762104,0.98345211823385448,0.97813569656542965,0.0054480527047214185
2022-10-04,growth_adaptive,growth,adaptive,0.020682452271037377,0,0.001,0,0.020682452271037377,1.0037923197300769,0.99836594142424206,0.0054480527047214185
2022-10-05,growth_adaptive,growth,adaptive,-0.0008695814588316475,0,0.001,0,-0.0008695814588316475,1.0029194405403219,0.99749778091245056,0.0054480527047214185
2022-10-06,growth_adaptive,growth,adaptive,-0.0032966827041728264,0,0.001,0,-0.0032966827041728264,0.99961313336701396,0.99420934723066567,0.0054480527047214185
2022-10-07,growth_adaptive,growth,adaptive,-0.010820650849745594,0,0.001,0,-0.010820650849745594,0.98879666866602933,0.98345135501272918,0.0054480527047214185
2022-10-10,growth_adaptive,growth,adaptive,-0.0021616452283016452,0,0.001,0,-0.0021616452283016452,0.98665924106544689,0.98132548208389914,0.0054480527047214185
2022-10-11,growth_adaptive,growth,adaptive,0.0058066343925144981,0,0.001,0,0.0058066343925144981,0.99238841054830973,0.98702368037841837,0.0054480527047214185
2022-10-12,growth_adaptive,growth,adaptive,-0.00057625261507476822,0,0.001,0,-0.00057625261507476822,0.9918165441315614,0.98645490540145953,0.0054480527047214185
2022-10-13,growth_adaptive,growth,adaptive,0.012986331119863248,0,0.001,0,0.012986331119863248,1.0046966021838124,0.99926533543781626,0.0054480527047214185
2022-10-14,growth_adaptive,growth,adaptive,-0.0050039837778578233,0,0.001,0,-0.0050039837778578233,0.99966911668481573,0.99426502790950977,0.0054480527047214185
2022-10-17,growth_adaptive,growth,adaptive,0.011907558627149983,0,0.001,0,0.011907558627149983,1.0115727352994914,1.0061042970202672,0.0054480527047214185
2022-10-18,growth_adaptive,growth,adaptive,0.0037086325681356946,0,0.001,0,0.0037086325681356946,1.0153242868906613,1.0098355681831377,0.0054480527047214185
2022-10-19,growth_adaptive,growth,adaptive,-0.011216406141395407,0,0.001,0,-0.011216406141395407,1.003935997323673,0.99850884231436887,0.0054480527047214185
2022-10-20,growth_adaptive,growth,adaptive,0.0028321969769113942,0,0.001,0,0.0028321969769113942,1.0067793418203057,1.0013368160389908,0.0054480527047214185
2022-10-21,growth_adaptive,growth,adaptive,0.019300833603853818,0,0.001,0,0.019300833603853818,1.0262110223725769,1.0206634513067723,0.0054480527047214185
2022-10-24,growth_adaptive,growth,adaptive,0.0078408645326748516,0,0.001,0,0.0078408645326748516,1.034257403980938,1.028666335161921,0.0054480527047214185
2022-10-25,growth_adaptive,growth,adaptive,0.011772117956603489,0,0.001,0,0.011772117956603489,1.0464328041380921,1.0407759165974342,0.0054480527047214185
2022-10-26,growth_adaptive,growth,adaptive,0.016579868085335514,0,0.001,0,0.016579868085335514,1.0637825219908694,1.0580318440010137,0.0054480527047214185
2022-10-27,growth_adaptive,growth,adaptive,-0.0033933534922899744,0,0.001,0,-0.0033933534922899744,1.0601727318548346,1.0544415679482189,0.0054480527047214185
2022-10-28,growth_adaptive,growth,adaptive,0.016500575212208046,0,0.001,0,0.016500575212208046,1.0776661917547374,1.0718404603470271,0.0054480527047214185
2022-10-31,growth_adaptive,growth,adaptive,-0.0071030542422846343,0,0.001,0,-0.0071030542422846343,1.0700114703396273,1.0642271194181068,0.0054480527047214185
2022-11-01,growth_adaptive,growth,adaptive,-0.0022934005163576243,0.14742119086935779,0.001,0.00014742119086935779,-0.002440821707226982,1.0675575054810418,1.0616295307636114,0.0055954738955907761
2022-11-02,growth_adaptive,growth,adaptive,-0.015453144414447006,0,0.001,0,-0.015453144414447006,1.0510603851781164,1.0452240163100797,0.0055954738955907761
2022-11-03,growth_adaptive,growth,adaptive,-0.0049265251618220152,0,0.001,0,-0.0049265251618220152,1.045882309743942,1.0400746938939873,0.0055954738955907761
2022-11-04,growth_adaptive,growth,adaptive,0.031856623308953225,0,0.001,0,0.031856623308953225,1.0792005885109528,1.073207961630543,0.0055954738955907761
2022-11-07,growth_adaptive,growth,adaptive,0.0088995556650957042,0,0.001,0,0.0088995556650957042,1.08880499422221,1.0827590356252978,0.0055954738955907761
2022-11-08,growth_adaptive,growth,adaptive,-0.016224384465028385,0,0.001,0,-0.016224384465028385,1.0711398033885058,1.0651919367483296,0.0055954738955907761
2022-11-09,growth_adaptive,growth,adaptive,-0.042683163700400373,0,0.001,0,-0.042683163700400373,1.0254201678144594,1.0197261749397541,0.0055954738955907761
2022-11-10,growth_adaptive,growth,adaptive,0.048051242724560073,0,0.001,0,0.048051242724560073,1.0746928811927712,1.0687252848843716,0.0055954738955907761
2022-11-11,growth_adaptive,growth,adaptive,-0.010614483823895626,0,0.001,0,-0.010614483823895626,1.0632855709896947,1.0573813176357783,0.0055954738955907761
2022-11-14,growth_adaptive,growth,adaptive,0.0063857977706724967,0,0.001,0,0.0063857977706724967,1.070075497618509,1.0641335408966877,0.0055954738955907761
2022-11-15,growth_adaptive,growth,adaptive,0.0048789399079181006,0,0.001,0,0.0048789399079181006,1.0752963316683253,1.0693253844967228,0.0055954738955907761
2022-11-16,growth_adaptive,growth,adaptive,-0.0045196062120975711,0,0.001,0,-0.0045196062120975711,1.0704364156878714,1.0644924548461978,0.0055954738955907761
2022-11-17,growth_adaptive,growth,adaptive,0.0034801588868016431,0,0.001,0,0.0034801588868016431,1.0741617044926837,1.0681970577228641,0.0055954738955907761
2022-11-18,growth_adaptive,growth,adaptive,0.00718935385818531,0,0.001,0,0.00718935385818531,1.0818842330871929,1.0758767043611062,0.0055954738955907761
2022-11-21,growth_adaptive,growth,adaptive,7.6064636806316699e-05,0,0.001,0,7.6064636806316699e-05,1.0819665262184492,1.0759585405318717,0.0055954738955907761
2022-11-22,growth_adaptive,growth,adaptive,0.011606317536356769,0,0.001,0,0.011606317536356769,1.0945241732854494,1.0884464570092396,0.0055954738955907761
2022-11-23,growth_adaptive,growth,adaptive,0.0057261630998366453,0,0.001,0,0.0057261630998366453,1.1007915972183957,1.0946790789475138,0.0055954738955907761
2022-11-25,growth_adaptive,growth,adaptive,-2.3158491721964047e-05,0,0.001,0,-2.3158491721964047e-05,1.1007661045453039,1.0946537278311259,0.0055954738955907761
2022-11-28,growth_adaptive,growth,adaptive,-0.0099122893983474292,0,0.001,0,-0.0099122893983474292,1.0898549923571592,1.0838032032898839,0.0055954738955907761
2022-11-29,growth_adaptive,growth,adaptive,0.006868543619803269,0,0.001,0,0.006868543619803269,1.0973407089114247,1.0912473528669631,0.0055954738955907761
2022-11-30,growth_adaptive,growth,adaptive,0.023328274658269255,0,0.001,0,0.023328274658269255,1.1229397743626102,1.1167042708347528,0.0055954738955907761
2022-12-01,growth_adaptive,growth,adaptive,-0.0037422393283628175,0.27495959465755981,0.001,0.00027495959465755981,-0.0040171989230203776,1.1187374649756074,1.1122182476406233,0.0058704334902483363
2022-12-02,growth_adaptive,growth,adaptive,0.0032523531649470971,0,0.001,0,0.0032523531649470971,1.1223759943105658,1.1158355741784491,0.0058704334902483363
2022-12-05,growth_adaptive,growth,adaptive,-0.0081923791166236271,0,0.001,0,-0.0081923791166236271,1.1131810646537763,1.106694226122964,0.0058704334902483363
2022-12-06,growth_adaptive,growth,adaptive,-0.0056347925681068389,0,0.001,0,-0.0056347925681068389,1.1069085202637079,1.1004582337224396,0.0058704334902483363
2022-12-07,growth_adaptive,growth,adaptive,-0.00072208369179083132,0,0.001,0,-0.00072208369179083132,1.1061092396729211,1.0996636107783717,0.0058704334902483363
2022-12-08,growth_adaptive,growth,adaptive,0.0070006126585389072,0,0.001,0,0.0070006126585389072,1.1138526820179022,1.1073619297721213,0.0058704334902483363
2022-12-09,growth_adaptive,growth,adaptive,-0.01353217804127238,0,0.001,0,-0.01353217804127238,1.0987798292130873,1.092376910982318,0.0058704334902483363
2022-12-12,growth_adaptive,growth,adaptive,0.0043361568487523261,0,0.001,0,0.0043361568487523261,1.1035443108948004,1.097113628606293,0.0058704334902483363
2022-12-13,growth_adaptive,growth,adaptive,0.0058583570378523131,0,0.001,0,0.0058583570378523131,1.110009267475113,1.1035409119537625,0.0058704334902483363
2022-12-14,growth_adaptive,growth,adaptive,-0.0022931368893603921,0,0.001,0,-0.0022931368893603921,1.1074638642763339,1.1010103415796428,0.0058704334902483363
2022-12-15,growth_adaptive,growth,adaptive,-0.016550285750845606,0,0.001,0,-0.016550285750845606,1.0891350208638249,1.0827883058118637,0.0058704334902483363
2022-12-16,growth_adaptive,growth,adaptive,-0.020479342535938749,0,0.001,0,-0.020479342535938749,1.0668302517036679,1.0606135132032337,0.0058704334902483363
2022-12-19,growth_adaptive,growth,adaptive,-0.0082125816016331843,0,0.001,0,-0.0082125816016331843,1.0580688212064606,1.0519031381782573,0.0058704334902483363
2022-12-20,growth_adaptive,growth,adaptive,0.0072296057435068395,0,0.001,0,0.0072296057435068395,1.0657182416332804,1.0595079831476437,0.0058704334902483363
2022-12-21,growth_adaptive,growth,adaptive,0.0070952318254289271,0,0.001,0,0.0070952318254289271,1.0732797596182571,1.067025437908969,0.0058704334902483363
2022-12-22,growth_adaptive,growth,adaptive,-0.0017142289727539728,0,0.001,0,-0.0017142289727539728,1.071439912358449,1.0651963119886398,0.0058704334902483363
2022-12-23,growth_adaptive,growth,adaptive,0.0029669526400601942,0,0.001,0,0.0029669526400601942,1.0746188238350869,1.068356698998677,0.0058704334902483363
2022-12-27,growth_adaptive,growth,adaptive,-0.00096757035597416774,0,0.001,0,-0.00096757035597416774,1.0735790545171722,1.0673229887271194,0.0058704334902483363
2022-12-28,growth_adaptive,growth,adaptive,-0.013241466424436799,0,0.001,0,-0.013241466424436799,1.0593632935128043,1.0531900672078598,0.0058704334902483363
2022-12-29,growth_adaptive,growth,adaptive,0.0039449782573814929,0,0.001,0,0.0039449782573814929,1.0635424586723805,1.0573448791238849,0.0058704334902483363
2022-12-30,growth_adaptive,growth,adaptive,-0.00032858208765140784,0,0.001,0,-0.00032858208765140784,1.0631929976710039,1.0569974545361349,0.0058704334902483363
2023-01-03,growth_adaptive,growth,adaptive,-0.0012155507750172267,0.2181227689988024,0.001,0.00021812276899880239,-0.0014336735440160292,1.0619006325986922,1.0554820652494741,0.0060885562592471387
2023-01-04,growth_adaptive,growth,adaptive,0.0084900000642749163,0,0.001,0,0.0084900000642749163,1.0709161690377087,1.0644431080512831,0.0060885562592471387
2023-01-05,growth_adaptive,growth,adaptive,-0.0021965433188614325,0,0.001,0,-0.0021965433188614325,1.0685638552815482,1.0621050126539848,0.0060885562592471387
2023-01-06,growth_adaptive,growth,adaptive,0.014350028229780598,0,0.001,0,0.014350028229780598,1.0838977767701616,1.0773462495685611,0.0060885562592471387
2023-01-09,growth_adaptive,growth,adaptive,-0.0077413986794604428,0,0.001,0,-0.0077413986794604428,1.0755068919524029,1.0690060827348293,0.0060885562592471387
2023-01-10,growth_adaptive,growth,adaptive,0.0020756559913333028,0,0.001,0,0.0020756559913333028,1.0777392742764043,1.0712249716152296,0.0060885562592471387
2023-01-11,growth_adaptive,growth,adaptive,0.012449723021244363,0,0.001,0,0.012449723021244363,1.0911568297302623,1.0845614258052796,0.0060885562592471387
2023-01-12,growth_adaptive,growth,adaptive,0.0038499748462825778,0,0.001,0,0.0038499748462825778,1.0953577560780732,1.0887369600138783,0.0060885562592471387
2023-01-13,growth_adaptive,growth,adaptive,0.0078733820752232564,0,0.001,0,0.0078733820752232564,1.1039819262007351,1.0973090020794847,0.0060885562592471387
2023-01-17,growth_adaptive,growth,adaptive,-0.0054291188119461875,0,0.001,0,-0.0054291188119461875,1.0979882771571501,1.0913515811337771,0.0060885562592471387
2023-01-18,growth_adaptive,growth,adaptive,-0.020753549219411194,0,0.001,0,-0.020753549219411194,1.0752011234048326,1.0687021623790349,0.0060885562592471387
2023-01-19,growth_adaptive,growth,adaptive,0.0026302545296779112,0,0.001,0,0.0026302545296779112,1.0780291760299829,1.0715131210825091,0.0060885562592471387
2023-01-20,growth_adaptive,growth,adaptive,0.019708134893138052,0,0.001,0,0.019708134893138052,1.0992751204499203,1.0926306462125706,0.0060885562592471387
2023-01-23,growth_adaptive,growth,adaptive,0.0078302831439707177,0,0.001,0,0.0078302831439707177,1.1078827558961657,1.1011862535441947,0.0060885562592471387
2023-01-24,growth_adaptive,growth,adaptive,-0.010048321664965609,0,0.001,0,-0.010048321664965609,1.0967503935978524,1.0901211798555444,0.0060885562592471387
2023-01-25,growth_adaptive,growth,adaptive,0.0037334969865807643,0,0.001,0,0.0037334969865807643,1.1008451078873813,1.094191143995543,0.0060885562592471387
2023-01-26,growth_adaptive,growth,adaptive,-0.00047325573288403699,0,0.001,0,-0.00047325573288403699,1.1003241266290562,1.093673311763776,0.0060885562592471387
2023-01-27,growth_adaptive,growth,adaptive,-0.0012827769936636368,0,0.001,0,-0.0012827769936636368,1.0989126561538434,1.0922703728008616,0.0060885562592471387
2023-01-30,growth_adaptive,growth,adaptive,-0.011799340471604802,0,0.001,0,-0.011799340471604802,1.0859462115753287,1.0793823027851375,0.0060885562592471387
2023-01-31,growth_adaptive,growth,adaptive,0.010222020814048882,0,0.001,0,0.010222020814048882,1.0970467763529892,1.0904157711505231,0.0060885562592471387
2023-02-01,growth_adaptive,growth,adaptive,-0.011256320175141554,0.15108156597803421,0.001,0.0001510815659780342,-0.011407401741119589,1.0846980665912531,1.0779769603841565,0.0062396378252251722
2023-02-02,growth_adaptive,growth,adaptive,-0.011085769015202418,0,0.001,0,-0.011085769015202418,1.0726733543737859,1.0660267567976276,0.0062396378252251722
2023-02-03,growth_adaptive,growth,adaptive,-0.0043465485334359677,0,0.001,0,-0.0043465485334359677,1.0680109275784766,1.0613932197612654,0.0062396378252251722
2023-02-06,growth_adaptive,growth,adaptive,-0.0041498134105459883,0,0.001,0,-0.0041498134105459883,1.0635788815086018,1.0569886359440375,0.0062396378252251722
2023-02-07,growth_adaptive,growth,adaptive,0.014685855665063974,0,0.001,0,0.014685855665063974,1.0791984474508474,1.0725114184911244,0.0062396378252251722
2023-02-08,growth_adaptive,growth,adaptive,-0.0068862359198471612,0,0.001,0,-0.0068862359198471612,1.0717668323373681,1.0651258518366646,0.0062396378252251722
2023-02-09,growth_adaptive,growth,adaptive,-0.01666431119349121,0,0.001,0,-0.01666431119349121,1.0539065763164359,1.0473762631814261,0.0062396378252251722
2023-02-10,growth_adaptive,growth,adaptive,0.011283118713441898,0,0.001,0,0.011283118713441898,1.0657979293298914,1.0591939338965433,0.0062396378252251722
2023-02-13,growth_adaptive,growth,adaptive,0.0056295121636982248,0,0.001,0,0.0056295121636982248,1.0717978517370983,1.0651566790311293,0.0062396378252251722
2023-02-14,growth_adaptive,growth,adaptive,-0.00036857561263159422,0,0.001,0,-0.00036857561263159422,1.071402813187277,1.0647640882556069,0.0062396378252251722
2023-02-15,growth_adaptive,growth,adaptive,0.016998781247782313,0,0.001,0,0.016998781247782313,1.0896153552369061,1.0828637800723584,0.0062396378252251722
2023-02-16,growth_adaptive,growth,adaptive,-0.019632859427381799,0,0.001,0,-0.019632859427381799,1.0682230901376233,1.0616040676991945,0.0062396378252251722
2023-02-17,growth_adaptive,growth,adaptive,0.017705685243479152,0,0.001,0,0.017705685243479152,1.0871367119414168,1.0804004951750736,0.0062396378252251722
2023-02-21,growth_adaptive,growth,adaptive,-0.0078306813900840266,0,0.001,0,-0.0078306813900840266,1.07862369072274,1.0719402231236685,0.0062396378252251722
2023-02-22,growth_adaptive,growth,adaptive,-0.0042472410047755815,0,0.001,0,-0.0042472410047755815,1.07404251595478,1.0673874346533494,0.0062396378252251722
2023-02-23,growth_adaptive,growth,adaptive,-7.2200649018028251e-05,0,0.001,0,-7.2200649018028251e-05,1.0739649693880551,1.0673103685878138,0.0062396378252251722
2023-02-24,growth_adaptive,growth,adaptive,-0.013263522370358771,0,0.001,0,-0.013263522370358771,1.059720410991595,1.0531540736379335,0.0062396378252251722
2023-02-27,growth_adaptive,growth,adaptive,-0.00063974024755042436,0,0.001,0,-0.00063974024755042436,1.0590424651935331,1.0524803285901556,0.0062396378252251722
2023-02-28,growth_adaptive,growth,adaptive,-0.010014268836559648,0,0.001,0,-0.010014268836559648,1.0484369292377522,1.0419405076344632,0.0062396378252251722
2023-03-01,growth_adaptive,growth,adaptive,0.0060044617609094075,0.20423466922344491,0.001,0.00020423466922344491,0.0058002270916859625,1.0547322286880856,1.0479839991947697,0.0064438724944486173
2023-03-02,growth_adaptive,growth,adaptive,0.00013251998019914168,0,0.001,0,0.00013251998019914168,1.0548720017821467,1.0481228780135921,0.0064438724944486173
2023-03-03,growth_adaptive,growth,adaptive,-0.0048141678565067902,0,0.001,0,-0.0048141678565067902,1.0497936708984381,1.0430770385445896,0.0064438724944486173
2023-03-06,growth_adaptive,growth,adaptive,0.0051992836133076814,0,0.001,0,0.0051992836133076814,1.0552518459288944,1.048500291898512,0.0064438724944486173
2023-03-07,growth_adaptive,growth,adaptive,-0.010254467855045579,0,0.001,0,-0.010254467855045579,1.0444307997958391,1.0377484793592329,0.0064438724944486173
2023-03-08,growth_adaptive,growth,adaptive,-0.0066908331103168184,0,0.001,0,-0.0066908331103168184,1.0374426876191305,1.0308050774733553,0.0064438724944486173
2023-03-09,growth_adaptive,growth,adaptive,-0.026666149897090041,0,0.001,0,-0.026666149897090041,1.0097780854014389,1.0033174747627693,0.0064438724944486173
2023-03-10,growth_adaptive,growth,adaptive,-0.0084712765762181563,0,0.001,0,-0.0084712765762181563,1.0012239759593993,0.99481809494030116,0.0064438724944486173
2023-03-13,growth_adaptive,growth,adaptive,0.018509236929192374,0,0.001,0,0.018509236929192374,1.0197558677496199,1.013231418760999,0.0064438724944486173
2023-03-14,growth_adaptive,growth,adaptive,0.0095284953123329075,0,0.001,0,0.0095284953123329075,1.029472606755196,1.0228859895849716,0.0064438724944486173
2023-03-15,growth_adaptive,growth,adaptive,-0.0071807143760763692,0,0.001,0,-0.0071807143760763692,1.0220802580080921,1.0155409374544717,0.0064438724944486173
2023-03-16,growth_adaptive,growth,adaptive,0.0037472541787939573,0,0.001,0,0.0037472541787939573,1.0259102525259758,1.0193464274760844,0.0064438724944486173
2023-03-17,growth_adaptive,growth,adaptive,0.0060014508414907297,0,0.001,0,0.0060014508414907297,1.0320672024742918,1.0254639849510314,0.0064438724944486173
2023-03-20,growth_adaptive,growth,adaptive,0.0011284482762765613,0,0.001,0,0.0011284482762765613,1.0332318369299256,1.026621168017233,0.0064438724944486173
2023-03-21,growth_adaptive,growth,adaptive,0.022112265943597498,0,0.001,0,0.022112265943597498,1.0560789340895118,1.0493220883077568,0.0064438724944486173
2023-03-22,growth_adaptive,growth,adaptive,-0.026232179853444393,0,0.001,0,-0.026232179853444393,1.0283756815510419,1.0217960825630759,0.0064438724944486173
2023-03-23,growth_adaptive,growth,adaptive,0.018860365404889556,0,0.001,0,0.018860365404889556,1.0477712226785969,1.0410675300495003,0.0064438724944486173
2023-03-24,growth_adaptive,growth,adaptive,0.0045124836800960466,0,0.001,0,0.0045124836800960466,1.0524992732214085,1.0457653302887264,0.0064438724944486173
2023-03-27,growth_adaptive,growth,adaptive,0.0026577515072396807,0,0.001,0,0.0026577515072396807,1.0552965547511812,1.0485447146715203,0.0064438724944486173
2023-03-28,growth_adaptive,growth,adaptive,0.0088519741003476593,0,0.001,0,0.0088519741003476593,1.0646380125220247,1.0578264053288491,0.0064438724944486173
2023-03-29,growth_adaptive,growth,adaptive,0.015371227240396079,0,0.001,0,0.015371227240396079,1.0810028053412644,1.0740864953860501,0.0064438724944486173
2023-03-30,growth_adaptive,growth,adaptive,0.0035734312726880546,0,0.001,0,0.0035734312726880546,1.0848656945717343,1.0779246696582345,0.0064438724944486173
2023-03-31,growth_adaptive,growth,adaptive,0.01136558954018696,0,0.001,0,0.01136558954018696,1.0971958327624665,1.0901759190088116,0.0064438724944486173
2023-04-03,growth_adaptive,growth,adaptive,0.0042727822671240201,0.13560830993175829,0.001,0.0001356083099317583,0.0041371739571922621,1.1018839116602563,1.094686166429693,0.0065794808043803761
2023-04-04,growth_adaptive,growth,adaptive,0.0073521024079510333,0,0.001,0,0.0073521024079510333,1.1099850750204563,1.1027344112298514,0.0065794808043803761
2023-04-05,growth_adaptive,growth,adaptive,0.013667233911666798,0,0.001,0,0.013667233911666798,1.12515550067922,1.1178057403705739,0.0065794808043803761
2023-04-06,growth_adaptive,growth,adaptive,-0.0017155464836348111,0,0.001,0,-0.0017155464836348111,1.1232252441164874,1.1158880926632944,0.0065794808043803761
2023-04-10,growth_adaptive,growth,adaptive,0.0045557596302074899,0,0.001,0,0.0045557596302074899,1.1283423883392631,1.1209718105876791,0.0065794808043803761
2023-04-11,growth_adaptive,growth,adaptive,-0.0012994162582058433,0,0.001,0,-0.0012994162582058433,1.1268762018950322,1.1195152015920111,0.0065794808043803761
2023-04-12,growth_adaptive,growth,adaptive,-0.0033831887237442126,0,0.001,0,-0.0033831887237442126,1.1230637670357253,1.1157276703859249,0.0065794808043803761
2023-04-13,growth_adaptive,growth,adaptive,0.0099190152095915973,0,0.001,0,0.0099190152095915973,1.1342034536222938,1.126794590118245,0.0065794808043803761
2023-04-14,growth_adaptive,growth,adaptive,-0.00045852462317597098,0,0.001,0,-0.00045852462317597098,1.1336833934111168,1.1262779270534142,0.0065794808043803761
2023-04-17,growth_adaptive,growth,adaptive,-0.0068338329279311605,0,0.001,0,-0.0068338329279311605,1.1259359905073751,1.1185811318695145,0.0065794808043803761
2023-04-18,growth_adaptive,growth,adaptive,0.0067547943038051006,0,0.001,0,0.0067547943038051006,1.1335414565225035,1.1261369173274105,0.0065794808043803761
2023-04-19,growth_adaptive,growth,adaptive,-0.018996489766735181,0,0.001,0,-0.018996489766735181,1.1120081478435038,1.1047442689014577,0.0065794808043803761
2023-04-20,growth_adaptive,growth,adaptive,-0.0094734236728003518,0,0.001,0,-0.0094734236728003518,1.1014736235313762,1.0942785583920562,0.0065794808043803761
2023-04-21,growth_adaptive,growth,adaptive,-0.0046111622127079643,0,0.001,0,-0.0046111622127079643,1.0963945499802539,1.0892326624534223,0.0065794808043803761
2023-04-24,growth_adaptive,growth,adaptive,0.0003897868393052395,0,0.001,0,0.0003897868393052395,1.0968219101465222,1.089657231010188,0.0065794808043803761
2023-04-25,growth_adaptive,growth,adaptive,0.0047008359252873611,0,0.001,0,0.0047008359252873611,1.1019778899853814,1.0947795308679698,0.0065794808043803761
2023-04-26,growth_adaptive,growth,adaptive,-0.018140103065379165,0,0.001,0,-0.018140103065379165,1.0819878974852775,1.0749201173441574,0.0065794808043803761
2023-04-27,growth_adaptive,growth,adaptive,0.013552036817474855,0,0.001,0,0.013552036817474855,1.0966510373080602,1.0894874743502498,0.0065794808043803761
2023-04-28,growth_adaptive,growth,adaptive,0.0035283484003296728,0,0.001,0,0.0035283484003296728,1.100520404241266,1.0933315657375529,0.0065794808043803761
2023-05-01,growth_adaptive,growth,adaptive,-0.0041855370279679782,0.19423339861210209,0.001,0.0001942333986121021,-0.0043797704265800801,1.0959141353392798,1.0885430244794889,0.006773714202992478
2023-05-02,growth_adaptive,growth,adaptive,-0.0017497258722728448,0,0.001,0,-0.0017497258722728448,1.0939965860228871,1.086638372586475,0.006773714202992478
2023-05-03,growth_adaptive,growth,adaptive,-0.010581344811830595,0,0.001,0,-0.010581344811830595,1.0824206309232134,1.0751402772803711,0.006773714202992478
2023-05-04,growth_adaptive,growth,adaptive,0.0011613273110708811,0,0.001,0,0.0011613273110708811,1.083677675563971,1.0763888670476092,0.006773714202992478
2023-05-05,growth_adaptive,growth,adaptive,0.013926448384427026,0,0.001,0,0.013926448384427026,1.0987694567780686,1.0913791410461195,0.006773714202992478
2023-05-08,growth_adaptive,growth,adaptive,-0.0093737160281284204,0,0.001,0,-0.0093737160281284204,1.08846990390985,1.0811488628989305,0.006773714202992478
2023-05-09,growth_adaptive,growth,adaptive,0.00025400815438691993,0,0.001,0,0.00025400815438691993,1.0887463841412479,1.0814234835262131,0.006773714202992478
2023-05-10,growth_adaptive,growth,adaptive,0.00018200203834295436,0,0.001,0,0.00018200203834295436,1.0889445382024001,1.0816203048045268,0.006773714202992478
2023-05-11,growth_adaptive,growth,adaptive,-0.0073458072529809515,0,0.001,0,-0.0073458072529809515,1.0809453615155789,1.0736749305245221,0.006773714202992478
2023-05-12,growth_adaptive,growth,adaptive,0.0023154663215472215,0,0.001,0,0.0023154663215472215,1.0834482540956007,1.0761609886664412,0.006773714202992478
2023-05-15,growth_adaptive,growth,adaptive,0.00054988741528716467,0,0.001,0,0.00054988741528716467,1.0840440286556428,1.0767527560509318,0.006773714202992478
2023-05-16,growth_adaptive,growth,adaptive,-0.0085907550025448032,0,0.001,0,-0.0085907550025448032,1.0747312719934905,1.0675026369253833,0.006773714202992478
2023-05-17,growth_adaptive,growth,adaptive,0.0027816942933422961,0,0.001,0,0.0027816942933422961,1.0777208458396712,1.0704721029186464,0.006773714202992478
2023-05-18,growth_adaptive,growth,adaptive,-0.0021960278352955998,0,0.001,0,-0.0021960278352955998,1.075354140863529,1.0681213163837295,0.006773714202992478
2023-05-19,growth_adaptive,growth,adaptive,0.0010806136366072749,0,0.001,0,0.0010806136366072749,1.0765161832123282,1.0692755428437648,0.006773714202992478
2023-05-22,growth_adaptive,growth,adaptive,-0.00042616146034957225,0,0.001,0,-0.00042616146034957225,1.0760574135036005,1.0688198588169104,0.006773714202992478
2023-05-23,growth_adaptive,growth,adaptive,-0.00293129648233037,0,0.001,0,-0.00293129648233037,1.0729031701926119,1.0656868309245155,0.006773714202992478
2023-05-24,growth_adaptive,growth,adaptive,-0.012662757003432001,0,0.001,0,-0.012662757003432001,1.059317258060251,1.0521922975427609,0.006773714202992478
2023-05-25,growth_adaptive,growth,adaptive,-0.0097979044959227712,0,0.001,0,-0.0097979044959227712,1.048938168734894,1.0418830179000913,0.006773714202992478
2023-05-26,growth_adaptive,growth,adaptive,0.002690565118914634,0,0.001,0,0.002690565118914634,1.0517604051835903,1.0446862720060428,0.006773714202992478
2023-05-30,growth_adaptive,growth,adaptive,0.0023142046112039072,0,0.001,0,0.0023142046112039072,1.0541943939631477,1.0471038897939806,0.006773714202992478
2023-05-31,growth_adaptive,growth,adaptive,0.0036808695065408958,0,0.001,0,0.0036808695065408958,1.0580747459618531,1.0509581425721037,0.006773714202992478
2023-06-01,growth_adaptive,growth,adaptive,-0.0033454796341304549,0.34108984340711301,0.001,0.00034108984340711302,-0.0036865694775375679,1.0545349784478499,1.047083712361528,0.0071148040463995905
2023-06-02,growth_adaptive,growth,adaptive,0.020147467231024896,0,0.001,0,0.020147467231024896,1.0757811873700975,1.0681797971444718,0.0071148040463995905
2023-06-05,growth_adaptive,growth,adaptive,-0.013562841187623631,0,0.001,0,-0.013562841187623631,1.0611905379731637,1.0536922441959733,0.0071148040463995905
2023-06-06,growth_adaptive,growth,adaptive,0.0023791362410727768,0,0.001,0,0.0023791362410727768,1.0637152548407391,1.0561991216010773,0.0071148040463995905
2023-06-07,growth_adaptive,growth,adaptive,-0.0084794559188804408,0,0.001,0,-0.0084794559188804408,1.0546955282270765,1.0472431277079008,0.0071148040463995905
2023-06-08,growth_adaptive,growth,adaptive,0.0068211063284631113,0,0.001,0,0.0068211063284631113,1.0618897185692679,1.0543864844337487,0.0071148040463995905
2023-06-09,growth_adaptive,growth,adaptive,-0.0030417795166431949,0,0.001,0,-0.0030417795166431949,1.05865968417439,1.0511792732227727,0.0071148040463995905
2023-06-12,growth_adaptive,growth,adaptive,5.7488755338397368e-06,0,0.001,0,5.7488755338397368e-06,1.0586657702771471,1.0511853163215783,0.0071148040463995905
2023-06-13,growth_adaptive,growth,adaptive,0.0033684224708527832,0,0.001,0,0.0033684224708527832,1.0622318038468714,1.0547261525621063,0.0071148040463995905
2023-06-14,growth_adaptive,growth,adaptive,-0.010150418998787547,0,0.001,0,-0.010150418998787547,1.0514497059639878,1.0440202401846219,0.0071148040463995905
2023-06-15,growth_adaptive,growth,adaptive,0.0048642658802364735,0,0.001,0,0.0048642658802364735,1.0565642368934931,1.0490986322172282,0.0071148040463995905
2023-06-16,growth_adaptive,growth,adaptive,0.0020640009159498263,0,0.001,0,0.0020640009159498263,1.0587449864462011,1.0512639727550463,0.0071148040463995905
2023-06-20,growth_adaptive,growth,adaptive,0.0020931780636010977,0,0.001,0,0.0020931780636010977,1.0609611282267779,1.0534644554418713,0.0071148040463995905
2023-06-21,growth_adaptive,growth,adaptive,0.010797637362493395,0,0.001,0,0.010797637362493395,1.0724170017450725,1.0648393826060092,0.0071148040463995905
2023-06-22,growth_adaptive,growth,adaptive,0.0049842140256122214,0,0.001,0,0.0049842140256122214,1.0777621576064753,1.0701467699918183,0.0071148040463995905
2023-06-23,growth_adaptive,growth,adaptive,0.003883549840434819,0,0.001,0,0.003883549840434819,1.0819477006616747,1.0743027383096619,0.0071148040463995905
2023-06-26,growth_adaptive,growth,adaptive,-0.0012651924182017771,0,0.001,0,-0.0012651924182017771,1.0805788286339066,1.0729435386302992,0.0071148040463995905
2023-06-27,growth_adaptive,growth,adaptive,0.011626432946920895,0,0.001,0,0.011626432946920895,1.0931421059288811,1.0854180447380164,0.0071148040463995905
2023-06-28,growth_adaptive,growth,adaptive,-0.011066418487340024,0,0.001,0,-0.011066418487340024,1.0810449379185398,1.0734063544212351,0.0071148040463995905
2023-06-29,growth_adaptive,growth,adaptive,0.0043597361300957704,0,0.001,0,0.0043597361300957704,1.0857580085926404,1.0780861228868797,0.0071148040463995905
2023-06-30,growth_adaptive,growth,adaptive,0.022048526623580811,0,0.001,0,0.022048526623580811,1.1096973729518613,1.1018563334698641,0.0071148040463995905
2023-07-03,growth_adaptive,growth,adaptive,0.0010241495533032108,0.21133625466584999,0.001,0.00021133625466585,0.00081281329863736084,1.1108338690206718,1.1027519369508962,0.0073261403010654409
2023-07-05,growth_adaptive,growth,adaptive,-0.0031497774148764313,0,0.001,0,-0.0031497774148764313,1.1073349895883506,1.0992785138056771,0.0073261403010654409
2023-07-06,growth_adaptive,growth,adaptive,-0.013975412831280787,0,0.001,0,-0.013975412831280787,1.0918595259663315,1.083915642758686,0.0073261403010654409
2023-07-07,growth_adaptive,growth,adaptive,-0.0054515520047464516,0,0.001,0,-0.0054515520047464516,1.0859071969786482,1.0780066202634289,0.0073261403010654409
2023-07-10,growth_adaptive,growth,adaptive,0.0045933773126443089,0,0.001,0,0.0045933773126443089,1.0908951784608871,1.0829583114158272,0.0073261403010654409
2023-07-11,growth_adaptive,growth,adaptive,0.0070429435981322897,0,0.001,0,0.0070429435981322897,1.0985782916742617,1.0905855257222574,0.0073261403010654409
2023-07-12,growth_adaptive,growth,adaptive,-0.0031205199884295487,0,0.001,0,-0.0031205199884295487,1.0951501561562373,1.0871823317901492,0.0073261403010654409
2023-07-13,growth_adaptive,growth,adaptive,0.078011846690179132,0,0.001,0,0.078011846690179132,1.1805848422410234,1.1719954331820339,0.0073261403010654409
2023-07-14,growth_adaptive,growth,adaptive,-0.023299858983741206,0,0.001,0,-0.023299858983741206,1.1530773818984652,1.1446881048593038,0.0073261403010654409
2023-07-17,growth_adaptive,growth,adaptive,-0.006115067988740841,0,0.001,0,-0.006115067988740841,1.1460262353118769,1.1376882592721862,0.0073261403010654409
2023-07-18,growth_adaptive,growth,adaptive,0.0046045630404683013,0,0.001,0,0.0046045630404683013,1.151303185358401,1.1429268165824056,0.0073261403010654409
2023-07-19,growth_adaptive,growth,adaptive,0.019970701495904741,0,0.001,0,0.019970701495904741,1.174295517604478,1.1657518668680376,0.0073261403010654409
2023-07-20,growth_adaptive,growth,adaptive,0.008938620540563047,0,0.001,0,0.008938620540563047,1.1847920996388286,1.1761720804504239,0.0073261403010654409
2023-07-21,growth_adaptive,growth,adaptive,0.0011081419489431532,0,0.001,0,0.0011081419489431532,1.1861050174652148,1.1774754460719468,0.0073261403010654409
2023-07-24,growth_adaptive,growth,adaptive,-0.013086968000048826,0,0.001,0,-0.013086968000048826,1.1705824990569502,1.16206586258836,0.0073261403010654409
2023-07-25,growth_adaptive,growth,adaptive,-0.001102273967689027,0,0.001,0,-0.001102273967689027,1.1692921964412073,1.1607849476392886,0.0073261403010654409
2023-07-26,growth_adaptive,growth,adaptive,0.0085089182506443706,0,0.001,0,0.0085089182506443706,1.179241608151842,1.1706619718653299,0.0073261403010654409
2023-07-27,growth_adaptive,growth,adaptive,-0.0045305096879100226,0,0.001,0,-0.0045305096879100226,1.1738990426217235,1.1653582764605261,0.0073261403010654409
2023-07-28,growth_adaptive,growth,adaptive,0.0041604485083273079,0,0.001,0,0.0041604485083273079,1.1787829891425259,1.1702066895634933,0.0073261403010654409
2023-07-31,growth_adaptive,growth,adaptive,-0.0083646999821039847,0,0.001,0,-0.0083646999821039847,1.1689228230943409,1.1604182616882435,0.0073261403010654409
2023-08-01,growth_adaptive,growth,adaptive,-0.0016234339657483776,0.134673922246177,0.001,0.000134673922246177,-0.0017581078879945547,1.1670251540799912,1.1583781211889965,0.007460814223311618
2023-08-02,growth_adaptive,growth,adaptive,-0.018210292236424785,0,0.001,0,-0.018210292236424785,1.145773284976936,1.1372837170818642,0.007460814223311618
2023-08-03,growth_adaptive,growth,adaptive,-0.01163112407156297,0,0.001,0,-0.01163112407156297,1.132446653741487,1.1240558290639167,0.007460814223311618
2023-08-04,growth_adaptive,growth,adaptive,-0.0093503349380548162,0,0.001,0,-0.0093503349380548162,1.1218578982295246,1.1135455305730961,0.007460814223311618
2023-08-07,growth_adaptive,growth,adaptive,0.0097174839872624652,0,0.001,0,0.0097174839872624652,1.132759534391554,1.124366391435528,0.007460814223311618
2023-08-08,growth_adaptive,growth,adaptive,0.00099379467051097237,0,0.001,0,0.00099379467051097237,1.1338852647798028,1.1254837807630382,0.007460814223311618
2023-08-09,growth_adaptive,growth,adaptive,0.00079133681555298985,0,0.001,0,0.00079133681555298985,1.1347825499344362,1.1263744175140638,0.007460814223311618
2023-08-10,growth_adaptive,growth,adaptive,-0.0039081429511556021,0,0.001,0,-0.0039081429511556021,1.1303476575108156,1.1219723852738941,0.007460814223311618
2023-08-11,growth_adaptive,growth,adaptive,0.0047967548448681896,0,0.001,0,0.0047967548448681896,1.1357696581133661,1.1273542117487649,0.007460814223311618
2023-08-14,growth_adaptive,growth,adaptive,0.00022220074697210102,0,0.001,0,0.00022220074697210102,1.1360220269797872,1.1276047106967177,0.007460814223311618
2023-08-15,growth_adaptive,growth,adaptive,-0.011901805150115186,0,0.001,0,-0.011901805150115186,1.1225013141684348,1.1141841791436533,0.007460814223311618
2023-08-16,growth_adaptive,growth,adaptive,-0.0097649929167024085,0,0.001,0,-0.0097649929167024085,1.1115400967865909,1.1033041785264137,0.007460814223311618
2023-08-17,growth_adaptive,growth,adaptive,-0.026239431062826224,0,0.001,0,-0.026239431062826224,1.0823739170433919,1.0743541045926417,0.007460814223311618
2023-08-18,growth_adaptive,growth,adaptive,0.0017943831959341683,0,0.001,0,0.0017943831959341683,1.084316110611852,1.0762819075444057,0.007460814223311618
2023-08-21,growth_adaptive,growth,adaptive,-0.0041624309360277501,0,0.001,0,-0.0041624309360277501,1.079802719688608,1.0718019584365559,0.007460814223311618
2023-08-22,growth_adaptive,growth,adaptive,-0.0070643044121220244,0,0.001,0,-0.0070643044121220244,1.0721746645716903,1.0642304231326516,0.007460814223311618
2023-08-23,growth_adaptive,growth,adaptive,0.01553473622571544,0,0.001,0,0.01553473622571544,1.0888306151737064,1.0807629620393988,0.007460814223311618
2023-08-24,growth_adaptive,growth,adaptive,-0.011429647487351979,0,0.001,0,-0.011429647487351979,1.0763856650688344,1.0684102223659022,0.007460814223311618
2023-08-25,growth_adaptive,growth,adaptive,0.0028658802161354302,0,0.001,0,0.0028658802161354302,1.079470457451287,1.0714721580848976,0.007460814223311618
2023-08-28,growth_adaptive,growth,adaptive,0.0008633406153892853,0,0.001,0,0.0008633406153892853,1.0804024081403176,1.0723972035172311,0.007460814223311618
2023-08-29,growth_adaptive,growth,adaptive,0.014511613104935428,0,0.001,0,0.014511613104935428,1.0960807898848905,1.0879594168294879,0.007460814223311618
2023-08-30,growth_adaptive,growth,adaptive,-0.0033487352077525845,0,0.001,0,-0.0033487352077525845,1.0924103055532617,1.084316128825745,0.007460814223311618
2023-08-31,growth_adaptive,growth,adaptive,-0.011782813264628045,0,0.001,0,-0.011782813264628045,1.0795386389145722,1.0715398343599669,0.007460814223311618
2023-09-01,growth_adaptive,growth,adaptive,-0.00066457121838436883,0.41889410090293089,0.001,0.00041889410090293087,-0.0010834653192872998,1.0788212086060158,1.070378858111203,0.0078797083242145485
2023-09-05,growth_adaptive,growth,adaptive,-0.0092381102389403891,0,0.001,0,-0.0092381102389403891,1.0688549393528066,1.0604905802225406,0.0078797083242145485
2023-09-06,growth_adaptive,growth,adaptive,-0.0016587979607708414,0,0.001,0,-0.0016587979607708414,1.0670819249590484,1.0587314406106507,0.0078797083242145485
2023-09-07,growth_adaptive,growth,adaptive,0.0081834908389215588,0,0.001,0,0.0081834908389215588,1.0758143801163296,1.0673955596557663,0.0078797083242145485
2023-09-08,growth_adaptive,growth,adaptive,0.0019094875870457884,0,0.001,0,0.0019094875870457884,1.077868634321127,1.0694337382273968,0.0078797083242145485
2023-09-11,growth_adaptive,growth,adaptive,-0.0052533816948899803,0,0.001,0,-0.0052533816948899803,1.0722061789680883,1.0638155946030954,0.0078797083242145485
2023-09-12,growth_adaptive,growth,adaptive,0.0099572612669132088,0,0.001,0,0.0099572612669132088,1.0828824160240722,1.0744082844183751,0.0078797083242145485
2023-09-13,growth_adaptive,growth,adaptive,0.0040406034250695111,0,0.001,0,0.0040406034250695111,1.0872579144232066,1.078749542212319,0.0078797083242145485
2023-09-14,growth_adaptive,growth,adaptive,0.0096808761045772407,0,0.001,0,0.0096808761045772407,1.0977835235864588,1.0891927828783459,0.0078797083242145485
2023-09-15,growth_adaptive,growth,adaptive,-0.0029605305239184254,0,0.001,0,-0.0029605305239184254,1.0945335019562263,1.0859681943982029,0.0078797083242145485
2023-09-18,growth_adaptive,growth,adaptive,0.0033445838626731117,0,0.001,0,0.0033445838626731117,1.0981942610440243,1.0896003060965633,0.0078797083242145485
2023-09-19,growth_adaptive,growth,adaptive,0.0019146446238857973,0,0.001,0,0.0019146446238857973,1.1002969127819144,1.0916865034648153,0.0078797083242145485
2023-09-20,growth_adaptive,growth,adaptive,-0.0045240006833480173,0,0.001,0,-0.0045240006833480173,1.0953191687966033,1.0867477129771388,0.0078797083242145485
2023-09-21,growth_adaptive,growth,adaptive,-0.016560596176355968,0,0.001,0,-0.016560596176355968,1.0771800303579409,1.0687505229569461,0.0078797083242145485
2023-09-22,growth_adaptive,growth,adaptive,-0.0021917844151123633,0,0.001,0,-0.0021917844151123633,1.0748190839551321,1.0664080522170858,0.0078797083242145485
2023-09-25,growth_adaptive,growth,adaptive,0.0019148189067521582,0,0.001,0,0.0019148189067521582,1.0768771678584275,1.0684500305177838,0.0078797083242145485
2023-09-26,growth_adaptive,growth,adaptive,-0.0059792493741930297,0,0.001,0,-0.0059792493741930297,1.0704382507264272,1.0620615013414538,0.0078797083242145485
2023-09-27,growth_adaptive,growth,adaptive,-0.0021272999429208239,0,0.001,0,-0.0021272999429208239,1.0681611074967565,1.0598021779702718,0.0078797083242145485
2023-09-28,growth_adaptive,growth,adaptive,0.0097513349817393014,0,0.001,0,0.0097513349817393014,1.0785771042704231,1.0701366640220367,0.0078797083242145485
2023-09-29,growth_adaptive,growth,adaptive,-0.0031067911683841931,0,0.001,0,-0.0031067911683841931,1.0752261904484544,1.066811972885289,0.0078797083242145485
2023-10-02,growth_adaptive,growth,adaptive,-0.00887564045253042,0.31200456801584958,0.001,0.00031200456801584958,-0.009187645020546269,1.0656828693768898,1.0570104831747502,0.0081917128922303975
2023-10-03,growth_adaptive,growth,adaptive,-0.011603061645127255,0,0.001,0,-0.011603061645127255,1.0533176853493538,1.0447459253789277,0.0081917128922303975
2023-10-04,growth_adaptive,growth,adaptive,0.0045554765516864215,0,0.001,0,0.0045554765516864215,1.0581160493664394,1.0495052409444614,0.0081917128922303975
2023-10-05,growth_adaptive,growth,adaptive,-0.0056939624764411612,0,0.001,0,-0.0056939624764411612,1.0520911762856269,1.0435293974836952,0.0081917128922303975
2023-10-06,growth_adaptive,growth,adaptive,0.0066214508709456776,0,0.001,0,0.0066214508709456776,1.0590575463211576,1.050439076121521,0.0081917128922303975
2023-10-09,growth_adaptive,growth,adaptive,-0.0028262002376876483,0,0.001,0,-0.0028262002376876483,1.0560644376320198,1.04747032495491,0.0081917128922303975
2023-10-10,growth_adaptive,growth,adaptive,0.0027601988907142161,0,0.001,0,0.0027601988907142161,1.0589793855212946,1.0503615513839066,0.0081917128922303975
2023-10-11,growth_adaptive,growth,adaptive,-1.4647519111177232e-05,0,0.001,0,-1.4647519111177232e-05,1.0589638741005067,1.0503461661930091,0.0081917128922303975
2023-10-12,growth_adaptive,growth,adaptive,-0.0058067220078745763,0,0.001,0,-0.0058067220078745763,1.0528147652672233,1.0442470979938896,0.0081917128922303975
2023-10-13,growth_adaptive,growth,adaptive,0.0037311217925939388,0,0.001,0,0.0037311217925939388,1.0567429453814765,1.0481433110980676,0.0081917128922303975
2023-10-16,growth_adaptive,growth,adaptive,0.016240954489230797,0,0.001,0,0.016240954489230797,1.0739054594642328,1.0651661589118029,0.0081917128922303975
2023-10-17,growth_adaptive,growth,adaptive,-0.0042006193652972534,0,0.001,0,-0.0042006193652972534,1.0693943913947088,1.0606918013174187,0.0081917128922303975
2023-10-18,growth_adaptive,growth,adaptive,-0.0082089258408978294,0,0.001,0,-0.0082089258408978294,1.0606158121410776,1.0519846609803556,0.0081917128922303975
2023-10-19,growth_adaptive,growth,adaptive,-0.0053357262696912544,0,0.001,0,-0.0053357262696912544,1.0549566564901864,1.0463715587894504,0.0081917128922303975
2023-10-20,growth_adaptive,growth,adaptive,0.0084932762768468173,0,0.001,0,0.0084932762768468173,1.0639166948338561,1.0552586815264842,0.0081917128922303975
2023-10-23,growth_adaptive,growth,adaptive,0.017808016450577391,0,0.001,0,0.017808016450577391,1.0828629408375012,1.0740507454867223,0.0081917128922303975
2023-10-24,growth_adaptive,growth,adaptive,0.0076835307984366441,0,0.001,0,0.0076835307984366441,1.0911831515939119,1.0823032474687533,0.0081917128922303975
2023-10-25,growth_adaptive,growth,adaptive,0.0005037656862338924,0,0.001,0,0.0005037656862338924,1.0917328522230814,1.0828484747069276,0.0081917128922303975
2023-10-26,growth_adaptive,growth,adaptive,-0.0037715905830909557,0,0.001,0,-0.0037715905830909557,1.0876152828783858,1.0787644135968084,0.0081917128922303975
2023-10-27,growth_adaptive,growth,adaptive,-0.013171155264096956,0,0.001,0,-0.013171155264096956,1.0732901331199898,1.0645558400119424,0.0081917128922303975
2023-10-30,growth_adaptive,growth,adaptive,0.007583667370947067,0,0.001,0,0.007583667370947067,1.0814296084820914,1.0726290774003922,0.0081917128922303975
2023-10-31,growth_adaptive,growth,adaptive,0.0039665780583231225,0,0.001,0,0.0039665780583231225,1.0857191834387174,1.076883744363528,0.0081917128922303975
2023-11-01,growth_adaptive,growth,adaptive,0.012133473657046423,0.26955114102735739,0.001,0.00026955114102735742,0.011863922516019065,1.098892728549921,1.0896598096654173,0.0084612640332577555
2023-11-02,growth_adaptive,growth,adaptive,0.0049849710230498445,0,0.001,0,0.0049849710230498445,1.1043706769591826,1.0950917322415814,0.0084612640332577555
2023-11-03,growth_adaptive,growth,adaptive,0.0042342795109724385,0,0.001,0,0.0042342795109724385,1.1090468910891496,1.0997286567260474,0.0084612640332577555
2023-11-06,growth_adaptive,growth,adaptive,0.0037952152641289594,0,0.001,0,0.0037952152641289594,1.1132559627788459,1.1039023637104541,0.0084612640332577555
2023-11-07,growth_adaptive,growth,adaptive,-0.0023464726628663612,0,0.001,0,-0.0023464726628663612,1.1106437380954124,1.101312086991534,0.0084612640332577555
2023-11-08,growth_adaptive,growth,adaptive,-0.00010317536916959469,0,0.001,0,-0.00010317536916959469,1.1105291470177185,1.1011984587103878,0.0084612640332577555
2023-11-09,growth_adaptive,growth,adaptive,0.0049123801467056971,0,0.001,0,0.0049123801467056971,1.1159844883518664,1.1066079641565396,0.0084612640332577555
2023-11-10,growth_adaptive,growth,adaptive,0.012113761838373538,0,0.001,0,0.012113761838373538,1.1295032586590801,1.1200131494827794,0.0084612640332577555
2023-11-13,growth_adaptive,growth,adaptive,-0.006961327407453588,0,0.001,0,-0.006961327407453588,1.1216404166677685,1.1122163712485764,0.0084612640332577555
2023-11-14,growth_adaptive,growth,adaptive,-0.0023868602278828144,0,0.001,0,-0.0023868602278828144,1.1189632177672382,1.1095616662272429,0.0084612640332577555
2023-11-15,growth_adaptive,growth,adaptive,0.014997340511314627,0,0.001,0,0.014997340511314627,1.1357446901637298,1.1262021403539546,0.0084612640332577555
2023-11-16,growth_adaptive,growth,adaptive,-0.013204054908452445,0,0.001,0,-0.013204054908452445,1.1207482549128247,1.1113317054547043,0.0084612640332577555
2023-11-17,growth_adaptive,growth,adaptive,-0.00029402297434355518,0,0.001,0,-0.00029402297434355518,1.1204187291774248,1.1110049484011841,0.0084612640332577555
2023-11-20,growth_adaptive,growth,adaptive,0.00068115374150434782,0,0.001,0,0.00068115374150434782,1.1211819065868556,1.1117617135786175,0.0084612640332577555
2023-11-21,growth_adaptive,growth,adaptive,-0.013784079281713213,0,0.001,0,-0.013784079281713213,1.10572744629724,1.0964371019762764,0.0084612640332577555
2023-11-22,growth_adaptive,growth,adaptive,0.015786984258403525,0,0.001,0,0.015786984258403525,1.1231835480860193,1.1137465372455055,0.0084612640332577555
2023-11-24,growth_adaptive,growth,adaptive,0.0047109936793803264,0,0.001,0,0.0047109936793803264,1.1284748586818365,1.1189933901429008,0.0084612640332577555
2023-11-27,growth_adaptive,growth,adaptive,-0.0078558170550075967,0,0.001,0,-0.0078558170550075967,1.1196097666408564,1.1102027827841754,0.0084612640332577555
2023-11-28,growth_adaptive,growth,adaptive,0.0028177687415369412,0,0.001,0,0.0028177687415369412,1.1227645680440166,1.113331077482272,0.0084612640332577555
2023-11-29,growth_adaptive,growth,adaptive,-0.00091276899273240453,0,0.001,0,-0.00091276899273240453,1.1217397433601675,1.1123148633961009,0.0084612640332577555
2023-11-30,growth_adaptive,growth,adaptive,0.0052716833900470217,0,0.001,0,0.0052716833900470217,1.1276532001331949,1.1181786351859686,0.0084612640332577555
2023-12-01,growth_adaptive,growth,adaptive,0.0077450218557311157,0.20359969147882959,0.001,0.0002035996914788296,0.0075414221642522861,1.1363868988139116,1.1266112923289533,0.0086648637247365851
2023-12-04,growth_adaptive,growth,adaptive,0.013222046198341664,0,0.001,0,0.013222046198341664,1.1514122588892195,1.1415073988837001,0.0086648637247365851
2023-12-05,growth_adaptive,growth,adaptive,0.0066323661282416957,0,0.001,0,0.0066323661282416957,1.1590488465547186,1.1490782938911936,0.0086648637247365851
2023-12-06,growth_adaptive,growth,adaptive,-0.0025856168850000305,0,0.001,0,-0.0025856168850000305,1.1560519902865269,1.1461072176523215,0.0086648637247365851
2023-12-07,growth_adaptive,growth,adaptive,0.0048814704584259072,0,0.001,0,0.0048814704584259072,1.1616952239255152,1.15170190617748,0.0086648637247365851
2023-12-08,growth_adaptive,growth,adaptive,0.010789904474491685,0,0.001,0,0.010789904474491685,1.1742298044201447,1.164128659728225,0.0086648637247365851
2023-12-11,growth_adaptive,growth,adaptive,-0.013360588825612751,0,0.001,0,-0.013360588825612751,1.1585414028165075,1.1485752153654845,0.0086648637247365851
2023-12-12,growth_adaptive,growth,adaptive,0.004335577266855406,0,0.001,0,0.004335577266855406,1.1635643485852696,1.1535549519584967,0.0086648637247365851
2023-12-13,growth_adaptive,growth,adaptive,0.018317672043584698,0,0.001,0,0.018317672043584698,1.1848781387242617,1.1746853932527255,0.0086648637247365851
2023-12-14,growth_adaptive,growth,adaptive,-0.0029883199294019613,0,0.001,0,-0.0029883199294019613,1.1813373437683994,1.1711750574812909,0.0086648637247365851
2023-12-15,growth_adaptive,growth,adaptive,-0.015677342818318785,0,0.001,0,-0.015677342818318785,1.1628171132460601,1.1528141446048925,0.0086648637247365851
2023-12-18,growth_adaptive,growth,adaptive,0.0056837432377623287,0,0.001,0,0.0056837432377623287,1.1694262671502267,1.1593664442036873,0.0086648637247365851
2023-12-19,growth_adaptive,growth,adaptive,-0.0033299182768747881,0,0.001,0,-0.0033299182768747881,1.1655321732497856,1.1555058486915382,0.0086648637247365851
2023-12-20,growth_adaptive,growth,adaptive,-0.0043078162226763972,0,0.001,0,-0.0043078162226763972,1.1605112748458088,1.1505281418511473,0.0086648637247365851
2023-12-21,growth_adaptive,growth,adaptive,0.010213166093226311,0,0.001,0,0.010213166093226311,1.1723637692488709,1.162278676858804,0.0086648637247365851
2023-12-22,growth_adaptive,growth,adaptive,0.0091828247415426389,0,0.001,0,0.0091828247415426389,1.1831293802752176,1.1729516782492304,0.0086648637247365851
2023-12-26,growth_adaptive,growth,adaptive,-0.0042035214239287688,0,0.001,0,-0.0042035214239287688,1.1781560705779512,1.1680211507404765,0.0086648637247365851
2023-12-27,growth_adaptive,growth,adaptive,0.02071608418253712,0,0.001,0,0.02071608418253712,1.2025628509162112,1.1922179752262001,0.0086648637247365851
2023-12-28,growth_adaptive,growth,adaptive,-0.00082541885336318011,0,0.001,0,-0.00082541885336318011,1.2015702328667108,1.1912338960321298,0.0086648637247365851
2023-12-29,growth_adaptive,growth,adaptive,-0.0050444403698611806,0,0.001,0,-0.0050444403698611806,1.1955089834768144,1.1852247876770383,0.0086648637247365851
2021-01-04,growth_fixed,growth,fixed,0.0097827772843865901,0,0.001,0,0.0097827772843865901,1.0097827772843866,1.0097827772843866,0
2021-01-05,growth_fixed,growth,fixed,0.008432221852940236,0,0.001,0,0.008432221852940236,1.0182974896857266,1.0182974896857266,0
2021-01-06,growth_fixed,growth,fixed,0.031347251218442729,0,0.001,0,0.031347251218442729,1.0502183169100148,1.0502183169100148,0
2021-01-07,growth_fixed,growth,fixed,0.012820849902434039,0,0.001,0,0.012820849902434039,1.063683008315905,1.063683008315905,0
2021-01-08,growth_fixed,growth,fixed,-0.0024934364517438246,0,0.001,0,-0.0024934364517438246,1.0610307823298697,1.0610307823298697,0
2021-01-11,growth_fixed,growth,fixed,-0.045412790082931198,0,0.001,0,-0.045412790082931198,1.012846414140395,1.012846414140395,0
2021-01-12,growth_fixed,growth,fixed,-0.018080785679174816,0,0.001,0,-0.018080785679174816,0.99453335520040176,0.99453335520040176,0
2021-01-13,growth_fixed,growth,fixed,0.021056667294130804,0,0.001,0,0.021056667294130804,1.0154749131737721,1.0154749131737721,0
2021-01-14,growth_fixed,growth,fixed,0.01338044936333449,0,0.001,0,0.01338044936333449,1.0290624238292303,1.0290624238292303,0
2021-01-15,growth_fixed,growth,fixed,-0.013598704126243755,0,0.001,0,-0.013598704126243755,1.0150685084001414,1.0150685084001414,0
2021-01-19,growth_fixed,growth,fixed,0.013093473422726598,0,0.001,0,0.013093473422726598,1.0283592809371254,1.0283592809371254,0
2021-01-20,growth_fixed,growth,fixed,0.0085068105695604856,0,0.001,0,0.0085068105695604856,1.0371073385375069,1.0371073385375069,0
2021-01-21,growth_fixed,growth,fixed,-0.049929463436030774,0,0.001,0,-0.049929463436030774,0.98532512559875929,0.98532512559875929,0
2021-01-22,growth_fixed,growth,fixed,0.016208321737233078,0,0.001,0,0.016208321737233078,1.0012955922502436,1.0012955922502436,0
2021-01-25,growth_fixed,growth,fixed,-0.0039982126445023969,0,0.001,0,-0.0039982126445023969,0.9972921995524241,0.9972921995524241,0
2021-01-26,growth_fixed,growth,fixed,-0.0067779394422967654,0,0.001,0,-0.0067779394422967654,0.99053261341758281,0.99053261341758281,0
2021-01-27,growth_fixed,growth,fixed,-0.042500067888982751,0,0.001,0,-0.042500067888982751,0.94843491010108405,0.94843491010108405,0
2021-01-28,growth_fixed,growth,fixed,0.02625350934487658,0,0.001,0,0.02625350934487658,0.97333465487643001,0.97333465487643001,0
2021-01-29,growth_fixed,growth,fixed,0.0071497599029428649,0,0.001,0,0.0071497599029428649,0.98029376396401025,0.98029376396401025,0
2021-02-01,growth_fixed,growth,fixed,0.011227802496715844,0.20965192778027,0.001,0.00020965192778027,0.011018150568935575,0.99130030873456032,0.99109478825715425,0.00020965192778027
2021-02-02,growth_fixed,growth,fixed,0.018479815367097308,0,0.001,0,0.018479815367097308,1.0096193554133215,1.0094100369554388,0.00020965192778027
2021-02-03,growth_fixed,growth,fixed,0.0089394131441564717,0,0.001,0,0.0089394131441564717,1.0186447599496982,1.0184335703076417,0.00020965192778027
2021-02-04,growth_fixed,growth,fixed,-0.011410299314875028,0,0.001,0,-0.011410299314875028,1.0070217183431431,1.0068129384381146,0.00020965192778027
2021-02-05,growth_fixed,growth,fixed,0.036428158036517111,0,0.001,0,0.036428158036517111,1.0437056646451521,1.0434892792727484,0.00020965192778027
2021-02-08,growth_fixed,growth,fixed,0.035362467672664488,0,0.001,0,0.035362467672664488,1.0806136724709432,1.0803896351778028,0.00020965192778027
2021-02-09,growth_fixed,growth,fixed,0.013524359398512376,0,0.001,0,0.013524359398512376,1.0952282801483866,1.0950012128943751,0.00020965192778027
2021-02-10,growth_fixed,growth,fixed,-0.0041199372430148484,0,0.001,0,-0.0041199372430148484,1.0907160083674001,1.0904898766162252,0.00020965192778027
2021-02-11,growth_fixed,growth,fixed,0.034849443870298868,0,0.001,0,0.034849443870298868,1.1287268546794362,1.1284928423624916,0.00020965192778027
2021-02-12,growth_fixed,growth,fixed,0.017156076632391493,0,0.001,0,0.017156076632391493,1.1480913790953549,1.1478533520451677,0.00020965192778027
2021-02-16,growth_fixed,growth,fixed,-0.005049605779768207,0,0.001,0,-0.005049605779768207,1.1422939702317729,1.1420571451243542,0.00020965192778027
2021-02-17,growth_fixed,growth,fixed,0.015905851515567893,0,0.001,0,0.015905851515567893,1.160463128509408,1.1602225364969956,0.00020965192778027
2021-02-18,growth_fixed,growth,fixed,0.00075215387997995542,0,0.001,0,0.00075215387997995542,1.1613359753540899,1.1610952023794621,0.00020965192778027
2021-02-19,growth_fixed,growth,fixed,0.022327827347785378,0,0.001,0,0.022327827347785378,1.1872660845045679,1.1870199355925326,0.00020965192778027
2021-02-22,growth_fixed,growth,fixed,-0.033561622210891651,0,0.001,0,-0.033561622210891651,1.1474195087126211,1.1471816209573791,0.00020965192778027
2021-02-23,growth_fixed,growth,fixed,-0.069688781026588376,0,0.001,0,-0.069688781026588376,1.0674572418243116,1.0672359321767535,0.00020965192778027
2021-02-24,growth_fixed,growth,fixed,0.014881713610760405,0,0.001,0,0.014881713610760405,1.0833428347888732,1.0831182316745209,0.00020965192778027
2021-02-25,growth_fixed,growth,fixed,-0.031044544693169196,0,0.001,0,-0.031044544693169196,1.0497109497362453,1.0494933193233149,0.00020965192778027
2021-02-26,growth_fixed,growth,fixed,-0.012620917467503601,0,0.001,0,-0.012620917467503601,1.0364626344748893,1.036247750757439,0.00020965192778027
2021-03-01,growth_fixed,growth,fixed,0.027770193653065212,0.1433049386681417,0.001,0.00014330493866814172,0.027626888714397072,1.065245402548423,1.064876052048159,0.00035295686644841169
2021-03-02,growth_fixed,growth,fixed,-0.0028856074464543857,0,0.001,0,-0.0028856074464543857,1.0621715224825281,1.0618032377828179,0.00035295686644841169
2021-03-03,growth_fixed,growth,fixed,0.004546083374023846,0,0.001,0,0.004546083374023846,1.0670002427812475,1.066630283828587,0.00035295686644841169
2021-03-04,growth_fixed,growth,fixed,-0.0067983940728474357,0,0.001,0,-0.0067983940728474357,1.0597463546549968,1.0593789108290872,0.00035295686644841169
2021-03-05,growth_fixed,growth,fixed,0.0047158014328962938,0,0.001,0,0.0047158014328962938,1.0647439080327854,1.0643747314147551,0.00035295686644841169
2021-03-08,growth_fixed,growth,fixed,0.0052664679065568265,0,0.001,0,0.0052664679065568265,1.0703513476531419,1.069980226778301,0.00035295686644841169
2021-03-09,growth_fixed,growth,fixed,0.016555284350326493,0,0.001,0,0.016555284350326493,1.0880713185682949,1.0876940536818425,0.00035295686644841169
2021-03-10,growth_fixed,growth,fixed,-0.0045969148492152057,0,0.001,0,-0.0045969148492152057,1.0830695473669631,1.0826940167350694,0.00035295686644841169
2021-03-11,growth_fixed,growth,fixed,0.0028327327140380554,0,0.001,0,0.0028327327140380554,1.0861375939053679,1.0857609994955681,0.00035295686644841169
2021-03-12,growth_fixed,growth,fixed,-0.0056199181134628517,0,0.001,0,-0.0056199181134628517,1.0800335895676663,1.0796591115876115,0.00035295686644841169
2021-03-15,growth_fixed,growth,fixed,0.0012326392328292357,0,0.001,0,0.0012326392328292357,1.0813648813429408,1.080989941766636,0.00035295686644841169
2021-03-16,growth_fixed,growth,fixed,0.015719200878394401,0,0.001,0,0.015719200878394401,1.0983630731356115,1.0979822398087895,0.00035295686644841169
2021-03-17,growth_fixed,growth,fixed,0.0089792072100931541,0,0.001,0,0.0089792072100931541,1.1082255027612109,1.1078412498530348,0.00035295686644841169
2021-03-18,growth_fixed,growth,fixed,-0.0085518907988739734,0,0.001,0,-0.0085518907988739734,1.0987480792810698,1.0983671124618035,0.00035295686644841169
2021-03-19,growth_fixed,growth,fixed,0.0097356978771043767,0,0.001,0,0.0097356978771043767,1.1094451586239991,1.1090604828268791,0.00035295686644841169
2021-03-22,growth_fixed,growth,fixed,-0.0093454957748340117,0,0.001,0,-0.0093454957748340117,1.0990768435816685,1.0986957627705851,0.00035295686644841169
2021-03-23,growth_fixed,growth,fixed,-0.0030282888978839795,0,0.001,0,-0.0030282888978839795,1.0957485213783287,1.0953685945900349,0.00035295686644841169
2021-03-24,growth_fixed,growth,fixed,-0.021749972354307978,0,0.001,0,-0.021749972354307978,1.0719160213310761,1.0715443579399244,0.00035295686644841169
2021-03-25,growth_fixed,growth,fixed,-0.00083573730873598429,0,0.001,0,-0.00083573730873598429,1.0710201811202178,1.0706488283420286,0.00035295686644841169
2021-03-26,growth_fixed,growth,fixed,0.043043983515901552,0,0.001,0,0.043043983515901552,1.1171211561415544,1.116733818860502,0.00035295686644841169
2021-03-29,growth_fixed,growth,fixed,0.019169119618939634,0,0.001,0,0.019169119618939634,1.13853538521248,1.1381406230167543,0.00035295686644841169
2021-03-30,growth_fixed,growth,fixed,-0.0035120586703929479,0,0.001,0,-0.0035120586703929479,1.1345367821412953,1.1341434063735618,0.00035295686644841169
2021-03-31,growth_fixed,growth,fixed,0.036583288013814386,0,0.001,0,0.036583288013814386,1.1760418680046365,1.1756341012578944,0.00035295686644841169
2021-04-01,growth_fixed,growth,fixed,0.013435089388952326,0.44723279374289399,0.001,0.00044723279374289399,0.012987856595209433,1.1918420956264293,1.1909030683734698,0.00080018966019130568
2021-04-05,growth_fixed,growth,fixed,0.022172457570672321,0,0.001,0,0.022172457570672321,1.2182681639226476,1.217308316127764,0.00080018966019130568
2021-04-06,growth_fixed,growth,fixed,0.0010435092272413904,0,0.001,0,0.0010435092272413904,1.2195394379929554,1.2185785885880411,0.00080018966019130568
2021-04-07,growth_fixed,growth,fixed,-0.01906481778039204,0,0.001,0,-0.01906481778039204,1.1962891408316181,1.1953466098455228,0.00080018966019130568
2021-04-08,growth_fixed,growth,fixed,0.018287289530238171,0,0.001,0,0.018287289530238171,1.2181660267118857,1.2172062593887565,0.00080018966019130568
2021-04-09,growth_fixed,growth,fixed,-0.0059614569154126107,0,0.001,0,-0.0059614569154126107,1.2109039824278234,1.2099499367162398,0.00080018966019130568
2021-04-12,growth_fixed,growth,fixed,-0.00071776432824244285,0,0.001,0,-0.00071776432824244285,1.2100348387443101,1.2090814778127057,0.00080018966019130568
2021-04-13,growth_fixed,growth,fixed,0.030322746614285245,0,0.001,0,0.030322746614285245,1.2467264185540112,1.245744149100446,0.00080018966019130568
2021-04-14,growth_fixed,growth,fixed,0.0043812001779379717,0,0.001,0,0.0043812001779379717,1.2521885765608201,1.2512020035881499,0.00080018966019130568
2021-04-15,growth_fixed,growth,fixed,0.034311481491352769,0,0.001,0,0.034311481491352769,1.29515302172917,1.2941325979762082,0.00080018966019130568
2021-04-16,growth_fixed,growth,fixed,0.022496770887034945,0,0.001,0,0.022496770887034945,1.3242897825226621,1.3232464025303223,0.00080018966019130568
2021-04-19,growth_fixed,growth,fixed,-0.024551060709954386,0,0.001,0,-0.024551060709954386,1.2917770636743759,1.2907592997675716,0.00080018966019130568
2021-04-20,growth_fixed,growth,fixed,0.010614919089626307,0,0.001,0,0.010614919089626307,1.3054891726871145,1.304460605298787,0.00080018966019130568
2021-04-21,growth_fixed,growth,fixed,-0.010707973210789978,0,0.001,0,-0.010707973210789978,1.2915100295990045,1.2904924760827168,0.00080018966019130568
2021-04-22,growth_fixed,growth,fixed,-0.0097580045413812044,0,0.001,0,-0.0097580045413812044,1.278907468864938,1.2778998446404835,0.00080018966019130568
2021-04-23,growth_fixed,growth,fixed,-0.0060229310501276334,0,0.001,0,-0.0060229310501276334,1.2712046973604711,1.270203141987245,0.00080018966019130568
2021-04-26,growth_fixed,growth,fixed,0.038187444328317,0,0.001,0,0.038187444328317,1.3197487559708192,1.3187089537575363,0.00080018966019130568
2021-04-27,growth_fixed,growth,fixed,0.011364008820406557,0,0.001,0,0.011364008820406557,1.3347463924743921,1.3336947739395859,0.00080018966019130568
2021-04-28,growth_fixed,growth,fixed,0.0029710159445164308,0,0.001,0,0.0029710159445164308,1.3387119452883194,1.3376572023780786,0.00080018966019130568
2021-04-29,growth_fixed,growth,fixed,0.0037854416226625887,0,0.001,0,0.0037854416226625887,1.3437795612067693,1.342720825628815,0.00080018966019130568
2021-04-30,growth_fixed,growth,fixed,0.020524876080811216,0,0.001,0,0.020524876080811216,1.3713604701804651,1.3702800041859711,0.00080018966019130568
2021-05-03,growth_fixed,growth,fixed,0.026763298604572494,0.2062746918420395,0.001,0.00020627469184203952,0.026557023912730456,1.4080625999384118,1.4066705630242742,0.0010064643520333453
2021-05-04,growth_fixed,growth,fixed,-0.0050856243690760028,0,0.001,0,-0.0050856243690760028,1.4009017224669804,1.399516764929696,0.0010064643520333453
2021-05-05,growth_fixed,growth,fixed,0.06612800584228995,0,0.001,0,0.06612800584228995,1.4935405597547509,1.4920640177373496,0.0010064643520333453
2021-05-06,growth_fixed,growth,fixed,0.060788889303177829,0,0.001,0,0.060788889303177829,1.5843312315114886,1.5827649321448403,0.0010064643520333453
2021-05-07,growth_fixed,growth,fixed,-0.017443065394821988,0,0.001,0,-0.017443065394821988,1.5566956382331749,1.5551566599288069,0.0010064643520333453
2021-05-10,growth_fixed,growth,fixed,-0.023818026238209611,0,0.001,0,-0.023818026238209611,1.5196182206768307,1.5181158977980962,0.0010064643520333453
2021-05-11,growth_fixed,growth,fixed,0.051670747324078503,0,0.001,0,0.051670747324078503,1.5981380297864891,1.5965580807618882,0.0010064643520333453
2021-05-12,growth_fixed,growth,fixed,-0.088717995182823195,0,0.001,0,-0.088717995182823195,1.4563544277584048,1.4549146486437576,0.0010064643520333453
2021-05-13,growth_fixed,growth,fixed,0.023561386949707774,0,0.001,0,0.023561386949707774,1.4906681579667409,1.4891944556592513,0.0010064643520333453
2021-05-14,growth_fixed,growth,fixed,0.02922145636375939,0,0.001,0,0.02922145636375939,1.5342276524976115,1.5327108864624506,0.0010064643520333453
2021-05-17,growth_fixed,growth,fixed,-0.025650964234389617,0,0.001,0,-0.025650964234389617,1.4948732338559838,1.4933953743321426,0.0010064643520333453
2021-05-18,growth_fixed,growth,fixed,0.0043849661993919931,0,0.001,0,0.0043849661993919931,1.5014282024588181,1.4999438625709174,0.0010064643520333453
2021-05-19,growth_fixed,growth,fixed,-0.10581666269407464,0,0.001,0,-0.10581666269407464,1.3425520807998625,1.3412248088052032,0.0010064643520333453
2021-05-20,growth_fixed,growth,fixed,0.050208175556763601,0,0.001,0,0.050208175556763601,1.4099591713667603,1.4085652594667815,0.0010064643520333453
2021-05-21,growth_fixed,growth,fixed,-0.041412758300074404,0,0.001,0,-0.041412758300074404,1.3515688729899755,1.3502326868266021,0.0010064643520333453
2021-05-24,growth_fixed,growth,fixed,0.07222304515947009,0,0.001,0,0.07222304515947009,1.4491832927400645,1.4477506031430725,0.0010064643520333453
2021-05-25,growth_fixed,growth,fixed,0.0051599219747411329,0,0.001,0,0.0051599219747411329,1.4566609654577016,1.4552208832941751,0.0010064643520333453
2021-05-26,growth_fixed,growth,fixed,0.022970260020736877,0,0.001,0,0.022970260020736877,1.4901208465963227,1.4886476853710486,0.0010064643520333453
2021-05-27,growth_fixed,growth,fixed,-0.011293559474345627,0,0.001,0,-0.011293559474345627,1.4732920781913248,1.4718355541999637,0.0010064643520333453
2021-05-28,growth_fixed,growth,fixed,-0.030891748853884793,0,0.001,0,-0.030891748853884793,1.4277795093234205,1.4263679799054001,0.0010064643520333453
2021-06-01,growth_fixed,growth,fixed,-0.0069715619209873569,0.28409150581221848,0.001,0.00028409150581221849,-0.0072556534267995756,1.4178256560646554,1.4160187481841222,0.0012905558578455638
2021-06-02,growth_fixed,growth,fixed,0.0084681746149515291,0,0.001,0,0.0084681746149515291,1.429832051293769,1.4280098422017904,0.0012905558578455638
2021-06-03,growth_fixed,growth,fixed,0.01665081965685089,0,0.001,0,0.01665081965685089,1.4536399269194467,1.4517873765525005,0.0012905558578455638
2021-06-04,growth_fixed,growth,fixed,-0.017551019764089792,0,0.001,0,-0.017551019764089792,1.4281270638322134,1.4263070276133714,0.0012905558578455638
2021-06-07,growth_fixed,growth,fixed,-0.019946115421946575,0,0.001,0,-0.019946115421946575,1.3996414765798104,1.3978577430134616,0.0012905558578455638
2021-06-08,growth_fixed,growth,fixed,-0.0040487113598556279,0,0.001,0,-0.0040487113598556279,1.3939747322338567,1.3921982204898609,0.0012905558578455638
2021-06-09,growth_fixed,growth,fixed,0.01755745535703257,0,0.001,0,0.01755745535703257,1.4184493813638841,1.4166416785942517,0.0012905558578455638
2021-06-10,growth_fixed,growth,fixed,-0.0083492077710255463,0,0.001,0,-0.0083492077710255463,1.4066064527661943,1.4048138428825738,0.0012905558578455638
2021-06-11,growth_fixed,growth,fixed,-0.0082242704281419998,0,0.001,0,-0.0082242704281419998,1.3950381409126755,1.3932602739375102,0.0012905558578455638
2021-06-14,growth_fixed,growth,fixed,0.0045910777491608989,0,0.001,0,0.0045910777491608989,1.4014428694806504,1.3996568401799745,0.0012905558578455638
2021-06-15,growth_fixed,growth,fixed,0.0030830666708860921,0,0.001,0,0.0030830666708860921,1.4057636112826972,1.403972075534611,0.0012905558578455638
2021-06-16,growth_fixed,growth,fixed,-0.027486312273649616,0,0.001,0,-0.027486312273649616,1.3671243536800477,1.3653820606429827,0.0012905558578455638
2021-06-17,growth_fixed,growth,fixed,0.0048913994943513561,0,0.001,0,0.0048913994943513561,1.3738115050523536,1.3720606897640082,0.0012905558578455638
2021-06-18,growth_fixed,growth,fixed,-0.025088600566674613,0,0.001,0,-0.025088600566674613,1.3393444969481931,1.3376376071652829,0.0012905558578455638
2021-06-21,growth_fixed,growth,fixed,-0.035021952328277983,0,0.001,0,-0.035021952328277983,1.2924380378249321,1.2907909266546285,0.0012905558578455638
2021-06-22,growth_fixed,growth,fixed,-0.0051670658515288181,0,0.001,0,-0.0051670658515288181,1.28575992537447,1.2841213249360481,0.0012905558578455638
2021-06-23,growth_fixed,growth,fixed,0.010713336125208306,0,0.001,0,0.010713336125208306,1.2995347036313294,1.2978785483156359,0.0012905558578455638
2021-06-24,growth_fixed,growth,fixed,0.01693212463759175,0,0.001,0,0.01693212463759175,1.321538587204091,1.3198543896601729,0.0012905558578455638
2021-06-25,growth_fixed,growth,fixed,-0.005476372995766754,0,0.001,0,-0.005476372995766754,1.3143013489722628,1.3126263747222937,0.0012905558578455638
2021-06-28,growth_fixed,growth,fixed,0.0034839298644058214,0,0.001,0,0.0034839298644058214,1.3188802826927761,1.3171994729499954,0.0012905558578455638
2021-06-29,growth_fixed,growth,fixed,0.0084007627494178116,0,0.001,0,0.0084007627494178116,1.3299598830425632,1.3282649532159065,0.0012905558578455638
2021-06-30,growth_fixed,growth,fixed,0.0071148587178540001,0,0.001,0,0.0071148587178540001,1.3394223597108246,1.3377153706979146,0.0012905558578455638
2021-07-01,growth_fixed,growth,fixed,-0.010641306932632766,0.28437793901725539,0.001,0.00028437793901725538,-0.010925684871650021,1.3251691552687104,1.3230999141097066,0.0015749337968628189
2021-07-02,growth_fixed,growth,fixed,0.0084189427111927007,0,0.001,0,0.0084189427111927007,1.3363256784695572,1.3342390164877802,0.0015749337968628189
2021-07-06,growth_fixed,growth,fixed,0.0044908969097596785,0,0.001,0,0.0044908969097596785,1.3423269793294286,1.340230946363806,0.0015749337968628189
2021-07-07,growth_fixed,growth,fixed,-0.00086068800072602869,0,0.001,0,-0.00086068800072602869,1.341171654605269,1.339077425670069,0.0015749337968628189
2021-07-08,growth_fixed,growth,fixed,-0.019039163359970801,0,0.001,0,-0.019039163359970801,1.315636868379477,1.3135825118110875,0.0015749337968628189
2021-07-09,growth_fixed,growth,fixed,0.01069861277133799,0,0.001,0,0.01069861277133799,1.3297123577819647,1.3276360224481558,0.0015749337968628189
2021-07-12,growth_fixed,growth,fixed,-0.0055233398480899476,0,0.001,0,-0.0055233398480899476,1.3223679045297299,1.3203030375016083,0.0015749337968628189
2021-07-13,growth_fixed,growth,fixed,-0.0091132964277593764,0,0.001,0,-0.0091132964277593764,1.3103167738291954,1.3082707245463849,0.0015749337968628189
2021-07-14,growth_fixed,growth,fixed,0.0045597654938578369,0,0.001,0,0.0045597654938578369,1.3162915110405249,1.314236132252796,0.0015749337968628189
2021-07-15,growth_fixed,growth,fixed,-0.0067909127446583728,0,0.001,0,-0.0067909127446583728,1.3073526902425141,1.30531126935279,0.0015749337968628189
2021-07-16,growth_fixed,growth,fixed,-0.0068098125279302257,0,0.001,0,-0.0068098125279302257,1.2984498635140773,1.2964223443179028,0.0015749337968628189
2021-07-19,growth_fixed,growth,fixed,-0.019692586392135225,0,0.001,0,-0.019692586392135225,1.2728800274009702,1.2708924353017281,0.0015749337968628189
2021-07-20,growth_fixed,growth,fixed,-0.0064610400974960402,0,0.001,0,-0.0064610400974960402,1.2646558985046306,1.2626811483176392,0.0015749337968628189
2021-07-21,growth_fixed,growth,fixed,0.019676799493275388,0,0.001,0,0.019676799493275388,1.2895402790474941,1.2875266720970242,0.0015749337968628189
2021-07-22,growth_fixed,growth,fixed,0.0070446812120255053,0,0.001,0,0.0070446812120255053,1.2986246792234502,1.2965968870539277,0.0015749337968628189
2021-07-23,growth_fixed,growth,fixed,0.016634641653554993,0,0.001,0,0.016634641653554993,1.320226835404795,1.3181653116391847,0.0015749337968628189
2021-07-26,growth_fixed,growth,fixed,0.00772159752990631,0,0.001,0,0.00772159752990631,1.3304210956759728,1.328343653653546,0.0015749337968628189
2021-07-27,growth_fixed,growth,fixed,0.0097135236971455097,0,0.001,0,0.0097135236971455097,1.3433441725160036,1.3412465512112626,0.0015749337968628189
2021-07-28,growth_fixed,growth,fixed,0.0032438533778351708,0,0.001,0,0.0032438533778351708,1.3477017840476149,1.345597358366919,0.0015749337968628189
2021-07-29,growth_fixed,growth,fixed,0.0057958517983749402,0,0.001,0,0.0057958517983749402,1.3555128638563603,1.3533962412362985,0.0015749337968628189
2021-07-30,growth_fixed,growth,fixed,0.0073864092476523258,0,0.001,0,0.0073864092476523258,1.3655252366092605,1.3633929797483042,0.0015749337968628189
2021-08-02,growth_fixed,growth,fixed,0.0020486149223057915,0.067894697549037403,0.001,6.7894697549037409e-05,0.0019807202247567541,1.3683226719857633,1.3660934797975832,0.0016428284944118565
2021-08-03,growth_fixed,growth,fixed,0.00032538494568590259,0,0.001,0,0.00032538494568590259,1.3687679035840681,1.3665379860503091,0.0016428284944118565
2021-08-04,growth_fixed,growth,fixed,0.0096816715942327214,0,0.001,0,0.0096816715942327214,1.3820198649152955,1.3797683580522924,0.0016428284944118565
2021-08-05,growth_fixed,growth,fixed,0.0098745581969708063,0,0.001,0,0.0098745581969708063,1.3956667005007712,1.3933929610022187,0.0016428284944118565
2021-08-06,growth_fixed,growth,fixed,0.0059981978650036627,0,0.001,0,0.0059981978650036627,1.4040381855239716,1.4017508076860132,0.0016428284944118565
2021-08-09,growth_fixed,growth,fixed,0.018377636867877634,0,0.001,0,0.018377636867877634,1.4298410894461651,1.427511675008921,0.0016428284944118565
2021-08-10,growth_fixed,growth,fixed,0.010632850832943408,0,0.001,0,0.010632850832943408,1.4450443764650593,1.4426901937115759,0.0016428284944118565
2021-08-11,growth_fixed,growth,fixed,0.020893052989704231,0,0.001,0,0.020893052989704231,1.4752357651950179,1.4728323963765186,0.0016428284944118565
2021-08-12,growth_fixed,growth,fixed,-0.0027008616168280319,0,0.001,0,-0.0027008616168280319,1.4712513575410306,1.4688544798891245,0.0016428284944118565
2021-08-13,growth_fixed,growth,fixed,0.037213259344819116,0,0.001,0,0.037213259344819116,1.5260014158706223,1.523515342589038,0.0016428284944118565
2021-08-16,growth_fixed,growth,fixed,-0.0083867484991797525,0,0.001,0,-0.0083867484991797525,1.5132032257863233,1.5107380025761021,0.0016428284944118565
2021-08-17,growth_fixed,growth,fixed,-0.01823601429197641,0,0.001,0,-0.01823601429197641,1.4856084301342192,1.4831881627696923,0.0016428284944118565
2021-08-18,growth_fixed,growth,fixed,0.00064544983354730689,0,0.001,0,0.00064544983354730689,1.4865673158481658,1.4841454863224715,0.0016428284944118565
2021-08-19,growth_fixed,growth,fixed,0.024548796006125917,0,0.001,0,0.024548796006125917,1.5230607536342966,1.5205794711096143,0.0016428284944118565
2021-08-20,growth_fixed,growth,fixed,0.016705041988862357,0,0.001,0,0.016705041988862357,1.5485035474753459,1.5459808150219025,0.0016428284944118565
2021-08-23,growth_fixed,growth,fixed,0.0096681494741019947,0,0.001,0,0.0096681494741019947,1.5634747112335148,1.5609275886256284,0.0016428284944118565
2021-08-24,growth_fixed,growth,fixed,-0.024722536260644024,0,0.001,0,-0.024722536260644024,1.5248216509924444,1.5223374997155916,0.0016428284944118565
2021-08-25,growth_fixed,growth,fixed,0.0055600706252580956,0,0.001,0,0.0055600706252580956,1.533299767062885,1.530801803729489,0.0016428284944118565
2021-08-26,growth_fixed,growth,fixed,-0.022387218186778801,0,0.001,0,-0.022387218186778801,1.498973450631911,1.4965314097486824,0.0016428284944118565
2021-08-27,growth_fixed,growth,fixed,0.03016185277407879,0,0.001,0,0.03016185277407879,1.5441852671621237,1.5416695698013068,0.0016428284944118565
2021-08-30,growth_fixed,growth,fixed,-0.0080804911207892349,0,0.001,0,-0.0080804911207892349,1.5317074918219666,1.5292121225313364,0.0016428284944118565
2021-08-31,growth_fixed,growth,fixed,0.010848916387985907,0,0.001,0,0.010848916387985907,1.5483248583315947,1.5458024169881734,0.0016428284944118565
2021-09-01,growth_fixed,growth,fixed,0.021095756018279621,0.068694311359043497,0.001,6.8694311359043504e-05,0.021027061706920577,1.5809879417799955,1.5783060997968907,0.0017115228057708999
2021-09-02,growth_fixed,growth,fixed,0.0098623171095801876,0,0.001,0,0.0098623171095801876,1.5965801462082523,1.5938718550490725,0.0017115228057708999
2021-09-03,growth_fixed,growth,fixed,0.012494220033051118,0,0.001,0,0.012494220033051118,1.6165281698553791,1.6137860407105429,0.0017115228057708999
2021-09-07,growth_fixed,growth,fixed,-0.0555512388452164,0,0.001,0,-0.0555512388452164,1.5267280273917223,1.5241382269179553,0.0017115228057708999
2021-09-08,growth_fixed,growth,fixed,0.006462944134431492,0,0.001,0,0.006462944134431492,1.5365951853412259,1.5339886471316775,0.0017115228057708999
2021-09-09,growth_fixed,growth,fixed,-0.0040435078170339978,0,0.001,0,-0.0040435078170339978,1.5303819506976819,1.5277859520457591,0.0017115228057708999
2021-09-10,growth_fixed,growth,fixed,-0.012281784547032437,0,0.001,0,-0.012281784547032437,1.5115861293045458,1.5090220141487503,0.0017115228057708999
2021-09-13,growth_fixed,growth,fixed,-0.013556877876191975,0,0.001,0,-0.013556877876191975,1.4910937407502183,1.4885643869904504,0.0017115228057708999
2021-09-14,growth_fixed,growth,fixed,0.0095447474082972494,0,0.001,0,0.0095447474082972494,1.5053258538677721,1.502772358065261,0.0017115228057708999
2021-09-15,growth_fixed,growth,fixed,0.010339371601567393,0,0.001,0,0.010339371601567393,1.5208899772523576,1.5183100799078615,0.0017115228057708999
2021-09-16,growth_fixed,growth,fixed,-0.010174321906483597,0,0.001,0,-0.010174321906483597,1.5054159530394475,1.5028623044010201,0.0017115228057708999
2021-09-17,growth_fixed,growth,fixed,-0.020550263838588378,0,0.001,0,-0.020550263838588378,1.4744792580176669,1.4719780875325101,0.0017115228057708999
2021-09-20,growth_fixed,growth,fixed,-0.037019151598951416,0,0.001,0,-0.037019151598951416,1.4198952868356014,1.4174867075598097,0.0017115228057708999
2021-09-21,growth_fixed,growth,fixed,-0.015174464965984846,0,0.001,0,-0.015174464965984846,1.3983491355501476,1.3959771051761942,0.0017115228057708999
2021-09-22,growth_fixed,growth,fixed,0.027736373714279505,0,0.001,0,0.027736373714279505,1.4371342697568061,1.4346964478619393,0.0017115228057708999
2021-09-23,growth_fixed,growth,fixed,0.0081132771479957011,0,0.001,0,0.0081132771479957011,1.4487941383862255,1.4463365377666881,0.0017115228057708999
2021-09-24,growth_fixed,growth,fixed,-0.021786526781498394,0,0.001,0,-0.021786526781498394,1.417229946089396,1.4148258880515745,0.0017115228057708999
2021-09-27,growth_fixed,growth,fixed,-0.013093520599094854,0,0.001,0,-0.013093520599094854,1.3986734165966204,1.3963008361422384,0.0017115228057708999
2021-09-28,growth_fixed,growth,fixed,-0.015303072946473151,0,0.001,0,-0.015303072946473151,1.3772694152741494,1.3749331425915323,0.0017115228057708999
2021-09-29,growth_fixed,growth,fixed,0.013195178685604159,0,0.001,0,0.013195178685604159,1.3954427313069093,1.3930756310887868,0.0017115228057708999
2021-09-30,growth_fixed,growth,fixed,0.005203015404651623,0,0.001,0,0.005203015404651623,1.4027032413342082,1.4003238250571866,0.0017115228057708999
2021-10-01,growth_fixed,growth,fixed,0.028820969225892501,0.2545300329730717,0.001,0.00025453003297307169,0.028566439192919429,1.4431305082857611,1.4403260904560791,0.0019660528387439717
2021-10-04,growth_fixed,growth,fixed,-0.0044750553196404308,0,0.001,0,-0.0044750553196404308,1.4366724194277214,1.4338805515229667,0.0019660528387439717
2021-10-05,growth_fixed,growth,fixed,0.016034200746366301,0,0.001,0,0.016034200746366301,1.4597083134075932,1.4568716801323964,0.0019660528387439717
2021-10-06,growth_fixed,growth,fixed,0.0085455214497864862,0,0.001,0,0.0085455214497864862,1.4721822821102495,1.4693214083245543,0.0019660528387439717
2021-10-07,growth_fixed,growth,fixed,0.0048760386381552223,0,0.001,0,0.0048760386381552223,1.4793606998002267,1.4764858762834134,0.0019660528387439717
2021-10-08,growth_fixed,growth,fixed,-0.003095038778317627,0,0.001,0,-0.003095038778317627,1.4747820210672258,1.471916095240678,0.0019660528387439717
2021-10-11,growth_fixed,growth,fixed,0.0010102730764018908,0,0.001,0,0.0010102730764018908,1.4762719536366715,1.4734031324424224,0.0019660528387439717
2021-10-12,growth_fixed,growth,fixed,-0.0064159675776985781,0,0.001,0,-0.0064159675776985781,1.4668002406462728,1.4639498257157924,0.0019660528387439717
2021-10-13,growth_fixed,growth,fixed,0.012617895701408921,0,0.001,0,0.012617895701408921,1.485308173097549,1.4824217919287699,0.0019660528387439717
2021-10-14,growth_fixed,growth,fixed,0.008358580827715123,0,0.001,0,0.008358580827715123,1.4977232415164508,1.4948127342973727,0.0019660528387439717
2021-10-15,growth_fixed,growth,fixed,0.012943972608560506,0,0.001,0,0.012943972608560506,1.5171097301298442,1.5141615493850453,0.0019660528387439717
2021-10-18,growth_fixed,growth,fixed,-0.0041859436646619619,0,0.001,0,-0.0041859436646619619,1.51075919426641,1.5078233544401223,0.0019660528387439717
2021-10-19,growth_fixed,growth,fixed,0.01130574352510938,0,0.001,0,0.01130574352510938,1.527839450244987,1.5248704185665924,0.0019660528387439717
2021-10-20,growth_fixed,growth,fixed,0.023260769889030586,0,0.001,0,0.023260769889030586,1.5633781721245186,1.5603400784834598,0.0019660528387439717
2021-10-21,growth_fixed,growth,fixed,-0.0085310437051682175,0,0.001,0,-0.0085310437051682175,1.5500409246104183,1.5470287490789918,0.0019660528387439717
2021-10-22,growth_fixed,growth,fixed,-0.0028067016862376448,0,0.001,0,-0.0028067016862376448,1.545690422133577,1.5426867008802936,0.0019660528387439717
2021-10-25,growth_fixed,growth,fixed,0.011713501365579138,0,0.001,0,0.011713501365579138,1.5637958690040012,1.5607569636577157,0.0019660528387439717
2021-10-26,growth_fixed,growth,fixed,-0.0005499049445996107,0,0.001,0,-0.0005499049445996107,1.5629359299232914,1.5598986956860821,0.0019660528387439717
2021-10-27,growth_fixed,growth,fixed,-0.030919070643311564,0,0.001,0,-0.030919070643311564,1.5146114034950233,1.5116680777177545,0.0019660528387439717
2021-10-28,growth_fixed,growth,fixed,0.024346629091947403,0,0.001,0,0.024346629091947403,1.5514870855543506,1.5484720997160857,0.0019660528387439717
2021-10-29,growth_fixed,growth,fixed,0.0054764384777912234,0,0.001,0,0.0054764384777912234,1.5599837091274766,1.556952211904757,0.0019660528387439717
2021-11-01,growth_fixed,growth,fixed,0.0011172947096800279,0.24881828602949441,0.001,0.0002488182860294944,0.00086847642365053346,1.5617266706728719,1.558304388193547,0.0022148711247734661
2021-11-02,growth_fixed,growth,fixed,0.01413456985359085,0,0.001,0,0.01413456985359085,1.5838010053917135,1.5803303504216257,0.0022148711247734661
2021-11-03,growth_fixed,growth,fixed,0.0074275774624972257,0,0.001,0,0.0074275774624972257,1.5955648100444415,1.5920683765157178,0.0022148711247734661
2021-11-04,growth_fixed,growth,fixed,-0.0053612285163772144,0,0.001,0,-0.0053612285163772144,1.5870106224851033,1.5835329341355193,0.0022148711247734661
2021-11-05,growth_fixed,growth,fixed,-0.0094369546083321598,0,0.001,0,-0.0094369546083321598,1.5720340752777704,1.5685892057152835,0.0022148711247734661
2021-11-08,growth_fixed,growth,fixed,0.020882885292090814,0,0.001,0,0.020882885292090814,1.6048626825470542,1.6013458741686475,0.0022148711247734661
2021-11-09,growth_fixed,growth,fixed,0.019755144332068486,0,0.001,0,0.019755144332068486,1.6365669764739219,1.6329806930384114,0.0022148711247734661
2021-11-10,growth_fixed,growth,fixed,-0.011214800006710157,0,0.001,0,-0.011214800006710157,1.6182132051351805,1.6146671411511666,0.0022148711247734661
2021-11-11,growth_fixed,growth,fixed,0.0039166545426982946,0,0.001,0,0.0039166545426982946,1.6245511872361276,1.6209912345445019,0.0022148711247734661
2021-11-12,growth_fixed,growth,fixed,-0.0023295495808212108,0,0.001,0,-0.0023295495808212108,1.6207667146988791,1.6172150550935538,0.0022148711247734661
2021-11-15,growth_fixed,growth,fixed,-0.0055711656189617598,0,0.001,0,-0.0055711656189617598,1.6117371549015911,1.6082052821801491,0.0022148711247734661
2021-11-16,growth_fixed,growth,fixed,-0.029015984278082607,0,0.001,0,-0.029015984278082607,1.564971014954565,1.5615416229964805,0.0022148711247734661
2021-11-17,growth_fixed,growth,fixed,-0.002708743770939992,0,0.001,0,-0.002708743770939992,1.5607319094661052,1.5573118068521252,0.0022148711247734661
2021-11-18,growth_fixed,growth,fixed,-0.024202829263942016,0,0.001,0,-0.024202829263942016,1.5229577815345108,1.5196204550801622,0.0022148711247734661
2021-11-19,growth_fixed,growth,fixed,0.01060899562250639,0,0.001,0,0.01060899562250639,1.5391148339720724,1.5357421018359787,0.0022148711247734661
2021-11-22,growth_fixed,growth,fixed,-0.012697236904640752,0,0.001,0,-0.012697236904640752,1.5195723283016822,1.5162424205445364,0.0022148711247734661
2021-11-23,growth_fixed,growth,fixed,0.0095049809245342232,0,0.001,0,0.0095049809245342232,1.5340158342956398,1.5306542758287818,0.0022148711247734661
2021-11-24,growth_fixed,growth,fixed,-0.0086181234234472548,0,0.001,0,-0.0086181234234472548,1.5207954965021575,1.517462908361062,0.0022148711247734661
2021-11-26,growth_fixed,growth,fixed,-0.03105914580575575,0,0.001,0,-0.03105914580575575,1.4735608874355604,1.4703318066354496,0.0022148711247734661
2021-11-29,growth_fixed,growth,fixed,0.011083834525557057,0,0.001,0,0.011083834525557057,1.489893592475229,1.4866287210778604,0.0022148711247734661
2021-11-30,growth_fixed,growth,fixed,-0.011548639254145177,0,0.001,0,-0.011548639254145177,1.4726873488486703,1.4694601822732809,0.0022148711247734661
2021-12-01,growth_fixed,growth,fixed,-0.0052650564806612232,0.31100416149979432,0.001,0.00031100416149979431,-0.0055760606421610178,1.4649335667786267,1.4612663831856842,0.0025258752862732602
2021-12-02,growth_fixed,growth,fixed,0.020509848119824037,0,0.001,0,0.020509848119824037,1.4949791317388885,1.4912367347674271,0.0025258752862732602
2021-12-03,growth_fixed,growth,fixed,-0.013688182024900186,0,0.001,0,-0.013688182024900186,1.4745155852602194,1.4708244148997127,0.0025258752862732602
2021-12-06,growth_fixed,growth,fixed,0.015905012235304161,0,0.001,0,0.015905012235304161,1.4979677736849299,1.4942178952146767,0.0025258752862732602
2021-12-07,growth_fixed,growth,fixed,0.00073381809861294833,0,0.001,0,0.00073381809861294833,1.4990670095483989,1.4953143793494565,0.0025258752862732602
2021-12-08,growth_fixed,growth,fixed,0.0087636581249896928,0,0.001,0,0.0087636581249896928,1.5122043203265316,1.5084188033594563,0.0025258752862732602
2021-12-09,growth_fixed,growth,fixed,-0.020379744090179841,0,0.001,0,-0.020379744090179841,1.4813859832662126,1.4776776141661754,0.0025258752862732602
2021-12-10,growth_fixed,growth,fixed,-0.0044671776077294112,0,0.001,0,-0.0044671776077294112,1.4747683689733615,1.4710765658167293,0.0025258752862732602
2021-12-13,growth_fixed,growth,fixed,-0.019470222268694992,0,0.001,0,-0.019470222268694992,1.4460543010346094,1.4424343781060092,0.0025258752862732602
2021-12-14,growth_fixed,growth,fixed,-0.001737521878076409,0,0.001,0,-0.001737521878076409,1.4435417500496752,1.4399281168163605,0.0025258752862732602
2021-12-15,growth_fixed,growth,fixed,0.021762645258947222,0,0.001,0,0.021762645258947222,1.4749570370724863,1.4712647616210188,0.0025258752862732602
2021-12-16,growth_fixed,growth,fixed,-0.0029728191702618201,0,0.001,0,-0.0029728191702618201,1.4705722565173647,1.4668909575331412,0.0025258752862732602
2021-12-17,growth_fixed,growth,fixed,-0.016115421016643983,0,0.001,0,-0.016115421016643983,1.4468733654681911,1.4432513921669867,0.0025258752862732602
2021-12-20,growth_fixed,growth,fixed,-0.00088899548245802151,0,0.001,0,-0.00088899548245802151,1.445587101582601,1.4419683481992991,0.0025258752862732602
2021-12-21,growth_fixed,growth,fixed,0.0084619665313387937,0,0.001,0,0.0084619665313387937,1.457819611254328,1.4541702361010114,0.0025258752862732602
2021-12-22,growth_fixed,growth,fixed,0.0087573389220372277,0,0.001,0,0.0087573389220372277,1.4705862316772746,1.4669048977088868,0.0025258752862732602
2021-12-23,growth_fixed,growth,fixed,0.015869392146901973,0,0.001,0,0.015869392146901973,1.4939235412735961,1.4901837867728402,0.0025258752862732602
2021-12-27,growth_fixed,growth,fixed,0.012688780614548367,0,0.001,0,0.012688780614548367,1.512879609343726,1.5090924019185576,0.0025258752862732602
2021-12-28,growth_fixed,growth,fixed,-0.015132037835740353,0,0.001,0,-0.015132037835740353,1.4899866578542167,1.4862567585950976,0.0025258752862732602
2021-12-29,growth_fixed,growth,fixed,-0.0047369730300528268,0,0.001,0,-0.0047369730300528268,1.4829286312408227,1.479216400413899,0.0025258752862732602
2021-12-30,growth_fixed,growth,fixed,0.0036946654123062306,0,0.001,0,0.0036946654123062306,1.4884075563635868,1.4846816100858244,0.0025258752862732602
2021-12-31,growth_fixed,growth,fixed,-0.0068494266890165578,0,0.001,0,-0.0068494266890165578,1.4782128179228962,1.4745123922410106,0.0025258752862732602
2022-01-03,growth_fixed,growth,fixed,-0.010646680603969005,0.14527670171623211,0.001,0.00014527670171623211,-0.010791957305685237,1.462474758185778,1.4585995174572417,0.0026711519879894924
2022-01-04,growth_fixed,growth,fixed,-0.003949238449085235,0,0.001,0,-0.003949238449085235,1.456699096639934,1.4528391601610824,0.0026711519879894924
2022-01-05,growth_fixed,growth,fixed,-0.018837066721846041,0,0.001,0,-0.018837066721846041,1.4292591585628747,1.4254719319650173,0.0026711519879894924
2022-01-06,growth_fixed,growth,fixed,-0.0037031707641483891,0,0.001,0,-0.0037031707641483891,1.4239663678324932,1.4201931659814504,0.0026711519879894924
2022-01-07,growth_fixed,growth,fixed,-0.017160129912904054,0,0.001,0,-0.017160129912904054,1.3995309199688815,1.3958224667517902,0.0026711519879894924
2022-01-10,growth_fixed,growth,fixed,-0.0085452072837471915,0,0.001,0,-0.0085452072837471915,1.3875716381577339,1.3838948744420849,0.0026711519879894924
2022-01-11,growth_fixed,growth,fixed,0.015204576234091105,0,0.001,0,0.015204576234091105,1.4086690769103658,1.4049364095605075,0.0026711519879894924
2022-01-12,growth_fixed,growth,fixed,0.015980993319817394,0,0.001,0,0.015980993319817394,1.4311810080183036,1.4273886889364622,0.0026711519879894924
2022-01-13,growth_fixed,growth,fixed,-0.017790907655525823,0,0.001,0,-0.017790907655525823,1.4057189988663077,1.4019941485830516,0.0026711519879894924
2022-01-14,growth_fixed,growth,fixed,0.001323909532191081,0,0.001,0,0.001323909532191081,1.4075800436484889,1.4038502620004367,0.0026711519879894924
2022-01-18,growth_fixed,growth,fixed,-0.010653099759541207,0,0.001,0,-0.010653099759541207,1.3925849530239622,1.388894905111888,0.0026711519879894924
2022-01-19,growth_fixed,growth,fixed,-0.011273016564226412,0,0.001,0,-0.011273016564226412,1.3768863197814307,1.373237869840592,0.0026711519879894924
2022-01-20,growth_fixed,growth,fixed,-0.018480620957826432,0,0.001,0,-0.018480620957826432,1.3514406056035335,1.3478595812831351,0.0026711519879894924
2022-01-21,growth_fixed,growth,fixed,-0.033098633623595997,0,0.001,0,-0.033098633623595997,1.3067097681346114,1.3032472708261911,0.0026711519879894924
2022-01-24,growth_fixed,growth,fixed,-0.0075838143004294256,0,0.001,0,-0.0075838143004294256,1.2967999239085213,1.2933636855367039,0.0026711519879894924
2022-01-25,growth_fixed,growth,fixed,0.001115605600609415,0,0.001,0,0.001115605600609415,1.2982466411665035,1.2948065693079134,0.0026711519879894924
2022-01-26,growth_fixed,growth,fixed,-0.010178238647409632,0,0.001,0,-0.010178238647409632,1.2850327770295129,1.2816277190432637,0.0026711519879894924
2022-01-27,growth_fixed,growth,fixed,-0.00451354132726145,0,0.001,0,-0.00451354132726145,1.2792327284835046,1.275843039367198,0.0026711519879894924
2022-01-28,growth_fixed,growth,fixed,0.017825548932436153,0,0.001,0,0.017825548932436153,1.302035754081061,1.2985856418955461,0.0026711519879894924
2022-01-31,growth_fixed,growth,fixed,0.0070000785281587596,0,0.001,0,0.0070000785281587596,1.3111501066060989,1.3076758433643545,0.0026711519879894924
2022-02-01,growth_fixed,growth,fixed,0.010432426717872589,0.29721559585648921,0.001,0.00029721559585648924,0.0101352111220161,1.3248285840093978,1.3209294141160126,0.0029683675838459815
2022-02-02,growth_fixed,growth,fixed,-0.0099719057043500259,0,0.001,0,-0.0099719057043500259,1.3116175182952285,1.3077572305563454,0.0029683675838459815
2022-02-03,growth_fixed,growth,fixed,-0.0051960824090367952,0,0.001,0,-0.0051960824090367952,1.3048022455810302,1.300962016215361,0.0029683675838459815
2022-02-04,growth_fixed,growth,fixed,0.026458140473907266,0,0.001,0,0.026458140473907266,1.3393248866852827,1.3353830519916046,0.0029683675838459815
2022-02-07,growth_fixed,growth,fixed,0.018416610829376623,0,0.001,0,0.018416610829376623,1.3639907118974646,1.3599762819682792,0.0029683675838459815
2022-02-08,growth_fixed,growth,fixed,-0.0016237234570234405,0,0.001,0,-0.0016237234570234405,1.3617759681833945,1.3577680565782517,0.0029683675838459815
2022-02-09,growth_fixed,growth,fixed,0.013081226473371954,0,0.001,0,0.013081226473371954,1.3795896680291968,1.3755293280246619,0.0029683675838459815
2022-02-10,growth_fixed,growth,fixed,-0.020912705462464376,0,0.001,0,-0.020912705462464376,1.3507387156426431,1.3467632883327005,0.0029683675838459815
2022-02-11,growth_fixed,growth,fixed,-0.023254948883428384,0,0.001,0,-0.023254948883428384,1.3193273558555059,1.3154443769044457,0.0029683675838459815
2022-02-14,growth_fixed,growth,fixed,-0.0072435260738628049,0,0.001,0,-0.0072435260738628049,1.3097707737534061,1.3059159212616223,0.0029683675838459815
2022-02-15,growth_fixed,growth,fixed,0.02113139668985764,0,0.001,0,0.02113139668985764,1.3374480595463711,1.3335117486374024,0.0029683675838459815
2022-02-16,growth_fixed,growth,fixed,-0.0051707384673493895,0,0.001,0,-0.0051707384673493895,1.3305324654167929,1.3266165081420607,0.0029683675838459815
2022-02-17,growth_fixed,growth,fixed,-0.035242723172638768,0,0.001,0,-0.035242723172638768,1.2836408780659003,1.2798629297893573,0.0029683675838459815
2022-02-18,growth_fixed,growth,fixed,-0.007011943840077195,0,0.001,0,-0.007011943840077195,1.2746400603180748,1.2708886028026778,0.0029683675838459815
2022-02-22,growth_fixed,growth,fixed,0.0062548469767043091,0,0.001,0,0.0062548469767043091,1.2826127388457416,1.2788378165376462,0.0029683675838459815
2022-02-23,growth_fixed,growth,fixed,-0.0062213659470368166,0,0.001,0,-0.0062213659470368166,1.274633135629051,1.2708816984940559,0.0029683675838459815
2022-02-24,growth_fixed,growth,fixed,0.00077522773064231387,0,0.001,0,0.00077522773064231387,1.2756212665821862,1.2718669212290943,0.0029683675838459815
2022-02-25,growth_fixed,growth,fixed,0.02983955916264569,0,0.001,0,0.02983955916264569,1.3136852428354944,1.3098188694721218,0.0029683675838459815
2022-02-28,growth_fixed,growth,fixed,0.028615845468366485,0,0.001,0,0.028615845468366485,1.3512774567385484,1.3473004438324865,0.0029683675838459815
2022-03-01,growth_fixed,growth,fixed,-0.0040672033957316334,0.41326594866362809,0.001,0.00041326594866362808,-0.0044804693443952614,1.3457815364779258,1.3412639054962048,0.00338163353250961
2022-03-02,growth_fixed,growth,fixed,0.0039198402725686421,0,0.001,0,0.0039198402725686421,1.3510567851426913,1.3465214457691115,0.00338163353250961
2022-03-03,growth_fixed,growth,fixed,-0.0074948379597463699,0,0.001,0,-0.0074948379597463699,1.340930833463631,1.3364294857237486,0.00338163353250961
2022-03-04,growth_fixed,growth,fixed,-0.019906290744452826,0,0.001,0,-0.019906290744452826,1.3142378744245025,1.3098261318214721,0.00338163353250961
2022-03-07,growth_fixed,growth,fixed,-0.019367080192596808,0,0.001,0,-0.019367080192596808,1.2887849241183751,1.2844586240881268,0.00338163353250961
2022-03-08,growth_fixed,growth,fixed,-0.0089170399645900345,0,0.001,0,-0.0089170399645900345,1.2772927774442504,1.2730050552042707,0.00338163353250961
2022-03-09,growth_fixed,growth,fixed,0.023605366505520475,0,0.001,0,0.023605366505520475,1.3074437415906761,1.3030548060957479,0.00338163353250961
2022-03-10,growth_fixed,growth,fixed,-0.018452341763337987,0,0.001,0,-0.018452341763337987,1.2833183428345076,1.2790103934773089,0.00338163353250961
2022-03-11,growth_fixed,growth,fixed,-0.0058424528758820315,0,0.001,0,-0.0058424528758820315,1.275820615891742,1.2715378355256544,0.00338163353250961
2022-03-14,growth_fixed,growth,fixed,0.0041273410781206277,0,0.001,0,0.0041273410781206277,1.2810863627280251,1.276785905866604,0.00338163353250961
2022-03-15,growth_fixed,growth,fixed,0.0080827609860780747,0,0.001,0,0.0080827609860780747,1.2914410776004799,1.2871058611741168,0.00338163353250961
2022-03-16,growth_fixed,growth,fixed,0.018646618740397303,0,0.001,0,0.018646618740397303,1.3155220870001838,1.3111060334459614,0.00338163353250961
2022-03-17,growth_fixed,growth,fixed,0.0095914010691500184,0,0.001,0,0.0095914010691500184,1.3281397869519278,1.323681377256924,0.00338163353250961
2022-03-18,growth_fixed,growth,fixed,0.012288162434361816,0,0.001,0,0.012288162434361816,1.3444601843895319,1.3399469890319968,0.00338163353250961
2022-03-21,growth_fixed,growth,fixed,0.0060017742196423196,0,0.001,0,0.0060017742196423196,1.3525293308635364,1.3479890483264565,0.00338163353250961
2022-03-22,growth_fixed,growth,fixed,0.019683375151456017,0,0.001,0,0.019683375151456017,1.3791516730862712,1.3745220224647203,0.00338163353250961
2022-03-23,growth_fixed,growth,fixed,0.002982866094050296,0,0.001,0,0.002982866094050296,1.383265497850473,1.3786220376010558,0.00338163353250961
2022-03-24,growth_fixed,growth,fixed,0.011420911615545704,0,0.001,0,0.011420911615545704,1.3990636508422571,1.3943671580437411,0.00338163353250961
2022-03-25,growth_fixed,growth,fixed,0.0025297086080060538,0,0.001,0,0.0025297086080060538,1.4026028742029413,1.3978945006461654,0.00338163353250961
2022-03-28,growth_fixed,growth,fixed,0.0038697419975060043,0,0.001,0,0.0038697419975060043,1.4080305854510671,1.4033039917033985,0.00338163353250961
2022-03-29,growth_fixed,growth,fixed,0.01603237205644481,0,0.001,0,0.01603237205644481,1.4306046556638723,1.4258022834066815,0.00338163353250961
2022-03-30,growth_fixed,growth,fixed,-0.0001239563211852257,0,0.001,0,-0.0001239563211852257,1.4304273231736857,1.4256255462008929,0.00338163353250961
2022-03-31,growth_fixed,growth,fixed,-0.01463973955984621,0,0.001,0,-0.01463973955984621,1.4094862397031349,1.4047547594946483,0.00338163353250961
2022-04-01,growth_fixed,growth,fixed,0.010620534894728362,0.33351588930236348,0.001,0.00033351588930236346,0.010287019005425998,1.4244557374955416,1.4192054984035325,0.0037151494218119734
2022-04-04,growth_fixed,growth,fixed,0.0038573171836688847,0,0.001,0,0.0038573171836688847,1.4299503150891588,1.4246798241596819,0.0037151494218119734
2022-04-05,growth_fixed,growth,fixed,-0.011929398765573973,0,0.001,0,-0.011929398765573973,1.412891867565502,1.4076842504240132,0.0037151494218119734
2022-04-06,growth_fixed,growth,fixed,-0.017023053010121636,0,0.001,0,-0.017023053010121636,1.3888401344063648,1.383721166807532,0.0037151494218119734
2022-04-07,growth_fixed,growth,fixed,0.01024547023547151,0,0.001,0,0.01024547023547151,1.4030694546652533,1.3978980408362505,0.0037151494218119734
2022-04-08,growth_fixed,growth,fixed,-0.0057607683828088119,0,0.001,0,-0.0057607683828088119,1.3949866965119329,1.3898450740002106,0.0037151494218119734
2022-04-11,growth_fixed,growth,fixed,-0.031652608202212162,0,0.001,0,-0.031652608202212162,1.3508317291599423,1.3458528524111073,0.0037151494218119734
2022-04-12,growth_fixed,growth,fixed,0.0033390579735064208,0,0.001,0,0.0033390579735064208,1.3553422346160593,1.350346733109117,0.0037151494218119734
2022-04-13,growth_fixed,growth,fixed,0.008741251033211217,0,0.001,0,0.008741251033211217,1.3671896213247516,1.3621504528851005,0.0037151494218119734
2022-04-14,growth_fixed,growth,fixed,-0.0081944518973884328,0,0.001,0,-0.0081944518973884328,1.3559862517381973,1.3509883765219277,0.0037151494218119734
2022-04-18,growth_fixed,growth,fixed,-0.00083024136093357015,0,0.001,0,-0.00083024136093357015,1.3548604558671469,1.3498667300935987,0.0037151494218119734
2022-04-19,growth_fixed,growth,fixed,0.012254461242078296,0,0.001,0,0.012254461242078296,1.3714635408119953,1.3664086196195018,0.0037151494218119734
2022-04-20,growth_fixed,growth,fixed,-0.0039550437095715596,0,0.001,0,-0.0039550437095715596,1.3660393425620001,1.3610044138037714,0.0037151494218119734
2022-04-21,growth_fixed,growth,fixed,-0.0081969319280548181,0,0.001,0,-0.0081969319280548181,1.3548420110599746,1.3498483532700396,0.0037151494218119734
2022-04-22,growth_fixed,growth,fixed,-0.017322338305655993,0,0.001,0,-0.017322338305655993,1.3313729793936784,1.3264658234333633,0.0037151494218119734
2022-04-25,growth_fixed,growth,fixed,0.0044783287836658303,0,0.001,0,0.0044783287836658303,1.337335305329092,1.332406173510994,0.0037151494218119734
2022-04-26,growth_fixed,growth,fixed,-0.02301683411519917,0,0.001,0,-0.02301683411519917,1.3065540804499329,1.3017384016412241,0.0037151494218119734
2022-04-27,growth_fixed,growth,fixed,0.0056030693973028178,0,0.001,0,0.0056030693973028178,1.3138747936340232,1.3090321322427541,0.0037151494218119734
2022-04-28,growth_fixed,growth,fixed,0.010040551938576003,0,0.001,0,0.010040551938576003,1.3270668217402914,1.3221755373558024,0.0037151494218119734
2022-04-29,growth_fixed,growth,fixed,-0.033157236332346351,0,0.001,0,-0.033157236332346351,1.283064953503033,1.2783358505908491,0.0037151494218119734
2022-05-02,growth_fixed,growth,fixed,0.0010055193747280367,0.32109429827220892,0.001,0.00032109429827220892,0.00068442507645582779,1.2843551001728148,1.2792107757031259,0.0040362437200841825
2022-05-03,growth_fixed,growth,fixed,-0.00094032648558395326,0,0.001,0,-0.00094032648558395326,1.2831473870552275,1.2780078999300879,0.0040362437200841825
2022-05-04,growth_fixed,growth,fixed,0.052249712366725376,0,0.001,0,0.052249712366725376,1.3501914689529784,1.3447834451038378,0.0040362437200841825
2022-05-05,growth_fixed,growth,fixed,-0.043417142973924405,0,0.001,0,-0.043417142973924405,1.2915700129032739,1.2863967899987978,0.0040362437200841825
2022-05-06,growth_fixed,growth,fixed,0.00038843039669855806,0,0.001,0,0.00038843039669855806,1.2920716979557498,1.2868964656142488,0.0040362437200841825
2022-05-09,growth_fixed,growth,fixed,-0.054690057844390405,0,0.001,0,-0.054690057844390405,1.2214082220554501,1.2165160234700638,0.0040362437200841825
2022-05-10,growth_fixed,growth,fixed,0.0032663247585011934,0,0.001,0,0.0032663247585011934,1.2253977379713867,1.2204895598766374,0.0040362437200841825
2022-05-11,growth_fixed,growth,fixed,-0.02780809804450457,0,0.001,0,-0.02780809804450457,1.1913217575303643,1.1865500665332938,0.0040362437200841825
2022-05-12,growth_fixed,growth,fixed,-0.0077602618045428118,0,0.001,0,-0.0077602618045428118,1.1820767887984807,1.1773421273727978,0.0040362437200841825
2022-05-13,growth_fixed,growth,fixed,0.02605557827938032,0,0.001,0,0.02605557827938032,1.212876483101258,1.2080184573341719,0.0040362437200841825
2022-05-16,growth_fixed,growth,fixed,-0.011289193969370448,0,0.001,0,-0.011289193969370448,1.1991840852226401,1.1943809026507468,0.0040362437200841825
2022-05-17,growth_fixed,growth,fixed,0.021556894417164907,0,0.001,0,0.021556894417164907,1.225034769934529,1.220128045663067,0.0040362437200841825
2022-05-18,growth_fixed,growth,fixed,-0.027048622387273569,0,0.001,0,-0.027048622387273569,1.1918992670312893,1.1871252628918045,0.0040362437200841825
2022-05-19,growth_fixed,growth,fixed,0.0097611162678328256,0,0.001,0,0.0097611162678328256,1.2035335343563265,1.1987129306073729,0.0040362437200841825
2022-05-20,growth_fixed,growth,fixed,-0.0064214105830223689,0,0.001,0,-0.0064214105830223689,1.1958051513817884,1.191015502708765,0.0040362437200841825
2022-05-23,growth_fixed,growth,fixed,0.0019823483958887334,0,0.001,0,0.0019823483958887334,1.1981756538054256,1.1933765103800382,0.0040362437200841825
2022-05-24,growth_fixed,growth,fixed,0.011491302387635294,0,0.001,0,0.011491302387635294,1.2119442525568063,1.2070899607231163,0.0040362437200841825
2022-05-25,growth_fixed,growth,fixed,0.0057945556244780594,0,0.001,0,0.0057945556244780594,1.2189669309420132,1.2140845106442755,0.0040362437200841825
2022-05-26,growth_fixed,growth,fixed,-0.0067781288217100277,0,0.001,0,-0.0067781288217100277,1.2107046160546837,1.2058552894306858,0.0040362437200841825
2022-05-27,growth_fixed,growth,fixed,0.0011099360219450904,0,0.001,0,0.0011099360219450904,1.212048420719978,1.2071937116536779,0.0040362437200841825
2022-05-31,growth_fixed,growth,fixed,-0.0016495384390802226,0,0.001,0,-0.0016495384390802226,1.2100491002599738,1.2052023992228893,0.0040362437200841825
2022-06-01,growth_fixed,growth,fixed,-0.021654402646636761,0.30071304953066391,0.001,0.00030071304953066389,-0.021955115696167427,1.1838462098207438,1.1787420411106522,0.0043369567696148461
2022-06-02,growth_fixed,growth,fixed,0.010306864106444102,0,0.001,0,0.010306864106444102,1.1960479518282952,1.1908911751449323,0.0043369567696148461
2022-06-03,growth_fixed,growth,fixed,-0.013254803372624413,0,0.001,0,-0.013254803372624413,1.180194571402581,1.1751061467801927,0.0043369567696148461
2022-06-06,growth_fixed,growth,fixed,0.010806566908389659,0,0.001,0,0.010806566908389659,1.1929484230033613,1.1878050099798327,0.0043369567696148461
2022-06-07,growth_fixed,growth,fixed,0.004692908027923659,0,0.001,0,0.004692908027923659,1.1985468202345726,1.1933792696467751,0.0043369567696148461
2022-06-08,growth_fixed,growth,fixed,-0.012658970196348762,0,0.001,0,-0.012658970196348762,1.1833744517582945,1.1782723170393761,0.0043369567696148461
2022-06-09,growth_fixed,growth,fixed,-0.017086114373347172,0,0.001,0,-0.017086114373347172,1.1631551805290552,1.1581402214674925,0.0043369567696148461
2022-06-10,growth_fixed,growth,fixed,-0.027325819292831954,0,0.001,0,-0.027325819292831954,1.1313710122563969,1.1264930910599114,0.0043369567696148461
2022-06-13,growth_fixed,growth,fixed,-0.067267464670213828,0,0.001,0,-0.067267464670213828,1.0552665526605356,1.0507167568557989,0.0043369567696148461
2022-06-14,growth_fixed,growth,fixed,-0.017942645218212649,0,0.001,0,-0.017942645218212649,1.0363322792955012,1.0318641188627042,0.0043369567696148461
2022-06-15,growth_fixed,growth,fixed,0.019814410405416316,0,0.001,0,0.019814410405416316,1.0568665923938427,1.0523098979964731,0.0043369567696148461
2022-06-16,growth_fixed,growth,fixed,-0.040235320304014,0,0.001,0,-0.040235320304014,1.0143432265302648,1.0099698721915007,0.0043369567696148461
2022-06-17,growth_fixed,growth,fixed,0.0091322083408869048,0,0.001,0,0.0091322083408869048,1.0236064202041066,1.0191931274823725,0.0043369567696148461
2022-06-21,growth_fixed,growth,fixed,0.015595041350300765,0,0.001,0,0.015595041350300765,1.0395696046536229,1.0350874864494024,0.0043369567696148461
2022-06-22,growth_fixed,growth,fixed,-0.0084016076625196279,0,0.001,0,-0.0084016076625196279,1.0308355486974425,1.0263910874918709,0.0043369567696148461
2022-06-23,growth_fixed,growth,fixed,0.021855121097706709,0,0.001,0,0.021855121097706709,1.0533645844460462,1.0488229890026126,0.0043369567696148461
2022-06-24,growth_fixed,growth,fixed,0.020507304827661166,0,0.001,0,0.020507304827661166,1.0749662530739439,1.070331521748348,0.0043369567696148461
2022-06-27,growth_fixed,growth,fixed,-0.0039428069325203596,0,0.001,0,-0.0039428069325203596,1.0707278686790984,1.0661114112043035,0.0043369567696148461
2022-06-28,growth_fixed,growth,fixed,-0.018556386246970424,0,0.001,0,-0.018556386246970424,1.0508590287824937,1.0463282360756938,0.0043369567696148461
2022-06-29,growth_fixed,growth,fixed,-0.0022348403379574,0,0.001,0,-0.0022348403379574,1.048510526635464,1.0439898595269681,0.0043369567696148461
2022-06-30,growth_fixed,growth,fixed,-0.009677833084733356,0,0.001,0,-0.009677833084733356,1.0383632167711001,1.0338862999243119,0.0043369567696148461
2022-07-01,growth_fixed,growth,fixed,0.0048390608791148981,0.40993458808905109,0.001,0.00040993458808905107,0.0044291262910258469,1.0433879195916891,1.0384655129172382,0.0047468913577038974
2022-07-05,growth_fixed,growth,fixed,-0.0025123239072537551,0,0.001,0,-0.0025123239072537551,1.0407665911767592,1.0358565511822777,0.0047468913577038974
2022-07-06,growth_fixed,growth,fixed,0.0057328610755722487,0,0.001,0,0.0057328610755722487,1.0467331614560724,1.0417949728844271,0.0047468913577038974
2022-07-07,growth_fixed,growth,fixed,0.012369479183859555,0,0.001,0,0.012369479183859555,1.0596807055077588,1.0546814341153705,0.0047468913577038974
2022-07-08,growth_fixed,growth,fixed,-0.0023566357633616475,0,0.001,0,-0.0023566357633616475,1.0571834240594149,1.0521959341287808,0.0047468913577038974
2022-07-11,growth_fixed,growth,fixed,-0.01515162744162557,0,0.001,0,-0.01515162744162557,1.0411653746806047,1.0362534533392682,0.0047468913577038974
2022-07-12,growth_fixed,growth,fixed,-0.010405268831114367,0,0.001,0,-0.010405268831114367,1.0303317690594052,1.0254709575801024,0.0047468913577038974
2022-07-13,growth_fixed,growth,fixed,0.01125285746767446,0,0.001,0,0.01125285746767446,1.0419259456010475,1.037010436102991,0.0047468913577038974
2022-07-14,growth_fixed,growth,fixed,0.0069037880985738376,0,0.001,0,0.0069037880985738376,1.0491191815438832,1.0441697364098557,0.0047468913577038974
2022-07-15,growth_fixed,growth,fixed,0.011647444640241034,0,0.001,0,0.011647444640241034,1.0613387391319304,1.0563316456097045,0.0047468913577038974
2022-07-18,growth_fixed,growth,fixed,0.018806758005690094,0,0.001,0,0.018806758005690094,1.0812990799608488,1.0761978192424386,0.0047468913577038974
2022-07-19,growth_fixed,growth,fixed,0.014765354063996483,0,0.001,0,0.014765354063996483,1.0972648437255443,1.0920882610864542,0.0047468913577038974
2022-07-20,growth_fixed,growth,fixed,-0.010528278703084371,0,0.001,0,-0.010528278703084371,1.0857125336397055,1.0805904515053693,0.0047468913577038974
2022-07-21,growth_fixed,growth,fixed,0.0080628378327054495,0,0.001,0,0.0080628378327054495,1.0944664577313783,1.089303077079427,0.0047468913577038974
2022-07-22,growth_fixed,growth,fixed,-0.0064385637966314357,0,0.001,0,-0.0064385637966314357,1.0874196656200017,1.0822895297237842,0.0047468913577038974
2022-07-25,growth_fixed,growth,fixed,-0.020031582449614782,0,0.001,0,-0.020031582449614782,1.0656369289308021,1.0606095577747674,0.0047468913577038974
2022-07-26,growth_fixed,growth,fixed,-0.0019917542767867724,0,0.001,0,-0.0019917542767867724,1.0635144420201021,1.0584970841520687,0.0047468913577038974
2022-07-27,growth_fixed,growth,fixed,0.026004198618158947,0,0.001,0,0.026004198618158947,1.0911702828036733,1.0860224525651012,0.0047468913577038974
2022-07-28,growth_fixed,growth,fixed,0.016891407565069905,0,0.001,0,0.016891407565069905,1.1096016847734027,1.1043669004361951,0.0047468913577038974
2022-07-29,growth_fixed,growth,fixed,0.0019229047700279889,0,0.001,0,0.0019229047700279889,1.1117353431458845,1.1064904928169048,0.0047468913577038974
2022-08-01,growth_fixed,growth,fixed,-0.0041727731042615623,0.055525300448006,0.001,5.5525300448006e-05,-0.0042282984047095681,1.1070963238069484,1.1018119208313006,0.0048024166581519031
2022-08-02,growth_fixed,growth,fixed,-0.010193257227844366,0,0.001,0,-0.010193257227844366,1.0958114062023834,1.0905808685055618,0.0048024166581519031
2022-08-03,growth_fixed,growth,fixed,0.010113898591802783,0,0.001,0,0.010113898591802783,1.1068943316404551,1.1016108928157873,0.0048024166581519031
2022-08-04,growth_fixed,growth,fixed,-0.0034029583981638467,0,0.001,0,-0.0034029583981638467,1.1031276162787194,1.097862156776571,0.0048024166581519031
2022-08-05,growth_fixed,growth,fixed,0.006298822472954102,0,0.001,0,0.006298822472954102,1.110076021298672,1.1047773956018812,0.0048024166581519031
2022-08-08,growth_fixed,growth,fixed,0.010066232391281238,0,0.001,0,0.010066232391281238,1.1212503045010533,1.1158983416066441,0.0048024166581519031
2022-08-09,growth_fixed,growth,fixed,-0.0095517681334920113,0,0.001,0,-0.0095517681334920113,1.1105403815728521,1.1052395393870693,0.0048024166581519031
2022-08-10,growth_fixed,growth,fixed,0.021923248724534439,0,0.001,0,0.021923248724534439,1.134887034576713,1.1294699807092419,0.0048024166581519031
2022-08-11,growth_fixed,growth,fixed,-0.0014018886274436149,0,0.001,0,-0.0014018886274436149,1.1332960493495068,1.1278865895882466,0.0048024166581519031
2022-08-12,growth_fixed,growth,fixed,0.014534657455791189,0,0.001,0,0.014534657455791189,1.1497681192228033,1.1442800348168922,0.0048024166581519031
2022-08-15,growth_fixed,growth,fixed,0.0061536163266744381,0,0.001,0,0.0061536163266744381,1.1568433510931424,1.151321495121429,0.0048024166581519031
2022-08-16,growth_fixed,growth,fixed,0.0069617571655860022,0,0.001,0,0.0069617571655860022,1.1648970135820755,1.1593367157899839,0.0048024166581519031
2022-08-17,growth_fixed,growth,fixed,-0.008769741242140805,0,0.001,0,-0.008769741242140805,1.1546811681992182,1.1491696327799923,0.0048024166581519031
2022-08-18,growth_fixed,growth,fixed,-0.0065312798879544331,0,0.001,0,-0.0065312798879544331,1.147139622308359,1.1416640842695684,0.0048024166581519031
2022-08-19,growth_fixed,growth,fixed,-0.030841364773819602,0,0.001,0,-0.030841364773819602,1.1117602707702452,1.1064536057974419,0.0048024166581519031
2022-08-22,growth_fixed,growth,fixed,-0.011802934776424023,0,0.001,0,-0.011802934776424023,1.0986382368073244,1.0933942060550754,0.0048024166581519031
2022-08-23,growth_fixed,growth,fixed,-0.0011306915726444489,0,0.001,0,-0.0011306915726444489,1.0973960158115814,1.0921579144407108,0.0048024166581519031
2022-08-24,growth_fixed,growth,fixed,-0.0019806039898839778,0,0.001,0,-0.0019806039898839778,1.0952225088841823,1.0899947821177862,0.0048024166581519031
2022-08-25,growth_fixed,growth,fixed,0.0082635278188296635,0,0.001,0,0.0082635278188296635,1.1042729105541551,1.0990019843221956,0.0048024166581519031
2022-08-26,growth_fixed,growth,fixed,-0.027846829097529224,0,0.001,0,-0.027846829097529224,1.0735224115369224,1.06839826388693,0.0048024166581519031
2022-08-29,growth_fixed,growth,fixed,0.0083745742831689007,0,0.001,0,0.0083745742831689007,1.0825127047169849,1.0773456445118599,0.0048024166581519031
2022-08-30,growth_fixed,growth,fixed,-0.0093954926607560107,0,0.001,0,-0.0093954926607560107,1.0723419645446413,1.0672234514157513,0.0048024166581519031
2022-08-31,growth_fixed,growth,fixed,0.00014490150174450989,0,0.001,0,0.00014490150174450989,1.0724973485056875,1.0673780936965584,0.0048024166581519031
2022-09-01,growth_fixed,growth,fixed,0.012041036161455576,0.14765599707395,0.001,0.00014765599707395,0.011893380164381627,1.0854113278621096,1.0800728271440245,0.0049500726552258534
2022-09-02,growth_fixed,growth,fixed,-0.0093417257035646184,0,0.001,0,-0.0093417257035646184,1.07527171296168,1.0699830830529715,0.0049500726552258534
2022-09-06,growth_fixed,growth,fixed,-0.014236887615521554,0,0.001,0,-0.014236887615521554,1.0599631904280953,1.054749854149037,0.0049500726552258534
2022-09-07,growth_fixed,growth,fixed,0.020739845802639101,0,0.001,0,0.020739845802639101,1.0819466635540473,1.0766252034844441,0.0049500726552258534
2022-09-08,growth_fixed,growth,fixed,0.0036655642439513691,0,0.001,0,0.0036655642439513691,1.0859126085578334,1.0805716423344736,0.0049500726552258534
2022-09-09,growth_fixed,growth,fixed,0.025644599678471991,0,0.001,0,0.025644599678471991,1.1137604026901042,1.1082824695260503,0.0049500726552258534
2022-09-12,growth_fixed,growth,fixed,0.007842835884760202,0,0.001,0,0.007842835884760202,1.1224954427433471,1.1169745470484997,0.0049500726552258534
2022-09-13,growth_fixed,growth,fixed,-0.043218689250491438,0,0.001,0,-0.043218689250491438,1.0739826610183296,1.0687003711989023,0.0049500726552258534
2022-09-14,growth_fixed,growth,fixed,0.010503709831547914,0,0.001,0,0.010503709831547914,1.0852634632537799,1.079925689794843,0.0049500726552258534
2022-09-15,growth_fixed,growth,fixed,-0.019750662200338609,0,0.001,0,-0.019750662200338609,1.0638287911926849,1.0585964422942375,0.0049500726552258534
2022-09-16,growth_fixed,growth,fixed,0.007071021976696068,0,0.001,0,0.007071021976696068,1.0713511479546505,1.0660818010021524,0.0049500726552258534
2022-09-19,growth_fixed,growth,fixed,0.011646483244711847,0,0.001,0,0.011646483244711847,1.0838286211485071,1.0784979048350163,0.0049500726552258534
2022-09-20,growth_fixed,growth,fixed,-0.0076948586870227986,0,0.001,0,-0.0076948586870227986,1.0754887130678186,1.0701990158630608,0.0049500726552258534
2022-09-21,growth_fixed,growth,fixed,-0.021516529608837986,0,0.001,0,-0.021516529608837986,1.0523479283291237,1.0471720470508938,0.0049500726552258534
2022-09-22,growth_fixed,growth,fixed,0.030327962691087507,0,0.001,0,0.030327962691087507,1.0842634970375327,1.0789306418250031,0.0049500726552258534
2022-09-23,growth_fixed,growth,fixed,-0.008094242232475013,0,0.001,0,-0.008094242232475013,1.0754872056486804,1.0701975158580317,0.0049500726552258534
2022-09-26,growth_fixed,growth,fixed,-0.010446042586063631,0,0.001,0,-0.010446042586063631,1.0642526204977076,1.0590181870318791,0.0049500726552258534
2022-09-27,growth_fixed,growth,fixed,-0.0085602690099055856,0,0.001,0,-0.0085602690099055856,1.0551423317717503,1.0499527064645038,0.0049500726552258534
2022-09-28,growth_fixed,growth,fixed,0.015004868016094575,0,0.001,0,0.015004868016094575,1.0709746031981797,1.0657071082481449,0.0049500726552258534
2022-09-29,growth_fixed,growth,fixed,0.00040610823307152266,0,0.001,0,0.00040610823307152266,1.071409534801949,1.0661399006788472,0.0049500726552258534
2022-09-30,growth_fixed,growth,fixed,-0.011826230457713027,0,0.001,0,-0.011826230457713027,1.05873879872879,1.053531484513256,0.0049500726552258534
2022-10-03,growth_fixed,growth,fixed,0.023877809896178492,0.31322288409135052,0.001,0.00031322288409135052,0.023564587012087142,1.0840191624945443,1.0783575188500418,0.005263295539317204
2022-10-04,growth_fixed,growth,fixed,0.021515790170629101,0,0.001,0,0.021515790170629101,1.1073426913357181,1.1015592329545396,0.005263295539317204
2022-10-05,growth_fixed,growth,fixed,-0.00065108315739637046,0,0.001,0,-0.00065108315739637046,1.1066217191599235,1.1008420262910885,0.005263295539317204
2022-10-06,growth_fixed,growth,fixed,-0.0027457822601938409,0,0.001,0,-0.0027457822601938409,1.1035831768747089,1.0978193537840226,0.005263295539317204
2022-10-07,growth_fixed,growth,fixed,-0.0085582551012608477,0,0.001,0,-0.0085582551012608477,1.0941384305215551,1.0884239356992376,0.005263295539317204
2022-10-10,growth_fixed,growth,fixed,-0.0055674625081494344,0,0.001,0,-0.0055674625081494344,1.0880468558309009,1.0823641762442595,0.005263295539317204
2022-10-11,growth_fixed,growth,fixed,0.0021823164718230981,0,0.001,0,0.0021823164718230981,1.0904213184064959,1.0847262374145885,0.005263295539317204
2022-10-12,growth_fixed,growth,fixed,0.00020376345630168657,0,0.001,0,0.00020376345630168657,1.0906435064231594,1.0849472649818652,0.005263295539317204
2022-10-13,growth_fixed,growth,fixed,0.010071055167661935,0,0.001,0,0.010071055167661935,1.1016274373445993,1.0958738287415015,0.005263295539317204
2022-10-14,growth_fixed,growth,fixed,-0.0028665565124433856,0,0.001,0,-0.0028665565124433856,1.0984695600397929,1.0927324444809063,0.005263295539317204
2022-10-17,growth_fixed,growth,fixed,0.011947609159417949,0,0.001,0,0.011947609159417949,1.1115936450166661,1.1057879846433796,0.005263295539317204
2022-10-18,growth_fixed,growth,fixed,0.0013452628254724264,0,0.001,0,0.0013452628254724264,1.1130890306243384,1.1072755601119744,0.005263295539317204
2022-10-19,growth_fixed,growth,fixed,-0.011822105813193651,0,0.001,0,-0.011822105813193651,1.0999299743247923,1.0941852312759672,0.005263295539317204
2022-10-20,growth_fixed,growth,fixed,0.0022300512014568064,0,0.001,0,0.0022300512014568064,1.1023828744855537,1.0966253203655905,0.005263295539317204
2022-10-21,growth_fixed,growth,fixed,0.018126607149179241,0,0.001,0,0.018126607149179241,1.1223653357793364,1.1165034167377004,0.005263295539317204
2022-10-24,growth_fixed,growth,fixed,0.0050800313174768075,0,0.001,0,0.0050800313174768075,1.1280669868347457,1.1221752890607977,0.005263295539317204
2022-10-25,growth_fixed,growth,fixed,0.014453139988884089,0,0.001,0,0.014453139988884089,1.1443710969123069,1.1383942456056599,0.005263295539317204
2022-10-26,growth_fixed,growth,fixed,0.018306877511231612,0,0.001,0,0.018306877511231612,1.1653209584108741,1.1592346896194536,0.005263295539317204
2022-10-27,growth_fixed,growth,fixed,-0.0053506557881097816,0,0.001,0,-0.0053506557881097816,1.1590857270797474,1.1530320238176637,0.005263295539317204
2022-10-28,growth_fixed,growth,fixed,0.016684738641716601,0,0.001,0,0.016684738641716601,1.178424769499417,1.172270061780591,0.005263295539317204
2022-10-31,growth_fixed,growth,fixed,-0.0062634099789448117,0,0.001,0,-0.0062634099789448117,1.1710438120386986,1.1649276537776163,0.005263295539317204
2022-11-01,growth_fixed,growth,fixed,-0.0024046246372445568,0.1090444082905079,0.001,0.00010904440829050791,-0.0025136690455350645,1.1682278912369775,1.1619994111940277,0.0053723399476077113
2022-11-02,growth_fixed,growth,fixed,-0.01605806419804201,0,0.001,0,-0.01605806419804201,1.1494684127615509,1.1433399500509871,0.0053723399476077113
2022-11-03,growth_fixed,growth,fixed,-0.0041862145363715797,0,0.001,0,-0.0041862145363715797,1.1446564913829484,1.1385536837320693,0.0053723399476077113
2022-11-04,growth_fixed,growth,fixed,0.033979685597851139,0,0.001,0,0.033979685597851139,1.1835515590776804,1.1772413799415602,0.0053723399476077113
2022-11-07,growth_fixed,growth,fixed,0.0079131691683673733,0,0.001,0,0.0079131691683673733,1.192917202784147,1.18655709013304,0.0053723399476077113
2022-11-08,growth_fixed,growth,fixed,-0.022180838232066957,0,0.001,0,-0.022180838232066957,1.166457299284942,1.1602382592636868,0.0053723399476077113
2022-11-09,growth_fixed,growth,fixed,-0.049077425820044374,0,0.001,0,-0.049077425820044374,1.109210577707036,1.1032967521610959,0.0053723399476077113
2022-11-10,growth_fixed,growth,fixed,0.053164676832773594,0,0.001,0,0.053164676832773594,1.1681813996103247,1.1619531674403893,0.0053723399476077113
2022-11-11,growth_fixed,growth,fixed,-0.011425762355337432,0,0.001,0,-0.011425762355337432,1.1548340365504517,1.1486769666811838,0.0053723399476077113
2022-11-14,growth_fixed,growth,fixed,0.0078001841875832145,0,0.001,0,0.0078001841875832145,1.1638419547416354,1.1576368585933314,0.0053723399476077113
2022-11-15,growth_fixed,growth,fixed,0.0055709468664355555,0,0.001,0,0.0055709468664355555,1.1703256564324296,1.1640859920231823,0.0053723399476077113
2022-11-16,growth_fixed,growth,fixed,-0.005571155905554015,0,0.001,0,-0.005571155905554015,1.1638055897401747,1.1576006874741496,0.0053723399476077113
2022-11-17,growth_fixed,growth,fixed,0.0033994071970355755,0,0.001,0,0.0033994071970355755,1.1677618388378876,1.1615358435824426,0.0053723399476077113
2022-11-18,growth_fixed,growth,fixed,0.006900936149232928,0,0.001,0,0.006900936149232928,1.1758204887252188,1.1695515282740503,0.0053723399476077113
2022-11-21,growth_fixed,growth,fixed,-0.00048565720995441541,0,0.001,0,-0.00048565720995441541,1.1752494430272573,1.1689835271419309,0.0053723399476077113
2022-11-22,growth_fixed,growth,fixed,0.012050851397426454,0,0.001,0,0.012050851397426454,1.189412199420087,1.1830707739135577,0.0053723399476077113
2022-11-23,growth_fixed,growth,fixed,0.0067844932774605571,0,0.001,0,0.0067844932774605571,1.1974817584911821,1.1910973096259343,0.0053723399476077113
2022-11-25,growth_fixed,growth,fixed,1.3692794232911254e-05,0,0.001,0,1.3692794232911254e-05,1.1974981553624988,1.1911136190763063,0.0053723399476077113
2022-11-28,growth_fixed,growth,fixed,-0.01034255049372157,0,0.001,0,-0.01034255049372157,1.1851129702245238,1.1787944663272503,0.0053723399476077113
2022-11-29,growth_fixed,growth,fixed,0.0075731406232590892,0,0.001,0,0.0075731406232590892,1.1940879974024823,1.1877216425866661,0.0053723399476077113
2022-11-30,growth_fixed,growth,fixed,0.023948793381349587,0,0.001,0,0.023948793381349587,1.2226849641314239,1.2161661427995314,0.0053723399476077113
2022-12-01,growth_fixed,growth,fixed,-0.0049380482581340424,0.27311703156847011,0.001,0.00027311703156847014,-0.0052111652897025122,1.2166472867740481,1.2098285000096631,0.0056454569791761821
2022-12-02,growth_fixed,growth,fixed,0.0035328131937388818,0,0.001,0,0.0035328131937388818,1.2209454743608901,1.2141025980966587,0.0056454569791761821
2022-12-05,growth_fixed,growth,fixed,-0.0079961938918163833,0,0.001,0,-0.0079961938918163833,1.2111825576165647,1.2043943983177197,0.0056454569791761821
2022-12-06,growth_fixed,growth,fixed,-0.0050283083677343798,0,0.001,0,-0.0050283083677343798,1.2050923582272475,1.1983383318866063,0.0056454569791761821
2022-12-07,growth_fixed,growth,fixed,-0.0022322295061948383,0,0.001,0,-0.0022322295061948383,1.2024023155075227,1.1956633657037647,0.0056454569791761821
2022-12-08,growth_fixed,growth,fixed,0.0082073109246707521,0,0.001,0,0.0082073109246707521,1.2122708051674371,1.2054765467073338,0.0056454569791761821
2022-12-09,growth_fixed,growth,fixed,-0.012924020419567417,0,0.001,0,-0.012924020419567417,1.1966033925274078,1.1898969432023787,0.0056454569791761821
2022-12-12,growth_fixed,growth,fixed,0.0041991528108020759,0,0.001,0,0.0041991528108020759,1.2016281130265545,1.1948935022959917,0.0056454569791761821
2022-12-13,growth_fixed,growth,fixed,0.0068425928166284677,0,0.001,0,0.0068425928166284677,1.2098503649210088,1.2030696719914382,0.0056454569791761821
2022-12-14,growth_fixed,growth,fixed,-0.0024888907328701748,0,0.001,0,-0.0024888907328701748,1.2068391795595974,1.2000753630338217,0.0056454569791761821
2022-12-15,growth_fixed,growth,fixed,-0.016570364984932806,0,0.001,0,-0.016570364984932806,1.186841413876178,1.1801896762589255,0.0056454569791761821
2022-12-16,growth_fixed,growth,fixed,-0.024959638400668394,0,0.001,0,-0.024959638400668394,1.1572182813468905,1.1507325686953007,0.0056454569791761821
2022-12-19,growth_fixed,growth,fixed,-0.0098134261101575637,0,0.001,0,-0.0098134261101575637,1.1458620052495694,1.1394399396598576,0.0056454569791761821
2022-12-20,growth_fixed,growth,fixed,0.0089540945840240749,0,0.001,0,0.0089540945840240749,1.1561221620248134,1.1496425926523866,0.0056454569791761821
2022-12-21,growth_fixed,growth,fixed,0.0057272077042251901,0,0.001,0,0.0057272077042251901,1.1627435137781874,1.1562268345661306,0.0056454569791761821
2022-12-22,growth_fixed,growth,fixed,-0.00085481098925943577,0,0.001,0,-0.00085481098925943577,1.1617495878449198,1.1552384791618668,0.0056454569791761821
2022-12-23,growth_fixed,growth,fixed,0.0025480006320983684,0,0.001,0,0.0025480006320983684,1.1647097265290887,1.1581820275369956,0.0056454569791761821
2022-12-27,growth_fixed,growth,fixed,-0.0016200171439382238,0,0.001,0,-0.0016200171439382238,1.1628228768044,1.1563057527965845,0.0056454569791761821
2022-12-28,growth_fixed,growth,fixed,-0.013959874025865404,0,0.001,0,-0.013959874025865404,1.1465900159298161,1.1401638701521608,0.0056454569791761821
2022-12-29,growth_fixed,growth,fixed,0.0028992992462044676,0,0.001,0,0.0028992992462044676,1.149914323498707,1.1434695464014426,0.0056454569791761821
2022-12-30,growth_fixed,growth,fixed,2.0220557312100595e-05,0,0.001,0,2.0220557312100595e-05,1.1499375754071894,1.1434926679929402,0.0056454569791761821
2023-01-03,growth_fixed,growth,fixed,-0.0013780785936894357,0.22380257102638251,0.001,0.00022380257102638251,-0.0016018811647158183,1.1483528710504416,1.1416609286260917,0.005869259550202564
2023-01-04,growth_fixed,growth,fixed,0.008030795635624477,0,0.001,0,0.008030795635624477,1.1575750582754303,1.1508293742290652,0.005869259550202564
2023-01-05,growth_fixed,growth,fixed,-0.0038719387307649678,0,0.001,0,-0.0038719387307649678,1.1530929985735261,1.1463734334024855,0.005869259550202564
2023-01-06,growth_fixed,growth,fixed,0.013901889341162876,0,0.001,0,0.013901889341162876,1.1691231698397648,1.1623101900172959,0.005869259550202564
2023-01-09,growth_fixed,growth,fixed,-0.0038520681162503845,0,0.001,0,-0.0038520681162503845,1.1646196277532554,1.1578328919931373,0.005869259550202564
2023-01-10,growth_fixed,growth,fixed,0.0022114427182868823,0,0.001,0,0.0022114427182868823,1.1671951173486244,1.1603933731111287,0.005869259550202564
2023-01-11,growth_fixed,growth,fixed,0.015636309790393765,0,0.001,0,0.015636309790393765,1.1854457417893225,1.1785376433718142,0.005869259550202564
2023-01-12,growth_fixed,growth,fixed,0.0061750907724860138,0,0.001,0,0.0061750907724860138,1.1927659768507286,1.1858152202984269,0.005869259550202564
2023-01-13,growth_fixed,growth,fixed,0.011726739634069006,0,0.001,0,0.011726739634069006,1.206753232905633,1.1997209666409827,0.005869259550202564
2023-01-17,growth_fixed,growth,fixed,-0.0050511105866719586,0,0.001,0,-0.0050511105866719586,1.2006577888754026,1.1936610433653301,0.005869259550202564
2023-01-18,growth_fixed,growth,fixed,-0.022806656423208227,0,0.001,0,-0.022806656423208227,1.1732747992026724,1.1664376260635287,0.005869259550202564
2023-01-19,growth_fixed,growth,fixed,0.005506050882907676,0,0.001,0,0.005506050882907676,1.1797349099467156,1.1728600909843725,0.005869259550202564
2023-01-20,growth_fixed,growth,fixed,0.02525020729697891,0,0.001,0,0.02525020729697891,1.2095234609783529,1.2024750514120814,0.005869259550202564
2023-01-23,growth_fixed,growth,fixed,0.011185727865628881,0,0.001,0,0.011185727865628881,1.2230528612599505,1.215925610102385,0.005869259550202564
2023-01-24,growth_fixed,growth,fixed,-0.013551303580345175,0,0.001,0,-0.013551303580345175,1.2064789006422072,1.1994482330287712,0.005869259550202564
2023-01-25,growth_fixed,growth,fixed,0.0066799286846905837,0,0.001,0,0.0066799286846905837,1.214538093658081,1.2074604616863815,0.005869259550202564
2023-01-26,growth_fixed,growth,fixed,-0.0016560355080359468,0,0.001,0,-0.0016560355080359468,1.2125267754491209,1.2054608642872795,0.005869259550202564
2023-01-27,growth_fixed,growth,fixed,0.00051033271704592487,0,0.001,0,0.00051033271704592487,1.2131455675329268,1.2060760504054437,0.005869259550202564
2023-01-30,growth_fixed,growth,fixed,-0.015960784730507216,0,0.001,0,-0.015960784730507216,1.1937828122827647,1.1868261301963021,0.005869259550202564
2023-01-31,growth_fixed,growth,fixed,0.0111640594137703,0,0.001,0,0.0111640594137703,1.2071102745262272,1.2000759276276287,0.005869259550202564
2023-02-01,growth_fixed,growth,fixed,-0.0083939876737147978,0.1478588481641378,0.001,0.00014785884816413781,-0.0085418465218789364,1.1969778057610396,1.189825063239232,0.0060171183983667017
2023-02-02,growth_fixed,growth,fixed,-0.010769198894942433,0,0.001,0,-0.010769198894942433,1.1840873136979673,1.1770116004830213,0.0060171183983667017
2023-02-03,growth_fixed,growth,fixed,-0.0034525341133936349,0,0.001,0,-0.0034525341133936349,1.1799992118541884,1.1729479277804937,0.0060171183983667017
2023-02-06,growth_fixed,growth,fixed,-0.0048425035278686357,0,0.001,0,-0.0048425035278686357,1.1742850615079024,1.1672679233022105,0.0060171183983667017
2023-02-07,growth_fixed,growth,fixed,0.016268015660223956,0,0.001,0,0.016268015660223956,1.1933883492780799,1.186257056158168,0.0060171183983667017
2023-02-08,growth_fixed,growth,fixed,-0.0069657196787491493,0,0.001,0,-0.0069657196787491493,1.1850755405691236,1.177993922038032,0.0060171183983667017
2023-02-09,growth_fixed,growth,fixed,-0.019799387786132439,0,0.001,0,-0.019799387786132439,1.1616117703855349,1.1546703635658939,0.0060171183983667017
2023-02-10,growth_fixed,growth,fixed,0.010713953537405008,0,0.001,0,0.010713953537405008,1.1740572249219483,1.1670414481921574,0.0060171183983667017
2023-02-13,growth_fixed,growth,fixed,0.0053181823465029421,0,0.001,0,0.0053181823465029421,1.1803010753293124,1.17324798741957,0.0060171183983667017
2023-02-14,growth_fixed,growth,fixed,0.0014963623422437067,0,0.001,0,0.0014963623422437067,1.182067233410945,1.1750035915260579,0.0060171183983667017
2023-02-15,growth_fixed,growth,fixed,0.020698536466144057,0,0.001,0,0.020698536466144057,1.2065342951471354,1.1993244462131103,0.0060171183983667017
2023-02-16,growth_fixed,growth,fixed,-0.021245307623081633,0,0.001,0,-0.021245307623081633,1.1809011028889365,1.1738444294134307,0.0060171183983667017
2023-02-17,growth_fixed,growth,fixed,0.019144844194527444,0,0.001,0,0.019144844194527444,1.2035092705128907,1.1963174981231648,0.0060171183983667017
2023-02-21,growth_fixed,growth,fixed,-0.0086127709691540266,0,0.001,0,-0.0086127709691540266,1.1931437208067095,1.1860138895054386,0.0060171183983667017
2023-02-22,growth_fixed,growth,fixed,-0.0041098784462452187,0,0.001,0,-0.0041098784462452187,1.1882400451452932,1.1811395165840128,0.0060171183983667017
2023-02-23,growth_fixed,growth,fixed,-0.00073864486917241123,0,0.001,0,-0.00073864486917241123,1.1873623577326016,1.1802670739403114,0.0060171183983667017
2023-02-24,growth_fixed,growth,fixed,-0.014374406556043384,0,0.001,0,-0.014374406556043384,1.170294728473211,1.1633014351747817,0.0060171183983667017
2023-02-27,growth_fixed,growth,fixed,-0.00087610910627122784,0,0.001,0,-0.00087610910627122784,1.1692694226045743,1.1622822561940866,0.0060171183983667017
2023-02-28,growth_fixed,growth,fixed,-0.0099500077015606259,0,0.001,0,-0.0099500077015606259,1.1576351828444595,1.1507175387935682,0.0060171183983667017
2023-03-01,growth_fixed,growth,fixed,0.0063889649305368668,0.18335458749304359,0.001,0.0001833545874930436,0.0062056103430438228,1.1650312734300083,1.1578584434542276,0.0062004729858597457
2023-03-02,growth_fixed,growth,fixed,-0.00017788500124504836,0,0.001,0,-0.00017788500124504836,1.1648240318404837,1.1576524778035722,0.0062004729858597457
2023-03-03,growth_fixed,growth,fixed,-0.0054700595926420181,0,0.001,0,-0.0054700595926420181,1.1584523749713747,1.151320049762417,0.0062004729858597457
2023-03-06,growth_fixed,growth,fixed,0.0050339687683222945,0,0.001,0,0.0050339687683222945,1.1642839880465694,1.1571157589352643,0.0062004729858597457
2023-03-07,growth_fixed,growth,fixed,-0.010096193677513243,0,0.001,0,-0.010096193677513243,1.1525291514076237,1.1454332941257512,0.0062004729858597457
2023-03-08,growth_fixed,growth,fixed,-0.0068415980116509623,0,0.001,0,-0.0068415980116509623,1.1446440102569835,1.1375966999781817,0.0062004729858597457
2023-03-09,growth_fixed,growth,fixed,-0.027666014116776383,0,0.001,0,-0.027666014116776383,1.1129762729105301,1.1061239336173871,0.0062004729858597457
2023-03-10,growth_fixed,growth,fixed,-0.0086255266130877972,0,0.001,0,-0.0086255266130877972,1.1033762664488052,1.0965830321905969,0.0062004729858597457
2023-03-13,growth_fixed,growth,fixed,0.019067573575194396,0,0.001,0,0.019067573575194396,1.124414974590441,1.117492209838201,0.0062004729858597457
2023-03-14,growth_fixed,growth,fixed,0.0097628546411219208,0,0.001,0,0.0097628546411219208,1.1353924745436683,1.1284021238454374,0.0062004729858597457
2023-03-15,growth_fixed,growth,fixed,-0.0080636343915422293,0,0.001,0,-0.0080636343915422293,1.1262370847380399,1.119303101672108,0.0062004729858597457
2023-03-16,growth_fixed,growth,fixed,0.0040635826293093924,0,0.001,0,0.0040635826293093924,1.1308136421920654,1.1238514823129948,0.0062004729858597457
2023-03-17,growth_fixed,growth,fixed,0.0072300663257116593,0,0.001,0,0.0072300663257116593,1.1389894998271335,1.1319770030703671,0.0062004729858597457
2023-03-20,growth_fixed,growth,fixed,0.00035283471137170785,0,0.001,0,0.00035283471137170785,1.1393913748585605,1.1323764038495248,0.0062004729858597457
2023-03-21,growth_fixed,growth,fixed,0.023892888079596775,0,0.001,0,0.023892888079596775,1.1666147254569139,1.1594321465306778,0.0062004729858597457
2023-03-22,growth_fixed,growth,fixed,-0.026908917501245799,0,0.001,0,-0.026908917501245799,1.1352223860538553,1.1282330825513915,0.0062004729858597457
2023-03-23,growth_fixed,growth,fixed,0.019686223552272564,0,0.001,0,0.019686223552272564,1.1575706277272557,1.1504437312335678,0.0062004729858597457
2023-03-24,growth_fixed,growth,fixed,0.0036541298313494952,0,0.001,0,0.0036541298313494952,1.1618005410899279,1.1546476019911573,0.0062004729858597457
2023-03-27,growth_fixed,growth,fixed,0.0025971655273933081,0,0.001,0,0.0025971655273933081,1.1648179294049537,1.1576464129393362,0.0062004729858597457
2023-03-28,growth_fixed,growth,fixed,0.0094109000954269995,0,0.001,0,0.0094109000954269995,1.1757799145679457,1.1685409076773376,0.0062004729858597457
2023-03-29,growth_fixed,growth,fixed,0.015883005269045292,0,0.001,0,0.015883005269045292,1.1944548331462661,1.1871008490710717,0.0062004729858597457
2023-03-30,growth_fixed,growth,fixed,0.0034559886744072177,0,0.001,0,0.0034559886744072177,1.1985828555217106,1.1912034561608404,0.0062004729858597457
2023-03-31,growth_fixed,growth,fixed,0.011593656988698742,0,0.001,0,0.011593656988698742,1.2124788140211644,1.2050138604353218,0.0062004729858597457
2023-04-03,growth_fixed,growth,fixed,0.0039258731378986056,0.13425409971502081,0.001,0.00013425409971502082,0.0037916190381835847,1.2172388520274013,1.2095828139298233,0.0063347270855747661
2023-04-04,growth_fixed,growth,fixed,0.0072682251643192419,0,0.001,0,0.0072682251643192419,1.226086018082694,1.218374334176356,0.0063347270855747661
2023-04-05,growth_fixed,growth,fixed,0.013445644436044901,0,0.001,0,0.013445644436044901,1.2425715347298401,1.2347561622636942,0.0063347270855747661
2023-04-06,growth_fixed,growth,fixed,-0.0018852404950899793,0,0.001,0,-0.0018852404950899793,1.2402289885545212,1.2324283499450328,0.0063347270855747661
2023-04-10,growth_fixed,growth,fixed,0.0050493237962050408,0,0.001,0,0.0050493237962050408,1.2464913062991729,1.2386512797395279,0.0063347270855747661
2023-04-11,growth_fixed,growth,fixed,-0.0012490235325591792,0,0.001,0,-0.0012490235325591792,1.2449344093244747,1.2371041751424987,0.0063347270855747661
2023-04-12,growth_fixed,growth,fixed,-0.0036336667544659695,0,0.001,0,-0.0036336667544659695,1.2404107325498217,1.2326089508294724,0.0063347270855747661
2023-04-13,growth_fixed,growth,fixed,0.0099583879043503298,0,0.001,0,0.0099583879043503298,1.2527632237852722,1.2448837488962066,0.0063347270855747661
2023-04-14,growth_fixed,growth,fixed,-5.8980723856350004e-05,0,0.001,0,-5.8980723856350004e-05,1.2526893349035126,1.2448103247515796,0.0063347270855747661
2023-04-17,growth_fixed,growth,fixed,-0.0072051634307883639,0,0.001,0,-0.0072051634307883639,1.2436635035175272,1.2358412629214117,0.0063347270855747661
2023-04-18,growth_fixed,growth,fixed,0.0072488308611184937,0,0.001,0,0.0072488308611184937,1.2526786099026719,1.2447996672075201,0.0063347270855747661
2023-04-19,growth_fixed,growth,fixed,-0.020166247321245168,0,0.001,0,-0.020166247321245168,1.227416783241341,1.2196967292532095,0.0063347270855747661
2023-04-20,growth_fixed,growth,fixed,-0.0096382382936788247,0,0.001,0,-0.0096382382936788247,1.2155866477988002,1.2079410015306464,0.0063347270855747661
2023-04-21,growth_fixed,growth,fixed,-0.0053288660415006239,0,0.001,0,-0.0053288660415006239,1.2091089493908436,1.2015040457474535,0.0063347270855747661
2023-04-24,growth_fixed,growth,fixed,0.00030706601504837394,0,0.001,0,0.00030706601504837394,1.2094802256576924,1.2018729868068456,0.0063347270855747661
2023-04-25,growth_fixed,growth,fixed,0.0049907593606610678,0,0.001,0,0.0049907593606610678,1.2155164504154281,1.2078712456660776,0.0063347270855747661
2023-04-26,growth_fixed,growth,fixed,-0.018015201615008025,0,0.001,0,-0.018015201615008025,1.1936186764948353,1.1861112016504323,0.0063347270855747661
2023-04-27,growth_fixed,growth,fixed,0.013631018979733511,0,0.001,0,0.013631018979733511,1.2098889153287009,1.2022791059522038,0.0063347270855747661
2023-04-28,growth_fixed,growth,fixed,0.0036311309631260613,0,0.001,0,0.0036311309631260613,1.2142821804310939,1.2066447388401464,0.0063347270855747661
2023-05-01,growth_fixed,growth,fixed,-0.0046254908585839916,0.1940895539111534,0.001,0.0001940895539111534,-0.0048195804124951452,1.2086655293057684,1.2008292174919921,0.0065288166394859197
2023-05-02,growth_fixed,growth,fixed,-0.0012066554636112059,0,0.001,0,-0.0012066554636112059,1.207207086441153,1.1993802303558414,0.0065288166394859197
2023-05-03,growth_fixed,growth,fixed,-0.010031584615326827,0,0.001,0,-0.010031584615326827,1.1950968864052964,1.1873485460890767,0.0065288166394859197
2023-05-04,growth_fixed,growth,fixed,0.00095196842637057522,0,0.001,0,0.00095196842637057522,1.196234580907608,1.1884788644160504,0.0065288166394859197
2023-05-05,growth_fixed,growth,fixed,0.01402385622574398,0,0.001,0,0.01402385622574398,1.2130104026825195,1.2051459211379567,0.0065288166394859197
2023-05-08,growth_fixed,growth,fixed,-0.010380488019572032,0,0.001,0,-0.010380488019572032,1.2004187627298573,1.1926359183417481,0.0065288166394859197
2023-05-09,growth_fixed,growth,fixed,0.00072933588380008629,0,0.001,0,0.00072933588380008629,1.201294271209103,1.1935057505133035,0.0065288166394859197
2023-05-10,growth_fixed,growth,fixed,0.00010617478150209969,0,0.001,0,0.00010617478150209969,1.2014218183658685,1.1936324707255859,0.0065288166394859197
2023-05-11,growth_fixed,growth,fixed,-0.0076434513965324413,0,0.001,0,-0.0076434513965324413,1.1922388090904554,1.184508998950272,0.0065288166394859197
2023-05-12,growth_fixed,growth,fixed,0.0024757534945412107,0,0.001,0,0.0024757534945412107,1.1951904984883888,1.1874415512437386,0.0065288166394859197
2023-05-15,growth_fixed,growth,fixed,0.00090610687102565812,0,0.001,0,0.00090610687102565812,1.1962734688112537,1.1885175001922619,0.0065288166394859197
2023-05-16,growth_fixed,growth,fixed,-0.0078479148807499843,0,0.001,0,-0.0078479148807499843,1.1868852164539234,1.1791901160164713,0.0065288166394859197
2023-05-17,growth_fixed,growth,fixed,0.0032803165071666474,0,0.001,0,0.0032803165071666474,1.1907785756215692,1.1830582328191279,0.0065288166394859197
2023-05-18,growth_fixed,growth,fixed,-0.0023978131764852417,0,0.001,0,-0.0023978131764852417,1.1879233110626675,1.1802214801999249,0.0065288166394859197
2023-05-19,growth_fixed,growth,fixed,0.0013496414969706994,0,0.001,0,0.0013496414969706994,1.1895265816584966,1.181814356085219,0.0065288166394859197
2023-05-22,growth_fixed,growth,fixed,-1.937814823815831e-05,0,0.001,0,-1.937814823815831e-05,1.189503530836064,1.1817914547114368,0.0065288166394859197
2023-05-23,growth_fixed,growth,fixed,-0.0025286584918248201,0,0.001,0,-0.0025286584918248201,1.1864956826317596,1.1788031077139147,0.0065288166394859197
2023-05-24,growth_fixed,growth,fixed,-0.013351810768734818,0,0.001,0,-0.013351810768734818,1.1706538167993394,1.1630639516861221,0.0065288166394859197
2023-05-25,growth_fixed,growth,fixed,-0.0092846244097991582,0,0.001,0,-0.0092846244097991582,1.1597847357964597,1.1522653397301397,0.0065288166394859197
2023-05-26,growth_fixed,growth,fixed,0.0029375760615955038,0,0.001,0,0.0029375760615955038,1.1631916916729392,1.1556502068087371,0.0065288166394859197
2023-05-30,growth_fixed,growth,fixed,0.0029168831071462176,0,0.001,0,0.0029168831071462176,1.1665845858687529,1.1590211033747475,0.0065288166394859197
2023-05-31,growth_fixed,growth,fixed,0.003207655852174085,0,0.001,0,0.003207655852174085,1.170326587742671,1.1627388441997808,0.0065288166394859197
2023-06-01,growth_fixed,growth,fixed,-0.0033956325931435716,0.34149353759444728,0.001,0.00034149353759444732,-0.0037371261307380188,1.1663525886367094,1.1583935424818976,0.006870310177080367
2023-06-02,growth_fixed,growth,fixed,0.020286314595124866,0,0.001,0,0.020286314595124866,1.1900135841786319,1.1818930783096466,0.006870310177080367
2023-06-05,growth_fixed,growth,fixed,-0.013824321499402048,0,0.001,0,-0.013824321499402048,1.1735624538022909,1.1655542084171762,0.006870310177080367
2023-06-06,growth_fixed,growth,fixed,0.0025543646891976746,0,0.001,0,0.0025543646891976746,1.1765601602948517,1.1685314589305027,0.006870310177080367
2023-06-07,growth_fixed,growth,fixed,-0.0086411347120579629,0,0.001,0,-0.0086411347120579629,1.1663933454529034,1.1584340211786066,0.006870310177080367
2023-06-08,growth_fixed,growth,fixed,0.0068048051107783003,0,0.001,0,0.0068048051107783003,1.1743304248512192,1.1663169389264223,0.006870310177080367
2023-06-09,growth_fixed,growth,fixed,-0.0031118754998635811,0,0.001,0,-0.0031118754998635811,1.1706760547733803,1.1626875058191013,0.006870310177080367
2023-06-12,growth_fixed,growth,fixed,3.0590217550585663e-05,0,0.001,0,3.0590217550585663e-05,1.1707118660085771,1.1627230726828477,0.006870310177080367
2023-06-13,growth_fixed,growth,fixed,0.0033362260579556935,0,0.001,0,0.0033362260579556935,1.1746176254423129,1.1666021796961186,0.006870310177080367
2023-06-14,growth_fixed,growth,fixed,-0.010378794669970381,0,0.001,0,-0.010378794669970381,1.162426510292119,1.1544942552115127,0.006870310177080367
2023-06-15,growth_fixed,growth,fixed,0.0048151594502068296,0,0.001,0,0.0048151594502068296,1.168023779288323,1.1600533291347039,0.006870310177080367
2023-06-16,growth_fixed,growth,fixed,0.002106251882072474,0,0.001,0,0.002106251882072474,1.1704839315717543,1.1624966936424983,0.006870310177080367
2023-06-20,growth_fixed,growth,fixed,0.0022618904928723982,0,0.001,0,0.0022618904928723982,1.1731314380486364,1.1651261338618439,0.006870310177080367
2023-06-21,growth_fixed,growth,fixed,0.011019071222062804,0,0.001,0,0.011019071222062804,1.1860582569173352,1.1779647417135544,0.006870310177080367
2023-06-22,growth_fixed,growth,fixed,0.0049306298217510758,0,0.001,0,0.0049306298217510758,1.1919062711292259,1.1837728497980184,0.006870310177080367
2023-06-23,growth_fixed,growth,fixed,0.0040324765712709265,0,0.001,0,0.0040324765712709265,1.1967126052427053,1.1885463860805356,0.006870310177080367
2023-06-26,growth_fixed,growth,fixed,-0.0013130859474339562,0,0.001,0,-0.0013130859474339562,1.195141218737644,1.1869857225231,0.006870310177080367
2023-06-27,growth_fixed,growth,fixed,0.011768090915320162,0,0.001,0,0.011768090915320162,1.2092057492563952,1.2009542784209388,0.006870310177080367
2023-06-28,growth_fixed,growth,fixed,-0.0111942391317148,0,0.001,0,-0.0111942391317148,1.1956696109397749,1.1875105090420388,0.006870310177080367
2023-06-29,growth_fixed,growth,fixed,0.0044527332191401925,0,0.001,0,0.0044527332191401925,1.2009936087355229,1.1927981765337283,0.006870310177080367
2023-06-30,growth_fixed,growth,fixed,0.022298194134569016,0,0.001,0,0.022298194134569016,1.2277735973774841,1.2193954218374374,0.006870310177080367
2023-07-03,growth_fixed,growth,fixed,0.00079143969619810406,0.2054790209025168,0.001,0.00020547902090251681,0.0005859606752955872,1.2287453061403926,1.2201099396022697,0.0070757891979828843
2023-07-05,growth_fixed,growth,fixed,-0.0036101333657198031,0,0.001,0,-0.0036101333657198031,1.2243093717127236,1.2157051799994651,0.0070757891979828843
2023-07-06,growth_fixed,growth,fixed,-0.014669693106468817,0,0.001,0,-0.014669693106468817,1.2063491289623243,1.1978711581009285,0.0070757891979828843
2023-07-07,growth_fixed,growth,fixed,-0.0045907416165161807,0,0.001,0,-0.0045907416165161807,1.2008110918119488,1.19237204112421,0.0070757891979828843
2023-07-10,growth_fixed,growth,fixed,0.0048220948859827306,0,0.001,0,0.0048220948859827306,1.2066015168368065,1.1981217722459039,0.0070757891979828843
2023-07-11,growth_fixed,growth,fixed,0.0066691159952840806,0,0.001,0,0.0066691159952840806,1.2146484823126769,1.2061121853214871,0.0070757891979828843
2023-07-12,growth_fixed,growth,fixed,-0.0032958646288824278,0,0.001,0,-0.0032958646288824278,1.2106451653432968,1.202137002831422,0.0070757891979828843
2023-07-13,growth_fixed,growth,fixed,0.086264434960104497,0,0.001,0,0.086264434960104497,1.3150807864688185,1.3058386721253081,0.0070757891979828843
2023-07-14,growth_fixed,growth,fixed,-0.026011486030237396,0,0.001,0,-0.026011486030237396,1.2808735809629512,1.2718718677475769,0.0070757891979828843
2023-07-17,growth_fixed,growth,fixed,-0.0062206320521419611,0,0.001,0,-0.0062206320521419611,1.2729057377104713,1.2639600208408486,0.0070757891979828843
2023-07-18,growth_fixed,growth,fixed,0.0051636906759093826,0,0.001,0,0.0051636906759093826,1.2794786291995985,1.2704867194151868,0.0070757891979828843
2023-07-19,growth_fixed,growth,fixed,0.021515068505253643,0,0.001,0,0.021515068505253643,1.307006699557836,1.2978213282184194,0.0070757891979828843
2023-07-20,growth_fixed,growth,fixed,0.0086849305179201863,0,0.001,0,0.0086849305179201863,1.3183579619299519,1.3090928162786712,0.0070757891979828843
2023-07-21,growth_fixed,growth,fixed,0.00043465517884633265,0,0.001,0,0.00043465517884633265,1.3189309930456781,1.3096618202508572,0.0070757891979828843
2023-07-24,growth_fixed,growth,fixed,-0.014487970296932384,0,0.001,0,-0.014487970296932384,1.2998223599947287,1.2906874787000364,0.0070757891979828843
2023-07-25,growth_fixed,growth,fixed,-0.00091158764690379979,0,0.001,0,-0.00091158764690379979,1.2986374579881881,1.28951090393844,0.0070757891979828843
2023-07-26,growth_fixed,growth,fixed,0.0091633594585183165,0,0.001,0,0.0091633594585183165,1.3105373398220304,1.3013271558769068,0.0070757891979828843
2023-07-27,growth_fixed,growth,fixed,-0.0041574541301028223,0,0.001,0,-0.0041574541301028223,1.3050888409459334,1.2959169479180914,0.0070757891979828843
2023-07-28,growth_fixed,growth,fixed,0.0043802841741571452,0,0.001,0,0.0043802841741571452,1.3108055009417978,1.3015934324160792,0.0070757891979828843
2023-07-31,growth_fixed,growth,fixed,-0.0089092746711192383,0,0.001,0,-0.0089092746711192383,1.2991271746934934,1.2899971790165594,0.0070757891979828843
2023-08-01,growth_fixed,growth,fixed,-0.00061212528356957563,0.12979138162087059,0.001,0.0001297913816208706,-0.00074191666519044625,1.2983319461032912,1.2890401086113985,0.0072055805796037544
2023-08-02,growth_fixed,growth,fixed,-0.019654535531531181,0,0.001,0,-0.019654535531531181,1.272813834736882,1.2637046239951271,0.0072055805796037544
2023-08-03,growth_fixed,growth,fixed,-0.012253805363993564,0,0.001,0,-0.012253805363993564,1.257217021741418,1.248219433495112,0.0072055805796037544
2023-08-04,growth_fixed,growth,fixed,-0.0097375105151203956,0,0.001,0,-0.0097375105151203956,1.2449748577724227,1.2360648836362758,0.0072055805796037544
2023-08-07,growth_fixed,growth,fixed,0.0094544802748710577,0,0.001,0,0.0094544802748710577,1.2567454480079425,1.2477512346970756,0.0072055805796037544
2023-08-08,growth_fixed,growth,fixed,0.0018273952156273587,0,0.001,0,0.0018273952156273587,1.2590420186268938,1.2500313693336542,0.0072055805796037544
2023-08-09,growth_fixed,growth,fixed,0.00052982288891656459,0,0.001,0,0.00052982288891656459,1.2597090879064701,1.2506936645649909,0.0072055805796037544
2023-08-10,growth_fixed,growth,fixed,-0.0041957990978224169,0,0.001,0,-0.0041957990978224169,1.2544236016519135,1.2454460052155569,0.0072055805796037544
2023-08-11,growth_fixed,growth,fixed,0.0045665547948232632,0,0.001,0,0.0045665547948232632,1.2601519957647764,1.2511334026423675,0.0072055805796037544
2023-08-14,growth_fixed,growth,fixed,0.0003314891626460259,0,0.001,0,0.0003314891626460259,1.2605697224946593,1.2515481398063679,0.0072055805796037544
2023-08-15,growth_fixed,growth,fixed,-0.012833367339846746,0,0.001,0,-0.012833367339846746,1.2443923681883966,1.2354865627847309,0.0072055805796037544
2023-08-16,growth_fixed,growth,fixed,-0.011085350604662203,0,0.001,0,-0.011085350604662203,1.2305978424972623,1.2217907610689132,0.0072055805796037544
2023-08-17,growth_fixed,growth,fixed,-0.030030990573377991,0,0.001,0,-0.030030990573377991,1.1936417702896078,1.1850991742406123,0.0072055805796037544
2023-08-18,growth_fixed,growth,fixed,0.0015807851948546059,0,0.001,0,0.0015807851948546059,1.1955286615280416,1.1869725614696862,0.0072055805796037544
2023-08-21,growth_fixed,growth,fixed,-0.0045326328054844378,0,0.001,0,-0.0045326328054844378,1.1901097690969027,1.1815924506983588,0.0072055805796037544
2023-08-22,growth_fixed,growth,fixed,-0.0073902018827080029,0,0.001,0,-0.0073902018827080029,1.1813146176406937,1.1728602439446143,0.0072055805796037544
2023-08-23,growth_fixed,growth,fixed,0.016083985942729306,0,0.001,0,0.016083985942729306,1.2003148653447673,1.1917245116210056,0.0072055805796037544
2023-08-24,growth_fixed,growth,fixed,-0.01171541288331357,0,0.001,0,-0.01171541288331357,1.1862526811072744,1.1777629669242002,0.0072055805796037544
2023-08-25,growth_fixed,growth,fixed,0.0029572725974484904,0,0.001,0,0.0029572725974484904,1.1897607536547627,1.1812459330725749,0.0072055805796037544
2023-08-28,growth_fixed,growth,fixed,0.00056229834557131042,0,0.001,0,0.00056229834557131042,1.1904297541581685,1.1819101457064545,0.0072055805796037544
2023-08-29,growth_fixed,growth,fixed,0.015818462250161813,0,0.001,0,0.015818462250161813,1.2092605222857888,1.2006061467293954,0.0072055805796037544
2023-08-30,growth_fixed,growth,fixed,-0.0043612611884695784,0,0.001,0,-0.0043612611884695784,1.2039866213031953,1.1953699897390264,0.0072055805796037544
2023-08-31,growth_fixed,growth,fixed,-0.012900306896189151,0,0.001,0,-0.012900306896189151,1.1884548243894784,1.1799493500168985,0.0072055805796037544
2023-09-01,growth_fixed,growth,fixed,-0.0012862150585736254,0.42312650880715891,0.001,0.00042312650880715891,-0.0017093415673807844,1.1869262158979141,1.1779324135455107,0.0076287070884109133
2023-09-05,growth_fixed,growth,fixed,-0.0086829920570780095,0,0.001,0,-0.0086829920570780095,1.176620144992935,1.1677044357549202,0.0076287070884109133
2023-09-06,growth_fixed,growth,fixed,-0.0013249014301920381,0,0.001,0,-0.0013249014301920381,1.175061239280041,1.166157342477947,0.0076287070884109133
2023-09-07,growth_fixed,growth,fixed,0.0081286649179697079,0,0.001,0,0.0081286649179697079,1.1846129183522427,1.1756366447565803,0.0076287070884109133
2023-09-08,growth_fixed,growth,fixed,0.0012982132358139165,0,0.001,0,0.0012982132358139165,1.1861507985221638,1.177162871809311,0.0076287070884109133
2023-09-11,growth_fixed,growth,fixed,-0.0066829052859596061,0,0.001,0,-0.0066829052859596061,1.1782238650807748,1.1692960038308611,0.0076287070884109133
2023-09-12,growth_fixed,growth,fixed,0.011396982182517501,0,0.001,0,0.011396982182517501,1.1916520614781172,1.1826224495526103,0.0076287070884109133
2023-09-13,growth_fixed,growth,fixed,0.0045118206236252067,0,0.001,0,0.0045118206236252067,1.1970285818252797,1.1879582299104638,0.0076287070884109133
2023-09-14,growth_fixed,growth,fixed,0.010252299281301225,0,0.001,0,0.010252299281301225,1.209300877094424,1.2001375332171909,0.0076287070884109133
2023-09-15,growth_fixed,growth,fixed,-0.002003927865316002,0,0.001,0,-0.002003927865316002,1.2068775253692634,1.1977325441721653,0.0076287070884109133
2023-09-18,growth_fixed,growth,fixed,0.0041581960991101674,0,0.001,0,0.0041581960991101674,1.2118959587873577,1.2027129509651193,0.0076287070884109133
2023-09-19,growth_fixed,growth,fixed,0.002497808263062451,0,0.001,0,0.002497808263062451,1.2149230425271886,1.2057170973121323,0.0076287070884109133
2023-09-20,growth_fixed,growth,fixed,-0.0049768143499360207,0,0.001,0,-0.0049768143499360207,1.2088765960950714,1.199716467160266,0.0076287070884109133
2023-09-21,growth_fixed,growth,fixed,-0.016839736491841006,0,0.001,0,-0.016839736491841006,1.1885194327656767,1.1795135579883647,0.0076287070884109133
2023-09-22,growth_fixed,growth,fixed,-0.0020142724951095481,0,0.001,0,-0.0020142724951095481,1.1861254307623537,1.1771376962708999,0.0076287070884109133
2023-09-25,growth_fixed,growth,fixed,0.0024625480254976129,0,0.001,0,0.0024625480254976129,1.1890463215998699,1.1800364543805906,0.0076287070884109133
2023-09-26,growth_fixed,growth,fixed,-0.0054987980709434447,0,0.001,0,-0.0054987980709434447,1.1825079959803941,1.1735476722015996,0.0076287070884109133
2023-09-27,growth_fixed,growth,fixed,-0.0012321425671052433,0,0.001,0,-0.0012321425671052433,1.1810509775426044,1.1721016941601528,0.0076287070884109133
2023-09-28,growth_fixed,growth,fixed,0.01086822101698881,0,0.001,0,0.01086822101698881,1.1938869005988682,1.1848403544266723,0.0076287070884109133
2023-09-29,growth_fixed,growth,fixed,-0.0025400146701658466,0,0.001,0,-0.0025400146701658466,1.1908544103568282,1.181830842544624,0.0076287070884109133
2023-10-02,growth_fixed,growth,fixed,-0.0091301417383695682,0.30384430409590868,0.001,0.00030384430409590866,-0.0094339860424654774,1.1799817408005078,1.1706814668715029,0.0079325513925068217
2023-10-03,growth_fixed,growth,fixed,-0.011479686206662398,0,0.001,0,-0.011479686206662398,1.1664359206865267,1.1572424109838628,0.0079325513925068217
2023-10-04,growth_fixed,growth,fixed,0.004399650682322509,0,0.001,0,0.004399650682322509,1.1715678312808606,1.1623338733469606,0.0079325513925068217
2023-10-05,growth_fixed,growth,fixed,-0.0058062973014731956,0,0.001,0,-0.0058062973014731956,1.1647653601436017,1.1555850173147353,0.0079325513925068217
2023-10-06,growth_fixed,growth,fixed,0.0066868490099289968,0,0.001,0,0.0066868490099289968,1.1725539702388774,1.1633122398436551,0.0079325513925068217
2023-10-09,growth_fixed,growth,fixed,-0.003437661179936824,0,0.001,0,-0.003437661179936824,1.1685231269740064,1.1593131665165992,0.0079325513925068217
2023-10-10,growth_fixed,growth,fixed,0.002428790132188885,0,0.001,0,0.002428790132188885,1.1713612244140355,1.1621288948955515,0.0079325513925068217
2023-10-11,growth_fixed,growth,fixed,-0.00013404802830796481,0,0.001,0,-0.00013404802830796481,1.1712042057514664,1.161973113808551,0.0079325513925068217
2023-10-12,growth_fixed,growth,fixed,-0.0058807780608139959,0,0.001,0,-0.0058807780608139959,1.1643166137535501,1.1551398078136099,0.0079325513925068217
2023-10-13,growth_fixed,growth,fixed,0.0038166895283975322,0,0.001,0,0.0038166895283975322,1.1687604487810026,1.1595486178219272,0.0079325513925068217
2023-10-16,growth_fixed,growth,fixed,0.016831908931983053,0,0.001,0,0.016831908931983053,1.1884329182181881,1.1790660345593127,0.0079325513925068217
2023-10-17,growth_fixed,growth,fixed,-0.004441545376559386,0,0.001,0,-0.004441545376559386,1.1831544394849252,1.1738291592648575,0.0079325513925068217
2023-10-18,growth_fixed,growth,fixed,-0.0080510861338648487,0,0.001,0,-0.0080510861338648487,1.1736287611829674,1.1643785595971741,0.0079325513925068217
2023-10-19,growth_fixed,growth,fixed,-0.0049772668360823502,0,0.001,0,-0.0049772668360823502,1.1677872976720591,1.1585831368078456,0.0079325513925068217
2023-10-20,growth_fixed,growth,fixed,0.0090234739735162162,0,0.001,0,0.0090234739735162162,1.1783247959592058,1.169037581588986,0.0079325513925068217
2023-10-23,growth_fixed,growth,fixed,0.019066042831663577,0,0.001,0,0.019066042831663577,1.2007907869885752,1.1913265021913859,0.0079325513925068217
2023-10-24,growth_fixed,growth,fixed,0.0074638590528275373,0,0.001,0,0.0074638590528275373,1.2097533201745918,1.2002183952896404,0.0079325513925068217
2023-10-25,growth_fixed,growth,fixed,0.0007595630328851577,0,0.001,0,0.0007595630328851577,1.2106722040755065,1.2011300368140911,0.0079325513925068217
2023-10-26,growth_fixed,growth,fixed,-0.0037393206931007894,0,0.001,0,-0.0037393206931007894,1.2061451124502449,1.1966386264123272,0.0079325513925068217
2023-10-27,growth_fixed,growth,fixed,-0.013015526379304365,0,0.001,0,-0.013015526379304365,1.1904464989218797,1.1810637448037631,0.0079325513925068217
2023-10-30,growth_fixed,growth,fixed,0.007581269783912381,0,0.001,0,0.007581269783912381,1.1994715949935204,1.1900177076851182,0.0079325513925068217
2023-10-31,growth_fixed,growth,fixed,0.0037882090608583052,0,0.001,0,0.0037882090608583052,1.2040154441579169,1.1945257435479528,0.0079325513925068217
2023-11-01,growth_fixed,growth,fixed,0.012135946728222491,0.26540618283601791,0.001,0.0002654061828360179,0.011870540545386473,1.2186273114481745,1.2087054098192467,0.0081979575753428399
2023-11-02,growth_fixed,growth,fixed,0.0049822586741623542,0,0.001,0,0.0049822586741623542,1.2246988279412083,1.2147274928318257,0.0081979575753428399
2023-11-03,growth_fixed,growth,fixed,0.0042341884389460738,0,0.001,0,0.0042341884389460738,1.2298844335596677,1.2198708779384442,0.0081979575753428399
2023-11-06,growth_fixed,growth,fixed,0.0037978395817819255,0,0.001,0,0.0037978395817819255,1.234555337342458,1.2245037518433419,0.0081979575753428399
2023-11-07,growth_fixed,growth,fixed,-0.0023475452480301584,0,0.001,0,-0.0023475452480301584,1.2316571628268496,1.2216291738795071,0.0081979575753428399
2023-11-08,growth_fixed,growth,fixed,-0.00010099048949840927,0,0.001,0,-0.00010099048949840927,1.2315327771670814,1.2215058009512514,0.0081979575753428399
2023-11-09,growth_fixed,growth,fixed,0.0049181981684940368,0,0.001,0,0.0049181981684940368,1.237589699416185,1.2275134085442947,0.0081979575753428399
2023-11-10,growth_fixed,growth,fixed,0.012116277543162468,0,0.001,0,0.012116277543162468,1.2525846796988704,1.2423863016901708,0.0081979575753428399
2023-11-13,growth_fixed,growth,fixed,-0.0069643042486700057,0,0.001,0,-0.0069643042486700057,1.2438612988922246,1.2337339454908205,0.0081979575753428399
2023-11-14,growth_fixed,growth,fixed,-0.0023918126664488337,0,0.001,0,-0.0023918126664488337,1.2408862156822287,1.2307830850129677,0.0081979575753428399
2023-11-15,growth_fixed,growth,fixed,0.015003425970226303,0,0.001,0,0.015003425970226303,1.2595037601566912,1.2492490479143665,0.0081979575753428399
2023-11-16,growth_fixed,growth,fixed,-0.013207740656852818,0,0.001,0,-0.013207740656852818,1.2428685611362107,1.2327492904736932,0.0081979575753428399
2023-11-17,growth_fixed,growth,fixed,-0.00029442414369085235,0,0.001,0,-0.00029442414369085235,1.2425026306243778,1.2323863393194601,0.0081979575753428399
2023-11-20,growth_fixed,growth,fixed,0.00067913865373037119,0,0.001,0,0.00067913865373037119,1.2433464621881964,1.2332233005188211,0.0081979575753428399
2023-11-21,growth_fixed,growth,fixed,-0.013791294373507013,0,0.001,0,-0.013791294373507013,1.2261991051199006,1.2162155549530982,0.0081979575753428399
2023-11-22,growth_fixed,growth,fixed,0.015794505442732865,0,0.001,0,0.015794505442732865,1.2455663135595911,1.2354250781553413,0.0081979575753428399
2023-11-24,growth_fixed,growth,fixed,0.0047121555803741888,0,0.001,0,0.0047121555803741888,1.251435615814757,1.2412465933315051,0.0081979575753428399
2023-11-27,growth_fixed,growth,fixed,-0.0078592149246388132,0,0.001,0,-0.0078592149246388132,1.241600314345721,1.2314913695800371,0.0081979575753428399
2023-11-28,growth_fixed,growth,fixed,0.0028196034815251014,0,0.001,0,0.0028196034815251014,1.245101134914713,1.234963686933173,0.0081979575753428399
2023-11-29,growth_fixed,growth,fixed,-0.00091324757597921469,0,0.001,0,-0.00091324757597921469,1.243964049321403,1.233835859339659,0.0081979575753428399
2023-11-30,growth_fixed,growth,fixed,0.0052698475958044,0,0.001,0,0.0052698475958044,1.2505195502759865,1.2403379862766173,0.0081979575753428399
2023-12-01,growth_fixed,growth,fixed,0.0077468332491832381,0.20359266820207231,0.001,0.00020359266820207231,0.0075432405809811656,1.2602071167068181,1.2496941541088316,0.0084015502435449124
2023-12-04,growth_fixed,growth,fixed,0.013227328001257144,0,0.001,0,0.013227328001257144,1.2768762895890178,1.2662242685864826,0.0084015502435449124
2023-12-05,growth_fixed,growth,fixed,0.006635382797052447,0,0.001,0,0.006635382797052447,1.2853488525549208,1.2746261513154717,0.0084015502435449124
2023-12-06,growth_fixed,growth,fixed,-0.0025875528755971988,0,0.001,0,-0.0025875528755971988,1.2820229444353468,1.2713279887523241,0.0084015502435449124
2023-12-07,growth_fixed,growth,fixed,0.0048838343879900048,0,0.001,0,0.0048838343879900048,1.2882841321775724,1.2775369441022069,0.0084015502435449124
2023-12-08,growth_fixed,growth,fixed,0.010794958564477763,0,0.001,0,0.010794958564477763,1.3021911060037035,1.2913279024783797,0.0084015502435449124
2023-12-11,growth_fixed,growth,fixed,-0.013371274425313828,0,0.001,0,-0.013371274425313828,1.2847791513711251,1.2740612027212763,0.0084015502435449124
2023-12-12,growth_fixed,growth,fixed,0.0043353799600032161,0,0.001,0,0.0043353799600032161,1.2903491571570094,1.2795847421273718,0.0084015502435449124
2023-12-13,growth_fixed,growth,fixed,0.018319915311964197,0,0.001,0,0.018319915311964197,1.3139882444389901,1.3030266262376269,0.0084015502435449124
2023-12-14,growth_fixed,growth,fixed,-0.0029860537527436337,0,0.001,0,-0.0029860537527436337,1.3100646049106219,1.2991357186904251,0.0084015502435449124
2023-12-15,growth_fixed,growth,fixed,-0.015682591775133647,0,0.001,0,-0.015682591775133647,1.2895193965127569,1.2787619035537083,0.0084015502435449124
2023-12-18,growth_fixed,growth,fixed,0.0056843791096663487,0,0.001,0,0.0056843791096663487,1.2968495136318037,1.2860308710045063,0.0084015502435449124
2023-12-19,growth_fixed,growth,fixed,-0.0033318365350701873,0,0.001,0,-0.0033318365350701873,1.2925286230417972,1.2817460263632654,0.0084015502435449124
2023-12-20,growth_fixed,growth,fixed,-0.0043029514339537611,0,0.001,0,-0.0043029514339537611,1.2869669351498532,1.2762307354611611,0.0084015502435449124
2023-12-21,growth_fixed,growth,fixed,0.010215558893605925,0,0.001,0,0.010215558893605925,1.30011402167,1.2892681457010946,0.0084015502435449124
2023-12-22,growth_fixed,growth,fixed,0.009184400360815026,0,0.001,0,0.009184400360815026,1.3120547893597265,1.3011093005236591,0.0084015502435449124
2023-12-26,growth_fixed,growth,fixed,-0.0042069810818702313,0,0.001,0,-0.0042069810818702313,1.3065349996825129,1.2956355583109107,0.0084015502435449124
2023-12-27,growth_fixed,growth,fixed,0.020724655591057184,0,0.001,0,0.020724655591057184,1.3336124875685949,1.3224871590284315,0.0084015502435449124
2023-12-28,growth_fixed,growth,fixed,-0.00082736572772001971,0,0.001,0,-0.00082736572772001971,1.3325091023023212,1.3213929784777017,0.0084015502435449124
2023-12-29,growth_fixed,growth,fixed,-0.0050476893624575858,0,0.001,0,-0.0050476893624575858,1.3257830102812518,1.3147229971966137,0.0084015502435449124
