decision_date,effective_date,fund,profile,fund_type,rolling_tail_risk,previous_rolling_tail_risk,risk_score,previous_risk_score,raw_crypto_budget,applied_crypto_budget,target_crypto_budget,target_equity_budget,post_rebalance_crypto_weight,post_rebalance_equity_weight,no_adjustment_triggered,monthly_limit_triggered,technical_explanation,user_explanation
2020-12-31,2021-01-04,balanced_adaptive,balanced,adaptive,0.0950169251794809,,80.32786885245902,,0.0795081967213114,0.1089416058394159,0.1089416058394159,0.891058394160584,0.1089416058394159,0.8910583941605839,False,True,"This is the first live rebalance for the Balanced Adaptive fund. The current Crypto risk score was 80.3 and the rolling tail-loss estimate was 9.50%. For the Balanced profile, the Raw Crypto Budget was 8.0%; after smoothing, the Applied Crypto Budget was 10.9%. The portfolio was rebalanced for the next holding period to 10.9% Crypto and 89.1% Equity, while Minimum-CVaR selected the assets within each sleeve.",PulseAlloc used the current Crypto risk reading for the Balanced portfolio and set the target after safeguards. The next-period allocation is 10.9% Crypto and 89.1% stocks.
2021-01-29,2021-02-01,balanced_adaptive,balanced,adaptive,0.1082779977240067,0.0950169251794809,80.83832335329342,80.32786885245902,0.0787425149700598,0.0787425149700598,0.0787425149700598,0.9212574850299402,0.0787425149700604,0.92125748502994,False,False,"The Crypto risk score moved up from 80.3 to 80.8, while the rolling tail-loss estimate rose from 9.50% to 10.83%. For the Balanced profile, the Raw Crypto Budget was 7.9%. After smoothing, the Applied Crypto Budget was 7.9%. The portfolio was rebalanced for the next holding period to 7.9% Crypto and 92.1% Equity, while Minimum-CVaR selected the assets within each sleeve.",Recent Crypto downside risk rose. PulseAlloc reduced the Balanced portfolio's target Crypto allocation. The next-period allocation is 7.9% Crypto and 92.1% stocks.
2021-02-26,2021-03-01,balanced_adaptive,balanced,adaptive,0.1011100516469831,0.1082779977240067,76.24309392265194,80.83832335329342,0.085635359116022,0.0787425149700598,0.0787425149700598,0.9212574850299402,0.0787425149700598,0.921257485029909,True,False,"The Crypto risk score moved down from 80.8 to 76.2, while the rolling tail-loss estimate fell from 10.83% to 10.11%. For the Balanced profile, the Raw Crypto Budget was 8.6%. After smoothing, the Applied Crypto Budget was 7.9%. The proposed Budget change was below the 1-percentage-point threshold, so the previous Applied Crypto Budget was maintained. The portfolio was rebalanced for the next holding period to 7.9% Crypto and 92.1% Equity, while Minimum-CVaR selected the assets within each sleeve.","Recent Crypto downside risk fell. The change was small, so the Balanced portfolio's target Crypto allocation was kept unchanged. The next-period allocation is 7.9% Crypto and 92.1% stocks."
2021-03-31,2021-04-01,balanced_adaptive,balanced,adaptive,0.0721050474222789,0.1011100516469831,43.54430379746835,76.24309392265194,0.1346835443037974,0.1287425149700597,0.1287425149700597,0.8712574850299402,0.12874251497006,0.87125748502994,False,True,"The Crypto risk score moved down from 76.2 to 43.5, while the rolling tail-loss estimate fell from 10.11% to 7.21%. For the Balanced profile, the Raw Crypto Budget was 13.5%. After smoothing, the Applied Crypto Budget was 12.9%. The Applied Crypto Budget increased toward the Raw Budget, but the monthly adjustment was limited to 5 percentage points. The portfolio was rebalanced for the next holding period to 12.9% Crypto and 87.1% Equity, while Minimum-CVaR selected the assets within each sleeve.",Recent Crypto downside risk fell. The target Crypto allocation was increased gradually to avoid a sudden portfolio change. The next-period allocation is 12.9% Crypto and 87.1% stocks.
2021-04-30,2021-05-03,balanced_adaptive,balanced,adaptive,0.0665231499094032,0.0721050474222789,34.8235294117647,43.54430379746835,0.1477647058823529,0.1477647058823529,0.1477647058823529,0.8522352941176471,0.1477647058823529,0.8522352941176401,False,False,"The Crypto risk score moved down from 43.5 to 34.8, while the rolling tail-loss estimate fell from 7.21% to 6.65%. For the Balanced profile, the Raw Crypto Budget was 14.8%. After smoothing, the Applied Crypto Budget was 14.8%. The portfolio was rebalanced for the next holding period to 14.8% Crypto and 85.2% Equity, while Minimum-CVaR selected the assets within each sleeve.",Recent Crypto downside risk fell. PulseAlloc increased the Balanced portfolio's target Crypto allocation. The next-period allocation is 14.8% Crypto and 85.2% stocks.
2021-05-28,2021-06-01,balanced_adaptive,balanced,adaptive,0.1494506335886626,0.0665231499094032,93.3774834437086,34.8235294117647,0.0599337748344371,0.0977647058823529,0.0977647058823529,0.9022352941176472,0.0977647058823527,0.9022352941176492,False,True,"The Crypto risk score moved up from 34.8 to 93.4, while the rolling tail-loss estimate rose from 6.65% to 14.95%. For the Balanced profile, the Raw Crypto Budget was 6.0%. After smoothing, the Applied Crypto Budget was 9.8%. The Applied Crypto Budget decreased toward the Raw Budget, but the monthly adjustment was limited to 5 percentage points. The portfolio was rebalanced for the next holding period to 9.8% Crypto and 90.2% Equity, while Minimum-CVaR selected the assets within each sleeve.",Recent Crypto downside risk rose. The target Crypto allocation was reduced gradually to avoid a sudden portfolio change. The next-period allocation is 9.8% Crypto and 90.2% stocks.
2021-06-30,2021-07-01,balanced_adaptive,balanced,adaptive,0.1683440029788646,0.1494506335886626,100.0,93.3774834437086,0.05,0.05,0.05,0.95,0.05,0.95,False,False,"The Crypto risk score moved up from 93.4 to 100.0, while the rolling tail-loss estimate rose from 14.95% to 16.83%. For the Balanced profile, the Raw Crypto Budget was 5.0%. After smoothing, the Applied Crypto Budget was 5.0%. The portfolio was rebalanced for the next holding period to 5.0% Crypto and 95.0% Equity, while Minimum-CVaR selected the assets within each sleeve.",Recent Crypto downside risk rose. PulseAlloc reduced the Balanced portfolio's target Crypto allocation. The next-period allocation is 5.0% Crypto and 95.0% stocks.
2021-07-30,2021-08-02,balanced_adaptive,balanced,adaptive,0.0918319470264436,0.1683440029788646,60.07751937984496,100.0,0.1098837209302325,0.1,0.1,0.9,0.1,0.8999999999999975,False,True,"The Crypto risk score moved down from 100.0 to 60.1, while the rolling tail-loss estimate fell from 16.83% to 9.18%. For the Balanced profile, the Raw Crypto Budget was 11.0%. After smoothing, the Applied Crypto Budget was 10.0%. The Applied Crypto Budget increased toward the Raw Budget, but the monthly adjustment was limited to 5 percentage points. The portfolio was rebalanced for the next holding period to 10.0% Crypto and 90.0% Equity, while Minimum-CVaR selected the assets within each sleeve.",Recent Crypto downside risk fell. The target Crypto allocation was increased gradually to avoid a sudden portfolio change. The next-period allocation is 10.0% Crypto and 90.0% stocks.
2021-08-31,2021-09-01,balanced_adaptive,balanced,adaptive,0.0566624258194645,0.0918319470264436,16.240875912408757,60.07751937984496,0.1756386861313868,0.15,0.15,0.85,0.15,0.85,False,True,"The Crypto risk score moved down from 60.1 to 16.2, while the rolling tail-loss estimate fell from 9.18% to 5.67%. For the Balanced profile, the Raw Crypto Budget was 17.6%. After smoothing, the Applied Crypto Budget was 15.0%. The Applied Crypto Budget increased toward the Raw Budget, but the monthly adjustment was limited to 5 percentage points. The portfolio was rebalanced for the next holding period to 15.0% Crypto and 85.0% Equity, while Minimum-CVaR selected the assets within each sleeve.",Recent Crypto downside risk fell. The target Crypto allocation was increased gradually to avoid a sudden portfolio change. The next-period allocation is 15.0% Crypto and 85.0% stocks.
2021-09-30,2021-10-01,balanced_adaptive,balanced,adaptive,0.0897193866592784,0.0566624258194645,63.14878892733565,16.240875912408757,0.1052768166089965,0.1052768166089965,0.1052768166089965,0.8947231833910035,0.1052768166089964,0.8947231833910035,False,False,"The Crypto risk score moved up from 16.2 to 63.1, while the rolling tail-loss estimate rose from 5.67% to 8.97%. For the Balanced profile, the Raw Crypto Budget was 10.5%. After smoothing, the Applied Crypto Budget was 10.5%. The portfolio was rebalanced for the next holding period to 10.5% Crypto and 89.5% Equity, while Minimum-CVaR selected the assets within each sleeve.",Recent Crypto downside risk rose. PulseAlloc reduced the Balanced portfolio's target Crypto allocation. The next-period allocation is 10.5% Crypto and 89.5% stocks.
2021-10-29,2021-11-01,balanced_adaptive,balanced,adaptive,0.088803821425399,0.0897193866592784,60.79077429983526,63.14878892733565,0.1088138385502471,0.1052768166089965,0.1052768166089965,0.8947231833910035,0.1052768166089964,0.8947231833910012,True,False,"The Crypto risk score moved down from 63.1 to 60.8, while the rolling tail-loss estimate fell from 8.97% to 8.88%. For the Balanced profile, the Raw Crypto Budget was 10.9%. After smoothing, the Applied Crypto Budget was 10.5%. The proposed Budget change was below the 1-percentage-point threshold, so the previous Applied Crypto Budget was maintained. The portfolio was rebalanced for the next holding period to 10.5% Crypto and 89.5% Equity, while Minimum-CVaR selected the assets within each sleeve.","Recent Crypto downside risk fell. The change was small, so the Balanced portfolio's target Crypto allocation was kept unchanged. The next-period allocation is 10.5% Crypto and 89.5% stocks."
2021-11-30,2021-12-01,balanced_adaptive,balanced,adaptive,0.0669718047226076,0.088803821425399,29.42097026604069,60.79077429983526,0.1558685446009389,0.1552768166089965,0.1552768166089965,0.8447231833910035,0.1552768166089963,0.844723183390978,False,True,"The Crypto risk score moved down from 60.8 to 29.4, while the rolling tail-loss estimate fell from 8.88% to 6.70%. For the Balanced profile, the Raw Crypto Budget was 15.6%. After smoothing, the Applied Crypto Budget was 15.5%. The Applied Crypto Budget increased toward the Raw Budget, but the monthly adjustment was limited to 5 percentage points. The portfolio was rebalanced for the next holding period to 15.5% Crypto and 84.5% Equity, while Minimum-CVaR selected the assets within each sleeve.",Recent Crypto downside risk fell. The target Crypto allocation was increased gradually to avoid a sudden portfolio change. The next-period allocation is 15.5% Crypto and 84.5% stocks.
2021-12-31,2022-01-03,balanced_adaptive,balanced,adaptive,0.0780920808393098,0.0669718047226076,51.7910447761194,29.42097026604069,0.1223134328358209,0.1223134328358209,0.1223134328358209,0.8776865671641791,0.1223134328358209,0.8776865671643672,False,False,"The Crypto risk score moved up from 29.4 to 51.8, while the rolling tail-loss estimate rose from 6.70% to 7.81%. For the Balanced profile, the Raw Crypto Budget was 12.2%. After smoothing, the Applied Crypto Budget was 12.2%. The portfolio was rebalanced for the next holding period to 12.2% Crypto and 87.8% Equity, while Minimum-CVaR selected the assets within each sleeve.",Recent Crypto downside risk rose. PulseAlloc reduced the Balanced portfolio's target Crypto allocation. The next-period allocation is 12.2% Crypto and 87.8% stocks.
2022-01-31,2022-02-01,balanced_adaptive,balanced,adaptive,0.0823514270204458,0.0780920808393098,57.34664764621969,51.7910447761194,0.1139800285306704,0.1223134328358209,0.1223134328358209,0.8776865671641791,0.122313432835821,0.8776865671641808,True,False,"The Crypto risk score moved up from 51.8 to 57.3, while the rolling tail-loss estimate rose from 7.81% to 8.24%. For the Balanced profile, the Raw Crypto Budget was 11.4%. After smoothing, the Applied Crypto Budget was 12.2%. The proposed Budget change was below the 1-percentage-point threshold, so the previous Applied Crypto Budget was maintained. The portfolio was rebalanced for the next holding period to 12.2% Crypto and 87.8% Equity, while Minimum-CVaR selected the assets within each sleeve.","Recent Crypto downside risk rose. The change was small, so the Balanced portfolio's target Crypto allocation was kept unchanged. The next-period allocation is 12.2% Crypto and 87.8% stocks."
2022-02-28,2022-03-01,balanced_adaptive,balanced,adaptive,0.0728313155296015,0.0823514270204458,39.09465020576132,57.34664764621969,0.141358024691358,0.141358024691358,0.141358024691358,0.8586419753086421,0.1413580246913579,0.8586419753086415,False,False,"The Crypto risk score moved down from 57.3 to 39.1, while the rolling tail-loss estimate fell from 8.24% to 7.28%. For the Balanced profile, the Raw Crypto Budget was 14.1%. After smoothing, the Applied Crypto Budget was 14.1%. The portfolio was rebalanced for the next holding period to 14.1% Crypto and 85.9% Equity, while Minimum-CVaR selected the assets within each sleeve.",Recent Crypto downside risk fell. PulseAlloc increased the Balanced portfolio's target Crypto allocation. The next-period allocation is 14.1% Crypto and 85.9% stocks.
2022-03-31,2022-04-01,balanced_adaptive,balanced,adaptive,0.0597575067252199,0.0728313155296015,19.210526315789473,39.09465020576132,0.1711842105263158,0.1711842105263158,0.1711842105263158,0.8288157894736842,0.1711842105263151,0.8288157894736841,False,False,"The Crypto risk score moved down from 39.1 to 19.2, while the rolling tail-loss estimate fell from 7.28% to 5.98%. For the Balanced profile, the Raw Crypto Budget was 17.1%. After smoothing, the Applied Crypto Budget was 17.1%. The portfolio was rebalanced for the next holding period to 17.1% Crypto and 82.9% Equity, while Minimum-CVaR selected the assets within each sleeve.",Recent Crypto downside risk fell. PulseAlloc increased the Balanced portfolio's target Crypto allocation. The next-period allocation is 17.1% Crypto and 82.9% stocks.
2022-04-29,2022-05-02,balanced_adaptive,balanced,adaptive,0.0661928736832527,0.0597575067252199,24.20785804816223,19.210526315789473,0.1636882129277566,0.1711842105263158,0.1711842105263158,0.8288157894736842,0.171184210526316,0.828815789473684,True,False,"The Crypto risk score moved up from 19.2 to 24.2, while the rolling tail-loss estimate rose from 5.98% to 6.62%. For the Balanced profile, the Raw Crypto Budget was 16.4%. After smoothing, the Applied Crypto Budget was 17.1%. The proposed Budget change was below the 1-percentage-point threshold, so the previous Applied Crypto Budget was maintained. The portfolio was rebalanced for the next holding period to 17.1% Crypto and 82.9% Equity, while Minimum-CVaR selected the assets within each sleeve.","Recent Crypto downside risk rose. The change was small, so the Balanced portfolio's target Crypto allocation was kept unchanged. The next-period allocation is 17.1% Crypto and 82.9% stocks."
2022-05-31,2022-06-01,balanced_adaptive,balanced,adaptive,0.1036648531803156,0.0661928736832527,81.97320341047502,24.20785804816223,0.0770401948842874,0.1211842105263158,0.1211842105263158,0.8788157894736842,0.1211842105263163,0.8788157894736826,False,True,"The Crypto risk score moved up from 24.2 to 82.0, while the rolling tail-loss estimate rose from 6.62% to 10.37%. For the Balanced profile, the Raw Crypto Budget was 7.7%. After smoothing, the Applied Crypto Budget was 12.1%. The Applied Crypto Budget decreased toward the Raw Budget, but the monthly adjustment was limited to 5 percentage points. The portfolio was rebalanced for the next holding period to 12.1% Crypto and 87.9% Equity, while Minimum-CVaR selected the assets within each sleeve.",Recent Crypto downside risk rose. The target Crypto allocation was reduced gradually to avoid a sudden portfolio change. The next-period allocation is 12.1% Crypto and 87.9% stocks.
2022-06-30,2022-07-01,balanced_adaptive,balanced,adaptive,0.1139390110615981,0.1036648531803156,85.19388954171563,81.97320341047502,0.0722091656874265,0.0722091656874265,0.0722091656874265,0.9277908343125736,0.0722091656874265,0.9277908343125733,False,False,"The Crypto risk score moved up from 82.0 to 85.2, while the rolling tail-loss estimate rose from 10.37% to 11.39%. For the Balanced profile, the Raw Crypto Budget was 7.2%. After smoothing, the Applied Crypto Budget was 7.2%. The portfolio was rebalanced for the next holding period to 7.2% Crypto and 92.8% Equity, while Minimum-CVaR selected the assets within each sleeve.",Recent Crypto downside risk rose. PulseAlloc reduced the Balanced portfolio's target Crypto allocation. The next-period allocation is 7.2% Crypto and 92.8% stocks.
2022-07-29,2022-08-01,balanced_adaptive,balanced,adaptive,0.0824508483960887,0.1139390110615981,58.18181818181818,85.19388954171563,0.1127272727272727,0.1127272727272727,0.1127272727272727,0.8872727272727273,0.1127272727272731,0.8872727272727274,False,False,"The Crypto risk score moved down from 85.2 to 58.2, while the rolling tail-loss estimate fell from 11.39% to 8.25%. For the Balanced profile, the Raw Crypto Budget was 11.3%. After smoothing, the Applied Crypto Budget was 11.3%. The portfolio was rebalanced for the next holding period to 11.3% Crypto and 88.7% Equity, while Minimum-CVaR selected the assets within each sleeve.",Recent Crypto downside risk fell. PulseAlloc increased the Balanced portfolio's target Crypto allocation. The next-period allocation is 11.3% Crypto and 88.7% stocks.
2022-08-31,2022-09-01,balanced_adaptive,balanced,adaptive,0.0663977996623439,0.0824508483960887,23.548740416210297,58.18181818181818,0.1646768893756845,0.1627272727272727,0.1627272727272727,0.8372727272727273,0.1627272727272702,0.8372727272727312,False,True,"The Crypto risk score moved down from 58.2 to 23.5, while the rolling tail-loss estimate fell from 8.25% to 6.64%. For the Balanced profile, the Raw Crypto Budget was 16.5%. After smoothing, the Applied Crypto Budget was 16.3%. The Applied Crypto Budget increased toward the Raw Budget, but the monthly adjustment was limited to 5 percentage points. The portfolio was rebalanced for the next holding period to 16.3% Crypto and 83.7% Equity, while Minimum-CVaR selected the assets within each sleeve.",Recent Crypto downside risk fell. The target Crypto allocation was increased gradually to avoid a sudden portfolio change. The next-period allocation is 16.3% Crypto and 83.7% stocks.
2022-09-30,2022-10-03,balanced_adaptive,balanced,adaptive,0.0758514931612161,0.0663977996623439,49.09862142099682,23.548740416210297,0.1263520678685047,0.1263520678685047,0.1263520678685047,0.8736479321314953,0.1263520678685045,0.8736479321314948,False,False,"The Crypto risk score moved up from 23.5 to 49.1, while the rolling tail-loss estimate rose from 6.64% to 7.59%. For the Balanced profile, the Raw Crypto Budget was 12.6%. After smoothing, the Applied Crypto Budget was 12.6%. The portfolio was rebalanced for the next holding period to 12.6% Crypto and 87.4% Equity, while Minimum-CVaR selected the assets within each sleeve.",Recent Crypto downside risk rose. PulseAlloc reduced the Balanced portfolio's target Crypto allocation. The next-period allocation is 12.6% Crypto and 87.4% stocks.
2022-10-31,2022-11-01,balanced_adaptive,balanced,adaptive,0.058649471885812,0.0758514931612161,12.73100616016427,49.09862142099682,0.1809034907597536,0.1763520678685047,0.1763520678685047,0.8236479321314953,0.1763520678685042,0.8236479321314957,False,True,"The Crypto risk score moved down from 49.1 to 12.7, while the rolling tail-loss estimate fell from 7.59% to 5.86%. For the Balanced profile, the Raw Crypto Budget was 18.1%. After smoothing, the Applied Crypto Budget was 17.6%. The Applied Crypto Budget increased toward the Raw Budget, but the monthly adjustment was limited to 5 percentage points. The portfolio was rebalanced for the next holding period to 17.6% Crypto and 82.4% Equity, while Minimum-CVaR selected the assets within each sleeve.",Recent Crypto downside risk fell. The target Crypto allocation was increased gradually to avoid a sudden portfolio change. The next-period allocation is 17.6% Crypto and 82.4% stocks.
2022-11-30,2022-12-01,balanced_adaptive,balanced,adaptive,0.0700362604327545,0.058649471885812,32.47011952191235,12.73100616016427,0.1512948207171315,0.1512948207171315,0.1512948207171315,0.8487051792828685,0.1512948207171326,0.8487051792828685,False,False,"The Crypto risk score moved up from 12.7 to 32.5, while the rolling tail-loss estimate rose from 5.86% to 7.00%. For the Balanced profile, the Raw Crypto Budget was 15.1%. After smoothing, the Applied Crypto Budget was 15.1%. The portfolio was rebalanced for the next holding period to 15.1% Crypto and 84.9% Equity, while Minimum-CVaR selected the assets within each sleeve.",Recent Crypto downside risk rose. PulseAlloc reduced the Balanced portfolio's target Crypto allocation. The next-period allocation is 15.1% Crypto and 84.9% stocks.
2022-12-30,2023-01-03,balanced_adaptive,balanced,adaptive,0.0761424976847595,0.0700362604327545,52.804642166344294,32.47011952191235,0.1207930367504835,0.1207930367504835,0.1207930367504835,0.8792069632495165,0.1207930367504835,0.8792069632495163,False,False,"The Crypto risk score moved up from 32.5 to 52.8, while the rolling tail-loss estimate rose from 7.00% to 7.61%. For the Balanced profile, the Raw Crypto Budget was 12.1%. After smoothing, the Applied Crypto Budget was 12.1%. The portfolio was rebalanced for the next holding period to 12.1% Crypto and 87.9% Equity, while Minimum-CVaR selected the assets within each sleeve.",Recent Crypto downside risk rose. PulseAlloc reduced the Balanced portfolio's target Crypto allocation. The next-period allocation is 12.1% Crypto and 87.9% stocks.
2023-01-31,2023-02-01,balanced_adaptive,balanced,adaptive,0.0449970734859114,0.0761424976847595,8.25515947467167,52.804642166344294,0.1876172607879925,0.1707930367504835,0.1707930367504835,0.8292069632495165,0.1707930367504835,0.8292069632495165,False,True,"The Crypto risk score moved down from 52.8 to 8.3, while the rolling tail-loss estimate fell from 7.61% to 4.50%. For the Balanced profile, the Raw Crypto Budget was 18.8%. After smoothing, the Applied Crypto Budget was 17.1%. The Applied Crypto Budget increased toward the Raw Budget, but the monthly adjustment was limited to 5 percentage points. The portfolio was rebalanced for the next holding period to 17.1% Crypto and 82.9% Equity, while Minimum-CVaR selected the assets within each sleeve.",Recent Crypto downside risk fell. The target Crypto allocation was increased gradually to avoid a sudden portfolio change. The next-period allocation is 17.1% Crypto and 82.9% stocks.
2023-02-28,2023-03-01,balanced_adaptive,balanced,adaptive,0.044675002809092,0.0449970734859114,9.049360146252283,8.25515947467167,0.1864259597806216,0.1864259597806216,0.1864259597806216,0.8135740402193784,0.1864259597806208,0.8135740402193823,False,False,"The Crypto risk score moved up from 8.3 to 9.0, while the rolling tail-loss estimate fell from 4.50% to 4.47%. For the Balanced profile, the Raw Crypto Budget was 18.6%. After smoothing, the Applied Crypto Budget was 18.6%. The portfolio was rebalanced for the next holding period to 18.6% Crypto and 81.4% Equity, while Minimum-CVaR selected the assets within each sleeve.",Recent Crypto downside risk fell. PulseAlloc increased the Balanced portfolio's target Crypto allocation. The next-period allocation is 18.6% Crypto and 81.4% stocks.
2023-03-31,2023-04-03,balanced_adaptive,balanced,adaptive,0.0497258828840727,0.044675002809092,12.088888888888889,9.049360146252283,0.1818666666666666,0.1864259597806216,0.1864259597806216,0.8135740402193784,0.1864259597806222,0.8135740402193783,True,False,"The Crypto risk score moved up from 9.0 to 12.1, while the rolling tail-loss estimate rose from 4.47% to 4.97%. For the Balanced profile, the Raw Crypto Budget was 18.2%. After smoothing, the Applied Crypto Budget was 18.6%. The proposed Budget change was below the 1-percentage-point threshold, so the previous Applied Crypto Budget was maintained. The portfolio was rebalanced for the next holding period to 18.6% Crypto and 81.4% Equity, while Minimum-CVaR selected the assets within each sleeve.","Recent Crypto downside risk rose. The change was small, so the Balanced portfolio's target Crypto allocation was kept unchanged. The next-period allocation is 18.6% Crypto and 81.4% stocks."
2023-04-28,2023-05-01,balanced_adaptive,balanced,adaptive,0.05047375546635,0.0497258828840727,14.570685169124022,12.088888888888889,0.1781439722463139,0.1864259597806216,0.1864259597806216,0.8135740402193784,0.186425959780621,0.8135740402194127,True,False,"The Crypto risk score moved up from 12.1 to 14.6, while the rolling tail-loss estimate rose from 4.97% to 5.05%. For the Balanced profile, the Raw Crypto Budget was 17.8%. After smoothing, the Applied Crypto Budget was 18.6%. The proposed Budget change was below the 1-percentage-point threshold, so the previous Applied Crypto Budget was maintained. The portfolio was rebalanced for the next holding period to 18.6% Crypto and 81.4% Equity, while Minimum-CVaR selected the assets within each sleeve.","Recent Crypto downside risk rose. The change was small, so the Balanced portfolio's target Crypto allocation was kept unchanged. The next-period allocation is 18.6% Crypto and 81.4% stocks."
2023-05-31,2023-06-01,balanced_adaptive,balanced,adaptive,0.0375670090484977,0.05047375546635,2.6138279932546373,14.570685169124022,0.196079258010118,0.1864259597806216,0.1864259597806216,0.8135740402193784,0.1864259597806223,0.8135740402193793,True,False,"The Crypto risk score moved down from 14.6 to 2.6, while the rolling tail-loss estimate fell from 5.05% to 3.76%. For the Balanced profile, the Raw Crypto Budget was 19.6%. After smoothing, the Applied Crypto Budget was 18.6%. The proposed Budget change was below the 1-percentage-point threshold, so the previous Applied Crypto Budget was maintained. The portfolio was rebalanced for the next holding period to 18.6% Crypto and 81.4% Equity, while Minimum-CVaR selected the assets within each sleeve.","Recent Crypto downside risk fell. The change was small, so the Balanced portfolio's target Crypto allocation was kept unchanged. The next-period allocation is 18.6% Crypto and 81.4% stocks."
2023-06-30,2023-07-03,balanced_adaptive,balanced,adaptive,0.0485413030948913,0.0375670090484977,14.473684210526317,2.6138279932546373,0.1782894736842105,0.1864259597806216,0.1864259597806216,0.8135740402193784,0.186425959780621,0.8135740402193777,True,False,"The Crypto risk score moved up from 2.6 to 14.5, while the rolling tail-loss estimate rose from 3.76% to 4.85%. For the Balanced profile, the Raw Crypto Budget was 17.8%. After smoothing, the Applied Crypto Budget was 18.6%. The proposed Budget change was below the 1-percentage-point threshold, so the previous Applied Crypto Budget was maintained. The portfolio was rebalanced for the next holding period to 18.6% Crypto and 81.4% Equity, while Minimum-CVaR selected the assets within each sleeve.","Recent Crypto downside risk rose. The change was small, so the Balanced portfolio's target Crypto allocation was kept unchanged. The next-period allocation is 18.6% Crypto and 81.4% stocks."
2023-07-31,2023-08-01,balanced_adaptive,balanced,adaptive,0.0536787739702087,0.0485413030948913,23.416198877305533,14.473684210526317,0.1648757016840417,0.1648757016840417,0.1648757016840417,0.8351242983159584,0.1648757016840419,0.8351242983159585,False,False,"The Crypto risk score moved up from 14.5 to 23.4, while the rolling tail-loss estimate rose from 4.85% to 5.37%. For the Balanced profile, the Raw Crypto Budget was 16.5%. After smoothing, the Applied Crypto Budget was 16.5%. The portfolio was rebalanced for the next holding period to 16.5% Crypto and 83.5% Equity, while Minimum-CVaR selected the assets within each sleeve.",Recent Crypto downside risk rose. PulseAlloc reduced the Balanced portfolio's target Crypto allocation. The next-period allocation is 16.5% Crypto and 83.5% stocks.
2023-08-31,2023-09-01,balanced_adaptive,balanced,adaptive,0.0505246989841056,0.0536787739702087,19.483568075117372,23.416198877305533,0.1707746478873239,0.1648757016840417,0.1648757016840417,0.8351242983159584,0.1648757016840413,0.8351242983159526,True,False,"The Crypto risk score moved down from 23.4 to 19.5, while the rolling tail-loss estimate fell from 5.37% to 5.05%. For the Balanced profile, the Raw Crypto Budget was 17.1%. After smoothing, the Applied Crypto Budget was 16.5%. The proposed Budget change was below the 1-percentage-point threshold, so the previous Applied Crypto Budget was maintained. The portfolio was rebalanced for the next holding period to 16.5% Crypto and 83.5% Equity, while Minimum-CVaR selected the assets within each sleeve.","Recent Crypto downside risk fell. The change was small, so the Balanced portfolio's target Crypto allocation was kept unchanged. The next-period allocation is 16.5% Crypto and 83.5% stocks."
2023-09-29,2023-10-02,balanced_adaptive,balanced,adaptive,0.0440244649195958,0.0505246989841056,9.793420045906656,19.483568075117372,0.18530986993114,0.18530986993114,0.18530986993114,0.81469013006886,0.1853098699311396,0.8146901300688622,False,False,"The Crypto risk score moved down from 19.5 to 9.8, while the rolling tail-loss estimate fell from 5.05% to 4.40%. For the Balanced profile, the Raw Crypto Budget was 18.5%. After smoothing, the Applied Crypto Budget was 18.5%. The portfolio was rebalanced for the next holding period to 18.5% Crypto and 81.5% Equity, while Minimum-CVaR selected the assets within each sleeve.",Recent Crypto downside risk fell. PulseAlloc increased the Balanced portfolio's target Crypto allocation. The next-period allocation is 18.5% Crypto and 81.5% stocks.
2023-10-31,2023-11-01,balanced_adaptive,balanced,adaptive,0.0236328519184651,0.0440244649195958,0.0746825989544436,9.793420045906656,0.1998879761015683,0.1998879761015683,0.1998879761015683,0.8001120238984317,0.199887976101568,0.8001120238984316,False,False,"The Crypto risk score moved down from 9.8 to 0.1, while the rolling tail-loss estimate fell from 4.40% to 2.36%. For the Balanced profile, the Raw Crypto Budget was 20.0%. After smoothing, the Applied Crypto Budget was 20.0%. The portfolio was rebalanced for the next holding period to 20.0% Crypto and 80.0% Equity, while Minimum-CVaR selected the assets within each sleeve.",Recent Crypto downside risk fell. PulseAlloc increased the Balanced portfolio's target Crypto allocation. The next-period allocation is 20.0% Crypto and 80.0% stocks.
2023-11-30,2023-12-01,balanced_adaptive,balanced,adaptive,0.0326788061359547,0.0236328519184651,3.6523009495982466,0.0746825989544436,0.1945215485756026,0.1998879761015683,0.1998879761015683,0.8001120238984317,0.1998879761015682,0.800112023898431,True,False,"The Crypto risk score moved up from 0.1 to 3.7, while the rolling tail-loss estimate rose from 2.36% to 3.27%. For the Balanced profile, the Raw Crypto Budget was 19.5%. After smoothing, the Applied Crypto Budget was 20.0%. The proposed Budget change was below the 1-percentage-point threshold, so the previous Applied Crypto Budget was maintained. The portfolio was rebalanced for the next holding period to 20.0% Crypto and 80.0% Equity, while Minimum-CVaR selected the assets within each sleeve.","Recent Crypto downside risk rose. The change was small, so the Balanced portfolio's target Crypto allocation was kept unchanged. The next-period allocation is 20.0% Crypto and 80.0% stocks."
2020-12-31,2021-01-04,balanced_fixed,balanced,fixed,0.0950169251794809,,80.32786885245902,,,,0.2,0.8,0.2000000000000001,0.7999999999999999,,,"The Crypto risk score was 80.3, but the Balanced Fixed fund maintained its pre-set 20.0% Crypto Budget. The portfolio was rebalanced for the next holding period to 20.0% Crypto and 80.0% Equity, while Minimum-CVaR selected the assets within each sleeve.",This Fixed fund keeps 20.0% in Crypto regardless of changes in market risk. The next-period allocation is 20.0% Crypto and 80.0% stocks.
2021-01-29,2021-02-01,balanced_fixed,balanced,fixed,0.1082779977240067,0.0950169251794809,80.83832335329342,80.32786885245902,,,0.2,0.8,0.2000000000000016,0.7999999999999998,,,"The Crypto risk score was 80.8, but the Balanced Fixed fund maintained its pre-set 20.0% Crypto Budget. The portfolio was rebalanced for the next holding period to 20.0% Crypto and 80.0% Equity, while Minimum-CVaR selected the assets within each sleeve.",This Fixed fund keeps 20.0% in Crypto regardless of changes in market risk. The next-period allocation is 20.0% Crypto and 80.0% stocks.
2021-02-26,2021-03-01,balanced_fixed,balanced,fixed,0.1011100516469831,0.1082779977240067,76.24309392265194,80.83832335329342,,,0.2,0.8,0.2000000000000002,0.799999999999973,,,"The Crypto risk score was 76.2, but the Balanced Fixed fund maintained its pre-set 20.0% Crypto Budget. The portfolio was rebalanced for the next holding period to 20.0% Crypto and 80.0% Equity, while Minimum-CVaR selected the assets within each sleeve.",This Fixed fund keeps 20.0% in Crypto regardless of changes in market risk. The next-period allocation is 20.0% Crypto and 80.0% stocks.
2021-03-31,2021-04-01,balanced_fixed,balanced,fixed,0.0721050474222789,0.1011100516469831,43.54430379746835,76.24309392265194,,,0.2,0.8,0.2000000000000005,0.7999999999999999,,,"The Crypto risk score was 43.5, but the Balanced Fixed fund maintained its pre-set 20.0% Crypto Budget. The portfolio was rebalanced for the next holding period to 20.0% Crypto and 80.0% Equity, while Minimum-CVaR selected the assets within each sleeve.",This Fixed fund keeps 20.0% in Crypto regardless of changes in market risk. The next-period allocation is 20.0% Crypto and 80.0% stocks.
2021-04-30,2021-05-03,balanced_fixed,balanced,fixed,0.0665231499094032,0.0721050474222789,34.8235294117647,43.54430379746835,,,0.2,0.8,0.2,0.7999999999999935,,,"The Crypto risk score was 34.8, but the Balanced Fixed fund maintained its pre-set 20.0% Crypto Budget. The portfolio was rebalanced for the next holding period to 20.0% Crypto and 80.0% Equity, while Minimum-CVaR selected the assets within each sleeve.",This Fixed fund keeps 20.0% in Crypto regardless of changes in market risk. The next-period allocation is 20.0% Crypto and 80.0% stocks.
2021-05-28,2021-06-01,balanced_fixed,balanced,fixed,0.1494506335886626,0.0665231499094032,93.3774834437086,34.8235294117647,,,0.2,0.8,0.1999999999999997,0.8000000000000019,,,"The Crypto risk score was 93.4, but the Balanced Fixed fund maintained its pre-set 20.0% Crypto Budget. The portfolio was rebalanced for the next holding period to 20.0% Crypto and 80.0% Equity, while Minimum-CVaR selected the assets within each sleeve.",This Fixed fund keeps 20.0% in Crypto regardless of changes in market risk. The next-period allocation is 20.0% Crypto and 80.0% stocks.
2021-06-30,2021-07-01,balanced_fixed,balanced,fixed,0.1683440029788646,0.1494506335886626,100.0,93.3774834437086,,,0.2,0.8,0.2,0.8,,,"The Crypto risk score was 100.0, but the Balanced Fixed fund maintained its pre-set 20.0% Crypto Budget. The portfolio was rebalanced for the next holding period to 20.0% Crypto and 80.0% Equity, while Minimum-CVaR selected the assets within each sleeve.",This Fixed fund keeps 20.0% in Crypto regardless of changes in market risk. The next-period allocation is 20.0% Crypto and 80.0% stocks.
2021-07-30,2021-08-02,balanced_fixed,balanced,fixed,0.0918319470264436,0.1683440029788646,60.07751937984496,100.0,,,0.2,0.8,0.2,0.7999999999999979,,,"The Crypto risk score was 60.1, but the Balanced Fixed fund maintained its pre-set 20.0% Crypto Budget. The portfolio was rebalanced for the next holding period to 20.0% Crypto and 80.0% Equity, while Minimum-CVaR selected the assets within each sleeve.",This Fixed fund keeps 20.0% in Crypto regardless of changes in market risk. The next-period allocation is 20.0% Crypto and 80.0% stocks.
2021-08-31,2021-09-01,balanced_fixed,balanced,fixed,0.0566624258194645,0.0918319470264436,16.240875912408757,60.07751937984496,,,0.2,0.8,0.2000000000000001,0.7999999999999999,,,"The Crypto risk score was 16.2, but the Balanced Fixed fund maintained its pre-set 20.0% Crypto Budget. The portfolio was rebalanced for the next holding period to 20.0% Crypto and 80.0% Equity, while Minimum-CVaR selected the assets within each sleeve.",This Fixed fund keeps 20.0% in Crypto regardless of changes in market risk. The next-period allocation is 20.0% Crypto and 80.0% stocks.
2021-09-30,2021-10-01,balanced_fixed,balanced,fixed,0.0897193866592784,0.0566624258194645,63.14878892733565,16.240875912408757,,,0.2,0.8,0.1999999999999999,0.8000000000000002,,,"The Crypto risk score was 63.1, but the Balanced Fixed fund maintained its pre-set 20.0% Crypto Budget. The portfolio was rebalanced for the next holding period to 20.0% Crypto and 80.0% Equity, while Minimum-CVaR selected the assets within each sleeve.",This Fixed fund keeps 20.0% in Crypto regardless of changes in market risk. The next-period allocation is 20.0% Crypto and 80.0% stocks.
2021-10-29,2021-11-01,balanced_fixed,balanced,fixed,0.088803821425399,0.0897193866592784,60.79077429983526,63.14878892733565,,,0.2,0.8,0.1999999999999999,0.7999999999999979,,,"The Crypto risk score was 60.8, but the Balanced Fixed fund maintained its pre-set 20.0% Crypto Budget. The portfolio was rebalanced for the next holding period to 20.0% Crypto and 80.0% Equity, while Minimum-CVaR selected the assets within each sleeve.",This Fixed fund keeps 20.0% in Crypto regardless of changes in market risk. The next-period allocation is 20.0% Crypto and 80.0% stocks.
2021-11-30,2021-12-01,balanced_fixed,balanced,fixed,0.0669718047226076,0.088803821425399,29.42097026604069,60.79077429983526,,,0.2,0.8,0.1999999999999998,0.7999999999999758,,,"The Crypto risk score was 29.4, but the Balanced Fixed fund maintained its pre-set 20.0% Crypto Budget. The portfolio was rebalanced for the next holding period to 20.0% Crypto and 80.0% Equity, while Minimum-CVaR selected the assets within each sleeve.",This Fixed fund keeps 20.0% in Crypto regardless of changes in market risk. The next-period allocation is 20.0% Crypto and 80.0% stocks.
2021-12-31,2022-01-03,balanced_fixed,balanced,fixed,0.0780920808393098,0.0669718047226076,51.7910447761194,29.42097026604069,,,0.2,0.8,0.2,0.8000000000001714,,,"The Crypto risk score was 51.8, but the Balanced Fixed fund maintained its pre-set 20.0% Crypto Budget. The portfolio was rebalanced for the next holding period to 20.0% Crypto and 80.0% Equity, while Minimum-CVaR selected the assets within each sleeve.",This Fixed fund keeps 20.0% in Crypto regardless of changes in market risk. The next-period allocation is 20.0% Crypto and 80.0% stocks.
2022-01-31,2022-02-01,balanced_fixed,balanced,fixed,0.0823514270204458,0.0780920808393098,57.34664764621969,51.7910447761194,,,0.2,0.8,0.2000000000000003,0.8000000000000016,,,"The Crypto risk score was 57.3, but the Balanced Fixed fund maintained its pre-set 20.0% Crypto Budget. The portfolio was rebalanced for the next holding period to 20.0% Crypto and 80.0% Equity, while Minimum-CVaR selected the assets within each sleeve.",This Fixed fund keeps 20.0% in Crypto regardless of changes in market risk. The next-period allocation is 20.0% Crypto and 80.0% stocks.
2022-02-28,2022-03-01,balanced_fixed,balanced,fixed,0.0728313155296015,0.0823514270204458,39.09465020576132,57.34664764621969,,,0.2,0.8,0.1999999999999998,0.7999999999999996,,,"The Crypto risk score was 39.1, but the Balanced Fixed fund maintained its pre-set 20.0% Crypto Budget. The portfolio was rebalanced for the next holding period to 20.0% Crypto and 80.0% Equity, while Minimum-CVaR selected the assets within each sleeve.",This Fixed fund keeps 20.0% in Crypto regardless of changes in market risk. The next-period allocation is 20.0% Crypto and 80.0% stocks.
2022-03-31,2022-04-01,balanced_fixed,balanced,fixed,0.0597575067252199,0.0728313155296015,19.210526315789473,39.09465020576132,,,0.2,0.8,0.1999999999999993,0.8,,,"The Crypto risk score was 19.2, but the Balanced Fixed fund maintained its pre-set 20.0% Crypto Budget. The portfolio was rebalanced for the next holding period to 20.0% Crypto and 80.0% Equity, while Minimum-CVaR selected the assets within each sleeve.",This Fixed fund keeps 20.0% in Crypto regardless of changes in market risk. The next-period allocation is 20.0% Crypto and 80.0% stocks.
2022-04-29,2022-05-02,balanced_fixed,balanced,fixed,0.0661928736832527,0.0597575067252199,24.20785804816223,19.210526315789473,,,0.2,0.8,0.2000000000000002,0.7999999999999997,,,"The Crypto risk score was 24.2, but the Balanced Fixed fund maintained its pre-set 20.0% Crypto Budget. The portfolio was rebalanced for the next holding period to 20.0% Crypto and 80.0% Equity, while Minimum-CVaR selected the assets within each sleeve.",This Fixed fund keeps 20.0% in Crypto regardless of changes in market risk. The next-period allocation is 20.0% Crypto and 80.0% stocks.
2022-05-31,2022-06-01,balanced_fixed,balanced,fixed,0.1036648531803156,0.0661928736832527,81.97320341047502,24.20785804816223,,,0.2,0.8,0.2000000000000008,0.7999999999999985,,,"The Crypto risk score was 82.0, but the Balanced Fixed fund maintained its pre-set 20.0% Crypto Budget. The portfolio was rebalanced for the next holding period to 20.0% Crypto and 80.0% Equity, while Minimum-CVaR selected the assets within each sleeve.",This Fixed fund keeps 20.0% in Crypto regardless of changes in market risk. The next-period allocation is 20.0% Crypto and 80.0% stocks.
2022-06-30,2022-07-01,balanced_fixed,balanced,fixed,0.1139390110615981,0.1036648531803156,85.19388954171563,81.97320341047502,,,0.2,0.8,0.2,0.7999999999999996,,,"The Crypto risk score was 85.2, but the Balanced Fixed fund maintained its pre-set 20.0% Crypto Budget. The portfolio was rebalanced for the next holding period to 20.0% Crypto and 80.0% Equity, while Minimum-CVaR selected the assets within each sleeve.",This Fixed fund keeps 20.0% in Crypto regardless of changes in market risk. The next-period allocation is 20.0% Crypto and 80.0% stocks.
2022-07-29,2022-08-01,balanced_fixed,balanced,fixed,0.0824508483960887,0.1139390110615981,58.18181818181818,85.19388954171563,,,0.2,0.8,0.2000000000000008,0.8000000000000002,,,"The Crypto risk score was 58.2, but the Balanced Fixed fund maintained its pre-set 20.0% Crypto Budget. The portfolio was rebalanced for the next holding period to 20.0% Crypto and 80.0% Equity, while Minimum-CVaR selected the assets within each sleeve.",This Fixed fund keeps 20.0% in Crypto regardless of changes in market risk. The next-period allocation is 20.0% Crypto and 80.0% stocks.
2022-08-31,2022-09-01,balanced_fixed,balanced,fixed,0.0663977996623439,0.0824508483960887,23.548740416210297,58.18181818181818,,,0.2,0.8,0.1999999999999969,0.8000000000000037,,,"The Crypto risk score was 23.5, but the Balanced Fixed fund maintained its pre-set 20.0% Crypto Budget. The portfolio was rebalanced for the next holding period to 20.0% Crypto and 80.0% Equity, while Minimum-CVaR selected the assets within each sleeve.",This Fixed fund keeps 20.0% in Crypto regardless of changes in market risk. The next-period allocation is 20.0% Crypto and 80.0% stocks.
2022-09-30,2022-10-03,balanced_fixed,balanced,fixed,0.0758514931612161,0.0663977996623439,49.09862142099682,23.548740416210297,,,0.2,0.8,0.1999999999999998,0.7999999999999996,,,"The Crypto risk score was 49.1, but the Balanced Fixed fund maintained its pre-set 20.0% Crypto Budget. The portfolio was rebalanced for the next holding period to 20.0% Crypto and 80.0% Equity, while Minimum-CVaR selected the assets within each sleeve.",This Fixed fund keeps 20.0% in Crypto regardless of changes in market risk. The next-period allocation is 20.0% Crypto and 80.0% stocks.
2022-10-31,2022-11-01,balanced_fixed,balanced,fixed,0.058649471885812,0.0758514931612161,12.73100616016427,49.09862142099682,,,0.2,0.8,0.1999999999999995,0.8000000000000005,,,"The Crypto risk score was 12.7, but the Balanced Fixed fund maintained its pre-set 20.0% Crypto Budget. The portfolio was rebalanced for the next holding period to 20.0% Crypto and 80.0% Equity, while Minimum-CVaR selected the assets within each sleeve.",This Fixed fund keeps 20.0% in Crypto regardless of changes in market risk. The next-period allocation is 20.0% Crypto and 80.0% stocks.
2022-11-30,2022-12-01,balanced_fixed,balanced,fixed,0.0700362604327545,0.058649471885812,32.47011952191235,12.73100616016427,,,0.2,0.8,0.2000000000000015,0.8,,,"The Crypto risk score was 32.5, but the Balanced Fixed fund maintained its pre-set 20.0% Crypto Budget. The portfolio was rebalanced for the next holding period to 20.0% Crypto and 80.0% Equity, while Minimum-CVaR selected the assets within each sleeve.",This Fixed fund keeps 20.0% in Crypto regardless of changes in market risk. The next-period allocation is 20.0% Crypto and 80.0% stocks.
2022-12-30,2023-01-03,balanced_fixed,balanced,fixed,0.0761424976847595,0.0700362604327545,52.804642166344294,32.47011952191235,,,0.2,0.8,0.2000000000000001,0.7999999999999998,,,"The Crypto risk score was 52.8, but the Balanced Fixed fund maintained its pre-set 20.0% Crypto Budget. The portfolio was rebalanced for the next holding period to 20.0% Crypto and 80.0% Equity, while Minimum-CVaR selected the assets within each sleeve.",This Fixed fund keeps 20.0% in Crypto regardless of changes in market risk. The next-period allocation is 20.0% Crypto and 80.0% stocks.
2023-01-31,2023-02-01,balanced_fixed,balanced,fixed,0.0449970734859114,0.0761424976847595,8.25515947467167,52.804642166344294,,,0.2,0.8,0.1999999999999999,0.7999999999999999,,,"The Crypto risk score was 8.3, but the Balanced Fixed fund maintained its pre-set 20.0% Crypto Budget. The portfolio was rebalanced for the next holding period to 20.0% Crypto and 80.0% Equity, while Minimum-CVaR selected the assets within each sleeve.",This Fixed fund keeps 20.0% in Crypto regardless of changes in market risk. The next-period allocation is 20.0% Crypto and 80.0% stocks.
2023-02-28,2023-03-01,balanced_fixed,balanced,fixed,0.044675002809092,0.0449970734859114,9.049360146252283,8.25515947467167,,,0.2,0.8,0.1999999999999991,0.8000000000000037,,,"The Crypto risk score was 9.0, but the Balanced Fixed fund maintained its pre-set 20.0% Crypto Budget. The portfolio was rebalanced for the next holding period to 20.0% Crypto and 80.0% Equity, while Minimum-CVaR selected the assets within each sleeve.",This Fixed fund keeps 20.0% in Crypto regardless of changes in market risk. The next-period allocation is 20.0% Crypto and 80.0% stocks.
2023-03-31,2023-04-03,balanced_fixed,balanced,fixed,0.0497258828840727,0.044675002809092,12.088888888888889,9.049360146252283,,,0.2,0.8,0.2000000000000007,0.7999999999999999,,,"The Crypto risk score was 12.1, but the Balanced Fixed fund maintained its pre-set 20.0% Crypto Budget. The portfolio was rebalanced for the next holding period to 20.0% Crypto and 80.0% Equity, while Minimum-CVaR selected the assets within each sleeve.",This Fixed fund keeps 20.0% in Crypto regardless of changes in market risk. The next-period allocation is 20.0% Crypto and 80.0% stocks.
2023-04-28,2023-05-01,balanced_fixed,balanced,fixed,0.05047375546635,0.0497258828840727,14.570685169124022,12.088888888888889,,,0.2,0.8,0.1999999999999994,0.8000000000000339,,,"The Crypto risk score was 14.6, but the Balanced Fixed fund maintained its pre-set 20.0% Crypto Budget. The portfolio was rebalanced for the next holding period to 20.0% Crypto and 80.0% Equity, while Minimum-CVaR selected the assets within each sleeve.",This Fixed fund keeps 20.0% in Crypto regardless of changes in market risk. The next-period allocation is 20.0% Crypto and 80.0% stocks.
2023-05-31,2023-06-01,balanced_fixed,balanced,fixed,0.0375670090484977,0.05047375546635,2.6138279932546373,14.570685169124022,,,0.2,0.8,0.2000000000000008,0.8000000000000009,,,"The Crypto risk score was 2.6, but the Balanced Fixed fund maintained its pre-set 20.0% Crypto Budget. The portfolio was rebalanced for the next holding period to 20.0% Crypto and 80.0% Equity, while Minimum-CVaR selected the assets within each sleeve.",This Fixed fund keeps 20.0% in Crypto regardless of changes in market risk. The next-period allocation is 20.0% Crypto and 80.0% stocks.
2023-06-30,2023-07-03,balanced_fixed,balanced,fixed,0.0485413030948913,0.0375670090484977,14.473684210526317,2.6138279932546373,,,0.2,0.8,0.1999999999999994,0.7999999999999993,,,"The Crypto risk score was 14.5, but the Balanced Fixed fund maintained its pre-set 20.0% Crypto Budget. The portfolio was rebalanced for the next holding period to 20.0% Crypto and 80.0% Equity, while Minimum-CVaR selected the assets within each sleeve.",This Fixed fund keeps 20.0% in Crypto regardless of changes in market risk. The next-period allocation is 20.0% Crypto and 80.0% stocks.
2023-07-31,2023-08-01,balanced_fixed,balanced,fixed,0.0536787739702087,0.0485413030948913,23.416198877305533,14.473684210526317,,,0.2,0.8,0.2000000000000003,0.8000000000000003,,,"The Crypto risk score was 23.4, but the Balanced Fixed fund maintained its pre-set 20.0% Crypto Budget. The portfolio was rebalanced for the next holding period to 20.0% Crypto and 80.0% Equity, while Minimum-CVaR selected the assets within each sleeve.",This Fixed fund keeps 20.0% in Crypto regardless of changes in market risk. The next-period allocation is 20.0% Crypto and 80.0% stocks.
2023-08-31,2023-09-01,balanced_fixed,balanced,fixed,0.0505246989841056,0.0536787739702087,19.483568075117372,23.416198877305533,,,0.2,0.8,0.1999999999999996,0.7999999999999945,,,"The Crypto risk score was 19.5, but the Balanced Fixed fund maintained its pre-set 20.0% Crypto Budget. The portfolio was rebalanced for the next holding period to 20.0% Crypto and 80.0% Equity, while Minimum-CVaR selected the assets within each sleeve.",This Fixed fund keeps 20.0% in Crypto regardless of changes in market risk. The next-period allocation is 20.0% Crypto and 80.0% stocks.
2023-09-29,2023-10-02,balanced_fixed,balanced,fixed,0.0440244649195958,0.0505246989841056,9.793420045906656,19.483568075117372,,,0.2,0.8,0.1999999999999996,0.8000000000000022,,,"The Crypto risk score was 9.8, but the Balanced Fixed fund maintained its pre-set 20.0% Crypto Budget. The portfolio was rebalanced for the next holding period to 20.0% Crypto and 80.0% Equity, while Minimum-CVaR selected the assets within each sleeve.",This Fixed fund keeps 20.0% in Crypto regardless of changes in market risk. The next-period allocation is 20.0% Crypto and 80.0% stocks.
2023-10-31,2023-11-01,balanced_fixed,balanced,fixed,0.0236328519184651,0.0440244649195958,0.0746825989544436,9.793420045906656,,,0.2,0.8,0.1999999999999998,0.8,,,"The Crypto risk score was 0.1, but the Balanced Fixed fund maintained its pre-set 20.0% Crypto Budget. The portfolio was rebalanced for the next holding period to 20.0% Crypto and 80.0% Equity, while Minimum-CVaR selected the assets within each sleeve.",This Fixed fund keeps 20.0% in Crypto regardless of changes in market risk. The next-period allocation is 20.0% Crypto and 80.0% stocks.
2023-11-30,2023-12-01,balanced_fixed,balanced,fixed,0.0326788061359547,0.0236328519184651,3.6523009495982466,0.0746825989544436,,,0.2,0.8,0.2,0.7999999999999994,,,"The Crypto risk score was 3.7, but the Balanced Fixed fund maintained its pre-set 20.0% Crypto Budget. The portfolio was rebalanced for the next holding period to 20.0% Crypto and 80.0% Equity, while Minimum-CVaR selected the assets within each sleeve.",This Fixed fund keeps 20.0% in Crypto regardless of changes in market risk. The next-period allocation is 20.0% Crypto and 80.0% stocks.
2020-12-31,2021-01-04,conservative_adaptive,conservative,adaptive,0.0950169251794809,,80.32786885245902,,0.0196721311475409,0.0226277372262772,0.0226277372262772,0.9773722627737228,0.0226277372262772,0.9773722627737228,False,True,"This is the first live rebalance for the Conservative Adaptive fund. The current Crypto risk score was 80.3 and the rolling tail-loss estimate was 9.50%. For the Conservative profile, the Raw Crypto Budget was 2.0%; after smoothing, the Applied Crypto Budget was 2.3%. The portfolio was rebalanced for the next holding period to 2.3% Crypto and 97.7% Equity, while Minimum-CVaR selected the assets within each sleeve.",PulseAlloc used the current Crypto risk reading for the Conservative portfolio and set the target after safeguards. The next-period allocation is 2.3% Crypto and 97.7% stocks.
2021-01-29,2021-02-01,conservative_adaptive,conservative,adaptive,0.1082779977240067,0.0950169251794809,80.83832335329342,80.32786885245902,0.0191616766467065,0.0226277372262772,0.0226277372262772,0.9773722627737228,0.0226277372262773,0.9773722627737224,True,False,"The Crypto risk score moved up from 80.3 to 80.8, while the rolling tail-loss estimate rose from 9.50% to 10.83%. For the Conservative profile, the Raw Crypto Budget was 1.9%. After smoothing, the Applied Crypto Budget was 2.3%. The proposed Budget change was below the 1-percentage-point threshold, so the previous Applied Crypto Budget was maintained. The portfolio was rebalanced for the next holding period to 2.3% Crypto and 97.7% Equity, while Minimum-CVaR selected the assets within each sleeve.","Recent Crypto downside risk rose. The change was small, so the Conservative portfolio's target Crypto allocation was kept unchanged. The next-period allocation is 2.3% Crypto and 97.7% stocks."
2021-02-26,2021-03-01,conservative_adaptive,conservative,adaptive,0.1011100516469831,0.1082779977240067,76.24309392265194,80.83832335329342,0.023756906077348,0.0226277372262772,0.0226277372262772,0.9773722627737228,0.0226277372262772,0.9773722627736896,True,False,"The Crypto risk score moved down from 80.8 to 76.2, while the rolling tail-loss estimate fell from 10.83% to 10.11%. For the Conservative profile, the Raw Crypto Budget was 2.4%. After smoothing, the Applied Crypto Budget was 2.3%. The proposed Budget change was below the 1-percentage-point threshold, so the previous Applied Crypto Budget was maintained. The portfolio was rebalanced for the next holding period to 2.3% Crypto and 97.7% Equity, while Minimum-CVaR selected the assets within each sleeve.","Recent Crypto downside risk fell. The change was small, so the Conservative portfolio's target Crypto allocation was kept unchanged. The next-period allocation is 2.3% Crypto and 97.7% stocks."
2021-03-31,2021-04-01,conservative_adaptive,conservative,adaptive,0.0721050474222789,0.1011100516469831,43.54430379746835,76.24309392265194,0.0564556962025316,0.0564556962025316,0.0564556962025316,0.9435443037974685,0.0564556962025317,0.9435443037974682,False,False,"The Crypto risk score moved down from 76.2 to 43.5, while the rolling tail-loss estimate fell from 10.11% to 7.21%. For the Conservative profile, the Raw Crypto Budget was 5.6%. After smoothing, the Applied Crypto Budget was 5.6%. The portfolio was rebalanced for the next holding period to 5.6% Crypto and 94.4% Equity, while Minimum-CVaR selected the assets within each sleeve.",Recent Crypto downside risk fell. PulseAlloc increased the Conservative portfolio's target Crypto allocation. The next-period allocation is 5.6% Crypto and 94.4% stocks.
2021-04-30,2021-05-03,conservative_adaptive,conservative,adaptive,0.0665231499094032,0.0721050474222789,34.8235294117647,43.54430379746835,0.0651764705882353,0.0564556962025316,0.0564556962025316,0.9435443037974685,0.0564556962025316,0.9435443037974606,True,False,"The Crypto risk score moved down from 43.5 to 34.8, while the rolling tail-loss estimate fell from 7.21% to 6.65%. For the Conservative profile, the Raw Crypto Budget was 6.5%. After smoothing, the Applied Crypto Budget was 5.6%. The proposed Budget change was below the 1-percentage-point threshold, so the previous Applied Crypto Budget was maintained. The portfolio was rebalanced for the next holding period to 5.6% Crypto and 94.4% Equity, while Minimum-CVaR selected the assets within each sleeve.","Recent Crypto downside risk fell. The change was small, so the Conservative portfolio's target Crypto allocation was kept unchanged. The next-period allocation is 5.6% Crypto and 94.4% stocks."
2021-05-28,2021-06-01,conservative_adaptive,conservative,adaptive,0.1494506335886626,0.0665231499094032,93.3774834437086,34.8235294117647,0.0066225165562913,0.0066225165562913,0.0066225165562913,0.9933774834437088,0.0066225165562912,0.993377483443711,False,False,"The Crypto risk score moved up from 34.8 to 93.4, while the rolling tail-loss estimate rose from 6.65% to 14.95%. For the Conservative profile, the Raw Crypto Budget was 0.7%. After smoothing, the Applied Crypto Budget was 0.7%. The portfolio was rebalanced for the next holding period to 0.7% Crypto and 99.3% Equity, while Minimum-CVaR selected the assets within each sleeve.",Recent Crypto downside risk rose. PulseAlloc reduced the Conservative portfolio's target Crypto allocation. The next-period allocation is 0.7% Crypto and 99.3% stocks.
2021-06-30,2021-07-01,conservative_adaptive,conservative,adaptive,0.1683440029788646,0.1494506335886626,100.0,93.3774834437086,0.0,0.0066225165562913,0.0066225165562913,0.9933774834437088,0.0066225165562912,0.9933774834437088,True,False,"The Crypto risk score moved up from 93.4 to 100.0, while the rolling tail-loss estimate rose from 14.95% to 16.83%. For the Conservative profile, the Raw Crypto Budget was 0.0%. After smoothing, the Applied Crypto Budget was 0.7%. The proposed Budget change was below the 1-percentage-point threshold, so the previous Applied Crypto Budget was maintained. The portfolio was rebalanced for the next holding period to 0.7% Crypto and 99.3% Equity, while Minimum-CVaR selected the assets within each sleeve.","Recent Crypto downside risk rose. The change was small, so the Conservative portfolio's target Crypto allocation was kept unchanged. The next-period allocation is 0.7% Crypto and 99.3% stocks."
2021-07-30,2021-08-02,conservative_adaptive,conservative,adaptive,0.0918319470264436,0.1683440029788646,60.07751937984496,100.0,0.039922480620155,0.039922480620155,0.039922480620155,0.960077519379845,0.039922480620155,0.9600775193798424,False,False,"The Crypto risk score moved down from 100.0 to 60.1, while the rolling tail-loss estimate fell from 16.83% to 9.18%. For the Conservative profile, the Raw Crypto Budget was 4.0%. After smoothing, the Applied Crypto Budget was 4.0%. The portfolio was rebalanced for the next holding period to 4.0% Crypto and 96.0% Equity, while Minimum-CVaR selected the assets within each sleeve.",Recent Crypto downside risk fell. PulseAlloc increased the Conservative portfolio's target Crypto allocation. The next-period allocation is 4.0% Crypto and 96.0% stocks.
2021-08-31,2021-09-01,conservative_adaptive,conservative,adaptive,0.0566624258194645,0.0918319470264436,16.240875912408757,60.07751937984496,0.0837591240875912,0.0837591240875912,0.0837591240875912,0.9162408759124088,0.0837591240875912,0.9162408759124088,False,False,"The Crypto risk score moved down from 60.1 to 16.2, while the rolling tail-loss estimate fell from 9.18% to 5.67%. For the Conservative profile, the Raw Crypto Budget was 8.4%. After smoothing, the Applied Crypto Budget was 8.4%. The portfolio was rebalanced for the next holding period to 8.4% Crypto and 91.6% Equity, while Minimum-CVaR selected the assets within each sleeve.",Recent Crypto downside risk fell. PulseAlloc increased the Conservative portfolio's target Crypto allocation. The next-period allocation is 8.4% Crypto and 91.6% stocks.
2021-09-30,2021-10-01,conservative_adaptive,conservative,adaptive,0.0897193866592784,0.0566624258194645,63.14878892733565,16.240875912408757,0.0368512110726643,0.0368512110726643,0.0368512110726643,0.9631487889273356,0.0368512110726642,0.9631487889273358,False,False,"The Crypto risk score moved up from 16.2 to 63.1, while the rolling tail-loss estimate rose from 5.67% to 8.97%. For the Conservative profile, the Raw Crypto Budget was 3.7%. After smoothing, the Applied Crypto Budget was 3.7%. The portfolio was rebalanced for the next holding period to 3.7% Crypto and 96.3% Equity, while Minimum-CVaR selected the assets within each sleeve.",Recent Crypto downside risk rose. PulseAlloc reduced the Conservative portfolio's target Crypto allocation. The next-period allocation is 3.7% Crypto and 96.3% stocks.
2021-10-29,2021-11-01,conservative_adaptive,conservative,adaptive,0.088803821425399,0.0897193866592784,60.79077429983526,63.14878892733565,0.0392092257001647,0.0368512110726643,0.0368512110726643,0.9631487889273356,0.0368512110726642,0.9631487889273328,True,False,"The Crypto risk score moved down from 63.1 to 60.8, while the rolling tail-loss estimate fell from 8.97% to 8.88%. For the Conservative profile, the Raw Crypto Budget was 3.9%. After smoothing, the Applied Crypto Budget was 3.7%. The proposed Budget change was below the 1-percentage-point threshold, so the previous Applied Crypto Budget was maintained. The portfolio was rebalanced for the next holding period to 3.7% Crypto and 96.3% Equity, while Minimum-CVaR selected the assets within each sleeve.","Recent Crypto downside risk fell. The change was small, so the Conservative portfolio's target Crypto allocation was kept unchanged. The next-period allocation is 3.7% Crypto and 96.3% stocks."
2021-11-30,2021-12-01,conservative_adaptive,conservative,adaptive,0.0669718047226076,0.088803821425399,29.42097026604069,60.79077429983526,0.0705790297339593,0.0705790297339593,0.0705790297339593,0.9294209702660408,0.0705790297339592,0.9294209702660128,False,False,"The Crypto risk score moved down from 60.8 to 29.4, while the rolling tail-loss estimate fell from 8.88% to 6.70%. For the Conservative profile, the Raw Crypto Budget was 7.1%. After smoothing, the Applied Crypto Budget was 7.1%. The portfolio was rebalanced for the next holding period to 7.1% Crypto and 92.9% Equity, while Minimum-CVaR selected the assets within each sleeve.",Recent Crypto downside risk fell. PulseAlloc increased the Conservative portfolio's target Crypto allocation. The next-period allocation is 7.1% Crypto and 92.9% stocks.
2021-12-31,2022-01-03,conservative_adaptive,conservative,adaptive,0.0780920808393098,0.0669718047226076,51.7910447761194,29.42097026604069,0.0482089552238806,0.0482089552238806,0.0482089552238806,0.9517910447761194,0.0482089552238805,0.9517910447763234,False,False,"The Crypto risk score moved up from 29.4 to 51.8, while the rolling tail-loss estimate rose from 6.70% to 7.81%. For the Conservative profile, the Raw Crypto Budget was 4.8%. After smoothing, the Applied Crypto Budget was 4.8%. The portfolio was rebalanced for the next holding period to 4.8% Crypto and 95.2% Equity, while Minimum-CVaR selected the assets within each sleeve.",Recent Crypto downside risk rose. PulseAlloc reduced the Conservative portfolio's target Crypto allocation. The next-period allocation is 4.8% Crypto and 95.2% stocks.
2022-01-31,2022-02-01,conservative_adaptive,conservative,adaptive,0.0823514270204458,0.0780920808393098,57.34664764621969,51.7910447761194,0.0426533523537803,0.0482089552238806,0.0482089552238806,0.9517910447761194,0.0482089552238806,0.9517910447761212,True,False,"The Crypto risk score moved up from 51.8 to 57.3, while the rolling tail-loss estimate rose from 7.81% to 8.24%. For the Conservative profile, the Raw Crypto Budget was 4.3%. After smoothing, the Applied Crypto Budget was 4.8%. The proposed Budget change was below the 1-percentage-point threshold, so the previous Applied Crypto Budget was maintained. The portfolio was rebalanced for the next holding period to 4.8% Crypto and 95.2% Equity, while Minimum-CVaR selected the assets within each sleeve.","Recent Crypto downside risk rose. The change was small, so the Conservative portfolio's target Crypto allocation was kept unchanged. The next-period allocation is 4.8% Crypto and 95.2% stocks."
2022-02-28,2022-03-01,conservative_adaptive,conservative,adaptive,0.0728313155296015,0.0823514270204458,39.09465020576132,57.34664764621969,0.0609053497942386,0.0609053497942386,0.0609053497942386,0.9390946502057614,0.0609053497942385,0.9390946502057608,False,False,"The Crypto risk score moved down from 57.3 to 39.1, while the rolling tail-loss estimate fell from 8.24% to 7.28%. For the Conservative profile, the Raw Crypto Budget was 6.1%. After smoothing, the Applied Crypto Budget was 6.1%. The portfolio was rebalanced for the next holding period to 6.1% Crypto and 93.9% Equity, while Minimum-CVaR selected the assets within each sleeve.",Recent Crypto downside risk fell. PulseAlloc increased the Conservative portfolio's target Crypto allocation. The next-period allocation is 6.1% Crypto and 93.9% stocks.
2022-03-31,2022-04-01,conservative_adaptive,conservative,adaptive,0.0597575067252199,0.0728313155296015,19.210526315789473,39.09465020576132,0.0807894736842105,0.0807894736842105,0.0807894736842105,0.9192105263157896,0.0807894736842102,0.9192105263157896,False,False,"The Crypto risk score moved down from 39.1 to 19.2, while the rolling tail-loss estimate fell from 7.28% to 5.98%. For the Conservative profile, the Raw Crypto Budget was 8.1%. After smoothing, the Applied Crypto Budget was 8.1%. The portfolio was rebalanced for the next holding period to 8.1% Crypto and 91.9% Equity, while Minimum-CVaR selected the assets within each sleeve.",Recent Crypto downside risk fell. PulseAlloc increased the Conservative portfolio's target Crypto allocation. The next-period allocation is 8.1% Crypto and 91.9% stocks.
2022-04-29,2022-05-02,conservative_adaptive,conservative,adaptive,0.0661928736832527,0.0597575067252199,24.20785804816223,19.210526315789473,0.0757921419518377,0.0807894736842105,0.0807894736842105,0.9192105263157896,0.0807894736842105,0.9192105263157891,True,False,"The Crypto risk score moved up from 19.2 to 24.2, while the rolling tail-loss estimate rose from 5.98% to 6.62%. For the Conservative profile, the Raw Crypto Budget was 7.6%. After smoothing, the Applied Crypto Budget was 8.1%. The proposed Budget change was below the 1-percentage-point threshold, so the previous Applied Crypto Budget was maintained. The portfolio was rebalanced for the next holding period to 8.1% Crypto and 91.9% Equity, while Minimum-CVaR selected the assets within each sleeve.","Recent Crypto downside risk rose. The change was small, so the Conservative portfolio's target Crypto allocation was kept unchanged. The next-period allocation is 8.1% Crypto and 91.9% stocks."
2022-05-31,2022-06-01,conservative_adaptive,conservative,adaptive,0.1036648531803156,0.0661928736832527,81.97320341047502,24.20785804816223,0.0180267965895249,0.0307894736842104,0.0307894736842104,0.9692105263157896,0.0307894736842105,0.969210526315788,False,True,"The Crypto risk score moved up from 24.2 to 82.0, while the rolling tail-loss estimate rose from 6.62% to 10.37%. For the Conservative profile, the Raw Crypto Budget was 1.8%. After smoothing, the Applied Crypto Budget was 3.1%. The Applied Crypto Budget decreased toward the Raw Budget, but the monthly adjustment was limited to 5 percentage points. The portfolio was rebalanced for the next holding period to 3.1% Crypto and 96.9% Equity, while Minimum-CVaR selected the assets within each sleeve.",Recent Crypto downside risk rose. The target Crypto allocation was reduced gradually to avoid a sudden portfolio change. The next-period allocation is 3.1% Crypto and 96.9% stocks.
2022-06-30,2022-07-01,conservative_adaptive,conservative,adaptive,0.1139390110615981,0.1036648531803156,85.19388954171563,81.97320341047502,0.0148061104582843,0.0148061104582843,0.0148061104582843,0.9851938895417156,0.0148061104582843,0.985193889541715,False,False,"The Crypto risk score moved up from 82.0 to 85.2, while the rolling tail-loss estimate rose from 10.37% to 11.39%. For the Conservative profile, the Raw Crypto Budget was 1.5%. After smoothing, the Applied Crypto Budget was 1.5%. The portfolio was rebalanced for the next holding period to 1.5% Crypto and 98.5% Equity, while Minimum-CVaR selected the assets within each sleeve.",Recent Crypto downside risk rose. PulseAlloc reduced the Conservative portfolio's target Crypto allocation. The next-period allocation is 1.5% Crypto and 98.5% stocks.
2022-07-29,2022-08-01,conservative_adaptive,conservative,adaptive,0.0824508483960887,0.1139390110615981,58.18181818181818,85.19388954171563,0.0418181818181818,0.0418181818181818,0.0418181818181818,0.9581818181818182,0.0418181818181819,0.9581818181818184,False,False,"The Crypto risk score moved down from 85.2 to 58.2, while the rolling tail-loss estimate fell from 11.39% to 8.25%. For the Conservative profile, the Raw Crypto Budget was 4.2%. After smoothing, the Applied Crypto Budget was 4.2%. The portfolio was rebalanced for the next holding period to 4.2% Crypto and 95.8% Equity, while Minimum-CVaR selected the assets within each sleeve.",Recent Crypto downside risk fell. PulseAlloc increased the Conservative portfolio's target Crypto allocation. The next-period allocation is 4.2% Crypto and 95.8% stocks.
2022-08-31,2022-09-01,conservative_adaptive,conservative,adaptive,0.0663977996623439,0.0824508483960887,23.548740416210297,58.18181818181818,0.0764512595837897,0.0764512595837897,0.0764512595837897,0.9235487404162104,0.0764512595837885,0.9235487404162146,False,False,"The Crypto risk score moved down from 58.2 to 23.5, while the rolling tail-loss estimate fell from 8.25% to 6.64%. For the Conservative profile, the Raw Crypto Budget was 7.6%. After smoothing, the Applied Crypto Budget was 7.6%. The portfolio was rebalanced for the next holding period to 7.6% Crypto and 92.4% Equity, while Minimum-CVaR selected the assets within each sleeve.",Recent Crypto downside risk fell. PulseAlloc increased the Conservative portfolio's target Crypto allocation. The next-period allocation is 7.6% Crypto and 92.4% stocks.
2022-09-30,2022-10-03,conservative_adaptive,conservative,adaptive,0.0758514931612161,0.0663977996623439,49.09862142099682,23.548740416210297,0.0509013785790031,0.0509013785790031,0.0509013785790031,0.9490986214209968,0.050901378579003,0.9490986214209964,False,False,"The Crypto risk score moved up from 23.5 to 49.1, while the rolling tail-loss estimate rose from 6.64% to 7.59%. For the Conservative profile, the Raw Crypto Budget was 5.1%. After smoothing, the Applied Crypto Budget was 5.1%. The portfolio was rebalanced for the next holding period to 5.1% Crypto and 94.9% Equity, while Minimum-CVaR selected the assets within each sleeve.",Recent Crypto downside risk rose. PulseAlloc reduced the Conservative portfolio's target Crypto allocation. The next-period allocation is 5.1% Crypto and 94.9% stocks.
2022-10-31,2022-11-01,conservative_adaptive,conservative,adaptive,0.058649471885812,0.0758514931612161,12.73100616016427,49.09862142099682,0.0872689938398357,0.0872689938398357,0.0872689938398357,0.9127310061601644,0.0872689938398354,0.9127310061601648,False,False,"The Crypto risk score moved down from 49.1 to 12.7, while the rolling tail-loss estimate fell from 7.59% to 5.86%. For the Conservative profile, the Raw Crypto Budget was 8.7%. After smoothing, the Applied Crypto Budget was 8.7%. The portfolio was rebalanced for the next holding period to 8.7% Crypto and 91.3% Equity, while Minimum-CVaR selected the assets within each sleeve.",Recent Crypto downside risk fell. PulseAlloc increased the Conservative portfolio's target Crypto allocation. The next-period allocation is 8.7% Crypto and 91.3% stocks.
2022-11-30,2022-12-01,conservative_adaptive,conservative,adaptive,0.0700362604327545,0.058649471885812,32.47011952191235,12.73100616016427,0.0675298804780876,0.0675298804780876,0.0675298804780876,0.9324701195219124,0.0675298804780881,0.9324701195219124,False,False,"The Crypto risk score moved up from 12.7 to 32.5, while the rolling tail-loss estimate rose from 5.86% to 7.00%. For the Conservative profile, the Raw Crypto Budget was 6.8%. After smoothing, the Applied Crypto Budget was 6.8%. The portfolio was rebalanced for the next holding period to 6.8% Crypto and 93.2% Equity, while Minimum-CVaR selected the assets within each sleeve.",Recent Crypto downside risk rose. PulseAlloc reduced the Conservative portfolio's target Crypto allocation. The next-period allocation is 6.8% Crypto and 93.2% stocks.
2022-12-30,2023-01-03,conservative_adaptive,conservative,adaptive,0.0761424976847595,0.0700362604327545,52.804642166344294,32.47011952191235,0.0471953578336557,0.0471953578336557,0.0471953578336557,0.9528046421663444,0.0471953578336557,0.9528046421663442,False,False,"The Crypto risk score moved up from 32.5 to 52.8, while the rolling tail-loss estimate rose from 7.00% to 7.61%. For the Conservative profile, the Raw Crypto Budget was 4.7%. After smoothing, the Applied Crypto Budget was 4.7%. The portfolio was rebalanced for the next holding period to 4.7% Crypto and 95.3% Equity, while Minimum-CVaR selected the assets within each sleeve.",Recent Crypto downside risk rose. PulseAlloc reduced the Conservative portfolio's target Crypto allocation. The next-period allocation is 4.7% Crypto and 95.3% stocks.
2023-01-31,2023-02-01,conservative_adaptive,conservative,adaptive,0.0449970734859114,0.0761424976847595,8.25515947467167,52.804642166344294,0.0917448405253283,0.0917448405253283,0.0917448405253283,0.9082551594746716,0.0917448405253282,0.9082551594746716,False,False,"The Crypto risk score moved down from 52.8 to 8.3, while the rolling tail-loss estimate fell from 7.61% to 4.50%. For the Conservative profile, the Raw Crypto Budget was 9.2%. After smoothing, the Applied Crypto Budget was 9.2%. The portfolio was rebalanced for the next holding period to 9.2% Crypto and 90.8% Equity, while Minimum-CVaR selected the assets within each sleeve.",Recent Crypto downside risk fell. PulseAlloc increased the Conservative portfolio's target Crypto allocation. The next-period allocation is 9.2% Crypto and 90.8% stocks.
2023-02-28,2023-03-01,conservative_adaptive,conservative,adaptive,0.044675002809092,0.0449970734859114,9.049360146252283,8.25515947467167,0.0909506398537477,0.0917448405253283,0.0917448405253283,0.9082551594746716,0.0917448405253279,0.9082551594746756,True,False,"The Crypto risk score moved up from 8.3 to 9.0, while the rolling tail-loss estimate fell from 4.50% to 4.47%. For the Conservative profile, the Raw Crypto Budget was 9.1%. After smoothing, the Applied Crypto Budget was 9.2%. The proposed Budget change was below the 1-percentage-point threshold, so the previous Applied Crypto Budget was maintained. The portfolio was rebalanced for the next holding period to 9.2% Crypto and 90.8% Equity, while Minimum-CVaR selected the assets within each sleeve.","Recent Crypto downside risk fell. The change was small, so the Conservative portfolio's target Crypto allocation was kept unchanged. The next-period allocation is 9.2% Crypto and 90.8% stocks."
2023-03-31,2023-04-03,conservative_adaptive,conservative,adaptive,0.0497258828840727,0.044675002809092,12.088888888888889,9.049360146252283,0.0879111111111111,0.0917448405253283,0.0917448405253283,0.9082551594746716,0.0917448405253286,0.9082551594746716,True,False,"The Crypto risk score moved up from 9.0 to 12.1, while the rolling tail-loss estimate rose from 4.47% to 4.97%. For the Conservative profile, the Raw Crypto Budget was 8.8%. After smoothing, the Applied Crypto Budget was 9.2%. The proposed Budget change was below the 1-percentage-point threshold, so the previous Applied Crypto Budget was maintained. The portfolio was rebalanced for the next holding period to 9.2% Crypto and 90.8% Equity, while Minimum-CVaR selected the assets within each sleeve.","Recent Crypto downside risk rose. The change was small, so the Conservative portfolio's target Crypto allocation was kept unchanged. The next-period allocation is 9.2% Crypto and 90.8% stocks."
2023-04-28,2023-05-01,conservative_adaptive,conservative,adaptive,0.05047375546635,0.0497258828840727,14.570685169124022,12.088888888888889,0.0854293148308759,0.0917448405253283,0.0917448405253283,0.9082551594746716,0.091744840525328,0.90825515947471,True,False,"The Crypto risk score moved up from 12.1 to 14.6, while the rolling tail-loss estimate rose from 4.97% to 5.05%. For the Conservative profile, the Raw Crypto Budget was 8.5%. After smoothing, the Applied Crypto Budget was 9.2%. The proposed Budget change was below the 1-percentage-point threshold, so the previous Applied Crypto Budget was maintained. The portfolio was rebalanced for the next holding period to 9.2% Crypto and 90.8% Equity, while Minimum-CVaR selected the assets within each sleeve.","Recent Crypto downside risk rose. The change was small, so the Conservative portfolio's target Crypto allocation was kept unchanged. The next-period allocation is 9.2% Crypto and 90.8% stocks."
2023-05-31,2023-06-01,conservative_adaptive,conservative,adaptive,0.0375670090484977,0.05047375546635,2.6138279932546373,14.570685169124022,0.0973861720067453,0.0917448405253283,0.0917448405253283,0.9082551594746716,0.0917448405253286,0.9082551594746728,True,False,"The Crypto risk score moved down from 14.6 to 2.6, while the rolling tail-loss estimate fell from 5.05% to 3.76%. For the Conservative profile, the Raw Crypto Budget was 9.7%. After smoothing, the Applied Crypto Budget was 9.2%. The proposed Budget change was below the 1-percentage-point threshold, so the previous Applied Crypto Budget was maintained. The portfolio was rebalanced for the next holding period to 9.2% Crypto and 90.8% Equity, while Minimum-CVaR selected the assets within each sleeve.","Recent Crypto downside risk fell. The change was small, so the Conservative portfolio's target Crypto allocation was kept unchanged. The next-period allocation is 9.2% Crypto and 90.8% stocks."
2023-06-30,2023-07-03,conservative_adaptive,conservative,adaptive,0.0485413030948913,0.0375670090484977,14.473684210526317,2.6138279932546373,0.0855263157894736,0.0917448405253283,0.0917448405253283,0.9082551594746716,0.091744840525328,0.9082551594746706,True,False,"The Crypto risk score moved up from 2.6 to 14.5, while the rolling tail-loss estimate rose from 3.76% to 4.85%. For the Conservative profile, the Raw Crypto Budget was 8.6%. After smoothing, the Applied Crypto Budget was 9.2%. The proposed Budget change was below the 1-percentage-point threshold, so the previous Applied Crypto Budget was maintained. The portfolio was rebalanced for the next holding period to 9.2% Crypto and 90.8% Equity, while Minimum-CVaR selected the assets within each sleeve.","Recent Crypto downside risk rose. The change was small, so the Conservative portfolio's target Crypto allocation was kept unchanged. The next-period allocation is 9.2% Crypto and 90.8% stocks."
2023-07-31,2023-08-01,conservative_adaptive,conservative,adaptive,0.0536787739702087,0.0485413030948913,23.416198877305533,14.473684210526317,0.0765838011226944,0.0765838011226944,0.0765838011226944,0.9234161988773056,0.0765838011226945,0.923416198877306,False,False,"The Crypto risk score moved up from 14.5 to 23.4, while the rolling tail-loss estimate rose from 4.85% to 5.37%. For the Conservative profile, the Raw Crypto Budget was 7.7%. After smoothing, the Applied Crypto Budget was 7.7%. The portfolio was rebalanced for the next holding period to 7.7% Crypto and 92.3% Equity, while Minimum-CVaR selected the assets within each sleeve.",Recent Crypto downside risk rose. PulseAlloc reduced the Conservative portfolio's target Crypto allocation. The next-period allocation is 7.7% Crypto and 92.3% stocks.
2023-08-31,2023-09-01,conservative_adaptive,conservative,adaptive,0.0505246989841056,0.0536787739702087,19.483568075117372,23.416198877305533,0.0805164319248826,0.0765838011226944,0.0765838011226944,0.9234161988773056,0.0765838011226942,0.9234161988772992,True,False,"The Crypto risk score moved down from 23.4 to 19.5, while the rolling tail-loss estimate fell from 5.37% to 5.05%. For the Conservative profile, the Raw Crypto Budget was 8.1%. After smoothing, the Applied Crypto Budget was 7.7%. The proposed Budget change was below the 1-percentage-point threshold, so the previous Applied Crypto Budget was maintained. The portfolio was rebalanced for the next holding period to 7.7% Crypto and 92.3% Equity, while Minimum-CVaR selected the assets within each sleeve.","Recent Crypto downside risk fell. The change was small, so the Conservative portfolio's target Crypto allocation was kept unchanged. The next-period allocation is 7.7% Crypto and 92.3% stocks."
2023-09-29,2023-10-02,conservative_adaptive,conservative,adaptive,0.0440244649195958,0.0505246989841056,9.793420045906656,19.483568075117372,0.0902065799540933,0.0902065799540933,0.0902065799540933,0.9097934200459068,0.0902065799540931,0.9097934200459092,False,False,"The Crypto risk score moved down from 19.5 to 9.8, while the rolling tail-loss estimate fell from 5.05% to 4.40%. For the Conservative profile, the Raw Crypto Budget was 9.0%. After smoothing, the Applied Crypto Budget was 9.0%. The portfolio was rebalanced for the next holding period to 9.0% Crypto and 91.0% Equity, while Minimum-CVaR selected the assets within each sleeve.",Recent Crypto downside risk fell. PulseAlloc increased the Conservative portfolio's target Crypto allocation. The next-period allocation is 9.0% Crypto and 91.0% stocks.
2023-10-31,2023-11-01,conservative_adaptive,conservative,adaptive,0.0236328519184651,0.0440244649195958,0.0746825989544436,9.793420045906656,0.0999253174010455,0.0902065799540933,0.0902065799540933,0.9097934200459068,0.0902065799540932,0.9097934200459068,True,False,"The Crypto risk score moved down from 9.8 to 0.1, while the rolling tail-loss estimate fell from 4.40% to 2.36%. For the Conservative profile, the Raw Crypto Budget was 10.0%. After smoothing, the Applied Crypto Budget was 9.0%. The proposed Budget change was below the 1-percentage-point threshold, so the previous Applied Crypto Budget was maintained. The portfolio was rebalanced for the next holding period to 9.0% Crypto and 91.0% Equity, while Minimum-CVaR selected the assets within each sleeve.","Recent Crypto downside risk fell. The change was small, so the Conservative portfolio's target Crypto allocation was kept unchanged. The next-period allocation is 9.0% Crypto and 91.0% stocks."
2023-11-30,2023-12-01,conservative_adaptive,conservative,adaptive,0.0326788061359547,0.0236328519184651,3.6523009495982466,0.0746825989544436,0.0963476990504017,0.0902065799540933,0.0902065799540933,0.9097934200459068,0.0902065799540933,0.909793420045906,True,False,"The Crypto risk score moved up from 0.1 to 3.7, while the rolling tail-loss estimate rose from 2.36% to 3.27%. For the Conservative profile, the Raw Crypto Budget was 9.6%. After smoothing, the Applied Crypto Budget was 9.0%. The proposed Budget change was below the 1-percentage-point threshold, so the previous Applied Crypto Budget was maintained. The portfolio was rebalanced for the next holding period to 9.0% Crypto and 91.0% Equity, while Minimum-CVaR selected the assets within each sleeve.","Recent Crypto downside risk rose. The change was small, so the Conservative portfolio's target Crypto allocation was kept unchanged. The next-period allocation is 9.0% Crypto and 91.0% stocks."
2020-12-31,2021-01-04,conservative_fixed,conservative,fixed,0.0950169251794809,,80.32786885245902,,,,0.1,0.9,0.1,0.9,,,"The Crypto risk score was 80.3, but the Conservative Fixed fund maintained its pre-set 10.0% Crypto Budget. The portfolio was rebalanced for the next holding period to 10.0% Crypto and 90.0% Equity, while Minimum-CVaR selected the assets within each sleeve.",This Fixed fund keeps 10.0% in Crypto regardless of changes in market risk. The next-period allocation is 10.0% Crypto and 90.0% stocks.
2021-01-29,2021-02-01,conservative_fixed,conservative,fixed,0.1082779977240067,0.0950169251794809,80.83832335329342,80.32786885245902,,,0.1,0.9,0.1000000000000008,0.8999999999999998,,,"The Crypto risk score was 80.8, but the Conservative Fixed fund maintained its pre-set 10.0% Crypto Budget. The portfolio was rebalanced for the next holding period to 10.0% Crypto and 90.0% Equity, while Minimum-CVaR selected the assets within each sleeve.",This Fixed fund keeps 10.0% in Crypto regardless of changes in market risk. The next-period allocation is 10.0% Crypto and 90.0% stocks.
2021-02-26,2021-03-01,conservative_fixed,conservative,fixed,0.1011100516469831,0.1082779977240067,76.24309392265194,80.83832335329342,,,0.1,0.9,0.1000000000000001,0.8999999999999696,,,"The Crypto risk score was 76.2, but the Conservative Fixed fund maintained its pre-set 10.0% Crypto Budget. The portfolio was rebalanced for the next holding period to 10.0% Crypto and 90.0% Equity, while Minimum-CVaR selected the assets within each sleeve.",This Fixed fund keeps 10.0% in Crypto regardless of changes in market risk. The next-period allocation is 10.0% Crypto and 90.0% stocks.
2021-03-31,2021-04-01,conservative_fixed,conservative,fixed,0.0721050474222789,0.1011100516469831,43.54430379746835,76.24309392265194,,,0.1,0.9,0.1000000000000002,0.9,,,"The Crypto risk score was 43.5, but the Conservative Fixed fund maintained its pre-set 10.0% Crypto Budget. The portfolio was rebalanced for the next holding period to 10.0% Crypto and 90.0% Equity, while Minimum-CVaR selected the assets within each sleeve.",This Fixed fund keeps 10.0% in Crypto regardless of changes in market risk. The next-period allocation is 10.0% Crypto and 90.0% stocks.
2021-04-30,2021-05-03,conservative_fixed,conservative,fixed,0.0665231499094032,0.0721050474222789,34.8235294117647,43.54430379746835,,,0.1,0.9,0.1,0.8999999999999927,,,"The Crypto risk score was 34.8, but the Conservative Fixed fund maintained its pre-set 10.0% Crypto Budget. The portfolio was rebalanced for the next holding period to 10.0% Crypto and 90.0% Equity, while Minimum-CVaR selected the assets within each sleeve.",This Fixed fund keeps 10.0% in Crypto regardless of changes in market risk. The next-period allocation is 10.0% Crypto and 90.0% stocks.
2021-05-28,2021-06-01,conservative_fixed,conservative,fixed,0.1494506335886626,0.0665231499094032,93.3774834437086,34.8235294117647,,,0.1,0.9,0.0999999999999998,0.900000000000002,,,"The Crypto risk score was 93.4, but the Conservative Fixed fund maintained its pre-set 10.0% Crypto Budget. The portfolio was rebalanced for the next holding period to 10.0% Crypto and 90.0% Equity, while Minimum-CVaR selected the assets within each sleeve.",This Fixed fund keeps 10.0% in Crypto regardless of changes in market risk. The next-period allocation is 10.0% Crypto and 90.0% stocks.
2021-06-30,2021-07-01,conservative_fixed,conservative,fixed,0.1683440029788646,0.1494506335886626,100.0,93.3774834437086,,,0.1,0.9,0.1,0.9,,,"The Crypto risk score was 100.0, but the Conservative Fixed fund maintained its pre-set 10.0% Crypto Budget. The portfolio was rebalanced for the next holding period to 10.0% Crypto and 90.0% Equity, while Minimum-CVaR selected the assets within each sleeve.",This Fixed fund keeps 10.0% in Crypto regardless of changes in market risk. The next-period allocation is 10.0% Crypto and 90.0% stocks.
2021-07-30,2021-08-02,conservative_fixed,conservative,fixed,0.0918319470264436,0.1683440029788646,60.07751937984496,100.0,,,0.1,0.9,0.1,0.8999999999999975,,,"The Crypto risk score was 60.1, but the Conservative Fixed fund maintained its pre-set 10.0% Crypto Budget. The portfolio was rebalanced for the next holding period to 10.0% Crypto and 90.0% Equity, while Minimum-CVaR selected the assets within each sleeve.",This Fixed fund keeps 10.0% in Crypto regardless of changes in market risk. The next-period allocation is 10.0% Crypto and 90.0% stocks.
2021-08-31,2021-09-01,conservative_fixed,conservative,fixed,0.0566624258194645,0.0918319470264436,16.240875912408757,60.07751937984496,,,0.1,0.9,0.1,0.9,,,"The Crypto risk score was 16.2, but the Conservative Fixed fund maintained its pre-set 10.0% Crypto Budget. The portfolio was rebalanced for the next holding period to 10.0% Crypto and 90.0% Equity, while Minimum-CVaR selected the assets within each sleeve.",This Fixed fund keeps 10.0% in Crypto regardless of changes in market risk. The next-period allocation is 10.0% Crypto and 90.0% stocks.
2021-09-30,2021-10-01,conservative_fixed,conservative,fixed,0.0897193866592784,0.0566624258194645,63.14878892733565,16.240875912408757,,,0.1,0.9,0.0999999999999999,0.9000000000000001,,,"The Crypto risk score was 63.1, but the Conservative Fixed fund maintained its pre-set 10.0% Crypto Budget. The portfolio was rebalanced for the next holding period to 10.0% Crypto and 90.0% Equity, while Minimum-CVaR selected the assets within each sleeve.",This Fixed fund keeps 10.0% in Crypto regardless of changes in market risk. The next-period allocation is 10.0% Crypto and 90.0% stocks.
2021-10-29,2021-11-01,conservative_fixed,conservative,fixed,0.088803821425399,0.0897193866592784,60.79077429983526,63.14878892733565,,,0.1,0.9,0.0999999999999999,0.8999999999999976,,,"The Crypto risk score was 60.8, but the Conservative Fixed fund maintained its pre-set 10.0% Crypto Budget. The portfolio was rebalanced for the next holding period to 10.0% Crypto and 90.0% Equity, while Minimum-CVaR selected the assets within each sleeve.",This Fixed fund keeps 10.0% in Crypto regardless of changes in market risk. The next-period allocation is 10.0% Crypto and 90.0% stocks.
2021-11-30,2021-12-01,conservative_fixed,conservative,fixed,0.0669718047226076,0.088803821425399,29.42097026604069,60.79077429983526,,,0.1,0.9,0.0999999999999999,0.8999999999999728,,,"The Crypto risk score was 29.4, but the Conservative Fixed fund maintained its pre-set 10.0% Crypto Budget. The portfolio was rebalanced for the next holding period to 10.0% Crypto and 90.0% Equity, while Minimum-CVaR selected the assets within each sleeve.",This Fixed fund keeps 10.0% in Crypto regardless of changes in market risk. The next-period allocation is 10.0% Crypto and 90.0% stocks.
2021-12-31,2022-01-03,conservative_fixed,conservative,fixed,0.0780920808393098,0.0669718047226076,51.7910447761194,29.42097026604069,,,0.1,0.9,0.1,0.9000000000001929,,,"The Crypto risk score was 51.8, but the Conservative Fixed fund maintained its pre-set 10.0% Crypto Budget. The portfolio was rebalanced for the next holding period to 10.0% Crypto and 90.0% Equity, while Minimum-CVaR selected the assets within each sleeve.",This Fixed fund keeps 10.0% in Crypto regardless of changes in market risk. The next-period allocation is 10.0% Crypto and 90.0% stocks.
2022-01-31,2022-02-01,conservative_fixed,conservative,fixed,0.0823514270204458,0.0780920808393098,57.34664764621969,51.7910447761194,,,0.1,0.9,0.1000000000000001,0.9000000000000018,,,"The Crypto risk score was 57.3, but the Conservative Fixed fund maintained its pre-set 10.0% Crypto Budget. The portfolio was rebalanced for the next holding period to 10.0% Crypto and 90.0% Equity, while Minimum-CVaR selected the assets within each sleeve.",This Fixed fund keeps 10.0% in Crypto regardless of changes in market risk. The next-period allocation is 10.0% Crypto and 90.0% stocks.
2022-02-28,2022-03-01,conservative_fixed,conservative,fixed,0.0728313155296015,0.0823514270204458,39.09465020576132,57.34664764621969,,,0.1,0.9,0.0999999999999999,0.8999999999999995,,,"The Crypto risk score was 39.1, but the Conservative Fixed fund maintained its pre-set 10.0% Crypto Budget. The portfolio was rebalanced for the next holding period to 10.0% Crypto and 90.0% Equity, while Minimum-CVaR selected the assets within each sleeve.",This Fixed fund keeps 10.0% in Crypto regardless of changes in market risk. The next-period allocation is 10.0% Crypto and 90.0% stocks.
2022-03-31,2022-04-01,conservative_fixed,conservative,fixed,0.0597575067252199,0.0728313155296015,19.210526315789473,39.09465020576132,,,0.1,0.9,0.0999999999999996,0.9,,,"The Crypto risk score was 19.2, but the Conservative Fixed fund maintained its pre-set 10.0% Crypto Budget. The portfolio was rebalanced for the next holding period to 10.0% Crypto and 90.0% Equity, while Minimum-CVaR selected the assets within each sleeve.",This Fixed fund keeps 10.0% in Crypto regardless of changes in market risk. The next-period allocation is 10.0% Crypto and 90.0% stocks.
2022-04-29,2022-05-02,conservative_fixed,conservative,fixed,0.0661928736832527,0.0597575067252199,24.20785804816223,19.210526315789473,,,0.1,0.9,0.1000000000000001,0.8999999999999998,,,"The Crypto risk score was 24.2, but the Conservative Fixed fund maintained its pre-set 10.0% Crypto Budget. The portfolio was rebalanced for the next holding period to 10.0% Crypto and 90.0% Equity, while Minimum-CVaR selected the assets within each sleeve.",This Fixed fund keeps 10.0% in Crypto regardless of changes in market risk. The next-period allocation is 10.0% Crypto and 90.0% stocks.
2022-05-31,2022-06-01,conservative_fixed,conservative,fixed,0.1036648531803156,0.0661928736832527,81.97320341047502,24.20785804816223,,,0.1,0.9,0.1000000000000004,0.8999999999999982,,,"The Crypto risk score was 82.0, but the Conservative Fixed fund maintained its pre-set 10.0% Crypto Budget. The portfolio was rebalanced for the next holding period to 10.0% Crypto and 90.0% Equity, while Minimum-CVaR selected the assets within each sleeve.",This Fixed fund keeps 10.0% in Crypto regardless of changes in market risk. The next-period allocation is 10.0% Crypto and 90.0% stocks.
2022-06-30,2022-07-01,conservative_fixed,conservative,fixed,0.1139390110615981,0.1036648531803156,85.19388954171563,81.97320341047502,,,0.1,0.9,0.1,0.8999999999999995,,,"The Crypto risk score was 85.2, but the Conservative Fixed fund maintained its pre-set 10.0% Crypto Budget. The portfolio was rebalanced for the next holding period to 10.0% Crypto and 90.0% Equity, while Minimum-CVaR selected the assets within each sleeve.",This Fixed fund keeps 10.0% in Crypto regardless of changes in market risk. The next-period allocation is 10.0% Crypto and 90.0% stocks.
2022-07-29,2022-08-01,conservative_fixed,conservative,fixed,0.0824508483960887,0.1139390110615981,58.18181818181818,85.19388954171563,,,0.1,0.9,0.1000000000000004,0.9000000000000001,,,"The Crypto risk score was 58.2, but the Conservative Fixed fund maintained its pre-set 10.0% Crypto Budget. The portfolio was rebalanced for the next holding period to 10.0% Crypto and 90.0% Equity, while Minimum-CVaR selected the assets within each sleeve.",This Fixed fund keeps 10.0% in Crypto regardless of changes in market risk. The next-period allocation is 10.0% Crypto and 90.0% stocks.
2022-08-31,2022-09-01,conservative_fixed,conservative,fixed,0.0663977996623439,0.0824508483960887,23.548740416210297,58.18181818181818,,,0.1,0.9,0.0999999999999984,0.9000000000000042,,,"The Crypto risk score was 23.5, but the Conservative Fixed fund maintained its pre-set 10.0% Crypto Budget. The portfolio was rebalanced for the next holding period to 10.0% Crypto and 90.0% Equity, while Minimum-CVaR selected the assets within each sleeve.",This Fixed fund keeps 10.0% in Crypto regardless of changes in market risk. The next-period allocation is 10.0% Crypto and 90.0% stocks.
2022-09-30,2022-10-03,conservative_fixed,conservative,fixed,0.0758514931612161,0.0663977996623439,49.09862142099682,23.548740416210297,,,0.1,0.9,0.0999999999999999,0.8999999999999997,,,"The Crypto risk score was 49.1, but the Conservative Fixed fund maintained its pre-set 10.0% Crypto Budget. The portfolio was rebalanced for the next holding period to 10.0% Crypto and 90.0% Equity, while Minimum-CVaR selected the assets within each sleeve.",This Fixed fund keeps 10.0% in Crypto regardless of changes in market risk. The next-period allocation is 10.0% Crypto and 90.0% stocks.
2022-10-31,2022-11-01,conservative_fixed,conservative,fixed,0.058649471885812,0.0758514931612161,12.73100616016427,49.09862142099682,,,0.1,0.9,0.0999999999999997,0.9000000000000004,,,"The Crypto risk score was 12.7, but the Conservative Fixed fund maintained its pre-set 10.0% Crypto Budget. The portfolio was rebalanced for the next holding period to 10.0% Crypto and 90.0% Equity, while Minimum-CVaR selected the assets within each sleeve.",This Fixed fund keeps 10.0% in Crypto regardless of changes in market risk. The next-period allocation is 10.0% Crypto and 90.0% stocks.
2022-11-30,2022-12-01,conservative_fixed,conservative,fixed,0.0700362604327545,0.058649471885812,32.47011952191235,12.73100616016427,,,0.1,0.9,0.1000000000000007,0.8999999999999999,,,"The Crypto risk score was 32.5, but the Conservative Fixed fund maintained its pre-set 10.0% Crypto Budget. The portfolio was rebalanced for the next holding period to 10.0% Crypto and 90.0% Equity, while Minimum-CVaR selected the assets within each sleeve.",This Fixed fund keeps 10.0% in Crypto regardless of changes in market risk. The next-period allocation is 10.0% Crypto and 90.0% stocks.
2022-12-30,2023-01-03,conservative_fixed,conservative,fixed,0.0761424976847595,0.0700362604327545,52.804642166344294,32.47011952191235,,,0.1,0.9,0.1,0.8999999999999998,,,"The Crypto risk score was 52.8, but the Conservative Fixed fund maintained its pre-set 10.0% Crypto Budget. The portfolio was rebalanced for the next holding period to 10.0% Crypto and 90.0% Equity, while Minimum-CVaR selected the assets within each sleeve.",This Fixed fund keeps 10.0% in Crypto regardless of changes in market risk. The next-period allocation is 10.0% Crypto and 90.0% stocks.
2023-01-31,2023-02-01,conservative_fixed,conservative,fixed,0.0449970734859114,0.0761424976847595,8.25515947467167,52.804642166344294,,,0.1,0.9,0.0999999999999999,0.9,,,"The Crypto risk score was 8.3, but the Conservative Fixed fund maintained its pre-set 10.0% Crypto Budget. The portfolio was rebalanced for the next holding period to 10.0% Crypto and 90.0% Equity, while Minimum-CVaR selected the assets within each sleeve.",This Fixed fund keeps 10.0% in Crypto regardless of changes in market risk. The next-period allocation is 10.0% Crypto and 90.0% stocks.
2023-02-28,2023-03-01,conservative_fixed,conservative,fixed,0.044675002809092,0.0449970734859114,9.049360146252283,8.25515947467167,,,0.1,0.9,0.0999999999999995,0.9000000000000042,,,"The Crypto risk score was 9.0, but the Conservative Fixed fund maintained its pre-set 10.0% Crypto Budget. The portfolio was rebalanced for the next holding period to 10.0% Crypto and 90.0% Equity, while Minimum-CVaR selected the assets within each sleeve.",This Fixed fund keeps 10.0% in Crypto regardless of changes in market risk. The next-period allocation is 10.0% Crypto and 90.0% stocks.
2023-03-31,2023-04-03,conservative_fixed,conservative,fixed,0.0497258828840727,0.044675002809092,12.088888888888889,9.049360146252283,,,0.1,0.9,0.1000000000000003,0.8999999999999999,,,"The Crypto risk score was 12.1, but the Conservative Fixed fund maintained its pre-set 10.0% Crypto Budget. The portfolio was rebalanced for the next holding period to 10.0% Crypto and 90.0% Equity, while Minimum-CVaR selected the assets within each sleeve.",This Fixed fund keeps 10.0% in Crypto regardless of changes in market risk. The next-period allocation is 10.0% Crypto and 90.0% stocks.
2023-04-28,2023-05-01,conservative_fixed,conservative,fixed,0.05047375546635,0.0497258828840727,14.570685169124022,12.088888888888889,,,0.1,0.9,0.0999999999999997,0.9000000000000381,,,"The Crypto risk score was 14.6, but the Conservative Fixed fund maintained its pre-set 10.0% Crypto Budget. The portfolio was rebalanced for the next holding period to 10.0% Crypto and 90.0% Equity, while Minimum-CVaR selected the assets within each sleeve.",This Fixed fund keeps 10.0% in Crypto regardless of changes in market risk. The next-period allocation is 10.0% Crypto and 90.0% stocks.
2023-05-31,2023-06-01,conservative_fixed,conservative,fixed,0.0375670090484977,0.05047375546635,2.6138279932546373,14.570685169124022,,,0.1,0.9,0.1000000000000004,0.9000000000000011,,,"The Crypto risk score was 2.6, but the Conservative Fixed fund maintained its pre-set 10.0% Crypto Budget. The portfolio was rebalanced for the next holding period to 10.0% Crypto and 90.0% Equity, while Minimum-CVaR selected the assets within each sleeve.",This Fixed fund keeps 10.0% in Crypto regardless of changes in market risk. The next-period allocation is 10.0% Crypto and 90.0% stocks.
2023-06-30,2023-07-03,conservative_fixed,conservative,fixed,0.0485413030948913,0.0375670090484977,14.473684210526317,2.6138279932546373,,,0.1,0.9,0.0999999999999997,0.8999999999999992,,,"The Crypto risk score was 14.5, but the Conservative Fixed fund maintained its pre-set 10.0% Crypto Budget. The portfolio was rebalanced for the next holding period to 10.0% Crypto and 90.0% Equity, while Minimum-CVaR selected the assets within each sleeve.",This Fixed fund keeps 10.0% in Crypto regardless of changes in market risk. The next-period allocation is 10.0% Crypto and 90.0% stocks.
2023-07-31,2023-08-01,conservative_fixed,conservative,fixed,0.0536787739702087,0.0485413030948913,23.416198877305533,14.473684210526317,,,0.1,0.9,0.1000000000000001,0.9000000000000001,,,"The Crypto risk score was 23.4, but the Conservative Fixed fund maintained its pre-set 10.0% Crypto Budget. The portfolio was rebalanced for the next holding period to 10.0% Crypto and 90.0% Equity, while Minimum-CVaR selected the assets within each sleeve.",This Fixed fund keeps 10.0% in Crypto regardless of changes in market risk. The next-period allocation is 10.0% Crypto and 90.0% stocks.
2023-08-31,2023-09-01,conservative_fixed,conservative,fixed,0.0505246989841056,0.0536787739702087,19.483568075117372,23.416198877305533,,,0.1,0.9,0.0999999999999998,0.8999999999999937,,,"The Crypto risk score was 19.5, but the Conservative Fixed fund maintained its pre-set 10.0% Crypto Budget. The portfolio was rebalanced for the next holding period to 10.0% Crypto and 90.0% Equity, while Minimum-CVaR selected the assets within each sleeve.",This Fixed fund keeps 10.0% in Crypto regardless of changes in market risk. The next-period allocation is 10.0% Crypto and 90.0% stocks.
2023-09-29,2023-10-02,conservative_fixed,conservative,fixed,0.0440244649195958,0.0505246989841056,9.793420045906656,19.483568075117372,,,0.1,0.9,0.0999999999999998,0.9000000000000024,,,"The Crypto risk score was 9.8, but the Conservative Fixed fund maintained its pre-set 10.0% Crypto Budget. The portfolio was rebalanced for the next holding period to 10.0% Crypto and 90.0% Equity, while Minimum-CVaR selected the assets within each sleeve.",This Fixed fund keeps 10.0% in Crypto regardless of changes in market risk. The next-period allocation is 10.0% Crypto and 90.0% stocks.
2023-10-31,2023-11-01,conservative_fixed,conservative,fixed,0.0236328519184651,0.0440244649195958,0.0746825989544436,9.793420045906656,,,0.1,0.9,0.0999999999999999,0.8999999999999999,,,"The Crypto risk score was 0.1, but the Conservative Fixed fund maintained its pre-set 10.0% Crypto Budget. The portfolio was rebalanced for the next holding period to 10.0% Crypto and 90.0% Equity, while Minimum-CVaR selected the assets within each sleeve.",This Fixed fund keeps 10.0% in Crypto regardless of changes in market risk. The next-period allocation is 10.0% Crypto and 90.0% stocks.
2023-11-30,2023-12-01,conservative_fixed,conservative,fixed,0.0326788061359547,0.0236328519184651,3.6523009495982466,0.0746825989544436,,,0.1,0.9,0.1,0.8999999999999991,,,"The Crypto risk score was 3.7, but the Conservative Fixed fund maintained its pre-set 10.0% Crypto Budget. The portfolio was rebalanced for the next holding period to 10.0% Crypto and 90.0% Equity, while Minimum-CVaR selected the assets within each sleeve.",This Fixed fund keeps 10.0% in Crypto regardless of changes in market risk. The next-period allocation is 10.0% Crypto and 90.0% stocks.
2020-12-31,2021-01-04,growth_adaptive,growth,adaptive,0.0950169251794809,,80.32786885245902,,0.1393442622950819,0.1952554744525547,0.1952554744525547,0.8047445255474452,0.1952554744525548,0.8047445255474452,False,True,"This is the first live rebalance for the Growth Adaptive fund. The current Crypto risk score was 80.3 and the rolling tail-loss estimate was 9.50%. For the Growth profile, the Raw Crypto Budget was 13.9%; after smoothing, the Applied Crypto Budget was 19.5%. The portfolio was rebalanced for the next holding period to 19.5% Crypto and 80.5% Equity, while Minimum-CVaR selected the assets within each sleeve.",PulseAlloc used the current Crypto risk reading for the Growth portfolio and set the target after safeguards. The next-period allocation is 19.5% Crypto and 80.5% stocks.
2021-01-29,2021-02-01,growth_adaptive,growth,adaptive,0.1082779977240067,0.0950169251794809,80.83832335329342,80.32786885245902,0.1383233532934131,0.1452554744525547,0.1452554744525547,0.8547445255474453,0.1452554744525559,0.8547445255474451,False,True,"The Crypto risk score moved up from 80.3 to 80.8, while the rolling tail-loss estimate rose from 9.50% to 10.83%. For the Growth profile, the Raw Crypto Budget was 13.8%. After smoothing, the Applied Crypto Budget was 14.5%. The Applied Crypto Budget decreased toward the Raw Budget, but the monthly adjustment was limited to 5 percentage points. The portfolio was rebalanced for the next holding period to 14.5% Crypto and 85.5% Equity, while Minimum-CVaR selected the assets within each sleeve.",Recent Crypto downside risk rose. The target Crypto allocation was reduced gradually to avoid a sudden portfolio change. The next-period allocation is 14.5% Crypto and 85.5% stocks.
2021-02-26,2021-03-01,growth_adaptive,growth,adaptive,0.1011100516469831,0.1082779977240067,76.24309392265194,80.83832335329342,0.1475138121546961,0.1452554744525547,0.1452554744525547,0.8547445255474453,0.1452554744525548,0.8547445255474164,True,False,"The Crypto risk score moved down from 80.8 to 76.2, while the rolling tail-loss estimate fell from 10.83% to 10.11%. For the Growth profile, the Raw Crypto Budget was 14.8%. After smoothing, the Applied Crypto Budget was 14.5%. The proposed Budget change was below the 1-percentage-point threshold, so the previous Applied Crypto Budget was maintained. The portfolio was rebalanced for the next holding period to 14.5% Crypto and 85.5% Equity, while Minimum-CVaR selected the assets within each sleeve.","Recent Crypto downside risk fell. The change was small, so the Growth portfolio's target Crypto allocation was kept unchanged. The next-period allocation is 14.5% Crypto and 85.5% stocks."
2021-03-31,2021-04-01,growth_adaptive,growth,adaptive,0.0721050474222789,0.1011100516469831,43.54430379746835,76.24309392265194,0.2129113924050633,0.1952554744525547,0.1952554744525547,0.8047445255474452,0.1952554744525551,0.8047445255474452,False,True,"The Crypto risk score moved down from 76.2 to 43.5, while the rolling tail-loss estimate fell from 10.11% to 7.21%. For the Growth profile, the Raw Crypto Budget was 21.3%. After smoothing, the Applied Crypto Budget was 19.5%. The Applied Crypto Budget increased toward the Raw Budget, but the monthly adjustment was limited to 5 percentage points. The portfolio was rebalanced for the next holding period to 19.5% Crypto and 80.5% Equity, while Minimum-CVaR selected the assets within each sleeve.",Recent Crypto downside risk fell. The target Crypto allocation was increased gradually to avoid a sudden portfolio change. The next-period allocation is 19.5% Crypto and 80.5% stocks.
2021-04-30,2021-05-03,growth_adaptive,growth,adaptive,0.0665231499094032,0.0721050474222789,34.8235294117647,43.54430379746835,0.2303529411764706,0.2303529411764706,0.2303529411764706,0.7696470588235294,0.2303529411764706,0.769647058823523,False,False,"The Crypto risk score moved down from 43.5 to 34.8, while the rolling tail-loss estimate fell from 7.21% to 6.65%. For the Growth profile, the Raw Crypto Budget was 23.0%. After smoothing, the Applied Crypto Budget was 23.0%. The portfolio was rebalanced for the next holding period to 23.0% Crypto and 77.0% Equity, while Minimum-CVaR selected the assets within each sleeve.",Recent Crypto downside risk fell. PulseAlloc increased the Growth portfolio's target Crypto allocation. The next-period allocation is 23.0% Crypto and 77.0% stocks.
2021-05-28,2021-06-01,growth_adaptive,growth,adaptive,0.1494506335886626,0.0665231499094032,93.3774834437086,34.8235294117647,0.1132450331125828,0.1803529411764706,0.1803529411764706,0.8196470588235294,0.1803529411764703,0.8196470588235314,False,True,"The Crypto risk score moved up from 34.8 to 93.4, while the rolling tail-loss estimate rose from 6.65% to 14.95%. For the Growth profile, the Raw Crypto Budget was 11.3%. After smoothing, the Applied Crypto Budget was 18.0%. The Applied Crypto Budget decreased toward the Raw Budget, but the monthly adjustment was limited to 5 percentage points. The portfolio was rebalanced for the next holding period to 18.0% Crypto and 82.0% Equity, while Minimum-CVaR selected the assets within each sleeve.",Recent Crypto downside risk rose. The target Crypto allocation was reduced gradually to avoid a sudden portfolio change. The next-period allocation is 18.0% Crypto and 82.0% stocks.
2021-06-30,2021-07-01,growth_adaptive,growth,adaptive,0.1683440029788646,0.1494506335886626,100.0,93.3774834437086,0.1,0.1303529411764706,0.1303529411764706,0.8696470588235294,0.1303529411764706,0.8696470588235293,False,True,"The Crypto risk score moved up from 93.4 to 100.0, while the rolling tail-loss estimate rose from 14.95% to 16.83%. For the Growth profile, the Raw Crypto Budget was 10.0%. After smoothing, the Applied Crypto Budget was 13.0%. The Applied Crypto Budget decreased toward the Raw Budget, but the monthly adjustment was limited to 5 percentage points. The portfolio was rebalanced for the next holding period to 13.0% Crypto and 87.0% Equity, while Minimum-CVaR selected the assets within each sleeve.",Recent Crypto downside risk rose. The target Crypto allocation was reduced gradually to avoid a sudden portfolio change. The next-period allocation is 13.0% Crypto and 87.0% stocks.
2021-07-30,2021-08-02,growth_adaptive,growth,adaptive,0.0918319470264436,0.1683440029788646,60.07751937984496,100.0,0.17984496124031,0.17984496124031,0.17984496124031,0.82015503875969,0.17984496124031,0.8201550387596876,False,False,"The Crypto risk score moved down from 100.0 to 60.1, while the rolling tail-loss estimate fell from 16.83% to 9.18%. For the Growth profile, the Raw Crypto Budget was 18.0%. After smoothing, the Applied Crypto Budget was 18.0%. The portfolio was rebalanced for the next holding period to 18.0% Crypto and 82.0% Equity, while Minimum-CVaR selected the assets within each sleeve.",Recent Crypto downside risk fell. PulseAlloc increased the Growth portfolio's target Crypto allocation. The next-period allocation is 18.0% Crypto and 82.0% stocks.
2021-08-31,2021-09-01,growth_adaptive,growth,adaptive,0.0566624258194645,0.0918319470264436,16.240875912408757,60.07751937984496,0.2675182481751825,0.22984496124031,0.22984496124031,0.77015503875969,0.2298449612403101,0.7701550387596899,False,True,"The Crypto risk score moved down from 60.1 to 16.2, while the rolling tail-loss estimate fell from 9.18% to 5.67%. For the Growth profile, the Raw Crypto Budget was 26.8%. After smoothing, the Applied Crypto Budget was 23.0%. The Applied Crypto Budget increased toward the Raw Budget, but the monthly adjustment was limited to 5 percentage points. The portfolio was rebalanced for the next holding period to 23.0% Crypto and 77.0% Equity, while Minimum-CVaR selected the assets within each sleeve.",Recent Crypto downside risk fell. The target Crypto allocation was increased gradually to avoid a sudden portfolio change. The next-period allocation is 23.0% Crypto and 77.0% stocks.
2021-09-30,2021-10-01,growth_adaptive,growth,adaptive,0.0897193866592784,0.0566624258194645,63.14878892733565,16.240875912408757,0.1737024221453287,0.17984496124031,0.17984496124031,0.82015503875969,0.1798449612403099,0.8201550387596902,False,True,"The Crypto risk score moved up from 16.2 to 63.1, while the rolling tail-loss estimate rose from 5.67% to 8.97%. For the Growth profile, the Raw Crypto Budget was 17.4%. After smoothing, the Applied Crypto Budget was 18.0%. The Applied Crypto Budget decreased toward the Raw Budget, but the monthly adjustment was limited to 5 percentage points. The portfolio was rebalanced for the next holding period to 18.0% Crypto and 82.0% Equity, while Minimum-CVaR selected the assets within each sleeve.",Recent Crypto downside risk rose. The target Crypto allocation was reduced gradually to avoid a sudden portfolio change. The next-period allocation is 18.0% Crypto and 82.0% stocks.
2021-10-29,2021-11-01,growth_adaptive,growth,adaptive,0.088803821425399,0.0897193866592784,60.79077429983526,63.14878892733565,0.1784184514003294,0.17984496124031,0.17984496124031,0.82015503875969,0.1798449612403099,0.8201550387596878,True,False,"The Crypto risk score moved down from 63.1 to 60.8, while the rolling tail-loss estimate fell from 8.97% to 8.88%. For the Growth profile, the Raw Crypto Budget was 17.8%. After smoothing, the Applied Crypto Budget was 18.0%. The proposed Budget change was below the 1-percentage-point threshold, so the previous Applied Crypto Budget was maintained. The portfolio was rebalanced for the next holding period to 18.0% Crypto and 82.0% Equity, while Minimum-CVaR selected the assets within each sleeve.","Recent Crypto downside risk fell. The change was small, so the Growth portfolio's target Crypto allocation was kept unchanged. The next-period allocation is 18.0% Crypto and 82.0% stocks."
2021-11-30,2021-12-01,growth_adaptive,growth,adaptive,0.0669718047226076,0.088803821425399,29.42097026604069,60.79077429983526,0.2411580594679186,0.22984496124031,0.22984496124031,0.77015503875969,0.2298449612403097,0.7701550387596667,False,True,"The Crypto risk score moved down from 60.8 to 29.4, while the rolling tail-loss estimate fell from 8.88% to 6.70%. For the Growth profile, the Raw Crypto Budget was 24.1%. After smoothing, the Applied Crypto Budget was 23.0%. The Applied Crypto Budget increased toward the Raw Budget, but the monthly adjustment was limited to 5 percentage points. The portfolio was rebalanced for the next holding period to 23.0% Crypto and 77.0% Equity, while Minimum-CVaR selected the assets within each sleeve.",Recent Crypto downside risk fell. The target Crypto allocation was increased gradually to avoid a sudden portfolio change. The next-period allocation is 23.0% Crypto and 77.0% stocks.
2021-12-31,2022-01-03,growth_adaptive,growth,adaptive,0.0780920808393098,0.0669718047226076,51.7910447761194,29.42097026604069,0.1964179104477612,0.1964179104477612,0.1964179104477612,0.8035820895522388,0.1964179104477612,0.8035820895524108,False,False,"The Crypto risk score moved up from 29.4 to 51.8, while the rolling tail-loss estimate rose from 6.70% to 7.81%. For the Growth profile, the Raw Crypto Budget was 19.6%. After smoothing, the Applied Crypto Budget was 19.6%. The portfolio was rebalanced for the next holding period to 19.6% Crypto and 80.4% Equity, while Minimum-CVaR selected the assets within each sleeve.",Recent Crypto downside risk rose. PulseAlloc reduced the Growth portfolio's target Crypto allocation. The next-period allocation is 19.6% Crypto and 80.4% stocks.
2022-01-31,2022-02-01,growth_adaptive,growth,adaptive,0.0823514270204458,0.0780920808393098,57.34664764621969,51.7910447761194,0.1853067047075606,0.1853067047075606,0.1853067047075606,0.8146932952924394,0.1853067047075608,0.8146932952924409,False,False,"The Crypto risk score moved up from 51.8 to 57.3, while the rolling tail-loss estimate rose from 7.81% to 8.24%. For the Growth profile, the Raw Crypto Budget was 18.5%. After smoothing, the Applied Crypto Budget was 18.5%. The portfolio was rebalanced for the next holding period to 18.5% Crypto and 81.5% Equity, while Minimum-CVaR selected the assets within each sleeve.",Recent Crypto downside risk rose. PulseAlloc reduced the Growth portfolio's target Crypto allocation. The next-period allocation is 18.5% Crypto and 81.5% stocks.
2022-02-28,2022-03-01,growth_adaptive,growth,adaptive,0.0728313155296015,0.0823514270204458,39.09465020576132,57.34664764621969,0.2218106995884773,0.2218106995884773,0.2218106995884773,0.7781893004115227,0.2218106995884771,0.7781893004115221,False,False,"The Crypto risk score moved down from 57.3 to 39.1, while the rolling tail-loss estimate fell from 8.24% to 7.28%. For the Growth profile, the Raw Crypto Budget was 22.2%. After smoothing, the Applied Crypto Budget was 22.2%. The portfolio was rebalanced for the next holding period to 22.2% Crypto and 77.8% Equity, while Minimum-CVaR selected the assets within each sleeve.",Recent Crypto downside risk fell. PulseAlloc increased the Growth portfolio's target Crypto allocation. The next-period allocation is 22.2% Crypto and 77.8% stocks.
2022-03-31,2022-04-01,growth_adaptive,growth,adaptive,0.0597575067252199,0.0728313155296015,19.210526315789473,39.09465020576132,0.261578947368421,0.261578947368421,0.261578947368421,0.738421052631579,0.2615789473684201,0.738421052631579,False,False,"The Crypto risk score moved down from 39.1 to 19.2, while the rolling tail-loss estimate fell from 7.28% to 5.98%. For the Growth profile, the Raw Crypto Budget was 26.2%. After smoothing, the Applied Crypto Budget was 26.2%. The portfolio was rebalanced for the next holding period to 26.2% Crypto and 73.8% Equity, while Minimum-CVaR selected the assets within each sleeve.",Recent Crypto downside risk fell. PulseAlloc increased the Growth portfolio's target Crypto allocation. The next-period allocation is 26.2% Crypto and 73.8% stocks.
2022-04-29,2022-05-02,growth_adaptive,growth,adaptive,0.0661928736832527,0.0597575067252199,24.20785804816223,19.210526315789473,0.2515842839036755,0.261578947368421,0.261578947368421,0.738421052631579,0.2615789473684213,0.7384210526315788,True,False,"The Crypto risk score moved up from 19.2 to 24.2, while the rolling tail-loss estimate rose from 5.98% to 6.62%. For the Growth profile, the Raw Crypto Budget was 25.2%. After smoothing, the Applied Crypto Budget was 26.2%. The proposed Budget change was below the 1-percentage-point threshold, so the previous Applied Crypto Budget was maintained. The portfolio was rebalanced for the next holding period to 26.2% Crypto and 73.8% Equity, while Minimum-CVaR selected the assets within each sleeve.","Recent Crypto downside risk rose. The change was small, so the Growth portfolio's target Crypto allocation was kept unchanged. The next-period allocation is 26.2% Crypto and 73.8% stocks."
2022-05-31,2022-06-01,growth_adaptive,growth,adaptive,0.1036648531803156,0.0661928736832527,81.97320341047502,24.20785804816223,0.1360535931790499,0.211578947368421,0.211578947368421,0.7884210526315789,0.2115789473684219,0.7884210526315774,False,True,"The Crypto risk score moved up from 24.2 to 82.0, while the rolling tail-loss estimate rose from 6.62% to 10.37%. For the Growth profile, the Raw Crypto Budget was 13.6%. After smoothing, the Applied Crypto Budget was 21.2%. The Applied Crypto Budget decreased toward the Raw Budget, but the monthly adjustment was limited to 5 percentage points. The portfolio was rebalanced for the next holding period to 21.2% Crypto and 78.8% Equity, while Minimum-CVaR selected the assets within each sleeve.",Recent Crypto downside risk rose. The target Crypto allocation was reduced gradually to avoid a sudden portfolio change. The next-period allocation is 21.2% Crypto and 78.8% stocks.
2022-06-30,2022-07-01,growth_adaptive,growth,adaptive,0.1139390110615981,0.1036648531803156,85.19388954171563,81.97320341047502,0.1296122209165687,0.161578947368421,0.161578947368421,0.838421052631579,0.161578947368421,0.8384210526315785,False,True,"The Crypto risk score moved up from 82.0 to 85.2, while the rolling tail-loss estimate rose from 10.37% to 11.39%. For the Growth profile, the Raw Crypto Budget was 13.0%. After smoothing, the Applied Crypto Budget was 16.2%. The Applied Crypto Budget decreased toward the Raw Budget, but the monthly adjustment was limited to 5 percentage points. The portfolio was rebalanced for the next holding period to 16.2% Crypto and 83.8% Equity, while Minimum-CVaR selected the assets within each sleeve.",Recent Crypto downside risk rose. The target Crypto allocation was reduced gradually to avoid a sudden portfolio change. The next-period allocation is 16.2% Crypto and 83.8% stocks.
2022-07-29,2022-08-01,growth_adaptive,growth,adaptive,0.0824508483960887,0.1139390110615981,58.18181818181818,85.19388954171563,0.1836363636363636,0.1836363636363636,0.1836363636363636,0.8163636363636364,0.1836363636363643,0.8163636363636365,False,False,"The Crypto risk score moved down from 85.2 to 58.2, while the rolling tail-loss estimate fell from 11.39% to 8.25%. For the Growth profile, the Raw Crypto Budget was 18.4%. After smoothing, the Applied Crypto Budget was 18.4%. The portfolio was rebalanced for the next holding period to 18.4% Crypto and 81.6% Equity, while Minimum-CVaR selected the assets within each sleeve.",Recent Crypto downside risk fell. PulseAlloc increased the Growth portfolio's target Crypto allocation. The next-period allocation is 18.4% Crypto and 81.6% stocks.
2022-08-31,2022-09-01,growth_adaptive,growth,adaptive,0.0663977996623439,0.0824508483960887,23.548740416210297,58.18181818181818,0.2529025191675794,0.2336363636363636,0.2336363636363636,0.7663636363636364,0.23363636363636,0.7663636363636399,False,True,"The Crypto risk score moved down from 58.2 to 23.5, while the rolling tail-loss estimate fell from 8.25% to 6.64%. For the Growth profile, the Raw Crypto Budget was 25.3%. After smoothing, the Applied Crypto Budget was 23.4%. The Applied Crypto Budget increased toward the Raw Budget, but the monthly adjustment was limited to 5 percentage points. The portfolio was rebalanced for the next holding period to 23.4% Crypto and 76.6% Equity, while Minimum-CVaR selected the assets within each sleeve.",Recent Crypto downside risk fell. The target Crypto allocation was increased gradually to avoid a sudden portfolio change. The next-period allocation is 23.4% Crypto and 76.6% stocks.
2022-09-30,2022-10-03,growth_adaptive,growth,adaptive,0.0758514931612161,0.0663977996623439,49.09862142099682,23.548740416210297,0.2018027571580063,0.2018027571580063,0.2018027571580063,0.7981972428419937,0.2018027571580061,0.7981972428419933,False,False,"The Crypto risk score moved up from 23.5 to 49.1, while the rolling tail-loss estimate rose from 6.64% to 7.59%. For the Growth profile, the Raw Crypto Budget was 20.2%. After smoothing, the Applied Crypto Budget was 20.2%. The portfolio was rebalanced for the next holding period to 20.2% Crypto and 79.8% Equity, while Minimum-CVaR selected the assets within each sleeve.",Recent Crypto downside risk rose. PulseAlloc reduced the Growth portfolio's target Crypto allocation. The next-period allocation is 20.2% Crypto and 79.8% stocks.
2022-10-31,2022-11-01,growth_adaptive,growth,adaptive,0.058649471885812,0.0758514931612161,12.73100616016427,49.09862142099682,0.2745379876796714,0.2518027571580063,0.2518027571580063,0.7481972428419936,0.2518027571580056,0.7481972428419938,False,True,"The Crypto risk score moved down from 49.1 to 12.7, while the rolling tail-loss estimate fell from 7.59% to 5.86%. For the Growth profile, the Raw Crypto Budget was 27.5%. After smoothing, the Applied Crypto Budget was 25.2%. The Applied Crypto Budget increased toward the Raw Budget, but the monthly adjustment was limited to 5 percentage points. The portfolio was rebalanced for the next holding period to 25.2% Crypto and 74.8% Equity, while Minimum-CVaR selected the assets within each sleeve.",Recent Crypto downside risk fell. The target Crypto allocation was increased gradually to avoid a sudden portfolio change. The next-period allocation is 25.2% Crypto and 74.8% stocks.
2022-11-30,2022-12-01,growth_adaptive,growth,adaptive,0.0700362604327545,0.058649471885812,32.47011952191235,12.73100616016427,0.2350597609561753,0.2350597609561753,0.2350597609561753,0.7649402390438247,0.2350597609561771,0.7649402390438246,False,False,"The Crypto risk score moved up from 12.7 to 32.5, while the rolling tail-loss estimate rose from 5.86% to 7.00%. For the Growth profile, the Raw Crypto Budget was 23.5%. After smoothing, the Applied Crypto Budget was 23.5%. The portfolio was rebalanced for the next holding period to 23.5% Crypto and 76.5% Equity, while Minimum-CVaR selected the assets within each sleeve.",Recent Crypto downside risk rose. PulseAlloc reduced the Growth portfolio's target Crypto allocation. The next-period allocation is 23.5% Crypto and 76.5% stocks.
2022-12-30,2023-01-03,growth_adaptive,growth,adaptive,0.0761424976847595,0.0700362604327545,52.804642166344294,32.47011952191235,0.1943907156673114,0.1943907156673114,0.1943907156673114,0.8056092843326886,0.1943907156673114,0.8056092843326884,False,False,"The Crypto risk score moved up from 32.5 to 52.8, while the rolling tail-loss estimate rose from 7.00% to 7.61%. For the Growth profile, the Raw Crypto Budget was 19.4%. After smoothing, the Applied Crypto Budget was 19.4%. The portfolio was rebalanced for the next holding period to 19.4% Crypto and 80.6% Equity, while Minimum-CVaR selected the assets within each sleeve.",Recent Crypto downside risk rose. PulseAlloc reduced the Growth portfolio's target Crypto allocation. The next-period allocation is 19.4% Crypto and 80.6% stocks.
2023-01-31,2023-02-01,growth_adaptive,growth,adaptive,0.0449970734859114,0.0761424976847595,8.25515947467167,52.804642166344294,0.2834896810506566,0.2443907156673114,0.2443907156673114,0.7556092843326886,0.2443907156673113,0.7556092843326886,False,True,"The Crypto risk score moved down from 52.8 to 8.3, while the rolling tail-loss estimate fell from 7.61% to 4.50%. For the Growth profile, the Raw Crypto Budget was 28.3%. After smoothing, the Applied Crypto Budget was 24.4%. The Applied Crypto Budget increased toward the Raw Budget, but the monthly adjustment was limited to 5 percentage points. The portfolio was rebalanced for the next holding period to 24.4% Crypto and 75.6% Equity, while Minimum-CVaR selected the assets within each sleeve.",Recent Crypto downside risk fell. The target Crypto allocation was increased gradually to avoid a sudden portfolio change. The next-period allocation is 24.4% Crypto and 75.6% stocks.
2023-02-28,2023-03-01,growth_adaptive,growth,adaptive,0.044675002809092,0.0449970734859114,9.049360146252283,8.25515947467167,0.2819012797074954,0.2819012797074954,0.2819012797074954,0.7180987202925047,0.2819012797074942,0.718098720292508,False,False,"The Crypto risk score moved up from 8.3 to 9.0, while the rolling tail-loss estimate fell from 4.50% to 4.47%. For the Growth profile, the Raw Crypto Budget was 28.2%. After smoothing, the Applied Crypto Budget was 28.2%. The portfolio was rebalanced for the next holding period to 28.2% Crypto and 71.8% Equity, while Minimum-CVaR selected the assets within each sleeve.",Recent Crypto downside risk fell. PulseAlloc increased the Growth portfolio's target Crypto allocation. The next-period allocation is 28.2% Crypto and 71.8% stocks.
2023-03-31,2023-04-03,growth_adaptive,growth,adaptive,0.0497258828840727,0.044675002809092,12.088888888888889,9.049360146252283,0.2758222222222222,0.2819012797074954,0.2819012797074954,0.7180987202925047,0.2819012797074964,0.7180987202925047,True,False,"The Crypto risk score moved up from 9.0 to 12.1, while the rolling tail-loss estimate rose from 4.47% to 4.97%. For the Growth profile, the Raw Crypto Budget was 27.6%. After smoothing, the Applied Crypto Budget was 28.2%. The proposed Budget change was below the 1-percentage-point threshold, so the previous Applied Crypto Budget was maintained. The portfolio was rebalanced for the next holding period to 28.2% Crypto and 71.8% Equity, while Minimum-CVaR selected the assets within each sleeve.","Recent Crypto downside risk rose. The change was small, so the Growth portfolio's target Crypto allocation was kept unchanged. The next-period allocation is 28.2% Crypto and 71.8% stocks."
2023-04-28,2023-05-01,growth_adaptive,growth,adaptive,0.05047375546635,0.0497258828840727,14.570685169124022,12.088888888888889,0.2708586296617519,0.2708586296617519,0.2708586296617519,0.7291413703382481,0.2708586296617511,0.7291413703382789,False,False,"The Crypto risk score moved up from 12.1 to 14.6, while the rolling tail-loss estimate rose from 4.97% to 5.05%. For the Growth profile, the Raw Crypto Budget was 27.1%. After smoothing, the Applied Crypto Budget was 27.1%. The portfolio was rebalanced for the next holding period to 27.1% Crypto and 72.9% Equity, while Minimum-CVaR selected the assets within each sleeve.",Recent Crypto downside risk rose. PulseAlloc reduced the Growth portfolio's target Crypto allocation. The next-period allocation is 27.1% Crypto and 72.9% stocks.
2023-05-31,2023-06-01,growth_adaptive,growth,adaptive,0.0375670090484977,0.05047375546635,2.6138279932546373,14.570685169124022,0.2947723440134907,0.2947723440134907,0.2947723440134907,0.7052276559865094,0.2947723440134919,0.7052276559865102,False,False,"The Crypto risk score moved down from 14.6 to 2.6, while the rolling tail-loss estimate fell from 5.05% to 3.76%. For the Growth profile, the Raw Crypto Budget was 29.5%. After smoothing, the Applied Crypto Budget was 29.5%. The portfolio was rebalanced for the next holding period to 29.5% Crypto and 70.5% Equity, while Minimum-CVaR selected the assets within each sleeve.",Recent Crypto downside risk fell. PulseAlloc increased the Growth portfolio's target Crypto allocation. The next-period allocation is 29.5% Crypto and 70.5% stocks.
2023-06-30,2023-07-03,growth_adaptive,growth,adaptive,0.0485413030948913,0.0375670090484977,14.473684210526317,2.6138279932546373,0.2710526315789474,0.2710526315789474,0.2710526315789474,0.7289473684210526,0.2710526315789465,0.7289473684210519,False,False,"The Crypto risk score moved up from 2.6 to 14.5, while the rolling tail-loss estimate rose from 3.76% to 4.85%. For the Growth profile, the Raw Crypto Budget was 27.1%. After smoothing, the Applied Crypto Budget was 27.1%. The portfolio was rebalanced for the next holding period to 27.1% Crypto and 72.9% Equity, while Minimum-CVaR selected the assets within each sleeve.",Recent Crypto downside risk rose. PulseAlloc reduced the Growth portfolio's target Crypto allocation. The next-period allocation is 27.1% Crypto and 72.9% stocks.
2023-07-31,2023-08-01,growth_adaptive,growth,adaptive,0.0536787739702087,0.0485413030948913,23.416198877305533,14.473684210526317,0.2531676022453889,0.2531676022453889,0.2531676022453889,0.7468323977546111,0.2531676022453892,0.746832397754611,False,False,"The Crypto risk score moved up from 14.5 to 23.4, while the rolling tail-loss estimate rose from 4.85% to 5.37%. For the Growth profile, the Raw Crypto Budget was 25.3%. After smoothing, the Applied Crypto Budget was 25.3%. The portfolio was rebalanced for the next holding period to 25.3% Crypto and 74.7% Equity, while Minimum-CVaR selected the assets within each sleeve.",Recent Crypto downside risk rose. PulseAlloc reduced the Growth portfolio's target Crypto allocation. The next-period allocation is 25.3% Crypto and 74.7% stocks.
2023-08-31,2023-09-01,growth_adaptive,growth,adaptive,0.0505246989841056,0.0536787739702087,19.483568075117372,23.416198877305533,0.2610328638497652,0.2531676022453889,0.2531676022453889,0.7468323977546111,0.2531676022453884,0.7468323977546059,True,False,"The Crypto risk score moved down from 23.4 to 19.5, while the rolling tail-loss estimate fell from 5.37% to 5.05%. For the Growth profile, the Raw Crypto Budget was 26.1%. After smoothing, the Applied Crypto Budget was 25.3%. The proposed Budget change was below the 1-percentage-point threshold, so the previous Applied Crypto Budget was maintained. The portfolio was rebalanced for the next holding period to 25.3% Crypto and 74.7% Equity, while Minimum-CVaR selected the assets within each sleeve.","Recent Crypto downside risk fell. The change was small, so the Growth portfolio's target Crypto allocation was kept unchanged. The next-period allocation is 25.3% Crypto and 74.7% stocks."
2023-09-29,2023-10-02,growth_adaptive,growth,adaptive,0.0440244649195958,0.0505246989841056,9.793420045906656,19.483568075117372,0.2804131599081866,0.2804131599081866,0.2804131599081866,0.7195868400918134,0.280413159908186,0.7195868400918153,False,False,"The Crypto risk score moved down from 19.5 to 9.8, while the rolling tail-loss estimate fell from 5.05% to 4.40%. For the Growth profile, the Raw Crypto Budget was 28.0%. After smoothing, the Applied Crypto Budget was 28.0%. The portfolio was rebalanced for the next holding period to 28.0% Crypto and 72.0% Equity, while Minimum-CVaR selected the assets within each sleeve.",Recent Crypto downside risk fell. PulseAlloc increased the Growth portfolio's target Crypto allocation. The next-period allocation is 28.0% Crypto and 72.0% stocks.
2023-10-31,2023-11-01,growth_adaptive,growth,adaptive,0.0236328519184651,0.0440244649195958,0.0746825989544436,9.793420045906656,0.2998506348020911,0.2998506348020911,0.2998506348020911,0.7001493651979089,0.2998506348020908,0.7001493651979089,False,False,"The Crypto risk score moved down from 9.8 to 0.1, while the rolling tail-loss estimate fell from 4.40% to 2.36%. For the Growth profile, the Raw Crypto Budget was 30.0%. After smoothing, the Applied Crypto Budget was 30.0%. The portfolio was rebalanced for the next holding period to 30.0% Crypto and 70.0% Equity, while Minimum-CVaR selected the assets within each sleeve.",Recent Crypto downside risk fell. PulseAlloc increased the Growth portfolio's target Crypto allocation. The next-period allocation is 30.0% Crypto and 70.0% stocks.
2023-11-30,2023-12-01,growth_adaptive,growth,adaptive,0.0326788061359547,0.0236328519184651,3.6523009495982466,0.0746825989544436,0.2926953981008034,0.2998506348020911,0.2998506348020911,0.7001493651979089,0.2998506348020912,0.7001493651979083,True,False,"The Crypto risk score moved up from 0.1 to 3.7, while the rolling tail-loss estimate rose from 2.36% to 3.27%. For the Growth profile, the Raw Crypto Budget was 29.3%. After smoothing, the Applied Crypto Budget was 30.0%. The proposed Budget change was below the 1-percentage-point threshold, so the previous Applied Crypto Budget was maintained. The portfolio was rebalanced for the next holding period to 30.0% Crypto and 70.0% Equity, while Minimum-CVaR selected the assets within each sleeve.","Recent Crypto downside risk rose. The change was small, so the Growth portfolio's target Crypto allocation was kept unchanged. The next-period allocation is 30.0% Crypto and 70.0% stocks."
2020-12-31,2021-01-04,growth_fixed,growth,fixed,0.0950169251794809,,80.32786885245902,,,,0.3,0.7,0.3000000000000002,0.7,,,"The Crypto risk score was 80.3, but the Growth Fixed fund maintained its pre-set 30.0% Crypto Budget. The portfolio was rebalanced for the next holding period to 30.0% Crypto and 70.0% Equity, while Minimum-CVaR selected the assets within each sleeve.",This Fixed fund keeps 30.0% in Crypto regardless of changes in market risk. The next-period allocation is 30.0% Crypto and 70.0% stocks.
2021-01-29,2021-02-01,growth_fixed,growth,fixed,0.1082779977240067,0.0950169251794809,80.83832335329342,80.32786885245902,,,0.3,0.7,0.3000000000000025,0.6999999999999996,,,"The Crypto risk score was 80.8, but the Growth Fixed fund maintained its pre-set 30.0% Crypto Budget. The portfolio was rebalanced for the next holding period to 30.0% Crypto and 70.0% Equity, while Minimum-CVaR selected the assets within each sleeve.",This Fixed fund keeps 30.0% in Crypto regardless of changes in market risk. The next-period allocation is 30.0% Crypto and 70.0% stocks.
2021-02-26,2021-03-01,growth_fixed,growth,fixed,0.1011100516469831,0.1082779977240067,76.24309392265194,80.83832335329342,,,0.3,0.7,0.3000000000000004,0.6999999999999763,,,"The Crypto risk score was 76.2, but the Growth Fixed fund maintained its pre-set 30.0% Crypto Budget. The portfolio was rebalanced for the next holding period to 30.0% Crypto and 70.0% Equity, while Minimum-CVaR selected the assets within each sleeve.",This Fixed fund keeps 30.0% in Crypto regardless of changes in market risk. The next-period allocation is 30.0% Crypto and 70.0% stocks.
2021-03-31,2021-04-01,growth_fixed,growth,fixed,0.0721050474222789,0.1011100516469831,43.54430379746835,76.24309392265194,,,0.3,0.7,0.3000000000000007,0.6999999999999998,,,"The Crypto risk score was 43.5, but the Growth Fixed fund maintained its pre-set 30.0% Crypto Budget. The portfolio was rebalanced for the next holding period to 30.0% Crypto and 70.0% Equity, while Minimum-CVaR selected the assets within each sleeve.",This Fixed fund keeps 30.0% in Crypto regardless of changes in market risk. The next-period allocation is 30.0% Crypto and 70.0% stocks.
2021-04-30,2021-05-03,growth_fixed,growth,fixed,0.0665231499094032,0.0721050474222789,34.8235294117647,43.54430379746835,,,0.3,0.7,0.2999999999999999,0.6999999999999942,,,"The Crypto risk score was 34.8, but the Growth Fixed fund maintained its pre-set 30.0% Crypto Budget. The portfolio was rebalanced for the next holding period to 30.0% Crypto and 70.0% Equity, while Minimum-CVaR selected the assets within each sleeve.",This Fixed fund keeps 30.0% in Crypto regardless of changes in market risk. The next-period allocation is 30.0% Crypto and 70.0% stocks.
2021-05-28,2021-06-01,growth_fixed,growth,fixed,0.1494506335886626,0.0665231499094032,93.3774834437086,34.8235294117647,,,0.3,0.7,0.2999999999999995,0.7000000000000015,,,"The Crypto risk score was 93.4, but the Growth Fixed fund maintained its pre-set 30.0% Crypto Budget. The portfolio was rebalanced for the next holding period to 30.0% Crypto and 70.0% Equity, while Minimum-CVaR selected the assets within each sleeve.",This Fixed fund keeps 30.0% in Crypto regardless of changes in market risk. The next-period allocation is 30.0% Crypto and 70.0% stocks.
2021-06-30,2021-07-01,growth_fixed,growth,fixed,0.1683440029788646,0.1494506335886626,100.0,93.3774834437086,,,0.3,0.7,0.2999999999999999,0.7,,,"The Crypto risk score was 100.0, but the Growth Fixed fund maintained its pre-set 30.0% Crypto Budget. The portfolio was rebalanced for the next holding period to 30.0% Crypto and 70.0% Equity, while Minimum-CVaR selected the assets within each sleeve.",This Fixed fund keeps 30.0% in Crypto regardless of changes in market risk. The next-period allocation is 30.0% Crypto and 70.0% stocks.
2021-07-30,2021-08-02,growth_fixed,growth,fixed,0.0918319470264436,0.1683440029788646,60.07751937984496,100.0,,,0.3,0.7,0.3,0.6999999999999981,,,"The Crypto risk score was 60.1, but the Growth Fixed fund maintained its pre-set 30.0% Crypto Budget. The portfolio was rebalanced for the next holding period to 30.0% Crypto and 70.0% Equity, while Minimum-CVaR selected the assets within each sleeve.",This Fixed fund keeps 30.0% in Crypto regardless of changes in market risk. The next-period allocation is 30.0% Crypto and 70.0% stocks.
2021-08-31,2021-09-01,growth_fixed,growth,fixed,0.0566624258194645,0.0918319470264436,16.240875912408757,60.07751937984496,,,0.3,0.7,0.3000000000000001,0.7,,,"The Crypto risk score was 16.2, but the Growth Fixed fund maintained its pre-set 30.0% Crypto Budget. The portfolio was rebalanced for the next holding period to 30.0% Crypto and 70.0% Equity, while Minimum-CVaR selected the assets within each sleeve.",This Fixed fund keeps 30.0% in Crypto regardless of changes in market risk. The next-period allocation is 30.0% Crypto and 70.0% stocks.
2021-09-30,2021-10-01,growth_fixed,growth,fixed,0.0897193866592784,0.0566624258194645,63.14878892733565,16.240875912408757,,,0.3,0.7,0.2999999999999998,0.7000000000000001,,,"The Crypto risk score was 63.1, but the Growth Fixed fund maintained its pre-set 30.0% Crypto Budget. The portfolio was rebalanced for the next holding period to 30.0% Crypto and 70.0% Equity, while Minimum-CVaR selected the assets within each sleeve.",This Fixed fund keeps 30.0% in Crypto regardless of changes in market risk. The next-period allocation is 30.0% Crypto and 70.0% stocks.
2021-10-29,2021-11-01,growth_fixed,growth,fixed,0.088803821425399,0.0897193866592784,60.79077429983526,63.14878892733565,,,0.3,0.7,0.2999999999999998,0.6999999999999981,,,"The Crypto risk score was 60.8, but the Growth Fixed fund maintained its pre-set 30.0% Crypto Budget. The portfolio was rebalanced for the next holding period to 30.0% Crypto and 70.0% Equity, while Minimum-CVaR selected the assets within each sleeve.",This Fixed fund keeps 30.0% in Crypto regardless of changes in market risk. The next-period allocation is 30.0% Crypto and 70.0% stocks.
2021-11-30,2021-12-01,growth_fixed,growth,fixed,0.0669718047226076,0.088803821425399,29.42097026604069,60.79077429983526,,,0.3,0.7,0.2999999999999996,0.6999999999999789,,,"The Crypto risk score was 29.4, but the Growth Fixed fund maintained its pre-set 30.0% Crypto Budget. The portfolio was rebalanced for the next holding period to 30.0% Crypto and 70.0% Equity, while Minimum-CVaR selected the assets within each sleeve.",This Fixed fund keeps 30.0% in Crypto regardless of changes in market risk. The next-period allocation is 30.0% Crypto and 70.0% stocks.
2021-12-31,2022-01-03,growth_fixed,growth,fixed,0.0780920808393098,0.0669718047226076,51.7910447761194,29.42097026604069,,,0.3,0.7,0.3,0.70000000000015,,,"The Crypto risk score was 51.8, but the Growth Fixed fund maintained its pre-set 30.0% Crypto Budget. The portfolio was rebalanced for the next holding period to 30.0% Crypto and 70.0% Equity, while Minimum-CVaR selected the assets within each sleeve.",This Fixed fund keeps 30.0% in Crypto regardless of changes in market risk. The next-period allocation is 30.0% Crypto and 70.0% stocks.
2022-01-31,2022-02-01,growth_fixed,growth,fixed,0.0823514270204458,0.0780920808393098,57.34664764621969,51.7910447761194,,,0.3,0.7,0.3000000000000004,0.7000000000000013,,,"The Crypto risk score was 57.3, but the Growth Fixed fund maintained its pre-set 30.0% Crypto Budget. The portfolio was rebalanced for the next holding period to 30.0% Crypto and 70.0% Equity, while Minimum-CVaR selected the assets within each sleeve.",This Fixed fund keeps 30.0% in Crypto regardless of changes in market risk. The next-period allocation is 30.0% Crypto and 70.0% stocks.
2022-02-28,2022-03-01,growth_fixed,growth,fixed,0.0728313155296015,0.0823514270204458,39.09465020576132,57.34664764621969,,,0.3,0.7,0.2999999999999997,0.6999999999999995,,,"The Crypto risk score was 39.1, but the Growth Fixed fund maintained its pre-set 30.0% Crypto Budget. The portfolio was rebalanced for the next holding period to 30.0% Crypto and 70.0% Equity, while Minimum-CVaR selected the assets within each sleeve.",This Fixed fund keeps 30.0% in Crypto regardless of changes in market risk. The next-period allocation is 30.0% Crypto and 70.0% stocks.
2022-03-31,2022-04-01,growth_fixed,growth,fixed,0.0597575067252199,0.0728313155296015,19.210526315789473,39.09465020576132,,,0.3,0.7,0.2999999999999989,0.7,,,"The Crypto risk score was 19.2, but the Growth Fixed fund maintained its pre-set 30.0% Crypto Budget. The portfolio was rebalanced for the next holding period to 30.0% Crypto and 70.0% Equity, while Minimum-CVaR selected the assets within each sleeve.",This Fixed fund keeps 30.0% in Crypto regardless of changes in market risk. The next-period allocation is 30.0% Crypto and 70.0% stocks.
2022-04-29,2022-05-02,growth_fixed,growth,fixed,0.0661928736832527,0.0597575067252199,24.20785804816223,19.210526315789473,,,0.3,0.7,0.3000000000000002,0.6999999999999998,,,"The Crypto risk score was 24.2, but the Growth Fixed fund maintained its pre-set 30.0% Crypto Budget. The portfolio was rebalanced for the next holding period to 30.0% Crypto and 70.0% Equity, while Minimum-CVaR selected the assets within each sleeve.",This Fixed fund keeps 30.0% in Crypto regardless of changes in market risk. The next-period allocation is 30.0% Crypto and 70.0% stocks.
2022-05-31,2022-06-01,growth_fixed,growth,fixed,0.1036648531803156,0.0661928736832527,81.97320341047502,24.20785804816223,,,0.3,0.7,0.3000000000000012,0.6999999999999986,,,"The Crypto risk score was 82.0, but the Growth Fixed fund maintained its pre-set 30.0% Crypto Budget. The portfolio was rebalanced for the next holding period to 30.0% Crypto and 70.0% Equity, while Minimum-CVaR selected the assets within each sleeve.",This Fixed fund keeps 30.0% in Crypto regardless of changes in market risk. The next-period allocation is 30.0% Crypto and 70.0% stocks.
2022-06-30,2022-07-01,growth_fixed,growth,fixed,0.1139390110615981,0.1036648531803156,85.19388954171563,81.97320341047502,,,0.3,0.7,0.3,0.6999999999999995,,,"The Crypto risk score was 85.2, but the Growth Fixed fund maintained its pre-set 30.0% Crypto Budget. The portfolio was rebalanced for the next holding period to 30.0% Crypto and 70.0% Equity, while Minimum-CVaR selected the assets within each sleeve.",This Fixed fund keeps 30.0% in Crypto regardless of changes in market risk. The next-period allocation is 30.0% Crypto and 70.0% stocks.
2022-07-29,2022-08-01,growth_fixed,growth,fixed,0.0824508483960887,0.1139390110615981,58.18181818181818,85.19388954171563,,,0.3,0.7,0.3000000000000011,0.7000000000000001,,,"The Crypto risk score was 58.2, but the Growth Fixed fund maintained its pre-set 30.0% Crypto Budget. The portfolio was rebalanced for the next holding period to 30.0% Crypto and 70.0% Equity, while Minimum-CVaR selected the assets within each sleeve.",This Fixed fund keeps 30.0% in Crypto regardless of changes in market risk. The next-period allocation is 30.0% Crypto and 70.0% stocks.
2022-08-31,2022-09-01,growth_fixed,growth,fixed,0.0663977996623439,0.0824508483960887,23.548740416210297,58.18181818181818,,,0.3,0.7,0.2999999999999954,0.7000000000000031,,,"The Crypto risk score was 23.5, but the Growth Fixed fund maintained its pre-set 30.0% Crypto Budget. The portfolio was rebalanced for the next holding period to 30.0% Crypto and 70.0% Equity, while Minimum-CVaR selected the assets within each sleeve.",This Fixed fund keeps 30.0% in Crypto regardless of changes in market risk. The next-period allocation is 30.0% Crypto and 70.0% stocks.
2022-09-30,2022-10-03,growth_fixed,growth,fixed,0.0758514931612161,0.0663977996623439,49.09862142099682,23.548740416210297,,,0.3,0.7,0.2999999999999997,0.6999999999999996,,,"The Crypto risk score was 49.1, but the Growth Fixed fund maintained its pre-set 30.0% Crypto Budget. The portfolio was rebalanced for the next holding period to 30.0% Crypto and 70.0% Equity, while Minimum-CVaR selected the assets within each sleeve.",This Fixed fund keeps 30.0% in Crypto regardless of changes in market risk. The next-period allocation is 30.0% Crypto and 70.0% stocks.
2022-10-31,2022-11-01,growth_fixed,growth,fixed,0.058649471885812,0.0758514931612161,12.73100616016427,49.09862142099682,,,0.3,0.7,0.2999999999999992,0.7000000000000003,,,"The Crypto risk score was 12.7, but the Growth Fixed fund maintained its pre-set 30.0% Crypto Budget. The portfolio was rebalanced for the next holding period to 30.0% Crypto and 70.0% Equity, while Minimum-CVaR selected the assets within each sleeve.",This Fixed fund keeps 30.0% in Crypto regardless of changes in market risk. The next-period allocation is 30.0% Crypto and 70.0% stocks.
2022-11-30,2022-12-01,growth_fixed,growth,fixed,0.0700362604327545,0.058649471885812,32.47011952191235,12.73100616016427,,,0.3,0.7,0.3000000000000022,0.6999999999999998,,,"The Crypto risk score was 32.5, but the Growth Fixed fund maintained its pre-set 30.0% Crypto Budget. The portfolio was rebalanced for the next holding period to 30.0% Crypto and 70.0% Equity, while Minimum-CVaR selected the assets within each sleeve.",This Fixed fund keeps 30.0% in Crypto regardless of changes in market risk. The next-period allocation is 30.0% Crypto and 70.0% stocks.
2022-12-30,2023-01-03,growth_fixed,growth,fixed,0.0761424976847595,0.0700362604327545,52.804642166344294,32.47011952191235,,,0.3,0.7,0.3000000000000001,0.6999999999999997,,,"The Crypto risk score was 52.8, but the Growth Fixed fund maintained its pre-set 30.0% Crypto Budget. The portfolio was rebalanced for the next holding period to 30.0% Crypto and 70.0% Equity, while Minimum-CVaR selected the assets within each sleeve.",This Fixed fund keeps 30.0% in Crypto regardless of changes in market risk. The next-period allocation is 30.0% Crypto and 70.0% stocks.
2023-01-31,2023-02-01,growth_fixed,growth,fixed,0.0449970734859114,0.0761424976847595,8.25515947467167,52.804642166344294,,,0.3,0.7,0.2999999999999999,0.7,,,"The Crypto risk score was 8.3, but the Growth Fixed fund maintained its pre-set 30.0% Crypto Budget. The portfolio was rebalanced for the next holding period to 30.0% Crypto and 70.0% Equity, while Minimum-CVaR selected the assets within each sleeve.",This Fixed fund keeps 30.0% in Crypto regardless of changes in market risk. The next-period allocation is 30.0% Crypto and 70.0% stocks.
2023-02-28,2023-03-01,growth_fixed,growth,fixed,0.044675002809092,0.0449970734859114,9.049360146252283,8.25515947467167,,,0.3,0.7,0.2999999999999987,0.7000000000000033,,,"The Crypto risk score was 9.0, but the Growth Fixed fund maintained its pre-set 30.0% Crypto Budget. The portfolio was rebalanced for the next holding period to 30.0% Crypto and 70.0% Equity, while Minimum-CVaR selected the assets within each sleeve.",This Fixed fund keeps 30.0% in Crypto regardless of changes in market risk. The next-period allocation is 30.0% Crypto and 70.0% stocks.
2023-03-31,2023-04-03,growth_fixed,growth,fixed,0.0497258828840727,0.044675002809092,12.088888888888889,9.049360146252283,,,0.3,0.7,0.300000000000001,0.7,,,"The Crypto risk score was 12.1, but the Growth Fixed fund maintained its pre-set 30.0% Crypto Budget. The portfolio was rebalanced for the next holding period to 30.0% Crypto and 70.0% Equity, while Minimum-CVaR selected the assets within each sleeve.",This Fixed fund keeps 30.0% in Crypto regardless of changes in market risk. The next-period allocation is 30.0% Crypto and 70.0% stocks.
2023-04-28,2023-05-01,growth_fixed,growth,fixed,0.05047375546635,0.0497258828840727,14.570685169124022,12.088888888888889,,,0.3,0.7,0.2999999999999991,0.7000000000000295,,,"The Crypto risk score was 14.6, but the Growth Fixed fund maintained its pre-set 30.0% Crypto Budget. The portfolio was rebalanced for the next holding period to 30.0% Crypto and 70.0% Equity, while Minimum-CVaR selected the assets within each sleeve.",This Fixed fund keeps 30.0% in Crypto regardless of changes in market risk. The next-period allocation is 30.0% Crypto and 70.0% stocks.
2023-05-31,2023-06-01,growth_fixed,growth,fixed,0.0375670090484977,0.05047375546635,2.6138279932546373,14.570685169124022,,,0.3,0.7,0.3000000000000012,0.7000000000000007,,,"The Crypto risk score was 2.6, but the Growth Fixed fund maintained its pre-set 30.0% Crypto Budget. The portfolio was rebalanced for the next holding period to 30.0% Crypto and 70.0% Equity, while Minimum-CVaR selected the assets within each sleeve.",This Fixed fund keeps 30.0% in Crypto regardless of changes in market risk. The next-period allocation is 30.0% Crypto and 70.0% stocks.
2023-06-30,2023-07-03,growth_fixed,growth,fixed,0.0485413030948913,0.0375670090484977,14.473684210526317,2.6138279932546373,,,0.3,0.7,0.299999999999999,0.6999999999999993,,,"The Crypto risk score was 14.5, but the Growth Fixed fund maintained its pre-set 30.0% Crypto Budget. The portfolio was rebalanced for the next holding period to 30.0% Crypto and 70.0% Equity, while Minimum-CVaR selected the assets within each sleeve.",This Fixed fund keeps 30.0% in Crypto regardless of changes in market risk. The next-period allocation is 30.0% Crypto and 70.0% stocks.
2023-07-31,2023-08-01,growth_fixed,growth,fixed,0.0536787739702087,0.0485413030948913,23.416198877305533,14.473684210526317,,,0.3,0.7,0.3000000000000004,0.7,,,"The Crypto risk score was 23.4, but the Growth Fixed fund maintained its pre-set 30.0% Crypto Budget. The portfolio was rebalanced for the next holding period to 30.0% Crypto and 70.0% Equity, while Minimum-CVaR selected the assets within each sleeve.",This Fixed fund keeps 30.0% in Crypto regardless of changes in market risk. The next-period allocation is 30.0% Crypto and 70.0% stocks.
2023-08-31,2023-09-01,growth_fixed,growth,fixed,0.0505246989841056,0.0536787739702087,19.483568075117372,23.416198877305533,,,0.3,0.7,0.2999999999999994,0.699999999999995,,,"The Crypto risk score was 19.5, but the Growth Fixed fund maintained its pre-set 30.0% Crypto Budget. The portfolio was rebalanced for the next holding period to 30.0% Crypto and 70.0% Equity, while Minimum-CVaR selected the assets within each sleeve.",This Fixed fund keeps 30.0% in Crypto regardless of changes in market risk. The next-period allocation is 30.0% Crypto and 70.0% stocks.
2023-09-29,2023-10-02,growth_fixed,growth,fixed,0.0440244649195958,0.0505246989841056,9.793420045906656,19.483568075117372,,,0.3,0.7,0.2999999999999994,0.7000000000000018,,,"The Crypto risk score was 9.8, but the Growth Fixed fund maintained its pre-set 30.0% Crypto Budget. The portfolio was rebalanced for the next holding period to 30.0% Crypto and 70.0% Equity, while Minimum-CVaR selected the assets within each sleeve.",This Fixed fund keeps 30.0% in Crypto regardless of changes in market risk. The next-period allocation is 30.0% Crypto and 70.0% stocks.
2023-10-31,2023-11-01,growth_fixed,growth,fixed,0.0236328519184651,0.0440244649195958,0.0746825989544436,9.793420045906656,,,0.3,0.7,0.2999999999999996,0.7,,,"The Crypto risk score was 0.1, but the Growth Fixed fund maintained its pre-set 30.0% Crypto Budget. The portfolio was rebalanced for the next holding period to 30.0% Crypto and 70.0% Equity, while Minimum-CVaR selected the assets within each sleeve.",This Fixed fund keeps 30.0% in Crypto regardless of changes in market risk. The next-period allocation is 30.0% Crypto and 70.0% stocks.
2023-11-30,2023-12-01,growth_fixed,growth,fixed,0.0326788061359547,0.0236328519184651,3.6523009495982466,0.0746825989544436,,,0.3,0.7,0.3,0.6999999999999993,,,"The Crypto risk score was 3.7, but the Growth Fixed fund maintained its pre-set 30.0% Crypto Budget. The portfolio was rebalanced for the next holding period to 30.0% Crypto and 70.0% Equity, while Minimum-CVaR selected the assets within each sleeve.",This Fixed fund keeps 30.0% in Crypto regardless of changes in market risk. The next-period allocation is 30.0% Crypto and 70.0% stocks.
