date,fund,profile,gross_return,turnover,transaction_cost,net_return,target_crypto_budget,target_equity_budget
2021-01-04,balanced_raw_adaptive,balanced,0.0082307574618767591,0,0,0.0082307574618767591,0.079508196721311403,0.92049180327868863
2021-01-05,balanced_raw_adaptive,balanced,0.0045172349482600288,0,0,0.0045172349482600288,0.079508196721311403,0.92049180327868863
2021-01-06,balanced_raw_adaptive,balanced,0.016517677425768824,0,0,0.016517677425768824,0.079508196721311403,0.92049180327868863
2021-01-07,balanced_raw_adaptive,balanced,0.012505343981372936,0,0,0.012505343981372936,0.079508196721311403,0.92049180327868863
2021-01-08,balanced_raw_adaptive,balanced,-0.0031663430221514919,0,0,-0.0031663430221514919,0.079508196721311403,0.92049180327868863
2021-01-11,balanced_raw_adaptive,balanced,-0.012453860817503501,0,0,-0.012453860817503501,0.079508196721311403,0.92049180327868863
2021-01-12,balanced_raw_adaptive,balanced,-0.011287191234189526,0,0,-0.011287191234189526,0.079508196721311403,0.92049180327868863
2021-01-13,balanced_raw_adaptive,balanced,0.0017693127972881538,0,0,0.0017693127972881538,0.079508196721311403,0.92049180327868863
2021-01-14,balanced_raw_adaptive,balanced,0.0040153876559669861,0,0,0.0040153876559669861,0.079508196721311403,0.92049180327868863
2021-01-15,balanced_raw_adaptive,balanced,-0.0043269249764573111,0,0,-0.0043269249764573111,0.079508196721311403,0.92049180327868863
2021-01-19,balanced_raw_adaptive,balanced,0.012100341230098878,0,0,0.012100341230098878,0.079508196721311403,0.92049180327868863
2021-01-20,balanced_raw_adaptive,balanced,0.014060360587205915,0,0,0.014060360587205915,0.079508196721311403,0.92049180327868863
2021-01-21,balanced_raw_adaptive,balanced,-0.021865219467347818,0,0,-0.021865219467347818,0.079508196721311403,0.92049180327868863
2021-01-22,balanced_raw_adaptive,balanced,0.0031222061852975262,0,0,0.0031222061852975262,0.079508196721311403,0.92049180327868863
2021-01-25,balanced_raw_adaptive,balanced,0.00070296068545956528,0,0,0.00070296068545956528,0.079508196721311403,0.92049180327868863
2021-01-26,balanced_raw_adaptive,balanced,-0.0093277423792834623,0,0,-0.0093277423792834623,0.079508196721311403,0.92049180327868863
2021-01-27,balanced_raw_adaptive,balanced,-0.033526991987604379,0,0,-0.033526991987604379,0.079508196721311403,0.92049180327868863
2021-01-28,balanced_raw_adaptive,balanced,0.012496171953085784,0,0,0.012496171953085784,0.079508196721311403,0.92049180327868863
2021-01-29,balanced_raw_adaptive,balanced,-0.0020451259980292665,0,0,-0.0020451259980292665,0.079508196721311403,0.92049180327868863
2021-02-01,balanced_raw_adaptive,balanced,0.00223715842719357,0.1525898429499345,0.0001525898429499345,0.0020845685842436354,0.078742514970059796,0.9212574850299402
2021-02-02,balanced_raw_adaptive,balanced,0.011561428150050405,0,0,0.011561428150050405,0.078742514970059796,0.9212574850299402
2021-02-03,balanced_raw_adaptive,balanced,-0.0036518597917459756,0,0,-0.0036518597917459756,0.078742514970059796,0.9212574850299402
2021-02-04,balanced_raw_adaptive,balanced,-0.0044354380512636156,0,0,-0.0044354380512636156,0.078742514970059796,0.9212574850299402
2021-02-05,balanced_raw_adaptive,balanced,0.023449701583385506,0,0,0.023449701583385506,0.078742514970059796,0.9212574850299402
2021-02-08,balanced_raw_adaptive,balanced,0.014373267442371723,0,0,0.014373267442371723,0.078742514970059796,0.9212574850299402
2021-02-09,balanced_raw_adaptive,balanced,-0.0051508282017277314,0,0,-0.0051508282017277314,0.078742514970059796,0.9212574850299402
2021-02-10,balanced_raw_adaptive,balanced,-0.0043922583685339417,0,0,-0.0043922583685339417,0.078742514970059796,0.9212574850299402
2021-02-11,balanced_raw_adaptive,balanced,0.0042103152680106823,0,0,0.0042103152680106823,0.078742514970059796,0.9212574850299402
2021-02-12,balanced_raw_adaptive,balanced,0.0093145906133210044,0,0,0.0093145906133210044,0.078742514970059796,0.9212574850299402
2021-02-16,balanced_raw_adaptive,balanced,-0.010359530951497012,0,0,-0.010359530951497012,0.078742514970059796,0.9212574850299402
2021-02-17,balanced_raw_adaptive,balanced,0.0079491637316857558,0,0,0.0079491637316857558,0.078742514970059796,0.9212574850299402
2021-02-18,balanced_raw_adaptive,balanced,-0.0075967058160542689,0,0,-0.0075967058160542689,0.078742514970059796,0.9212574850299402
2021-02-19,balanced_raw_adaptive,balanced,0.000766434238630983,0,0,0.000766434238630983,0.078742514970059796,0.9212574850299402
2021-02-22,balanced_raw_adaptive,balanced,-0.01192871756889134,0,0,-0.01192871756889134,0.078742514970059796,0.9212574850299402
2021-02-23,balanced_raw_adaptive,balanced,-0.02843546029698174,0,0,-0.02843546029698174,0.078742514970059796,0.9212574850299402
2021-02-24,balanced_raw_adaptive,balanced,0.0037194475271962865,0,0,0.0037194475271962865,0.078742514970059796,0.9212574850299402
2021-02-25,balanced_raw_adaptive,balanced,-0.015269734879801586,0,0,-0.015269734879801586,0.078742514970059796,0.9212574850299402
2021-02-26,balanced_raw_adaptive,balanced,-0.016874977219425467,0,0,-0.016874977219425467,0.078742514970059796,0.9212574850299402
2021-03-01,balanced_raw_adaptive,balanced,0.01377304134335469,0.087294481627217688,8.729448162721769e-05,0.013685746861727473,0.085635359116022006,0.91436464088397795
2021-03-02,balanced_raw_adaptive,balanced,0.0045769307410314904,0,0,0.0045769307410314904,0.085635359116022006,0.91436464088397795
2021-03-03,balanced_raw_adaptive,balanced,-0.0071372820583899196,0,0,-0.0071372820583899196,0.085635359116022006,0.91436464088397795
2021-03-04,balanced_raw_adaptive,balanced,-0.0067535611641905977,0,0,-0.0067535611641905977,0.085635359116022006,0.91436464088397795
2021-03-05,balanced_raw_adaptive,balanced,0.0098988485903897007,0,0,0.0098988485903897007,0.085635359116022006,0.91436464088397795
2021-03-08,balanced_raw_adaptive,balanced,-0.0012948946662005396,0,0,-0.0012948946662005396,0.085635359116022006,0.91436464088397795
2021-03-09,balanced_raw_adaptive,balanced,0.0099165507040832705,0,0,0.0099165507040832705,0.085635359116022006,0.91436464088397795
2021-03-10,balanced_raw_adaptive,balanced,0.0030929427019449935,0,0,0.0030929427019449935,0.085635359116022006,0.91436464088397795
2021-03-11,balanced_raw_adaptive,balanced,0.0020299601803058002,0,0,0.0020299601803058002,0.085635359116022006,0.91436464088397795
2021-03-12,balanced_raw_adaptive,balanced,0.0021914244703558753,0,0,0.0021914244703558753,0.085635359116022006,0.91436464088397795
2021-03-15,balanced_raw_adaptive,balanced,0.011898030853534436,0,0,0.011898030853534436,0.085635359116022006,0.91436464088397795
2021-03-16,balanced_raw_adaptive,balanced,0.0092863943484798386,0,0,0.0092863943484798386,0.085635359116022006,0.91436464088397795
2021-03-17,balanced_raw_adaptive,balanced,0.0029242027178161345,0,0,0.0029242027178161345,0.085635359116022006,0.91436464088397795
2021-03-18,balanced_raw_adaptive,balanced,-0.0065415809782660515,0,0,-0.0065415809782660515,0.085635359116022006,0.91436464088397795
2021-03-19,balanced_raw_adaptive,balanced,0.004177440220606443,0,0,0.004177440220606443,0.085635359116022006,0.91436464088397795
2021-03-22,balanced_raw_adaptive,balanced,-0.00030908193115774835,0,0,-0.00030908193115774835,0.085635359116022006,0.91436464088397795
2021-03-23,balanced_raw_adaptive,balanced,-0.00353857480057021,0,0,-0.00353857480057021,0.085635359116022006,0.91436464088397795
2021-03-24,balanced_raw_adaptive,balanced,-0.0086988835733344382,0,0,-0.0086988835733344382,0.085635359116022006,0.91436464088397795
2021-03-25,balanced_raw_adaptive,balanced,-0.00036348329803745691,0,0,-0.00036348329803745691,0.085635359116022006,0.91436464088397795
2021-03-26,balanced_raw_adaptive,balanced,0.024880958264945005,0,0,0.024880958264945005,0.085635359116022006,0.91436464088397795
2021-03-29,balanced_raw_adaptive,balanced,0.013394437588027981,0,0,0.013394437588027981,0.085635359116022006,0.91436464088397795
2021-03-30,balanced_raw_adaptive,balanced,-0.0094873572478133515,0,0,-0.0094873572478133515,0.085635359116022006,0.91436464088397795
2021-03-31,balanced_raw_adaptive,balanced,0.0094413602140765891,0,0,0.0094413602140765891,0.085635359116022006,0.91436464088397795
2021-04-01,balanced_raw_adaptive,balanced,0.0094187611985933912,0.51435599350144035,0.00051435599350144038,0.008904405205091951,0.13468354430379739,0.86531645569620264
2021-04-05,balanced_raw_adaptive,balanced,0.017630285380883869,0,0,0.017630285380883869,0.13468354430379739,0.86531645569620264
2021-04-06,balanced_raw_adaptive,balanced,0.0019145433611294925,0,0,0.0019145433611294925,0.13468354430379739,0.86531645569620264
2021-04-07,balanced_raw_adaptive,balanced,-0.008691016000534825,0,0,-0.008691016000534825,0.13468354430379739,0.86531645569620264
2021-04-08,balanced_raw_adaptive,balanced,0.0077196793357340882,0,0,0.0077196793357340882,0.13468354430379739,0.86531645569620264
2021-04-09,balanced_raw_adaptive,balanced,-0.00097972418569141988,0,0,-0.00097972418569141988,0.13468354430379739,0.86531645569620264
2021-04-12,balanced_raw_adaptive,balanced,0.0010350814924794667,0,0,0.0010350814924794667,0.13468354430379739,0.86531645569620264
2021-04-13,balanced_raw_adaptive,balanced,0.01436153024486133,0,0,0.01436153024486133,0.13468354430379739,0.86531645569620264
2021-04-14,balanced_raw_adaptive,balanced,0.00022779422398439355,0,0,0.00022779422398439355,0.13468354430379739,0.86531645569620264
2021-04-15,balanced_raw_adaptive,balanced,0.020061747750919713,0,0,0.020061747750919713,0.13468354430379739,0.86531645569620264
2021-04-16,balanced_raw_adaptive,balanced,0.010737464460367564,0,0,0.010737464460367564,0.13468354430379739,0.86531645569620264
2021-04-19,balanced_raw_adaptive,balanced,-0.012674837396894668,0,0,-0.012674837396894668,0.13468354430379739,0.86531645569620264
2021-04-20,balanced_raw_adaptive,balanced,0.0067868686974593313,0,0,0.0067868686974593313,0.13468354430379739,0.86531645569620264
2021-04-21,balanced_raw_adaptive,balanced,-0.0027483912615638168,0,0,-0.0027483912615638168,0.13468354430379739,0.86531645569620264
2021-04-22,balanced_raw_adaptive,balanced,-0.0044943163850166123,0,0,-0.0044943163850166123,0.13468354430379739,0.86531645569620264
2021-04-23,balanced_raw_adaptive,balanced,-0.0012705123492424098,0,0,-0.0012705123492424098,0.13468354430379739,0.86531645569620264
2021-04-26,balanced_raw_adaptive,balanced,0.014367785350202812,0,0,0.014367785350202812,0.13468354430379739,0.86531645569620264
2021-04-27,balanced_raw_adaptive,balanced,0.0029190137346533098,0,0,0.0029190137346533098,0.13468354430379739,0.86531645569620264
2021-04-28,balanced_raw_adaptive,balanced,0.0011997121415760585,0,0,0.0011997121415760585,0.13468354430379739,0.86531645569620264
2021-04-29,balanced_raw_adaptive,balanced,0.0084740639545592585,0,0,0.0084740639545592585,0.13468354430379739,0.86531645569620264
2021-04-30,balanced_raw_adaptive,balanced,0.0087674506750412586,0,0,0.0087674506750412586,0.13468354430379739,0.86531645569620264
2021-05-03,balanced_raw_adaptive,balanced,0.016531504752546982,0.21638503386198354,0.00021638503386198354,0.016315119718685,0.14776470588235291,0.85223529411764709
2021-05-04,balanced_raw_adaptive,balanced,-0.004360992486536,0,0,-0.004360992486536,0.14776470588235291,0.85223529411764709
2021-05-05,balanced_raw_adaptive,balanced,0.031537273407533872,0,0,0.031537273407533872,0.14776470588235291,0.85223529411764709
2021-05-06,balanced_raw_adaptive,balanced,0.03437937936830926,0,0,0.03437937936830926,0.14776470588235291,0.85223529411764709
2021-05-07,balanced_raw_adaptive,balanced,-0.007653757571452517,0,0,-0.007653757571452517,0.14776470588235291,0.85223529411764709
2021-05-10,balanced_raw_adaptive,balanced,-0.0076866771761191091,0,0,-0.0076866771761191091,0.14776470588235291,0.85223529411764709
2021-05-11,balanced_raw_adaptive,balanced,0.023052813217187315,0,0,0.023052813217187315,0.14776470588235291,0.85223529411764709
2021-05-12,balanced_raw_adaptive,balanced,-0.055729458078102256,0,0,-0.055729458078102256,0.14776470588235291,0.85223529411764709
2021-05-13,balanced_raw_adaptive,balanced,0.020373107781984291,0,0,0.020373107781984291,0.14776470588235291,0.85223529411764709
2021-05-14,balanced_raw_adaptive,balanced,0.016940691811216234,0,0,0.016940691811216234,0.14776470588235291,0.85223529411764709
2021-05-17,balanced_raw_adaptive,balanced,-0.012874486210053432,0,0,-0.012874486210053432,0.14776470588235291,0.85223529411764709
2021-05-18,balanced_raw_adaptive,balanced,0.0030750222164723931,0,0,0.0030750222164723931,0.14776470588235291,0.85223529411764709
2021-05-19,balanced_raw_adaptive,balanced,-0.05450733860269566,0,0,-0.05450733860269566,0.14776470588235291,0.85223529411764709
2021-05-20,balanced_raw_adaptive,balanced,0.028874117239294374,0,0,0.028874117239294374,0.14776470588235291,0.85223529411764709
2021-05-21,balanced_raw_adaptive,balanced,-0.02138191101567246,0,0,-0.02138191101567246,0.14776470588235291,0.85223529411764709
2021-05-24,balanced_raw_adaptive,balanced,0.034094221218993415,0,0,0.034094221218993415,0.14776470588235291,0.85223529411764709
2021-05-25,balanced_raw_adaptive,balanced,0.00027112272287040193,0,0,0.00027112272287040193,0.14776470588235291,0.85223529411764709
2021-05-26,balanced_raw_adaptive,balanced,0.012306865782040322,0,0,0.012306865782040322,0.14776470588235291,0.85223529411764709
2021-05-27,balanced_raw_adaptive,balanced,-0.0078230960041218,0,0,-0.0078230960041218,0.14776470588235291,0.85223529411764709
2021-05-28,balanced_raw_adaptive,balanced,-0.014261434345477617,0,0,-0.014261434345477617,0.14776470588235291,0.85223529411764709
2021-06-01,balanced_raw_adaptive,balanced,-0.0031152938338268447,0.26215255356372558,0.0002621525535637256,-0.0033774463873905702,0.059933774834437098,0.94006622516556293
2021-06-02,balanced_raw_adaptive,balanced,0.0041230155243534364,0,0,0.0041230155243534364,0.059933774834437098,0.94006622516556293
2021-06-03,balanced_raw_adaptive,balanced,0.006611258378530464,0,0,0.006611258378530464,0.059933774834437098,0.94006622516556293
2021-06-04,balanced_raw_adaptive,balanced,-0.00099700495859806042,0,0,-0.00099700495859806042,0.059933774834437098,0.94006622516556293
2021-06-07,balanced_raw_adaptive,balanced,-0.0037995920110666642,0,0,-0.0037995920110666642,0.059933774834437098,0.94006622516556293
2021-06-08,balanced_raw_adaptive,balanced,-0.0047812719626911153,0,0,-0.0047812719626911153,0.059933774834437098,0.94006622516556293
2021-06-09,balanced_raw_adaptive,balanced,0.0052144266032067114,0,0,0.0052144266032067114,0.059933774834437098,0.94006622516556293
2021-06-10,balanced_raw_adaptive,balanced,0.0018101115305509616,0,0,0.0018101115305509616,0.059933774834437098,0.94006622516556293
2021-06-11,balanced_raw_adaptive,balanced,-0.00051424802499468159,0,0,-0.00051424802499468159,0.059933774834437098,0.94006622516556293
2021-06-14,balanced_raw_adaptive,balanced,0.0015388740282624041,0,0,0.0015388740282624041,0.059933774834437098,0.94006622516556293
2021-06-15,balanced_raw_adaptive,balanced,-0.00060950805244187661,0,0,-0.00060950805244187661,0.059933774834437098,0.94006622516556293
2021-06-16,balanced_raw_adaptive,balanced,-0.015260660660288717,0,0,-0.015260660660288717,0.059933774834437098,0.94006622516556293
2021-06-17,balanced_raw_adaptive,balanced,0.0023215326762530313,0,0,0.0023215326762530313,0.059933774834437098,0.94006622516556293
2021-06-18,balanced_raw_adaptive,balanced,-0.015523034301382506,0,0,-0.015523034301382506,0.059933774834437098,0.94006622516556293
2021-06-21,balanced_raw_adaptive,balanced,0.0043152285326139538,0,0,0.0043152285326139538,0.059933774834437098,0.94006622516556293
2021-06-22,balanced_raw_adaptive,balanced,-0.0021833009263084865,0,0,-0.0021833009263084865,0.059933774834437098,0.94006622516556293
2021-06-23,balanced_raw_adaptive,balanced,-0.0032706963209824767,0,0,-0.0032706963209824767,0.059933774834437098,0.94006622516556293
2021-06-24,balanced_raw_adaptive,balanced,0.0040971214449773523,0,0,0.0040971214449773523,0.059933774834437098,0.94006622516556293
2021-06-25,balanced_raw_adaptive,balanced,0.013770625603980555,0,0,0.013770625603980555,0.059933774834437098,0.94006622516556293
2021-06-28,balanced_raw_adaptive,balanced,0.001013307782671499,0,0,0.001013307782671499,0.059933774834437098,0.94006622516556293
2021-06-29,balanced_raw_adaptive,balanced,-0.0019995925479135077,0,0,-0.0019995925479135077,0.059933774834437098,0.94006622516556293
2021-06-30,balanced_raw_adaptive,balanced,0.0065544616450041691,0,0,0.0065544616450041691,0.059933774834437098,0.94006622516556293
2021-07-01,balanced_raw_adaptive,balanced,0.0027392410228325691,0.3126394376873568,0.00031263943768735682,0.0024266015851452123,0.050000000000000003,0.94999999999999996
2021-07-02,balanced_raw_adaptive,balanced,0.0051125177857350166,0,0,0.0051125177857350166,0.050000000000000003,0.94999999999999996
2021-07-06,balanced_raw_adaptive,balanced,-0.00034063492249934322,0,0,-0.00034063492249934322,0.050000000000000003,0.94999999999999996
2021-07-07,balanced_raw_adaptive,balanced,0.002135209000130053,0,0,0.002135209000130053,0.050000000000000003,0.94999999999999996
2021-07-08,balanced_raw_adaptive,balanced,-0.0081082953635643364,0,0,-0.0081082953635643364,0.050000000000000003,0.94999999999999996
2021-07-09,balanced_raw_adaptive,balanced,0.0083200444630815162,0,0,0.0083200444630815162,0.050000000000000003,0.94999999999999996
2021-07-12,balanced_raw_adaptive,balanced,0.0017367338266231381,0,0,0.0017367338266231381,0.050000000000000003,0.94999999999999996
2021-07-13,balanced_raw_adaptive,balanced,-0.0036335421560634174,0,0,-0.0036335421560634174,0.050000000000000003,0.94999999999999996
2021-07-14,balanced_raw_adaptive,balanced,0.0037333110555900699,0,0,0.0037333110555900699,0.050000000000000003,0.94999999999999996
2021-07-15,balanced_raw_adaptive,balanced,0.0025605020247995978,0,0,0.0025605020247995978,0.050000000000000003,0.94999999999999996
2021-07-16,balanced_raw_adaptive,balanced,-0.00043741367910410839,0,0,-0.00043741367910410839,0.050000000000000003,0.94999999999999996
2021-07-19,balanced_raw_adaptive,balanced,-0.012165357428282442,0,0,-0.012165357428282442,0.050000000000000003,0.94999999999999996
2021-07-20,balanced_raw_adaptive,balanced,0.0037712829179787615,0,0,0.0037712829179787615,0.050000000000000003,0.94999999999999996
2021-07-21,balanced_raw_adaptive,balanced,0.00019659929671364182,0,0,0.00019659929671364182,0.050000000000000003,0.94999999999999996
2021-07-22,balanced_raw_adaptive,balanced,0.0033247217745233544,0,0,0.0033247217745233544,0.050000000000000003,0.94999999999999996
2021-07-23,balanced_raw_adaptive,balanced,0.012625207179064646,0,0,0.012625207179064646,0.050000000000000003,0.94999999999999996
2021-07-26,balanced_raw_adaptive,balanced,0.0013227399066775088,0,0,0.0013227399066775088,0.050000000000000003,0.94999999999999996
2021-07-27,balanced_raw_adaptive,balanced,0.0029404230193220775,0,0,0.0029404230193220775,0.050000000000000003,0.94999999999999996
2021-07-28,balanced_raw_adaptive,balanced,0.00023682480022056316,0,0,0.00023682480022056316,0.050000000000000003,0.94999999999999996
2021-07-29,balanced_raw_adaptive,balanced,0.0032364050672990469,0,0,0.0032364050672990469,0.050000000000000003,0.94999999999999996
2021-07-30,balanced_raw_adaptive,balanced,-0.0015490165322917674,0,0,-0.0015490165322917674,0.050000000000000003,0.94999999999999996
2021-08-02,balanced_raw_adaptive,balanced,0.0014928072456302322,0.10788289816265675,0.00010788289816265675,0.0013849243474675754,0.10988372093023251,0.89011627906976754
2021-08-03,balanced_raw_adaptive,balanced,0.0037146944511761088,0,0,0.0037146944511761088,0.10988372093023251,0.89011627906976754
2021-08-04,balanced_raw_adaptive,balanced,0.00034908138058248312,0,0,0.00034908138058248312,0.10988372093023251,0.89011627906976754
2021-08-05,balanced_raw_adaptive,balanced,0.0059234928055968252,0,0,0.0059234928055968252,0.10988372093023251,0.89011627906976754
2021-08-06,balanced_raw_adaptive,balanced,2.0631604588476355e-06,0,0,2.0631604588476355e-06,0.10988372093023251,0.89011627906976754
2021-08-09,balanced_raw_adaptive,balanced,0.0073188190101967712,0,0,0.0073188190101967712,0.10988372093023251,0.89011627906976754
2021-08-10,balanced_raw_adaptive,balanced,0.0074727935320996622,0,0,0.0074727935320996622,0.10988372093023251,0.89011627906976754
2021-08-11,balanced_raw_adaptive,balanced,0.012539268963190516,0,0,0.012539268963190516,0.10988372093023251,0.89011627906976754
2021-08-12,balanced_raw_adaptive,balanced,0.00077858925945980693,0,0,0.00077858925945980693,0.10988372093023251,0.89011627906976754
2021-08-13,balanced_raw_adaptive,balanced,0.016129815035850262,0,0,0.016129815035850262,0.10988372093023251,0.89011627906976754
2021-08-16,balanced_raw_adaptive,balanced,0.0012857246925877064,0,0,0.0012857246925877064,0.10988372093023251,0.89011627906976754
2021-08-17,balanced_raw_adaptive,balanced,-0.0069752252660656077,0,0,-0.0069752252660656077,0.10988372093023251,0.89011627906976754
2021-08-18,balanced_raw_adaptive,balanced,-0.0054919639606128192,0,0,-0.0054919639606128192,0.10988372093023251,0.89011627906976754
2021-08-19,balanced_raw_adaptive,balanced,0.0089949509776556542,0,0,0.0089949509776556542,0.10988372093023251,0.89011627906976754
2021-08-20,balanced_raw_adaptive,balanced,0.011214942442773318,0,0,0.011214942442773318,0.10988372093023251,0.89011627906976754
2021-08-23,balanced_raw_adaptive,balanced,0.0026428436145264386,0,0,0.0026428436145264386,0.10988372093023251,0.89011627906976754
2021-08-24,balanced_raw_adaptive,balanced,-0.012944438117413803,0,0,-0.012944438117413803,0.10988372093023251,0.89011627906976754
2021-08-25,balanced_raw_adaptive,balanced,0.00059264990180344463,0,0,0.00059264990180344463,0.10988372093023251,0.89011627906976754
2021-08-26,balanced_raw_adaptive,balanced,-0.011534616940066147,0,0,-0.011534616940066147,0.10988372093023251,0.89011627906976754
2021-08-27,balanced_raw_adaptive,balanced,0.013106153993003664,0,0,0.013106153993003664,0.10988372093023251,0.89011627906976754
2021-08-30,balanced_raw_adaptive,balanced,0.00015864587404298714,0,0,0.00015864587404298714,0.10988372093023251,0.89011627906976754
2021-08-31,balanced_raw_adaptive,balanced,0.0053399798609167345,0,0,0.0053399798609167345,0.10988372093023251,0.89011627906976754
2021-09-01,balanced_raw_adaptive,balanced,0.013740008917076696,0.036575252330733547,3.6575252330733546e-05,0.013703433664745962,0.17563868613138681,0.82436131386861322
2021-09-02,balanced_raw_adaptive,balanced,0.0081715509003748264,0,0,0.0081715509003748264,0.17563868613138681,0.82436131386861322
2021-09-03,balanced_raw_adaptive,balanced,0.0063711433858804414,0,0,0.0063711433858804414,0.17563868613138681,0.82436131386861322
2021-09-07,balanced_raw_adaptive,balanced,-0.037888546071311868,0,0,-0.037888546071311868,0.17563868613138681,0.82436131386861322
2021-09-08,balanced_raw_adaptive,balanced,0.0044580143274513097,0,0,0.0044580143274513097,0.17563868613138681,0.82436131386861322
2021-09-09,balanced_raw_adaptive,balanced,-0.0050420566750658058,0,0,-0.0050420566750658058,0.17563868613138681,0.82436131386861322
2021-09-10,balanced_raw_adaptive,balanced,-0.0072181870439434756,0,0,-0.0072181870439434756,0.17563868613138681,0.82436131386861322
2021-09-13,balanced_raw_adaptive,balanced,-0.0082823342348667395,0,0,-0.0082823342348667395,0.17563868613138681,0.82436131386861322
2021-09-14,balanced_raw_adaptive,balanced,0.0031132838080527286,0,0,0.0031132838080527286,0.17563868613138681,0.82436131386861322
2021-09-15,balanced_raw_adaptive,balanced,0.0060958833196906523,0,0,0.0060958833196906523,0.17563868613138681,0.82436131386861322
2021-09-16,balanced_raw_adaptive,balanced,-0.0079609186533133054,0,0,-0.0079609186533133054,0.17563868613138681,0.82436131386861322
2021-09-17,balanced_raw_adaptive,balanced,-0.016405979270265041,0,0,-0.016405979270265041,0.17563868613138681,0.82436131386861322
2021-09-20,balanced_raw_adaptive,balanced,-0.025153945772047374,0,0,-0.025153945772047374,0.17563868613138681,0.82436131386861322
2021-09-21,balanced_raw_adaptive,balanced,-0.010196639927047222,0,0,-0.010196639927047222,0.17563868613138681,0.82436131386861322
2021-09-22,balanced_raw_adaptive,balanced,0.016093050253383791,0,0,0.016093050253383791,0.17563868613138681,0.82436131386861322
2021-09-23,balanced_raw_adaptive,balanced,0.0060869083240954608,0,0,0.0060869083240954608,0.17563868613138681,0.82436131386861322
2021-09-24,balanced_raw_adaptive,balanced,-0.016128645068186627,0,0,-0.016128645068186627,0.17563868613138681,0.82436131386861322
2021-09-27,balanced_raw_adaptive,balanced,-0.010390432921472917,0,0,-0.010390432921472917,0.17563868613138681,0.82436131386861322
2021-09-28,balanced_raw_adaptive,balanced,-0.011986528254246622,0,0,-0.011986528254246622,0.17563868613138681,0.82436131386861322
2021-09-29,balanced_raw_adaptive,balanced,0.011934024131540906,0,0,0.011934024131540906,0.17563868613138681,0.82436131386861322
2021-09-30,balanced_raw_adaptive,balanced,-0.00091899949293993354,0,0,-0.00091899949293993354,0.17563868613138681,0.82436131386861322
2021-10-01,balanced_raw_adaptive,balanced,0.013964954843023836,0.32435581315707795,0.00032435581315707793,0.013640599029866758,0.1052768166089965,0.89472318339100354
2021-10-04,balanced_raw_adaptive,balanced,-0.0026514775404711576,0,0,-0.0026514775404711576,0.1052768166089965,0.89472318339100354
2021-10-05,balanced_raw_adaptive,balanced,0.010379289079783922,0,0,0.010379289079783922,0.1052768166089965,0.89472318339100354
2021-10-06,balanced_raw_adaptive,balanced,0.0034634831830158003,0,0,0.0034634831830158003,0.1052768166089965,0.89472318339100354
2021-10-07,balanced_raw_adaptive,balanced,0.0069114652101120166,0,0,0.0069114652101120166,0.1052768166089965,0.89472318339100354
2021-10-08,balanced_raw_adaptive,balanced,-0.0030145913312065323,0,0,-0.0030145913312065323,0.1052768166089965,0.89472318339100354
2021-10-11,balanced_raw_adaptive,balanced,-0.0047647366685419548,0,0,-0.0047647366685419548,0.1052768166089965,0.89472318339100354
2021-10-12,balanced_raw_adaptive,balanced,-0.0010184703390443903,0,0,-0.0010184703390443903,0.1052768166089965,0.89472318339100354
2021-10-13,balanced_raw_adaptive,balanced,0.0066842696764782177,0,0,0.0066842696764782177,0.1052768166089965,0.89472318339100354
2021-10-14,balanced_raw_adaptive,balanced,0.0080723818867031311,0,0,0.0080723818867031311,0.1052768166089965,0.89472318339100354
2021-10-15,balanced_raw_adaptive,balanced,0.0065398671053928511,0,0,0.0065398671053928511,0.1052768166089965,0.89472318339100354
2021-10-18,balanced_raw_adaptive,balanced,-0.0036477092153676355,0,0,-0.0036477092153676355,0.1052768166089965,0.89472318339100354
2021-10-19,balanced_raw_adaptive,balanced,0.0081779762306111552,0,0,0.0081779762306111552,0.1052768166089965,0.89472318339100354
2021-10-20,balanced_raw_adaptive,balanced,0.014937702366034701,0,0,0.014937702366034701,0.1052768166089965,0.89472318339100354
2021-10-21,balanced_raw_adaptive,balanced,0.0015145384693983999,0,0,0.0015145384693983999,0.1052768166089965,0.89472318339100354
2021-10-22,balanced_raw_adaptive,balanced,0.00054356385242478565,0,0,0.00054356385242478565,0.1052768166089965,0.89472318339100354
2021-10-25,balanced_raw_adaptive,balanced,0.0076856361480790369,0,0,0.0076856361480790369,0.1052768166089965,0.89472318339100354
2021-10-26,balanced_raw_adaptive,balanced,0.0036124044075836509,0,0,0.0036124044075836509,0.1052768166089965,0.89472318339100354
2021-10-27,balanced_raw_adaptive,balanced,-0.016986673047452383,0,0,-0.016986673047452383,0.1052768166089965,0.89472318339100354
2021-10-28,balanced_raw_adaptive,balanced,0.015005674859873331,0,0,0.015005674859873331,0.1052768166089965,0.89472318339100354
2021-10-29,balanced_raw_adaptive,balanced,-0.0021721193521930804,0,0,-0.0021721193521930804,0.1052768166089965,0.89472318339100354
2021-11-01,balanced_raw_adaptive,balanced,0.00054718738278264508,0.29225075147671498,0.00029225075147671498,0.0002549366313059301,0.10881383855024709,0.89118616144975293
2021-11-02,balanced_raw_adaptive,balanced,0.0075366150764216659,0,0,0.0075366150764216659,0.10881383855024709,0.89118616144975293
2021-11-03,balanced_raw_adaptive,balanced,0.0059350619149919721,0,0,0.0059350619149919721,0.10881383855024709,0.89118616144975293
2021-11-04,balanced_raw_adaptive,balanced,-5.6954469593445791e-05,0,0,-5.6954469593445791e-05,0.10881383855024709,0.89118616144975293
2021-11-05,balanced_raw_adaptive,balanced,-0.010352983220144397,0,0,-0.010352983220144397,0.10881383855024709,0.89118616144975293
2021-11-08,balanced_raw_adaptive,balanced,0.007587199821642924,0,0,0.007587199821642924,0.10881383855024709,0.89118616144975293
2021-11-09,balanced_raw_adaptive,balanced,0.011137693224098079,0,0,0.011137693224098079,0.10881383855024709,0.89118616144975293
2021-11-10,balanced_raw_adaptive,balanced,-0.002764358508235267,0,0,-0.002764358508235267,0.10881383855024709,0.89118616144975293
2021-11-11,balanced_raw_adaptive,balanced,0.0026125256330843593,0,0,0.0026125256330843593,0.10881383855024709,0.89118616144975293
2021-11-12,balanced_raw_adaptive,balanced,0.0033645381894916457,0,0,0.0033645381894916457,0.10881383855024709,0.89118616144975293
2021-11-15,balanced_raw_adaptive,balanced,-0.0035157428312060542,0,0,-0.0035157428312060542,0.10881383855024709,0.89118616144975293
2021-11-16,balanced_raw_adaptive,balanced,-0.011870998065970259,0,0,-0.011870998065970259,0.10881383855024709,0.89118616144975293
2021-11-17,balanced_raw_adaptive,balanced,-0.0049973182280411759,0,0,-0.0049973182280411759,0.10881383855024709,0.89118616144975293
2021-11-18,balanced_raw_adaptive,balanced,-0.010231950762961619,0,0,-0.010231950762961619,0.10881383855024709,0.89118616144975293
2021-11-19,balanced_raw_adaptive,balanced,0.0011421172191860337,0,0,0.0011421172191860337,0.10881383855024709,0.89118616144975293
2021-11-22,balanced_raw_adaptive,balanced,-0.004319862704550999,0,0,-0.004319862704550999,0.10881383855024709,0.89118616144975293
2021-11-23,balanced_raw_adaptive,balanced,0.0060319299662119595,0,0,0.0060319299662119595,0.10881383855024709,0.89118616144975293
2021-11-24,balanced_raw_adaptive,balanced,-0.0040123756729095851,0,0,-0.0040123756729095851,0.10881383855024709,0.89118616144975293
2021-11-26,balanced_raw_adaptive,balanced,-0.020873996529741243,0,0,-0.020873996529741243,0.10881383855024709,0.89118616144975293
2021-11-29,balanced_raw_adaptive,balanced,0.0088294722968106157,0,0,0.0088294722968106157,0.10881383855024709,0.89118616144975293
2021-11-30,balanced_raw_adaptive,balanced,-0.015082036810701164,0,0,-0.015082036810701164,0.10881383855024709,0.89118616144975293
2021-12-01,balanced_raw_adaptive,balanced,-0.0052886261079128291,0.3519095387320299,0.00035190953873202993,-0.0056405356466448587,0.15586854460093891,0.84413145539906109
2021-12-02,balanced_raw_adaptive,balanced,0.020489345656255469,0,0,0.020489345656255469,0.15586854460093891,0.84413145539906109
2021-12-03,balanced_raw_adaptive,balanced,-0.0045011617476862983,0,0,-0.0045011617476862983,0.15586854460093891,0.84413145539906109
2021-12-06,balanced_raw_adaptive,balanced,0.011812113677600893,0,0,0.011812113677600893,0.15586854460093891,0.84413145539906109
2021-12-07,balanced_raw_adaptive,balanced,0.0020871674096989835,0,0,0.0020871674096989835,0.15586854460093891,0.84413145539906109
2021-12-08,balanced_raw_adaptive,balanced,0.005852877701618556,0,0,0.005852877701618556,0.15586854460093891,0.84413145539906109
2021-12-09,balanced_raw_adaptive,balanced,-0.010614196539923345,0,0,-0.010614196539923345,0.15586854460093891,0.84413145539906109
2021-12-10,balanced_raw_adaptive,balanced,0.0011414169662213322,0,0,0.0011414169662213322,0.15586854460093891,0.84413145539906109
2021-12-13,balanced_raw_adaptive,balanced,-0.0086547045086406461,0,0,-0.0086547045086406461,0.15586854460093891,0.84413145539906109
2021-12-14,balanced_raw_adaptive,balanced,-0.0026754658497418976,0,0,-0.0026754658497418976,0.15586854460093891,0.84413145539906109
2021-12-15,balanced_raw_adaptive,balanced,0.016605292365192068,0,0,0.016605292365192068,0.15586854460093891,0.84413145539906109
2021-12-16,balanced_raw_adaptive,balanced,0.0026643241557378619,0,0,0.0026643241557378619,0.15586854460093891,0.84413145539906109
2021-12-17,balanced_raw_adaptive,balanced,-0.013751332417549186,0,0,-0.013751332417549186,0.15586854460093891,0.84413145539906109
2021-12-20,balanced_raw_adaptive,balanced,-0.00062858798794931969,0,0,-0.00062858798794931969,0.15586854460093891,0.84413145539906109
2021-12-21,balanced_raw_adaptive,balanced,0.0048099298629117292,0,0,0.0048099298629117292,0.15586854460093891,0.84413145539906109
2021-12-22,balanced_raw_adaptive,balanced,0.009482758890744172,0,0,0.009482758890744172,0.15586854460093891,0.84413145539906109
2021-12-23,balanced_raw_adaptive,balanced,0.0082714654776029749,0,0,0.0082714654776029749,0.15586854460093891,0.84413145539906109
2021-12-27,balanced_raw_adaptive,balanced,0.013370930964093829,0,0,0.013370930964093829,0.15586854460093891,0.84413145539906109
2021-12-28,balanced_raw_adaptive,balanced,-0.0064632343019610239,0,0,-0.0064632343019610239,0.15586854460093891,0.84413145539906109
2021-12-29,balanced_raw_adaptive,balanced,-0.00032224394950553122,0,0,-0.00032224394950553122,0.15586854460093891,0.84413145539906109
2021-12-30,balanced_raw_adaptive,balanced,0.0013741680755283276,0,0,0.0013741680755283276,0.15586854460093891,0.84413145539906109
2021-12-31,balanced_raw_adaptive,balanced,-0.004545528287763596,0,0,-0.004545528287763596,0.15586854460093891,0.84413145539906109
2022-01-03,balanced_raw_adaptive,balanced,-0.008505164864175057,0.11878428355219965,0.00011878428355219966,-0.0086239491477272563,0.1223134328358209,0.87768656716417914
2022-01-04,balanced_raw_adaptive,balanced,-0.0022141563247173226,0,0,-0.0022141563247173226,0.1223134328358209,0.87768656716417914
2022-01-05,balanced_raw_adaptive,balanced,-0.009400606954072915,0,0,-0.009400606954072915,0.1223134328358209,0.87768656716417914
2022-01-06,balanced_raw_adaptive,balanced,-0.0039351870735148935,0,0,-0.0039351870735148935,0.1223134328358209,0.87768656716417914
2022-01-07,balanced_raw_adaptive,balanced,-0.0099744963014696993,0,0,-0.0099744963014696993,0.1223134328358209,0.87768656716417914
2022-01-10,balanced_raw_adaptive,balanced,-0.0042581138745091786,0,0,-0.0042581138745091786,0.1223134328358209,0.87768656716417914
2022-01-11,balanced_raw_adaptive,balanced,0.010475747532949171,0,0,0.010475747532949171,0.1223134328358209,0.87768656716417914
2022-01-12,balanced_raw_adaptive,balanced,0.0064275455081501181,0,0,0.0064275455081501181,0.1223134328358209,0.87768656716417914
2022-01-13,balanced_raw_adaptive,balanced,-0.012788243210301163,0,0,-0.012788243210301163,0.1223134328358209,0.87768656716417914
2022-01-14,balanced_raw_adaptive,balanced,-0.0027442366759968403,0,0,-0.0027442366759968403,0.1223134328358209,0.87768656716417914
2022-01-18,balanced_raw_adaptive,balanced,-0.0068548616399605484,0,0,-0.0068548616399605484,0.1223134328358209,0.87768656716417914
2022-01-19,balanced_raw_adaptive,balanced,-0.0073295124462054257,0,0,-0.0073295124462054257,0.1223134328358209,0.87768656716417914
2022-01-20,balanced_raw_adaptive,balanced,-0.013702620083516843,0,0,-0.013702620083516843,0.1223134328358209,0.87768656716417914
2022-01-21,balanced_raw_adaptive,balanced,-0.014537672622875445,0,0,-0.014537672622875445,0.1223134328358209,0.87768656716417914
2022-01-24,balanced_raw_adaptive,balanced,-0.0036830546808822302,0,0,-0.0036830546808822302,0.1223134328358209,0.87768656716417914
2022-01-25,balanced_raw_adaptive,balanced,0.0010042366877186448,0,0,0.0010042366877186448,0.1223134328358209,0.87768656716417914
2022-01-26,balanced_raw_adaptive,balanced,-0.013846126182005839,0,0,-0.013846126182005839,0.1223134328358209,0.87768656716417914
2022-01-27,balanced_raw_adaptive,balanced,-0.0033195975309501611,0,0,-0.0033195975309501611,0.1223134328358209,0.87768656716417914
2022-01-28,balanced_raw_adaptive,balanced,0.016618892474751401,0,0,0.016618892474751401,0.1223134328358209,0.87768656716417914
2022-01-31,balanced_raw_adaptive,balanced,0.0047698501153399693,0,0,0.0047698501153399693,0.1223134328358209,0.87768656716417914
2022-02-01,balanced_raw_adaptive,balanced,0.0072641718951101221,0.31047079660977506,0.00031047079660977508,0.0069537010985003473,0.11398002853067039,0.88601997146932965
2022-02-02,balanced_raw_adaptive,balanced,-0.0019691242879468661,0,0,-0.0019691242879468661,0.11398002853067039,0.88601997146932965
2022-02-03,balanced_raw_adaptive,balanced,-0.00999648758855466,0,0,-0.00999648758855466,0.11398002853067039,0.88601997146932965
2022-02-04,balanced_raw_adaptive,balanced,0.0088786683268948716,0,0,0.0088786683268948716,0.11398002853067039,0.88601997146932965
2022-02-07,balanced_raw_adaptive,balanced,0.0065265586554698399,0,0,0.0065265586554698399,0.11398002853067039,0.88601997146932965
2022-02-08,balanced_raw_adaptive,balanced,-0.0029452599801178554,0,0,-0.0029452599801178554,0.11398002853067039,0.88601997146932965
2022-02-09,balanced_raw_adaptive,balanced,0.011701223041887577,0,0,0.011701223041887577,0.11398002853067039,0.88601997146932965
2022-02-10,balanced_raw_adaptive,balanced,-0.018202045936449418,0,0,-0.018202045936449418,0.11398002853067039,0.88601997146932965
2022-02-11,balanced_raw_adaptive,balanced,-0.013249359240311807,0,0,-0.013249359240311807,0.11398002853067039,0.88601997146932965
2022-02-14,balanced_raw_adaptive,balanced,-0.010189384341613856,0,0,-0.010189384341613856,0.11398002853067039,0.88601997146932965
2022-02-15,balanced_raw_adaptive,balanced,0.010919106582570993,0,0,0.010919106582570993,0.11398002853067039,0.88601997146932965
2022-02-16,balanced_raw_adaptive,balanced,-0.0020257745337767877,0,0,-0.0020257745337767877,0.11398002853067039,0.88601997146932965
2022-02-17,balanced_raw_adaptive,balanced,-0.024021407563810219,0,0,-0.024021407563810219,0.11398002853067039,0.88601997146932965
2022-02-18,balanced_raw_adaptive,balanced,-0.0064726542578666052,0,0,-0.0064726542578666052,0.11398002853067039,0.88601997146932965
2022-02-22,balanced_raw_adaptive,balanced,-0.0022981425428167225,0,0,-0.0022981425428167225,0.11398002853067039,0.88601997146932965
2022-02-23,balanced_raw_adaptive,balanced,-0.0010000222566042009,0,0,-0.0010000222566042009,0.11398002853067039,0.88601997146932965
2022-02-24,balanced_raw_adaptive,balanced,-0.00024098358492381376,0,0,-0.00024098358492381376,0.11398002853067039,0.88601997146932965
2022-02-25,balanced_raw_adaptive,balanced,0.027242131065380454,0,0,0.027242131065380454,0.11398002853067039,0.88601997146932965
2022-02-28,balanced_raw_adaptive,balanced,0.0056733594373880383,0,0,0.0056733594373880383,0.11398002853067039,0.88601997146932965
2022-03-01,balanced_raw_adaptive,balanced,-0.0070801518479025978,0.48763407962414768,0.00048763407962414769,-0.0075677859275267451,0.141358024691358,0.85864197530864206
2022-03-02,balanced_raw_adaptive,balanced,0.00825443914282388,0,0,0.00825443914282388,0.141358024691358,0.85864197530864206
2022-03-03,balanced_raw_adaptive,balanced,-0.0026160451306107002,0,0,-0.0026160451306107002,0.141358024691358,0.85864197530864206
2022-03-04,balanced_raw_adaptive,balanced,-0.010152330942898875,0,0,-0.010152330942898875,0.141358024691358,0.85864197530864206
2022-03-07,balanced_raw_adaptive,balanced,-0.019936174536147839,0,0,-0.019936174536147839,0.141358024691358,0.85864197530864206
2022-03-08,balanced_raw_adaptive,balanced,-0.015078434200421683,0,0,-0.015078434200421683,0.141358024691358,0.85864197530864206
2022-03-09,balanced_raw_adaptive,balanced,0.016908023339266335,0,0,0.016908023339266335,0.141358024691358,0.85864197530864206
2022-03-10,balanced_raw_adaptive,balanced,-0.01268728655572288,0,0,-0.01268728655572288,0.141358024691358,0.85864197530864206
2022-03-11,balanced_raw_adaptive,balanced,-0.0063224532254138963,0,0,-0.0063224532254138963,0.141358024691358,0.85864197530864206
2022-03-14,balanced_raw_adaptive,balanced,-0.00060336539768336001,0,0,-0.00060336539768336001,0.141358024691358,0.85864197530864206
2022-03-15,balanced_raw_adaptive,balanced,0.0098759731964027375,0,0,0.0098759731964027375,0.141358024691358,0.85864197530864206
2022-03-16,balanced_raw_adaptive,balanced,0.013979571519411605,0,0,0.013979571519411605,0.141358024691358,0.85864197530864206
2022-03-17,balanced_raw_adaptive,balanced,0.011825135260779523,0,0,0.011825135260779523,0.141358024691358,0.85864197530864206
2022-03-18,balanced_raw_adaptive,balanced,0.0094659088220780049,0,0,0.0094659088220780049,0.141358024691358,0.85864197530864206
2022-03-21,balanced_raw_adaptive,balanced,0.0035823451916413424,0,0,0.0035823451916413424,0.141358024691358,0.85864197530864206
2022-03-22,balanced_raw_adaptive,balanced,0.013251635845793001,0,0,0.013251635845793001,0.141358024691358,0.85864197530864206
2022-03-23,balanced_raw_adaptive,balanced,-0.0037886603265455086,0,0,-0.0037886603265455086,0.141358024691358,0.85864197530864206
2022-03-24,balanced_raw_adaptive,balanced,0.0087384786196173549,0,0,0.0087384786196173549,0.141358024691358,0.85864197530864206
2022-03-25,balanced_raw_adaptive,balanced,0.0055966631891797283,0,0,0.0055966631891797283,0.141358024691358,0.85864197530864206
2022-03-28,balanced_raw_adaptive,balanced,0.004886343747538666,0,0,0.004886343747538666,0.141358024691358,0.85864197530864206
2022-03-29,balanced_raw_adaptive,balanced,0.016814403210855606,0,0,0.016814403210855606,0.141358024691358,0.85864197530864206
2022-03-30,balanced_raw_adaptive,balanced,-0.0023641384498123675,0,0,-0.0023641384498123675,0.141358024691358,0.85864197530864206
2022-03-31,balanced_raw_adaptive,balanced,-0.012273665311058286,0,0,-0.012273665311058286,0.141358024691358,0.85864197530864206
2022-04-01,balanced_raw_adaptive,balanced,0.0089014366738119875,0.4050049640979515,0.00040500496409795152,0.0084964317097140363,0.1711842105263158,0.82881578947368417
2022-04-04,balanced_raw_adaptive,balanced,0.0051340432328051393,0,0,0.0051340432328051393,0.1711842105263158,0.82881578947368417
2022-04-05,balanced_raw_adaptive,balanced,-0.009135184418418334,0,0,-0.009135184418418334,0.1711842105263158,0.82881578947368417
2022-04-06,balanced_raw_adaptive,balanced,-0.0054171609813435731,0,0,-0.0054171609813435731,0.1711842105263158,0.82881578947368417
2022-04-07,balanced_raw_adaptive,balanced,0.0076490777738185021,0,0,0.0076490777738185021,0.1711842105263158,0.82881578947368417
2022-04-08,balanced_raw_adaptive,balanced,-0.00068537143982081567,0,0,-0.00068537143982081567,0.1711842105263158,0.82881578947368417
2022-04-11,balanced_raw_adaptive,balanced,-0.023936417335268186,0,0,-0.023936417335268186,0.1711842105263158,0.82881578947368417
2022-04-12,balanced_raw_adaptive,balanced,-0.00014435882453671449,0,0,-0.00014435882453671449,0.1711842105263158,0.82881578947368417
2022-04-13,balanced_raw_adaptive,balanced,0.0051998373803662035,0,0,0.0051998373803662035,0.1711842105263158,0.82881578947368417
2022-04-14,balanced_raw_adaptive,balanced,-0.0049814699853279057,0,0,-0.0049814699853279057,0.1711842105263158,0.82881578947368417
2022-04-18,balanced_raw_adaptive,balanced,-0.0046508688042672048,0,0,-0.0046508688042672048,0.1711842105263158,0.82881578947368417
2022-04-19,balanced_raw_adaptive,balanced,0.011394188398432271,0,0,0.011394188398432271,0.1711842105263158,0.82881578947368417
2022-04-20,balanced_raw_adaptive,balanced,-0.0023289970229840844,0,0,-0.0023289970229840844,0.1711842105263158,0.82881578947368417
2022-04-21,balanced_raw_adaptive,balanced,-0.010307824693887104,0,0,-0.010307824693887104,0.1711842105263158,0.82881578947368417
2022-04-22,balanced_raw_adaptive,balanced,-0.016840922195015113,0,0,-0.016840922195015113,0.1711842105263158,0.82881578947368417
2022-04-25,balanced_raw_adaptive,balanced,0.002928876260430092,0,0,0.002928876260430092,0.1711842105263158,0.82881578947368417
2022-04-26,balanced_raw_adaptive,balanced,-0.01598467534610051,0,0,-0.01598467534610051,0.1711842105263158,0.82881578947368417
2022-04-27,balanced_raw_adaptive,balanced,0.0026076495853813264,0,0,0.0026076495853813264,0.1711842105263158,0.82881578947368417
2022-04-28,balanced_raw_adaptive,balanced,0.010425230222290256,0,0,0.010425230222290256,0.1711842105263158,0.82881578947368417
2022-04-29,balanced_raw_adaptive,balanced,-0.033193408202388572,0,0,-0.033193408202388572,0.1711842105263158,0.82881578947368417
2022-05-02,balanced_raw_adaptive,balanced,0.0019166405140003588,0.34622069854211723,0.00034622069854211722,0.0015704198154582417,0.16368821292775659,0.83631178707224341
2022-05-03,balanced_raw_adaptive,balanced,-0.00015120810992394246,0,0,-0.00015120810992394246,0.16368821292775659,0.83631178707224341
2022-05-04,balanced_raw_adaptive,balanced,0.041709308992349453,0,0,0.041709308992349453,0.16368821292775659,0.83631178707224341
2022-05-05,balanced_raw_adaptive,balanced,-0.032688210106178929,0,0,-0.032688210106178929,0.16368821292775659,0.83631178707224341
2022-05-06,balanced_raw_adaptive,balanced,-0.0044182778412509794,0,0,-0.0044182778412509794,0.16368821292775659,0.83631178707224341
2022-05-09,balanced_raw_adaptive,balanced,-0.038065738863884022,0,0,-0.038065738863884022,0.16368821292775659,0.83631178707224341
2022-05-10,balanced_raw_adaptive,balanced,-0.0030189267776706591,0,0,-0.0030189267776706591,0.16368821292775659,0.83631178707224341
2022-05-11,balanced_raw_adaptive,balanced,-0.011668142893289005,0,0,-0.011668142893289005,0.16368821292775659,0.83631178707224341
2022-05-12,balanced_raw_adaptive,balanced,0.00070296322160231118,0,0,0.00070296322160231118,0.16368821292775659,0.83631178707224341
2022-05-13,balanced_raw_adaptive,balanced,0.019408997135434671,0,0,0.019408997135434671,0.16368821292775659,0.83631178707224341
2022-05-16,balanced_raw_adaptive,balanced,-0.0044246869277214627,0,0,-0.0044246869277214627,0.16368821292775659,0.83631178707224341
2022-05-17,balanced_raw_adaptive,balanced,0.019450526051616179,0,0,0.019450526051616179,0.16368821292775659,0.83631178707224341
2022-05-18,balanced_raw_adaptive,balanced,-0.020914165069992122,0,0,-0.020914165069992122,0.16368821292775659,0.83631178707224341
2022-05-19,balanced_raw_adaptive,balanced,0.0043320386666890753,0,0,0.0043320386666890753,0.16368821292775659,0.83631178707224341
2022-05-20,balanced_raw_adaptive,balanced,-0.0028347358298751379,0,0,-0.0028347358298751379,0.16368821292775659,0.83631178707224341
2022-05-23,balanced_raw_adaptive,balanced,0.0079628213686054224,0,0,0.0079628213686054224,0.16368821292775659,0.83631178707224341
2022-05-24,balanced_raw_adaptive,balanced,0.0096086678612462128,0,0,0.0096086678612462128,0.16368821292775659,0.83631178707224341
2022-05-25,balanced_raw_adaptive,balanced,0.0056489007602394817,0,0,0.0056489007602394817,0.16368821292775659,0.83631178707224341
2022-05-26,balanced_raw_adaptive,balanced,-0.002157734078659808,0,0,-0.002157734078659808,0.16368821292775659,0.83631178707224341
2022-05-27,balanced_raw_adaptive,balanced,0.0057094067994421949,0,0,0.0057094067994421949,0.16368821292775659,0.83631178707224341
2022-05-31,balanced_raw_adaptive,balanced,-0.0039328428611737423,0,0,-0.0039328428611737423,0.16368821292775659,0.83631178707224341
2022-06-01,balanced_raw_adaptive,balanced,-0.0077405686394186272,0.29976801523542151,0.00029976801523542155,-0.0080403366546540483,0.0770401948842874,0.92295980511571263
2022-06-02,balanced_raw_adaptive,balanced,0.0069719451334343801,0,0,0.0069719451334343801,0.0770401948842874,0.92295980511571263
2022-06-03,balanced_raw_adaptive,balanced,-0.0068991152154762765,0,0,-0.0068991152154762765,0.0770401948842874,0.92295980511571263
2022-06-06,balanced_raw_adaptive,balanced,0.0033214315240156144,0,0,0.0033214315240156144,0.0770401948842874,0.92295980511571263
2022-06-07,balanced_raw_adaptive,balanced,0.0082549404255526856,0,0,0.0082549404255526856,0.0770401948842874,0.92295980511571263
2022-06-08,balanced_raw_adaptive,balanced,-0.01342908327462599,0,0,-0.01342908327462599,0.0770401948842874,0.92295980511571263
2022-06-09,balanced_raw_adaptive,balanced,-0.020927131904234376,0,0,-0.020927131904234376,0.0770401948842874,0.92295980511571263
2022-06-10,balanced_raw_adaptive,balanced,-0.019626051044440224,0,0,-0.019626051044440224,0.0770401948842874,0.92295980511571263
2022-06-13,balanced_raw_adaptive,balanced,-0.045619622315142459,0,0,-0.045619622315142459,0.0770401948842874,0.92295980511571263
2022-06-14,balanced_raw_adaptive,balanced,-0.017968924509239103,0,0,-0.017968924509239103,0.0770401948842874,0.92295980511571263
2022-06-15,balanced_raw_adaptive,balanced,0.010445427011281231,0,0,0.010445427011281231,0.0770401948842874,0.92295980511571263
2022-06-16,balanced_raw_adaptive,balanced,-0.021379313564009055,0,0,-0.021379313564009055,0.0770401948842874,0.92295980511571263
2022-06-17,balanced_raw_adaptive,balanced,0.0033396498146370151,0,0,0.0033396498146370151,0.0770401948842874,0.92295980511571263
2022-06-21,balanced_raw_adaptive,balanced,0.017773280660179705,0,0,0.017773280660179705,0.0770401948842874,0.92295980511571263
2022-06-22,balanced_raw_adaptive,balanced,0.00028599133104195159,0,0,0.00028599133104195159,0.0770401948842874,0.92295980511571263
2022-06-23,balanced_raw_adaptive,balanced,0.016565639845787468,0,0,0.016565639845787468,0.0770401948842874,0.92295980511571263
2022-06-24,balanced_raw_adaptive,balanced,0.018225061586927573,0,0,0.018225061586927573,0.0770401948842874,0.92295980511571263
2022-06-27,balanced_raw_adaptive,balanced,-0.0045775825822654253,0,0,-0.0045775825822654253,0.0770401948842874,0.92295980511571263
2022-06-28,balanced_raw_adaptive,balanced,-0.014019293150381537,0,0,-0.014019293150381537,0.0770401948842874,0.92295980511571263
2022-06-29,balanced_raw_adaptive,balanced,0.00061141970587451399,0,0,0.00061141970587451399,0.0770401948842874,0.92295980511571263
2022-06-30,balanced_raw_adaptive,balanced,-0.0086096847458480667,0,0,-0.0086096847458480667,0.0770401948842874,0.92295980511571263
2022-07-01,balanced_raw_adaptive,balanced,0.013383962424510509,0.42654509824204867,0.00042654509824204868,0.012957417326268461,0.072209165687426496,0.92779083431257348
2022-07-05,balanced_raw_adaptive,balanced,-0.00086640853816991417,0,0,-0.00086640853816991417,0.072209165687426496,0.92779083431257348
2022-07-06,balanced_raw_adaptive,balanced,0.0021460602843610108,0,0,0.0021460602843610108,0.072209165687426496,0.92779083431257348
2022-07-07,balanced_raw_adaptive,balanced,0.0049330386747014118,0,0,0.0049330386747014118,0.072209165687426496,0.92779083431257348
2022-07-08,balanced_raw_adaptive,balanced,-0.0020145037114994656,0,0,-0.0020145037114994656,0.072209165687426496,0.92779083431257348
2022-07-11,balanced_raw_adaptive,balanced,-0.0044603797958252638,0,0,-0.0044603797958252638,0.072209165687426496,0.92779083431257348
2022-07-12,balanced_raw_adaptive,balanced,-0.0061835003959590301,0,0,-0.0061835003959590301,0.072209165687426496,0.92779083431257348
2022-07-13,balanced_raw_adaptive,balanced,0.00066108301274396997,0,0,0.00066108301274396997,0.072209165687426496,0.92779083431257348
2022-07-14,balanced_raw_adaptive,balanced,0.00023763566341025418,0,0,0.00023763566341025418,0.072209165687426496,0.92779083431257348
2022-07-15,balanced_raw_adaptive,balanced,0.011495831953362658,0,0,0.011495831953362658,0.072209165687426496,0.92779083431257348
2022-07-18,balanced_raw_adaptive,balanced,-0.004418808737828215,0,0,-0.004418808737828215,0.072209165687426496,0.92779083431257348
2022-07-19,balanced_raw_adaptive,balanced,0.014902924130414002,0,0,0.014902924130414002,0.072209165687426496,0.92779083431257348
2022-07-20,balanced_raw_adaptive,balanced,-0.0051543432620802625,0,0,-0.0051543432620802625,0.072209165687426496,0.92779083431257348
2022-07-21,balanced_raw_adaptive,balanced,0.0054410008063951422,0,0,0.0054410008063951422,0.072209165687426496,0.92779083431257348
2022-07-22,balanced_raw_adaptive,balanced,-0.001251021890602772,0,0,-0.001251021890602772,0.072209165687426496,0.92779083431257348
2022-07-25,balanced_raw_adaptive,balanced,-0.0037918735934451054,0,0,-0.0037918735934451054,0.072209165687426496,0.92779083431257348
2022-07-26,balanced_raw_adaptive,balanced,-0.0028670285014268356,0,0,-0.0028670285014268356,0.072209165687426496,0.92779083431257348
2022-07-27,balanced_raw_adaptive,balanced,0.0073299616722901353,0,0,0.0073299616722901353,0.072209165687426496,0.92779083431257348
2022-07-28,balanced_raw_adaptive,balanced,0.010251109120415837,0,0,0.010251109120415837,0.072209165687426496,0.92779083431257348
2022-07-29,balanced_raw_adaptive,balanced,0.0030401158963557938,0,0,0.0030401158963557938,0.072209165687426496,0.92779083431257348
2022-08-01,balanced_raw_adaptive,balanced,-0.0045234275304782325,0.068657034270293918,6.8657034270293922e-05,-0.0045920845647485263,0.1127272727272727,0.88727272727272732
2022-08-02,balanced_raw_adaptive,balanced,-0.0080692858127777035,0,0,-0.0080692858127777035,0.1127272727272727,0.88727272727272732
2022-08-03,balanced_raw_adaptive,balanced,0.014340344058245327,0,0,0.014340344058245327,0.1127272727272727,0.88727272727272732
2022-08-04,balanced_raw_adaptive,balanced,-0.0044030408234080583,0,0,-0.0044030408234080583,0.1127272727272727,0.88727272727272732
2022-08-05,balanced_raw_adaptive,balanced,-0.00087971271347372449,0,0,-0.00087971271347372449,0.1127272727272727,0.88727272727272732
2022-08-08,balanced_raw_adaptive,balanced,0.0056383045942391321,0,0,0.0056383045942391321,0.1127272727272727,0.88727272727272732
2022-08-09,balanced_raw_adaptive,balanced,-0.002682443332308806,0,0,-0.002682443332308806,0.1127272727272727,0.88727272727272732
2022-08-10,balanced_raw_adaptive,balanced,0.015966881938024251,0,0,0.015966881938024251,0.1127272727272727,0.88727272727272732
2022-08-11,balanced_raw_adaptive,balanced,-0.0023343184670048061,0,0,-0.0023343184670048061,0.1127272727272727,0.88727272727272732
2022-08-12,balanced_raw_adaptive,balanced,0.014422509026092949,0,0,0.014422509026092949,0.1127272727272727,0.88727272727272732
2022-08-15,balanced_raw_adaptive,balanced,0.011812945987243178,0,0,0.011812945987243178,0.1127272727272727,0.88727272727272732
2022-08-16,balanced_raw_adaptive,balanced,0.0094990641713725878,0,0,0.0094990641713725878,0.1127272727272727,0.88727272727272732
2022-08-17,balanced_raw_adaptive,balanced,-0.00663618108178032,0,0,-0.00663618108178032,0.1127272727272727,0.88727272727272732
2022-08-18,balanced_raw_adaptive,balanced,-0.0044381231782680136,0,0,-0.0044381231782680136,0.1127272727272727,0.88727272727272732
2022-08-19,balanced_raw_adaptive,balanced,-0.014371983829178233,0,0,-0.014371983829178233,0.1127272727272727,0.88727272727272732
2022-08-22,balanced_raw_adaptive,balanced,-0.013608138623400684,0,0,-0.013608138623400684,0.1127272727272727,0.88727272727272732
2022-08-23,balanced_raw_adaptive,balanced,-0.0042853886367649049,0,0,-0.0042853886367649049,0.1127272727272727,0.88727272727272732
2022-08-24,balanced_raw_adaptive,balanced,-0.00017822530808008364,0,0,-0.00017822530808008364,0.1127272727272727,0.88727272727272732
2022-08-25,balanced_raw_adaptive,balanced,0.0070742615429470858,0,0,0.0070742615429470858,0.1127272727272727,0.88727272727272732
2022-08-26,balanced_raw_adaptive,balanced,-0.018241585118044277,0,0,-0.018241585118044277,0.1127272727272727,0.88727272727272732
2022-08-29,balanced_raw_adaptive,balanced,-0.00012709033849872,0,0,-0.00012709033849872,0.1127272727272727,0.88727272727272732
2022-08-30,balanced_raw_adaptive,balanced,-0.0087592726011737152,0,0,-0.0087592726011737152,0.1127272727272727,0.88727272727272732
2022-08-31,balanced_raw_adaptive,balanced,-0.00080853086621594762,0,0,-0.00080853086621594762,0.1127272727272727,0.88727272727272732
2022-09-01,balanced_raw_adaptive,balanced,0.01256151271140022,0.18209139394389914,0.00018209139394389915,0.012379421317456321,0.1646768893756845,0.83532311062431552
2022-09-02,balanced_raw_adaptive,balanced,-0.0097909676040811751,0,0,-0.0097909676040811751,0.1646768893756845,0.83532311062431552
2022-09-06,balanced_raw_adaptive,balanced,-0.0090749645779809526,0,0,-0.0090749645779809526,0.1646768893756845,0.83532311062431552
2022-09-07,balanced_raw_adaptive,balanced,0.018584876891363889,0,0,0.018584876891363889,0.1646768893756845,0.83532311062431552
2022-09-08,balanced_raw_adaptive,balanced,0.0037225296307153754,0,0,0.0037225296307153754,0.1646768893756845,0.83532311062431552
2022-09-09,balanced_raw_adaptive,balanced,0.017662124985593476,0,0,0.017662124985593476,0.1646768893756845,0.83532311062431552
2022-09-12,balanced_raw_adaptive,balanced,0.009393207710035793,0,0,0.009393207710035793,0.1646768893756845,0.83532311062431552
2022-09-13,balanced_raw_adaptive,balanced,-0.037346841140858497,0,0,-0.037346841140858497,0.1646768893756845,0.83532311062431552
2022-09-14,balanced_raw_adaptive,balanced,0.0099593082468733014,0,0,0.0099593082468733014,0.1646768893756845,0.83532311062431552
2022-09-15,balanced_raw_adaptive,balanced,-0.015619032534924113,0,0,-0.015619032534924113,0.1646768893756845,0.83532311062431552
2022-09-16,balanced_raw_adaptive,balanced,0.0041248005929530283,0,0,0.0041248005929530283,0.1646768893756845,0.83532311062431552
2022-09-19,balanced_raw_adaptive,balanced,0.0082236675631133654,0,0,0.0082236675631133654,0.1646768893756845,0.83532311062431552
2022-09-20,balanced_raw_adaptive,balanced,-0.010919008070124097,0,0,-0.010919008070124097,0.1646768893756845,0.83532311062431552
2022-09-21,balanced_raw_adaptive,balanced,-0.018704890130110282,0,0,-0.018704890130110282,0.1646768893756845,0.83532311062431552
2022-09-22,balanced_raw_adaptive,balanced,0.018128815115439852,0,0,0.018128815115439852,0.1646768893756845,0.83532311062431552
2022-09-23,balanced_raw_adaptive,balanced,-0.011949731967575332,0,0,-0.011949731967575332,0.1646768893756845,0.83532311062431552
2022-09-26,balanced_raw_adaptive,balanced,-0.010414320287089144,0,0,-0.010414320287089144,0.1646768893756845,0.83532311062431552
2022-09-27,balanced_raw_adaptive,balanced,-0.0065594896489769745,0,0,-0.0065594896489769745,0.1646768893756845,0.83532311062431552
2022-09-28,balanced_raw_adaptive,balanced,0.017838991345258404,0,0,0.017838991345258404,0.1646768893756845,0.83532311062431552
2022-09-29,balanced_raw_adaptive,balanced,-0.0070204117555917687,0,0,-0.0070204117555917687,0.1646768893756845,0.83532311062431552
2022-09-30,balanced_raw_adaptive,balanced,-0.012876351212964147,0,0,-0.012876351212964147,0.1646768893756845,0.83532311062431552
2022-10-03,balanced_raw_adaptive,balanced,0.025159860038081173,0.39275655833411166,0.00039275655833411166,0.02476710347974706,0.1263520678685047,0.87364793213149528
2022-10-04,balanced_raw_adaptive,balanced,0.020042950739222139,0,0,0.020042950739222139,0.1263520678685047,0.87364793213149528
2022-10-05,balanced_raw_adaptive,balanced,-0.0010374986441651804,0,0,-0.0010374986441651804,0.1263520678685047,0.87364793213149528
2022-10-06,balanced_raw_adaptive,balanced,-0.0037202165901817365,0,0,-0.0037202165901817365,0.1263520678685047,0.87364793213149528
2022-10-07,balanced_raw_adaptive,balanced,-0.012561688571328411,0,0,-0.012561688571328411,0.1263520678685047,0.87364793213149528
2022-10-10,balanced_raw_adaptive,balanced,0.00046994446640600748,0,0,0.00046994446640600748,0.1263520678685047,0.87364793213149528
2022-10-11,balanced_raw_adaptive,balanced,0.0085901547273734141,0,0,0.0085901547273734141,0.1263520678685047,0.87364793213149528
2022-10-12,balanced_raw_adaptive,balanced,-0.0011715084670921999,0,0,-0.0011715084670921999,0.1263520678685047,0.87364793213149528
2022-10-13,balanced_raw_adaptive,balanced,0.015214137047605885,0,0,0.015214137047605885,0.1263520678685047,0.87364793213149528
2022-10-14,balanced_raw_adaptive,balanced,-0.0066290957857359266,0,0,-0.0066290957857359266,0.1263520678685047,0.87364793213149528
2022-10-17,balanced_raw_adaptive,balanced,0.01187699238188006,0,0,0.01187699238188006,0.1263520678685047,0.87364793213149528
2022-10-18,balanced_raw_adaptive,balanced,0.0055124632929508498,0,0,0.0055124632929508498,0.1263520678685047,0.87364793213149528
2022-10-19,balanced_raw_adaptive,balanced,-0.010756024669780392,0,0,-0.010756024669780392,0.1263520678685047,0.87364793213149528
2022-10-20,balanced_raw_adaptive,balanced,0.0032893839661321082,0,0,0.0032893839661321082,0.1263520678685047,0.87364793213149528
2022-10-21,balanced_raw_adaptive,balanced,0.020191438919928743,0,0,0.020191438919928743,0.1263520678685047,0.87364793213149528
2022-10-24,balanced_raw_adaptive,balanced,0.0099306115125241332,0,0,0.0099306115125241332,0.1263520678685047,0.87364793213149528
2022-10-25,balanced_raw_adaptive,balanced,0.009752528817450451,0,0,0.009752528817450451,0.1263520678685047,0.87364793213149528
2022-10-26,balanced_raw_adaptive,balanced,0.01527287168129747,0,0,0.01527287168129747,0.1263520678685047,0.87364793213149528
2022-10-27,balanced_raw_adaptive,balanced,-0.0019076454120422563,0,0,-0.0019076454120422563,0.1263520678685047,0.87364793213149528
2022-10-28,balanced_raw_adaptive,balanced,0.01636126651031453,0,0,0.01636126651031453,0.1263520678685047,0.87364793213149528
2022-10-31,balanced_raw_adaptive,balanced,-0.0077383974266428237,0,0,-0.0077383974266428237,0.1263520678685047,0.87364793213149528
2022-11-01,balanced_raw_adaptive,balanced,-0.0021297872448985053,0.15730201169305283,0.00015730201169305284,-0.0022870892565915583,0.18090349075975359,0.81909650924024646
2022-11-02,balanced_raw_adaptive,balanced,-0.014563538414748969,0,0,-0.014563538414748969,0.18090349075975359,0.81909650924024646
2022-11-03,balanced_raw_adaptive,balanced,-0.0060135882297203628,0,0,-0.0060135882297203628,0.18090349075975359,0.81909650924024646
2022-11-04,balanced_raw_adaptive,balanced,0.028733413346435234,0,0,0.028733413346435234,0.18090349075975359,0.81909650924024646
2022-11-07,balanced_raw_adaptive,balanced,0.01035801634074885,0,0,0.01035801634074885,0.18090349075975359,0.81909650924024646
2022-11-08,balanced_raw_adaptive,balanced,-0.0074385461089671572,0,0,-0.0074385461089671572,0.18090349075975359,0.81909650924024646
2022-11-09,balanced_raw_adaptive,balanced,-0.033391638543029609,0,0,-0.033391638543029609,0.18090349075975359,0.81909650924024646
2022-11-10,balanced_raw_adaptive,balanced,0.040741470480454782,0,0,0.040741470480454782,0.18090349075975359,0.81909650924024646
2022-11-11,balanced_raw_adaptive,balanced,-0.0094408987177744732,0,0,-0.0094408987177744732,0.18090349075975359,0.81909650924024646
2022-11-14,balanced_raw_adaptive,balanced,0.0043438643445968339,0,0,0.0043438643445968339,0.18090349075975359,0.81909650924024646
2022-11-15,balanced_raw_adaptive,balanced,0.003876459333628241,0,0,0.003876459333628241,0.18090349075975359,0.81909650924024646
2022-11-16,balanced_raw_adaptive,balanced,-0.0029937003121599652,0,0,-0.0029937003121599652,0.18090349075975359,0.81909650924024646
2022-11-17,balanced_raw_adaptive,balanced,0.0035970348977398354,0,0,0.0035970348977398354,0.18090349075975359,0.81909650924024646
2022-11-18,balanced_raw_adaptive,balanced,0.0076067132153290022,0,0,0.0076067132153290022,0.18090349075975359,0.81909650924024646
2022-11-21,balanced_raw_adaptive,balanced,0.00088834366276634765,0,0,0.00088834366276634765,0.18090349075975359,0.81909650924024646
2022-11-22,balanced_raw_adaptive,balanced,0.010964380886991559,0,0,0.010964380886991559,0.18090349075975359,0.81909650924024646
2022-11-23,balanced_raw_adaptive,balanced,0.0041962210420661726,0,0,0.0041962210420661726,0.18090349075975359,0.81909650924024646
2022-11-25,balanced_raw_adaptive,balanced,-7.6568714092039246e-05,0,0,-7.6568714092039246e-05,0.18090349075975359,0.81909650924024646
2022-11-28,balanced_raw_adaptive,balanced,-0.0092886363945310496,0,0,-0.0092886363945310496,0.18090349075975359,0.81909650924024646
2022-11-29,balanced_raw_adaptive,balanced,0.0058483338328261377,0,0,0.0058483338328261377,0.18090349075975359,0.81909650924024646
2022-11-30,balanced_raw_adaptive,balanced,0.022428263974972808,0,0,0.022428263974972808,0.18090349075975359,0.81909650924024646
2022-12-01,balanced_raw_adaptive,balanced,-0.0021997925339802995,0.28549897175504174,0.00028549897175504175,-0.0024852915057353413,0.15129482071713149,0.84870517928286848
2022-12-02,balanced_raw_adaptive,balanced,0.0028915869126935989,0,0,0.0028915869126935989,0.15129482071713149,0.84870517928286848
2022-12-05,balanced_raw_adaptive,balanced,-0.0084449008817770975,0,0,-0.0084449008817770975,0.15129482071713149,0.84870517928286848
2022-12-06,balanced_raw_adaptive,balanced,-0.006415788007094865,0,0,-0.006415788007094865,0.15129482071713149,0.84870517928286848
2022-12-07,balanced_raw_adaptive,balanced,0.0012253107766790608,0,0,0.0012253107766790608,0.15129482071713149,0.84870517928286848
2022-12-08,balanced_raw_adaptive,balanced,0.0054498997968333018,0,0,0.0054498997968333018,0.15129482071713149,0.84870517928286848
2022-12-09,balanced_raw_adaptive,balanced,-0.014315857135225497,0,0,-0.014315857135225497,0.15129482071713149,0.84870517928286848
2022-12-12,balanced_raw_adaptive,balanced,0.0045129511607889927,0,0,0.0045129511607889927,0.15129482071713149,0.84870517928286848
2022-12-13,balanced_raw_adaptive,balanced,0.0045886650484225668,0,0,0.0045886650484225668,0.15129482071713149,0.84870517928286848
2022-12-14,balanced_raw_adaptive,balanced,-0.0020400423151782096,0,0,-0.0020400423151782096,0.15129482071713149,0.84870517928286848
2022-12-15,balanced_raw_adaptive,balanced,-0.016524336531028645,0,0,-0.016524336531028645,0.15129482071713149,0.84870517928286848
2022-12-16,balanced_raw_adaptive,balanced,-0.014689542957657059,0,0,-0.014689542957657059,0.15129482071713149,0.84870517928286848
2022-12-19,balanced_raw_adaptive,balanced,-0.0061654041562377044,0,0,-0.0061654041562377044,0.15129482071713149,0.84870517928286848
2022-12-20,balanced_raw_adaptive,balanced,0.0050324054490008185,0,0,0.0050324054490008185,0.15129482071713149,0.84870517928286848
2022-12-21,balanced_raw_adaptive,balanced,0.0088450557790766184,0,0,0.0088450557790766184,0.15129482071713149,0.84870517928286848
2022-12-22,balanced_raw_adaptive,balanced,-0.0028101033398776911,0,0,-0.0028101033398776911,0.15129482071713149,0.84870517928286848
2022-12-23,balanced_raw_adaptive,balanced,0.003502220712870035,0,0,0.003502220712870035,0.15129482071713149,0.84870517928286848
2022-12-27,balanced_raw_adaptive,balanced,-0.00013477365093752736,0,0,-0.00013477365093752736,0.15129482071713149,0.84870517928286848
2022-12-28,balanced_raw_adaptive,balanced,-0.012325838097352489,0,0,-0.012325838097352489,0.15129482071713149,0.84870517928286848
2022-12-29,balanced_raw_adaptive,balanced,0.0052755171938397103,0,0,0.0052755171938397103,0.15129482071713149,0.84870517928286848
2022-12-30,balanced_raw_adaptive,balanced,-0.00077135514757223703,0,0,-0.00077135514757223703,0.15129482071713149,0.84870517928286848
2023-01-03,balanced_raw_adaptive,balanced,-0.0011022873409426523,0.21942717229627409,0.0002194271722962741,-0.0013217145132389265,0.1207930367504835,0.87920696324951653
2023-01-04,balanced_raw_adaptive,balanced,0.0088099250526795844,0,0,0.0088099250526795844,0.1207930367504835,0.87920696324951653
2023-01-05,balanced_raw_adaptive,balanced,-0.0010302068088186929,0,0,-0.0010302068088186929,0.1207930367504835,0.87920696324951653
2023-01-06,balanced_raw_adaptive,balanced,0.014661115327986664,0,0,0.014661115327986664,0.1207930367504835,0.87920696324951653
2023-01-09,balanced_raw_adaptive,balanced,-0.010439256998829078,0,0,-0.010439256998829078,0.1207930367504835,0.87920696324951653
2023-01-10,balanced_raw_adaptive,balanced,0.0019808396961513951,0,0,0.0019808396961513951,0.1207930367504835,0.87920696324951653
2023-01-11,balanced_raw_adaptive,balanced,0.010224101303684011,0,0,0.010224101303684011,0.1207930367504835,0.87920696324951653
2023-01-12,balanced_raw_adaptive,balanced,0.0022173338175287003,0,0,0.0022173338175287003,0.1207930367504835,0.87920696324951653
2023-01-13,balanced_raw_adaptive,balanced,0.005156961215414901,0,0,0.005156961215414901,0.1207930367504835,0.87920696324951653
2023-01-17,balanced_raw_adaptive,balanced,-0.0056973370719330726,0,0,-0.0056973370719330726,0.1207930367504835,0.87920696324951653
2023-01-18,balanced_raw_adaptive,balanced,-0.019295806481109637,0,0,-0.019295806481109637,0.1207930367504835,0.87920696324951653
2023-01-19,balanced_raw_adaptive,balanced,0.00059569755488666695,0,0,0.00059569755488666695,0.1207930367504835,0.87920696324951653
2023-01-20,balanced_raw_adaptive,balanced,0.015768010074004142,0,0,0.015768010074004142,0.1207930367504835,0.87920696324951653
2023-01-23,balanced_raw_adaptive,balanced,0.0054224676333131184,0,0,0.0054224676333131184,0.1207930367504835,0.87920696324951653
2023-01-24,balanced_raw_adaptive,balanced,-0.0075202268394690278,0,0,-0.0075202268394690278,0.1207930367504835,0.87920696324951653
2023-01-25,balanced_raw_adaptive,balanced,0.0016199851653663634,0,0,0.0016199851653663634,0.1207930367504835,0.87920696324951653
2023-01-26,balanced_raw_adaptive,balanced,0.00037945282420347474,0,0,0.00037945282420347474,0.1207930367504835,0.87920696324951653
2023-01-27,balanced_raw_adaptive,balanced,-0.0025728640792192278,0,0,-0.0025728640792192278,0.1207930367504835,0.87920696324951653
2023-01-30,balanced_raw_adaptive,balanced,-0.0087960547888077181,0,0,-0.0087960547888077181,0.1207930367504835,0.87920696324951653
2023-01-31,balanced_raw_adaptive,balanced,0.0095470722989621296,0,0,0.0095470722989621296,0.1207930367504835,0.87920696324951653
2023-02-01,balanced_raw_adaptive,balanced,-0.014178575101983544,0.17289730785308863,0.00017289730785308862,-0.014351472409836632,0.18761726078799251,0.81238273921200754
2023-02-02,balanced_raw_adaptive,balanced,-0.011410862927986003,0,0,-0.011410862927986003,0.18761726078799251,0.81238273921200754
2023-02-03,balanced_raw_adaptive,balanced,-0.0052652305954865308,0,0,-0.0052652305954865308,0.18761726078799251,0.81238273921200754
2023-02-06,balanced_raw_adaptive,balanced,-0.0034367134784425916,0,0,-0.0034367134784425916,0.18761726078799251,0.81238273921200754
2023-02-07,balanced_raw_adaptive,balanced,0.013059375625455942,0,0,0.013059375625455942,0.18761726078799251,0.81238273921200754
2023-02-08,balanced_raw_adaptive,balanced,-0.0068042668336772121,0,0,-0.0068042668336772121,0.18761726078799251,0.81238273921200754
2023-02-09,balanced_raw_adaptive,balanced,-0.013431731448543722,0,0,-0.013431731448543722,0.18761726078799251,0.81238273921200754
2023-02-10,balanced_raw_adaptive,balanced,0.01186619749635149,0,0,0.01186619749635149,0.18761726078799251,0.81238273921200754
2023-02-13,balanced_raw_adaptive,balanced,0.0059480894498807543,0,0,0.0059480894498807543,0.18761726078799251,0.81238273921200754
2023-02-14,balanced_raw_adaptive,balanced,-0.0022757326143391281,0,0,-0.0022757326143391281,0.18761726078799251,0.81238273921200754
2023-02-15,balanced_raw_adaptive,balanced,0.013200965500171817,0,0,0.013200965500171817,0.18761726078799251,0.81238273921200754
2023-02-16,balanced_raw_adaptive,balanced,-0.017965425755677333,0,0,-0.017965425755677333,0.18761726078799251,0.81238273921200754
2023-02-17,balanced_raw_adaptive,balanced,0.016222420619588198,0,0,0.016222420619588198,0.18761726078799251,0.81238273921200754
2023-02-21,balanced_raw_adaptive,balanced,-0.007022305198363942,0,0,-0.007022305198363942,0.18761726078799251,0.81238273921200754
2023-02-22,balanced_raw_adaptive,balanced,-0.0043889930107533122,0,0,-0.0043889930107533122,0.18761726078799251,0.81238273921200754
2023-02-23,balanced_raw_adaptive,balanced,0.00061573273128091291,0,0,0.00061573273128091291,0.18761726078799251,0.81238273921200754
2023-02-24,balanced_raw_adaptive,balanced,-0.012118370395048737,0,0,-0.012118370395048737,0.18761726078799251,0.81238273921200754
2023-02-27,balanced_raw_adaptive,balanced,-0.00039663649469349544,0,0,-0.00039663649469349544,0.18761726078799251,0.81238273921200754
2023-02-28,balanced_raw_adaptive,balanced,-0.010080329271987772,0,0,-0.010080329271987772,0.18761726078799251,0.81238273921200754
2023-03-01,balanced_raw_adaptive,balanced,0.0039761104443638735,0.20967888658980605,0.00020967888658980605,0.0037664315577740676,0.1864259597806216,0.8135740402193784
2023-03-02,balanced_raw_adaptive,balanced,0.0017739199591154148,0,0,0.0017739199591154148,0.1864259597806216,0.8135740402193784
2023-03-03,balanced_raw_adaptive,balanced,-0.0013526153960938712,0,0,-0.0013526153960938712,0.1864259597806216,0.8135740402193784
2023-03-06,balanced_raw_adaptive,balanced,0.0060681566218581057,0,0,0.0060681566218581057,0.1864259597806216,0.8135740402193784
2023-03-07,balanced_raw_adaptive,balanced,-0.011085480925642042,0,0,-0.011085480925642042,0.1864259597806216,0.8135740402193784
2023-03-08,balanced_raw_adaptive,balanced,-0.0058984553492915301,0,0,-0.0058984553492915301,0.1864259597806216,0.8135740402193784
2023-03-09,balanced_raw_adaptive,balanced,-0.021416131442505319,0,0,-0.021416131442505319,0.1864259597806216,0.8135740402193784
2023-03-10,balanced_raw_adaptive,balanced,-0.0076665237831490306,0,0,-0.0076665237831490306,0.1864259597806216,0.8135740402193784
2023-03-13,balanced_raw_adaptive,balanced,0.015599099898399263,0,0,0.015599099898399263,0.1864259597806216,0.8135740402193784
2023-03-14,balanced_raw_adaptive,balanced,0.0083028064865477025,0,0,0.0083028064865477025,0.1864259597806216,0.8135740402193784
2023-03-15,balanced_raw_adaptive,balanced,-0.0025563956670380276,0,0,-0.0025563956670380276,0.1864259597806216,0.8135740402193784
2023-03-16,balanced_raw_adaptive,balanced,0.0020996225804247172,0,0,0.0020996225804247172,0.1864259597806216,0.8135740402193784
2023-03-17,balanced_raw_adaptive,balanced,-0.00041047011081945519,0,0,-0.00041047011081945519,0.1864259597806216,0.8135740402193784
2023-03-20,balanced_raw_adaptive,balanced,0.005207174487933338,0,0,0.005207174487933338,0.1864259597806216,0.8135740402193784
2023-03-21,balanced_raw_adaptive,balanced,0.01279371135940075,0,0,0.01279371135940075,0.1864259597806216,0.8135740402193784
2023-03-22,balanced_raw_adaptive,balanced,-0.022651787233258645,0,0,-0.022651787233258645,0.1864259597806216,0.8135740402193784
2023-03-23,balanced_raw_adaptive,balanced,0.014510058035887957,0,0,0.014510058035887957,0.1864259597806216,0.8135740402193784
2023-03-24,balanced_raw_adaptive,balanced,0.009057035279928247,0,0,0.009057035279928247,0.1864259597806216,0.8135740402193784
2023-03-27,balanced_raw_adaptive,balanced,0.002976806229842689,0,0,0.002976806229842689,0.1864259597806216,0.8135740402193784
2023-03-28,balanced_raw_adaptive,balanced,0.0059097013312540084,0,0,0.0059097013312540084,0.1864259597806216,0.8135740402193784
2023-03-29,balanced_raw_adaptive,balanced,0.012667771560164822,0,0,0.012667771560164822,0.1864259597806216,0.8135740402193784
2023-03-30,balanced_raw_adaptive,balanced,0.0041957888399632316,0,0,0.0041957888399632316,0.1864259597806216,0.8135740402193784
2023-03-31,balanced_raw_adaptive,balanced,0.010157893726357175,0,0,0.010157893726357175,0.1864259597806216,0.8135740402193784
2023-04-03,balanced_raw_adaptive,balanced,0.0061902062585181879,0.14477584120743003,0.00014477584120743003,0.0060454304173107581,0.18186666666666659,0.81813333333333338
2023-04-04,balanced_raw_adaptive,balanced,0.0078146624775913016,0,0,0.0078146624775913016,0.18186666666666659,0.81813333333333338
2023-04-05,balanced_raw_adaptive,balanced,0.014888576723651825,0,0,0.014888576723651825,0.18186666666666659,0.81813333333333338
2023-04-06,balanced_raw_adaptive,balanced,-0.00078156758674562989,0,0,-0.00078156758674562989,0.18186666666666659,0.81813333333333338
2023-04-10,balanced_raw_adaptive,balanced,0.0018422322410761678,0,0,0.0018422322410761678,0.18186666666666659,0.81813333333333338
2023-04-11,balanced_raw_adaptive,balanced,-0.0015773533300935366,0,0,-0.0015773533300935366,0.18186666666666659,0.81813333333333338
2023-04-12,balanced_raw_adaptive,balanced,-0.0020012427577970572,0,0,-0.0020012427577970572,0.18186666666666659,0.81813333333333338
2023-04-13,balanced_raw_adaptive,balanced,0.00970214215008822,0,0,0.00970214215008822,0.18186666666666659,0.81813333333333338
2023-04-14,balanced_raw_adaptive,balanced,-0.0026598547277645697,0,0,-0.0026598547277645697,0.18186666666666659,0.81813333333333338
2023-04-17,balanced_raw_adaptive,balanced,-0.0047826122858166328,0,0,-0.0047826122858166328,0.18186666666666659,0.81813333333333338
2023-04-18,balanced_raw_adaptive,balanced,0.0040323914335832203,0,0,0.0040323914335832203,0.18186666666666659,0.81813333333333338
2023-04-19,balanced_raw_adaptive,balanced,-0.012529856770774379,0,0,-0.012529856770774379,0.18186666666666659,0.81813333333333338
2023-04-20,balanced_raw_adaptive,balanced,-0.0085693443982742985,0,0,-0.0085693443982742985,0.18186666666666659,0.81813333333333338
2023-04-21,balanced_raw_adaptive,balanced,-0.00067849170739721115,0,0,-0.00067849170739721115,0.18186666666666659,0.81813333333333338
2023-04-24,balanced_raw_adaptive,balanced,0.00084094771501200282,0,0,0.00084094771501200282,0.18186666666666659,0.81813333333333338
2023-04-25,balanced_raw_adaptive,balanced,0.0031204317406251761,0,0,0.0031204317406251761,0.18186666666666659,0.81813333333333338
2023-04-26,balanced_raw_adaptive,balanced,-0.018822223912298635,0,0,-0.018822223912298635,0.18186666666666659,0.81813333333333338
2023-04-27,balanced_raw_adaptive,balanced,0.01312033893128493,0,0,0.01312033893128493,0.18186666666666659,0.81813333333333338
2023-04-28,balanced_raw_adaptive,balanced,0.0029662799563897435,0,0,0.0029662799563897435,0.18186666666666659,0.81813333333333338
2023-05-01,balanced_raw_adaptive,balanced,-0.0027858029656802892,0.20591508127951258,0.00020591508127951259,-0.0029917180469598019,0.1781439722463139,0.82185602775368616
2023-05-02,balanced_raw_adaptive,balanced,-0.0034743427374036334,0,0,-0.0034743427374036334,0.1781439722463139,0.82185602775368616
2023-05-03,balanced_raw_adaptive,balanced,-0.012331179161436974,0,0,-0.012331179161436974,0.1781439722463139,0.82185602775368616
2023-05-04,balanced_raw_adaptive,balanced,0.0018292482143706171,0,0,0.0018292482143706171,0.1781439722463139,0.82185602775368616
2023-05-05,balanced_raw_adaptive,balanced,0.013615958761767851,0,0,0.013615958761767851,0.1781439722463139,0.82185602775368616
2023-05-08,balanced_raw_adaptive,balanced,-0.0061633169031907898,0,0,-0.0061633169031907898,0.1781439722463139,0.82185602775368616
2023-05-09,balanced_raw_adaptive,balanced,-0.0012552873584601161,0,0,-0.0012552873584601161,0.1781439722463139,0.82185602775368616
2023-05-10,balanced_raw_adaptive,balanced,0.00042325275558990135,0,0,0.00042325275558990135,0.1781439722463139,0.82185602775368616
2023-05-11,balanced_raw_adaptive,balanced,-0.0063991278218019764,0,0,-0.0063991278218019764,0.1781439722463139,0.82185602775368616
2023-05-12,balanced_raw_adaptive,balanced,0.0018062994434420621,0,0,0.0018062994434420621,0.1781439722463139,0.82185602775368616
2023-05-15,balanced_raw_adaptive,balanced,-0.00058243245913791424,0,0,-0.00058243245913791424,0.1781439722463139,0.82185602775368616
2023-05-16,balanced_raw_adaptive,balanced,-0.010955548414387537,0,0,-0.010955548414387537,0.1781439722463139,0.82185602775368616
2023-05-17,balanced_raw_adaptive,balanced,0.001189368554062134,0,0,0.001189368554062134,0.1781439722463139,0.82185602775368616
2023-05-18,balanced_raw_adaptive,balanced,-0.0015502903935320175,0,0,-0.0015502903935320175,0.1781439722463139,0.82185602775368616
2023-05-19,balanced_raw_adaptive,balanced,0.00022042280277282625,0,0,0.00022042280277282625,0.1781439722463139,0.82185602775368616
2023-05-22,balanced_raw_adaptive,balanced,-0.0017282805614745645,0,0,-0.0017282805614745645,0.1781439722463139,0.82185602775368616
2023-05-23,balanced_raw_adaptive,balanced,-0.0042223526825266693,0,0,-0.0042223526825266693,0.1781439722463139,0.82185602775368616
2023-05-24,balanced_raw_adaptive,balanced,-0.010449552416921276,0,0,-0.010449552416921276,0.1781439722463139,0.82185602775368616
2023-05-25,balanced_raw_adaptive,balanced,-0.011441697962795688,0,0,-0.011441697962795688,0.1781439722463139,0.82185602775368616
2023-05-26,balanced_raw_adaptive,balanced,0.00189777971909676,0,0,0.00189777971909676,0.1781439722463139,0.82185602775368616
2023-05-30,balanced_raw_adaptive,balanced,0.00037789128305260348,0,0,0.00037789128305260348,0.1781439722463139,0.82185602775368616
2023-05-31,balanced_raw_adaptive,balanced,0.0052050909379742607,0,0,0.0052050909379742607,0.1781439722463139,0.82185602775368616
2023-06-01,balanced_raw_adaptive,balanced,-0.0023986403030798343,0.37186491154268481,0.00037186491154268483,-0.0027705052146225189,0.196079258010118,0.80392074198988195
2023-06-02,balanced_raw_adaptive,balanced,0.017528783068702647,0,0,0.017528783068702647,0.196079258010118,0.80392074198988195
2023-06-05,balanced_raw_adaptive,balanced,-0.0086179147574416554,0,0,-0.0086179147574416554,0.196079258010118,0.80392074198988195
2023-06-06,balanced_raw_adaptive,balanced,-0.00091725442745861272,0,0,-0.00091725442745861272,0.196079258010118,0.80392074198988195
2023-06-07,balanced_raw_adaptive,balanced,-0.0054273922192494255,0,0,-0.0054273922192494255,0.196079258010118,0.80392074198988195
2023-06-08,balanced_raw_adaptive,balanced,0.0071278354300080794,0,0,0.0071278354300080794,0.196079258010118,0.80392074198988195
2023-06-09,balanced_raw_adaptive,balanced,-0.0017232533660555918,0,0,-0.0017232533660555918,0.196079258010118,0.80392074198988195
2023-06-12,balanced_raw_adaptive,balanced,-0.00046087412018808996,0,0,-0.00046087412018808996,0.196079258010118,0.80392074198988195
2023-06-13,balanced_raw_adaptive,balanced,0.0039735014391689286,0,0,0.0039735014391689286,0.196079258010118,0.80392074198988195
2023-06-14,balanced_raw_adaptive,balanced,-0.0058611957744778061,0,0,-0.0058611957744778061,0.196079258010118,0.80392074198988195
2023-06-15,balanced_raw_adaptive,balanced,0.005782364091999467,0,0,0.005782364091999467,0.196079258010118,0.80392074198988195
2023-06-16,balanced_raw_adaptive,balanced,0.001274832700504253,0,0,0.001274832700504253,0.196079258010118,0.80392074198988195
2023-06-20,balanced_raw_adaptive,balanced,-0.0010606679957176578,0,0,-0.0010606679957176578,0.196079258010118,0.80392074198988195
2023-06-21,balanced_raw_adaptive,balanced,0.0066444689105545169,0,0,0.0066444689105545169,0.196079258010118,0.80392074198988195
2023-06-22,balanced_raw_adaptive,balanced,0.0059935959780361746,0,0,0.0059935959780361746,0.196079258010118,0.80392074198988195
2023-06-23,balanced_raw_adaptive,balanced,0.0010811359525936051,0,0,0.0010811359525936051,0.196079258010118,0.80392074198988195
2023-06-26,balanced_raw_adaptive,balanced,-0.00036130374463643475,0,0,-0.00036130374463643475,0.196079258010118,0.80392074198988195
2023-06-27,balanced_raw_adaptive,balanced,0.0089554850740202405,0,0,0.0089554850740202405,0.196079258010118,0.80392074198988195
2023-06-28,balanced_raw_adaptive,balanced,-0.0086496537326462754,0,0,-0.0086496537326462754,0.196079258010118,0.80392074198988195
2023-06-29,balanced_raw_adaptive,balanced,0.0026059099199133963,0,0,0.0026059099199133963,0.196079258010118,0.80392074198988195
2023-06-30,balanced_raw_adaptive,balanced,0.017331389752996626,0,0,0.017331389752996626,0.196079258010118,0.80392074198988195
2023-07-03,balanced_raw_adaptive,balanced,0.0017698788681172186,0.22403394997951104,0.00022403394997951105,0.0015458449181377076,0.1782894736842105,0.82171052631578956
2023-07-05,balanced_raw_adaptive,balanced,-0.0016759867193111733,0,0,-0.0016759867193111733,0.1782894736842105,0.82171052631578956
2023-07-06,balanced_raw_adaptive,balanced,-0.011757039373826357,0,0,-0.011757039373826357,0.1782894736842105,0.82171052631578956
2023-07-07,balanced_raw_adaptive,balanced,-0.0081939181847334626,0,0,-0.0081939181847334626,0.1782894736842105,0.82171052631578956
2023-07-10,balanced_raw_adaptive,balanced,0.003862082676008433,0,0,0.003862082676008433,0.1782894736842105,0.82171052631578956
2023-07-11,balanced_raw_adaptive,balanced,0.0082393516993545888,0,0,0.0082393516993545888,0.1782894736842105,0.82171052631578956
2023-07-12,balanced_raw_adaptive,balanced,-0.0025602161779014788,0,0,-0.0025602161779014788,0.1782894736842105,0.82171052631578956
2023-07-13,balanced_raw_adaptive,balanced,0.051660620301564965,0,0,0.051660620301564965,0.1782894736842105,0.82171052631578956
2023-07-14,balanced_raw_adaptive,balanced,-0.014356502140345426,0,0,-0.014356502140345426,0.1782894736842105,0.82171052631578956
2023-07-17,balanced_raw_adaptive,balanced,-0.0057710186911495796,0,0,-0.0057710186911495796,0.1782894736842105,0.82171052631578956
2023-07-18,balanced_raw_adaptive,balanced,0.0027831053301583912,0,0,0.0027831053301583912,0.1782894736842105,0.82171052631578956
2023-07-19,balanced_raw_adaptive,balanced,0.014927707701484497,0,0,0.014927707701484497,0.1782894736842105,0.82171052631578956
2023-07-20,balanced_raw_adaptive,balanced,0.009772399581054381,0,0,0.009772399581054381,0.1782894736842105,0.82171052631578956
2023-07-21,balanced_raw_adaptive,balanced,0.0033192435148638902,0,0,0.0033192435148638902,0.1782894736842105,0.82171052631578956
2023-07-24,balanced_raw_adaptive,balanced,-0.0085006089001994911,0,0,-0.0085006089001994911,0.1782894736842105,0.82171052631578956
2023-07-25,balanced_raw_adaptive,balanced,-0.0017227403072407261,0,0,-0.0017227403072407261,0.1782894736842105,0.82171052631578956
2023-07-26,balanced_raw_adaptive,balanced,0.0063777287501925808,0,0,0.0063777287501925808,0.1782894736842105,0.82171052631578956
2023-07-27,balanced_raw_adaptive,balanced,-0.0057487287798973054,0,0,-0.0057487287798973054,0.1782894736842105,0.82171052631578956
2023-07-28,balanced_raw_adaptive,balanced,0.0034414225624311116,0,0,0.0034414225624311116,0.1782894736842105,0.82171052631578956
2023-07-31,balanced_raw_adaptive,balanced,-0.0065818696466758177,0,0,-0.0065818696466758177,0.1782894736842105,0.82171052631578956
2023-08-01,balanced_raw_adaptive,balanced,-0.0035300279025273699,0.13796608332774282,0.00013796608332774282,-0.0036679939858551129,0.1648757016840417,0.83512429831595836
2023-08-02,balanced_raw_adaptive,balanced,-0.015479524948562584,0,0,-0.015479524948562584,0.1648757016840417,0.83512429831595836
2023-08-03,balanced_raw_adaptive,balanced,-0.010458754491083867,0,0,-0.010458754491083867,0.1648757016840417,0.83512429831595836
2023-08-04,balanced_raw_adaptive,balanced,-0.0086226922967148883,0,0,-0.0086226922967148883,0.1648757016840417,0.83512429831595836
2023-08-07,balanced_raw_adaptive,balanced,0.010211207057321597,0,0,0.010211207057321597,0.1648757016840417,0.83512429831595836
2023-08-08,balanced_raw_adaptive,balanced,-0.00056990768290312655,0,0,-0.00056990768290312655,0.1648757016840417,0.83512429831595836
2023-08-09,balanced_raw_adaptive,balanced,0.0012830721351681869,0,0,0.0012830721351681869,0.1648757016840417,0.83512429831595836
2023-08-10,balanced_raw_adaptive,balanced,-0.0033676582513617968,0,0,-0.0033676582513617968,0.1648757016840417,0.83512429831595836
2023-08-11,balanced_raw_adaptive,balanced,0.0052289243683038738,0,0,0.0052289243683038738,0.1648757016840417,0.83512429831595836
2023-08-14,balanced_raw_adaptive,balanced,1.7161691661527444e-05,0,0,1.7161691661527444e-05,0.1648757016840417,0.83512429831595836
2023-08-15,balanced_raw_adaptive,balanced,-0.010153525904159801,0,0,-0.010153525904159801,0.1648757016840417,0.83512429831595836
2023-08-16,balanced_raw_adaptive,balanced,-0.0072937628778442969,0,0,-0.0072937628778442969,0.1648757016840417,0.83512429831595836
2023-08-17,balanced_raw_adaptive,balanced,-0.019170113151690787,0,0,-0.019170113151690787,0.1648757016840417,0.83512429831595836
2023-08-18,balanced_raw_adaptive,balanced,0.0021882242524522118,0,0,0.0021882242524522118,0.1648757016840417,0.83512429831595836
2023-08-21,balanced_raw_adaptive,balanced,-0.0034802507517784692,0,0,-0.0034802507517784692,0.1648757016840417,0.83512429831595836
2023-08-22,balanced_raw_adaptive,balanced,-0.0064643992486641405,0,0,-0.0064643992486641405,0.1648757016840417,0.83512429831595836
2023-08-23,balanced_raw_adaptive,balanced,0.014524631096636161,0,0,0.014524631096636161,0.1648757016840417,0.83512429831595836
2023-08-24,balanced_raw_adaptive,balanced,-0.010903298994679346,0,0,-0.010903298994679346,0.1648757016840417,0.83512429831595836
2023-08-25,balanced_raw_adaptive,balanced,0.0026976836952940599,0,0,0.0026976836952940599,0.1648757016840417,0.83512429831595836
2023-08-28,balanced_raw_adaptive,balanced,0.0014175155959662467,0,0,0.0014175155959662467,0.1648757016840417,0.83512429831595836
2023-08-29,balanced_raw_adaptive,balanced,0.012107948633685155,0,0,0.012107948633685155,0.1648757016840417,0.83512429831595836
2023-08-30,balanced_raw_adaptive,balanced,-0.0014795866158936492,0,0,-0.0014795866158936492,0.1648757016840417,0.83512429831595836
2023-08-31,balanced_raw_adaptive,balanced,-0.0097258452093315073,0,0,-0.0097258452093315073,0.1648757016840417,0.83512429831595836
2023-09-01,balanced_raw_adaptive,balanced,0.00042909630681974128,0.4123719072248716,0.00041237190722487159,1.6724399594869697e-05,0.17077464788732391,0.82922535211267612
2023-09-05,balanced_raw_adaptive,balanced,-0.010213063652523887,0,0,-0.010213063652523887,0.17077464788732391,0.82922535211267612
2023-09-06,balanced_raw_adaptive,balanced,-0.0022461265731145109,0,0,-0.0022461265731145109,0.17077464788732391,0.82922535211267612
2023-09-07,balanced_raw_adaptive,balanced,0.0082800194342114494,0,0,0.0082800194342114494,0.17077464788732391,0.82922535211267612
2023-09-08,balanced_raw_adaptive,balanced,0.002985558832801881,0,0,0.002985558832801881,0.17077464788732391,0.82922535211267612
2023-09-11,balanced_raw_adaptive,balanced,-0.00274111962664585,0,0,-0.00274111962664585,0.17077464788732391,0.82922535211267612
2023-09-12,balanced_raw_adaptive,balanced,0.0074370791495371354,0,0,0.0074370791495371354,0.17077464788732391,0.82922535211267612
2023-09-13,balanced_raw_adaptive,balanced,0.0032125116579536368,0,0,0.0032125116579536368,0.17077464788732391,0.82922535211267612
2023-09-14,balanced_raw_adaptive,balanced,0.0086753871667223769,0,0,0.0086753871667223769,0.17077464788732391,0.82922535211267612
2023-09-15,balanced_raw_adaptive,balanced,-0.0046464213721736725,0,0,-0.0046464213721736725,0.17077464788732391,0.82922535211267612
2023-09-18,balanced_raw_adaptive,balanced,0.0019068887679107621,0,0,0.0019068887679107621,0.17077464788732391,0.82922535211267612
2023-09-19,balanced_raw_adaptive,balanced,0.00088184866117019343,0,0,0.00088184866117019343,0.17077464788732391,0.82922535211267612
2023-09-20,balanced_raw_adaptive,balanced,-0.0037207626970724638,0,0,-0.0037207626970724638,0.17077464788732391,0.82922535211267612
2023-09-21,balanced_raw_adaptive,balanced,-0.016066058483189736,0,0,-0.016066058483189736,0.17077464788732391,0.82922535211267612
2023-09-22,balanced_raw_adaptive,balanced,-0.0025060253298313782,0,0,-0.0025060253298313782,0.17077464788732391,0.82922535211267612
2023-09-25,balanced_raw_adaptive,balanced,0.00094472207105964195,0,0,0.00094472207105964195,0.17077464788732391,0.82922535211267612
2023-09-26,balanced_raw_adaptive,balanced,-0.006831479135480989,0,0,-0.006831479135480989,0.17077464788732391,0.82922535211267612
2023-09-27,balanced_raw_adaptive,balanced,-0.0037172704979321364,0,0,-0.0037172704979321364,0.17077464788732391,0.82922535211267612
2023-09-28,balanced_raw_adaptive,balanced,0.0077625835586173243,0,0,0.0077625835586173243,0.17077464788732391,0.82922535211267612
2023-09-29,balanced_raw_adaptive,balanced,-0.0041191157674848045,0,0,-0.0041191157674848045,0.17077464788732391,0.82922535211267612
2023-10-02,balanced_raw_adaptive,balanced,-0.0076399174123037913,0.33911082212818328,0.00033911082212818329,-0.0079790282344319747,0.18530986993113999,0.81469013006886004
2023-10-03,balanced_raw_adaptive,balanced,-0.01220120764604923,0,0,-0.01220120764604923,0.18530986993113999,0.81469013006886004
2023-10-04,balanced_raw_adaptive,balanced,0.0053114998170104852,0,0,0.0053114998170104852,0.18530986993113999,0.81469013006886004
2023-10-05,balanced_raw_adaptive,balanced,-0.0051494398663939952,0,0,-0.0051494398663939952,0.18530986993113999,0.81469013006886004
2023-10-06,balanced_raw_adaptive,balanced,0.0063046546054031597,0,0,0.0063046546054031597,0.18530986993113999,0.81469013006886004
2023-10-09,balanced_raw_adaptive,balanced,0.00013691333904103321,0,0,0.00013691333904103321,0.18530986993113999,0.81469013006886004
2023-10-10,balanced_raw_adaptive,balanced,0.004360451607076616,0,0,0.004360451607076616,0.18530986993113999,0.81469013006886004
2023-10-11,balanced_raw_adaptive,balanced,0.00056078539323781715,0,0,0.00056078539323781715,0.18530986993113999,0.81469013006886004
2023-10-12,balanced_raw_adaptive,balanced,-0.0054500677752523201,0,0,-0.0054500677752523201,0.18530986993113999,0.81469013006886004
2023-10-13,balanced_raw_adaptive,balanced,0.0033192057175230583,0,0,0.0033192057175230583,0.18530986993113999,0.81469013006886004
2023-10-16,balanced_raw_adaptive,balanced,0.01339473761775597,0,0,0.01339473761775597,0.18530986993113999,0.81469013006886004
2023-10-17,balanced_raw_adaptive,balanced,-0.0030363105148237704,0,0,-0.0030363105148237704,0.18530986993113999,0.81469013006886004
2023-10-18,balanced_raw_adaptive,balanced,-0.0089706332817971815,0,0,-0.0089706332817971815,0.18530986993113999,0.81469013006886004
2023-10-19,balanced_raw_adaptive,balanced,-0.007067195301997121,0,0,-0.007067195301997121,0.18530986993113999,0.81469013006886004
2023-10-20,balanced_raw_adaptive,balanced,0.0059268683094751504,0,0,0.0059268683094751504,0.18530986993113999,0.81469013006886004
2023-10-23,balanced_raw_adaptive,balanced,0.011699827428770789,0,0,0.011699827428770789,0.18530986993113999,0.81469013006886004
2023-10-24,balanced_raw_adaptive,balanced,0.0087578852192192955,0,0,0.0087578852192192955,0.18530986993113999,0.81469013006886004
2023-10-25,balanced_raw_adaptive,balanced,-0.00074566435074943334,0,0,-0.00074566435074943334,0.18530986993113999,0.81469013006886004
2023-10-26,balanced_raw_adaptive,balanced,-0.0039294487660532056,0,0,-0.0039294487660532056,0.18530986993113999,0.81469013006886004
2023-10-27,balanced_raw_adaptive,balanced,-0.013932607575707601,0,0,-0.013932607575707601,0.18530986993113999,0.81469013006886004
2023-10-30,balanced_raw_adaptive,balanced,0.0075954090609065411,0,0,0.0075954090609065411,0.18530986993113999,0.81469013006886004
2023-10-31,balanced_raw_adaptive,balanced,0.004840091322664053,0,0,0.004840091322664053,0.18530986993113999,0.81469013006886004
2023-11-01,balanced_raw_adaptive,balanced,0.010478370772347756,0.30333866917175856,0.00030333866917175859,0.010175032103175998,0.1998879761015683,0.80011202389843172
2023-11-02,balanced_raw_adaptive,balanced,0.006803188211970259,0,0,0.006803188211970259,0.1998879761015683,0.80011202389843172
2023-11-03,balanced_raw_adaptive,balanced,0.0042952190298969671,0,0,0.0042952190298969671,0.1998879761015683,0.80011202389843172
2023-11-06,balanced_raw_adaptive,balanced,0.0020392980783813354,0,0,0.0020392980783813354,0.1998879761015683,0.80011202389843172
2023-11-07,balanced_raw_adaptive,balanced,-0.0016275520835993206,0,0,-0.0016275520835993206,0.1998879761015683,0.80011202389843172
2023-11-08,balanced_raw_adaptive,balanced,-0.0015665763515640405,0,0,-0.0015665763515640405,0.1998879761015683,0.80011202389843172
2023-11-09,balanced_raw_adaptive,balanced,0.0010098327274993808,0,0,0.0010098327274993808,0.1998879761015683,0.80011202389843172
2023-11-10,balanced_raw_adaptive,balanced,0.010419717045585381,0,0,0.010419717045585381,0.1998879761015683,0.80011202389843172
2023-11-13,balanced_raw_adaptive,balanced,-0.0049533931914660457,0,0,-0.0049533931914660457,0.1998879761015683,0.80011202389843172
2023-11-14,balanced_raw_adaptive,balanced,0.0009468998686696235,0,0,0.0009468998686696235,0.1998879761015683,0.80011202389843172
2023-11-15,balanced_raw_adaptive,balanced,0.010914545763198303,0,0,0.010914545763198303,0.1998879761015683,0.80011202389843172
2023-11-16,balanced_raw_adaptive,balanced,-0.010721247907585432,0,0,-0.010721247907585432,0.1998879761015683,0.80011202389843172
2023-11-17,balanced_raw_adaptive,balanced,-2.4465070802630405e-05,0,0,-2.4465070802630405e-05,0.1998879761015683,0.80011202389843172
2023-11-20,balanced_raw_adaptive,balanced,0.002034787061120414,0,0,0.002034787061120414,0.1998879761015683,0.80011202389843172
2023-11-21,balanced_raw_adaptive,balanced,-0.0089439052660908163,0,0,-0.0089439052660908163,0.1998879761015683,0.80011202389843172
2023-11-22,balanced_raw_adaptive,balanced,0.010766149334291243,0,0,0.010766149334291243,0.1998879761015683,0.80011202389843172
2023-11-24,balanced_raw_adaptive,balanced,0.0039314974768308577,0,0,0.0039314974768308577,0.1998879761015683,0.80011202389843172
2023-11-27,balanced_raw_adaptive,balanced,-0.0055744814994571866,0,0,-0.0055744814994571866,0.1998879761015683,0.80011202389843172
2023-11-28,balanced_raw_adaptive,balanced,0.0015887513558607372,0,0,0.0015887513558607372,0.1998879761015683,0.80011202389843172
2023-11-29,balanced_raw_adaptive,balanced,-0.00059179165670778921,0,0,-0.00059179165670778921,0.1998879761015683,0.80011202389843172
2023-11-30,balanced_raw_adaptive,balanced,0.0065025221623868212,0,0,0.0065025221623868212,0.1998879761015683,0.80011202389843172
2023-12-01,balanced_raw_adaptive,balanced,0.0064676666232735963,0.20960644451711663,0.00020960644451711662,0.0062580601787564794,0.19452154857560261,0.80547845142439733
2023-12-04,balanced_raw_adaptive,balanced,0.0094926999718252161,0,0,0.0094926999718252161,0.19452154857560261,0.80547845142439733
2023-12-05,balanced_raw_adaptive,balanced,0.0044944933487952249,0,0,0.0044944933487952249,0.19452154857560261,0.80547845142439733
2023-12-06,balanced_raw_adaptive,balanced,-0.0012106821000632969,0,0,-0.0012106821000632969,0.19452154857560261,0.80547845142439733
2023-12-07,balanced_raw_adaptive,balanced,0.0032049290567046935,0,0,0.0032049290567046935,0.19452154857560261,0.80547845142439733
2023-12-08,balanced_raw_adaptive,balanced,0.0071994541445339864,0,0,0.0071994541445339864,0.19452154857560261,0.80547845142439733
2023-12-11,balanced_raw_adaptive,balanced,-0.0057423876104701959,0,0,-0.0057423876104701959,0.19452154857560261,0.80547845142439733
2023-12-12,balanced_raw_adaptive,balanced,0.0044751660551514642,0,0,0.0044751660551514642,0.19452154857560261,0.80547845142439733
2023-12-13,balanced_raw_adaptive,balanced,0.016730846576025974,0,0,0.016730846576025974,0.19452154857560261,0.80547845142439733
2023-12-14,balanced_raw_adaptive,balanced,-0.0045938554819018179,0,0,-0.0045938554819018179,0.19452154857560261,0.80547845142439733
2023-12-15,balanced_raw_adaptive,balanced,-0.011952567502516798,0,0,-0.011952567502516798,0.19452154857560261,0.80547845142439733
2023-12-18,balanced_raw_adaptive,balanced,0.0052342179901352908,0,0,0.0052342179901352908,0.19452154857560261,0.80547845142439733
2023-12-19,balanced_raw_adaptive,balanced,-0.0019732116194639904,0,0,-0.0019732116194639904,0.19452154857560261,0.80547845142439733
2023-12-20,balanced_raw_adaptive,balanced,-0.0077438012669853694,0,0,-0.0077438012669853694,0.19452154857560261,0.80547845142439733
2023-12-21,balanced_raw_adaptive,balanced,0.0085172781630341275,0,0,0.0085172781630341275,0.19452154857560261,0.80547845142439733
2023-12-22,balanced_raw_adaptive,balanced,0.0080642302544635149,0,0,0.0080642302544635149,0.19452154857560261,0.80547845142439733
2023-12-26,balanced_raw_adaptive,balanced,-0.0017446440184154814,0,0,-0.0017446440184154814,0.19452154857560261,0.80547845142439733
2023-12-27,balanced_raw_adaptive,balanced,0.014639166730314596,0,0,0.014639166730314596,0.19452154857560261,0.80547845142439733
2023-12-28,balanced_raw_adaptive,balanced,0.00056314562109611738,0,0,0.00056314562109611738,0.19452154857560261,0.80547845142439733
2023-12-29,balanced_raw_adaptive,balanced,-0.0027303896403934832,0,0,-0.0027303896403934832,0.19452154857560261,0.80547845142439733
2021-01-04,conservative_raw_adaptive,conservative,0.0078095773613443241,0,0,0.0078095773613443241,0.019672131147540899,0.98032786885245915
2021-01-05,conservative_raw_adaptive,conservative,0.0034527234132819859,0,0,0.0034527234132819859,0.019672131147540899,0.98032786885245915
2021-01-06,conservative_raw_adaptive,conservative,0.012465406015956857,0,0,0.012465406015956857,0.019672131147540899,0.98032786885245915
2021-01-07,conservative_raw_adaptive,conservative,0.012417522230272926,0,0,0.012417522230272926,0.019672131147540899,0.98032786885245915
2021-01-08,conservative_raw_adaptive,conservative,-0.0033537226307010989,0,0,-0.0033537226307010989,0.019672131147540899,0.98032786885245915
2021-01-11,conservative_raw_adaptive,conservative,-0.0032680950718479212,0,0,-0.0032680950718479212,0.019672131147540899,0.98032786885245915
2021-01-12,conservative_raw_adaptive,conservative,-0.009473851658552173,0,0,-0.009473851658552173,0.019672131147540899,0.98032786885245915
2021-01-13,conservative_raw_adaptive,conservative,-0.0033341152860183998,0,0,-0.0033341152860183998,0.019672131147540899,0.98032786885245915
2021-01-14,conservative_raw_adaptive,conservative,0.0014767528371725583,0,0,0.0014767528371725583,0.019672131147540899,0.98032786885245915
2021-01-15,conservative_raw_adaptive,conservative,-0.0017837027158951711,0,0,-0.0017837027158951711,0.019672131147540899,0.98032786885245915
2021-01-19,conservative_raw_adaptive,conservative,0.011831152250713179,0,0,0.011831152250713179,0.019672131147540899,0.98032786885245915
2021-01-20,conservative_raw_adaptive,conservative,0.015567531051864161,0,0,0.015567531051864161,0.019672131147540899,0.98032786885245915
2021-01-21,conservative_raw_adaptive,conservative,-0.01430185441978505,0,0,-0.01430185441978505,0.019672131147540899,0.98032786885245915
2021-01-22,conservative_raw_adaptive,conservative,-0.00027705375710618697,0,0,-0.00027705375710618697,0.019672131147540899,0.98032786885245915
2021-01-25,conservative_raw_adaptive,conservative,0.0019442784652008186,0,0,0.0019442784652008186,0.019672131147540899,0.98032786885245915
2021-01-26,conservative_raw_adaptive,conservative,-0.009997010097358856,0,0,-0.009997010097358856,0.019672131147540899,0.98032786885245915
2021-01-27,conservative_raw_adaptive,conservative,-0.031164096827534158,0,0,-0.031164096827534158,0.019672131147540899,0.98032786885245915
2021-01-28,conservative_raw_adaptive,conservative,0.0089158174732365866,0,0,0.0089158174732365866,0.019672131147540899,0.98032786885245915
2021-01-29,conservative_raw_adaptive,conservative,-0.0044792220252723638,0,0,-0.0044792220252723638,0.019672131147540899,0.98032786885245915
2021-02-01,conservative_raw_adaptive,conservative,-0.00018386751304313407,0.13732670762768215,0.00013732670762768215,-0.00032119422067081622,0.0191616766467065,0.98083832335329346
2021-02-02,conservative_raw_adaptive,conservative,0.0096771614849348684,0,0,0.0096771614849348684,0.0191616766467065,0.98083832335329346
2021-02-03,conservative_raw_adaptive,conservative,-0.0071110706155860732,0,0,-0.0071110706155860732,0.0191616766467065,0.98083832335329346
2021-02-04,conservative_raw_adaptive,conservative,-0.002488252286680009,0,0,-0.002488252286680009,0.0191616766467065,0.98083832335329346
2021-02-05,conservative_raw_adaptive,conservative,0.019858887506013213,0,0,0.019858887506013213,0.0191616766467065,0.98083832335329346
2021-02-08,conservative_raw_adaptive,conservative,0.0084717338421357591,0,0,0.0084717338421357591,0.0191616766467065,0.98083832335329346
2021-02-09,conservative_raw_adaptive,conservative,-0.010541745312159179,0,0,-0.010541745312159179,0.0191616766467065,0.98083832335329346
2021-02-10,conservative_raw_adaptive,conservative,-0.0044727805866212325,0,0,-0.0044727805866212325,0.0191616766467065,0.98083832335329346
2021-02-11,conservative_raw_adaptive,conservative,-0.0048525329128549059,0,0,-0.0048525329128549059,0.0191616766467065,0.98083832335329346
2021-02-12,conservative_raw_adaptive,conservative,0.0069025956506696658,0,0,0.0069025956506696658,0.0191616766467065,0.98083832335329346
2021-02-16,conservative_raw_adaptive,conservative,-0.012009464915235329,0,0,-0.012009464915235329,0.0191616766467065,0.98083832335329346
2021-02-17,conservative_raw_adaptive,conservative,0.0054593943443171948,0,0,0.0054593943443171948,0.0191616766467065,0.98083832335329346
2021-02-18,conservative_raw_adaptive,conservative,-0.010236334835419631,0,0,-0.010236334835419631,0.0191616766467065,0.98083832335329346
2021-02-19,conservative_raw_adaptive,conservative,-0.0061262371881117489,0,0,-0.0061262371881117489,0.0191616766467065,0.98083832335329346
2021-02-22,conservative_raw_adaptive,conservative,-0.0048151976688104448,0,0,-0.0048151976688104448,0.0191616766467065,0.98083832335329346
2021-02-23,conservative_raw_adaptive,conservative,-0.01526202445517582,0,0,-0.01526202445517582,0.0191616766467065,0.98083832335329346
2021-02-24,conservative_raw_adaptive,conservative,0.00035200579166674601,0,0,0.00035200579166674601,0.0191616766467065,0.98083832335329346
2021-02-25,conservative_raw_adaptive,conservative,-0.010441655172802844,0,0,-0.010441655172802844,0.0191616766467065,0.98083832335329346
2021-02-26,conservative_raw_adaptive,conservative,-0.018149877720038773,0,0,-0.018149877720038773,0.0191616766467065,0.98083832335329346
2021-03-01,conservative_raw_adaptive,conservative,0.0097326262436444304,0.072870048602821563,7.2870048602821568e-05,0.0096597561950416081,0.023756906077348001,0.97624309392265196
2021-03-02,conservative_raw_adaptive,conservative,0.0067695463065015754,0,0,0.0067695463065015754,0.023756906077348001,0.97624309392265196
2021-03-03,conservative_raw_adaptive,conservative,-0.010537124585350619,0,0,-0.010537124585350619,0.023756906077348001,0.97624309392265196
2021-03-04,conservative_raw_adaptive,conservative,-0.006740315976477086,0,0,-0.006740315976477086,0.023756906077348001,0.97624309392265196
2021-03-05,conservative_raw_adaptive,conservative,0.011430009972564265,0,0,0.011430009972564265,0.023756906077348001,0.97624309392265196
2021-03-08,conservative_raw_adaptive,conservative,-0.0032203668148618756,0,0,-0.0032203668148618756,0.023756906077348001,0.97624309392265196
2021-03-09,conservative_raw_adaptive,conservative,0.0079517862639533164,0,0,0.0079517862639533164,0.023756906077348001,0.97624309392265196
2021-03-10,conservative_raw_adaptive,conservative,0.0053882180015215539,0,0,0.0053882180015215539,0.023756906077348001,0.97624309392265196
2021-03-11,conservative_raw_adaptive,conservative,0.0017927276810626471,0,0,0.0017927276810626471,0.023756906077348001,0.97624309392265196
2021-03-12,conservative_raw_adaptive,conservative,0.0045022012279669708,0,0,0.0045022012279669708,0.023756906077348001,0.97624309392265196
2021-03-15,conservative_raw_adaptive,conservative,0.015021308810160176,0,0,0.015021308810160176,0.023756906077348001,0.97624309392265196
2021-03-16,conservative_raw_adaptive,conservative,0.0074281870641364654,0,0,0.0074281870641364654,0.023756906077348001,0.97624309392265196
2021-03-17,conservative_raw_adaptive,conservative,0.0011607342345979052,0,0,0.0011607342345979052,0.023756906077348001,0.97624309392265196
2021-03-18,conservative_raw_adaptive,conservative,-0.0059515230701645437,0,0,-0.0059515230701645437,0.023756906077348001,0.97624309392265196
2021-03-19,conservative_raw_adaptive,conservative,0.0025502709251626053,0,0,0.0025502709251626053,0.023756906077348001,0.97624309392265196
2021-03-22,conservative_raw_adaptive,conservative,0.0023552708582745977,0,0,0.0023552708582745977,0.023756906077348001,0.97624309392265196
2021-03-23,conservative_raw_adaptive,conservative,-0.0036872743758236412,0,0,-0.0036872743758236412,0.023756906077348001,0.97624309392265196
2021-03-24,conservative_raw_adaptive,conservative,-0.0048932229258713093,0,0,-0.0048932229258713093,0.023756906077348001,0.97624309392265196
2021-03-25,conservative_raw_adaptive,conservative,-0.00022810808432371696,0,0,-0.00022810808432371696,0.023756906077348001,0.97624309392265196
2021-03-26,conservative_raw_adaptive,conservative,0.019677552945957136,0,0,0.019677552945957136,0.023756906077348001,0.97624309392265196
2021-03-29,conservative_raw_adaptive,conservative,0.011702176730928427,0,0,0.011702176730928427,0.023756906077348001,0.97624309392265196
2021-03-30,conservative_raw_adaptive,conservative,-0.01125133220959755,0,0,-0.01125133220959755,0.023756906077348001,0.97624309392265196
2021-03-31,conservative_raw_adaptive,conservative,0.0013660422377823481,0,0,0.0013660422377823481,0.023756906077348001,0.97624309392265196
2021-04-01,conservative_raw_adaptive,conservative,0.0075182322386838528,0.54319641298869148,0.00054319641298869144,0.0069750358256951616,0.056455696202531602,0.94354430379746845
2021-04-05,conservative_raw_adaptive,conservative,0.015468304169417857,0,0,0.015468304169417857,0.056455696202531602,0.94354430379746845
2021-04-06,conservative_raw_adaptive,conservative,0.0023318749879556559,0,0,0.0023318749879556559,0.056455696202531602,0.94354430379746845
2021-04-07,conservative_raw_adaptive,conservative,-0.0037270879071019235,0,0,-0.0037270879071019235,0.056455696202531602,0.94354430379746845
2021-04-08,conservative_raw_adaptive,conservative,0.0027408606539812176,0,0,0.0027408606539812176,0.056455696202531602,0.94354430379746845
2021-04-09,conservative_raw_adaptive,conservative,0.0014037560756516559,0,0,0.0014037560756516559,0.056455696202531602,0.94354430379746845
2021-04-12,conservative_raw_adaptive,conservative,0.0018675520095953796,0,0,0.0018675520095953796,0.056455696202531602,0.94354430379746845
2021-04-13,conservative_raw_adaptive,conservative,0.0068007087520177718,0,0,0.0068007087520177718,0.056455696202531602,0.94354430379746845
2021-04-14,conservative_raw_adaptive,conservative,-0.0017856386548849548,0,0,-0.0017856386548849548,0.056455696202531602,0.94354430379746845
2021-04-15,conservative_raw_adaptive,conservative,0.013111275945867723,0,0,0.013111275945867723,0.056455696202531602,0.94354430379746845
2021-04-16,conservative_raw_adaptive,conservative,0.004881702145307993,0,0,0.004881702145307993,0.056455696202531602,0.94354430379746845
2021-04-19,conservative_raw_adaptive,conservative,-0.0066571850347067214,0,0,-0.0066571850347067214,0.056455696202531602,0.94354430379746845
2021-04-20,conservative_raw_adaptive,conservative,0.0048821459342247272,0,0,0.0048821459342247272,0.056455696202531602,0.94354430379746845
2021-04-21,conservative_raw_adaptive,conservative,0.0012346514128329933,0,0,0.0012346514128329933,0.056455696202531602,0.94354430379746845
2021-04-22,conservative_raw_adaptive,conservative,-0.0018917399674682443,0,0,-0.0018917399674682443,0.056455696202531602,0.94354430379746845
2021-04-23,conservative_raw_adaptive,conservative,0.0010607530899217194,0,0,0.0010607530899217194,0.056455696202531602,0.94354430379746845
2021-04-26,conservative_raw_adaptive,conservative,0.0027659018839950849,0,0,0.0027659018839950849,0.056455696202531602,0.94354430379746845
2021-04-27,conservative_raw_adaptive,conservative,-0.0013396031844169593,0,0,-0.0013396031844169593,0.056455696202531602,0.94354430379746845
2021-04-28,conservative_raw_adaptive,conservative,0.00029512190550147249,0,0,0.00029512190550147249,0.056455696202531602,0.94354430379746845
2021-04-29,conservative_raw_adaptive,conservative,0.010874910070156963,0,0,0.010874910070156963,0.056455696202531602,0.94354430379746845
2021-04-30,conservative_raw_adaptive,conservative,0.0027891909378300458,0,0,0.0027891909378300458,0.056455696202531602,0.94354430379746845
2021-05-03,conservative_raw_adaptive,conservative,0.010980717052298302,0.22300818002322126,0.00022300818002322125,0.010757708872275082,0.065176470588235294,0.93482352941176472
2021-05-04,conservative_raw_adaptive,conservative,-0.0039617398998873406,0,0,-0.0039617398998873406,0.065176470588235294,0.93482352941176472
2021-05-05,conservative_raw_adaptive,conservative,0.012500219343816281,0,0,0.012500219343816281,0.065176470588235294,0.93482352941176472
2021-05-06,conservative_raw_adaptive,conservative,0.019075041195896911,0,0,0.019075041195896911,0.065176470588235294,0.93482352941176472
2021-05-07,conservative_raw_adaptive,conservative,-0.0017486339563114093,0,0,-0.0017486339563114093,0.065176470588235294,0.93482352941176472
2021-05-10,conservative_raw_adaptive,conservative,0.0018911172029131827,0,0,0.0018911172029131827,0.065176470588235294,0.93482352941176472
2021-05-11,conservative_raw_adaptive,conservative,0.0064972729784382012,0,0,0.0064972729784382012,0.065176470588235294,0.93482352941176472
2021-05-12,conservative_raw_adaptive,conservative,-0.035788991030019229,0,0,-0.035788991030019229,0.065176470588235294,0.93482352941176472
2021-05-13,conservative_raw_adaptive,conservative,0.018551691060602053,0,0,0.018551691060602053,0.065176470588235294,0.93482352941176472
2021-05-14,conservative_raw_adaptive,conservative,0.009890365745236971,0,0,0.009890365745236971,0.065176470588235294,0.93482352941176472
2021-05-17,conservative_raw_adaptive,conservative,-0.0053991702735676729,0,0,-0.0053991702735676729,0.065176470588235294,0.93482352941176472
2021-05-18,conservative_raw_adaptive,conservative,0.002324200428365202,0,0,0.002324200428365202,0.065176470588235294,0.93482352941176472
2021-05-19,conservative_raw_adaptive,conservative,-0.025037861936048306,0,0,-0.025037861936048306,0.065176470588235294,0.93482352941176472
2021-05-20,conservative_raw_adaptive,conservative,0.017636132707355506,0,0,0.017636132707355506,0.065176470588235294,0.93482352941176472
2021-05-21,conservative_raw_adaptive,conservative,-0.010492681593635115,0,0,-0.010492681593635115,0.065176470588235294,0.93482352941176472
2021-05-24,conservative_raw_adaptive,conservative,0.014014213665910493,0,0,0.014014213665910493,0.065176470588235294,0.93482352941176472
2021-05-25,conservative_raw_adaptive,conservative,-0.0024512887150170033,0,0,-0.0024512887150170033,0.065176470588235294,0.93482352941176472
2021-05-26,conservative_raw_adaptive,conservative,0.0063234652678503395,0,0,0.0063234652678503395,0.065176470588235294,0.93482352941176472
2021-05-27,conservative_raw_adaptive,conservative,-0.0058435504774648466,0,0,-0.0058435504774648466,0.065176470588235294,0.93482352941176472
2021-05-28,conservative_raw_adaptive,conservative,-0.0048275378211946858,0,0,-0.0048275378211946858,0.065176470588235294,0.93482352941176472
2021-06-01,conservative_raw_adaptive,conservative,-0.0022589363689539546,0.24815862582750964,0.00024815862582750967,-0.0025070949947814643,0.0066225165562912996,0.99337748344370869
2021-06-02,conservative_raw_adaptive,conservative,0.0031626481656191149,0,0,0.0031626481656191149,0.0066225165562912996,0.99337748344370869
2021-06-03,conservative_raw_adaptive,conservative,0.0043805783062499373,0,0,0.0043805783062499373,0.0066225165562912996,0.99337748344370869
2021-06-04,conservative_raw_adaptive,conservative,0.002726049603299115,0,0,0.002726049603299115,0.0066225165562912996,0.99337748344370869
2021-06-07,conservative_raw_adaptive,conservative,-0.00024161779185416499,0,0,-0.00024161779185416499,0.0066225165562912996,0.99337748344370869
2021-06-08,conservative_raw_adaptive,conservative,-0.0049395141324604305,0,0,-0.0049395141324604305,0.0066225165562912996,0.99337748344370869
2021-06-09,conservative_raw_adaptive,conservative,0.0025457925190282395,0,0,0.0025457925190282395,0.0066225165562912996,0.99337748344370869
2021-06-10,conservative_raw_adaptive,conservative,0.0040395044627543923,0,0,0.0040395044627543923,0.0066225165562912996,0.99337748344370869
2021-06-11,conservative_raw_adaptive,conservative,0.0011567872287134638,0,0,0.0011567872287134638,0.0066225165562912996,0.99337748344370869
2021-06-14,conservative_raw_adaptive,conservative,0.00088355184429133118,0,0,0.00088355184429133118,0.0066225165562912996,0.99337748344370869
2021-06-15,conservative_raw_adaptive,conservative,-0.0014052576165224412,0,0,-0.0014052576165224412,0.0066225165562912996,0.99337748344370869
2021-06-16,conservative_raw_adaptive,conservative,-0.012614191992936433,0,0,-0.012614191992936433,0.0066225165562912996,0.99337748344370869
2021-06-17,conservative_raw_adaptive,conservative,0.001773616402767238,0,0,0.001773616402767238,0.0066225165562912996,0.99337748344370869
2021-06-18,conservative_raw_adaptive,conservative,-0.013477231320972265,0,0,-0.013477231320972265,0.0066225165562912996,0.99337748344370869
2021-06-21,conservative_raw_adaptive,conservative,0.012629312193903466,0,0,0.012629312193903466,0.0066225165562912996,0.99337748344370869
2021-06-22,conservative_raw_adaptive,conservative,-0.0015823448907209519,0,0,-0.0015823448907209519,0.0066225165562912996,0.99337748344370869
2021-06-23,conservative_raw_adaptive,conservative,-0.0060770888916722443,0,0,-0.0060770888916722443,0.0066225165562912996,0.99337748344370869
2021-06-24,conservative_raw_adaptive,conservative,0.0014778091922960251,0,0,0.0014778091922960251,0.0066225165562912996,0.99337748344370869
2021-06-25,conservative_raw_adaptive,conservative,0.017759082880780309,0,0,0.017759082880780309,0.0066225165562912996,0.99337748344370869
2021-06-28,conservative_raw_adaptive,conservative,0.00051302176322257846,0,0,0.00051302176322257846,0.0066225165562912996,0.99337748344370869
2021-06-29,conservative_raw_adaptive,conservative,-0.0041118551041114827,0,0,-0.0041118551041114827,0.0066225165562912996,0.99337748344370869
2021-06-30,conservative_raw_adaptive,conservative,0.0064392176816719261,0,0,0.0064392176816719261,0.0066225165562912996,0.99337748344370869
2021-07-01,conservative_raw_adaptive,conservative,0.0054153506139256111,0.32369970114691965,0.00032369970114691965,0.0050916509127786917,0,1
2021-07-02,conservative_raw_adaptive,conservative,0.0044617936365605069,0,0,0.0044617936365605069,0,1
2021-07-06,conservative_raw_adaptive,conservative,-0.0012952552459217935,0,0,-0.0012952552459217935,0,1
2021-07-07,conservative_raw_adaptive,conservative,0.0027305716713550894,0,0,0.0027305716713550894,0,1
2021-07-08,conservative_raw_adaptive,conservative,-0.0059438273927507179,0,0,-0.0059438273927507179,0,1
2021-07-09,conservative_raw_adaptive,conservative,0.007855258627062078,0,0,0.007855258627062078,0,1
2021-07-12,conservative_raw_adaptive,conservative,0.0031593960121517667,0,0,0.0031593960121517667,0,1
2021-07-13,conservative_raw_adaptive,conservative,-0.0025690401267982796,0,0,-0.0025690401267982796,0,1
2021-07-14,conservative_raw_adaptive,conservative,0.0035738166397040637,0,0,0.0035738166397040637,0,1
2021-07-15,conservative_raw_adaptive,conservative,0.0043669703207851445,0,0,0.0043669703207851445,0,1
2021-07-16,conservative_raw_adaptive,conservative,0.00077990486213411257,0,0,0.00077990486213411257,0,1
2021-07-19,conservative_raw_adaptive,conservative,-0.010738336781162542,0,0,-0.010738336781162542,0,1
2021-07-20,conservative_raw_adaptive,conservative,0.005693579879810404,0,0,0.005693579879810404,0,1
2021-07-21,conservative_raw_adaptive,conservative,-0.0034188217172314013,0,0,-0.0034188217172314013,0,1
2021-07-22,conservative_raw_adaptive,conservative,0.0026183171660973154,0,0,0.0026183171660973154,0,1
2021-07-23,conservative_raw_adaptive,conservative,0.011860471161380674,0,0,0.011860471161380674,0,1
2021-07-26,conservative_raw_adaptive,conservative,9.650084674552343e-05,0,0,9.650084674552343e-05,0,1
2021-07-27,conservative_raw_adaptive,conservative,0.0016325701528255719,0,0,0.0016325701528255719,0,1
2021-07-28,conservative_raw_adaptive,conservative,-0.00034850232128629877,0,0,-0.00034850232128629877,0,1
2021-07-29,conservative_raw_adaptive,conservative,0.0027364107433219213,0,0,0.0027364107433219213,0,1
2021-07-30,conservative_raw_adaptive,conservative,-0.0032999001768920988,0,0,-0.0032999001768920988,0,1
2021-08-02,conservative_raw_adaptive,conservative,0.0012882745531941008,0.10003228664585152,0.00010003228664585153,0.0011882422665482493,0.039922480620155,0.96007751937984498
2021-08-03,conservative_raw_adaptive,conservative,0.0049628798150334053,0,0,0.0049628798150334053,0.039922480620155,0.96007751937984498
2021-08-04,conservative_raw_adaptive,conservative,-0.0030719835908932535,0,0,-0.0030719835908932535,0.039922480620155,0.96007751937984498
2021-08-05,conservative_raw_adaptive,conservative,0.0044566147398115404,0,0,0.0044566147398115404,0.039922480620155,0.96007751937984498
2021-08-06,conservative_raw_adaptive,conservative,-0.0022360777517703304,0,0,-0.0022360777517703304,0.039922480620155,0.96007751937984498
2021-08-09,conservative_raw_adaptive,conservative,0.0031568949020082497,0,0,0.0031568949020082497,0.039922480620155,0.96007751937984498
2021-08-10,conservative_raw_adaptive,conservative,0.0062654790766922194,0,0,0.0062654790766922194,0.039922480620155,0.96007751937984498
2021-08-11,conservative_raw_adaptive,conservative,0.0093338151552442936,0,0,0.0093338151552442936,0.039922480620155,0.96007751937984498
2021-08-12,conservative_raw_adaptive,conservative,0.002128989212826267,0,0,0.002128989212826267,0.039922480620155,0.96007751937984498
2021-08-13,conservative_raw_adaptive,conservative,0.0079866153538726038,0,0,0.0079866153538726038,0.039922480620155,0.96007751937984498
2021-08-16,conservative_raw_adaptive,conservative,0.0051299103378384548,0,0,0.0051299103378384548,0.039922480620155,0.96007751937984498
2021-08-17,conservative_raw_adaptive,conservative,-0.0025599705309779504,0,0,-0.0025599705309779504,0.039922480620155,0.96007751937984498
2021-08-18,conservative_raw_adaptive,conservative,-0.0078605690135789101,0,0,-0.0078605690135789101,0.039922480620155,0.96007751937984498
2021-08-19,conservative_raw_adaptive,conservative,0.0029408100189833165,0,0,0.0029408100189833165,0.039922480620155,0.96007751937984498
2021-08-20,conservative_raw_adaptive,conservative,0.0090319495385536332,0,0,0.0090319495385536332,0.039922480620155,0.96007751937984498
2021-08-23,conservative_raw_adaptive,conservative,-0.00017182584764094001,0,0,-0.00017182584764094001,0.039922480620155,0.96007751937984498
2021-08-24,conservative_raw_adaptive,conservative,-0.0081791340328352911,0,0,-0.0081791340328352911,0.039922480620155,0.96007751937984498
2021-08-25,conservative_raw_adaptive,conservative,-0.0013835976421692055,0,0,-0.0013835976421692055,0.039922480620155,0.96007751937984498
2021-08-26,conservative_raw_adaptive,conservative,-0.0071869770051388344,0,0,-0.0071869770051388344,0.039922480620155,0.96007751937984498
2021-08-27,conservative_raw_adaptive,conservative,0.0063781127298597256,0,0,0.0063781127298597256,0.039922480620155,0.96007751937984498
2021-08-30,conservative_raw_adaptive,conservative,0.0034855871399909442,0,0,0.0034855871399909442,0.039922480620155,0.96007751937984498
2021-08-31,conservative_raw_adaptive,conservative,0.0031411254701299036,0,0,0.0031411254701299036,0.039922480620155,0.96007751937984498
2021-09-01,conservative_raw_adaptive,conservative,0.0083054987696729102,0.032145769367769153,3.2145769367769151e-05,0.0082733530003051402,0.083759124087591202,0.91624087591240877
2021-09-02,conservative_raw_adaptive,conservative,0.0069065480330725649,0,0,0.0069065480330725649,0.083759124087591202,0.91624087591240877
2021-09-03,conservative_raw_adaptive,conservative,0.0017765122865750634,0,0,0.0017765122865750634,0.083759124087591202,0.91624087591240877
2021-09-07,conservative_raw_adaptive,conservative,-0.024493026152170715,0,0,-0.024493026152170715,0.083759124087591202,0.91624087591240877
2021-09-08,conservative_raw_adaptive,conservative,0.0029858718133057511,0,0,0.0029858718133057511,0.083759124087591202,0.91624087591240877
2021-09-09,conservative_raw_adaptive,conservative,-0.0057777943167926444,0,0,-0.0057777943167926444,0.083759124087591202,0.91624087591240877
2021-09-10,conservative_raw_adaptive,conservative,-0.0034807856623895413,0,0,-0.0034807856623895413,0.083759124087591202,0.91624087591240877
2021-09-13,conservative_raw_adaptive,conservative,-0.004423618012169,0,0,-0.004423618012169,0.083759124087591202,0.91624087591240877
2021-09-14,conservative_raw_adaptive,conservative,-0.0015486406368446152,0,0,-0.0015486406368446152,0.083759124087591202,0.91624087591240877
2021-09-15,conservative_raw_adaptive,conservative,0.0029857637724061046,0,0,0.0029857637724061046,0.083759124087591202,0.91624087591240877
2021-09-16,conservative_raw_adaptive,conservative,-0.0063267866780747735,0,0,-0.0063267866780747735,0.083759124087591202,0.91624087591240877
2021-09-17,conservative_raw_adaptive,conservative,-0.013358145433476007,0,0,-0.013358145433476007,0.083759124087591202,0.91624087591240877
2021-09-20,conservative_raw_adaptive,conservative,-0.01649151827488405,0,0,-0.01649151827488405,0.083759124087591202,0.91624087591240877
2021-09-21,conservative_raw_adaptive,conservative,-0.0066383321923319024,0,0,-0.0066383321923319024,0.083759124087591202,0.91624087591240877
2021-09-22,conservative_raw_adaptive,conservative,0.0078415533160690887,0,0,0.0078415533160690887,0.083759124087591202,0.91624087591240877
2021-09-23,conservative_raw_adaptive,conservative,0.0046224947619867363,0,0,0.0046224947619867363,0.083759124087591202,0.91624087591240877
2021-09-24,conservative_raw_adaptive,conservative,-0.012025606994106012,0,0,-0.012025606994106012,0.083759124087591202,0.91624087591240877
2021-09-27,conservative_raw_adaptive,conservative,-0.0084495480809925628,0,0,-0.0084495480809925628,0.083759124087591202,0.91624087591240877
2021-09-28,conservative_raw_adaptive,conservative,-0.009616319091474616,0,0,-0.009616319091474616,0.083759124087591202,0.91624087591240877
2021-09-29,conservative_raw_adaptive,conservative,0.011037899864596593,0,0,0.011037899864596593,0.083759124087591202,0.91624087591240877
2021-09-30,conservative_raw_adaptive,conservative,-0.0052783319034184423,0,0,-0.0052783319034184423,0.083759124087591202,0.91624087591240877
2021-10-01,conservative_raw_adaptive,conservative,0.0087445606285195682,0.33794418588523545,0.00033794418588523544,0.0084066164426343324,0.0368512110726643,0.96314878892733569
2021-10-04,conservative_raw_adaptive,conservative,-0.0019979199220839182,0,0,-0.0019979199220839182,0.0368512110726643,0.96314878892733569
2021-10-05,conservative_raw_adaptive,conservative,0.0083576384037164064,0,0,0.0083576384037164064,0.0368512110726643,0.96314878892733569
2021-10-06,conservative_raw_adaptive,conservative,0.0016328052127530467,0,0,0.0016328052127530467,0.0368512110726643,0.96314878892733569
2021-10-07,conservative_raw_adaptive,conservative,0.0076497372645936389,0,0,0.0076497372645936389,0.0368512110726643,0.96314878892733569
2021-10-08,conservative_raw_adaptive,conservative,-0.0029854924594028224,0,0,-0.0029854924594028224,0.0368512110726643,0.96314878892733569
2021-10-11,conservative_raw_adaptive,conservative,-0.0068534021301956327,0,0,-0.0068534021301956327,0.0368512110726643,0.96314878892733569
2021-10-12,conservative_raw_adaptive,conservative,0.00094911586143593988,0,0,0.00094911586143593988,0.0368512110726643,0.96314878892733569
2021-10-13,conservative_raw_adaptive,conservative,0.0045371605734862604,0,0,0.0045371605734862604,0.0368512110726643,0.96314878892733569
2021-10-14,conservative_raw_adaptive,conservative,0.0079679864402329506,0,0,0.0079679864402329506,0.0368512110726643,0.96314878892733569
2021-10-15,conservative_raw_adaptive,conservative,0.0042029663391874071,0,0,0.0042029663391874071,0.0368512110726643,0.96314878892733569
2021-10-18,conservative_raw_adaptive,conservative,-0.0034495942838617209,0,0,-0.0034495942838617209,0.0368512110726643,0.96314878892733569
2021-10-19,conservative_raw_adaptive,conservative,0.0070275490508973108,0,0,0.0070275490508973108,0.0368512110726643,0.96314878892733569
2021-10-20,conservative_raw_adaptive,conservative,0.011863381167806237,0,0,0.011863381167806237,0.0368512110726643,0.96314878892733569
2021-10-21,conservative_raw_adaptive,conservative,0.0052669060689638737,0,0,0.0052669060689638737,0.0368512110726643,0.96314878892733569
2021-10-22,conservative_raw_adaptive,conservative,0.0017778254932269346,0,0,0.0017778254932269346,0.0368512110726643,0.96314878892733569
2021-10-25,conservative_raw_adaptive,conservative,0.006208532848871213,0,0,0.006208532848871213,0.0368512110726643,0.96314878892733569
2021-10-26,conservative_raw_adaptive,conservative,0.0051471621863969138,0,0,0.0051471621863969138,0.0368512110726643,0.96314878892733569
2021-10-27,conservative_raw_adaptive,conservative,-0.011878532820668336,0,0,-0.011878532820668336,0.0368512110726643,0.96314878892733569
2021-10-28,conservative_raw_adaptive,conservative,0.011646923092620054,0,0,0.011646923092620054,0.0368512110726643,0.96314878892733569
2021-10-29,conservative_raw_adaptive,conservative,-0.0049568564221475148,0,0,-0.0049568564221475148,0.0368512110726643,0.96314878892733569
2021-11-01,conservative_raw_adaptive,conservative,0.00033962999750547442,0.30808839472741728,0.00030808839472741729,3.1541602778057125e-05,0.039209225700164697,0.96079077429983528
2021-11-02,conservative_raw_adaptive,conservative,0.0051326486796934708,0,0,0.0051326486796934708,0.039209225700164697,0.96079077429983528
2021-11-03,conservative_raw_adaptive,conservative,0.0053863932861840094,0,0,0.0053863932861840094,0.039209225700164697,0.96079077429983528
2021-11-04,conservative_raw_adaptive,conservative,0.0018969262670150788,0,0,0.0018969262670150788,0.039209225700164697,0.96079077429983528
2021-11-05,conservative_raw_adaptive,conservative,-0.010687966766643462,0,0,-0.010687966766643462,0.039209225700164697,0.96079077429983528
2021-11-08,conservative_raw_adaptive,conservative,0.0027189371801163613,0,0,0.0027189371801163613,0.039209225700164697,0.96079077429983528
2021-11-09,conservative_raw_adaptive,conservative,0.0079252252872450742,0,0,0.0079252252872450742,0.039209225700164697,0.96079077429983528
2021-11-10,conservative_raw_adaptive,conservative,0.00042282422295833406,0,0,0.00042282422295833406,0.039209225700164697,0.96079077429983528
2021-11-11,conservative_raw_adaptive,conservative,0.0021263799289823423,0,0,0.0021263799289823423,0.039209225700164697,0.96079077429983528
2021-11-12,conservative_raw_adaptive,conservative,0.0054909395999438882,0,0,0.0054909395999438882,0.039209225700164697,0.96079077429983528
2021-11-15,conservative_raw_adaptive,conservative,-0.002754135336345298,0,0,-0.002754135336345298,0.039209225700164697,0.96079077429983528
2021-11-16,conservative_raw_adaptive,conservative,-0.005536114357026032,0,0,-0.005536114357026032,0.039209225700164697,0.96079077429983528
2021-11-17,conservative_raw_adaptive,conservative,-0.0058229561223605225,0,0,-0.0058229561223605225,0.039209225700164697,0.96079077429983528
2021-11-18,conservative_raw_adaptive,conservative,-0.0051759565583745747,0,0,-0.0051759565583745747,0.039209225700164697,0.96079077429983528
2021-11-19,conservative_raw_adaptive,conservative,-0.0022183752937709206,0,0,-0.0022183752937709206,0.039209225700164697,0.96079077429983528
2021-11-22,conservative_raw_adaptive,conservative,-0.0013078853231145518,0,0,-0.0013078853231145518,0.039209225700164697,0.96079077429983528
2021-11-23,conservative_raw_adaptive,conservative,0.0047974794705282139,0,0,0.0047974794705282139,0.039209225700164697,0.96079077429983528
2021-11-24,conservative_raw_adaptive,conservative,-0.0023676532978805708,0,0,-0.0023676532978805708,0.039209225700164697,0.96079077429983528
2021-11-26,conservative_raw_adaptive,conservative,-0.017259645713364066,0,0,-0.017259645713364066,0.039209225700164697,0.96079077429983528
2021-11-29,conservative_raw_adaptive,conservative,0.008040711925921146,0,0,0.008040711925921146,0.039209225700164697,0.96079077429983528
2021-11-30,conservative_raw_adaptive,conservative,-0.016322040513495114,0,0,-0.016322040513495114,0.039209225700164697,0.96079077429983528
2021-12-01,conservative_raw_adaptive,conservative,-0.0053025733900540538,0.35453567502032651,0.00035453567502032653,-0.0056571090650743804,0.070579029733959298,0.92942097026604076
2021-12-02,conservative_raw_adaptive,conservative,0.020477212904803133,0,0,0.020477212904803133,0.070579029733959298,0.92942097026604076
2021-12-03,conservative_raw_adaptive,conservative,0.00093561895384600992,0,0,0.00093561895384600992,0.070579029733959298,0.92942097026604076
2021-12-06,conservative_raw_adaptive,conservative,0.0094253676183416665,0,0,0.0094253676183416665,0.070579029733959298,0.92942097026604076
2021-12-07,conservative_raw_adaptive,conservative,0.0028814298539214414,0,0,0.0028814298539214414,0.070579029733959298,0.92942097026604076
2021-12-08,conservative_raw_adaptive,conservative,0.0041482381779989362,0,0,0.0041482381779989362,0.070579029733959298,0.92942097026604076
2021-12-09,conservative_raw_adaptive,conservative,-0.0048689151444936607,0,0,-0.0048689151444936607,0.070579029733959298,0.92942097026604076
2021-12-10,conservative_raw_adaptive,conservative,0.0043896428086646665,0,0,0.0043896428086646665,0.070579029733959298,0.92942097026604076
2021-12-13,conservative_raw_adaptive,conservative,-0.0024461164961268505,0,0,-0.0024461164961268505,0.070579029733959298,0.92942097026604076
2021-12-14,conservative_raw_adaptive,conservative,-0.0032046987653860924,0,0,-0.0032046987653860924,0.070579029733959298,0.92942097026604076
2021-12-15,conservative_raw_adaptive,conservative,0.013690983580372483,0,0,0.013690983580372483,0.070579029733959298,0.92942097026604076
2021-12-16,conservative_raw_adaptive,conservative,0.0058751165893265456,0,0,0.0058751165893265456,0.070579029733959298,0.92942097026604076
2021-12-17,conservative_raw_adaptive,conservative,-0.012416644171327967,0,0,-0.012416644171327967,0.070579029733959298,0.92942097026604076
2021-12-20,conservative_raw_adaptive,conservative,-0.00048212093000389469,0,0,-0.00048212093000389469,0.070579029733959298,0.92942097026604076
2021-12-21,conservative_raw_adaptive,conservative,0.0027566659047530214,0,0,0.0027566659047530214,0.070579029733959298,0.92942097026604076
2021-12-22,conservative_raw_adaptive,conservative,0.009892928167332669,0,0,0.009892928167332669,0.070579029733959298,0.92942097026604076
2021-12-23,conservative_raw_adaptive,conservative,0.0039802522542016555,0,0,0.0039802522542016555,0.070579029733959298,0.92942097026604076
2021-12-27,conservative_raw_adaptive,conservative,0.013760763252727263,0,0,0.013760763252727263,0.070579029733959298,0.92942097026604076
2021-12-28,conservative_raw_adaptive,conservative,-0.0015144630216489367,0,0,-0.0015144630216489367,0.070579029733959298,0.92942097026604076
2021-12-29,conservative_raw_adaptive,conservative,0.0021636266086185428,0,0,0.0021636266086185428,0.070579029733959298,0.92942097026604076
2021-12-30,conservative_raw_adaptive,conservative,7.6526467474077384e-05,0,0,7.6526467474077384e-05,0.070579029733959298,0.92942097026604076
2021-12-31,conservative_raw_adaptive,conservative,-0.003252507837503926,0,0,-0.003252507837503926,0.070579029733959298,0.92942097026604076
2022-01-03,conservative_raw_adaptive,conservative,-0.0076120421721904375,0.12536381168591926,0.00012536381168591927,-0.0077374059838763564,0.048208955223880599,0.95179104477611942
2022-01-04,conservative_raw_adaptive,conservative,-0.0014927502116274295,0,0,-0.0014927502116274295,0.048208955223880599,0.95179104477611942
2022-01-05,conservative_raw_adaptive,conservative,-0.0054868024863574212,0,0,-0.0054868024863574212,0.048208955223880599,0.95179104477611942
2022-01-06,conservative_raw_adaptive,conservative,-0.0040301248658494151,0,0,-0.0040301248658494151,0.048208955223880599,0.95179104477611942
2022-01-07,conservative_raw_adaptive,conservative,-0.0070332714357764087,0,0,-0.0070332714357764087,0.048208955223880599,0.95179104477611942
2022-01-10,conservative_raw_adaptive,conservative,-0.0025212164346165022,0,0,-0.0025212164346165022,0.048208955223880599,0.95179104477611942
2022-01-11,conservative_raw_adaptive,conservative,0.008571453263156649,0,0,0.008571453263156649,0.048208955223880599,0.95179104477611942
2022-01-12,conservative_raw_adaptive,conservative,0.0025550804396190364,0,0,0.0025550804396190364,0.048208955223880599,0.95179104477611942
2022-01-13,conservative_raw_adaptive,conservative,-0.010733270361640913,0,0,-0.010733270361640913,0.048208955223880599,0.95179104477611942
2022-01-14,conservative_raw_adaptive,conservative,-0.0044034102206076016,0,0,-0.0044034102206076016,0.048208955223880599,0.95179104477611942
2022-01-18,conservative_raw_adaptive,conservative,-0.0052968573993037345,0,0,-0.0052968573993037345,0.048208955223880599,0.95179104477611942
2022-01-19,conservative_raw_adaptive,conservative,-0.0057206317038551342,0,0,-0.0057206317038551342,0.048208955223880599,0.95179104477611942
2022-01-20,conservative_raw_adaptive,conservative,-0.011764165016699276,0,0,-0.011764165016699276,0.048208955223880599,0.95179104477611942
2022-01-21,conservative_raw_adaptive,conservative,-0.0070585913505953812,0,0,-0.0070585913505953812,0.048208955223880599,0.95179104477611942
2022-01-24,conservative_raw_adaptive,conservative,-0.0021524764434969245,0,0,-0.0021524764434969245,0.048208955223880599,0.95179104477611942
2022-01-25,conservative_raw_adaptive,conservative,0.00096077566107181586,0,0,0.00096077566107181586,0.048208955223880599,0.95179104477611942
2022-01-26,conservative_raw_adaptive,conservative,-0.015277717920803593,0,0,-0.015277717920803593,0.048208955223880599,0.95179104477611942
2022-01-27,conservative_raw_adaptive,conservative,-0.0028511830761179381,0,0,-0.0028511830761179381,0.048208955223880599,0.95179104477611942
2022-01-28,conservative_raw_adaptive,conservative,0.016146279734040179,0,0,0.016146279734040179,0.048208955223880599,0.95179104477611942
2022-01-31,conservative_raw_adaptive,conservative,0.0038948900234369792,0,0,0.0038948900234369792,0.048208955223880599,0.95179104477611942
2022-02-01,conservative_raw_adaptive,conservative,0.0060493502606152848,0.31633563180350399,0.00031633563180350399,0.0057330146288117811,0.042653352353780302,0.95734664764621968
2022-02-02,conservative_raw_adaptive,conservative,0.0011127956902970198,0,0,0.0011127956902970198,0.042653352353780302,0.95734664764621968
2022-02-03,conservative_raw_adaptive,conservative,-0.011824683803029108,0,0,-0.011824683803029108,0.042653352353780302,0.95734664764621968
2022-02-04,conservative_raw_adaptive,conservative,0.0021387563344758141,0,0,0.0021387563344758141,0.042653352353780302,0.95734664764621968
2022-02-07,conservative_raw_adaptive,conservative,0.0018573257162483119,0,0,0.0018573257162483119,0.042653352353780302,0.95734664764621968
2022-02-08,conservative_raw_adaptive,conservative,-0.0034728062377461484,0,0,-0.0034728062377461484,0.042653352353780302,0.95734664764621968
2022-02-09,conservative_raw_adaptive,conservative,0.011149315103293906,0,0,0.011149315103293906,0.042653352353780302,0.95734664764621968
2022-02-10,conservative_raw_adaptive,conservative,-0.017115894398988439,0,0,-0.017115894398988439,0.042653352353780302,0.95734664764621968
2022-02-11,conservative_raw_adaptive,conservative,-0.0092556426706594721,0,0,-0.0092556426706594721,0.042653352353780302,0.95734664764621968
2022-02-14,conservative_raw_adaptive,conservative,-0.011348604735170797,0,0,-0.011348604735170797,0.042653352353780302,0.95734664764621968
2022-02-15,conservative_raw_adaptive,conservative,0.0068837970567228353,0,0,0.0068837970567228353,0.042653352353780302,0.95734664764621968
2022-02-16,conservative_raw_adaptive,conservative,-0.00076548115151908811,0,0,-0.00076548115151908811,0.042653352353780302,0.95734664764621968
2022-02-17,conservative_raw_adaptive,conservative,-0.019544471559238073,0,0,-0.019544471559238073,0.042653352353780302,0.95734664764621968
2022-02-18,conservative_raw_adaptive,conservative,-0.0062609403916458299,0,0,-0.0062609403916458299,0.042653352353780302,0.95734664764621968
2022-02-22,conservative_raw_adaptive,conservative,-0.0056533306713853022,0,0,-0.0056533306713853022,0.042653352353780302,0.95734664764621968
2022-02-23,conservative_raw_adaptive,conservative,0.0010727490104478659,0,0,0.0010727490104478659,0.042653352353780302,0.95734664764621968
2022-02-24,conservative_raw_adaptive,conservative,-0.00064146018118498341,0,0,-0.00064146018118498341,0.042653352353780302,0.95734664764621968
2022-02-25,conservative_raw_adaptive,conservative,0.026217064974191965,0,0,0.026217064974191965,0.042653352353780302,0.95734664764621968
2022-02-28,conservative_raw_adaptive,conservative,-0.0034127747707310306,0,0,-0.0034127747707310306,0.042653352353780302,0.95734664764621968
2022-03-01,conservative_raw_adaptive,conservative,-0.0086081192211825107,0.52980779164563951,0.00052980779164563954,-0.0091379270128281505,0.060905349794238603,0.93909465020576144
2022-03-02,conservative_raw_adaptive,conservative,0.01046272844789377,0,0,0.01046272844789377,0.060905349794238603,0.93909465020576144
2022-03-03,conservative_raw_adaptive,conservative,-0.00014660688084866975,0,0,-0.00014660688084866975,0.060905349794238603,0.93909465020576144
2022-03-04,conservative_raw_adaptive,conservative,-0.0052515735378139616,0,0,-0.0052515735378139616,0.060905349794238603,0.93909465020576144
2022-03-07,conservative_raw_adaptive,conservative,-0.020217896594767439,0,0,-0.020217896594767439,0.060905349794238603,0.93909465020576144
2022-03-08,conservative_raw_adaptive,conservative,-0.01813119339640434,0,0,-0.01813119339640434,0.060905349794238603,0.93909465020576144
2022-03-09,conservative_raw_adaptive,conservative,0.013558579896370965,0,0,0.013558579896370965,0.060905349794238603,0.93909465020576144
2022-03-10,conservative_raw_adaptive,conservative,-0.0097755152171056688,0,0,-0.0097755152171056688,0.060905349794238603,0.93909465020576144
2022-03-11,conservative_raw_adaptive,conservative,-0.0065627639098934437,0,0,-0.0065627639098934437,0.060905349794238603,0.93909465020576144
2022-03-14,conservative_raw_adaptive,conservative,-0.0029734961692258247,0,0,-0.0029734961692258247,0.060905349794238603,0.93909465020576144
2022-03-15,conservative_raw_adaptive,conservative,0.010780788803397187,0,0,0.010780788803397187,0.060905349794238603,0.93909465020576144
2022-03-16,conservative_raw_adaptive,conservative,0.011630967500231064,0,0,0.011630967500231064,0.060905349794238603,0.93909465020576144
2022-03-17,conservative_raw_adaptive,conservative,0.012957015634008308,0,0,0.012957015634008308,0.060905349794238603,0.93909465020576144
2022-03-18,conservative_raw_adaptive,conservative,0.0080405647915832955,0,0,0.0080405647915832955,0.060905349794238603,0.93909465020576144
2022-03-21,conservative_raw_adaptive,conservative,0.0023552939482361468,0,0,0.0023552939482361468,0.060905349794238603,0.93909465020576144
2022-03-22,conservative_raw_adaptive,conservative,0.0099778120263596809,0,0,0.0099778120263596809,0.060905349794238603,0.93909465020576144
2022-03-23,conservative_raw_adaptive,conservative,-0.0072685618494347801,0,0,-0.0072685618494347801,0.060905349794238603,0.93909465020576144
2022-03-24,conservative_raw_adaptive,conservative,0.0073457355759326695,0,0,0.0073457355759326695,0.060905349794238603,0.93909465020576144
2022-03-25,conservative_raw_adaptive,conservative,0.0071954952052166801,0,0,0.0071954952052166801,0.060905349794238603,0.93909465020576144
2022-03-28,conservative_raw_adaptive,conservative,0.0054138526838884912,0,0,0.0054138526838884912,0.060905349794238603,0.93909465020576144
2022-03-29,conservative_raw_adaptive,conservative,0.017219571569945032,0,0,0.017219571569945032,0.060905349794238603,0.93909465020576144
2022-03-30,conservative_raw_adaptive,conservative,-0.0035234165557317273,0,0,-0.0035234165557317273,0.060905349794238603,0.93909465020576144
2022-03-31,conservative_raw_adaptive,conservative,-0.011045061833853474,0,0,-0.011045061833853474,0.060905349794238603,0.93909465020576144
2022-04-01,conservative_raw_adaptive,conservative,0.0076950827639350921,0.44321314155713709,0.00044321314155713708,0.0072518696223779549,0.080789473684210494,0.91921052631578948
2022-04-04,conservative_raw_adaptive,conservative,0.0060325694299647051,0,0,0.0060325694299647051,0.080789473684210494,0.91921052631578948
2022-04-05,conservative_raw_adaptive,conservative,-0.0071729418601688671,0,0,-0.0071729418601688671,0.080789473684210494,0.91921052631578948
2022-04-06,conservative_raw_adaptive,conservative,0.0026940532358107044,0,0,0.0026940532358107044,0.080789473684210494,0.91921052631578948
2022-04-07,conservative_raw_adaptive,conservative,0.0058701735004969193,0,0,0.0058701735004969193,0.080789473684210494,0.91921052631578948
2022-04-08,conservative_raw_adaptive,conservative,0.0028071351479812732,0,0,0.0028071351479812732,0.080789473684210494,0.91921052631578948
2022-04-11,conservative_raw_adaptive,conservative,-0.018672080584855165,0,0,-0.018672080584855165,0.080789473684210494,0.91921052631578948
2022-04-12,conservative_raw_adaptive,conservative,-0.0024894685877411061,0,0,-0.0024894685877411061,0.080789473684210494,0.91921052631578948
2022-04-13,conservative_raw_adaptive,conservative,0.0028017521216140906,0,0,0.0028017521216140906,0.080789473684210494,0.91921052631578948
2022-04-14,conservative_raw_adaptive,conservative,-0.0027928974758314857,0,0,-0.0027928974758314857,0.080789473684210494,0.91921052631578948
2022-04-18,conservative_raw_adaptive,conservative,-0.0072392516941659395,0,0,-0.0072392516941659395,0.080789473684210494,0.91921052631578948
2022-04-19,conservative_raw_adaptive,conservative,0.010807611808563837,0,0,0.010807611808563837,0.080789473684210494,0.91921052631578948
2022-04-20,conservative_raw_adaptive,conservative,-0.0012186909396801251,0,0,-0.0012186909396801251,0.080789473684210494,0.91921052631578948
2022-04-21,conservative_raw_adaptive,conservative,-0.011745247113292433,0,0,-0.011745247113292433,0.080789473684210494,0.91921052631578948
2022-04-22,conservative_raw_adaptive,conservative,-0.016511922573520032,0,0,-0.016511922573520032,0.080789473684210494,0.91921052631578948
2022-04-25,conservative_raw_adaptive,conservative,0.0018708534370562738,0,0,0.0018708534370562738,0.080789473684210494,0.91921052631578948
2022-04-26,conservative_raw_adaptive,conservative,-0.011170363042845034,0,0,-0.011170363042845034,0.080789473684210494,0.91921052631578948
2022-04-27,conservative_raw_adaptive,conservative,0.00058151217249201043,0,0,0.00058151217249201043,0.080789473684210494,0.91921052631578948
2022-04-28,conservative_raw_adaptive,conservative,0.010686737020790236,0,0,0.010686737020790236,0.080789473684210494,0.91921052631578948
2022-04-29,conservative_raw_adaptive,conservative,-0.033217982353241547,0,0,-0.033217982353241547,0.080789473684210494,0.91921052631578948
2022-05-02,conservative_raw_adaptive,conservative,0.0025041463346282366,0.3647086341807157,0.00036470863418071569,0.0021394377004475208,0.075792141951837699,0.9242078580481623
2022-05-03,conservative_raw_adaptive,conservative,0.00035686768098650186,0,0,0.00035686768098650186,0.075792141951837699,0.9242078580481623
2022-05-04,conservative_raw_adaptive,conservative,0.034931644792164068,0,0,0.034931644792164068,0.075792141951837699,0.9242078580481623
2022-05-05,conservative_raw_adaptive,conservative,-0.025673875267740818,0,0,-0.025673875267740818,0.075792141951837699,0.9242078580481623
2022-05-06,conservative_raw_adaptive,conservative,-0.0075035677137890392,0,0,-0.0075035677137890392,0.075792141951837699,0.9242078580481623
2022-05-09,conservative_raw_adaptive,conservative,-0.027310209720702132,0,0,-0.027310209720702132,0.075792141951837699,0.9242078580481623
2022-05-10,conservative_raw_adaptive,conservative,-0.0069708677487879357,0,0,-0.0069708677487879357,0.075792141951837699,0.9242078580481623
2022-05-11,conservative_raw_adaptive,conservative,-0.001415298753253617,0,0,-0.001415298753253617,0.075792141951837699,0.9242078580481623
2022-05-12,conservative_raw_adaptive,conservative,0.0059370993226696527,0,0,0.0059370993226696527,0.075792141951837699,0.9242078580481623
2022-05-13,conservative_raw_adaptive,conservative,0.015354348506354807,0,0,0.015354348506354807,0.075792141951837699,0.9242078580481623
2022-05-16,conservative_raw_adaptive,conservative,-0.00019296110962445948,0,0,-0.00019296110962445948,0.075792141951837699,0.9242078580481623
2022-05-17,conservative_raw_adaptive,conservative,0.018166435705940068,0,0,0.018166435705940068,0.075792141951837699,0.9242078580481623
2022-05-18,conservative_raw_adaptive,conservative,-0.017162006454743983,0,0,-0.017162006454743983,0.075792141951837699,0.9242078580481623
2022-05-19,conservative_raw_adaptive,conservative,0.0010447314736469506,0,0,0.0010447314736469506,0.075792141951837699,0.9242078580481623
2022-05-20,conservative_raw_adaptive,conservative,-0.00064409390445690985,0,0,-0.00064409390445690985,0.075792141951837699,0.9242078580481623
2022-05-23,conservative_raw_adaptive,conservative,0.011594412712660958,0,0,0.011594412712660958,0.075792141951837699,0.9242078580481623
2022-05-24,conservative_raw_adaptive,conservative,0.0084763167563811481,0,0,0.0084763167563811481,0.075792141951837699,0.9242078580481623
2022-05-25,conservative_raw_adaptive,conservative,0.0055610315888707735,0,0,0.0055610315888707735,0.075792141951837699,0.9242078580481623
2022-05-26,conservative_raw_adaptive,conservative,0.00063025754631762195,0,0,0.00063025754631762195,0.075792141951837699,0.9242078580481623
2022-05-27,conservative_raw_adaptive,conservative,0.0084642246655028917,0,0,0.0084642246655028917,0.075792141951837699,0.9242078580481623
2022-05-31,conservative_raw_adaptive,conservative,-0.0052904375188166193,0,0,-0.0052904375188166193,0.075792141951837699,0.9242078580481623
2022-06-01,conservative_raw_adaptive,conservative,-0.0040578302747657303,0.30337650689025192,0.00030337650689025194,-0.0043612067816559824,0.018026796589524899,0.98197320341047512
2022-06-02,conservative_raw_adaptive,conservative,0.0061048484836772905,0,0,0.0061048484836772905,0.018026796589524899,0.98197320341047512
2022-06-03,conservative_raw_adaptive,conservative,-0.0052397007800075385,0,0,-0.0052397007800075385,0.018026796589524899,0.98197320341047512
2022-06-06,conservative_raw_adaptive,conservative,0.001382874770622663,0,0,0.001382874770622663,0.018026796589524899,0.98197320341047512
2022-06-07,conservative_raw_adaptive,conservative,0.0091861439692261532,0,0,0.0091861439692261532,0.018026796589524899,0.98197320341047512
2022-06-08,conservative_raw_adaptive,conservative,-0.013629513544477683,0,0,-0.013629513544477683,0.018026796589524899,0.98197320341047512
2022-06-09,conservative_raw_adaptive,conservative,-0.021927781945316107,0,0,-0.021927781945316107,0.018026796589524899,0.98197320341047512
2022-06-10,conservative_raw_adaptive,conservative,-0.017610201432920507,0,0,-0.017610201432920507,0.018026796589524899,0.98197320341047512
2022-06-13,conservative_raw_adaptive,conservative,-0.040008126594799652,0,0,-0.040008126594799652,0.018026796589524899,0.98197320341047512
2022-06-14,conservative_raw_adaptive,conservative,-0.017975543125976306,0,0,-0.017975543125976306,0.018026796589524899,0.98197320341047512
2022-06-15,conservative_raw_adaptive,conservative,0.008085706287791013,0,0,0.008085706287791013,0.018026796589524899,0.98197320341047512
2022-06-16,conservative_raw_adaptive,conservative,-0.016574887108910218,0,0,-0.016574887108910218,0.018026796589524899,0.98197320341047512
2022-06-17,conservative_raw_adaptive,conservative,0.0018992411521080346,0,0,0.0018992411521080346,0.018026796589524899,0.98197320341047512
2022-06-21,conservative_raw_adaptive,conservative,0.018318843655883352,0,0,0.018318843655883352,0.018026796589524899,0.98197320341047512
2022-06-22,conservative_raw_adaptive,conservative,0.0024560719680084063,0,0,0.0024560719680084063,0.018026796589524899,0.98197320341047512
2022-06-23,conservative_raw_adaptive,conservative,0.015258687805886536,0,0,0.015258687805886536,0.018026796589524899,0.98197320341047512
2022-06-24,conservative_raw_adaptive,conservative,0.017657489394493672,0,0,0.017657489394493672,0.018026796589524899,0.98197320341047512
2022-06-27,conservative_raw_adaptive,conservative,-0.0047358873239214724,0,0,-0.0047358873239214724,0.018026796589524899,0.98197320341047512
2022-06-28,conservative_raw_adaptive,conservative,-0.01288689986143525,0,0,-0.01288689986143525,0.018026796589524899,0.98197320341047512
2022-06-29,conservative_raw_adaptive,conservative,0.0013177252419047287,0,0,0.0013177252419047287,0.018026796589524899,0.98197320341047512
2022-06-30,conservative_raw_adaptive,conservative,-0.0083455618595813658,0,0,-0.0083455618595813658,0.018026796589524899,0.98197320341047512
2022-07-01,conservative_raw_adaptive,conservative,0.01553726879795689,0.43059114813674049,0.00043059114813674048,0.01510667764982015,0.0148061104582843,0.98519388954171572
2022-07-05,conservative_raw_adaptive,conservative,-0.00045600895954125834,0,0,-0.00045600895954125834,0.0148061104582843,0.98519388954171572
2022-07-06,conservative_raw_adaptive,conservative,0.0012535519330161579,0,0,0.0012535519330161579,0.0148061104582843,0.98519388954171572
2022-07-07,conservative_raw_adaptive,conservative,0.0030743411939734809,0,0,0.0030743411939734809,0.0148061104582843,0.98519388954171572
2022-07-08,conservative_raw_adaptive,conservative,-0.0019281972548755213,0,0,-0.0019281972548755213,0.0148061104582843,0.98519388954171572
2022-07-11,conservative_raw_adaptive,conservative,-0.0017645563496896308,0,0,-0.0017645563496896308,0.0148061104582843,0.98519388954171572
2022-07-12,conservative_raw_adaptive,conservative,-0.005133247589287751,0,0,-0.005133247589287751,0.0148061104582843,0.98519388954171572
2022-07-13,conservative_raw_adaptive,conservative,-0.0019598783783295599,0,0,-0.0019598783783295599,0.0148061104582843,0.98519388954171572
2022-07-14,conservative_raw_adaptive,conservative,-0.0014337585764236265,0,0,-0.0014337585764236265,0.0148061104582843,0.98519388954171572
2022-07-15,conservative_raw_adaptive,conservative,0.011457500940080656,0,0,0.011457500940080656,0.0148061104582843,0.98519388954171572
2022-07-18,conservative_raw_adaptive,conservative,-0.010291844229375142,0,0,-0.010291844229375142,0.0148061104582843,0.98519388954171572
2022-07-19,conservative_raw_adaptive,conservative,0.01493873417979982,0,0,0.01493873417979982,0.0148061104582843,0.98519388954171572
2022-07-20,conservative_raw_adaptive,conservative,-0.0037557249127158684,0,0,-0.0037557249127158684,0.0148061104582843,0.98519388954171572
2022-07-21,conservative_raw_adaptive,conservative,0.0047632812508578669,0,0,0.0047632812508578669,0.0148061104582843,0.98519388954171572
2022-07-22,conservative_raw_adaptive,conservative,9.4311100212154993e-05,0,0,9.4311100212154993e-05,0.0148061104582843,0.98519388954171572
2022-07-25,conservative_raw_adaptive,conservative,0.00039220836464348615,0,0,0.00039220836464348615,0.0148061104582843,0.98519388954171572
2022-07-26,conservative_raw_adaptive,conservative,-0.0030879346796777092,0,0,-0.0030879346796777092,0.0148061104582843,0.98519388954171572
2022-07-27,conservative_raw_adaptive,conservative,0.0026116799851279623,0,0,0.0026116799851279623,0.0148061104582843,0.98519388954171572
2022-07-28,conservative_raw_adaptive,conservative,0.0085342092117431552,0,0,0.0085342092117431552,0.0148061104582843,0.98519388954171572
2022-07-29,conservative_raw_adaptive,conservative,0.0033313730322511535,0,0,0.0033313730322511535,0.0148061104582843,0.98519388954171572
2022-08-01,conservative_raw_adaptive,conservative,-0.0046561995947739009,0.067956527194855024,6.795652719485503e-05,-0.0047241561219687556,0.041818181818181803,0.95818181818181825
2022-08-02,conservative_raw_adaptive,conservative,-0.0072646730254648725,0,0,-0.0072646730254648725,0.041818181818181803,0.95818181818181825
2022-08-03,conservative_raw_adaptive,conservative,0.015936702685385367,0,0,0.015936702685385367,0.041818181818181803,0.95818181818181825
2022-08-04,conservative_raw_adaptive,conservative,-0.0047786141023485008,0,0,-0.0047786141023485008,0.041818181818181803,0.95818181818181825
2022-08-05,conservative_raw_adaptive,conservative,-0.0035792828655724918,0,0,-0.0035792828655724918,0.041818181818181803,0.95818181818181825
2022-08-08,conservative_raw_adaptive,conservative,0.0039566239303301569,0,0,0.0039566239303301569,0.041818181818181803,0.95818181818181825
2022-08-09,conservative_raw_adaptive,conservative,-5.7669095658307955e-05,0,0,-5.7669095658307955e-05,0.041818181818181803,0.95818181818181825
2022-08-10,conservative_raw_adaptive,conservative,0.013712558826572446,0,0,0.013712558826572446,0.041818181818181803,0.95818181818181825
2022-08-11,conservative_raw_adaptive,conservative,-0.0026900761975552998,0,0,-0.0026900761975552998,0.041818181818181803,0.95818181818181825
2022-08-12,conservative_raw_adaptive,conservative,0.01437966483186608,0,0,0.01437966483186608,0.041818181818181803,0.95818181818181825
2022-08-15,conservative_raw_adaptive,conservative,0.013975316588903519,0,0,0.013975316588903519,0.041818181818181803,0.95818181818181825
2022-08-16,conservative_raw_adaptive,conservative,0.010461064152926388,0,0,0.010461064152926388,0.041818181818181803,0.95818181818181825
2022-08-17,conservative_raw_adaptive,conservative,-0.0058300599020770626,0,0,-0.0058300599020770626,0.041818181818181803,0.95818181818181825
2022-08-18,conservative_raw_adaptive,conservative,-0.0036496060961574363,0,0,-0.0036496060961574363,0.041818181818181803,0.95818181818181825
2022-08-19,conservative_raw_adaptive,conservative,-0.0081857157230314382,0,0,-0.0081857157230314382,0.041818181818181803,0.95818181818181825
2022-08-22,conservative_raw_adaptive,conservative,-0.014270724575783777,0,0,-0.014270724575783777,0.041818181818181803,0.95818181818181825
2022-08-23,conservative_raw_adaptive,conservative,-0.0054461943585851838,0,0,-0.0054461943585851838,0.041818181818181803,0.95818181818181825
2022-08-24,conservative_raw_adaptive,conservative,0.00048785762513849957,0,0,0.00048785762513849957,0.041818181818181803,0.95818181818181825
2022-08-25,conservative_raw_adaptive,conservative,0.0066358433908183783,0,0,0.0066358433908183783,0.041818181818181803,0.95818181818181825
2022-08-26,conservative_raw_adaptive,conservative,-0.014694925651874463,0,0,-0.014694925651874463,0.041818181818181803,0.95818181818181825
2022-08-29,conservative_raw_adaptive,conservative,-0.003224360132751593,0,0,-0.003224360132751593,0.041818181818181803,0.95818181818181825
2022-08-30,conservative_raw_adaptive,conservative,-0.0085247920116573676,0,0,-0.0085247920116573676,0.041818181818181803,0.95818181818181825
2022-08-31,conservative_raw_adaptive,conservative,-0.0011596123067269285,0,0,-0.0011596123067269285,0.041818181818181803,0.95818181818181825
2022-09-01,conservative_raw_adaptive,conservative,0.012900844043638567,0.17623487868243878,0.00017623487868243879,0.012724609164956128,0.076451259583789705,0.92354874041621027
2022-09-02,conservative_raw_adaptive,conservative,-0.010083607976246918,0,0,-0.010083607976246918,0.076451259583789705,0.92354874041621027
2022-09-06,conservative_raw_adaptive,conservative,-0.0057099196647182352,0,0,-0.0057099196647182352,0.076451259583789705,0.92354874041621027
2022-09-07,conservative_raw_adaptive,conservative,0.017192105603239072,0,0,0.017192105603239072,0.076451259583789705,0.92354874041621027
2022-09-08,conservative_raw_adaptive,conservative,0.0037594751634949411,0,0,0.0037594751634949411,0.076451259583789705,0.92354874041621027
2022-09-09,conservative_raw_adaptive,conservative,0.012485486942646394,0,0,0.012485486942646394,0.076451259583789705,0.92354874041621027
2022-09-12,conservative_raw_adaptive,conservative,0.010411691702634706,0,0,0.010411691702634706,0.076451259583789705,0.92354874041621027
2022-09-13,conservative_raw_adaptive,conservative,-0.033499261630666438,0,0,-0.033499261630666438,0.076451259583789705,0.92354874041621027
2022-09-14,conservative_raw_adaptive,conservative,0.0096061717012988785,0,0,0.0096061717012988785,0.076451259583789705,0.92354874041621027
2022-09-15,conservative_raw_adaptive,conservative,-0.012936589016444656,0,0,-0.012936589016444656,0.076451259583789705,0.92354874041621027
2022-09-16,conservative_raw_adaptive,conservative,0.002225183448363081,0,0,0.002225183448363081,0.076451259583789705,0.92354874041621027
2022-09-19,conservative_raw_adaptive,conservative,0.0060060890520944989,0,0,0.0060060890520944989,0.076451259583789705,0.92354874041621027
2022-09-20,conservative_raw_adaptive,conservative,-0.013019586075623053,0,0,-0.013019586075623053,0.076451259583789705,0.92354874041621027
2022-09-21,conservative_raw_adaptive,conservative,-0.016863185423282329,0,0,-0.016863185423282329,0.076451259583789705,0.92354874041621027
2022-09-22,conservative_raw_adaptive,conservative,0.010175844370718889,0,0,0.010175844370718889,0.076451259583789705,0.92354874041621027
2022-09-23,conservative_raw_adaptive,conservative,-0.014513377392754101,0,0,-0.014513377392754101,0.076451259583789705,0.92354874041621027
2022-09-26,conservative_raw_adaptive,conservative,-0.010393089664070911,0,0,-0.010393089664070911,0.076451259583789705,0.92354874041621027
2022-09-27,conservative_raw_adaptive,conservative,-0.0052205097899672825,0,0,-0.0052205097899672825,0.076451259583789705,0.92354874041621027
2022-09-28,conservative_raw_adaptive,conservative,0.01972930158458076,0,0,0.01972930158458076,0.076451259583789705,0.92354874041621027
2022-09-29,conservative_raw_adaptive,conservative,-0.011950820471584115,0,0,-0.011950820471584115,0.076451259583789705,0.92354874041621027
2022-09-30,conservative_raw_adaptive,conservative,-0.013582237236994915,0,0,-0.013582237236994915,0.076451259583789705,0.92354874041621027
2022-10-03,conservative_raw_adaptive,conservative,0.025716915718059133,0.41295930452748653,0.00041295930452748652,0.025303956413531645,0.0509013785790031,0.94909862142099688
2022-10-04,conservative_raw_adaptive,conservative,0.019404143820033769,0,0,0.019404143820033769,0.0509013785790031,0.94909862142099688
2022-10-05,conservative_raw_adaptive,conservative,-0.0012054437769416719,0,0,-0.0012054437769416719,0.0509013785790031,0.94909862142099688
2022-10-06,conservative_raw_adaptive,conservative,-0.004143963411878275,0,0,-0.004143963411878275,0.0509013785790031,0.94909862142099688
2022-10-07,conservative_raw_adaptive,conservative,-0.014305083646976269,0,0,-0.014305083646976269,0.0509013785790031,0.94909862142099688
2022-10-10,conservative_raw_adaptive,conservative,0.0031144125856349021,0,0,0.0031144125856349021,0.0509013785790031,0.94909862142099688
2022-10-11,conservative_raw_adaptive,conservative,0.011372584937169142,0,0,0.011372584937169142,0.0509013785790031,0.94909862142099688
2022-10-12,conservative_raw_adaptive,conservative,-0.0017632565697363195,0,0,-0.0017632565697363195,0.0509013785790031,0.94909862142099688
2022-10-13,conservative_raw_adaptive,conservative,0.017431448339253589,0,0,0.017431448339253589,0.0509013785790031,0.94909862142099688
2022-10-14,conservative_raw_adaptive,conservative,-0.0082394856950447209,0,0,-0.0082394856950447209,0.0509013785790031,0.94909862142099688
2022-10-17,conservative_raw_adaptive,conservative,0.011846604224743545,0,0,0.011846604224743545,0.0509013785790031,0.94909862142099688
2022-10-18,conservative_raw_adaptive,conservative,0.0073058923887271256,0,0,0.0073058923887271256,0.0509013785790031,0.94909862142099688
2022-10-19,conservative_raw_adaptive,conservative,-0.01029993256646654,0,0,-0.01029993256646654,0.0509013785790031,0.94909862142099688
2022-10-20,conservative_raw_adaptive,conservative,0.0037418919340688954,0,0,0.0037418919340688954,0.0509013785790031,0.94909862142099688
2022-10-21,conservative_raw_adaptive,conservative,0.021072130552645316,0,0,0.021072130552645316,0.0509013785790031,0.94909862142099688
2022-10-24,conservative_raw_adaptive,conservative,0.01199351186528024,0,0,0.01199351186528024,0.0509013785790031,0.94909862142099688
2022-10-25,conservative_raw_adaptive,conservative,0.0077670657828011339,0,0,0.0077670657828011339,0.0509013785790031,0.94909862142099688
2022-10-26,conservative_raw_adaptive,conservative,0.013982853837038929,0,0,0.013982853837038929,0.0509013785790031,0.94909862142099688
2022-10-27,conservative_raw_adaptive,conservative,-0.00043748168270112554,0,0,-0.00043748168270112554,0.0509013785790031,0.94909862142099688
2022-10-28,conservative_raw_adaptive,conservative,0.016223822986648439,0,0,0.016223822986648439,0.0509013785790031,0.94909862142099688
2022-10-31,conservative_raw_adaptive,conservative,-0.0083654048285015485,0,0,-0.0083654048285015485,0.0509013785790031,0.94909862142099688
2022-11-01,conservative_raw_adaptive,conservative,-0.0019137081916057526,0.15266587982526789,0.00015266587982526789,-0.0020663740714310205,0.087268993839835704,0.91273100616016434
2022-11-02,conservative_raw_adaptive,conservative,-0.013389109872854129,0,0,-0.013389109872854129,0.087268993839835704,0.91273100616016434
2022-11-03,conservative_raw_adaptive,conservative,-0.0074456907856815255,0,0,-0.0074456907856815255,0.087268993839835704,0.91273100616016434
2022-11-04,conservative_raw_adaptive,conservative,0.024608437305328298,0,0,0.024608437305328298,0.087268993839835704,0.91273100616016434
2022-11-07,conservative_raw_adaptive,conservative,0.012297903200272397,0,0,0.012297903200272397,0.087268993839835704,0.91273100616016434
2022-11-08,conservative_raw_adaptive,conservative,0.0042081965516407079,0,0,0.0042081965516407079,0.087268993839835704,0.91273100616016434
2022-11-09,conservative_raw_adaptive,conservative,-0.021325159308443281,0,0,-0.021325159308443281,0.087268993839835704,0.91273100616016434
2022-11-10,conservative_raw_adaptive,conservative,0.031455769777710696,0,0,0.031455769777710696,0.087268993839835704,0.91273100616016434
2022-11-11,conservative_raw_adaptive,conservative,-0.0079260916151067205,0,0,-0.0079260916151067205,0.087268993839835704,0.91273100616016434
2022-11-14,conservative_raw_adaptive,conservative,0.0017153772892474733,0,0,0.0017153772892474733,0.087268993839835704,0.91273100616016434
2022-11-15,conservative_raw_adaptive,conservative,0.0025799955526292578,0,0,0.0025799955526292578,0.087268993839835704,0.91273100616016434
2022-11-16,conservative_raw_adaptive,conservative,-0.0010157886803182023,0,0,-0.0010157886803182023,0.087268993839835704,0.91273100616016434
2022-11-17,conservative_raw_adaptive,conservative,0.003748000706933788,0,0,0.003748000706933788,0.087268993839835704,0.91273100616016434
2022-11-18,conservative_raw_adaptive,conservative,0.0081456619668932896,0,0,0.0081456619668932896,0.087268993839835704,0.91273100616016434
2022-11-21,conservative_raw_adaptive,conservative,0.0019362691318571392,0,0,0.0019362691318571392,0.087268993839835704,0.91273100616016434
2022-11-22,conservative_raw_adaptive,conservative,0.010137752599912814,0,0,0.010137752599912814,0.087268993839835704,0.91273100616016434
2022-11-23,conservative_raw_adaptive,conservative,0.0022232350341326625,0,0,0.0022232350341326625,0.087268993839835704,0.91273100616016434
2022-11-25,conservative_raw_adaptive,conservative,-0.00014568632038616965,0,0,-0.00014568632038616965,0.087268993839835704,0.91273100616016434
2022-11-28,conservative_raw_adaptive,conservative,-0.0084814747080641344,0,0,-0.0084814747080641344,0.087268993839835704,0.91273100616016434
2022-11-29,conservative_raw_adaptive,conservative,0.004529834716441427,0,0,0.004529834716441427,0.087268993839835704,0.91273100616016434
2022-11-30,conservative_raw_adaptive,conservative,0.02126239980559325,0,0,0.02126239980559325,0.087268993839835704,0.91273100616016434
2022-12-01,conservative_raw_adaptive,conservative,-0.00065734573959766733,0.29155211550940358,0.00029155211550940357,-0.00094889785510707085,0.067529880478087598,0.93247011952191239
2022-12-02,conservative_raw_adaptive,conservative,0.0025319343179968736,0,0,0.0025319343179968736,0.067529880478087598,0.93247011952191239
2022-12-05,conservative_raw_adaptive,conservative,-0.0086968240335750513,0,0,-0.0086968240335750513,0.067529880478087598,0.93247011952191239
2022-12-06,conservative_raw_adaptive,conservative,-0.0071953285472915627,0,0,-0.0071953285472915627,0.067529880478087598,0.93247011952191239
2022-12-07,conservative_raw_adaptive,conservative,0.0031721327896967687,0,0,0.0031721327896967687,0.067529880478087598,0.93247011952191239
2022-12-08,conservative_raw_adaptive,conservative,0.0039056607288732738,0,0,0.0039056607288732738,0.067529880478087598,0.93247011952191239
2022-12-09,conservative_raw_adaptive,conservative,-0.015098670514324956,0,0,-0.015098670514324956,0.067529880478087598,0.93247011952191239
2022-12-12,conservative_raw_adaptive,conservative,0.004689831053597977,0,0,0.004689831053597977,0.067529880478087598,0.93247011952191239
2022-12-13,conservative_raw_adaptive,conservative,0.003318805617044669,0,0,0.003318805617044669,0.067529880478087598,0.93247011952191239
2022-12-14,conservative_raw_adaptive,conservative,-0.0017862736588137712,0,0,-0.0017862736588137712,0.067529880478087598,0.93247011952191239
2022-12-15,conservative_raw_adaptive,conservative,-0.016498331410410221,0,0,-0.016498331410410221,0.067529880478087598,0.93247011952191239
2022-12-16,conservative_raw_adaptive,conservative,-0.0088875772818778394,0,0,-0.0088875772818778394,0.067529880478087598,0.93247011952191239
2022-12-19,conservative_raw_adaptive,conservative,-0.0041379184890346591,0,0,-0.0041379184890346591,0.067529880478087598,0.93247011952191239
2022-12-20,conservative_raw_adaptive,conservative,0.0028652435767692139,0,0,0.0028652435767692139,0.067529880478087598,0.93247011952191239
2022-12-21,conservative_raw_adaptive,conservative,0.010578468433086118,0,0,0.010578468433086118,0.067529880478087598,0.93247011952191239
2022-12-22,conservative_raw_adaptive,conservative,-0.003891957882345645,0,0,-0.003891957882345645,0.067529880478087598,0.93247011952191239
2022-12-23,conservative_raw_adaptive,conservative,0.0040317962050249369,0,0,0.0040317962050249369,0.067529880478087598,0.93247011952191239
2022-12-27,conservative_raw_adaptive,conservative,0.0006882924098826819,0,0,0.0006882924098826819,0.067529880478087598,0.93247011952191239
2022-12-28,conservative_raw_adaptive,conservative,-0.01142240565276993,0,0,-0.01142240565276993,0.067529880478087598,0.93247011952191239
2022-12-29,conservative_raw_adaptive,conservative,0.006585918082369688,0,0,0.006585918082369688,0.067529880478087598,0.93247011952191239
2022-12-30,conservative_raw_adaptive,conservative,-0.0012062826198946405,0,0,-0.0012062826198946405,0.067529880478087598,0.93247011952191239
2023-01-03,conservative_raw_adaptive,conservative,-0.00098902390686799878,0.2209193364421343,0.0002209193364421343,-0.0012099432433101331,0.0471953578336557,0.95280464216634431
2023-01-04,conservative_raw_adaptive,conservative,0.0091297774977313687,0,0,0.0091297774977313687,0.0471953578336557,0.95280464216634431
2023-01-05,conservative_raw_adaptive,conservative,0.00013512595595957706,0,0,0.00013512595595957706,0.0471953578336557,0.95280464216634431
2023-01-06,conservative_raw_adaptive,conservative,0.014971210075609262,0,0,0.014971210075609262,0.0471953578336557,0.95280464216634431
2023-01-09,conservative_raw_adaptive,conservative,-0.013126863425858344,0,0,-0.013126863425858344,0.0471953578336557,0.95280464216634431
2023-01-10,conservative_raw_adaptive,conservative,0.0018858682482380252,0,0,0.0018858682482380252,0.0471953578336557,0.95280464216634431
2023-01-11,conservative_raw_adaptive,conservative,0.0079944153974623247,0,0,0.0079944153974623247,0.0471953578336557,0.95280464216634431
2023-01-12,conservative_raw_adaptive,conservative,0.00057448203105833827,0,0,0.00057448203105833827,0.0471953578336557,0.95280464216634431
2023-01-13,conservative_raw_adaptive,conservative,0.0024146033689334883,0,0,0.0024146033689334883,0.0471953578336557,0.95280464216634431
2023-01-17,conservative_raw_adaptive,conservative,-0.0059695909027517383,0,0,-0.0059695909027517383,0.0471953578336557,0.95280464216634431
2023-01-18,conservative_raw_adaptive,conservative,-0.01781532624286844,0,0,-0.01781532624286844,0.0471953578336557,0.95280464216634431
2023-01-19,conservative_raw_adaptive,conservative,-0.001464412573568533,0,0,-0.001464412573568533,0.0471953578336557,0.95280464216634431
2023-01-20,conservative_raw_adaptive,conservative,0.011762038907949928,0,0,0.011762038907949928,0.0471953578336557,0.95280464216634431
2023-01-23,conservative_raw_adaptive,conservative,0.002955186999021408,0,0,0.002955186999021408,0.0471953578336557,0.95280464216634431
2023-01-24,conservative_raw_adaptive,conservative,-0.0049171045131879655,0,0,-0.0049171045131879655,0.0471953578336557,0.95280464216634431
2023-01-25,conservative_raw_adaptive,conservative,-0.00054502845853313011,0,0,-0.00054502845853313011,0.0471953578336557,0.95280464216634431
2023-01-26,conservative_raw_adaptive,conservative,0.0012566793566513314,0,0,0.0012566793566513314,0.0471953578336557,0.95280464216634431
2023-01-27,conservative_raw_adaptive,conservative,-0.0038977520532731775,0,0,-0.0038977520532731775,0.0471953578336557,0.95280464216634431
2023-01-30,conservative_raw_adaptive,conservative,-0.0057036567066817336,0,0,-0.0057036567066817336,0.0471953578336557,0.95280464216634431
2023-01-31,conservative_raw_adaptive,conservative,0.0088563576084734509,0,0,0.0088563576084734509,0.0471953578336557,0.95280464216634431
2023-02-01,conservative_raw_adaptive,conservative,-0.019113340003227695,0.17748985355876817,0.00017748985355876817,-0.019290829856786464,0.091744840525328303,0.90825515947467172
2023-02-02,conservative_raw_adaptive,conservative,-0.011964241193137761,0,0,-0.011964241193137761,0.091744840525328303,0.90825515947467172
2023-02-03,conservative_raw_adaptive,conservative,-0.0068304112098753408,0,0,-0.0068304112098753408,0.091744840525328303,0.90825515947467172
2023-02-06,conservative_raw_adaptive,conservative,-0.0022187495968474255,0,0,-0.0022187495968474255,0.091744840525328303,0.90825515947467172
2023-02-07,conservative_raw_adaptive,conservative,0.01028674878717642,0,0,0.01028674878717642,0.091744840525328303,0.90825515947467172
2023-02-08,conservative_raw_adaptive,conservative,-0.006663927397282032,0,0,-0.006663927397282032,0.091744840525328303,0.90825515947467172
2023-02-09,conservative_raw_adaptive,conservative,-0.0078984638230525268,0,0,-0.0078984638230525268,0.091744840525328303,0.90825515947467172
2023-02-10,conservative_raw_adaptive,conservative,0.01285544587417563,0,0,0.01285544587417563,0.091744840525328303,0.90825515947467172
2023-02-13,conservative_raw_adaptive,conservative,0.0064877469369095612,0,0,0.0064877469369095612,0.091744840525328303,0.90825515947467172
2023-02-14,conservative_raw_adaptive,conservative,-0.0055036273453436101,0,0,-0.0055036273453436101,0.091744840525328303,0.90825515947467172
2023-02-15,conservative_raw_adaptive,conservative,0.006739909518888039,0,0,0.006739909518888039,0.091744840525328303,0.90825515947467172
2023-02-16,conservative_raw_adaptive,conservative,-0.015099787756885783,0,0,-0.015099787756885783,0.091744840525328303,0.90825515947467172
2023-02-17,conservative_raw_adaptive,conservative,0.013685026586411126,0,0,0.013685026586411126,0.091744840525328303,0.90825515947467172
2023-02-21,conservative_raw_adaptive,conservative,-0.0056339456265675908,0,0,-0.0056339456265675908,0.091744840525328303,0.90825515947467172
2023-02-22,conservative_raw_adaptive,conservative,-0.0046319095924079162,0,0,-0.0046319095924079162,0.091744840525328303,0.90825515947467172
2023-02-23,conservative_raw_adaptive,conservative,0.0017950811663241294,0,0,0.0017950811663241294,0.091744840525328303,0.90825515947467172
2023-02-24,conservative_raw_adaptive,conservative,-0.010158855242452171,0,0,-0.010158855242452171,0.091744840525328303,0.90825515947467172
2023-02-27,conservative_raw_adaptive,conservative,1.8043270651290797e-05,0,0,1.8043270651290797e-05,0.091744840525328303,0.90825515947467172
2023-02-28,conservative_raw_adaptive,conservative,-0.010192939244447828,0,0,-0.010192939244447828,0.091744840525328303,0.90825515947467172
2023-03-01,conservative_raw_adaptive,conservative,0.0019477591278183968,0.23207704232689605,0.00023207704232689605,0.0017156820854915007,0.090950639853747697,0.90904936014625226
2023-03-02,conservative_raw_adaptive,conservative,0.0034219656653721115,0,0,0.0034219656653721115,0.090950639853747697,0.90904936014625226
2023-03-03,conservative_raw_adaptive,conservative,0.0021115585529280037,0,0,0.0021115585529280037,0.090950639853747697,0.90904936014625226
2023-03-06,conservative_raw_adaptive,conservative,0.0069316781970719847,0,0,0.0069316781970719847,0.090950639853747697,0.90904936014625226
2023-03-07,conservative_raw_adaptive,conservative,-0.011909954817891394,0,0,-0.011909954817891394,0.090950639853747697,0.90904936014625226
2023-03-08,conservative_raw_adaptive,conservative,-0.0051109956124594774,0,0,-0.0051109956124594774,0.090950639853747697,0.90904936014625226
2023-03-09,conservative_raw_adaptive,conservative,-0.016206983141173036,0,0,-0.016206983141173036,0.090950639853747697,0.90904936014625226
2023-03-10,conservative_raw_adaptive,conservative,-0.0068765249021276072,0,0,-0.0068765249021276072,0.090950639853747697,0.90904936014625226
2023-03-13,conservative_raw_adaptive,conservative,0.01274690318733135,0,0,0.01274690318733135,0.090950639853747697,0.90904936014625226
2023-03-14,conservative_raw_adaptive,conservative,0.0070946858288168302,0,0,0.0070946858288168302,0.090950639853747697,0.90904936014625226
2023-03-15,conservative_raw_adaptive,conservative,0.0020126565294309464,0,0,0.0020126565294309464,0.090950639853747697,0.90904936014625226
2023-03-16,conservative_raw_adaptive,conservative,0.00048661848076160324,0,0,0.00048661848076160324,0.090950639853747697,0.90904936014625226
2023-03-17,conservative_raw_adaptive,conservative,-0.0067080923269078512,0,0,-0.0067080923269078512,0.090950639853747697,0.90904936014625226
2023-03-20,conservative_raw_adaptive,conservative,0.00926445194973885,0,0,0.00926445194973885,0.090950639853747697,0.90904936014625226
2023-03-21,conservative_raw_adaptive,conservative,0.0035988849674767551,0,0,0.0035988849674767551,0.090950639853747697,0.90904936014625226
2023-03-22,conservative_raw_adaptive,conservative,-0.019053763170179878,0,0,-0.019053763170179878,0.090950639853747697,0.90904936014625226
2023-03-23,conservative_raw_adaptive,conservative,0.010170319484608139,0,0,0.010170319484608139,0.090950639853747697,0.90904936014625226
2023-03-24,conservative_raw_adaptive,conservative,0.013629545934527603,0,0,0.013629545934527603,0.090950639853747697,0.90904936014625226
2023-03-27,conservative_raw_adaptive,conservative,0.0032949364615773927,0,0,0.0032949364615773927,0.090950639853747697,0.90904936014625226
2023-03-28,conservative_raw_adaptive,conservative,0.0029778172728960307,0,0,0.0029778172728960307,0.090950639853747697,0.90904936014625226
2023-03-29,conservative_raw_adaptive,conservative,0.0099580838958615234,0,0,0.0099580838958615234,0.090950639853747697,0.90904936014625226
2023-03-30,conservative_raw_adaptive,conservative,0.0048229244438669572,0,0,0.0048229244438669572,0.090950639853747697,0.90904936014625226
2023-03-31,conservative_raw_adaptive,conservative,0.0089424393426475578,0,0,0.0089424393426475578,0.090950639853747697,0.90904936014625226
2023-04-03,conservative_raw_adaptive,conservative,0.0079911092746919061,0.15135606927824188,0.00015135606927824189,0.0078397532054136649,0.087911111111111107,0.91208888888888895
2023-04-04,conservative_raw_adaptive,conservative,0.0082475103619464567,0,0,0.0082475103619464567,0.087911111111111107,0.91208888888888895
2023-04-05,conservative_raw_adaptive,conservative,0.016030452550290567,0,0,0.016030452550290567,0.087911111111111107,0.91208888888888895
2023-04-06,conservative_raw_adaptive,conservative,8.9610705847262289e-05,0,0,8.9610705847262289e-05,0.087911111111111107,0.91208888888888895
2023-04-10,conservative_raw_adaptive,conservative,-0.00068426939347448665,0,0,-0.00068426939347448665,0.087911111111111107,0.91208888888888895
2023-04-11,conservative_raw_adaptive,conservative,-0.0018374909581695877,0,0,-0.0018374909581695877,0.087911111111111107,0.91208888888888895
2023-04-12,conservative_raw_adaptive,conservative,-0.00070710111940614179,0,0,-0.00070710111940614179,0.087911111111111107,0.91208888888888895
2023-04-13,conservative_raw_adaptive,conservative,0.0094995923765762783,0,0,0.0094995923765762783,0.087911111111111107,0.91208888888888895
2023-04-14,conservative_raw_adaptive,conservative,-0.0047166531475854485,0,0,-0.0047166531475854485,0.087911111111111107,0.91208888888888895
2023-04-17,conservative_raw_adaptive,conservative,-0.0028578680949679709,0,0,-0.0028578680949679709,0.087911111111111107,0.91208888888888895
2023-04-18,conservative_raw_adaptive,conservative,0.0014880353961270144,0,0,0.0014880353961270144,0.087911111111111107,0.91208888888888895
2023-04-19,conservative_raw_adaptive,conservative,-0.0064543621004858227,0,0,-0.0064543621004858227,0.087911111111111107,0.91208888888888895
2023-04-20,conservative_raw_adaptive,conservative,-0.0077306713549054737,0,0,-0.0077306713549054737,0.087911111111111107,0.91208888888888895
2023-04-21,conservative_raw_adaptive,conservative,0.0029632597000347322,0,0,0.0029632597000347322,0.087911111111111107,0.91208888888888895
2023-04-24,conservative_raw_adaptive,conservative,0.001255578848195088,0,0,0.001255578848195088,0.087911111111111107,0.91208888888888895
2023-04-25,conservative_raw_adaptive,conservative,0.0016692461783333391,0,0,0.0016692461783333391,0.087911111111111107,0.91208888888888895
2023-04-26,conservative_raw_adaptive,conservative,-0.019450468164908745,0,0,-0.019450468164908745,0.087911111111111107,0.91208888888888895
2023-04-27,conservative_raw_adaptive,conservative,0.012722206909657807,0,0,0.012722206909657807,0.087911111111111107,0.91208888888888895
2023-04-28,conservative_raw_adaptive,conservative,0.0024474893450376657,0,0,0.0024474893450376657,0.087911111111111107,0.91208888888888895
2023-05-01,conservative_raw_adaptive,conservative,-0.0013860689033926509,0.21582077759543264,0.00021582077759543265,-0.0016018896809880836,0.085429314830875902,0.9145706851691241
2023-05-02,conservative_raw_adaptive,conservative,-0.0051941248913506344,0,0,-0.0051941248913506344,0.085429314830875902,0.9145706851691241
2023-05-03,conservative_raw_adaptive,conservative,-0.014082149718765063,0,0,-0.014082149718765063,0.085429314830875902,0.9145706851691241
2023-05-04,conservative_raw_adaptive,conservative,0.0024999760128905507,0,0,0.0024999760128905507,0.085429314830875902,0.9145706851691241
2023-05-05,conservative_raw_adaptive,conservative,0.013304580668538801,0,0,0.013304580668538801,0.085429314830875902,0.9145706851691241
2023-05-08,conservative_raw_adaptive,conservative,-0.0029417553061534354,0,0,-0.0029417553061534354,0.085429314830875902,0.9145706851691241
2023-05-09,conservative_raw_adaptive,conservative,-0.0027600604269525509,0,0,-0.0027600604269525509,0.085429314830875902,0.9145706851691241
2023-05-10,conservative_raw_adaptive,conservative,0.00066450756446380973,0,0,0.00066450756446380973,0.085429314830875902,0.9145706851691241
2023-05-11,conservative_raw_adaptive,conservative,-0.0054528888173498904,0,0,-0.0054528888173498904,0.085429314830875902,0.9145706851691241
2023-05-12,conservative_raw_adaptive,conservative,0.0012983380915730259,0,0,0.0012983380915730259,0.085429314830875902,0.9145706851691241
2023-05-15,conservative_raw_adaptive,conservative,-0.0017132189002865453,0,0,-0.0017132189002865453,0.085429314830875902,0.9145706851691241
2023-05-16,conservative_raw_adaptive,conservative,-0.01332249303092041,0,0,-0.01332249303092041,0.085429314830875902,0.9145706851691241
2023-05-17,conservative_raw_adaptive,conservative,-0.00041204883969885161,0,0,-0.00041204883969885161,0.085429314830875902,0.9145706851691241
2023-05-18,conservative_raw_adaptive,conservative,-0.00089879105441395025,0,0,-0.00089879105441395025,0.085429314830875902,0.9145706851691241
2023-05-19,conservative_raw_adaptive,conservative,-0.00064631664923899359,0,0,-0.00064631664923899359,0.085429314830875902,0.9145706851691241
2023-05-22,conservative_raw_adaptive,conservative,-0.0030425799265074616,0,0,-0.0030425799265074616,0.085429314830875902,0.9145706851691241
2023-05-23,conservative_raw_adaptive,conservative,-0.0055289056088536478,0,0,-0.0055289056088536478,0.085429314830875902,0.9145706851691241
2023-05-24,conservative_raw_adaptive,conservative,-0.0082039320364286454,0,0,-0.0082039320364286454,0.085429314830875902,0.9145706851691241
2023-05-25,conservative_raw_adaptive,conservative,-0.013102069067072385,0,0,-0.013102069067072385,0.085429314830875902,0.9145706851691241
2023-05-26,conservative_raw_adaptive,conservative,0.0010943180498903323,0,0,0.0010943180498903323,0.085429314830875902,0.9145706851691241
2023-05-30,conservative_raw_adaptive,conservative,-0.001587626991508069,0,0,-0.001587626991508069,0.085429314830875902,0.9145706851691241
2023-05-31,conservative_raw_adaptive,conservative,0.0067583483892804386,0,0,0.0067583483892804386,0.085429314830875902,0.9145706851691241
2023-06-01,conservative_raw_adaptive,conservative,-0.0014518009720293329,0.4030231277463327,0.00040302312774633268,-0.0018548240997756657,0.097386172006745306,0.90261382799325474
2023-06-02,conservative_raw_adaptive,conservative,0.014915065062571842,0,0,0.014915065062571842,0.097386172006745306,0.90261382799325474
2023-06-05,conservative_raw_adaptive,conservative,-0.0036569207853906277,0,0,-0.0036569207853906277,0.097386172006745306,0.90261382799325474
2023-06-06,conservative_raw_adaptive,conservative,-0.0041914759276554569,0,0,-0.0041914759276554569,0.097386172006745306,0.90261382799325474
2023-06-07,conservative_raw_adaptive,conservative,-0.0023758516191584571,0,0,-0.0023758516191584571,0.097386172006745306,0.90261382799325474
2023-06-08,conservative_raw_adaptive,conservative,0.0074326356706375662,0,0,0.0074326356706375662,0.097386172006745306,0.90261382799325474
2023-06-09,conservative_raw_adaptive,conservative,-0.00041381408097960885,0,0,-0.00041381408097960885,0.097386172006745306,0.90261382799325474
2023-06-12,conservative_raw_adaptive,conservative,-0.00092306297549507978,0,0,-0.00092306297549507978,0.097386172006745306,0.90261382799325474
2023-06-13,conservative_raw_adaptive,conservative,0.0045733877510654971,0,0,0.0045733877510654971,0.097386172006745306,0.90261382799325474
2023-06-14,conservative_raw_adaptive,conservative,-0.001613882417100608,0,0,-0.001613882417100608,0.097386172006745306,0.90261382799325474
2023-06-15,conservative_raw_adaptive,conservative,0.0066837182491957976,0,0,0.0066837182491957976,0.097386172006745306,0.90261382799325474
2023-06-16,conservative_raw_adaptive,conservative,0.00050145745329015863,0,0,0.00050145745329015863,0.097386172006745306,0.90261382799325474
2023-06-20,conservative_raw_adaptive,conservative,-0.0041562257331750514,0,0,-0.0041562257331750514,0.097386172006745306,0.90261382799325474
2023-06-21,conservative_raw_adaptive,conservative,0.0025424764601069288,0,0,0.0025424764601069288,0.097386172006745306,0.90261382799325474
2023-06-22,conservative_raw_adaptive,conservative,0.0069987492290080784,0,0,0.0069987492290080784,0.097386172006745306,0.90261382799325474
2023-06-23,conservative_raw_adaptive,conservative,-0.0017039546746081863,0,0,-0.0017039546746081863,0.097386172006745306,0.90261382799325474
2023-06-26,conservative_raw_adaptive,conservative,0.00054202532563097272,0,0,0.00054202532563097272,0.097386172006745306,0.90261382799325474
2023-06-27,conservative_raw_adaptive,conservative,0.0062910121848062184,0,0,0.0062910121848062184,0.097386172006745306,0.90261382799325474
2023-06-28,conservative_raw_adaptive,conservative,-0.0062259649829574807,0,0,-0.0062259649829574807,0.097386172006745306,0.90261382799325474
2023-06-29,conservative_raw_adaptive,conservative,0.00085562599744545375,0,0,0.00085562599744545375,0.097386172006745306,0.90261382799325474
2023-06-30,conservative_raw_adaptive,conservative,0.012607298432529329,0,0,0.012607298432529329,0.097386172006745306,0.90261382799325474
2023-07-03,conservative_raw_adaptive,conservative,0.0025156081829312009,0.23678954308989517,0.00023678954308989518,0.0022788186398413055,0.085526315789473603,0.91447368421052644
2023-07-05,conservative_raw_adaptive,conservative,-0.00020438860591938726,0,0,-0.00020438860591938726,0.085526315789473603,0.91447368421052644
2023-07-06,conservative_raw_adaptive,conservative,-0.0095484918117371195,0,0,-0.0095484918117371195,0.085526315789473603,0.91447368421052644
2023-07-07,conservative_raw_adaptive,conservative,-0.010911934550139047,0,0,-0.010911934550139047,0.085526315789473603,0.91447368421052644
2023-07-10,conservative_raw_adaptive,conservative,0.0031332799411934878,0,0,0.0031332799411934878,0.085526315789473603,0.91447368421052644
2023-07-11,conservative_raw_adaptive,conservative,0.0094334184969327994,0,0,0.0094334184969327994,0.085526315789473603,0.91447368421052644
2023-07-12,conservative_raw_adaptive,conservative,-0.0020023331291533597,0,0,-0.0020023331291533597,0.085526315789473603,0.91447368421052644
2023-07-13,conservative_raw_adaptive,conservative,0.025452640089945914,0,0,0.025452640089945914,0.085526315789473603,0.91447368421052644
2023-07-14,conservative_raw_adaptive,conservative,-0.0050058649681962841,0,0,-0.0050058649681962841,0.085526315789473603,0.91447368421052644
2023-07-17,conservative_raw_adaptive,conservative,-0.0054179151677442982,0,0,-0.0054179151677442982,0.085526315789473603,0.91447368421052644
2023-07-18,conservative_raw_adaptive,conservative,0.00091502330175274914,0,0,0.00091502330175274914,0.085526315789473603,0.91447368421052644
2023-07-19,conservative_raw_adaptive,conservative,0.0097365619554217724,0,0,0.0097365619554217724,0.085526315789473603,0.91447368421052644
2023-07-20,conservative_raw_adaptive,conservative,0.010639372190673794,0,0,0.010639372190673794,0.085526315789473603,0.91447368421052644
2023-07-21,conservative_raw_adaptive,conservative,0.005614502142684507,0,0,0.005614502142684507,0.085526315789473603,0.91447368421052644
2023-07-24,conservative_raw_adaptive,conservative,-0.0037610223544413679,0,0,-0.0037610223544413679,0.085526315789473603,0.91447368421052644
2023-07-25,conservative_raw_adaptive,conservative,-0.0023579337153082141,0,0,-0.0023579337153082141,0.085526315789473603,0.91447368421052644
2023-07-26,conservative_raw_adaptive,conservative,0.0041932083955186954,0,0,0.0041932083955186954,0.085526315789473603,0.91447368421052644
2023-07-27,conservative_raw_adaptive,conservative,-0.0070027991084678489,0,0,-0.0070027991084678489,0.085526315789473603,0.91447368421052644
2023-07-28,conservative_raw_adaptive,conservative,0.0026993933844451728,0,0,0.0026993933844451728,0.085526315789473603,0.91447368421052644
2023-07-31,conservative_raw_adaptive,conservative,-0.0047393217109284701,0,0,-0.0047393217109284701,0.085526315789473603,0.91447368421052644
2023-08-01,conservative_raw_adaptive,conservative,-0.0054366218393062486,0.14102199233543725,0.00014102199233543726,-0.0055776438316416863,0.076583801122694403,0.92341619887730564
2023-08-02,conservative_raw_adaptive,conservative,-0.012738287811381355,0,0,-0.012738287811381355,0.076583801122694403,0.92341619887730564
2023-08-03,conservative_raw_adaptive,conservative,-0.0092884129062654371,0,0,-0.0092884129062654371,0.076583801122694403,0.92341619887730564
2023-08-04,conservative_raw_adaptive,conservative,-0.0078980260128434648,0,0,-0.0078980260128434648,0.076583801122694403,0.92341619887730564
2023-08-07,conservative_raw_adaptive,conservative,0.010702190806738817,0,0,0.010702190806738817,0.076583801122694403,0.92341619887730564
2023-08-08,conservative_raw_adaptive,conservative,-0.0021234191252438423,0,0,-0.0021234191252438423,0.076583801122694403,0.92341619887730564
2023-08-09,conservative_raw_adaptive,conservative,0.001773128827909979,0,0,0.001773128827909979,0.076583801122694403,0.92341619887730564
2023-08-10,conservative_raw_adaptive,conservative,-0.0028295464892963188,0,0,-0.0028295464892963188,0.076583801122694403,0.92341619887730564
2023-08-11,conservative_raw_adaptive,conservative,0.0056587310928103455,0,0,0.0056587310928103455,0.076583801122694403,0.92341619887730564
2023-08-14,conservative_raw_adaptive,conservative,-0.00018658157087682049,0,0,-0.00018658157087682049,0.076583801122694403,0.92341619887730564
2023-08-15,conservative_raw_adaptive,conservative,-0.0084155850404443039,0,0,-0.0084155850404443039,0.076583801122694403,0.92341619887730564
2023-08-16,conservative_raw_adaptive,conservative,-0.0048457833542306216,0,0,-0.0048457833542306216,0.076583801122694403,0.92341619887730564
2023-08-17,conservative_raw_adaptive,conservative,-0.01220192278155198,0,0,-0.01220192278155198,0.076583801122694403,0.92341619887730564
2023-08-18,conservative_raw_adaptive,conservative,0.0025709145840704592,0,0,0.0025709145840704592,0.076583801122694403,0.92341619887730564
2023-08-21,conservative_raw_adaptive,conservative,-0.0028178983833241976,0,0,-0.0028178983833241976,0.076583801122694403,0.92341619887730564
2023-08-22,conservative_raw_adaptive,conservative,-0.0058827159087202424,0,0,-0.0058827159087202424,0.076583801122694403,0.92341619887730564
2023-08-23,conservative_raw_adaptive,conservative,0.013546371536723553,0,0,0.013546371536723553,0.076583801122694403,0.92341619887730564
2023-08-24,conservative_raw_adaptive,conservative,-0.010392544652308794,0,0,-0.010392544652308794,0.076583801122694403,0.92341619887730564
2023-08-25,conservative_raw_adaptive,conservative,0.0025346413869314008,0,0,0.0025346413869314008,0.076583801122694403,0.92341619887730564
2023-08-28,conservative_raw_adaptive,conservative,0.0019548859333178726,0,0,0.0019548859333178726,0.076583801122694403,0.92341619887730564
2023-08-29,conservative_raw_adaptive,conservative,0.0097797113790077939,0,0,0.0097797113790077939,0.076583801122694403,0.92341619887730564
2023-08-30,conservative_raw_adaptive,conservative,0.00033939202788670552,0,0,0.00033939202788670552,0.076583801122694403,0.92341619887730564
2023-08-31,conservative_raw_adaptive,conservative,-0.0077314686065672704,0,0,-0.0077314686065672704,0.076583801122694403,0.92341619887730564
2023-09-01,conservative_raw_adaptive,conservative,0.0016271657346012098,0.40454856305132569,0.00040454856305132569,0.0012226171715498842,0.0805164319248826,0.91948356807511744
2023-09-05,conservative_raw_adaptive,conservative,-0.011278642824957085,0,0,-0.011278642824957085,0.0805164319248826,0.91948356807511744
2023-09-06,conservative_raw_adaptive,conservative,-0.0028893744997582601,0,0,-0.0028893744997582601,0.0805164319248826,0.91948356807511744
2023-09-07,conservative_raw_adaptive,conservative,0.0083858689494983128,0,0,0.0083858689494983128,0.0805164319248826,0.91948356807511744
2023-09-08,conservative_raw_adaptive,conservative,0.0041653000269795421,0,0,0.0041653000269795421,0.0805164319248826,0.91948356807511744
2023-09-11,conservative_raw_adaptive,conservative,6.9892715167205622e-06,0,0,6.9892715167205622e-06,0.0805164319248826,0.91948356807511744
2023-09-12,conservative_raw_adaptive,conservative,0.0046948082261858608,0,0,0.0046948082261858608,0.0805164319248826,0.91948356807511744
2023-09-13,conservative_raw_adaptive,conservative,0.0023067253780669462,0,0,0.0023067253780669462,0.0805164319248826,0.91948356807511744
2023-09-14,conservative_raw_adaptive,conservative,0.0075736571050336486,0,0,0.0075736571050336486,0.0805164319248826,0.91948356807511744
2023-09-15,conservative_raw_adaptive,conservative,-0.0064975418366624588,0,0,-0.0064975418366624588,0.0805164319248826,0.91948356807511744
2023-09-18,conservative_raw_adaptive,conservative,0.00032266901198138857,0,0,0.00032266901198138857,0.0805164319248826,0.91948356807511744
2023-09-19,conservative_raw_adaptive,conservative,-0.00025964410939279713,0,0,-0.00025964410939279713,0.0805164319248826,0.91948356807511744
2023-09-20,conservative_raw_adaptive,conservative,-0.0028310569955870071,0,0,-0.0028310569955870071,0.0805164319248826,0.91948356807511744
2023-09-21,conservative_raw_adaptive,conservative,-0.015519214316779016,0,0,-0.015519214316779016,0.0805164319248826,0.91948356807511744
2023-09-22,conservative_raw_adaptive,conservative,-0.0028531354501682639,0,0,-0.0028531354501682639,0.0805164319248826,0.91948356807511744
2023-09-25,conservative_raw_adaptive,conservative,-0.000127556387325269,0,0,-0.000127556387325269,0.0805164319248826,0.91948356807511744
2023-09-26,conservative_raw_adaptive,conservative,-0.0077753995751472203,0,0,-0.0077753995751472203,0.0805164319248826,0.91948356807511744
2023-09-27,conservative_raw_adaptive,conservative,-0.0054814925074040894,0,0,-0.0054814925074040894,0.0805164319248826,0.91948356807511744
2023-09-28,conservative_raw_adaptive,conservative,0.0055484341189807433,0,0,0.0055484341189807433,0.0805164319248826,0.91948356807511744
2023-09-29,conservative_raw_adaptive,conservative,-0.0052508844130213584,0,0,-0.0052508844130213584,0.0805164319248826,0.91948356807511744
2023-10-02,conservative_raw_adaptive,conservative,-0.0064041943720772624,0.37114216859702293,0.00037114216859702293,-0.0067753365406742856,0.090206579954093299,0.90979342004590669
2023-10-03,conservative_raw_adaptive,conservative,-0.01279786583313283,0,0,-0.01279786583313283,0.090206579954093299,0.90979342004590669
2023-10-04,conservative_raw_adaptive,conservative,0.0060665553023866847,0,0,0.0060665553023866847,0.090206579954093299,0.90979342004590669
2023-10-05,conservative_raw_adaptive,conservative,-0.0046064311038785466,0,0,-0.0046064311038785466,0.090206579954093299,0.90979342004590669
2023-10-06,conservative_raw_adaptive,conservative,0.0059890842349191974,0,0,0.0059890842349191974,0.090206579954093299,0.90979342004590669
2023-10-09,conservative_raw_adaptive,conservative,0.0030904160733357848,0,0,0.0030904160733357848,0.090206579954093299,0.90979342004590669
2023-10-10,conservative_raw_adaptive,conservative,0.0059461056165338805,0,0,0.0059461056165338805,0.090206579954093299,0.90979342004590669
2023-10-11,conservative_raw_adaptive,conservative,0.0011291629609576298,0,0,0.0011291629609576298,0.090206579954093299,0.90979342004590669
2023-10-12,conservative_raw_adaptive,conservative,-0.0050981889450213477,0,0,-0.0050981889450213477,0.090206579954093299,0.90979342004590669
2023-10-13,conservative_raw_adaptive,conservative,0.0029130943941721994,0,0,0.0029130943941721994,0.090206579954093299,0.90979342004590669
2023-10-16,conservative_raw_adaptive,conservative,0.010586341038885826,0,0,0.010586341038885826,0.090206579954093299,0.90979342004590669
2023-10-17,conservative_raw_adaptive,conservative,-0.001881044721643679,0,0,-0.001881044721643679,0.090206579954093299,0.90979342004590669
2023-10-18,conservative_raw_adaptive,conservative,-0.0097246682074167284,0,0,-0.0097246682074167284,0.090206579954093299,0.90979342004590669
2023-10-19,conservative_raw_adaptive,conservative,-0.0087838471573962271,0,0,-0.0087838471573962271,0.090206579954093299,0.90979342004590669
2023-10-20,conservative_raw_adaptive,conservative,0.0033735712669491977,0,0,0.0033735712669491977,0.090206579954093299,0.90979342004590669
2023-10-23,conservative_raw_adaptive,conservative,0.0055918353532413397,0,0,0.0055918353532413397,0.090206579954093299,0.90979342004590669
2023-10-24,conservative_raw_adaptive,conservative,0.0098452561049645372,0,0,0.0098452561049645372,0.090206579954093299,0.90979342004590669
2023-10-25,conservative_raw_adaptive,conservative,-0.0020075250047109704,0,0,-0.0020075250047109704,0.090206579954093299,0.90979342004590669
2023-10-26,conservative_raw_adaptive,conservative,-0.0040892786620513408,0,0,-0.0040892786620513408,0.090206579954093299,0.90979342004590669
2023-10-27,conservative_raw_adaptive,conservative,-0.01470381666848708,0,0,-0.01470381666848708,0.090206579954093299,0.90979342004590669
2023-10-30,conservative_raw_adaptive,conservative,0.0076073197002784233,0,0,0.0076073197002784233,0.090206579954093299,0.90979342004590669
2023-10-31,conservative_raw_adaptive,conservative,0.0057261526384305992,0,0,0.0057261526384305992,0.090206579954093299,0.90979342004590669
2023-11-01,conservative_raw_adaptive,conservative,0.008823267887649186,0.33766539748917596,0.00033766539748917597,0.0084856024901600099,0.099925317401045502,0.90007468259895451
2023-11-02,conservative_raw_adaptive,conservative,0.008627371434011032,0,0,0.008627371434011032,0.099925317401045502,0.90007468259895451
2023-11-03,conservative_raw_adaptive,conservative,0.0043561377172630766,0,0,0.0043561377172630766,0.099925317401045502,0.90007468259895451
2023-11-06,conservative_raw_adaptive,conservative,0.00028419410721054945,0,0,0.00028419410721054945,0.099925317401045502,0.90007468259895451
2023-11-07,conservative_raw_adaptive,conservative,-0.0009064421970987757,0,0,-0.0009064421970987757,0.099925317401045502,0.90007468259895451
2023-11-08,conservative_raw_adaptive,conservative,-0.0030323181078263243,0,0,-0.0030323181078263243,0.099925317401045502,0.90007468259895451
2023-11-09,conservative_raw_adaptive,conservative,-0.0029104412138058946,0,0,-0.0029104412138058946,0.099925317401045502,0.90007468259895451
2023-11-10,conservative_raw_adaptive,conservative,0.0087046261380958889,0,0,0.0087046261380958889,0.099925317401045502,0.90007468259895451
2023-11-13,conservative_raw_adaptive,conservative,-0.0029136426698602776,0,0,-0.0029136426698602776,0.099925317401045502,0.90007468259895451
2023-11-14,conservative_raw_adaptive,conservative,0.0043197364873308062,0,0,0.0043197364873308062,0.099925317401045502,0.90007468259895451
2023-11-15,conservative_raw_adaptive,conservative,0.0068114781737772471,0,0,0.0068114781737772471,0.099925317401045502,0.90007468259895451
2023-11-16,conservative_raw_adaptive,conservative,-0.0082058260451357209,0,0,-0.0082058260451357209,0.099925317401045502,0.90007468259895451
2023-11-17,conservative_raw_adaptive,conservative,0.00024725751783033132,0,0,0.00024725751783033132,0.099925317401045502,0.90007468259895451
2023-11-20,conservative_raw_adaptive,conservative,0.0033985523382093156,0,0,0.0033985523382093156,0.099925317401045502,0.90007468259895451
2023-11-21,conservative_raw_adaptive,conservative,-0.0040807087526795191,0,0,-0.0040807087526795191,0.099925317401045502,0.90007468259895451
2023-11-22,conservative_raw_adaptive,conservative,0.0057705839189667119,0,0,0.0057705839189667119,0.099925317401045502,0.90007468259895451
2023-11-24,conservative_raw_adaptive,conservative,0.0031482005449043763,0,0,0.0031482005449043763,0.099925317401045502,0.90007468259895451
2023-11-27,conservative_raw_adaptive,conservative,-0.0032784510313296714,0,0,-0.0032784510313296714,0.099925317401045502,0.90007468259895451
2023-11-28,conservative_raw_adaptive,conservative,0.000357497944596115,0,0,0.000357497944596115,0.099925317401045502,0.90007468259895451
2023-11-29,conservative_raw_adaptive,conservative,-0.00026943950204838811,0,0,-0.00026943950204838811,0.099925317401045502,0.90007468259895451
2023-11-30,conservative_raw_adaptive,conservative,0.0077378374551745682,0,0,0.0077378374551745682,0.099925317401045502,0.90007468259895451
2023-12-01,conservative_raw_adaptive,conservative,0.0052770849437565959,0.21363109972394118,0.00021363109972394117,0.0050634538440326544,0.096347699050401706,0.90365230094959825
2023-12-04,conservative_raw_adaptive,conservative,0.0060081629190723938,0,0,0.0060081629190723938,0.096347699050401706,0.90365230094959825
2023-12-05,conservative_raw_adaptive,conservative,0.002482635154249803,0,0,0.002482635154249803,0.096347699050401706,0.90365230094959825
2023-12-06,conservative_raw_adaptive,conservative,8.8564651478898783e-05,0,0,8.8564651478898783e-05,0.096347699050401706,0.90365230094959825
2023-12-07,conservative_raw_adaptive,conservative,0.0016249148641240458,0,0,0.0016249148641240458,0.096347699050401706,0.90365230094959825
2023-12-08,conservative_raw_adaptive,conservative,0.0038047232894238506,0,0,0.0038047232894238506,0.096347699050401706,0.90365230094959825
2023-12-11,conservative_raw_adaptive,conservative,0.0015106599397899155,0,0,0.0015106599397899155,0.096347699050401706,0.90365230094959825
2023-12-12,conservative_raw_adaptive,conservative,0.0046060907305606105,0,0,0.0046060907305606105,0.096347699050401706,0.90365230094959825
2023-12-13,conservative_raw_adaptive,conservative,0.015242914278133375,0,0,0.015242914278133375,0.096347699050401706,0.90365230094959825
2023-12-14,conservative_raw_adaptive,conservative,-0.0061038913016127896,0,0,-0.0061038913016127896,0.096347699050401706,0.90365230094959825
2023-12-15,conservative_raw_adaptive,conservative,-0.0084383660096596369,0,0,-0.0084383660096596369,0.096347699050401706,0.90365230094959825
2023-12-18,conservative_raw_adaptive,conservative,0.0048132021511916503,0,0,0.0048132021511916503,0.096347699050401706,0.90365230094959825
2023-12-19,conservative_raw_adaptive,conservative,-0.000701447994611766,0,0,-0.000701447994611766,0.096347699050401706,0.90365230094959825
2023-12-20,conservative_raw_adaptive,conservative,-0.010956188353283148,0,0,-0.010956188353283148,0.096347699050401706,0.90365230094959825
2023-12-21,conservative_raw_adaptive,conservative,0.0069210928008514505,0,0,0.0069210928008514505,0.096347699050401706,0.90365230094959825
2023-12-22,conservative_raw_adaptive,conservative,0.007007956631011193,0,0,0.007007956631011193,0.096347699050401706,0.90365230094959825
2023-12-26,conservative_raw_adaptive,conservative,0.00058225526196572933,0,0,0.00058225526196572933,0.096347699050401706,0.90365230094959825
2023-12-27,conservative_raw_adaptive,conservative,0.0089159283457853934,0,0,0.0089159283457853934,0.096347699050401706,0.90365230094959825
2023-12-28,conservative_raw_adaptive,conservative,0.0018861903541076972,0,0,0.0018861903541076972,0.096347699050401706,0.90365230094959825
2023-12-29,conservative_raw_adaptive,conservative,-0.00053149540658800165,0,0,-0.00053149540658800165,0.096347699050401706,0.90365230094959825
2021-01-04,growth_raw_adaptive,growth,0.0086519375624091871,0,0,0.0086519375624091871,0.1393442622950819,0.8606557377049181
2021-01-05,growth_raw_adaptive,growth,0.0055808574727506631,0,0,0.0055808574727506631,0.1393442622950819,0.8606557377049181
2021-01-06,growth_raw_adaptive,growth,0.02055799588944527,0,0,0.02055799588944527,0.1393442622950819,0.8606557377049181
2021-01-07,growth_raw_adaptive,growth,0.01259221235057725,0,0,0.01259221235057725,0.1393442622950819,0.8606557377049181
2021-01-08,growth_raw_adaptive,growth,-0.0029810295584655816,0,0,-0.0029810295584655816,0.1393442622950819,0.8606557377049181
2021-01-11,growth_raw_adaptive,growth,-0.021534943694792578,0,0,-0.021534943694792578,0.1393442622950819,0.8606557377049181
2021-01-12,growth_raw_adaptive,growth,-0.013113332846999101,0,0,-0.013113332846999101,0.1393442622950819,0.8606557377049181
2021-01-13,growth_raw_adaptive,growth,0.0069277241921154994,0,0,0.0069277241921154994,0.1393442622950819,0.8606557377049181
2021-01-14,growth_raw_adaptive,growth,0.0065552226495816284,0,0,0.0065552226495816284,0.1393442622950819,0.8606557377049181
2021-01-15,growth_raw_adaptive,growth,-0.0068585119505972826,0,0,-0.0068585119505972826,0.1393442622950819,0.8606557377049181
2021-01-19,growth_raw_adaptive,growth,0.012369667888888497,0,0,0.012369667888888497,0.1393442622950819,0.8606557377049181
2021-01-20,growth_raw_adaptive,growth,0.012553221393021452,0,0,0.012553221393021452,0.1393442622950819,0.8606557377049181
2021-01-21,growth_raw_adaptive,growth,-0.029450942804562626,0,0,-0.029450942804562626,0.1393442622950819,0.8606557377049181
2021-01-22,growth_raw_adaptive,growth,0.0065847299354013875,0,0,0.0065847299354013875,0.1393442622950819,0.8606557377049181
2021-01-25,growth_raw_adaptive,growth,-0.0005528399054859454,0,0,-0.0005528399054859454,0.1393442622950819,0.8606557377049181
2021-01-26,growth_raw_adaptive,growth,-0.0086489744476558432,0,0,-0.0086489744476558432,0.1393442622950819,0.8606557377049181
2021-01-27,growth_raw_adaptive,growth,-0.035920169631532488,0,0,-0.035920169631532488,0.1393442622950819,0.8606557377049181
2021-01-28,growth_raw_adaptive,growth,0.016140300924231844,0,0,0.016140300924231844,0.1393442622950819,0.8606557377049181
2021-01-29,growth_raw_adaptive,growth,0.00041471295284683206,0,0,0.00041471295284683206,0.1393442622950819,0.8606557377049181
2021-02-01,growth_raw_adaptive,growth,0.0046581843674302756,0.16795853150577456,0.00016795853150577457,0.0044902258359245011,0.13832335329341311,0.86167664670658684
2021-02-02,growth_raw_adaptive,growth,0.01343661340111775,0,0,0.01343661340111775,0.13832335329341311,0.86167664670658684
2021-02-03,growth_raw_adaptive,growth,-0.00022209145213398726,0,0,-0.00022209145213398726,0.13832335329341311,0.86167664670658684
2021-02-04,growth_raw_adaptive,growth,-0.0063527477709868704,0,0,-0.0063527477709868704,0.13832335329341311,0.86167664670658684
2021-02-05,growth_raw_adaptive,growth,0.026999172240881383,0,0,0.026999172240881383,0.13832335329341311,0.86167664670658684
2021-02-08,growth_raw_adaptive,growth,0.020166294362333435,0,0,0.020166294362333435,0.13832335329341311,0.86167664670658684
2021-02-09,growth_raw_adaptive,growth,8.0308582998808061e-05,0,0,8.0308582998808061e-05,0.13832335329341311,0.86167664670658684
2021-02-10,growth_raw_adaptive,growth,-0.0043149526268271895,0,0,-0.0043149526268271895,0.13832335329341311,0.86167664670658684
2021-02-11,growth_raw_adaptive,growth,0.012909766949311575,0,0,0.012909766949311575,0.13832335329341311,0.86167664670658684
2021-02-12,growth_raw_adaptive,growth,0.011589270330067019,0,0,0.011589270330067019,0.13832335329341311,0.86167664670658684
2021-02-16,growth_raw_adaptive,growth,-0.0088107369166825055,0,0,-0.0088107369166825055,0.13832335329341311,0.86167664670658684
2021-02-17,growth_raw_adaptive,growth,0.010278769444744264,0,0,0.010278769444744264,0.13832335329341311,0.86167664670658684
2021-02-18,growth_raw_adaptive,growth,-0.0051386626589905553,0,0,-0.0051386626589905553,0.13832335329341311,0.86167664670658684
2021-02-19,growth_raw_adaptive,growth,0.0071520552398624676,0,0,0.0071520552398624676,0.13832335329341311,0.86167664670658684
2021-02-22,growth_raw_adaptive,growth,-0.018432055113375517,0,0,-0.018432055113375517,0.13832335329341311,0.86167664670658684
2021-02-23,growth_raw_adaptive,growth,-0.040645980704142749,0,0,-0.040645980704142749,0.13832335329341311,0.86167664670658684
2021-02-24,growth_raw_adaptive,growth,0.0069233330521460872,0,0,0.0069233330521460872,0.13832335329341311,0.86167664670658684
2021-02-25,growth_raw_adaptive,growth,-0.019833337007908118,0,0,-0.019833337007908118,0.13832335329341311,0.86167664670658684
2021-02-26,growth_raw_adaptive,growth,-0.01565836797403506,0,0,-0.01565836797403506,0.13832335329341311,0.86167664670658684
2021-03-01,growth_raw_adaptive,growth,0.017813456443064951,0.10273298026191652,0.00010273298026191653,0.017710723462803033,0.14751381215469611,0.85248618784530383
2021-03-02,growth_raw_adaptive,growth,0.0024017232319837444,0,0,0.0024017232319837444,0.14751381215469611,0.85248618784530383
2021-03-03,growth_raw_adaptive,growth,-0.0037497355342235197,0,0,-0.0037497355342235197,0.14751381215469611,0.85248618784530383
2021-03-04,growth_raw_adaptive,growth,-0.0067666685365902471,0,0,-0.0067666685365902471,0.14751381215469611,0.85248618784530383
2021-03-05,growth_raw_adaptive,growth,0.0083835786402652566,0,0,0.0083835786402652566,0.14751381215469611,0.85248618784530383
2021-03-08,growth_raw_adaptive,growth,0.00061635030332610739,0,0,0.00061635030332610739,0.14751381215469611,0.85248618784530383
2021-03-09,growth_raw_adaptive,growth,0.011859319700319091,0,0,0.011859319700319091,0.14751381215469611,0.85248618784530383
2021-03-10,growth_raw_adaptive,growth,0.00083212741726577987,0,0,0.00083212741726577987,0.14751381215469611,0.85248618784530383
2021-03-11,growth_raw_adaptive,growth,0.0022646947400945423,0,0,0.0022646947400945423,0.14751381215469611,0.85248618784530383
2021-03-12,growth_raw_adaptive,growth,-9.3944276254883708e-05,0,0,-9.3944276254883708e-05,0.14751381215469611,0.85248618784530383
2021-03-15,growth_raw_adaptive,growth,0.0087948961836261299,0,0,0.0087948961836261299,0.14751381215469611,0.85248618784530383
2021-03-16,growth_raw_adaptive,growth,0.011144012427074478,0,0,0.011144012427074478,0.14751381215469611,0.85248618784530383
2021-03-17,growth_raw_adaptive,growth,0.0046806335683016983,0,0,0.0046806335683016983,0.14751381215469611,0.85248618784530383
2021-03-18,growth_raw_adaptive,growth,-0.0071272250707752061,0,0,-0.0071272250707752061,0.14751381215469611,0.85248618784530383
2021-03-19,growth_raw_adaptive,growth,0.0057943501724904579,0,0,0.0057943501724904579,0.14751381215469611,0.85248618784530383
2021-03-22,growth_raw_adaptive,growth,-0.0029480965141974172,0,0,-0.0029480965141974172,0.14751381215469611,0.85248618784530383
2021-03-23,growth_raw_adaptive,growth,-0.0033905059517344862,0,0,-0.0033905059517344862,0.14751381215469611,0.85248618784530383
2021-03-24,growth_raw_adaptive,growth,-0.012487273636349452,0,0,-0.012487273636349452,0.14751381215469611,0.85248618784530383
2021-03-25,growth_raw_adaptive,growth,-0.00049928048303445223,0,0,-0.00049928048303445223,0.14751381215469611,0.85248618784530383
2021-03-26,growth_raw_adaptive,growth,0.030101998982622682,0,0,0.030101998982622682,0.14751381215469611,0.85248618784530383
2021-03-29,growth_raw_adaptive,growth,0.01507525044590865,0,0,0.01507525044590865,0.14751381215469611,0.85248618784530383
2021-03-30,growth_raw_adaptive,growth,-0.0077411374231411622,0,0,-0.0077411374231411622,0.14751381215469611,0.85248618784530383
2021-03-31,growth_raw_adaptive,growth,0.017407117235804837,0,0,0.017407117235804837,0.14751381215469611,0.85248618784530383
2021-04-01,growth_raw_adaptive,growth,0.011319290158502929,0.48965431635151307,0.00048965431635151309,0.010829635842151415,0.21291139240506329,0.78708860759493671
2021-04-05,growth_raw_adaptive,growth,0.019784140755251436,0,0,0.019784140755251436,0.21291139240506329,0.78708860759493671
2021-04-06,growth_raw_adaptive,growth,0.0015005398353945623,0,0,0.0015005398353945623,0.21291139240506329,0.78708860759493671
2021-04-07,growth_raw_adaptive,growth,-0.013619445823574276,0,0,-0.013619445823574276,0.21291139240506329,0.78708860759493671
2021-04-08,growth_raw_adaptive,growth,0.012712468489379075,0,0,0.012712468489379075,0.21291139240506329,0.78708860759493671
2021-04-09,growth_raw_adaptive,growth,-0.0033463578107312867,0,0,-0.0033463578107312867,0.21291139240506329,0.78708860759493671
2021-04-12,growth_raw_adaptive,growth,0.00020455538264787609,0,0,0.00020455538264787609,0.21291139240506329,0.78708860759493671
2021-04-13,growth_raw_adaptive,growth,0.021917233560255909,0,0,0.021917233560255909,0.21291139240506329,0.78708860759493671
2021-04-14,growth_raw_adaptive,growth,0.0022101009633027644,0,0,0.0022101009633027644,0.21291139240506329,0.78708860759493671
2021-04-15,growth_raw_adaptive,growth,0.026877487913088045,0,0,0.026877487913088045,0.21291139240506329,0.78708860759493671
2021-04-16,growth_raw_adaptive,growth,0.016402735547249216,0,0,0.016402735547249216,0.21291139240506329,0.78708860759493671
2021-04-19,growth_raw_adaptive,growth,-0.018430740359006857,0,0,-0.018430740359006857,0.21291139240506329,0.78708860759493671
2021-04-20,growth_raw_adaptive,growth,0.0086305945548531878,0,0,0.0086305945548531878,0.21291139240506329,0.78708860759493671
2021-04-21,growth_raw_adaptive,growth,-0.0065895524017400078,0,0,-0.0065895524017400078,0.21291139240506329,0.78708860759493671
2021-04-22,growth_raw_adaptive,growth,-0.0070239533903371787,0,0,-0.0070239533903371787,0.21291139240506329,0.78708860759493671
2021-04-23,growth_raw_adaptive,growth,-0.0035481535926054821,0,0,-0.0035481535926054821,0.21291139240506329,0.78708860759493671
2021-04-26,growth_raw_adaptive,growth,0.025755228210354007,0,0,0.025755228210354007,0.21291139240506329,0.78708860759493671
2021-04-27,growth_raw_adaptive,growth,0.0070052371260817935,0,0,0.0070052371260817935,0.21291139240506329,0.78708860759493671
2021-04-28,growth_raw_adaptive,growth,0.0020604908670476619,0,0,0.0020604908670476619,0.21291139240506329,0.78708860759493671
2021-04-29,growth_raw_adaptive,growth,0.0061935214809007363,0,0,0.0061935214809007363,0.21291139240506329,0.78708860759493671
2021-04-30,growth_raw_adaptive,growth,0.014472567228176228,0,0,0.014472567228176228,0.21291139240506329,0.78708860759493671
2021-05-03,growth_raw_adaptive,growth,0.022082292452795658,0.20842887322084749,0.0002084288732208475,0.021873863579574812,0.23035294117647059,0.76964705882352935
2021-05-04,growth_raw_adaptive,growth,-0.0047559085019249353,0,0,-0.0047559085019249353,0.23035294117647059,0.76964705882352935
2021-05-05,growth_raw_adaptive,growth,0.050382578128970054,0,0,0.050382578128970054,0.23035294117647059,0.76964705882352935
2021-05-06,growth_raw_adaptive,growth,0.048983169750182354,0,0,0.048983169750182354,0.23035294117647059,0.76964705882352935
2021-05-07,growth_raw_adaptive,growth,-0.013127919946106421,0,0,-0.013127919946106421,0.23035294117647059,0.76964705882352935
2021-05-10,growth_raw_adaptive,growth,-0.016667853894904359,0,0,-0.016667853894904359,0.23035294117647059,0.76964705882352935
2021-05-11,growth_raw_adaptive,growth,0.038870077793927225,0,0,0.038870077793927225,0.23035294117647059,0.76964705882352935
2021-05-12,growth_raw_adaptive,growth,-0.074187036108718962,0,0,-0.074187036108718962,0.23035294117647059,0.76964705882352935
2021-05-13,growth_raw_adaptive,growth,0.022128998706560724,0,0,0.022128998706560724,0.23035294117647059,0.76964705882352935
2021-05-14,growth_raw_adaptive,growth,0.023713593662584281,0,0,0.023713593662584281,0.23035294117647059,0.76964705882352935
2021-05-17,growth_raw_adaptive,growth,-0.019958687464533564,0,0,-0.019958687464533564,0.23035294117647059,0.76964705882352935
2021-05-18,growth_raw_adaptive,growth,0.0037971310188401699,0,0,0.0037971310188401699,0.23035294117647059,0.76964705882352935
2021-05-19,growth_raw_adaptive,growth,-0.082808252608438063,0,0,-0.082808252608438063,0.23035294117647059,0.76964705882352935
2021-05-20,growth_raw_adaptive,growth,0.040346247783508246,0,0,0.040346247783508246,0.23035294117647059,0.76964705882352935
2021-05-21,growth_raw_adaptive,growth,-0.032255362272023191,0,0,-0.032255362272023191,0.23035294117647059,0.76964705882352935
2021-05-24,growth_raw_adaptive,growth,0.054596039173196671,0,0,0.054596039173196671,0.23035294117647059,0.76964705882352935
2021-05-25,growth_raw_adaptive,growth,0.0029437609047339493,0,0,0.0029437609047339493,0.23035294117647059,0.76964705882352935
2021-05-26,growth_raw_adaptive,growth,0.018149275541138463,0,0,0.018149275541138463,0.23035294117647059,0.76964705882352935
2021-05-27,growth_raw_adaptive,growth,-0.0097335455648254812,0,0,-0.0097335455648254812,0.23035294117647059,0.76964705882352935
2021-05-28,growth_raw_adaptive,growth,-0.023401806043858882,0,0,-0.023401806043858882,0.23035294117647059,0.76964705882352935
2021-06-01,growth_raw_adaptive,growth,-0.003971651298699733,0.28612814930591951,0.00028612814930591954,-0.0042577794480056523,0.1132450331125828,0.88675496688741717
2021-06-02,growth_raw_adaptive,growth,0.0050850342773633202,0,0,0.0050850342773633202,0.1132450331125828,0.88675496688741717
2021-06-03,growth_raw_adaptive,growth,0.0088415003347318381,0,0,0.0088415003347318381,0.1132450331125828,0.88675496688741717
2021-06-04,growth_raw_adaptive,growth,-0.0047028688272541608,0,0,-0.0047028688272541608,0.1132450331125828,0.88675496688741717
2021-06-07,growth_raw_adaptive,growth,-0.0073675719438751367,0,0,-0.0073675719438751367,0.1132450331125828,0.88675496688741717
2021-06-08,growth_raw_adaptive,growth,-0.004621445594628521,0,0,-0.004621445594628521,0.1132450331125828,0.88675496688741717
2021-06-09,growth_raw_adaptive,growth,0.0079089157026179316,0,0,0.0079089157026179316,0.1132450331125828,0.88675496688741717
2021-06-10,growth_raw_adaptive,growth,-0.00042890321720245135,0,0,-0.00042890321720245135,0.1132450331125828,0.88675496688741717
2021-06-11,growth_raw_adaptive,growth,-0.002199997594414319,0,0,-0.002199997594414319,0.1132450331125828,0.88675496688741717
2021-06-14,growth_raw_adaptive,growth,0.0022021906961067032,0,0,0.0022021906961067032,0.1132450331125828,0.88675496688741717
2021-06-15,growth_raw_adaptive,growth,0.00019488934052172601,0,0,0.00019488934052172601,0.1132450331125828,0.88675496688741717
2021-06-16,growth_raw_adaptive,growth,-0.01793160996824025,0,0,-0.01793160996824025,0.1132450331125828,0.88675496688741717
2021-06-17,growth_raw_adaptive,growth,0.002877511482380332,0,0,0.002877511482380332,0.1132450331125828,0.88675496688741717
2021-06-18,growth_raw_adaptive,growth,-0.01759665605795958,0,0,-0.01759665605795958,0.1132450331125828,0.88675496688741717
2021-06-21,growth_raw_adaptive,growth,-0.0041472465951005863,0,0,-0.0041472465951005863,0.1132450331125828,0.88675496688741717
2021-06-22,growth_raw_adaptive,growth,-0.0028052876035346086,0,0,-0.0028052876035346086,0.1132450331125828,0.88675496688741717
2021-06-23,growth_raw_adaptive,growth,-0.00036253102142451291,0,0,-0.00036253102142451291,0.1132450331125828,0.88675496688741717
2021-06-24,growth_raw_adaptive,growth,0.0067959053789202308,0,0,0.0067959053789202308,0.1132450331125828,0.88675496688741717
2021-06-25,growth_raw_adaptive,growth,0.0096828629087842375,0,0,0.0096828629087842375,0.1132450331125828,0.88675496688741717
2021-06-28,growth_raw_adaptive,growth,0.0015301513316696234,0,0,0.0015301513316696234,0.1132450331125828,0.88675496688741717
2021-06-29,growth_raw_adaptive,growth,0.000180361558893067,0,0,0.000180361558893067,0.1132450331125828,0.88675496688741717
2021-06-30,growth_raw_adaptive,growth,0.0066728884125856558,0,0,0.0066728884125856558,0.1132450331125828,0.88675496688741717
2021-07-01,growth_raw_adaptive,growth,6.3131431739527527e-05,0.30520007629359958,0.00030520007629359958,-0.00024206864455407205,0.10000000000000001,0.90000000000000002
2021-07-02,growth_raw_adaptive,growth,0.0057667245333216256,0,0,0.0057667245333216256,0.10000000000000001,0.90000000000000002
2021-07-06,growth_raw_adaptive,growth,0.00061784921584852044,0,0,0.00061784921584852044,0.10000000000000001,0.90000000000000002
2021-07-07,growth_raw_adaptive,growth,0.0015385795001488379,0,0,0.0015385795001488379,0.10000000000000001,0.90000000000000002
2021-07-08,growth_raw_adaptive,growth,-0.010279950494544993,0,0,-0.010279950494544993,0.10000000000000001,0.90000000000000002
2021-07-09,growth_raw_adaptive,growth,0.0087884166932385467,0,0,0.0087884166932385467,0.10000000000000001,0.90000000000000002
2021-07-12,growth_raw_adaptive,growth,0.0003044202109890355,0,0,0.0003044202109890355,0.10000000000000001,0.90000000000000002
2021-07-13,growth_raw_adaptive,growth,-0.0047083246483188368,0,0,-0.0047083246483188368,0.10000000000000001,0.90000000000000002
2021-07-14,growth_raw_adaptive,growth,0.0038946919227980967,0,0,0.0038946919227980967,0.10000000000000001,0.90000000000000002
2021-07-15,growth_raw_adaptive,growth,0.00073325160415215981,0,0,0.00073325160415215981,0.10000000000000001,0.90000000000000002
2021-07-16,growth_raw_adaptive,growth,-0.0016732076015631688,0,0,-0.0016732076015631688,0.10000000000000001,0.90000000000000002
2021-07-19,growth_raw_adaptive,growth,-0.01361759585714963,0,0,-0.01361759585714963,0.10000000000000001,0.90000000000000002
2021-07-20,growth_raw_adaptive,growth,0.0018093054731708981,0,0,0.0018093054731708981,0.10000000000000001,0.90000000000000002
2021-07-21,growth_raw_adaptive,growth,0.0039009579239880888,0,0,0.0039009579239880888,0.10000000000000001,0.90000000000000002
2021-07-22,growth_raw_adaptive,growth,0.0040432262588678478,0,0,0.0040432262588678478,0.10000000000000001,0.90000000000000002
2021-07-23,growth_raw_adaptive,growth,0.013401938339772502,0,0,0.013401938339772502,0.10000000000000001,0.90000000000000002
2021-07-26,growth_raw_adaptive,growth,0.0025663184746193583,0,0,0.0025663184746193583,0.10000000000000001,0.90000000000000002
2021-07-27,growth_raw_adaptive,growth,0.0042635019970421904,0,0,0.0042635019970421904,0.10000000000000001,0.90000000000000002
2021-07-28,growth_raw_adaptive,growth,0.00082741506933970593,0,0,0.00082741506933970593,0.10000000000000001,0.90000000000000002
2021-07-29,growth_raw_adaptive,growth,0.0037403024946508672,0,0,0.0037403024946508672,0.10000000000000001,0.90000000000000002
2021-07-30,growth_raw_adaptive,growth,0.00021377020938829718,0,0,0.00021377020938829718,0.10000000000000001,0.90000000000000002
2021-08-02,growth_raw_adaptive,growth,0.0016973399380663624,0.11941666089379611,0.00011941666089379612,0.0015779232771725663,0.17984496124030999,0.82015503875968998
2021-08-03,growth_raw_adaptive,growth,0.0024670188115697416,0,0,0.0024670188115697416,0.17984496124030999,0.82015503875968998
2021-08-04,growth_raw_adaptive,growth,0.0037772632956367879,0,0,0.0037772632956367879,0.17984496124030999,0.82015503875968998
2021-08-05,growth_raw_adaptive,growth,0.0073833924365342201,0,0,0.0073833924365342201,0.17984496124030999,0.82015503875968998
2021-08-06,growth_raw_adaptive,growth,0.0022230848843108201,0,0,0.0022230848843108201,0.17984496124030999,0.82015503875968998
2021-08-09,growth_raw_adaptive,growth,0.011430533321685326,0,0,0.011430533321685326,0.17984496124030999,0.82015503875968998
2021-08-10,growth_raw_adaptive,growth,0.0086557859955088291,0,0,0.0086557859955088291,0.17984496124030999,0.82015503875968998
2021-08-11,growth_raw_adaptive,growth,0.015672703962946136,0,0,0.015672703962946136,0.17984496124030999,0.82015503875968998
2021-08-12,growth_raw_adaptive,growth,-0.00053323187637105223,0,0,-0.00053323187637105223,0.17984496124030999,0.82015503875968998
2021-08-13,growth_raw_adaptive,growth,0.024061447119920382,0,0,0.024061447119920382,0.17984496124030999,0.82015503875968998
2021-08-16,growth_raw_adaptive,growth,-0.002399810630163879,0,0,-0.002399810630163879,0.17984496124030999,0.82015503875968998
2021-08-17,growth_raw_adaptive,growth,-0.011240211797873153,0,0,-0.011240211797873153,0.17984496124030999,0.82015503875968998
2021-08-18,growth_raw_adaptive,growth,-0.0031838856060215507,0,0,-0.0031838856060215507,0.17984496124030999,0.82015503875968998
2021-08-19,growth_raw_adaptive,growth,0.014866708128318412,0,0,0.014866708128318412,0.17984496124030999,0.82015503875968998
2021-08-20,growth_raw_adaptive,growth,0.013307291695231108,0,0,0.013307291695231108,0.17984496124030999,0.82015503875968998
2021-08-23,growth_raw_adaptive,growth,0.0053292580056621868,0,0,0.0053292580056621868,0.17984496124030999,0.82015503875968998
2021-08-24,growth_raw_adaptive,growth,-0.017467716029631819,0,0,-0.017467716029631819,0.17984496124030999,0.82015503875968998
2021-08-25,growth_raw_adaptive,growth,0.0024862593303285412,0,0,0.0024862593303285412,0.17984496124030999,0.82015503875968998
2021-08-26,growth_raw_adaptive,growth,-0.015684376172866926,0,0,-0.015684376172866926,0.17984496124030999,0.82015503875968998
2021-08-27,growth_raw_adaptive,growth,0.019583410016980548,0,0,0.019583410016980548,0.17984496124030999,0.82015503875968998
2021-08-30,growth_raw_adaptive,growth,-0.0030028016228161205,0,0,-0.0030028016228161205,0.17984496124030999,0.82015503875968998
2021-08-31,growth_raw_adaptive,growth,0.007443053657351751,0,0,0.007443053657351751,0.17984496124030999,0.82015503875968998
2021-09-01,growth_raw_adaptive,growth,0.019174519064480488,0.046654503202046838,4.6654503202046842e-05,0.019127864561278442,0.26751824817518249,0.73248175182481745
2021-09-02,growth_raw_adaptive,growth,0.0094230631028493234,0,0,0.0094230631028493234,0.26751824817518249,0.73248175182481745
2021-09-03,growth_raw_adaptive,growth,0.010905442525593187,0,0,0.010905442525593187,0.26751824817518249,0.73248175182481745
2021-09-07,growth_raw_adaptive,growth,-0.050988790689835625,0,0,-0.050988790689835625,0.26751824817518249,0.73248175182481745
2021-09-08,growth_raw_adaptive,growth,0.0059379018958971228,0,0,0.0059379018958971228,0.26751824817518249,0.73248175182481745
2021-09-09,growth_raw_adaptive,growth,-0.0043046187196826916,0,0,-0.0043046187196826916,0.26751824817518249,0.73248175182481745
2021-09-10,growth_raw_adaptive,growth,-0.010958683251075562,0,0,-0.010958683251075562,0.26751824817518249,0.73248175182481745
2021-09-13,growth_raw_adaptive,growth,-0.012173444701077875,0,0,-0.012173444701077875,0.26751824817518249,0.73248175182481745
2021-09-14,growth_raw_adaptive,growth,0.0078512268831306929,0,0,0.0078512268831306929,0.26751824817518249,0.73248175182481745
2021-09-15,growth_raw_adaptive,growth,0.0092272373699297423,0,0,0.0092272373699297423,0.26751824817518249,0.73248175182481745
2021-09-16,growth_raw_adaptive,growth,-0.0095960326095752575,0,0,-0.0095960326095752575,0.26751824817518249,0.73248175182481745
2021-09-17,growth_raw_adaptive,growth,-0.019465711314890433,0,0,-0.019465711314890433,0.26751824817518249,0.73248175182481745
2021-09-20,growth_raw_adaptive,growth,-0.033904357152805514,0,0,-0.033904357152805514,0.26751824817518249,0.73248175182481745
2021-09-21,growth_raw_adaptive,growth,-0.013855875329794308,0,0,-0.013855875329794308,0.26751824817518249,0.73248175182481745
2021-09-22,growth_raw_adaptive,growth,0.024640697538220773,0,0,0.024640697538220773,0.26751824817518249,0.73248175182481745
2021-09-23,growth_raw_adaptive,growth,0.0075790094261886176,0,0,0.0075790094261886176,0.26751824817518249,0.73248175182481745
2021-09-24,growth_raw_adaptive,growth,-0.020296991852735691,0,0,-0.020296991852735691,0.26751824817518249,0.73248175182481745
2021-09-27,growth_raw_adaptive,growth,-0.012378858360113111,0,0,-0.012378858360113111,0.26751824817518249,0.73248175182481745
2021-09-28,growth_raw_adaptive,growth,-0.014424455011847024,0,0,-0.014424455011847024,0.26751824817518249,0.73248175182481745
2021-09-29,growth_raw_adaptive,growth,0.012860247590146166,0,0,0.012860247590146166,0.26751824817518249,0.73248175182481745
2021-09-30,growth_raw_adaptive,growth,0.0035786482044274149,0,0,0.0035786482044274149,0.26751824817518249,0.73248175182481745
2021-10-01,growth_raw_adaptive,growth,0.019185349057528105,0.31159254899183497,0.00031159254899183498,0.018873756508536271,0.17370242214532869,0.82629757785467128
2021-10-04,growth_raw_adaptive,growth,-0.0032983399519207592,0,0,-0.0032983399519207592,0.17370242214532869,0.82629757785467128
2021-10-05,growth_raw_adaptive,growth,0.012382840136904274,0,0,0.012382840136904274,0.17370242214532869,0.82629757785467128
2021-10-06,growth_raw_adaptive,growth,0.0052705577408383702,0,0,0.0052705577408383702,0.17370242214532869,0.82629757785467128
2021-10-07,growth_raw_adaptive,growth,0.0061853490164620823,0,0,0.0061853490164620823,0.17370242214532869,0.82629757785467128
2021-10-08,growth_raw_adaptive,growth,-0.0030432527345408676,0,0,-0.0030432527345408676,0.17370242214532869,0.82629757785467128
2021-10-11,growth_raw_adaptive,growth,-0.002707352727621837,0,0,-0.002707352727621837,0.17370242214532869,0.82629757785467128
2021-10-12,growth_raw_adaptive,growth,-0.0029485310511257498,0,0,-0.0029485310511257498,0.17370242214532869,0.82629757785467128
2021-10-13,growth_raw_adaptive,growth,0.0087986628025141997,0,0,0.0087986628025141997,0.17370242214532869,0.82629757785467128
2021-10-14,growth_raw_adaptive,growth,0.008174752355059503,0,0,0.008174752355059503,0.17370242214532869,0.82629757785467128
2021-10-15,growth_raw_adaptive,growth,0.0088309685908991766,0,0,0.0088309685908991766,0.17370242214532869,0.82629757785467128
2021-10-18,growth_raw_adaptive,growth,-0.0038410503927461211,0,0,-0.0038410503927461211,0.17370242214532869,0.82629757785467128
2021-10-19,growth_raw_adaptive,growth,0.0093011240370619672,0,0,0.0093011240370619672,0.17370242214532869,0.82629757785467128
2021-10-20,growth_raw_adaptive,growth,0.017932363001805715,0,0,0.017932363001805715,0.17370242214532869,0.82629757785467128
2021-10-21,growth_raw_adaptive,growth,-0.0021188071252228624,0,0,-0.0021188071252228624,0.17370242214532869,0.82629757785467128
2021-10-22,growth_raw_adaptive,growth,-0.00066039352274615962,0,0,-0.00066039352274615962,0.17370242214532869,0.82629757785467128
2021-10-25,growth_raw_adaptive,growth,0.0091299881975534097,0,0,0.0091299881975534097,0.17370242214532869,0.82629757785467128
2021-10-26,growth_raw_adaptive,growth,0.0021160208731714446,0,0,0.0021160208731714446,0.17370242214532869,0.82629757785467128
2021-10-27,growth_raw_adaptive,growth,-0.021982156606073201,0,0,-0.021982156606073201,0.17370242214532869,0.82629757785467128
2021-10-28,growth_raw_adaptive,growth,0.018324284628739251,0,0,0.018324284628739251,0.17370242214532869,0.82629757785467128
2021-10-29,growth_raw_adaptive,growth,0.00056129417672148602,0,0,0.00056129417672148602,0.17370242214532869,0.82629757785467128
2021-11-01,growth_raw_adaptive,growth,0.00075474476805981443,0.27647565190079304,0.00027647565190079304,0.00047826911615902139,0.17841845140032939,0.82158154859967059
2021-11-02,growth_raw_adaptive,growth,0.0099395843037990081,0,0,0.0099395843037990081,0.17841845140032939,0.82158154859967059
2021-11-03,growth_raw_adaptive,growth,0.0064808925803855662,0,0,0.0064808925803855662,0.17841845140032939,0.82158154859967059
2021-11-04,growth_raw_adaptive,growth,-0.0019986150867338016,0,0,-0.0019986150867338016,0.17841845140032939,0.82158154859967059
2021-11-05,growth_raw_adaptive,growth,-0.010018795377188717,0,0,-0.010018795377188717,0.17841845140032939,0.82158154859967059
2021-11-08,growth_raw_adaptive,growth,0.012440615775902976,0,0,0.012440615775902976,0.17841845140032939,0.82158154859967059
2021-11-09,growth_raw_adaptive,growth,0.01430961137863887,0,0,0.01430961137863887,0.17841845140032939,0.82158154859967059
2021-11-10,growth_raw_adaptive,growth,-0.0058915027090564913,0,0,-0.0058915027090564913,0.17841845140032939,0.82158154859967059
2021-11-11,growth_raw_adaptive,growth,0.0030925432785086165,0,0,0.0030925432785086165,0.17841845140032939,0.82158154859967059
2021-11-12,growth_raw_adaptive,growth,0.0012669632088566996,0,0,0.0012669632088566996,0.17841845140032939,0.82158154859967059
2021-11-15,growth_raw_adaptive,growth,-0.0042701950263048247,0,0,-0.0042701950263048247,0.17841845140032939,0.82158154859967059
2021-11-16,growth_raw_adaptive,growth,-0.018155920196375269,0,0,-0.018155920196375269,0.17841845140032939,0.82158154859967059
2021-11-17,growth_raw_adaptive,growth,-0.004167663557744194,0,0,-0.004167663557744194,0.17841845140032939,0.82158154859967059
2021-11-18,growth_raw_adaptive,growth,-0.01530409760879037,0,0,-0.01530409760879037,0.17841845140032939,0.82158154859967059
2021-11-19,growth_raw_adaptive,growth,0.0045480206140975218,0,0,0.0045480206140975218,0.17841845140032939,0.82158154859967059
2021-11-22,growth_raw_adaptive,growth,-0.0073519793103954817,0,0,-0.0073519793103954817,0.17841845140032939,0.82158154859967059
2021-11-23,growth_raw_adaptive,growth,0.0072822011192985774,0,0,0.0072822011192985774,0.17841845140032939,0.82158154859967059
2021-11-24,growth_raw_adaptive,growth,-0.0056740676013075546,0,0,-0.0056740676013075546,0.17841845140032939,0.82158154859967059
2021-11-26,growth_raw_adaptive,growth,-0.024537781437552374,0,0,-0.024537781437552374,0.17841845140032939,0.82158154859967059
2021-11-29,growth_raw_adaptive,growth,0.0096349862819021716,0,0,0.0096349862819021716,0.17841845140032939,0.82158154859967059
2021-11-30,growth_raw_adaptive,growth,-0.013817694518623438,0,0,-0.013817694518623438,0.17841845140032939,0.82158154859967059
2021-12-01,growth_raw_adaptive,growth,-0.0052746788257716035,0.34869626117972402,0.00034869626117972402,-0.005623375086951328,0.2411580594679186,0.75884194053208143
2021-12-02,growth_raw_adaptive,growth,0.020501478067475373,0,0,0.020501478067475373,0.2411580594679186,0.75884194053208143
2021-12-03,growth_raw_adaptive,growth,-0.0099376607179743198,0,0,-0.0099376607179743198,0.2411580594679186,0.75884194053208143
2021-12-06,growth_raw_adaptive,growth,0.014224946944386613,0,0,0.014224946944386613,0.2411580594679186,0.75884194053208143
2021-12-07,growth_raw_adaptive,growth,0.0012880233937755834,0,0,0.0012880233937755834,0.2411580594679186,0.75884194053208143
2021-12-08,growth_raw_adaptive,growth,0.0075707233761938934,0,0,0.0075707233761938934,0.2411580594679186,0.75884194053208143
2021-12-09,growth_raw_adaptive,growth,-0.016384321086132782,0,0,-0.016384321086132782,0.2411580594679186,0.75884194053208143
2021-12-10,growth_raw_adaptive,growth,-0.0021590466505919232,0,0,-0.0021590466505919232,0.2411580594679186,0.75884194053208143
2021-12-13,growth_raw_adaptive,growth,-0.015004540027204744,0,0,-0.015004540027204744,0.2411580594679186,0.75884194053208143
2021-12-14,growth_raw_adaptive,growth,-0.0021272916187873472,0,0,-0.0021272916187873472,0.2411580594679186,0.75884194053208143
2021-12-15,growth_raw_adaptive,growth,0.019620645435083,0,0,0.019620645435083,0.2411580594679186,0.75884194053208143
2021-12-16,growth_raw_adaptive,growth,-0.00063847222349331777,0,0,-0.00063847222349331777,0.2411580594679186,0.75884194053208143
2021-12-17,growth_raw_adaptive,growth,-0.015133214045885921,0,0,-0.015133214045885921,0.2411580594679186,0.75884194053208143
2021-12-20,growth_raw_adaptive,growth,-0.00078065227699316555,0,0,-0.00078065227699316555,0.2411580594679186,0.75884194053208143
2021-12-21,growth_raw_adaptive,growth,0.0069422960830136833,0,0,0.0069422960830136833,0.2411580594679186,0.75884194053208143
2021-12-22,growth_raw_adaptive,growth,0.00905855845426385,0,0,0.00905855845426385,0.2411580594679186,0.75884194053208143
2021-12-23,growth_raw_adaptive,growth,0.012713143154261735,0,0,0.012713143154261735,0.2411580594679186,0.75884194053208143
2021-12-27,growth_raw_adaptive,growth,0.012970909332569508,0,0,0.012970909332569508,0.2411580594679186,0.75884194053208143
2021-12-28,growth_raw_adaptive,growth,-0.011545314993484858,0,0,-0.011545314993484858,0.2411580594679186,0.75884194053208143
2021-12-29,growth_raw_adaptive,growth,-0.0029009847942594444,0,0,-0.0029009847942594444,0.2411580594679186,0.75884194053208143
2021-12-30,growth_raw_adaptive,growth,0.0027271260275762571,0,0,0.0027271260275762571,0.2411580594679186,0.75884194053208143
2021-12-31,growth_raw_adaptive,growth,-0.0058901044293867329,0,0,-0.0058901044293867329,0.2411580594679186,0.75884194053208143
2022-01-03,growth_raw_adaptive,growth,-0.0093982875561596738,0.11342894434273539,0.00011342894434273538,-0.0095117165005024085,0.19641791044776119,0.80358208955223875
2022-01-04,growth_raw_adaptive,growth,-0.0029368632717582475,0,0,-0.0029368632717582475,0.19641791044776119,0.80358208955223875
2022-01-05,growth_raw_adaptive,growth,-0.013327147609623129,0,0,-0.013327147609623129,0.19641791044776119,0.80358208955223875
2022-01-06,growth_raw_adaptive,growth,-0.0038391834834101486,0,0,-0.0038391834834101486,0.19641791044776119,0.80358208955223875
2022-01-07,growth_raw_adaptive,growth,-0.012948170071580759,0,0,-0.012948170071580759,0.19641791044776119,0.80358208955223875
2022-01-10,growth_raw_adaptive,growth,-0.006024696712297114,0,0,-0.006024696712297114,0.19641791044776119,0.80358208955223875
2022-01-11,growth_raw_adaptive,growth,0.012419415000438975,0,0,0.012419415000438975,0.19641791044776119,0.80358208955223875
2022-01-12,growth_raw_adaptive,growth,0.010365055063083946,0,0,0.010365055063083946,0.19641791044776119,0.80358208955223875
2022-01-13,growth_raw_adaptive,growth,-0.01486158129351244,0,0,-0.01486158129351244,0.19641791044776119,0.80358208955223875
2022-01-14,growth_raw_adaptive,growth,-0.0010632200904694977,0,0,-0.0010632200904694977,0.19641791044776119,0.80358208955223875
2022-01-18,growth_raw_adaptive,growth,-0.0084280988730020059,0,0,-0.0084280988730020059,0.19641791044776119,0.80358208955223875
2022-01-19,growth_raw_adaptive,growth,-0.0089592539015096243,0,0,-0.0089592539015096243,0.19641791044776119,0.80358208955223875
2022-01-20,growth_raw_adaptive,growth,-0.015672625929746987,0,0,-0.015672625929746987,0.19641791044776119,0.80358208955223875
2022-01-21,growth_raw_adaptive,growth,-0.022168665778924016,0,0,-0.022168665778924016,0.19641791044776119,0.80358208955223875
2022-01-24,growth_raw_adaptive,growth,-0.00526885323669959,0,0,-0.00526885323669959,0.19641791044776119,0.80358208955223875
2022-01-25,growth_raw_adaptive,growth,0.0010494067752647815,0,0,0.0010494067752647815,0.19641791044776119,0.80358208955223875
2022-01-26,growth_raw_adaptive,growth,-0.012358370281450176,0,0,-0.012358370281450176,0.19641791044776119,0.80358208955223875
2022-01-27,growth_raw_adaptive,growth,-0.0038049499114758242,0,0,-0.0038049499114758242,0.19641791044776119,0.80358208955223875
2022-01-28,growth_raw_adaptive,growth,0.017109063797619249,0,0,0.017109063797619249,0.19641791044776119,0.80358208955223875
2022-01-31,growth_raw_adaptive,growth,0.0056764578629888724,0,0,0.0056764578629888724,0.19641791044776119,0.80358208955223875
2022-02-01,growth_raw_adaptive,growth,0.0084789935296049595,0.30355900765694965,0.00030355900765694968,0.0081754345219480096,0.18530670470756061,0.81469329529243939
2022-02-02,growth_raw_adaptive,growth,-0.0050436192566677574,0,0,-0.0050436192566677574,0.18530670470756061,0.81469329529243939
2022-02-03,growth_raw_adaptive,growth,-0.0081614109574480748,0,0,-0.0081614109574480748,0.18530670470756061,0.81469329529243939
2022-02-04,growth_raw_adaptive,growth,0.015618958991772935,0,0,0.015618958991772935,0.18530670470756061,0.81469329529243939
2022-02-07,growth_raw_adaptive,growth,0.011134076213763411,0,0,0.011134076213763411,0.18530670470756061,0.81469329529243939
2022-02-08,growth_raw_adaptive,growth,-0.0024294625949016647,0,0,-0.0024294625949016647,0.18530670470756061,0.81469329529243939
2022-02-09,growth_raw_adaptive,growth,0.01224027517757607,0,0,0.01224027517757607,0.18530670470756061,0.81469329529243939
2022-02-10,growth_raw_adaptive,growth,-0.019261753978750344,0,0,-0.019261753978750344,0.18530670470756061,0.81469329529243939
2022-02-11,growth_raw_adaptive,growth,-0.017154370130188692,0,0,-0.017154370130188692,0.18530670470756061,0.81469329529243939
2022-02-14,growth_raw_adaptive,growth,-0.0090468024978562645,0,0,-0.0090468024978562645,0.18530670470756061,0.81469329529243939
2022-02-15,growth_raw_adaptive,growth,0.014887257661586361,0,0,0.014887257661586361,0.18530670470756061,0.81469329529243939
2022-02-16,growth_raw_adaptive,growth,-0.0032553198909156642,0,0,-0.0032553198909156642,0.18530670470756061,0.81469329529243939
2022-02-17,growth_raw_adaptive,growth,-0.028400027870845508,0,0,-0.028400027870845508,0.18530670470756061,0.81469329529243939
2022-02-18,growth_raw_adaptive,growth,-0.0066816060544550096,0,0,-0.0066816060544550096,0.18530670470756061,0.81469329529243939
2022-02-22,growth_raw_adaptive,growth,0.0010146753694727719,0,0,0.0010146753694727719,0.18530670470756061,0.81469329529243939
2022-02-23,growth_raw_adaptive,growth,-0.0030329851318167634,0,0,-0.0030329851318167634,0.18530670470756061,0.81469329529243939
2022-02-24,growth_raw_adaptive,growth,0.00015341927798667761,0,0,0.00015341927798667761,0.18530670470756061,0.81469329529243939
2022-02-25,growth_raw_adaptive,growth,0.028250848411366603,0,0,0.028250848411366603,0.18530670470756061,0.81469329529243939
2022-02-28,growth_raw_adaptive,growth,0.014596894299929653,0,0,0.014596894299929653,0.18530670470756061,0.81469329529243939
2022-03-01,growth_raw_adaptive,growth,-0.0055521844746226822,0.44854653999916794,0.00044854653999916796,-0.0060007310146218502,0.22181069958847729,0.77818930041152268
2022-03-02,growth_raw_adaptive,growth,0.0060529359032593473,0,0,0.0060529359032593473,0.22181069958847729,0.77818930041152268
2022-03-03,growth_raw_adaptive,growth,-0.0050886857345862502,0,0,-0.0050886857345862502,0.22181069958847729,0.77818930041152268
2022-03-04,growth_raw_adaptive,growth,-0.015083819000218041,0,0,-0.015083819000218041,0.22181069958847729,0.77818930041152268
2022-03-07,growth_raw_adaptive,growth,-0.019649855896130532,0,0,-0.019649855896130532,0.22181069958847729,0.77818930041152268
2022-03-08,growth_raw_adaptive,growth,-0.011977663848583677,0,0,-0.011977663848583677,0.22181069958847729,0.77818930041152268
2022-03-09,growth_raw_adaptive,growth,0.020288955088787204,0,0,0.020288955088787204,0.22181069958847729,0.77818930041152268
2022-03-10,growth_raw_adaptive,growth,-0.015607043437782428,0,0,-0.015607043437782428,0.22181069958847729,0.77818930041152268
2022-03-11,growth_raw_adaptive,growth,-0.0060800559871193559,0,0,-0.0060800559871193559,0.22181069958847729,0.77818930041152268
2022-03-14,growth_raw_adaptive,growth,0.0017861835154807124,0,0,0.0017861835154807124,0.22181069958847729,0.77818930041152268
2022-03-15,growth_raw_adaptive,growth,0.0089680787393118938,0,0,0.0089680787393118938,0.22181069958847729,0.77818930041152268
2022-03-16,growth_raw_adaptive,growth,0.016340401077020072,0,0,0.016340401077020072,0.22181069958847729,0.77818930041152268
2022-03-17,growth_raw_adaptive,growth,0.010692635056693284,0,0,0.010692635056693284,0.22181069958847729,0.77818930041152268
2022-03-18,growth_raw_adaptive,growth,0.010895228512009195,0,0,0.010895228512009195,0.22181069958847729,0.77818930041152268
2022-03-21,growth_raw_adaptive,growth,0.0048093442727766104,0,0,0.0048093442727766104,0.22181069958847729,0.77818930041152268
2022-03-22,growth_raw_adaptive,growth,0.016517325159560607,0,0,0.016517325159560607,0.22181069958847729,0.77818930041152268
2022-03-23,growth_raw_adaptive,growth,-0.00033973681431275014,0,0,-0.00033973681431275014,0.22181069958847729,0.77818930041152268
2022-03-24,growth_raw_adaptive,growth,0.010109256075297808,0,0,0.010109256075297808,0.22181069958847729,0.77818930041152268
2022-03-25,growth_raw_adaptive,growth,0.0040273522826712593,0,0,0.0040273522826712593,0.22181069958847729,0.77818930041152268
2022-03-28,growth_raw_adaptive,growth,0.0043669410408733065,0,0,0.0043669410408733065,0.22181069958847729,0.77818930041152268
2022-03-29,growth_raw_adaptive,growth,0.016415045232618376,0,0,0.016415045232618376,0.22181069958847729,0.77818930041152268
2022-03-30,growth_raw_adaptive,growth,-0.0012205807065719379,0,0,-0.0012205807065719379,0.22181069958847729,0.77818930041152268
2022-03-31,growth_raw_adaptive,growth,-0.013482814024021489,0,0,-0.013482814024021489,0.22181069958847729,0.77818930041152268
2022-04-01,growth_raw_adaptive,growth,0.010107790583688882,0.36804061488808421,0.00036804061488808422,0.0097397499688007972,0.26157894736842102,0.73842105263157898
2022-04-04,growth_raw_adaptive,growth,0.0042376632236092292,0,0,0.0042376632236092292,0.26157894736842102,0.73842105263157898
2022-04-05,growth_raw_adaptive,growth,-0.011096238835322892,0,0,-0.011096238835322892,0.26157894736842102,0.73842105263157898
2022-04-06,growth_raw_adaptive,growth,-0.013555624135700304,0,0,-0.013555624135700304,0.26157894736842102,0.73842105263157898
2022-04-07,growth_raw_adaptive,growth,0.0094633604217238248,0,0,0.0094633604217238248,0.26157894736842102,0.73842105263157898
2022-04-08,growth_raw_adaptive,growth,-0.0042346572483475875,0,0,-0.0042346572483475875,0.26157894736842102,0.73842105263157898
2022-04-11,growth_raw_adaptive,growth,-0.029324171977848069,0,0,-0.029324171977848069,0.26157894736842102,0.73842105263157898
2022-04-12,growth_raw_adaptive,growth,0.0022820683552649498,0,0,0.0022820683552649498,0.26157894736842102,0.73842105263157898
2022-04-13,growth_raw_adaptive,growth,0.0076692646277769921,0,0,0.0076692646277769921,0.26157894736842102,0.73842105263157898
2022-04-14,growth_raw_adaptive,growth,-0.0072242652376022518,0,0,-0.0072242652376022518,0.26157894736842102,0.73842105263157898
2022-04-18,growth_raw_adaptive,growth,-0.0019865179266262941,0,0,-0.0019865179266262941,0.26157894736842102,0.73842105263157898
2022-04-19,growth_raw_adaptive,growth,0.011994802899747713,0,0,0.011994802899747713,0.26157894736842102,0.73842105263157898
2022-04-20,growth_raw_adaptive,growth,-0.0034645411828378618,0,0,-0.0034645411828378618,0.26157894736842102,0.73842105263157898
2022-04-21,growth_raw_adaptive,growth,-0.0088344155082231389,0,0,-0.0088344155082231389,0.26157894736842102,0.73842105263157898
2022-04-22,growth_raw_adaptive,growth,-0.017177168139439689,0,0,-0.017177168139439689,0.26157894736842102,0.73842105263157898
2022-04-25,growth_raw_adaptive,growth,0.0040109342979406642,0,0,0.0040109342979406642,0.26157894736842102,0.73842105263157898
2022-04-26,growth_raw_adaptive,growth,-0.020897859903253983,0,0,-0.020897859903253983,0.26157894736842102,0.73842105263157898
2022-04-27,growth_raw_adaptive,growth,0.0046959414148853009,0,0,0.0046959414148853009,0.26157894736842102,0.73842105263157898
2022-04-28,growth_raw_adaptive,growth,0.010156805134701,0,0,0.010156805134701,0.26157894736842102,0.73842105263157898
2022-04-29,growth_raw_adaptive,growth,-0.033168170697721704,0,0,-0.033168170697721704,0.26157894736842102,0.73842105263157898
2022-05-02,growth_raw_adaptive,growth,0.0013291346933724832,0.32691129129741259,0.00032691129129741261,0.0010022234020750705,0.25158428390367549,0.74841571609632451
2022-05-03,growth_raw_adaptive,growth,-0.00065988010336987272,0,0,-0.00065988010336987272,0.25158428390367549,0.74841571609632451
2022-05-04,growth_raw_adaptive,growth,0.04850183027312549,0,0,0.04850183027312549,0.25158428390367549,0.74841571609632451
2022-05-05,growth_raw_adaptive,growth,-0.039626939123274862,0,0,-0.039626939123274862,0.25158428390367549,0.74841571609632451
2022-05-06,growth_raw_adaptive,growth,-0.0013219011811419336,0,0,-0.0013219011811419336,0.25158428390367549,0.74841571609632451
2022-05-09,growth_raw_adaptive,growth,-0.0487931029647777,0,0,-0.0487931029647777,0.25158428390367549,0.74841571609632451
2022-05-10,growth_raw_adaptive,growth,0.0010116858004460627,0,0,0.0010116858004460627,0.25158428390367549,0.74841571609632451
2022-05-11,growth_raw_adaptive,growth,-0.022041702440077512,0,0,-0.022041702440077512,0.25158428390367549,0.74841571609632451
2022-05-12,growth_raw_adaptive,growth,-0.0047044932524263556,0,0,-0.0047044932524263556,0.25158428390367549,0.74841571609632451
2022-05-13,growth_raw_adaptive,growth,0.023642696620297908,0,0,0.023642696620297908,0.25158428390367549,0.74841571609632451
2022-05-16,growth_raw_adaptive,growth,-0.008807506224711192,0,0,-0.008807506224711192,0.25158428390367549,0.74841571609632451
2022-05-17,growth_raw_adaptive,growth,0.020792023374219704,0,0,0.020792023374219704,0.25158428390367549,0.74841571609632451
2022-05-18,growth_raw_adaptive,growth,-0.024823986538817868,0,0,-0.024823986538817868,0.25158428390367549,0.74841571609632451
2022-05-19,growth_raw_adaptive,growth,0.0077843897488061265,0,0,0.0077843897488061265,0.25158428390367549,0.74841571609632451
2022-05-20,growth_raw_adaptive,growth,-0.0051199763532144916,0,0,-0.0051199763532144916,0.25158428390367549,0.74841571609632451
2022-05-23,growth_raw_adaptive,growth,0.0041573630753029278,0,0,0.0041573630753029278,0.25158428390367549,0.74841571609632451
2022-05-24,growth_raw_adaptive,growth,0.010804019681773351,0,0,0.010804019681773351,0.25158428390367549,0.74841571609632451
2022-05-25,growth_raw_adaptive,growth,0.0057414451110703322,0,0,0.0057414451110703322,0.25158428390367549,0.74841571609632451
2022-05-26,growth_raw_adaptive,growth,-0.0050935372478312941,0,0,-0.0050935372478312941,0.25158428390367549,0.74841571609632451
2022-05-27,growth_raw_adaptive,growth,0.0027918471751861664,0,0,0.0027918471751861664,0.25158428390367549,0.74841571609632451
2022-05-31,growth_raw_adaptive,growth,-0.0024869148492885846,0,0,-0.0024869148492885846,0.25158428390367549,0.74841571609632451
2022-06-01,growth_raw_adaptive,growth,-0.01142330700407152,0.29757167861072642,0.00029757167861072642,-0.011720878682682246,0.13605359317904989,0.86394640682095014
2022-06-02,growth_raw_adaptive,growth,0.0078455021622810175,0,0,0.0078455021622810175,0.13605359317904989,0.86394640682095014
2022-06-03,growth_raw_adaptive,growth,-0.0085680059286639635,0,0,-0.0085680059286639635,0.13605359317904989,0.86394640682095014
2022-06-06,growth_raw_adaptive,growth,0.005277603661366633,0,0,0.005277603661366633,0.13605359317904989,0.86394640682095014
2022-06-07,growth_raw_adaptive,growth,0.0073189156985359214,0,0,0.0073189156985359214,0.13605359317904989,0.86394640682095014
2022-06-08,growth_raw_adaptive,growth,-0.013227241850110082,0,0,-0.013227241850110082,0.13605359317904989,0.86394640682095014
2022-06-09,growth_raw_adaptive,growth,-0.019919847461019647,0,0,-0.019919847461019647,0.13605359317904989,0.86394640682095014
2022-06-10,growth_raw_adaptive,growth,-0.021651108580751654,0,0,-0.021651108580751654,0.13605359317904989,0.86394640682095014
2022-06-13,growth_raw_adaptive,growth,-0.051280033239356461,0,0,-0.051280033239356461,0.13605359317904989,0.86394640682095014
2022-06-14,growth_raw_adaptive,growth,-0.017962168875850906,0,0,-0.017962168875850906,0.13605359317904989,0.86394640682095014
2022-06-15,growth_raw_adaptive,growth,0.012853965174972797,0,0,0.012853965174972797,0.13605359317904989,0.86394640682095014
2022-06-16,growth_raw_adaptive,growth,-0.026260047117662177,0,0,-0.026260047117662177,0.13605359317904989,0.86394640682095014
2022-06-17,growth_raw_adaptive,growth,0.0048174903652694117,0,0,0.0048174903652694117,0.13605359317904989,0.86394640682095014
2022-06-21,growth_raw_adaptive,growth,0.017215165754299509,0,0,0.017215165754299509,0.13605359317904989,0.86394640682095014
2022-06-22,growth_raw_adaptive,growth,-0.0019364256250433464,0,0,-0.0019364256250433464,0.13605359317904989,0.86394640682095014
2022-06-23,growth_raw_adaptive,growth,0.01791000258200931,0,0,0.01791000258200931,0.13605359317904989,0.86394640682095014
2022-06-24,growth_raw_adaptive,growth,0.018807359531434184,0,0,0.018807359531434184,0.13605359317904989,0.86394640682095014
2022-06-27,growth_raw_adaptive,growth,-0.0044153539037582639,0,0,-0.0044153539037582639,0.13605359317904989,0.86394640682095014
2022-06-28,growth_raw_adaptive,growth,-0.015179381721459299,0,0,-0.015179381721459299,0.13605359317904989,0.86394640682095014
2022-06-29,growth_raw_adaptive,growth,-0.00011384451765465513,0,0,-0.00011384451765465513,0.13605359317904989,0.86394640682095014
2022-06-30,growth_raw_adaptive,growth,-0.0088812855352537971,0,0,-0.0088812855352537971,0.13605359317904989,0.86394640682095014
2022-07-01,growth_raw_adaptive,growth,0.011230656051064136,0.42221575941848066,0.00042221575941848066,0.010808440291645655,0.12961222091656871,0.87038777908343135
2022-07-05,growth_raw_adaptive,growth,-0.0012785559198799572,0,0,-0.0012785559198799572,0.12961222091656871,0.87038777908343135
2022-07-06,growth_raw_adaptive,growth,0.0030431078361865148,0,0,0.0030431078361865148,0.12961222091656871,0.87038777908343135
2022-07-07,growth_raw_adaptive,growth,0.0067978562715917505,0,0,0.0067978562715917505,0.12961222091656871,0.87038777908343135
2022-07-08,growth_raw_adaptive,growth,-0.0021007741040359575,0,0,-0.0021007741040359575,0.12961222091656871,0.87038777908343135
2022-07-11,growth_raw_adaptive,growth,-0.0071555427842602791,0,0,-0.0071555427842602791,0.12961222091656871,0.87038777908343135
2022-07-12,growth_raw_adaptive,growth,-0.0072391972055697211,0,0,-0.0072391972055697211,0.12961222091656871,0.87038777908343135
2022-07-13,growth_raw_adaptive,growth,0.0033012188821056484,0,0,0.0033012188821056484,0.12961222091656871,0.87038777908343135
2022-07-14,growth_raw_adaptive,growth,0.0019124289670826363,0,0,0.0019124289670826363,0.12961222091656871,0.87038777908343135
2022-07-15,growth_raw_adaptive,growth,0.011534112640985153,0,0,0.011534112640985153,0.12961222091656871,0.87038777908343135
2022-07-18,growth_raw_adaptive,growth,0.0014460716830748408,0,0,0.0014460716830748408,0.12961222091656871,0.87038777908343135
2022-07-19,growth_raw_adaptive,growth,0.014867582951054586,0,0,0.014867582951054586,0.12961222091656871,0.87038777908343135
2022-07-20,growth_raw_adaptive,growth,-0.0065347459196409864,0,0,-0.0065347459196409864,0.12961222091656871,0.87038777908343135
2022-07-21,growth_raw_adaptive,growth,0.0061117647950960068,0,0,0.0061117647950960068,0.12961222091656871,0.87038777908343135
2022-07-22,growth_raw_adaptive,growth,-0.0025807628357377597,0,0,-0.0025807628357377597,0.12961222091656871,0.87038777908343135
2022-07-25,growth_raw_adaptive,growth,-0.0079385548054884542,0,0,-0.0079385548054884542,0.12961222091656871,0.87038777908343135
2022-07-26,growth_raw_adaptive,growth,-0.0026462585017190086,0,0,-0.0026462585017190086,0.12961222091656871,0.87038777908343135
2022-07-27,growth_raw_adaptive,growth,0.0120432465609926,0,0,0.0120432465609926,0.12961222091656871,0.87038777908343135
2022-07-28,growth_raw_adaptive,growth,0.011950207367145008,0,0,0.011950207367145008,0.12961222091656871,0.87038777908343135
2022-07-29,growth_raw_adaptive,growth,0.0027528516480086356,0,0,0.0027528516480086356,0.12961222091656871,0.87038777908343135
2022-08-01,growth_raw_adaptive,growth,-0.0043906554661825633,0.069868121190271595,6.9868121190271593e-05,-0.0044605235873728345,0.1836363636363636,0.8163636363636364
2022-08-02,growth_raw_adaptive,growth,-0.0088736839976436659,0,0,-0.0088736839976436659,0.1836363636363636,0.8163636363636364
2022-08-03,growth_raw_adaptive,growth,0.012741820340207486,0,0,0.012741820340207486,0.1836363636363636,0.8163636363636364
2022-08-04,growth_raw_adaptive,growth,-0.0040257717436080476,0,0,-0.0040257717436080476,0.1836363636363636,0.8163636363636364
2022-08-05,growth_raw_adaptive,growth,0.0018299968475955879,0,0,0.0018299968475955879,0.1836363636363636,0.8163636363636364
2022-08-08,growth_raw_adaptive,growth,0.0073171873720205951,0,0,0.0073171873720205951,0.1836363636363636,0.8163636363636364
2022-08-09,growth_raw_adaptive,growth,-0.0052941085390487523,0,0,-0.0052941085390487523,0.1836363636363636,0.8163636363636364
2022-08-10,growth_raw_adaptive,growth,0.018221754364428768,0,0,0.018221754364428768,0.1836363636363636,0.8163636363636364
2022-08-11,growth_raw_adaptive,growth,-0.0019800499055128949,0,0,-0.0019800499055128949,0.1836363636363636,0.8163636363636364
2022-08-12,growth_raw_adaptive,growth,0.014465143525205183,0,0,0.014465143525205183,0.1836363636363636,0.8163636363636364
2022-08-15,growth_raw_adaptive,growth,0.0096613401253570312,0,0,0.0096613401253570312,0.1836363636363636,0.8163636363636364
2022-08-16,growth_raw_adaptive,growth,0.0085377633580624897,0,0,0.0085377633580624897,0.1836363636363636,0.8163636363636364
2022-08-17,growth_raw_adaptive,growth,-0.0074432525550113225,0,0,-0.0074432525550113225,0.1836363636363636,0.8163636363636364
2022-08-18,growth_raw_adaptive,growth,-0.0052288528811479567,0,0,-0.0052288528811479567,0.1836363636363636,0.8163636363636364
2022-08-19,growth_raw_adaptive,growth,-0.020585459486661864,0,0,-0.020585459486661864,0.1836363636363636,0.8163636363636364
2022-08-22,growth_raw_adaptive,growth,-0.012934213108916745,0,0,-0.012934213108916745,0.1836363636363636,0.8163636363636364
2022-08-23,growth_raw_adaptive,growth,-0.0031063154288812904,0,0,-0.0031063154288812904,0.1836363636363636,0.8163636363636364
2022-08-24,growth_raw_adaptive,growth,-0.00085320231015161409,0,0,-0.00085320231015161409,0.1836363636363636,0.8163636363636364
2022-08-25,growth_raw_adaptive,growth,0.0075191301072770264,0,0,0.0075191301072770264,0.1836363636363636,0.8163636363636364
2022-08-26,growth_raw_adaptive,growth,-0.021837271224192951,0,0,-0.021837271224192951,0.1836363636363636,0.8163636363636364
2022-08-29,growth_raw_adaptive,growth,0.0030359222928481198,0,0,0.0030359222928481198,0.1836363636363636,0.8163636363636364
2022-08-30,growth_raw_adaptive,growth,-0.0089972357544820126,0,0,-0.0089972357544820126,0.1836363636363636,0.8163636363636364
2022-08-31,growth_raw_adaptive,growth,-0.0004520652192258981,0,0,-0.0004520652192258981,0.1836363636363636,0.8163636363636364
2022-09-01,growth_raw_adaptive,growth,0.012222181379161881,0.18732731614791798,0.00018732731614791798,0.012034854063013963,0.25290251916757939,0.74709748083242067
2022-09-02,growth_raw_adaptive,growth,-0.0094981310258864023,0,0,-0.0094981310258864023,0.25290251916757939,0.74709748083242067
2022-09-06,growth_raw_adaptive,growth,-0.012440275264382208,0,0,-0.012440275264382208,0.25290251916757939,0.74709748083242067
2022-09-07,growth_raw_adaptive,growth,0.019987250859263828,0,0,0.019987250859263828,0.25290251916757939,0.74709748083242067
2022-09-08,growth_raw_adaptive,growth,0.0036854313137509465,0,0,0.0036854313137509465,0.25290251916757939,0.74709748083242067
2022-09-09,growth_raw_adaptive,growth,0.022860553915509722,0,0,0.022860553915509722,0.25290251916757939,0.74709748083242067
2022-09-12,growth_raw_adaptive,growth,0.0083808106040109825,0,0,0.0083808106040109825,0.25290251916757939,0.74709748083242067
2022-09-13,growth_raw_adaptive,growth,-0.041179128627546205,0,0,-0.041179128627546205,0.25290251916757939,0.74709748083242067
2022-09-14,growth_raw_adaptive,growth,0.010313858543665108,0,0,0.010313858543665108,0.25290251916757939,0.74709748083242067
2022-09-15,growth_raw_adaptive,growth,-0.01831032850802064,0,0,-0.01831032850802064,0.25290251916757939,0.74709748083242067
2022-09-16,growth_raw_adaptive,growth,0.0060411195140500223,0,0,0.0060411195140500223,0.25290251916757939,0.74709748083242067
2022-09-19,growth_raw_adaptive,growth,0.01045225814643058,0,0,0.01045225814643058,0.25290251916757939,0.74709748083242067
2022-09-20,growth_raw_adaptive,growth,-0.0088172878087668521,0,0,-0.0088172878087668521,0.25290251916757939,0.74709748083242067
2022-09-21,growth_raw_adaptive,growth,-0.020539783836261778,0,0,-0.020539783836261778,0.25290251916757939,0.74709748083242067
2022-09-22,growth_raw_adaptive,growth,0.026082116799993546,0,0,0.026082116799993546,0.25290251916757939,0.74709748083242067
2022-09-23,growth_raw_adaptive,growth,-0.0094257230175456806,0,0,-0.0094257230175456806,0.25290251916757939,0.74709748083242067
2022-09-26,growth_raw_adaptive,growth,-0.010435115307856027,0,0,-0.010435115307856027,0.25290251916757939,0.74709748083242067
2022-09-27,growth_raw_adaptive,growth,-0.0078710525012321911,0,0,-0.0078710525012321911,0.25290251916757939,0.74709748083242067
2022-09-28,growth_raw_adaptive,growth,0.015982440484667165,0,0,0.015982440484667165,0.25290251916757939,0.74709748083242067
2022-09-29,growth_raw_adaptive,growth,-0.0021601978485105248,0,0,-0.0021601978485105248,0.25290251916757939,0.74709748083242067
2022-09-30,growth_raw_adaptive,growth,-0.012187342389923745,0,0,-0.012187342389923745,0.25290251916757939,0.74709748083242067
2022-10-03,growth_raw_adaptive,growth,0.024602804358103216,0.37131532958800006,0.00037131532958800006,0.024231489028515216,0.2018027571580063,0.79819724284199367
2022-10-04,growth_raw_adaptive,growth,0.020682452271037422,0,0,0.020682452271037422,0.2018027571580063,0.79819724284199367
2022-10-05,growth_raw_adaptive,growth,-0.0008695814588315136,0,0,-0.0008695814588315136,0.2018027571580063,0.79819724284199367
2022-10-06,growth_raw_adaptive,growth,-0.0032966827041728628,0,0,-0.0032966827041728628,0.2018027571580063,0.79819724284199367
2022-10-07,growth_raw_adaptive,growth,-0.010820650849745666,0,0,-0.010820650849745666,0.2018027571580063,0.79819724284199367
2022-10-10,growth_raw_adaptive,growth,-0.0021616452283015758,0,0,-0.0021616452283015758,0.2018027571580063,0.79819724284199367
2022-10-11,growth_raw_adaptive,growth,0.0058066343925144686,0,0,0.0058066343925144686,0.2018027571580063,0.79819724284199367
2022-10-12,growth_raw_adaptive,growth,-0.00057625261507461339,0,0,-0.00057625261507461339,0.2018027571580063,0.79819724284199367
2022-10-13,growth_raw_adaptive,growth,0.012986331119863246,0,0,0.012986331119863246,0.2018027571580063,0.79819724284199367
2022-10-14,growth_raw_adaptive,growth,-0.0050039837778578728,0,0,-0.0050039837778578728,0.2018027571580063,0.79819724284199367
2022-10-17,growth_raw_adaptive,growth,0.011907558627150032,0,0,0.011907558627150032,0.2018027571580063,0.79819724284199367
2022-10-18,growth_raw_adaptive,growth,0.0037086325681356704,0,0,0.0037086325681356704,0.2018027571580063,0.79819724284199367
2022-10-19,growth_raw_adaptive,growth,-0.011216406141395395,0,0,-0.011216406141395395,0.2018027571580063,0.79819724284199367
2022-10-20,growth_raw_adaptive,growth,0.0028321969769113868,0,0,0.0028321969769113868,0.2018027571580063,0.79819724284199367
2022-10-21,growth_raw_adaptive,growth,0.019300833603853856,0,0,0.019300833603853856,0.2018027571580063,0.79819724284199367
2022-10-24,growth_raw_adaptive,growth,0.0078408645326747579,0,0,0.0078408645326747579,0.2018027571580063,0.79819724284199367
2022-10-25,growth_raw_adaptive,growth,0.011772117956603802,0,0,0.011772117956603802,0.2018027571580063,0.79819724284199367
2022-10-26,growth_raw_adaptive,growth,0.016579868085335715,0,0,0.016579868085335715,0.2018027571580063,0.79819724284199367
2022-10-27,growth_raw_adaptive,growth,-0.003393353492290026,0,0,-0.003393353492290026,0.2018027571580063,0.79819724284199367
2022-10-28,growth_raw_adaptive,growth,0.016500575212207984,0,0,0.016500575212207984,0.2018027571580063,0.79819724284199367
2022-10-31,growth_raw_adaptive,growth,-0.0071030542422846413,0,0,-0.0071030542422846413,0.2018027571580063,0.79819724284199367
2022-11-01,growth_raw_adaptive,growth,-0.002345866298191258,0.16130717847863438,0.00016130717847863437,-0.0025071734766698925,0.27453798767967141,0.72546201232032859
2022-11-02,growth_raw_adaptive,growth,-0.015738475688876589,0,0,-0.015738475688876589,0.27453798767967141,0.72546201232032859
2022-11-03,growth_raw_adaptive,growth,-0.0045774455109114133,0,0,-0.0045774455109114133,0.27453798767967141,0.72546201232032859
2022-11-04,growth_raw_adaptive,growth,0.032858107143931448,0,0,0.032858107143931448,0.27453798767967141,0.72546201232032859
2022-11-07,growth_raw_adaptive,growth,0.0084337554664518487,0,0,0.0084337554664518487,0.27453798767967141,0.72546201232032859
2022-11-08,growth_raw_adaptive,growth,-0.019035741941044779,0,0,-0.019035741941044779,0.27453798767967141,0.72546201232032859
2022-11-09,growth_raw_adaptive,growth,-0.045691484118138823,0,0,-0.045691484118138823,0.27453798767967141,0.72546201232032859
2022-11-10,growth_raw_adaptive,growth,0.050448433942590104,0,0,0.050448433942590104,0.27453798767967141,0.72546201232032859
2022-11-11,growth_raw_adaptive,growth,-0.01099579676442167,0,0,-0.01099579676442167,0.27453798767967141,0.72546201232032859
2022-11-14,growth_raw_adaptive,growth,0.0070502913495263447,0,0,0.0070502913495263447,0.27453798767967141,0.72546201232032859
2022-11-15,growth_raw_adaptive,growth,0.005204294130220887,0,0,0.005204294130220887,0.27453798767967141,0.72546201232032859
2022-11-16,growth_raw_adaptive,growth,-0.005014183500003367,0,0,-0.005014183500003367,0.27453798767967141,0.72546201232032859
2022-11-17,growth_raw_adaptive,growth,0.0034422000575324361,0,0,0.0034422000575324361,0.27453798767967141,0.72546201232032859
2022-11-18,growth_raw_adaptive,growth,0.0070537835473348199,0,0,0.0070537835473348199,0.27453798767967141,0.72546201232032859
2022-11-21,growth_raw_adaptive,growth,-0.00018793179886513096,0,0,-0.00018793179886513096,0.27453798767967141,0.72546201232032859
2022-11-22,growth_raw_adaptive,growth,0.01181517608315432,0,0,0.01181517608315432,0.27453798767967141,0.72546201232032859
2022-11-23,growth_raw_adaptive,growth,0.0062235218118700565,0,0,0.0062235218118700565,0.27453798767967141,0.72546201232032859
2022-11-25,growth_raw_adaptive,growth,-5.8306987773331601e-06,0,0,-5.8306987773331601e-06,0.27453798767967141,0.72546201232032859
2022-11-28,growth_raw_adaptive,growth,-0.010114605831473217,0,0,-0.010114605831473217,0.27453798767967141,0.72546201232032859
2022-11-29,growth_raw_adaptive,growth,0.0071997813918821818,0,0,0.0071997813918821818,0.27453798767967141,0.72546201232032859
2022-11-30,growth_raw_adaptive,growth,0.023620094563504116,0,0,0.023620094563504116,0.27453798767967141,0.72546201232032859
2022-12-01,growth_raw_adaptive,growth,-0.0037422393283629307,0.28048336247247924,0.00028048336247247927,-0.00402272269083541,0.23505976095617531,0.76494023904382469
2022-12-02,growth_raw_adaptive,growth,0.0032523531649469926,0,0,0.0032523531649469926,0.23505976095617531,0.76494023904382469
2022-12-05,growth_raw_adaptive,growth,-0.0081923791166237086,0,0,-0.0081923791166237086,0.23505976095617531,0.76494023904382469
2022-12-06,growth_raw_adaptive,growth,-0.0056347925681067982,0,0,-0.0056347925681067982,0.23505976095617531,0.76494023904382469
2022-12-07,growth_raw_adaptive,growth,-0.00072208369179083544,0,0,-0.00072208369179083544,0.23505976095617531,0.76494023904382469
2022-12-08,growth_raw_adaptive,growth,0.0070006126585388352,0,0,0.0070006126585388352,0.23505976095617531,0.76494023904382469
2022-12-09,growth_raw_adaptive,growth,-0.013532178041272292,0,0,-0.013532178041272292,0.23505976095617531,0.76494023904382469
2022-12-12,growth_raw_adaptive,growth,0.0043361568487524779,0,0,0.0043361568487524779,0.23505976095617531,0.76494023904382469
2022-12-13,growth_raw_adaptive,growth,0.0058583570378522454,0,0,0.0058583570378522454,0.23505976095617531,0.76494023904382469
2022-12-14,growth_raw_adaptive,growth,-0.0022931368893603751,0,0,-0.0022931368893603751,0.23505976095617531,0.76494023904382469
2022-12-15,growth_raw_adaptive,growth,-0.016550285750845557,0,0,-0.016550285750845557,0.23505976095617531,0.76494023904382469
2022-12-16,growth_raw_adaptive,growth,-0.02047934253593886,0,0,-0.02047934253593886,0.23505976095617531,0.76494023904382469
2022-12-19,growth_raw_adaptive,growth,-0.0082125816016332572,0,0,-0.0082125816016332572,0.23505976095617531,0.76494023904382469
2022-12-20,growth_raw_adaptive,growth,0.0072296057435068967,0,0,0.0072296057435068967,0.23505976095617531,0.76494023904382469
2022-12-21,growth_raw_adaptive,growth,0.0070952318254288447,0,0,0.0070952318254288447,0.23505976095617531,0.76494023904382469
2022-12-22,growth_raw_adaptive,growth,-0.001714228972754043,0,0,-0.001714228972754043,0.23505976095617531,0.76494023904382469
2022-12-23,growth_raw_adaptive,growth,0.0029669526400600871,0,0,0.0029669526400600871,0.23505976095617531,0.76494023904382469
2022-12-27,growth_raw_adaptive,growth,-0.00096757035597420547,0,0,-0.00096757035597420547,0.23505976095617531,0.76494023904382469
2022-12-28,growth_raw_adaptive,growth,-0.013241466424436851,0,0,-0.013241466424436851,0.23505976095617531,0.76494023904382469
2022-12-29,growth_raw_adaptive,growth,0.0039449782573817141,0,0,0.0039449782573817141,0.23505976095617531,0.76494023904382469
2022-12-30,growth_raw_adaptive,growth,-0.00032858208765144118,0,0,-0.00032858208765144118,0.23505976095617531,0.76494023904382469
2023-01-03,growth_raw_adaptive,growth,-0.0012155507750173057,0.21812276899880251,0.0002181227689988025,-0.0014336735440161081,0.19439071566731139,0.80560928433268864
2023-01-04,growth_raw_adaptive,growth,0.0084900000642750238,0,0,0.0084900000642750238,0.19439071566731139,0.80560928433268864
2023-01-05,growth_raw_adaptive,growth,-0.0021965433188614711,0,0,-0.0021965433188614711,0.19439071566731139,0.80560928433268864
2023-01-06,growth_raw_adaptive,growth,0.014350028229780497,0,0,0.014350028229780497,0.19439071566731139,0.80560928433268864
2023-01-09,growth_raw_adaptive,growth,-0.0077413986794603691,0,0,-0.0077413986794603691,0.19439071566731139,0.80560928433268864
2023-01-10,growth_raw_adaptive,growth,0.0020756559913333358,0,0,0.0020756559913333358,0.19439071566731139,0.80560928433268864
2023-01-11,growth_raw_adaptive,growth,0.012449723021244391,0,0,0.012449723021244391,0.19439071566731139,0.80560928433268864
2023-01-12,growth_raw_adaptive,growth,0.0038499748462826177,0,0,0.0038499748462826177,0.19439071566731139,0.80560928433268864
2023-01-13,growth_raw_adaptive,growth,0.0078733820752233414,0,0,0.0078733820752233414,0.19439071566731139,0.80560928433268864
2023-01-17,growth_raw_adaptive,growth,-0.0054291188119461511,0,0,-0.0054291188119461511,0.19439071566731139,0.80560928433268864
2023-01-18,growth_raw_adaptive,growth,-0.020753549219411194,0,0,-0.020753549219411194,0.19439071566731139,0.80560928433268864
2023-01-19,growth_raw_adaptive,growth,0.002630254529678004,0,0,0.002630254529678004,0.19439071566731139,0.80560928433268864
2023-01-20,growth_raw_adaptive,growth,0.019708134893138038,0,0,0.019708134893138038,0.19439071566731139,0.80560928433268864
2023-01-23,growth_raw_adaptive,growth,0.0078302831439707923,0,0,0.0078302831439707923,0.19439071566731139,0.80560928433268864
2023-01-24,growth_raw_adaptive,growth,-0.010048321664965453,0,0,-0.010048321664965453,0.19439071566731139,0.80560928433268864
2023-01-25,growth_raw_adaptive,growth,0.0037334969865808194,0,0,0.0037334969865808194,0.19439071566731139,0.80560928433268864
2023-01-26,growth_raw_adaptive,growth,-0.00047325573288408969,0,0,-0.00047325573288408969,0.19439071566731139,0.80560928433268864
2023-01-27,growth_raw_adaptive,growth,-0.0012827769936636993,0,0,-0.0012827769936636993,0.19439071566731139,0.80560928433268864
2023-01-30,growth_raw_adaptive,growth,-0.011799340471604702,0,0,-0.011799340471604702,0.19439071566731139,0.80560928433268864
2023-01-31,growth_raw_adaptive,growth,0.010222020814048851,0,0,0.010222020814048851,0.19439071566731139,0.80560928433268864
2023-02-01,growth_raw_adaptive,growth,-0.0092438102007393885,0.17281674101142525,0.00017281674101142524,-0.0094166269417508136,0.28348968105065658,0.71651031894934336
2023-02-02,growth_raw_adaptive,growth,-0.010862997202989123,0,0,-0.010862997202989123,0.28348968105065658,0.71651031894934336
2023-02-03,growth_raw_adaptive,growth,-0.0037173669212267361,0,0,-0.0037173669212267361,0.28348968105065658,0.71651031894934336
2023-02-06,growth_raw_adaptive,growth,-0.0046374383606507382,0,0,-0.0046374383606507382,0.28348968105065658,0.71651031894934336
2023-02-07,growth_raw_adaptive,growth,0.015799400848389905,0,0,0.015799400848389905,0.28348968105065658,0.71651031894934336
2023-02-08,growth_raw_adaptive,growth,-0.0069422034506605125,0,0,-0.0069422034506605125,0.28348968105065658,0.71651031894934336
2023-02-09,growth_raw_adaptive,growth,-0.018871785313528018,0,0,-0.018871785313528018,0.28348968105065658,0.71651031894934336
2023-02-10,growth_raw_adaptive,growth,0.010882736303039814,0,0,0.010882736303039814,0.28348968105065658,0.71651031894934336
2023-02-13,growth_raw_adaptive,growth,0.0054105420378988767,0,0,0.0054105420378988767,0.28348968105065658,0.71651031894934336
2023-02-14,growth_raw_adaptive,growth,0.00094298583273306146,0,0,0.00094298583273306146,0.28348968105065658,0.71651031894934336
2023-02-15,growth_raw_adaptive,growth,0.019602159550302346,0,0,0.019602159550302346,0.28348968105065658,0.71651031894934336
2023-02-16,growth_raw_adaptive,growth,-0.020768698503548039,0,0,-0.020768698503548039,0.28348968105065658,0.71651031894934336
2023-02-17,growth_raw_adaptive,growth,0.018718962670550916,0,0,0.018718962670550916,0.28348968105065658,0.71651031894934336
2023-02-21,growth_raw_adaptive,growth,-0.0083815621765284901,0,0,-0.0083815621765284901,0.28348968105065658,0.71651031894934336
2023-02-22,growth_raw_adaptive,growth,-0.00415050943750374,0,0,-0.00415050943750374,0.28348968105065658,0.71651031894934336
2023-02-23,growth_raw_adaptive,growth,-0.00054153395823036514,0,0,-0.00054153395823036514,0.28348968105065658,0.71651031894934336
2023-02-24,growth_raw_adaptive,growth,-0.014045691546533373,0,0,-0.014045691546533373,0.28348968105065658,0.71651031894934336
2023-02-27,growth_raw_adaptive,growth,-0.00080611114304789068,0,0,-0.00080611114304789068,0.28348968105065658,0.71651031894934336
2023-02-28,growth_raw_adaptive,growth,-0.0099690410782645126,0,0,-0.0099690410782645126,0.28348968105065658,0.71651031894934336
2023-03-01,growth_raw_adaptive,growth,0.0060044617609093485,0.18747754812826889,0.0001874775481282689,0.00581698421278108,0.2819012797074954,0.71809872029250466
2023-03-02,growth_raw_adaptive,growth,0.00013251998019905538,0,0,0.00013251998019905538,0.2819012797074954,0.71809872029250466
2023-03-03,growth_raw_adaptive,growth,-0.0048141678565068631,0,0,-0.0048141678565068631,0.2819012797074954,0.71809872029250466
2023-03-06,growth_raw_adaptive,growth,0.0051992836133076901,0,0,0.0051992836133076901,0.2819012797074954,0.71809872029250466
2023-03-07,growth_raw_adaptive,growth,-0.010254467855045508,0,0,-0.010254467855045508,0.2819012797074954,0.71809872029250466
2023-03-08,growth_raw_adaptive,growth,-0.0066908331103168522,0,0,-0.0066908331103168522,0.2819012797074954,0.71809872029250466
2023-03-09,growth_raw_adaptive,growth,-0.026666149897089937,0,0,-0.026666149897089937,0.2819012797074954,0.71809872029250466
2023-03-10,growth_raw_adaptive,growth,-0.0084712765762181563,0,0,-0.0084712765762181563,0.2819012797074954,0.71809872029250466
2023-03-13,growth_raw_adaptive,growth,0.018509236929192287,0,0,0.018509236929192287,0.2819012797074954,0.71809872029250466
2023-03-14,growth_raw_adaptive,growth,0.0095284953123329144,0,0,0.0095284953123329144,0.2819012797074954,0.71809872029250466
2023-03-15,growth_raw_adaptive,growth,-0.0071807143760762703,0,0,-0.0071807143760762703,0.2819012797074954,0.71809872029250466
2023-03-16,growth_raw_adaptive,growth,0.0037472541787940379,0,0,0.0037472541787940379,0.2819012797074954,0.71809872029250466
2023-03-17,growth_raw_adaptive,growth,0.0060014508414907184,0,0,0.0060014508414907184,0.2819012797074954,0.71809872029250466
2023-03-20,growth_raw_adaptive,growth,0.0011284482762764746,0,0,0.0011284482762764746,0.2819012797074954,0.71809872029250466
2023-03-21,growth_raw_adaptive,growth,0.022112265943597532,0,0,0.022112265943597532,0.2819012797074954,0.71809872029250466
2023-03-22,growth_raw_adaptive,growth,-0.026232179853444556,0,0,-0.026232179853444556,0.2819012797074954,0.71809872029250466
2023-03-23,growth_raw_adaptive,growth,0.018860365404889577,0,0,0.018860365404889577,0.2819012797074954,0.71809872029250466
2023-03-24,growth_raw_adaptive,growth,0.004512483680095946,0,0,0.004512483680095946,0.2819012797074954,0.71809872029250466
2023-03-27,growth_raw_adaptive,growth,0.00265775150723945,0,0,0.00265775150723945,0.2819012797074954,0.71809872029250466
2023-03-28,growth_raw_adaptive,growth,0.008851974100347583,0,0,0.008851974100347583,0.2819012797074954,0.71809872029250466
2023-03-29,growth_raw_adaptive,growth,0.015371227240395909,0,0,0.015371227240395909,0.2819012797074954,0.71809872029250466
2023-03-30,growth_raw_adaptive,growth,0.003573431272688026,0,0,0.003573431272688026,0.2819012797074954,0.71809872029250466
2023-03-31,growth_raw_adaptive,growth,0.011365589540186884,0,0,0.011365589540186884,0.2819012797074954,0.71809872029250466
2023-04-03,growth_raw_adaptive,growth,0.0043893032423444663,0.13827954559478811,0.00013827954559478812,0.0042510236967496784,0.27582222222222219,0.72417777777777781
2023-04-04,growth_raw_adaptive,growth,0.0073802623722836486,0,0,0.0073802623722836486,0.27582222222222219,0.72417777777777781
2023-04-05,growth_raw_adaptive,growth,0.013741619495585604,0,0,0.013741619495585604,0.27582222222222219,0.72417777777777781
2023-04-06,growth_raw_adaptive,growth,-0.0016585983695291933,0,0,-0.0016585983695291933,0.27582222222222219,0.72417777777777781
2023-04-10,growth_raw_adaptive,growth,0.0043901605777437649,0,0,0.0043901605777437649,0.27582222222222219,0.72417777777777781
2023-04-11,growth_raw_adaptive,growth,-0.0013163349586684547,0,0,-0.0013163349586684547,0.27582222222222219,0.72417777777777781
2023-04-12,growth_raw_adaptive,growth,-0.0032990883234245566,0,0,-0.0032990883234245566,0.27582222222222219,0.72417777777777781
2023-04-13,growth_raw_adaptive,growth,0.009905799887520262,0,0,0.009905799887520262,0.27582222222222219,0.72417777777777781
2023-04-14,growth_raw_adaptive,growth,-0.00059263726875594569,0,0,-0.00059263726875594569,0.27582222222222219,0.72417777777777781
2023-04-17,growth_raw_adaptive,growth,-0.0067091239582164758,0,0,-0.0067091239582164758,0.27582222222222219,0.72417777777777781
2023-04-18,growth_raw_adaptive,growth,0.0065889581503480541,0,0,0.0065889581503480541,0.27582222222222219,0.72417777777777781
2023-04-19,growth_raw_adaptive,growth,-0.018603572967404874,0,0,-0.018603572967404874,0.27582222222222219,0.72417777777777781
2023-04-20,growth_raw_adaptive,growth,-0.0094181512632097435,0,0,-0.0094181512632097435,0.27582222222222219,0.72417777777777781
2023-04-21,growth_raw_adaptive,growth,-0.0043705257564945043,0,0,-0.0043705257564945043,0.27582222222222219,0.72417777777777781
2023-04-24,growth_raw_adaptive,growth,0.00041749532445482584,0,0,0.00041749532445482584,0.27582222222222219,0.72417777777777781
2023-04-25,growth_raw_adaptive,growth,0.0046037327770793515,0,0,0.0046037327770793515,0.27582222222222219,0.72417777777777781
2023-04-26,growth_raw_adaptive,growth,-0.018181952033208156,0,0,-0.018181952033208156,0.27582222222222219,0.72417777777777781
2023-04-27,growth_raw_adaptive,growth,0.013525568883529888,0,0,0.013525568883529888,0.27582222222222219,0.72417777777777781
2023-04-28,growth_raw_adaptive,growth,0.0034939010637723448,0,0,0.0034939010637723448,0.27582222222222219,0.72417777777777781
2023-05-01,growth_raw_adaptive,growth,-0.0041855370279679288,0.1954536789837277,0.0001954536789837277,-0.0043809907069516565,0.27085862966175189,0.72914137033824811
2023-05-02,growth_raw_adaptive,growth,-0.0017497258722727479,0,0,-0.0017497258722727479,0.27085862966175189,0.72914137033824811
2023-05-03,growth_raw_adaptive,growth,-0.010581344811830606,0,0,-0.010581344811830606,0.27085862966175189,0.72914137033824811
2023-05-04,growth_raw_adaptive,growth,0.0011613273110708377,0,0,0.0011613273110708377,0.27085862966175189,0.72914137033824811
2023-05-05,growth_raw_adaptive,growth,0.013926448384427071,0,0,0.013926448384427071,0.27085862966175189,0.72914137033824811
2023-05-08,growth_raw_adaptive,growth,-0.0093737160281284638,0,0,-0.0093737160281284638,0.27085862966175189,0.72914137033824811
2023-05-09,growth_raw_adaptive,growth,0.00025400815438696617,0,0,0.00025400815438696617,0.27085862966175189,0.72914137033824811
2023-05-10,growth_raw_adaptive,growth,0.0001820020383429052,0,0,0.0001820020383429052,0.27085862966175189,0.72914137033824811
2023-05-11,growth_raw_adaptive,growth,-0.0073458072529809793,0,0,-0.0073458072529809793,0.27085862966175189,0.72914137033824811
2023-05-12,growth_raw_adaptive,growth,0.0023154663215471656,0,0,0.0023154663215471656,0.27085862966175189,0.72914137033824811
2023-05-15,growth_raw_adaptive,growth,0.00054988741528727136,0,0,0.00054988741528727136,0.27085862966175189,0.72914137033824811
2023-05-16,growth_raw_adaptive,growth,-0.0085907550025449107,0,0,-0.0085907550025449107,0.27085862966175189,0.72914137033824811
2023-05-17,growth_raw_adaptive,growth,0.0027816942933423603,0,0,0.0027816942933423603,0.27085862966175189,0.72914137033824811
2023-05-18,growth_raw_adaptive,growth,-0.0021960278352954675,0,0,-0.0021960278352954675,0.27085862966175189,0.72914137033824811
2023-05-19,growth_raw_adaptive,growth,0.0010806136366072773,0,0,0.0010806136366072773,0.27085862966175189,0.72914137033824811
2023-05-22,growth_raw_adaptive,growth,-0.00042616146034946925,0,0,-0.00042616146034946925,0.27085862966175189,0.72914137033824811
2023-05-23,growth_raw_adaptive,growth,-0.0029312964823304624,0,0,-0.0029312964823304624,0.27085862966175189,0.72914137033824811
2023-05-24,growth_raw_adaptive,growth,-0.012662757003432076,0,0,-0.012662757003432076,0.27085862966175189,0.72914137033824811
2023-05-25,growth_raw_adaptive,growth,-0.0097979044959227313,0,0,-0.0097979044959227313,0.27085862966175189,0.72914137033824811
2023-05-26,growth_raw_adaptive,growth,0.0026905651189145204,0,0,0.0026905651189145204,0.27085862966175189,0.72914137033824811
2023-05-30,growth_raw_adaptive,growth,0.0023142046112038573,0,0,0.0023142046112038573,0.27085862966175189,0.72914137033824811
2023-05-31,growth_raw_adaptive,growth,0.0036808695065408763,0,0,0.0036808695065408763,0.27085862966175189,0.72914137033824811
2023-06-01,growth_raw_adaptive,growth,-0.0033454796341303361,0.3410898434071129,0.00034108984340711291,-0.003686569477537449,0.29477234401349067,0.70522765598650938
2023-06-02,growth_raw_adaptive,growth,0.020147467231024799,0,0,0.020147467231024799,0.29477234401349067,0.70522765598650938
2023-06-05,growth_raw_adaptive,growth,-0.013562841187623704,0,0,-0.013562841187623704,0.29477234401349067,0.70522765598650938
2023-06-06,growth_raw_adaptive,growth,0.002379136241072713,0,0,0.002379136241072713,0.29477234401349067,0.70522765598650938
2023-06-07,growth_raw_adaptive,growth,-0.0084794559188803749,0,0,-0.0084794559188803749,0.29477234401349067,0.70522765598650938
2023-06-08,growth_raw_adaptive,growth,0.0068211063284630523,0,0,0.0068211063284630523,0.29477234401349067,0.70522765598650938
2023-06-09,growth_raw_adaptive,growth,-0.0030417795166430917,0,0,-0.0030417795166430917,0.29477234401349067,0.70522765598650938
2023-06-12,growth_raw_adaptive,growth,5.7488755338940553e-06,0,0,5.7488755338940553e-06,0.29477234401349067,0.70522765598650938
2023-06-13,growth_raw_adaptive,growth,0.0033684224708527078,0,0,0.0033684224708527078,0.29477234401349067,0.70522765598650938
2023-06-14,growth_raw_adaptive,growth,-0.010150418998787528,0,0,-0.010150418998787528,0.29477234401349067,0.70522765598650938
2023-06-15,growth_raw_adaptive,growth,0.0048642658802361856,0,0,0.0048642658802361856,0.29477234401349067,0.70522765598650938
2023-06-16,growth_raw_adaptive,growth,0.0020640009159497942,0,0,0.0020640009159497942,0.29477234401349067,0.70522765598650938
2023-06-20,growth_raw_adaptive,growth,0.0020931780636014303,0,0,0.0020931780636014303,0.29477234401349067,0.70522765598650938
2023-06-21,growth_raw_adaptive,growth,0.010797637362493484,0,0,0.010797637362493484,0.29477234401349067,0.70522765598650938
2023-06-22,growth_raw_adaptive,growth,0.0049842140256123185,0,0,0.0049842140256123185,0.29477234401349067,0.70522765598650938
2023-06-23,growth_raw_adaptive,growth,0.0038835498404347912,0,0,0.0038835498404347912,0.29477234401349067,0.70522765598650938
2023-06-26,growth_raw_adaptive,growth,-0.0012651924182017855,0,0,-0.0012651924182017855,0.29477234401349067,0.70522765598650938
2023-06-27,growth_raw_adaptive,growth,0.011626432946920747,0,0,0.011626432946920747,0.29477234401349067,0.70522765598650938
2023-06-28,growth_raw_adaptive,growth,-0.011066418487340114,0,0,-0.011066418487340114,0.29477234401349067,0.70522765598650938
2023-06-29,growth_raw_adaptive,growth,0.0043597361300957253,0,0,0.0043597361300957253,0.29477234401349067,0.70522765598650938
2023-06-30,growth_raw_adaptive,growth,0.02204852662358071,0,0,0.02204852662358071,0.29477234401349067,0.70522765598650938
2023-07-03,growth_raw_adaptive,growth,0.0010241495533032355,0.21133625466584993,0.00021133625466584994,0.00081281329863738556,0.27105263157894738,0.72894736842105257
2023-07-05,growth_raw_adaptive,growth,-0.0031497774148764699,0,0,-0.0031497774148764699,0.27105263157894738,0.72894736842105257
2023-07-06,growth_raw_adaptive,growth,-0.013975412831280724,0,0,-0.013975412831280724,0.27105263157894738,0.72894736842105257
2023-07-07,growth_raw_adaptive,growth,-0.0054515520047464126,0,0,-0.0054515520047464126,0.27105263157894738,0.72894736842105257
2023-07-10,growth_raw_adaptive,growth,0.0045933773126446377,0,0,0.0045933773126446377,0.27105263157894738,0.72894736842105257
2023-07-11,growth_raw_adaptive,growth,0.0070429435981322046,0,0,0.0070429435981322046,0.27105263157894738,0.72894736842105257
2023-07-12,growth_raw_adaptive,growth,-0.0031205199884295808,0,0,-0.0031205199884295808,0.27105263157894738,0.72894736842105257
2023-07-13,growth_raw_adaptive,growth,0.078011846690179229,0,0,0.078011846690179229,0.27105263157894738,0.72894736842105257
2023-07-14,growth_raw_adaptive,growth,-0.023299858983741119,0,0,-0.023299858983741119,0.27105263157894738,0.72894736842105257
2023-07-17,growth_raw_adaptive,growth,-0.0061150679887407491,0,0,-0.0061150679887407491,0.27105263157894738,0.72894736842105257
2023-07-18,growth_raw_adaptive,growth,0.0046045630404685043,0,0,0.0046045630404685043,0.27105263157894738,0.72894736842105257
2023-07-19,growth_raw_adaptive,growth,0.019970701495904724,0,0,0.019970701495904724,0.27105263157894738,0.72894736842105257
2023-07-20,growth_raw_adaptive,growth,0.0089386205405629741,0,0,0.0089386205405629741,0.27105263157894738,0.72894736842105257
2023-07-21,growth_raw_adaptive,growth,0.0011081419489430929,0,0,0.0011081419489430929,0.27105263157894738,0.72894736842105257
2023-07-24,growth_raw_adaptive,growth,-0.013086968000048736,0,0,-0.013086968000048736,0.27105263157894738,0.72894736842105257
2023-07-25,growth_raw_adaptive,growth,-0.0011022739676889897,0,0,-0.0011022739676889897,0.27105263157894738,0.72894736842105257
2023-07-26,growth_raw_adaptive,growth,0.0085089182506444573,0,0,0.0085089182506444573,0.27105263157894738,0.72894736842105257
2023-07-27,growth_raw_adaptive,growth,-0.004530509687909968,0,0,-0.004530509687909968,0.27105263157894738,0.72894736842105257
2023-07-28,growth_raw_adaptive,growth,0.0041604485083273513,0,0,0.0041604485083273513,0.27105263157894738,0.72894736842105257
2023-07-31,growth_raw_adaptive,growth,-0.0083646999821038858,0,0,-0.0083646999821038858,0.27105263157894738,0.72894736842105257
2023-08-01,growth_raw_adaptive,growth,-0.0016234339657484917,0.13467392224617711,0.00013467392224617711,-0.0017581078879946688,0.25316760224538892,0.74683239775461108
2023-08-02,growth_raw_adaptive,growth,-0.018210292236424758,0,0,-0.018210292236424758,0.25316760224538892,0.74683239775461108
2023-08-03,growth_raw_adaptive,growth,-0.011631124071562943,0,0,-0.011631124071562943,0.25316760224538892,0.74683239775461108
2023-08-04,growth_raw_adaptive,growth,-0.0093503349380547537,0,0,-0.0093503349380547537,0.25316760224538892,0.74683239775461108
2023-08-07,growth_raw_adaptive,growth,0.0097174839872623889,0,0,0.0097174839872623889,0.25316760224538892,0.74683239775461108
2023-08-08,growth_raw_adaptive,growth,0.00099379467051107688,0,0,0.00099379467051107688,0.25316760224538892,0.74683239775461108
2023-08-09,growth_raw_adaptive,growth,0.00079133681555307919,0,0,0.00079133681555307919,0.25316760224538892,0.74683239775461108
2023-08-10,growth_raw_adaptive,growth,-0.00390814295115574,0,0,-0.00390814295115574,0.25316760224538892,0.74683239775461108
2023-08-11,growth_raw_adaptive,growth,0.0047967548448681861,0,0,0.0047967548448681861,0.25316760224538892,0.74683239775461108
2023-08-14,growth_raw_adaptive,growth,0.00022220074697191854,0,0,0.00022220074697191854,0.25316760224538892,0.74683239775461108
2023-08-15,growth_raw_adaptive,growth,-0.011901805150115257,0,0,-0.011901805150115257,0.25316760224538892,0.74683239775461108
2023-08-16,growth_raw_adaptive,growth,-0.0097649929167023183,0,0,-0.0097649929167023183,0.25316760224538892,0.74683239775461108
2023-08-17,growth_raw_adaptive,growth,-0.026239431062826182,0,0,-0.026239431062826182,0.25316760224538892,0.74683239775461108
2023-08-18,growth_raw_adaptive,growth,0.0017943831959342598,0,0,0.0017943831959342598,0.25316760224538892,0.74683239775461108
2023-08-21,growth_raw_adaptive,growth,-0.004162430936027724,0,0,-0.004162430936027724,0.25316760224538892,0.74683239775461108
2023-08-22,growth_raw_adaptive,growth,-0.0070643044121218657,0,0,-0.0070643044121218657,0.25316760224538892,0.74683239775461108
2023-08-23,growth_raw_adaptive,growth,0.01553473622571535,0,0,0.01553473622571535,0.25316760224538892,0.74683239775461108
2023-08-24,growth_raw_adaptive,growth,-0.011429647487352,0,0,-0.011429647487352,0.25316760224538892,0.74683239775461108
2023-08-25,growth_raw_adaptive,growth,0.0028658802161353543,0,0,0.0028658802161353543,0.25316760224538892,0.74683239775461108
2023-08-28,growth_raw_adaptive,growth,0.00086334061538928075,0,0,0.00086334061538928075,0.25316760224538892,0.74683239775461108
2023-08-29,growth_raw_adaptive,growth,0.01451161310493547,0,0,0.01451161310493547,0.25316760224538892,0.74683239775461108
2023-08-30,growth_raw_adaptive,growth,-0.0033487352077525775,0,0,-0.0033487352077525775,0.25316760224538892,0.74683239775461108
2023-08-31,growth_raw_adaptive,growth,-0.011782813264627956,0,0,-0.011782813264627956,0.25316760224538892,0.74683239775461108
2023-09-01,growth_raw_adaptive,growth,-0.00076897312096172734,0.41973494766355318,0.00041973494766355321,-0.0011887080686252805,0.26103286384976521,0.73896713615023479
2023-09-05,growth_raw_adaptive,growth,-0.0091449292395206303,0,0,-0.0091449292395206303,0.26103286384976521,0.73896713615023479
2023-09-06,growth_raw_adaptive,growth,-0.0016027246447642828,0,0,-0.0016027246447642828,0.26103286384976521,0.73896713615023479
2023-09-07,growth_raw_adaptive,growth,0.0081742810197582803,0,0,0.0081742810197582803,0.26103286384976521,0.73896713615023479
2023-09-08,growth_raw_adaptive,growth,0.0018068085729540698,0,0,0.0018068085729540698,0.26103286384976521,0.73896713615023479
2023-09-11,growth_raw_adaptive,growth,-0.0054933844933359897,0,0,-0.0054933844933359897,0.26103286384976521,0.73896713615023479
2023-09-12,growth_raw_adaptive,growth,0.010198686981743017,0,0,0.010198686981743017,0.26103286384976521,0.73896713615023479
2023-09-13,growth_raw_adaptive,growth,0.0041197152128360191,0,0,0.0041197152128360191,0.26103286384976521,0.73896713615023479
2023-09-14,growth_raw_adaptive,growth,0.0097768487518698852,0,0,0.0097768487518698852,0.26103286384976521,0.73896713615023479
2023-09-15,growth_raw_adaptive,growth,-0.0027997899017635931,0,0,-0.0027997899017635931,0.26103286384976521,0.73896713615023479
2023-09-18,growth_raw_adaptive,growth,0.0034814065145805841,0,0,0.0034814065145805841,0.26103286384976521,0.73896713615023479
2023-09-19,growth_raw_adaptive,growth,0.0020127795900565862,0,0,0.0020127795900565862,0.26103286384976521,0.73896713615023479
2023-09-20,growth_raw_adaptive,growth,-0.0046002371986574205,0,0,-0.0046002371986574205,0.26103286384976521,0.73896713615023479
2023-09-21,growth_raw_adaptive,growth,-0.016607574957362529,0,0,-0.016607574957362529,0.26103286384976521,0.73896713615023479
2023-09-22,growth_raw_adaptive,growth,-0.0021619165515547756,0,0,-0.0021619165515547756,0.26103286384976521,0.73896713615023479
2023-09-25,growth_raw_adaptive,growth,0.0020069925433216259,0,0,0.0020069925433216259,0.26103286384976521,0.73896713615023479
2023-09-26,growth_raw_adaptive,growth,-0.0058983607083558038,0,0,-0.0058983607083558038,0.26103286384976521,0.73896713615023479
2023-09-27,growth_raw_adaptive,growth,-0.0019765308876988344,0,0,-0.0019765308876988344,0.26103286384976521,0.73896713615023479
2023-09-28,growth_raw_adaptive,growth,0.0099395895323388904,0,0,0.0099395895323388904,0.26103286384976521,0.73896713615023479
2023-09-29,growth_raw_adaptive,growth,-0.0030111714186553109,0,0,-0.0030111714186553109,0.26103286384976521,0.73896713615023479
2023-10-02,growth_raw_adaptive,growth,-0.0088756404525303177,0.30804590520951247,0.0003080459052095125,-0.0091836863577398307,0.2804131599081866,0.7195868400918134
2023-10-03,growth_raw_adaptive,growth,-0.011603061645127108,0,0,-0.011603061645127108,0.2804131599081866,0.7195868400918134
2023-10-04,growth_raw_adaptive,growth,0.0045554765516864172,0,0,0.0045554765516864172,0.2804131599081866,0.7195868400918134
2023-10-05,growth_raw_adaptive,growth,-0.0056939624764412462,0,0,-0.0056939624764412462,0.2804131599081866,0.7195868400918134
2023-10-06,growth_raw_adaptive,growth,0.0066214508709456169,0,0,0.0066214508709456169,0.2804131599081866,0.7195868400918134
2023-10-09,growth_raw_adaptive,growth,-0.0028262002376876079,0,0,-0.0028262002376876079,0.2804131599081866,0.7195868400918134
2023-10-10,growth_raw_adaptive,growth,0.002760198890714305,0,0,0.002760198890714305,0.2804131599081866,0.7195868400918134
2023-10-11,growth_raw_adaptive,growth,-1.4647519111159342e-05,0,0,-1.4647519111159342e-05,0.2804131599081866,0.7195868400918134
2023-10-12,growth_raw_adaptive,growth,-0.0058067220078745988,0,0,-0.0058067220078745988,0.2804131599081866,0.7195868400918134
2023-10-13,growth_raw_adaptive,growth,0.0037311217925939579,0,0,0.0037311217925939579,0.2804131599081866,0.7195868400918134
2023-10-16,growth_raw_adaptive,growth,0.016240954489230779,0,0,0.016240954489230779,0.2804131599081866,0.7195868400918134
2023-10-17,growth_raw_adaptive,growth,-0.0042006193652971043,0,0,-0.0042006193652971043,0.2804131599081866,0.7195868400918134
2023-10-18,growth_raw_adaptive,growth,-0.0082089258408977808,0,0,-0.0082089258408977808,0.2804131599081866,0.7195868400918134
2023-10-19,growth_raw_adaptive,growth,-0.0053357262696910974,0,0,-0.0053357262696910974,0.2804131599081866,0.7195868400918134
2023-10-20,growth_raw_adaptive,growth,0.0084932762768468867,0,0,0.0084932762768468867,0.2804131599081866,0.7195868400918134
2023-10-23,growth_raw_adaptive,growth,0.017808016450577301,0,0,0.017808016450577301,0.2804131599081866,0.7195868400918134
2023-10-24,growth_raw_adaptive,growth,0.0076835307984365556,0,0,0.0076835307984365556,0.2804131599081866,0.7195868400918134
2023-10-25,growth_raw_adaptive,growth,0.00050376568623386518,0,0,0.00050376568623386518,0.2804131599081866,0.7195868400918134
2023-10-26,growth_raw_adaptive,growth,-0.003771590583090993,0,0,-0.003771590583090993,0.2804131599081866,0.7195868400918134
2023-10-27,growth_raw_adaptive,growth,-0.013171155264096943,0,0,-0.013171155264096943,0.2804131599081866,0.7195868400918134
2023-10-30,growth_raw_adaptive,growth,0.0075836673709471216,0,0,0.0075836673709471216,0.2804131599081866,0.7195868400918134
2023-10-31,growth_raw_adaptive,growth,0.0039665780583232699,0,0,0.0039665780583232699,0.2804131599081866,0.7195868400918134
2023-11-01,growth_raw_adaptive,growth,0.012133473657046326,0.26955114102735717,0.00026955114102735715,0.01186392251601897,0.29985063480209112,0.70014936519790893
2023-11-02,growth_raw_adaptive,growth,0.004984971023049822,0,0,0.004984971023049822,0.29985063480209112,0.70014936519790893
2023-11-03,growth_raw_adaptive,growth,0.0042342795109723943,0,0,0.0042342795109723943,0.29985063480209112,0.70014936519790893
2023-11-06,growth_raw_adaptive,growth,0.003795215264128864,0,0,0.003795215264128864,0.29985063480209112,0.70014936519790893
2023-11-07,growth_raw_adaptive,growth,-0.0023464726628663439,0,0,-0.0023464726628663439,0.29985063480209112,0.70014936519790893
2023-11-08,growth_raw_adaptive,growth,-0.00010317536916962982,0,0,-0.00010317536916962982,0.29985063480209112,0.70014936519790893
2023-11-09,growth_raw_adaptive,growth,0.0049123801467058133,0,0,0.0049123801467058133,0.29985063480209112,0.70014936519790893
2023-11-10,growth_raw_adaptive,growth,0.01211376183837356,0,0,0.01211376183837356,0.29985063480209112,0.70014936519790893
2023-11-13,growth_raw_adaptive,growth,-0.0069613274074534458,0,0,-0.0069613274074534458,0.29985063480209112,0.70014936519790893
2023-11-14,growth_raw_adaptive,growth,-0.0023868602278826886,0,0,-0.0023868602278826886,0.29985063480209112,0.70014936519790893
2023-11-15,growth_raw_adaptive,growth,0.014997340511314674,0,0,0.014997340511314674,0.29985063480209112,0.70014936519790893
2023-11-16,growth_raw_adaptive,growth,-0.013204054908452452,0,0,-0.013204054908452452,0.29985063480209112,0.70014936519790893
2023-11-17,growth_raw_adaptive,growth,-0.00029402297434361188,0,0,-0.00029402297434361188,0.29985063480209112,0.70014936519790893
2023-11-20,growth_raw_adaptive,growth,0.00068115374150423799,0,0,0.00068115374150423799,0.29985063480209112,0.70014936519790893
2023-11-21,growth_raw_adaptive,growth,-0.01378407928171315,0,0,-0.01378407928171315,0.29985063480209112,0.70014936519790893
2023-11-22,growth_raw_adaptive,growth,0.015786984258403441,0,0,0.015786984258403441,0.29985063480209112,0.70014936519790893
2023-11-24,growth_raw_adaptive,growth,0.004710993679380656,0,0,0.004710993679380656,0.29985063480209112,0.70014936519790893
2023-11-27,growth_raw_adaptive,growth,-0.0078558170550077546,0,0,-0.0078558170550077546,0.29985063480209112,0.70014936519790893
2023-11-28,growth_raw_adaptive,growth,0.0028177687415368606,0,0,0.0028177687415368606,0.29985063480209112,0.70014936519790893
2023-11-29,growth_raw_adaptive,growth,-0.00091276899273229112,0,0,-0.00091276899273229112,0.29985063480209112,0.70014936519790893
2023-11-30,growth_raw_adaptive,growth,0.0052716833900469584,0,0,0.0052716833900469584,0.29985063480209112,0.70014936519790893
2023-12-01,growth_raw_adaptive,growth,0.0076582483027905959,0.2055522586124309,0.00020555225861243091,0.0074526960441781646,0.29269539810080342,0.70730460189919664
2023-12-04,growth_raw_adaptive,growth,0.012969002832115278,0,0,0.012969002832115278,0.29269539810080342,0.70730460189919664
2023-12-05,growth_raw_adaptive,growth,0.0064878051307426408,0,0,0.0064878051307426408,0.29269539810080342,0.70730460189919664
2023-12-06,growth_raw_adaptive,growth,-0.0024928291825449429,0,0,-0.0024928291825449429,0.29269539810080342,0.70730460189919664
2023-12-07,growth_raw_adaptive,growth,0.0047681833565218941,0,0,0.0047681833565218941,0.29269539810080342,0.70730460189919664
2023-12-08,growth_raw_adaptive,growth,0.010547668360833701,0,0,0.010547668360833701,0.29269539810080342,0.70730460189919664
2023-12-11,growth_raw_adaptive,growth,-0.012848316277027981,0,0,-0.012848316277027981,0.29269539810080342,0.70730460189919664
2023-12-12,growth_raw_adaptive,growth,0.004345031236772599,0,0,0.004345031236772599,0.29269539810080342,0.70730460189919664
2023-12-13,growth_raw_adaptive,growth,0.018210186734571004,0,0,0.018210186734571004,0.29269539810080342,0.70730460189919664
2023-12-14,growth_raw_adaptive,growth,-0.003096914581024587,0,0,-0.003096914581024587,0.29269539810080342,0.70730460189919664
2023-12-15,growth_raw_adaptive,growth,-0.015425786072957241,0,0,-0.015425786072957241,0.29269539810080342,0.70730460189919664
2023-12-18,growth_raw_adaptive,growth,0.0056532769659693918,0,0,0.0056532769659693918,0.29269539810080342,0.70730460189919664
2023-12-19,growth_raw_adaptive,growth,-0.0032380067100374011,0,0,-0.0032380067100374011,0.29269539810080342,0.70730460189919664
2023-12-20,growth_raw_adaptive,growth,-0.0045408861318848633,0,0,-0.0045408861318848633,0.29269539810080342,0.70730460189919664
2023-12-21,growth_raw_adaptive,growth,0.010098500668245624,0,0,0.010098500668245624,0.29269539810080342,0.70730460189919664
2023-12-22,growth_raw_adaptive,growth,0.0091073107152302869,0,0,0.0091073107152302869,0.29269539810080342,0.70730460189919664
2023-12-26,growth_raw_adaptive,growth,-0.0040376992208746689,0,0,-0.0040376992208746689,0.29269539810080342,0.70730460189919664
2023-12-27,growth_raw_adaptive,growth,0.02030532442324447,0,0,0.02030532442324447,0.29269539810080342,0.70730460189919664
2023-12-28,growth_raw_adaptive,growth,-0.00073208223257986683,0,0,-0.00073208223257986683,0.29269539810080342,0.70730460189919664
2023-12-29,growth_raw_adaptive,growth,-0.0048886927362431429,0,0,-0.0048886927362431429,0.29269539810080342,0.70730460189919664
