date,fund,profile,fund_type,gross_return
2021-01-04,balanced_adaptive,balanced,adaptive,1.0084379362944504
2021-01-05,balanced_adaptive,balanced,adaptive,1.0050405427574332
2021-01-06,balanced_adaptive,balanced,adaptive,1.0185066037874664
2021-01-07,balanced_adaptive,balanced,adaptive,1.0125481927765392
2021-01-08,balanced_adaptive,balanced,adaptive,0.9969250688913412
2021-01-11,balanced_adaptive,balanced,adaptive,0.9830661767675071
2021-01-12,balanced_adaptive,balanced,adaptive,0.9878161364724113
2021-01-13,balanced_adaptive,balanced,adaptive,1.004299813359265
2021-01-14,balanced_adaptive,balanced,adaptive,1.0052645845110117
2021-01-15,balanced_adaptive,balanced,adaptive,0.9944263362793915
2021-01-19,balanced_adaptive,balanced,adaptive,1.012232806019717
2021-01-20,balanced_adaptive,balanced,adaptive,1.0133189936892029
2021-01-21,balanced_adaptive,balanced,adaptive,0.9744061572887601
2021-01-22,balanced_adaptive,balanced,adaptive,1.00481740928082
2021-01-25,balanced_adaptive,balanced,adaptive,1.0000870569392606
2021-01-26,balanced_adaptive,balanced,adaptive,0.9910049443750129
2021-01-27,balanced_adaptive,balanced,adaptive,0.9652996223689215
2021-01-28,balanced_adaptive,balanced,adaptive,1.0142806468081313
2021-01-29,balanced_adaptive,balanced,adaptive,0.9991616284415018
2021-02-01,balanced_adaptive,balanced,adaptive,1.0022371584271936
2021-02-02,balanced_adaptive,balanced,adaptive,1.0115614281500505
2021-02-03,balanced_adaptive,balanced,adaptive,0.996348140208254
2021-02-04,balanced_adaptive,balanced,adaptive,0.9955645619487364
2021-02-05,balanced_adaptive,balanced,adaptive,1.0234497015833854
2021-02-08,balanced_adaptive,balanced,adaptive,1.0143732674423718
2021-02-09,balanced_adaptive,balanced,adaptive,0.9948491717982723
2021-02-10,balanced_adaptive,balanced,adaptive,0.995607741631466
2021-02-11,balanced_adaptive,balanced,adaptive,1.0042103152680106
2021-02-12,balanced_adaptive,balanced,adaptive,1.009314590613321
2021-02-16,balanced_adaptive,balanced,adaptive,0.989640469048503
2021-02-17,balanced_adaptive,balanced,adaptive,1.0079491637316857
2021-02-18,balanced_adaptive,balanced,adaptive,0.9924032941839457
2021-02-19,balanced_adaptive,balanced,adaptive,1.0007664342386309
2021-02-22,balanced_adaptive,balanced,adaptive,0.9880712824311086
2021-02-23,balanced_adaptive,balanced,adaptive,0.9715645397030183
2021-02-24,balanced_adaptive,balanced,adaptive,1.0037194475271962
2021-02-25,balanced_adaptive,balanced,adaptive,0.9847302651201985
2021-02-26,balanced_adaptive,balanced,adaptive,0.9831250227805746
2021-03-01,balanced_adaptive,balanced,adaptive,1.0133229662332046
2021-03-02,balanced_adaptive,balanced,adaptive,1.004820308006638
2021-03-03,balanced_adaptive,balanced,adaptive,0.9924846080988632
2021-03-04,balanced_adaptive,balanced,adaptive,0.9932479074002981
2021-03-05,balanced_adaptive,balanced,adaptive,1.0100686186187198
2021-03-08,balanced_adaptive,balanced,adaptive,0.9984913277067563
2021-03-09,balanced_adaptive,balanced,adaptive,1.0096987845612795
2021-03-10,balanced_adaptive,balanced,adaptive,1.0033469010993692
2021-03-11,balanced_adaptive,balanced,adaptive,1.0020036584296215
2021-03-12,balanced_adaptive,balanced,adaptive,1.002447564249505
2021-03-15,balanced_adaptive,balanced,adaptive,1.012244942519039
2021-03-16,balanced_adaptive,balanced,adaptive,1.0090794317014802
2021-03-17,balanced_adaptive,balanced,adaptive,1.0027281132542851
2021-03-18,balanced_adaptive,balanced,adaptive,0.9935239281481603
2021-03-19,balanced_adaptive,balanced,adaptive,1.0039966940326912
2021-03-22,balanced_adaptive,balanced,adaptive,0.9999864483666627
2021-03-23,balanced_adaptive,balanced,adaptive,0.996444892355208
2021-03-24,balanced_adaptive,balanced,adaptive,0.9917241845433789
2021-03-25,balanced_adaptive,balanced,adaptive,0.9996516174399706
2021-03-26,balanced_adaptive,balanced,adaptive,1.024300462676369
2021-03-29,balanced_adaptive,balanced,adaptive,1.0132064998193755
2021-03-30,balanced_adaptive,balanced,adaptive,0.9903170314740612
2021-03-31,balanced_adaptive,balanced,adaptive,1.0085472876463601
2021-04-01,balanced_adaptive,balanced,adaptive,1.009274425152358
2021-04-05,balanced_adaptive,balanced,adaptive,1.0174663789951517
2021-04-06,balanced_adaptive,balanced,adaptive,1.0019461204116284
2021-04-07,balanced_adaptive,balanced,adaptive,0.9916847200954666
2021-04-08,balanced_adaptive,balanced,adaptive,1.0073410725025054
2021-04-09,balanced_adaptive,balanced,adaptive,0.9992006963083495
2021-04-12,balanced_adaptive,balanced,adaptive,1.0010982353172033
2021-04-13,balanced_adaptive,balanced,adaptive,1.0137875018231575
2021-04-14,balanced_adaptive,balanced,adaptive,1.0000759850045184
2021-04-15,balanced_adaptive,balanced,adaptive,1.0195386701873497
2021-04-16,balanced_adaptive,balanced,adaptive,1.0102995505982761
2021-04-19,balanced_adaptive,balanced,adaptive,0.9877727698672613
2021-04-20,balanced_adaptive,balanced,adaptive,1.0066443919776114
2021-04-21,balanced_adaptive,balanced,adaptive,0.9975490259839296
2021-04-22,balanced_adaptive,balanced,adaptive,0.9957007382615758
2021-04-23,balanced_adaptive,balanced,adaptive,0.998904630881349
2021-04-26,balanced_adaptive,balanced,adaptive,1.0134942780511182
2021-04-27,balanced_adaptive,balanced,adaptive,1.002601775977188
2021-04-28,balanced_adaptive,balanced,adaptive,1.0011325912757658
2021-04-29,balanced_adaptive,balanced,adaptive,1.0086520584327703
2021-04-30,balanced_adaptive,balanced,adaptive,1.0083232563318765
2021-05-03,balanced_adaptive,balanced,adaptive,1.016531504752547
2021-05-04,balanced_adaptive,balanced,adaptive,0.995639007513464
2021-05-05,balanced_adaptive,balanced,adaptive,1.0315372734075339
2021-05-06,balanced_adaptive,balanced,adaptive,1.0343793793683091
2021-05-07,balanced_adaptive,balanced,adaptive,0.9923462424285475
2021-05-10,balanced_adaptive,balanced,adaptive,0.9923133228238809
2021-05-11,balanced_adaptive,balanced,adaptive,1.0230528132171872
2021-05-12,balanced_adaptive,balanced,adaptive,0.9442705419218977
2021-05-13,balanced_adaptive,balanced,adaptive,1.0203731077819842
2021-05-14,balanced_adaptive,balanced,adaptive,1.0169406918112163
2021-05-17,balanced_adaptive,balanced,adaptive,0.9871255137899466
2021-05-18,balanced_adaptive,balanced,adaptive,1.0030750222164724
2021-05-19,balanced_adaptive,balanced,adaptive,0.9454926613973044
2021-05-20,balanced_adaptive,balanced,adaptive,1.0288741172392943
2021-05-21,balanced_adaptive,balanced,adaptive,0.9786180889843276
2021-05-24,balanced_adaptive,balanced,adaptive,1.0340942212189934
2021-05-25,balanced_adaptive,balanced,adaptive,1.0002711227228704
2021-05-26,balanced_adaptive,balanced,adaptive,1.0123068657820404
2021-05-27,balanced_adaptive,balanced,adaptive,0.9921769039958782
2021-05-28,balanced_adaptive,balanced,adaptive,0.9857385656545223
2021-06-01,balanced_adaptive,balanced,adaptive,0.9962770146343592
2021-06-02,balanced_adaptive,balanced,adaptive,1.0048055164163627
2021-06-03,balanced_adaptive,balanced,adaptive,1.0081939360039363
2021-06-04,balanced_adaptive,balanced,adaptive,0.9963714621579454
2021-06-07,balanced_adaptive,balanced,adaptive,0.993669518310052
2021-06-08,balanced_adaptive,balanced,adaptive,0.9953319799990176
2021-06-09,balanced_adaptive,balanced,adaptive,1.0071238140161431
2021-06-10,balanced_adaptive,balanced,adaptive,1.0002222486362289
2021-06-11,balanced_adaptive,balanced,adaptive,0.9982910315665376
2021-06-14,balanced_adaptive,balanced,adaptive,1.0020087470027434
2021-06-15,balanced_adaptive,balanced,adaptive,0.9999604121415098
2021-06-16,balanced_adaptive,balanced,adaptive,0.9828465126065352
2021-06-17,balanced_adaptive,balanced,adaptive,1.0027152272995206
2021-06-18,balanced_adaptive,balanced,adaptive,0.9830083739950315
2021-06-21,balanced_adaptive,balanced,adaptive,0.9983255770996028
2021-06-22,balanced_adaptive,balanced,adaptive,0.9973775538565492
2021-06-23,balanced_adaptive,balanced,adaptive,0.9987821977467733
2021-06-24,balanced_adaptive,balanced,adaptive,1.0060038431092329
2021-06-25,balanced_adaptive,balanced,adaptive,1.0108803007211118
2021-06-28,balanced_adaptive,balanced,adaptive,1.0013783182656988
2021-06-29,balanced_adaptive,balanced,adaptive,0.9995401901411627
2021-06-30,balanced_adaptive,balanced,adaptive,1.006638164451401
2021-07-01,balanced_adaptive,balanced,adaptive,1.0027392410228326
2021-07-02,balanced_adaptive,balanced,adaptive,1.005112517785735
2021-07-06,balanced_adaptive,balanced,adaptive,0.9996593650775006
2021-07-07,balanced_adaptive,balanced,adaptive,1.00213520900013
2021-07-08,balanced_adaptive,balanced,adaptive,0.9918917046364356
2021-07-09,balanced_adaptive,balanced,adaptive,1.0083200444630815
2021-07-12,balanced_adaptive,balanced,adaptive,1.0017367338266232
2021-07-13,balanced_adaptive,balanced,adaptive,0.9963664578439366
2021-07-14,balanced_adaptive,balanced,adaptive,1.0037333110555902
2021-07-15,balanced_adaptive,balanced,adaptive,1.0025605020247996
2021-07-16,balanced_adaptive,balanced,adaptive,0.9995625863208959
2021-07-19,balanced_adaptive,balanced,adaptive,0.9878346425717176
2021-07-20,balanced_adaptive,balanced,adaptive,1.0037712829179788
2021-07-21,balanced_adaptive,balanced,adaptive,1.0001965992967137
2021-07-22,balanced_adaptive,balanced,adaptive,1.0033247217745234
2021-07-23,balanced_adaptive,balanced,adaptive,1.0126252071790647
2021-07-26,balanced_adaptive,balanced,adaptive,1.0013227399066775
2021-07-27,balanced_adaptive,balanced,adaptive,1.0029404230193222
2021-07-28,balanced_adaptive,balanced,adaptive,1.0002368248002205
2021-07-29,balanced_adaptive,balanced,adaptive,1.003236405067299
2021-07-30,balanced_adaptive,balanced,adaptive,0.9984509834677082
2021-08-02,balanced_adaptive,balanced,adaptive,1.0014639120453137
2021-08-03,balanced_adaptive,balanced,adaptive,1.0038909999616048
2021-08-04,balanced_adaptive,balanced,adaptive,0.9998653418457287
2021-08-05,balanced_adaptive,balanced,adaptive,1.0057166851738402
2021-08-06,balanced_adaptive,balanced,adaptive,0.9996869144745438
2021-08-09,balanced_adaptive,balanced,adaptive,1.0067339130858277
2021-08-10,balanced_adaptive,balanced,adaptive,1.0073037235806255
2021-08-11,balanced_adaptive,balanced,adaptive,1.0120908461643328
2021-08-12,balanced_adaptive,balanced,adaptive,1.0009669870923839
2021-08-13,balanced_adaptive,balanced,adaptive,1.0149924170778015
2021-08-16,balanced_adaptive,balanced,adaptive,1.001818953593596
2021-08-17,balanced_adaptive,balanced,adaptive,0.9936392409999938
2021-08-18,balanced_adaptive,balanced,adaptive,0.9941771389166985
2021-08-19,balanced_adaptive,balanced,adaptive,1.0081509133546325
2021-08-20,balanced_adaptive,balanced,adaptive,1.0109121734774238
2021-08-23,balanced_adaptive,balanced,adaptive,1.0022531907033223
2021-08-24,balanced_adaptive,balanced,adaptive,0.9877136576025061
2021-08-25,balanced_adaptive,balanced,adaptive,1.0003185922248732
2021-08-26,balanced_adaptive,balanced,adaptive,0.9890672694906437
2021-08-27,balanced_adaptive,balanced,adaptive,1.0121711977960817
2021-08-30,balanced_adaptive,balanced,adaptive,1.0006183251875005
2021-08-31,balanced_adaptive,balanced,adaptive,1.00503529632697
2021-09-01,balanced_adaptive,balanced,adaptive,1.0122235269394992
2021-09-02,balanced_adaptive,balanced,adaptive,1.007819922400769
2021-09-03,balanced_adaptive,balanced,adaptive,1.0050951470377598
2021-09-07,balanced_adaptive,balanced,adaptive,0.9658193028227618
2021-09-08,balanced_adaptive,balanced,adaptive,1.0040464413951717
2021-09-09,balanced_adaptive,balanced,adaptive,0.9947524674017729
2021-09-10,balanced_adaptive,balanced,adaptive,0.9938250335214739
2021-09-13,balanced_adaptive,balanced,adaptive,0.9927976688200111
2021-09-14,balanced_adaptive,balanced,adaptive,1.0018048215194133
2021-09-15,balanced_adaptive,balanced,adaptive,1.0052258881177285
2021-09-16,balanced_adaptive,balanced,adaptive,0.9924951791774315
2021-09-17,balanced_adaptive,balanced,adaptive,0.9844457024805623
2021-09-20,balanced_adaptive,balanced,adaptive,0.9772720689691161
2021-09-21,balanced_adaptive,balanced,adaptive,0.9908062654285229
2021-09-22,balanced_adaptive,balanced,adaptive,1.0137613761906605
2021-09-23,balanced_adaptive,balanced,adaptive,1.005675516780067
2021-09-24,balanced_adaptive,balanced,adaptive,0.9850227972492115
2021-09-27,balanced_adaptive,balanced,adaptive,0.9901558728817309
2021-09-28,balanced_adaptive,balanced,adaptive,0.9886815602019684
2021-09-29,balanced_adaptive,balanced,adaptive,1.0116809996319998
2021-09-30,balanced_adaptive,balanced,adaptive,0.9978509068896305
2021-10-01,balanced_adaptive,balanced,adaptive,1.0139649548430238
2021-10-04,balanced_adaptive,balanced,adaptive,0.9973485224595289
2021-10-05,balanced_adaptive,balanced,adaptive,1.010379289079784
2021-10-06,balanced_adaptive,balanced,adaptive,1.0034634831830158
2021-10-07,balanced_adaptive,balanced,adaptive,1.006911465210112
2021-10-08,balanced_adaptive,balanced,adaptive,0.9969854086687935
2021-10-11,balanced_adaptive,balanced,adaptive,0.9952352633314581
2021-10-12,balanced_adaptive,balanced,adaptive,0.9989815296609557
2021-10-13,balanced_adaptive,balanced,adaptive,1.0066842696764782
2021-10-14,balanced_adaptive,balanced,adaptive,1.0080723818867032
2021-10-15,balanced_adaptive,balanced,adaptive,1.006539867105393
2021-10-18,balanced_adaptive,balanced,adaptive,0.9963522907846324
2021-10-19,balanced_adaptive,balanced,adaptive,1.0081779762306111
2021-10-20,balanced_adaptive,balanced,adaptive,1.0149377023660346
2021-10-21,balanced_adaptive,balanced,adaptive,1.0015145384693984
2021-10-22,balanced_adaptive,balanced,adaptive,1.0005435638524247
2021-10-25,balanced_adaptive,balanced,adaptive,1.007685636148079
2021-10-26,balanced_adaptive,balanced,adaptive,1.0036124044075836
2021-10-27,balanced_adaptive,balanced,adaptive,0.9830133269525476
2021-10-28,balanced_adaptive,balanced,adaptive,1.0150056748598733
2021-10-29,balanced_adaptive,balanced,adaptive,0.9978278806478069
2021-11-01,balanced_adaptive,balanced,adaptive,1.0005366401647788
2021-11-02,balanced_adaptive,balanced,adaptive,1.0074144793832909
2021-11-03,balanced_adaptive,balanced,adaptive,1.0059072494469468
2021-11-04,balanced_adaptive,balanced,adaptive,1.0000420380815125
2021-11-05,balanced_adaptive,balanced,adaptive,0.989630013498972
2021-11-08,balanced_adaptive,balanced,adaptive,1.0073401732411165
2021-11-09,balanced_adaptive,balanced,adaptive,1.0109754331944496
2021-11-10,balanced_adaptive,balanced,adaptive,0.9973961386787564
2021-11-11,balanced_adaptive,balanced,adaptive,1.002587970470015
2021-11-12,balanced_adaptive,balanced,adaptive,1.0034718930290125
2021-11-15,balanced_adaptive,balanced,adaptive,0.9965227855297205
2021-11-16,balanced_adaptive,balanced,adaptive,0.9884497049041217
2021-11-17,balanced_adaptive,balanced,adaptive,0.9949606296037589
2021-11-18,balanced_adaptive,balanced,adaptive,0.990025363095646
2021-11-19,balanced_adaptive,balanced,adaptive,1.0009702632788349
2021-11-22,balanced_adaptive,balanced,adaptive,0.9958336776695025
2021-11-23,balanced_adaptive,balanced,adaptive,1.005968821245303
2021-11-24,balanced_adaptive,balanced,adaptive,0.9960716094412105
2021-11-26,balanced_adaptive,balanced,adaptive,0.9793108536937777
2021-11-29,balanced_adaptive,balanced,adaptive,1.0087889911338281
2021-11-30,balanced_adaptive,balanced,adaptive,0.9848543702910293
2021-12-01,balanced_adaptive,balanced,adaptive,0.9947112771275872
2021-12-02,balanced_adaptive,balanced,adaptive,1.0204892614819148
2021-12-03,balanced_adaptive,balanced,adaptive,0.9955365569866057
2021-12-06,balanced_adaptive,balanced,adaptive,1.011795465356589
2021-12-07,balanced_adaptive,balanced,adaptive,1.0020926946677517
2021-12-08,balanced_adaptive,balanced,adaptive,1.005841005808981
2021-12-09,balanced_adaptive,balanced,adaptive,0.9894257488996951
2021-12-10,balanced_adaptive,balanced,adaptive,1.001164131258086
2021-12-13,balanced_adaptive,balanced,adaptive,0.9913888509679912
2021-12-14,balanced_adaptive,balanced,adaptive,0.9973207983030221
2021-12-15,balanced_adaptive,balanced,adaptive,1.0165847311426683
2021-12-16,balanced_adaptive,balanced,adaptive,1.002686912666533
2021-12-17,balanced_adaptive,balanced,adaptive,0.9862580872141641
2021-12-20,balanced_adaptive,balanced,adaptive,0.9993724470999461
2021-12-21,balanced_adaptive,balanced,adaptive,1.0047954172620512
2021-12-22,balanced_adaptive,balanced,adaptive,1.0094856521110598
2021-12-23,balanced_adaptive,balanced,adaptive,1.0082411842376915
2021-12-27,balanced_adaptive,balanced,adaptive,1.0133736702168314
2021-12-28,balanced_adaptive,balanced,adaptive,0.9935715527432126
2021-12-29,balanced_adaptive,balanced,adaptive,0.9996953167293017
2021-12-30,balanced_adaptive,balanced,adaptive,1.001364978646463
2021-12-31,balanced_adaptive,balanced,adaptive,0.995463616634039
2022-01-03,balanced_adaptive,balanced,adaptive,0.9914948351358249
2022-01-04,balanced_adaptive,balanced,adaptive,0.9977858436752827
2022-01-05,balanced_adaptive,balanced,adaptive,0.990599393045927
2022-01-06,balanced_adaptive,balanced,adaptive,0.9960648129264851
2022-01-07,balanced_adaptive,balanced,adaptive,0.9900255036985303
2022-01-10,balanced_adaptive,balanced,adaptive,0.9957418861254909
2022-01-11,balanced_adaptive,balanced,adaptive,1.010475747532949
2022-01-12,balanced_adaptive,balanced,adaptive,1.0064275455081502
2022-01-13,balanced_adaptive,balanced,adaptive,0.9872117567896989
2022-01-14,balanced_adaptive,balanced,adaptive,0.9972557633240031
2022-01-18,balanced_adaptive,balanced,adaptive,0.9931451383600395
2022-01-19,balanced_adaptive,balanced,adaptive,0.9926704875537946
2022-01-20,balanced_adaptive,balanced,adaptive,0.9862973799164831
2022-01-21,balanced_adaptive,balanced,adaptive,0.9854623273771246
2022-01-24,balanced_adaptive,balanced,adaptive,0.9963169453191177
2022-01-25,balanced_adaptive,balanced,adaptive,1.0010042366877185
2022-01-26,balanced_adaptive,balanced,adaptive,0.9861538738179941
2022-01-27,balanced_adaptive,balanced,adaptive,0.9966804024690499
2022-01-28,balanced_adaptive,balanced,adaptive,1.0166188924747515
2022-01-31,balanced_adaptive,balanced,adaptive,1.00476985011534
2022-02-01,balanced_adaptive,balanced,adaptive,1.0074061047648513
2022-02-02,balanced_adaptive,balanced,adaptive,0.9976712866019107
2022-02-03,balanced_adaptive,balanced,adaptive,0.9902175566376593
2022-02-04,balanced_adaptive,balanced,adaptive,1.0096661461225698
2022-02-07,balanced_adaptive,balanced,adaptive,1.0070680352580523
2022-02-08,balanced_adaptive,balanced,adaptive,0.9971156013960104
2022-02-09,balanced_adaptive,balanced,adaptive,1.0117648573762041
2022-02-10,balanced_adaptive,balanced,adaptive,0.9816727982616811
2022-02-11,balanced_adaptive,balanced,adaptive,0.9862898822541638
2022-02-14,balanced_adaptive,balanced,adaptive,0.9899449599331536
2022-02-15,balanced_adaptive,balanced,adaptive,1.0113861552504477
2022-02-16,balanced_adaptive,balanced,adaptive,0.9978290078549159
2022-02-17,balanced_adaptive,balanced,adaptive,0.975462009778046
2022-02-18,balanced_adaptive,balanced,adaptive,0.9935027915426977
2022-02-22,balanced_adaptive,balanced,adaptive,0.998091078777052
2022-02-23,balanced_adaptive,balanced,adaptive,0.998760426309969
2022-02-24,balanced_adaptive,balanced,adaptive,0.9998054068931856
2022-02-25,balanced_adaptive,balanced,adaptive,1.0273608197786912
2022-02-28,balanced_adaptive,balanced,adaptive,1.0067242389728075
2022-03-01,balanced_adaptive,balanced,adaptive,0.9929198481520974
2022-03-02,balanced_adaptive,balanced,adaptive,1.0082544391428239
2022-03-03,balanced_adaptive,balanced,adaptive,0.9973839548693894
2022-03-04,balanced_adaptive,balanced,adaptive,0.9898476690571011
2022-03-07,balanced_adaptive,balanced,adaptive,0.9800638254638522
2022-03-08,balanced_adaptive,balanced,adaptive,0.9849215657995783
2022-03-09,balanced_adaptive,balanced,adaptive,1.0169080233392664
2022-03-10,balanced_adaptive,balanced,adaptive,0.9873127134442772
2022-03-11,balanced_adaptive,balanced,adaptive,0.9936775467745861
2022-03-14,balanced_adaptive,balanced,adaptive,0.9993966346023166
2022-03-15,balanced_adaptive,balanced,adaptive,1.0098759731964027
2022-03-16,balanced_adaptive,balanced,adaptive,1.0139795715194115
2022-03-17,balanced_adaptive,balanced,adaptive,1.0118251352607794
2022-03-18,balanced_adaptive,balanced,adaptive,1.009465908822078
2022-03-21,balanced_adaptive,balanced,adaptive,1.0035823451916412
2022-03-22,balanced_adaptive,balanced,adaptive,1.013251635845793
2022-03-23,balanced_adaptive,balanced,adaptive,0.9962113396734544
2022-03-24,balanced_adaptive,balanced,adaptive,1.0087384786196174
2022-03-25,balanced_adaptive,balanced,adaptive,1.0055966631891797
2022-03-28,balanced_adaptive,balanced,adaptive,1.0048863437475386
2022-03-29,balanced_adaptive,balanced,adaptive,1.0168144032108557
2022-03-30,balanced_adaptive,balanced,adaptive,0.9976358615501877
2022-03-31,balanced_adaptive,balanced,adaptive,0.9877263346889417
2022-04-01,balanced_adaptive,balanced,adaptive,1.008901436673812
2022-04-04,balanced_adaptive,balanced,adaptive,1.005134043232805
2022-04-05,balanced_adaptive,balanced,adaptive,0.9908648155815817
2022-04-06,balanced_adaptive,balanced,adaptive,0.9945828390186564
2022-04-07,balanced_adaptive,balanced,adaptive,1.0076490777738185
2022-04-08,balanced_adaptive,balanced,adaptive,0.9993146285601792
2022-04-11,balanced_adaptive,balanced,adaptive,0.9760635826647318
2022-04-12,balanced_adaptive,balanced,adaptive,0.9998556411754633
2022-04-13,balanced_adaptive,balanced,adaptive,1.0051998373803661
2022-04-14,balanced_adaptive,balanced,adaptive,0.9950185300146721
2022-04-18,balanced_adaptive,balanced,adaptive,0.9953491311957328
2022-04-19,balanced_adaptive,balanced,adaptive,1.0113941883984323
2022-04-20,balanced_adaptive,balanced,adaptive,0.9976710029770159
2022-04-21,balanced_adaptive,balanced,adaptive,0.9896921753061129
2022-04-22,balanced_adaptive,balanced,adaptive,0.9831590778049849
2022-04-25,balanced_adaptive,balanced,adaptive,1.00292887626043
2022-04-26,balanced_adaptive,balanced,adaptive,0.9840153246538995
2022-04-27,balanced_adaptive,balanced,adaptive,1.0026076495853813
2022-04-28,balanced_adaptive,balanced,adaptive,1.0104252302222902
2022-04-29,balanced_adaptive,balanced,adaptive,0.9668065917976114
2022-05-02,balanced_adaptive,balanced,adaptive,1.0018665365426662
2022-05-03,balanced_adaptive,balanced,adaptive,0.9998054343349406
2022-05-04,balanced_adaptive,balanced,adaptive,1.04228801207538
2022-05-05,balanced_adaptive,balanced,adaptive,0.9667171060148755
2022-05-06,balanced_adaptive,balanced,adaptive,0.9958453556551802
2022-05-09,balanced_adaptive,balanced,adaptive,0.9610183075880699
2022-05-10,balanced_adaptive,balanced,adaptive,0.9973217125706088
2022-05-11,balanced_adaptive,balanced,adaptive,0.9874519122950535
2022-05-12,balanced_adaptive,balanced,adaptive,1.0002486817293428
2022-05-13,balanced_adaptive,balanced,adaptive,1.0197629097926995
2022-05-16,balanced_adaptive,balanced,adaptive,0.9952075409444804
2022-05-17,balanced_adaptive,balanced,adaptive,1.019562639937085
2022-05-18,balanced_adaptive,balanced,adaptive,0.9787586827072896
2022-05-19,balanced_adaptive,balanced,adaptive,1.0046198548999554
2022-05-20,balanced_adaptive,balanced,adaptive,0.9969741476991713
2022-05-23,balanced_adaptive,balanced,adaptive,1.007645236369161
2022-05-24,balanced_adaptive,balanced,adaptive,1.0097080807932863
2022-05-25,balanced_adaptive,balanced,adaptive,1.00565660568101
2022-05-26,balanced_adaptive,balanced,adaptive,0.9975978205403148
2022-05-27,balanced_adaptive,balanced,adaptive,1.0054671358167293
2022-05-31,balanced_adaptive,balanced,adaptive,0.9961869059599003
2022-06-01,balanced_adaptive,balanced,adaptive,0.9895046186456328
2022-06-02,balanced_adaptive,balanced,adaptive,1.0076247825188127
2022-06-03,balanced_adaptive,balanced,adaptive,0.9918533956439421
2022-06-06,balanced_adaptive,balanced,adaptive,1.004783041133977
2022-06-07,balanced_adaptive,balanced,adaptive,1.0075552187080608
2022-06-08,balanced_adaptive,balanced,adaptive,0.9867217671256472
2022-06-09,balanced_adaptive,balanced,adaptive,0.9798257220459679
2022-06-10,balanced_adaptive,balanced,adaptive,0.9788600087172254
2022-06-13,balanced_adaptive,balanced,adaptive,0.9501508439137574
2022-06-14,balanced_adaptive,balanced,adaptive,0.9820361157873468
2022-06-15,balanced_adaptive,balanced,adaptive,1.0122424114227535
2022-06-16,balanced_adaptive,balanced,adaptive,0.9749770236246623
2022-06-17,balanced_adaptive,balanced,adaptive,1.0044415170467338
2022-06-21,balanced_adaptive,balanced,adaptive,1.0173569984600204
2022-06-22,balanced_adaptive,balanced,adaptive,0.9986285841695772
2022-06-23,balanced_adaptive,balanced,adaptive,1.0175676551343362
2022-06-24,balanced_adaptive,balanced,adaptive,1.0186592210057839
2022-06-27,balanced_adaptive,balanced,adaptive,0.9955433921733258
2022-06-28,balanced_adaptive,balanced,adaptive,0.9851155870188097
2022-06-29,balanced_adaptive,balanced,adaptive,1.0000707259982502
2022-06-30,balanced_adaptive,balanced,adaptive,0.9911878707790669
2022-07-01,balanced_adaptive,balanced,adaptive,1.0133839624245105
2022-07-05,balanced_adaptive,balanced,adaptive,0.9991335914618301
2022-07-06,balanced_adaptive,balanced,adaptive,1.002146060284361
2022-07-07,balanced_adaptive,balanced,adaptive,1.0049330386747015
2022-07-08,balanced_adaptive,balanced,adaptive,0.9979854962885005
2022-07-11,balanced_adaptive,balanced,adaptive,0.9955396202041747
2022-07-12,balanced_adaptive,balanced,adaptive,0.993816499604041
2022-07-13,balanced_adaptive,balanced,adaptive,1.000661083012744
2022-07-14,balanced_adaptive,balanced,adaptive,1.0002376356634102
2022-07-15,balanced_adaptive,balanced,adaptive,1.0114958319533627
2022-07-18,balanced_adaptive,balanced,adaptive,0.9955811912621718
2022-07-19,balanced_adaptive,balanced,adaptive,1.014902924130414
2022-07-20,balanced_adaptive,balanced,adaptive,0.9948456567379197
2022-07-21,balanced_adaptive,balanced,adaptive,1.0054410008063952
2022-07-22,balanced_adaptive,balanced,adaptive,0.9987489781093972
2022-07-25,balanced_adaptive,balanced,adaptive,0.9962081264065549
2022-07-26,balanced_adaptive,balanced,adaptive,0.9971329714985732
2022-07-27,balanced_adaptive,balanced,adaptive,1.0073299616722902
2022-07-28,balanced_adaptive,balanced,adaptive,1.0102511091204158
2022-07-29,balanced_adaptive,balanced,adaptive,1.0030401158963558
2022-08-01,balanced_adaptive,balanced,adaptive,0.9954765724695218
2022-08-02,balanced_adaptive,balanced,adaptive,0.9919307141872223
2022-08-03,balanced_adaptive,balanced,adaptive,1.0143403440582452
2022-08-04,balanced_adaptive,balanced,adaptive,0.995596959176592
2022-08-05,balanced_adaptive,balanced,adaptive,0.9991202872865262
2022-08-08,balanced_adaptive,balanced,adaptive,1.0056383045942392
2022-08-09,balanced_adaptive,balanced,adaptive,0.9973175566676912
2022-08-10,balanced_adaptive,balanced,adaptive,1.0159668819380243
2022-08-11,balanced_adaptive,balanced,adaptive,0.9976656815329952
2022-08-12,balanced_adaptive,balanced,adaptive,1.014422509026093
2022-08-15,balanced_adaptive,balanced,adaptive,1.0118129459872431
2022-08-16,balanced_adaptive,balanced,adaptive,1.0094990641713726
2022-08-17,balanced_adaptive,balanced,adaptive,0.9933638189182197
2022-08-18,balanced_adaptive,balanced,adaptive,0.995561876821732
2022-08-19,balanced_adaptive,balanced,adaptive,0.9856280161708217
2022-08-22,balanced_adaptive,balanced,adaptive,0.9863918613765993
2022-08-23,balanced_adaptive,balanced,adaptive,0.9957146113632351
2022-08-24,balanced_adaptive,balanced,adaptive,0.9998217746919199
2022-08-25,balanced_adaptive,balanced,adaptive,1.007074261542947
2022-08-26,balanced_adaptive,balanced,adaptive,0.9817584148819557
2022-08-29,balanced_adaptive,balanced,adaptive,0.9998729096615013
2022-08-30,balanced_adaptive,balanced,adaptive,0.9912407273988263
2022-08-31,balanced_adaptive,balanced,adaptive,0.9991914691337841
2022-09-01,balanced_adaptive,balanced,adaptive,1.0125690112808774
2022-09-02,balanced_adaptive,balanced,adaptive,0.9902025634875576
2022-09-06,balanced_adaptive,balanced,adaptive,0.9909993993108748
2022-09-07,balanced_adaptive,balanced,adaptive,1.0185539959345074
2022-09-08,balanced_adaptive,balanced,adaptive,1.0037233477032292
2022-09-09,balanced_adaptive,balanced,adaptive,1.017547496303697
2022-09-12,balanced_adaptive,balanced,adaptive,1.0094156482768954
2022-09-13,balanced_adaptive,balanced,adaptive,0.9627380173978389
2022-09-14,balanced_adaptive,balanced,adaptive,1.0099514893645294
2022-09-15,balanced_adaptive,balanced,adaptive,0.9844403397937109
2022-09-16,balanced_adaptive,balanced,adaptive,1.004082643056046
2022-09-19,balanced_adaptive,balanced,adaptive,1.0081745446623622
2022-09-20,balanced_adaptive,balanced,adaptive,0.9890345608595316
2022-09-21,balanced_adaptive,balanced,adaptive,0.9813357342686091
2022-09-22,balanced_adaptive,balanced,adaptive,1.017953066189962
2022-09-23,balanced_adaptive,balanced,adaptive,0.9879940480796766
2022-09-26,balanced_adaptive,balanced,adaptive,0.9895861441123237
2022-09-27,balanced_adaptive,balanced,adaptive,0.9934697998593198
2022-09-28,balanced_adaptive,balanced,adaptive,1.0178803954383469
2022-09-29,balanced_adaptive,balanced,adaptive,0.9928713997041859
2022-09-30,balanced_adaptive,balanced,adaptive,0.987108234676008
2022-10-03,balanced_adaptive,balanced,adaptive,1.0251598600380811
2022-10-04,balanced_adaptive,balanced,adaptive,1.0200429507392221
2022-10-05,balanced_adaptive,balanced,adaptive,0.9989625013558349
2022-10-06,balanced_adaptive,balanced,adaptive,0.9962797834098183
2022-10-07,balanced_adaptive,balanced,adaptive,0.9874383114286716
2022-10-10,balanced_adaptive,balanced,adaptive,1.000469944466406
2022-10-11,balanced_adaptive,balanced,adaptive,1.0085901547273735
2022-10-12,balanced_adaptive,balanced,adaptive,0.9988284915329078
2022-10-13,balanced_adaptive,balanced,adaptive,1.015214137047606
2022-10-14,balanced_adaptive,balanced,adaptive,0.9933709042142641
2022-10-17,balanced_adaptive,balanced,adaptive,1.01187699238188
2022-10-18,balanced_adaptive,balanced,adaptive,1.0055124632929509
2022-10-19,balanced_adaptive,balanced,adaptive,0.9892439753302196
2022-10-20,balanced_adaptive,balanced,adaptive,1.003289383966132
2022-10-21,balanced_adaptive,balanced,adaptive,1.0201914389199287
2022-10-24,balanced_adaptive,balanced,adaptive,1.0099306115125242
2022-10-25,balanced_adaptive,balanced,adaptive,1.0097525288174505
2022-10-26,balanced_adaptive,balanced,adaptive,1.0152728716812975
2022-10-27,balanced_adaptive,balanced,adaptive,0.9980923545879578
2022-10-28,balanced_adaptive,balanced,adaptive,1.0163612665103146
2022-10-31,balanced_adaptive,balanced,adaptive,0.9922616025733572
2022-11-01,balanced_adaptive,balanced,adaptive,0.9978807160117198
2022-11-02,balanced_adaptive,balanced,adaptive,0.9854935604358666
2022-11-03,balanced_adaptive,balanced,adaptive,0.9939167062773421
2022-11-04,balanced_adaptive,balanced,adaptive,1.0285329113958572
2022-11-07,balanced_adaptive,balanced,adaptive,1.0104519482841297
2022-11-08,balanced_adaptive,balanced,adaptive,0.993126435170479
2022-11-09,balanced_adaptive,balanced,adaptive,0.9672002356001754
2022-11-10,balanced_adaptive,balanced,adaptive,1.040280592977345
2022-11-11,balanced_adaptive,balanced,adaptive,0.9906336479566059
2022-11-14,balanced_adaptive,balanced,adaptive,1.004214323198167
2022-11-15,balanced_adaptive,balanced,adaptive,1.0038127240076562
2022-11-16,balanced_adaptive,balanced,adaptive,0.997103416193093
2022-11-17,balanced_adaptive,balanced,adaptive,1.0036044613805606
2022-11-18,balanced_adaptive,balanced,adaptive,1.0076332295909114
2022-11-21,balanced_adaptive,balanced,adaptive,1.0009399280043698
2022-11-22,balanced_adaptive,balanced,adaptive,1.0109236494396119
2022-11-23,balanced_adaptive,balanced,adaptive,1.0040990793124998
2022-11-25,balanced_adaptive,balanced,adaptive,0.9999200345763481
2022-11-28,balanced_adaptive,balanced,adaptive,0.9907510280811749
2022-11-29,balanced_adaptive,balanced,adaptive,1.0057834916952537
2022-11-30,balanced_adaptive,balanced,adaptive,1.0223709996992318
2022-12-01,balanced_adaptive,balanced,adaptive,0.9978002074660197
2022-12-02,balanced_adaptive,balanced,adaptive,1.0028915869126935
2022-12-05,balanced_adaptive,balanced,adaptive,0.9915550991182229
2022-12-06,balanced_adaptive,balanced,adaptive,0.9935842119929051
2022-12-07,balanced_adaptive,balanced,adaptive,1.001225310776679
2022-12-08,balanced_adaptive,balanced,adaptive,1.0054498997968333
2022-12-09,balanced_adaptive,balanced,adaptive,0.9856841428647745
2022-12-12,balanced_adaptive,balanced,adaptive,1.004512951160789
2022-12-13,balanced_adaptive,balanced,adaptive,1.0045886650484226
2022-12-14,balanced_adaptive,balanced,adaptive,0.9979599576848218
2022-12-15,balanced_adaptive,balanced,adaptive,0.9834756634689713
2022-12-16,balanced_adaptive,balanced,adaptive,0.985310457042343
2022-12-19,balanced_adaptive,balanced,adaptive,0.9938345958437623
2022-12-20,balanced_adaptive,balanced,adaptive,1.0050324054490007
2022-12-21,balanced_adaptive,balanced,adaptive,1.0088450557790767
2022-12-22,balanced_adaptive,balanced,adaptive,0.9971898966601223
2022-12-23,balanced_adaptive,balanced,adaptive,1.00350222071287
2022-12-27,balanced_adaptive,balanced,adaptive,0.9998652263490625
2022-12-28,balanced_adaptive,balanced,adaptive,0.9876741619026475
2022-12-29,balanced_adaptive,balanced,adaptive,1.0052755171938397
2022-12-30,balanced_adaptive,balanced,adaptive,0.9992286448524278
2023-01-03,balanced_adaptive,balanced,adaptive,0.9988977126590574
2023-01-04,balanced_adaptive,balanced,adaptive,1.0088099250526796
2023-01-05,balanced_adaptive,balanced,adaptive,0.9989697931911813
2023-01-06,balanced_adaptive,balanced,adaptive,1.0146611153279868
2023-01-09,balanced_adaptive,balanced,adaptive,0.9895607430011709
2023-01-10,balanced_adaptive,balanced,adaptive,1.0019808396961514
2023-01-11,balanced_adaptive,balanced,adaptive,1.0102241013036841
2023-01-12,balanced_adaptive,balanced,adaptive,1.0022173338175286
2023-01-13,balanced_adaptive,balanced,adaptive,1.005156961215415
2023-01-17,balanced_adaptive,balanced,adaptive,0.9943026629280669
2023-01-18,balanced_adaptive,balanced,adaptive,0.9807041935188904
2023-01-19,balanced_adaptive,balanced,adaptive,1.0005956975548866
2023-01-20,balanced_adaptive,balanced,adaptive,1.015768010074004
2023-01-23,balanced_adaptive,balanced,adaptive,1.0054224676333132
2023-01-24,balanced_adaptive,balanced,adaptive,0.9924797731605309
2023-01-25,balanced_adaptive,balanced,adaptive,1.0016199851653664
2023-01-26,balanced_adaptive,balanced,adaptive,1.0003794528242034
2023-01-27,balanced_adaptive,balanced,adaptive,0.9974271359207808
2023-01-30,balanced_adaptive,balanced,adaptive,0.9912039452111923
2023-01-31,balanced_adaptive,balanced,adaptive,1.0095470722989621
2023-02-01,balanced_adaptive,balanced,adaptive,0.9849554449838398
2023-02-02,balanced_adaptive,balanced,adaptive,0.9884924283393268
2023-02-03,balanced_adaptive,balanced,adaptive,0.9944613638265821
2023-02-06,balanced_adaptive,balanced,adaptive,0.9967757639580085
2023-02-07,balanced_adaptive,balanced,adaptive,1.0125751946734356
2023-02-08,balanced_adaptive,balanced,adaptive,0.9932201851094986
2023-02-09,balanced_adaptive,balanced,adaptive,0.9875324660396292
2023-02-10,balanced_adaptive,balanced,adaptive,1.0120393761688369
2023-02-13,balanced_adaptive,balanced,adaptive,1.0060426385333763
2023-02-14,balanced_adaptive,balanced,adaptive,0.9971584834866558
2023-02-15,balanced_adaptive,balanced,adaptive,1.0120714979964769
2023-02-16,balanced_adaptive,balanced,adaptive,0.9825328820091555
2023-02-17,balanced_adaptive,balanced,adaptive,1.0157801283193704
2023-02-21,balanced_adaptive,balanced,adaptive,0.9932192001440671
2023-02-22,balanced_adaptive,balanced,adaptive,0.995568702824164
2023-02-23,balanced_adaptive,balanced,adaptive,1.000821076051907
2023-02-24,balanced_adaptive,balanced,adaptive,0.9882231444011349
2023-02-27,balanced_adaptive,balanced,adaptive,0.9996757544465563
2023-02-28,balanced_adaptive,balanced,adaptive,0.9899000055940809
2023-03-01,balanced_adaptive,balanced,adaptive,1.0039761104443639
2023-03-02,balanced_adaptive,balanced,adaptive,1.0017739199591154
2023-03-03,balanced_adaptive,balanced,adaptive,0.9986473846039061
2023-03-06,balanced_adaptive,balanced,adaptive,1.0060681566218581
2023-03-07,balanced_adaptive,balanced,adaptive,0.9889145190743579
2023-03-08,balanced_adaptive,balanced,adaptive,0.9941015446507084
2023-03-09,balanced_adaptive,balanced,adaptive,0.9785838685574947
2023-03-10,balanced_adaptive,balanced,adaptive,0.992333476216851
2023-03-13,balanced_adaptive,balanced,adaptive,1.0155990998983992
2023-03-14,balanced_adaptive,balanced,adaptive,1.0083028064865478
2023-03-15,balanced_adaptive,balanced,adaptive,0.997443604332962
2023-03-16,balanced_adaptive,balanced,adaptive,1.0020996225804246
2023-03-17,balanced_adaptive,balanced,adaptive,0.9995895298891806
2023-03-20,balanced_adaptive,balanced,adaptive,1.0052071744879334
2023-03-21,balanced_adaptive,balanced,adaptive,1.0127937113594008
2023-03-22,balanced_adaptive,balanced,adaptive,0.9773482127667413
2023-03-23,balanced_adaptive,balanced,adaptive,1.014510058035888
2023-03-24,balanced_adaptive,balanced,adaptive,1.0090570352799282
2023-03-27,balanced_adaptive,balanced,adaptive,1.0029768062298428
2023-03-28,balanced_adaptive,balanced,adaptive,1.005909701331254
2023-03-29,balanced_adaptive,balanced,adaptive,1.0126677715601649
2023-03-30,balanced_adaptive,balanced,adaptive,1.0041957888399633
2023-03-31,balanced_adaptive,balanced,adaptive,1.0101578937263571
2023-04-03,balanced_adaptive,balanced,adaptive,1.0061028155271028
2023-04-04,balanced_adaptive,balanced,adaptive,1.0077936186524206
2023-04-05,balanced_adaptive,balanced,adaptive,1.0148330369866054
2023-04-06,balanced_adaptive,balanced,adaptive,0.9991760091459352
2023-04-10,balanced_adaptive,balanced,adaptive,1.00196537632989
2023-04-11,balanced_adaptive,balanced,adaptive,0.9984352924950236
2023-04-12,balanced_adaptive,balanced,adaptive,0.9979358635434861
2023-04-13,balanced_adaptive,balanced,adaptive,1.0097119992068617
2023-04-14,balanced_adaptive,balanced,adaptive,0.9974402180273604
2023-04-17,balanced_adaptive,balanced,adaptive,0.9951239425124094
2023-04-18,balanced_adaptive,balanced,adaptive,1.0041561689495924
2023-04-19,balanced_adaptive,balanced,adaptive,0.9871753686496053
2023-04-20,balanced_adaptive,balanced,adaptive,0.9913897017664653
2023-04-21,balanced_adaptive,balanced,adaptive,0.9991435175743154
2023-04-24,balanced_adaptive,balanced,adaptive,1.0008206051310646
2023-04-25,balanced_adaptive,balanced,adaptive,1.0031916605800244
2023-04-26,balanced_adaptive,balanced,adaptive,0.9812085655333733
2023-04-27,balanced_adaptive,balanced,adaptive,1.0131398377661316
2023-04-28,balanced_adaptive,balanced,adaptive,1.0029916776687504
2023-05-01,balanced_adaptive,balanced,adaptive,0.9970891620034155
2023-05-02,balanced_adaptive,balanced,adaptive,0.9966795163801557
2023-05-03,balanced_adaptive,balanced,adaptive,0.987825175722456
2023-05-04,balanced_adaptive,balanced,adaptive,1.0017694704658862
2023-05-05,balanced_adaptive,balanced,adaptive,1.0136437301686123
2023-05-08,balanced_adaptive,balanced,adaptive,0.993549452346292
2023-05-09,balanced_adaptive,balanced,adaptive,0.9988793502981413
2023-05-10,balanced_adaptive,balanced,adaptive,1.0004017022163514
2023-05-11,balanced_adaptive,balanced,adaptive,0.9935163253960874
2023-05-12,balanced_adaptive,balanced,adaptive,1.0018517330548984
2023-05-15,balanced_adaptive,balanced,adaptive,0.9995186526590656
2023-05-16,balanced_adaptive,balanced,adaptive,0.9892557806081174
2023-05-17,balanced_adaptive,balanced,adaptive,1.001331976006127
2023-05-18,balanced_adaptive,balanced,adaptive,0.9983917941362965
2023-05-19,balanced_adaptive,balanced,adaptive,1.0002975269349834
2023-05-22,balanced_adaptive,balanced,adaptive,0.9983885276593601
2023-05-23,balanced_adaptive,balanced,adaptive,0.9958936006262737
2023-05-24,balanced_adaptive,balanced,adaptive,0.9893514390480209
2023-05-25,balanced_adaptive,balanced,adaptive,0.9887058089320016
2023-05-26,balanced_adaptive,balanced,adaptive,1.0019690285051823
2023-05-30,balanced_adaptive,balanced,adaptive,1.0005520359150024
2023-05-31,balanced_adaptive,balanced,adaptive,1.0050677668492194
2023-06-01,balanced_adaptive,balanced,adaptive,0.9976939712749767
2023-06-02,balanced_adaptive,balanced,adaptive,1.0172729130451752
2023-06-05,balanced_adaptive,balanced,adaptive,0.9918666162747557
2023-06-06,balanced_adaptive,balanced,adaptive,0.9987615152092469
2023-06-07,balanced_adaptive,balanced,adaptive,0.994871105986785
2023-06-08,balanced_adaptive,balanced,adaptive,1.0071577331461063
2023-06-09,balanced_adaptive,balanced,adaptive,0.998405223992271
2023-06-12,balanced_adaptive,balanced,adaptive,0.9994937239720352
2023-06-13,balanced_adaptive,balanced,adaptive,1.0040324051218183
2023-06-14,balanced_adaptive,balanced,adaptive,0.9945560786222061
2023-06-15,balanced_adaptive,balanced,adaptive,1.0058712580324878
2023-06-16,balanced_adaptive,balanced,adaptive,1.0011984987734424
2023-06-20,balanced_adaptive,balanced,adaptive,0.9986340060083533
2023-06-21,balanced_adaptive,balanced,adaptive,1.0062410050942068
2023-06-22,balanced_adaptive,balanced,adaptive,1.0060920974653398
2023-06-23,balanced_adaptive,balanced,adaptive,1.0008079609023968
2023-06-26,balanced_adaptive,balanced,adaptive,0.9997270767210998
2023-06-27,balanced_adaptive,balanced,adaptive,1.0086945842294333
2023-06-28,balanced_adaptive,balanced,adaptive,0.9915871044136166
2023-06-29,balanced_adaptive,balanced,adaptive,1.0024345562686987
2023-06-30,balanced_adaptive,balanced,adaptive,1.016869627371794
2023-07-03,balanced_adaptive,balanced,adaptive,1.0017044691048085
2023-07-05,balanced_adaptive,balanced,adaptive,0.99819483124743
2023-07-06,balanced_adaptive,balanced,adaptive,0.9880487756798955
2023-07-07,balanced_adaptive,balanced,adaptive,0.9920456425869772
2023-07-10,balanced_adaptive,balanced,adaptive,1.0039261264531316
2023-07-11,balanced_adaptive,balanced,adaptive,1.0081345055587936
2023-07-12,balanced_adaptive,balanced,adaptive,0.9973907352701326
2023-07-13,balanced_adaptive,balanced,adaptive,1.0539662033653818
2023-07-14,balanced_adaptive,balanced,adaptive,0.9848431526510308
2023-07-17,balanced_adaptive,balanced,adaptive,0.9941984467502778
2023-07-18,balanced_adaptive,balanced,adaptive,1.0029447096958817
2023-07-19,balanced_adaptive,balanced,adaptive,1.0153758754341424
2023-07-20,balanced_adaptive,balanced,adaptive,1.0096979668454207
2023-07-21,balanced_adaptive,balanced,adaptive,1.0031220035283581
2023-07-24,balanced_adaptive,balanced,adaptive,0.9910910890459489
2023-07-25,balanced_adaptive,balanced,adaptive,0.9983322640440382
2023-07-26,balanced_adaptive,balanced,adaptive,1.0065667657459005
2023-07-27,balanced_adaptive,balanced,adaptive,0.9943595360246624
2023-07-28,balanced_adaptive,balanced,adaptive,1.0035053947155212
2023-07-31,balanced_adaptive,balanced,adaptive,0.993259407368855
2023-08-01,balanced_adaptive,balanced,adaptive,0.9964699720974727
2023-08-02,balanced_adaptive,balanced,adaptive,0.9845204750514375
2023-08-03,balanced_adaptive,balanced,adaptive,0.9895412455089161
2023-08-04,balanced_adaptive,balanced,adaptive,0.9913773077032851
2023-08-07,balanced_adaptive,balanced,adaptive,1.0102112070573217
2023-08-08,balanced_adaptive,balanced,adaptive,0.9994300923170969
2023-08-09,balanced_adaptive,balanced,adaptive,1.0012830721351682
2023-08-10,balanced_adaptive,balanced,adaptive,0.9966323417486382
2023-08-11,balanced_adaptive,balanced,adaptive,1.005228924368304
2023-08-14,balanced_adaptive,balanced,adaptive,1.0000171616916615
2023-08-15,balanced_adaptive,balanced,adaptive,0.9898464740958401
2023-08-16,balanced_adaptive,balanced,adaptive,0.9927062371221557
2023-08-17,balanced_adaptive,balanced,adaptive,0.9808298868483092
2023-08-18,balanced_adaptive,balanced,adaptive,1.0021882242524522
2023-08-21,balanced_adaptive,balanced,adaptive,0.9965197492482215
2023-08-22,balanced_adaptive,balanced,adaptive,0.9935356007513358
2023-08-23,balanced_adaptive,balanced,adaptive,1.014524631096636
2023-08-24,balanced_adaptive,balanced,adaptive,0.9890967010053207
2023-08-25,balanced_adaptive,balanced,adaptive,1.002697683695294
2023-08-28,balanced_adaptive,balanced,adaptive,1.0014175155959661
2023-08-29,balanced_adaptive,balanced,adaptive,1.0121079486336853
2023-08-30,balanced_adaptive,balanced,adaptive,0.9985204133841064
2023-08-31,balanced_adaptive,balanced,adaptive,0.9902741547906685
2023-09-01,balanced_adaptive,balanced,adaptive,1.0005073977337526
2023-09-05,balanced_adaptive,balanced,adaptive,0.9897172160543364
2023-09-06,balanced_adaptive,balanced,adaptive,0.9977118283968843
2023-09-07,balanced_adaptive,balanced,adaptive,1.0082869339754081
2023-09-08,balanced_adaptive,balanced,adaptive,1.0030626321144562
2023-09-11,balanced_adaptive,balanced,adaptive,0.9974386135305083
2023-09-12,balanced_adaptive,balanced,adaptive,1.0072572659859165
2023-09-13,balanced_adaptive,balanced,adaptive,1.0031532695353724
2023-09-14,balanced_adaptive,balanced,adaptive,1.008603390328672
2023-09-15,balanced_adaptive,balanced,adaptive,0.9952327334607118
2023-09-18,balanced_adaptive,balanced,adaptive,1.0018036472636402
2023-09-19,balanced_adaptive,balanced,adaptive,1.0008075690594351
2023-09-20,balanced_adaptive,balanced,adaptive,0.9963370707950707
2023-09-21,balanced_adaptive,balanced,adaptive,0.9839695176777631
2023-09-22,balanced_adaptive,balanced,adaptive,0.9974713809173293
2023-09-25,balanced_adaptive,balanced,adaptive,1.000874949076488
2023-09-26,balanced_adaptive,balanced,adaptive,0.993107161627326
2023-09-27,balanced_adaptive,balanced,adaptive,0.9961681487485621
2023-09-28,balanced_adaptive,balanced,adaptive,1.007619019546961
2023-09-29,balanced_adaptive,balanced,adaptive,0.9958076518857233
2023-10-02,balanced_adaptive,balanced,adaptive,0.9923600825876963
2023-10-03,balanced_adaptive,balanced,adaptive,0.9877987923539507
2023-10-04,balanced_adaptive,balanced,adaptive,1.0053114998170105
2023-10-05,balanced_adaptive,balanced,adaptive,0.994850560133606
2023-10-06,balanced_adaptive,balanced,adaptive,1.006304654605403
2023-10-09,balanced_adaptive,balanced,adaptive,1.000136913339041
2023-10-10,balanced_adaptive,balanced,adaptive,1.0043604516070765
2023-10-11,balanced_adaptive,balanced,adaptive,1.000560785393238
2023-10-12,balanced_adaptive,balanced,adaptive,0.9945499322247476
2023-10-13,balanced_adaptive,balanced,adaptive,1.003319205717523
2023-10-16,balanced_adaptive,balanced,adaptive,1.013394737617756
2023-10-17,balanced_adaptive,balanced,adaptive,0.9969636894851762
2023-10-18,balanced_adaptive,balanced,adaptive,0.9910293667182029
2023-10-19,balanced_adaptive,balanced,adaptive,0.9929328046980028
2023-10-20,balanced_adaptive,balanced,adaptive,1.005926868309475
2023-10-23,balanced_adaptive,balanced,adaptive,1.0116998274287707
2023-10-24,balanced_adaptive,balanced,adaptive,1.0087578852192194
2023-10-25,balanced_adaptive,balanced,adaptive,0.9992543356492506
2023-10-26,balanced_adaptive,balanced,adaptive,0.9960705512339468
2023-10-27,balanced_adaptive,balanced,adaptive,0.9860673924242924
2023-10-30,balanced_adaptive,balanced,adaptive,1.0075954090609065
2023-10-31,balanced_adaptive,balanced,adaptive,1.004840091322664
2023-11-01,balanced_adaptive,balanced,adaptive,1.0104783707723477
2023-11-02,balanced_adaptive,balanced,adaptive,1.0068031882119703
2023-11-03,balanced_adaptive,balanced,adaptive,1.004295219029897
2023-11-06,balanced_adaptive,balanced,adaptive,1.0020392980783814
2023-11-07,balanced_adaptive,balanced,adaptive,0.9983724479164007
2023-11-08,balanced_adaptive,balanced,adaptive,0.998433423648436
2023-11-09,balanced_adaptive,balanced,adaptive,1.0010098327274994
2023-11-10,balanced_adaptive,balanced,adaptive,1.0104197170455853
2023-11-13,balanced_adaptive,balanced,adaptive,0.995046606808534
2023-11-14,balanced_adaptive,balanced,adaptive,1.0009468998686697
2023-11-15,balanced_adaptive,balanced,adaptive,1.0109145457631983
2023-11-16,balanced_adaptive,balanced,adaptive,0.9892787520924146
2023-11-17,balanced_adaptive,balanced,adaptive,0.9999755349291973
2023-11-20,balanced_adaptive,balanced,adaptive,1.0020347870611204
2023-11-21,balanced_adaptive,balanced,adaptive,0.9910560947339092
2023-11-22,balanced_adaptive,balanced,adaptive,1.0107661493342912
2023-11-24,balanced_adaptive,balanced,adaptive,1.0039314974768307
2023-11-27,balanced_adaptive,balanced,adaptive,0.9944255185005428
2023-11-28,balanced_adaptive,balanced,adaptive,1.0015887513558608
2023-11-29,balanced_adaptive,balanced,adaptive,0.9994082083432922
2023-11-30,balanced_adaptive,balanced,adaptive,1.006502522162387
2023-12-01,balanced_adaptive,balanced,adaptive,1.006532746787979
2023-12-04,balanced_adaptive,balanced,adaptive,1.00968293584189
2023-12-05,balanced_adaptive,balanced,adaptive,1.0046039295921616
2023-12-06,balanced_adaptive,balanced,adaptive,0.9987187938188887
2023-12-07,balanced_adaptive,balanced,adaptive,1.0032908110317087
2023-12-08,balanced_adaptive,balanced,adaptive,1.0073836690074045
2023-12-11,balanced_adaptive,balanced,adaptive,0.9938654245054519
2023-12-12,balanced_adaptive,balanced,adaptive,1.0044680322187096
2023-12-13,balanced_adaptive,balanced,adaptive,1.0168119323189764
2023-12-14,balanced_adaptive,balanced,adaptive,0.9954883078252659
2023-12-15,balanced_adaptive,balanced,adaptive,0.9878565253677765
2023-12-18,balanced_adaptive,balanced,adaptive,1.005257175234938
2023-12-19,balanced_adaptive,balanced,adaptive,0.9979574719994542
2023-12-20,balanced_adaptive,balanced,adaptive,0.9924315224126483
2023-12-21,balanced_adaptive,balanced,adaptive,1.0086040964093432
2023-12-22,balanced_adaptive,balanced,adaptive,1.008121586251156
2023-12-26,balanced_adaptive,balanced,adaptive,0.9981291441790654
2023-12-27,balanced_adaptive,balanced,adaptive,1.0149503600600078
2023-12-28,balanced_adaptive,balanced,adaptive,1.000491634572102
2023-12-29,balanced_adaptive,balanced,adaptive,0.9971505936636094
2021-01-04,balanced_fixed,balanced,fixed,1.0090788872533598
2021-01-05,balanced_fixed,balanced,fixed,1.0066581439489313
2021-01-06,balanced_fixed,balanced,fixed,1.0246415156487025
2021-01-07,balanced_fixed,balanced,fixed,1.012679313466452
2021-01-08,balanced_fixed,balanced,fixed,0.9972047484955794
2021-01-11,balanced_fixed,balanced,fixed,0.9693645945185475
2021-01-12,balanced_fixed,balanced,fixed,0.9850223041062158
2021-01-13,balanced_fixed,balanced,fixed,1.0122138330750416
2021-01-14,balanced_fixed,balanced,fixed,1.00913107572478
2021-01-15,balanced_fixed,balanced,fixed,0.9905870155826108
2021-01-19,balanced_fixed,balanced,fixed,1.0126428245836405
2021-01-20,balanced_fixed,balanced,fixed,1.0110254683714048
2021-01-21,balanced_fixed,balanced,fixed,0.9628364982335139
2021-01-22,balanced_fixed,balanced,fixed,1.0101610832420023
2021-01-25,balanced_fixed,balanced,fixed,0.9981591135718798
2021-01-26,balanced_fixed,balanced,fixed,0.9920489968932089
2021-01-27,balanced_fixed,balanced,fixed,0.9616223611260419
2021-01-28,balanced_fixed,balanced,fixed,1.0199012033700376
2021-01-29,balanced_fixed,balanced,fixed,1.0029349436050634
2021-02-01,balanced_fixed,balanced,fixed,1.0071643720241577
2021-02-02,balanced_fixed,balanced,fixed,1.0153682635345902
2021-02-03,balanced_fixed,balanced,fixed,1.0032977066513615
2021-02-04,balanced_fixed,balanced,fixed,0.991693243341184
2021-02-05,balanced_fixed,balanced,fixed,1.0306307046641445
2021-02-08,balanced_fixed,balanced,fixed,1.0260519562433223
2021-02-09,balanced_fixed,balanced,fixed,1.0053346015138092
2021-02-10,balanced_fixed,balanced,fixed,0.9957618854646019
2021-02-11,balanced_fixed,balanced,fixed,1.0215552539861124
2021-02-12,balanced_fixed,balanced,fixed,1.01381145759853
2021-02-16,balanced_fixed,balanced,fixed,0.9926956045226175
2021-02-17,balanced_fixed,balanced,fixed,1.0125375473274594
2021-02-18,balanced_fixed,balanced,fixed,0.9972338476033521
2021-02-19,balanced_fixed,balanced,fixed,1.0132856195218065
2021-02-22,balanced_fixed,balanced,fixed,0.9753984880548617
2021-02-23,balanced_fixed,balanced,fixed,0.9476198862896835
2021-02-24,balanced_fixed,balanced,fixed,1.0100800185320615
2021-02-25,balanced_fixed,balanced,fixed,0.9756986065030784
2021-02-26,balanced_fixed,balanced,fixed,0.9855437956839451
2021-03-01,balanced_fixed,balanced,fixed,1.021240594250855
2021-03-02,balanced_fixed,balanced,fixed,1.0005701725327711
2021-03-03,balanced_fixed,balanced,fixed,0.9991140412763231
2021-03-04,balanced_fixed,balanced,fixed,0.9932223200345109
2021-03-05,balanced_fixed,balanced,fixed,1.0071105780734984
2021-03-08,balanced_fixed,balanced,fixed,1.0022264607254976
2021-03-09,balanced_fixed,balanced,fixed,1.013490236758661
2021-03-10,balanced_fixed,balanced,fixed,0.9989409088982474
2021-03-11,balanced_fixed,balanced,fixed,1.0024618711897493
2021-03-12,balanced_fixed,balanced,fixed,0.9979871787340906
2021-03-15,balanced_fixed,balanced,fixed,1.0061784175357145
2021-03-16,balanced_fixed,balanced,fixed,1.012719208983709
2021-03-17,balanced_fixed,balanced,fixed,1.006164978221682
2021-03-18,balanced_fixed,balanced,fixed,0.9923794462335962
2021-03-19,balanced_fixed,balanced,fixed,1.007157866613555
2021-03-22,balanced_fixed,balanced,fixed,0.9948330468322407
2021-03-23,balanced_fixed,balanced,fixed,0.9967345967529694
2021-03-24,balanced_fixed,balanced,fixed,0.9843128098612919
2021-03-25,balanced_fixed,balanced,fixed,0.9993852021761652
2021-03-26,balanced_fixed,balanced,fixed,1.0345444504677301
2021-03-29,balanced_fixed,balanced,fixed,1.0164920527159664
2021-03-30,balanced_fixed,balanced,fixed,0.9937263126202047
2021-03-31,balanced_fixed,balanced,fixed,1.0240795575811306
2021-04-01,balanced_fixed,balanced,fixed,1.0110056106214305
2021-04-05,balanced_fixed,balanced,fixed,1.0194292080318015
2021-04-06,balanced_fixed,balanced,fixed,1.001568642874657
2021-04-07,balanced_fixed,balanced,fixed,0.9871915544347355
2021-04-08,balanced_fixed,balanced,fixed,1.0118874508149573
2021-04-09,balanced_fixed,balanced,fixed,0.9970430983578478
2021-04-12,balanced_fixed,balanced,fixed,1.0003414988177588
2021-04-13,balanced_fixed,balanced,fixed,1.0206705281741368
2021-04-14,balanced_fixed,balanced,fixed,1.001885038372638
2021-04-15,balanced_fixed,balanced,fixed,1.0257616780716894
2021-04-16,balanced_fixed,balanced,fixed,1.0154804235667931
2021-04-19,balanced_fixed,balanced,fixed,0.9825019498675215
2021-04-20,balanced_fixed,balanced,fixed,1.0083303693891046
2021-04-21,balanced_fixed,balanced,fixed,0.9940349699237239
2021-04-22,balanced_fixed,balanced,fixed,0.9933886632417738
2021-04-23,balanced_fixed,balanced,fixed,0.9968241509943423
2021-04-26,balanced_fixed,balanced,fixed,1.0238902721648895
2021-04-27,balanced_fixed,balanced,fixed,1.0063422478148405
2021-04-28,balanced_fixed,balanced,fixed,1.0019213046903657
2021-04-29,balanced_fixed,balanced,fixed,1.0065620149968444
2021-04-30,balanced_fixed,balanced,fixed,1.0135489747171487
2021-05-03,balanced_fixed,balanced,fixed,1.0200422593663796
2021-05-04,balanced_fixed,balanced,fixed,0.9953887320328183
2021-05-05,balanced_fixed,balanced,fixed,1.0434786284128676
2021-05-06,balanced_fixed,balanced,fixed,1.0436943177687286
2021-05-07,balanced_fixed,balanced,fixed,0.9888368876681971
2021-05-10,balanced_fixed,balanced,fixed,0.9865671452457255
2021-05-11,balanced_fixed,balanced,fixed,1.0331395518812378
2021-05-12,balanced_fixed,balanced,fixed,0.9324347764098071
2021-05-13,balanced_fixed,balanced,fixed,1.0214910618703679
2021-05-14,balanced_fixed,balanced,fixed,1.021255607908781
2021-05-17,balanced_fixed,balanced,fixed,0.982601410834251
2021-05-18,balanced_fixed,balanced,fixed,1.0035349728570515
2021-05-19,balanced_fixed,balanced,fixed,0.9274615503216427
2021-05-20,balanced_fixed,balanced,fixed,1.0361023200830548
2021-05-21,balanced_fixed,balanced,fixed,0.9717390317601594
2021-05-24,balanced_fixed,balanced,fixed,1.0470113208497767
2021-05-25,balanced_fixed,balanced,fixed,1.0019672075277575
2021-05-26,balanced_fixed,balanced,fixed,1.0160181351821365
2021-05-27,balanced_fixed,balanced,fixed,0.9909607850889256
2021-05-28,balanced_fixed,balanced,fixed,0.9799242324000875
2021-06-01,balanced_fixed,balanced,fixed,0.9946347731994575
2021-06-02,balanced_fixed,balanced,fixed,1.0066540967956457
2021-06-03,balanced_fixed,balanced,fixed,1.0124699019209629
2021-06-04,balanced_fixed,balanced,fixed,0.9893029137711645
2021-06-07,balanced_fixed,balanced,fixed,0.986804650944698
2021-06-08,balanced_fixed,balanced,fixed,0.9956420931594392
2021-06-09,balanced_fixed,balanced,fixed,1.012349987349944
2021-06-10,balanced_fixed,balanced,fixed,0.9959067519689176
2021-06-11,balanced_fixed,balanced,fixed,0.9950247711935358
2021-06-14,balanced_fixed,balanced,fixed,1.0032990975219245
2021-06-15,balanced_fixed,balanced,fixed,1.0015227633551067
2021-06-16,balanced_fixed,balanced,fixed,0.9776686577397736
2021-06-17,balanced_fixed,balanced,fixed,1.0037999733833471
2021-06-18,balanced_fixed,balanced,fixed,0.9789679256564393
2021-06-21,balanced_fixed,balanced,fixed,0.9817538744012642
2021-06-22,balanced_fixed,balanced,fixed,0.9961346396125509
2021-06-23,balanced_fixed,balanced,fixed,1.0046023222230644
2021-06-24,balanced_fixed,balanced,fixed,1.0113671924223373
2021-06-25,balanced_fixed,balanced,fixed,1.0028086510439422
2021-06-28,balanced_fixed,balanced,fixed,1.002408805489358
2021-06-29,balanced_fixed,balanced,fixed,1.0038812091252305
2021-06-30,balanced_fixed,balanced,fixed,1.0068727604850316
2021-07-01,balanced_fixed,balanced,fixed,0.9947109122495534
2021-07-02,balanced_fixed,balanced,fixed,1.0070856982561764
2021-07-06,balanced_fixed,balanced,fixed,1.0025465031511323
2021-07-07,balanced_fixed,balanced,fixed,1.0003415038058756
2021-07-08,balanced_fixed,balanced,fixed,0.9853550340952669
2021-07-09,balanced_fixed,balanced,fixed,1.0097360876677757
2021-07-12,balanced_fixed,balanced,fixed,0.9974104431505761
2021-07-13,balanced_fixed,balanced,fixed,0.993110667465637
2021-07-14,balanced_fixed,balanced,fixed,1.0042232484877827
2021-07-15,balanced_fixed,balanced,fixed,0.9970149531930935
2021-07-16,balanced_fixed,balanced,fixed,0.995798070064398
2021-07-19,balanced_fixed,balanced,fixed,0.9833995520028659
2021-07-20,balanced_fixed,balanced,fixed,0.9977612909886145
2021-07-21,balanced_fixed,balanced,fixed,1.0115899460130757
2021-07-22,balanced_fixed,balanced,fixed,1.00551780006631
2021-07-23,balanced_fixed,balanced,fixed,1.0149925329666498
2021-07-26,balanced_fixed,balanced,fixed,1.0051069863604378
2021-07-27,balanced_fixed,balanced,fixed,1.006956414394761
2021-07-28,balanced_fixed,balanced,fixed,1.0020246715780121
2021-07-29,balanced_fixed,balanced,fixed,1.004759990910463
2021-07-30,balanced_fixed,balanced,fixed,1.0037755418349537
2021-08-02,balanced_fixed,balanced,fixed,1.0017562634838098
2021-08-03,balanced_fixed,balanced,fixed,1.0021076721610767
2021-08-04,balanced_fixed,balanced,fixed,1.0047662072049393
2021-08-05,balanced_fixed,balanced,fixed,1.0078026851901025
2021-08-06,balanced_fixed,balanced,fixed,1.0028597874563125
2021-08-09,balanced_fixed,balanced,fixed,1.0126058838530982
2021-08-10,balanced_fixed,balanced,fixed,1.0089921836471456
2021-08-11,balanced_fixed,balanced,fixed,1.0165623908563077
2021-08-12,balanced_fixed,balanced,fixed,0.999095772348881
2021-08-13,balanced_fixed,balanced,fixed,1.0263083680236837
2021-08-16,balanced_fixed,balanced,fixed,0.9965664831576172
2021-08-17,balanced_fixed,balanced,fixed,0.9875578947749613
2021-08-18,balanced_fixed,balanced,fixed,0.9974701424258836
2021-08-19,balanced_fixed,balanced,fixed,1.0165256160920444
2021-08-20,balanced_fixed,balanced,fixed,1.013894049737251
2021-08-23,balanced_fixed,balanced,fixed,1.0060806192358656
2021-08-24,balanced_fixed,balanced,fixed,0.9812714946429966
2021-08-25,balanced_fixed,balanced,fixed,1.0030171829863608
2021-08-26,balanced_fixed,balanced,fixed,0.9831549411463677
2021-08-27,balanced_fixed,balanced,fixed,1.021404876424416
2021-08-30,balanced_fixed,balanced,fixed,0.9961153922690626
2021-08-31,balanced_fixed,balanced,fixed,1.008032034113257
2021-09-01,balanced_fixed,balanced,fixed,1.015180936632426
2021-09-02,balanced_fixed,balanced,fixed,1.0085046872192125
2021-09-03,balanced_fixed,balanced,fixed,1.0075792141227053
2021-09-07,balanced_fixed,balanced,fixed,0.9586096410424785
2021-09-08,balanced_fixed,balanced,fixed,1.004849640585419
2021-09-09,balanced_fixed,balanced,fixed,0.9951533046795511
2021-09-10,balanced_fixed,balanced,fixed,0.9917903445193283
2021-09-13,balanced_fixed,balanced,fixed,0.9906891338006086
2021-09-14,balanced_fixed,balanced,fixed,1.00436203917777
2021-09-15,balanced_fixed,balanced,fixed,1.0069240654274778
2021-09-16,balanced_fixed,balanced,fixed,0.9916056364071096
2021-09-17,balanced_fixed,balanced,fixed,0.9827839131583442
2021-09-20,balanced_fixed,balanced,fixed,0.9725345615963044
2021-09-21,balanced_fixed,balanced,fixed,0.9888431428954415
2021-09-22,balanced_fixed,balanced,fixed,1.0183299097207512
2021-09-23,balanced_fixed,balanced,fixed,1.0064798005721665
2021-09-24,balanced_fixed,balanced,fixed,0.9827725689759188
2021-09-27,balanced_fixed,balanced,fixed,0.9890870506097615
2021-09-28,balanced_fixed,balanced,fixed,0.987373785240885
2021-09-29,balanced_fixed,balanced,fixed,1.0121766128706975
2021-09-30,balanced_fixed,balanced,fixed,1.0002597825816644
2021-10-01,balanced_fixed,balanced,fixed,1.0211916699692971
2021-10-04,balanced_fixed,balanced,fixed,0.9964548148421909
2021-10-05,balanced_fixed,balanced,fixed,1.0131480887203013
2021-10-06,balanced_fixed,balanced,fixed,1.0059588766453142
2021-10-07,balanced_fixed,balanced,fixed,1.0059094557544872
2021-10-08,balanced_fixed,balanced,fixed,0.99694584630366
2021-10-11,balanced_fixed,balanced,fixed,0.9980751753812155
2021-10-12,balanced_fixed,balanced,fixed,0.9963194571634315
2021-10-13,balanced_fixed,balanced,fixed,1.0096027287832077
2021-10-14,balanced_fixed,balanced,fixed,1.00821356948368
2021-10-15,balanced_fixed,balanced,fixed,1.0096995933846566
2021-10-18,balanced_fixed,balanced,fixed,0.9960858775973054
2021-10-19,balanced_fixed,balanced,fixed,1.0097257238011954
2021-10-20,balanced_fixed,balanced,fixed,1.019062742402819
2021-10-21,balanced_fixed,balanced,fixed,0.996515283796217
2021-10-22,balanced_fixed,balanced,fixed,0.9988847237058007
2021-10-25,balanced_fixed,balanced,fixed,1.009676603858255
2021-10-26,balanced_fixed,balanced,fixed,1.0015508305675387
2021-10-27,balanced_fixed,balanced,fixed,0.9761271446214329
2021-10-28,balanced_fixed,balanced,fixed,1.0195891782756166
2021-10-29,balanced_fixed,balanced,fixed,1.001598455747264
2021-11-01,balanced_fixed,balanced,fixed,1.0008190998389979
2021-11-02,balanced_fixed,balanced,fixed,1.0106844445258067
2021-11-03,balanced_fixed,balanced,fixed,1.0066495594405898
2021-11-04,balanced_fixed,balanced,fixed,0.9974018192003264
2021-11-05,balanced_fixed,balanced,fixed,0.9900846614660314
2021-11-08,balanced_fixed,balanced,fixed,1.013942457191066
2021-11-09,balanced_fixed,balanced,fixed,1.015284977953276
2021-11-10,balanced_fixed,balanced,fixed,0.99315082671554
2021-11-11,balanced_fixed,balanced,fixed,1.0032401506414472
2021-11-12,balanced_fixed,balanced,fixed,1.0006223539568464
2021-11-15,balanced_fixed,balanced,fixed,0.9954973176308969
2021-11-16,balanced_fixed,balanced,fixed,0.979905436826303
2021-11-17,balanced_fixed,balanced,fixed,0.9960903988685966
2021-11-18,balanced_fixed,balanced,fixed,0.9831199440625599
2021-11-19,balanced_fixed,balanced,fixed,1.005613419308912
2021-11-22,balanced_fixed,balanced,fixed,0.9917037632702805
2021-11-23,balanced_fixed,balanced,fixed,1.0076731199582876
2021-11-24,balanced_fixed,balanced,fixed,0.9938072219568541
2021-11-26,balanced_fixed,balanced,fixed,0.9743160295436637
2021-11-29,balanced_fixed,balanced,fixed,1.0098882296587122
2021-11-30,balanced_fixed,balanced,fixed,0.9865793819283146
2021-12-01,balanced_fixed,balanced,fixed,0.9947185906509198
2021-12-02,balanced_fixed,balanced,fixed,1.0204956233867393
2021-12-03,balanced_fixed,balanced,fixed,0.9926857889339986
2021-12-06,balanced_fixed,balanced,fixed,1.0130573049967964
2021-12-07,balanced_fixed,balanced,fixed,1.0016742776610108
2021-12-08,balanced_fixed,balanced,fixed,1.0067400862020814
2021-12-09,balanced_fixed,balanced,fixed,0.9864032728189892
2021-12-10,balanced_fixed,balanced,fixed,0.9994402551950609
2021-12-13,balanced_fixed,balanced,fixed,0.9880776297329591
2021-12-14,balanced_fixed,balanced,fixed,0.9976057481446885
2021-12-15,balanced_fixed,balanced,fixed,1.0181525858136269
2021-12-16,balanced_fixed,balanced,fixed,1.0009670888117919
2021-12-17,balanced_fixed,balanced,fixed,0.9855396876569525
2021-12-20,balanced_fixed,balanced,fixed,0.9992934480853353
2021-12-21,balanced_fixed,balanced,fixed,1.005903120887832
2021-12-22,balanced_fixed,balanced,fixed,1.009265061209903
2021-12-23,balanced_fixed,balanced,fixed,1.0105504473049784
2021-12-27,balanced_fixed,balanced,fixed,1.0131652444835333
2021-12-28,balanced_fixed,balanced,fixed,0.9909241200130238
2021-12-29,balanced_fixed,balanced,fixed,0.9983553554919715
2021-12-30,balanced_fixed,balanced,fixed,1.002067103493218
2021-12-31,balanced_fixed,balanced,fixed,0.9947653755682766
2022-01-03,balanced_fixed,balanced,fixed,0.9905585403499679
2022-01-04,balanced_fixed,balanced,fixed,0.9970281692327299
2022-01-05,balanced_fixed,balanced,fixed,0.9864827260423827
2022-01-06,balanced_fixed,balanced,fixed,0.9961654844887193
2022-01-07,balanced_fixed,balanced,fixed,0.9869072559238193
2022-01-10,balanced_fixed,balanced,fixed,0.9938891442308658
2022-01-11,balanced_fixed,balanced,fixed,1.0125143874684588
2022-01-12,balanced_fixed,balanced,fixed,1.0105570642773527
2022-01-13,balanced_fixed,balanced,fixed,0.9850377273371463
2022-01-14,balanced_fixed,balanced,fixed,0.9990185984211349
2022-01-18,balanced_fixed,balanced,fixed,0.9914954635742721
2022-01-19,balanced_fixed,balanced,fixed,0.9909614314762597
2022-01-20,balanced_fixed,balanced,fixed,0.9842313344529702
2022-01-21,balanced_fixed,balanced,fixed,0.9774585352870231
2022-01-24,balanced_fixed,balanced,fixed,0.9946530409607619
2022-01-25,balanced_fixed,balanced,fixed,1.0010516352725816
2022-01-26,balanced_fixed,balanced,fixed,0.9877150257031402
2022-01-27,balanced_fixed,balanced,fixed,0.9961711438742404
2022-01-28,balanced_fixed,balanced,fixed,1.017133219713303
2022-01-31,balanced_fixed,balanced,fixed,1.0057211134054223
2022-02-01,balanced_fixed,balanced,fixed,1.008729246786311
2022-02-02,balanced_fixed,balanced,fixed,0.9943239546492765
2022-02-03,balanced_fixed,balanced,fixed,0.9922174730493909
2022-02-04,balanced_fixed,balanced,fixed,1.0170075059095882
2022-02-07,balanced_fixed,balanced,fixed,1.01207567028148
2022-02-08,balanced_fixed,balanced,fixed,0.9976753680131952
2022-02-09,balanced_fixed,balanced,fixed,1.012349763926284
2022-02-10,balanced_fixed,balanced,fixed,0.9805231429353873
2022-02-11,balanced_fixed,balanced,fixed,0.9820519471333548
2022-02-14,balanced_fixed,balanced,fixed,0.9911865352271562
2022-02-15,balanced_fixed,balanced,fixed,1.0156965073723863
2022-02-16,balanced_fixed,balanced,fixed,0.9964951106979716
2022-02-17,balanced_fixed,balanced,fixed,0.9707098937746332
2022-02-18,balanced_fixed,balanced,fixed,0.9932756880436472
2022-02-22,balanced_fixed,balanced,fixed,1.0016919259308683
2022-02-23,balanced_fixed,balanced,fixed,0.9965530648905707
2022-02-24,balanced_fixed,balanced,fixed,1.0002339244020688
2022-02-25,balanced_fixed,balanced,fixed,1.028456649043011
2022-02-28,balanced_fixed,balanced,fixed,1.0164153426571358
2022-03-01,balanced_fixed,balanced,fixed,0.9940335839612656
2022-03-02,balanced_fixed,balanced,fixed,1.0066490941711717
2022-03-03,balanced_fixed,balanced,fixed,0.9955819632554678
2022-03-04,balanced_fixed,balanced,fixed,0.9862561588555313
2022-03-07,balanced_fixed,balanced,fixed,0.9802720626493948
2022-03-08,balanced_fixed,balanced,fixed,0.987176910133911
2022-03-09,balanced_fixed,balanced,fixed,1.0193692489868298
2022-03-10,balanced_fixed,balanced,fixed,0.9851852927663628
2022-03-11,balanced_fixed,balanced,fixed,0.9938540224816333
2022-03-14,balanced_fixed,balanced,fixed,1.0011364452857388
2022-03-15,balanced_fixed,balanced,fixed,1.009214513786398
2022-03-16,balanced_fixed,balanced,fixed,1.0156991674443936
2022-03-17,balanced_fixed,balanced,fixed,1.010999716842104
2022-03-18,balanced_fixed,balanced,fixed,1.0105073465584187
2022-03-21,balanced_fixed,balanced,fixed,1.004476710289256
2022-03-22,balanced_fixed,balanced,fixed,1.0156327996031052
2022-03-23,balanced_fixed,balanced,fixed,0.99872829802192
2022-03-24,balanced_fixed,balanced,fixed,1.009739779257248
2022-03-25,balanced_fixed,balanced,fixed,1.0044499219856413
2022-03-28,balanced_fixed,balanced,fixed,1.0045069607289372
2022-03-29,balanced_fixed,balanced,fixed,1.0165227441297737
2022-03-30,balanced_fixed,balanced,fixed,0.9984709360494772
2022-03-31,balanced_fixed,balanced,fixed,0.9868430900748587
2022-04-01,balanced_fixed,balanced,fixed,1.0092859949070916
2022-04-04,balanced_fixed,balanced,fixed,1.004848064976378
2022-04-05,balanced_fixed,balanced,fixed,0.9902395470080887
2022-04-06,balanced_fixed,balanced,fixed,0.9919914469818611
2022-04-07,balanced_fixed,balanced,fixed,1.0082235384943048
2022-04-08,balanced_fixed,balanced,fixed,0.9981894276050524
2022-04-11,balanced_fixed,balanced,fixed,0.9743596949547297
2022-04-12,balanced_fixed,balanced,fixed,1.000620102162426
2022-04-13,balanced_fixed,balanced,fixed,1.0059791380286867
2022-04-14,balanced_fixed,balanced,fixed,0.9943095606527874
2022-04-18,balanced_fixed,balanced,fixed,0.996190059162041
2022-04-19,balanced_fixed,balanced,fixed,1.0115841025798766
2022-04-20,balanced_fixed,balanced,fixed,0.9973117983709848
2022-04-21,balanced_fixed,balanced,fixed,0.9901578933251655
2022-04-22,balanced_fixed,balanced,fixed,0.9830526883746755
2022-04-25,balanced_fixed,balanced,fixed,1.003271163276621
2022-04-26,balanced_fixed,balanced,fixed,0.9824599928190361
2022-04-27,balanced_fixed,balanced,fixed,1.0032664658282744
2022-04-28,balanced_fixed,balanced,fixed,1.0103404265685918
2022-04-29,balanced_fixed,balanced,fixed,0.9668145636442623
2022-05-02,balanced_fixed,balanced,fixed,1.0016739290250172
2022-05-03,balanced_fixed,balanced,fixed,0.9996387207124906
2022-05-04,balanced_fixed,balanced,fixed,1.0445136440673064
2022-05-05,balanced_fixed,balanced,fixed,0.9644361539808285
2022-05-06,balanced_fixed,balanced,fixed,0.9968595555828288
2022-05-09,balanced_fixed,balanced,fixed,0.9574991446633152
2022-05-10,balanced_fixed,balanced,fixed,0.9986365369134182
2022-05-11,balanced_fixed,balanced,fixed,0.9840610682163266
2022-05-12,balanced_fixed,balanced,fixed,0.9984905226299531
2022-05-13,balanced_fixed,balanced,fixed,1.0211356566644019
2022-05-16,balanced_fixed,balanced,fixed,0.9937834484385256
2022-05-17,balanced_fixed,balanced,fixed,1.0199975516982576
2022-05-18,balanced_fixed,balanced,fixed,0.9774902756531451
2022-05-19,balanced_fixed,balanced,fixed,1.0057375732482197
2022-05-20,balanced_fixed,balanced,fixed,0.9962329947271936
2022-05-23,balanced_fixed,balanced,fixed,1.0064124837368316
2022-05-24,balanced_fixed,balanced,fixed,1.0100945610728183
2022-05-25,balanced_fixed,balanced,fixed,1.0056865451208699
2022-05-26,balanced_fixed,balanced,fixed,0.9966480010603082
2022-05-27,balanced_fixed,balanced,fixed,1.0045246371741174
2022-05-31,balanced_fixed,balanced,fixed,0.9966533102091046
2022-06-01,balanced_fixed,balanced,fixed,0.9845861096286576
2022-06-02,balanced_fixed,balanced,fixed,1.0087994580999933
2022-06-03,balanced_fixed,balanced,fixed,0.9896128064938472
2022-06-06,balanced_fixed,balanced,fixed,1.0074174604778268
2022-06-07,balanced_fixed,balanced,fixed,1.0062991613104226
2022-06-08,balanced_fixed,balanced,fixed,0.9869930821519624
2022-06-09,balanced_fixed,balanced,fixed,0.9811792035136446
2022-06-10,balanced_fixed,balanced,fixed,0.9761440885919749
2022-06-13,balanced_fixed,balanced,fixed,0.9425304294611593
2022-06-14,balanced_fixed,balanced,fixed,0.982045311138287
2022-06-15,balanced_fixed,balanced,fixed,1.015520723023376
2022-06-16,balanced_fixed,balanced,fixed,0.9683629629683084
2022-06-17,balanced_fixed,balanced,fixed,1.0064628389521442
2022-06-21,balanced_fixed,balanced,fixed,1.0165957186947148
2022-06-22,balanced_fixed,balanced,fixed,0.9955940752027242
2022-06-23,balanced_fixed,balanced,fixed,1.019410867797021
2022-06-24,balanced_fixed,balanced,fixed,1.0194556306155298
2022-06-27,balanced_fixed,balanced,fixed,0.9957650369346899
2022-06-28,balanced_fixed,balanced,fixed,0.9835310969236541
2022-06-29,balanced_fixed,balanced,fixed,0.9990779645635204
2022-06-30,balanced_fixed,balanced,fixed,0.990815594309947
2022-07-01,balanced_fixed,balanced,fixed,1.0085902660455486
2022-07-05,balanced_fixed,balanced,fixed,0.998213665877422
2022-07-06,balanced_fixed,balanced,fixed,1.0041493164181088
2022-07-07,balanced_fixed,balanced,fixed,1.00909289830122
2022-07-08,balanced_fixed,balanced,fixed,0.9977934901013152
2022-07-11,balanced_fixed,balanced,fixed,0.9895405422814006
2022-07-12,balanced_fixed,balanced,fixed,0.9914588117756922
2022-07-13,balanced_fixed,balanced,fixed,1.0065650417625627
2022-07-14,balanced_fixed,balanced,fixed,1.0039707195522587
2022-07-15,balanced_fixed,balanced,fixed,1.011580983978499
2022-07-18,balanced_fixed,balanced,fixed,1.008626497816776
2022-07-19,balanced_fixed,balanced,fixed,1.0148248740491723
2022-07-20,balanced_fixed,balanced,fixed,0.9917969448448184
2022-07-21,balanced_fixed,balanced,fixed,1.006924920003317
2022-07-22,balanced_fixed,balanced,fixed,0.9958095916145756
2022-07-25,balanced_fixed,balanced,fixed,0.9870270894218756
2022-07-26,balanced_fixed,balanced,fixed,0.997624264575762
2022-07-27,balanced_fixed,balanced,fixed,1.0178158806085358
2022-07-28,balanced_fixed,balanced,fixed,1.0140097527027054
2022-07-29,balanced_fixed,balanced,fixed,1.002405937791118
2022-08-01,balanced_fixed,balanced,fixed,0.9956399842409626
2022-08-02,balanced_fixed,balanced,fixed,0.9909407161190237
2022-08-03,balanced_fixed,balanced,fixed,1.0123726223177005
2022-08-04,balanced_fixed,balanced,fixed,0.9960615323889953
2022-08-05,balanced_fixed,balanced,fixed,1.002456760389551
2022-08-08,balanced_fixed,balanced,fixed,1.0077042252634547
2022-08-09,balanced_fixed,balanced,fixed,0.994105050763054
2022-08-10,balanced_fixed,balanced,fixed,1.0187421875701794
2022-08-11,balanced_fixed,balanced,fixed,0.9981014938851787
2022-08-12,balanced_fixed,balanced,fixed,1.0144749526390575
2022-08-15,balanced_fixed,balanced,fixed,1.0091663359325995
2022-08-16,balanced_fixed,balanced,fixed,1.0083160239185194
2022-08-17,balanced_fixed,balanced,fixed,0.992370365051539
2022-08-18,balanced_fixed,balanced,fixed,0.99458835583147
2022-08-19,balanced_fixed,balanced,fixed,0.9779767787576272
2022-08-22,balanced_fixed,balanced,fixed,0.987222949316186
2022-08-23,balanced_fixed,balanced,fixed,0.9971684182055566
2022-08-24,balanced_fixed,balanced,fixed,0.9989897518628015
2022-08-25,balanced_fixed,balanced,fixed,1.007622723176745
2022-08-26,balanced_fixed,balanced,fixed,0.9773258851764365
2022-08-29,balanced_fixed,balanced,fixed,1.0037754061263198
2022-08-30,balanced_fixed,balanced,fixed,0.9909473468993881
2022-08-31,balanced_fixed,balanced,fixed,0.9996309738074564
2022-09-01,balanced_fixed,balanced,fixed,1.0124256537981204
2022-09-02,balanced_fixed,balanced,fixed,0.9903262525280275
2022-09-06,balanced_fixed,balanced,fixed,0.9895776896773221
2022-09-07,balanced_fixed,balanced,fixed,1.0191451905462776
2022-09-08,balanced_fixed,balanced,fixed,1.0037076948798715
2022-09-09,balanced_fixed,balanced,fixed,1.0197408092413431
2022-09-12,balanced_fixed,balanced,fixed,1.008987144221291
2022-09-13,balanced_fixed,balanced,fixed,0.9611169860723561
2022-09-14,balanced_fixed,balanced,fixed,1.0101010902362868
2022-09-15,balanced_fixed,balanced,fixed,0.9833045118076038
2022-09-16,balanced_fixed,balanced,fixed,1.004890024730511
2022-09-19,balanced_fixed,balanced,fixed,1.0091146073642536
2022-09-20,balanced_fixed,balanced,fixed,0.989922325632654
2022-09-21,balanced_fixed,balanced,fixed,0.9805596535466968
2022-09-22,balanced_fixed,balanced,fixed,1.021313058186554
2022-09-23,balanced_fixed,balanced,fixed,0.9890655177572097
2022-09-26,balanced_fixed,balanced,fixed,0.9895773024270883
2022-09-27,balanced_fixed,balanced,fixed,0.9929121531478271
2022-09-28,balanced_fixed,balanced,fixed,1.0170916781145325
2022-09-29,balanced_fixed,balanced,fixed,0.9949338255736638
2022-09-30,balanced_fixed,balanced,fixed,0.9874015006616957
2022-10-03,balanced_fixed,balanced,fixed,1.0246161141916375
2022-10-04,balanced_fixed,balanced,fixed,1.0206671644349594
2022-10-05,balanced_fixed,balanced,fixed,0.9991264067909065
2022-10-06,balanced_fixed,balanced,fixed,0.9966932002048482
2022-10-07,balanced_fixed,balanced,fixed,0.9891377776693713
2022-10-10,balanced_fixed,balanced,fixed,0.9979010823723733
2022-10-11,balanced_fixed,balanced,fixed,1.0058731542714479
2022-10-12,balanced_fixed,balanced,fixed,0.9994094836837255
2022-10-13,balanced_fixed,balanced,fixed,1.0130396834473059
2022-10-14,balanced_fixed,balanced,fixed,0.9949570138957343
2022-10-17,balanced_fixed,balanced,fixed,1.011906826213509
2022-10-18,balanced_fixed,balanced,fixed,1.003751853816487
2022-10-19,balanced_fixed,balanced,fixed,0.9887946443212492
2022-10-20,balanced_fixed,balanced,fixed,1.0028431757496479
2022-10-21,balanced_fixed,balanced,fixed,1.0193222298905773
2022-10-24,balanced_fixed,balanced,fixed,1.0078911123279943
2022-10-25,balanced_fixed,balanced,fixed,1.011723458836419
2022-10-26,balanced_fixed,balanced,fixed,1.0165484392167032
2022-10-27,balanced_fixed,balanced,fixed,0.996642327961792
2022-10-28,balanced_fixed,balanced,fixed,1.016497224642133
2022-10-31,balanced_fixed,balanced,fixed,0.99288166690502
2022-11-01,balanced_fixed,balanced,fixed,0.9978261440008115
2022-11-02,balanced_fixed,balanced,fixed,0.9851968775279609
2022-11-03,balanced_fixed,balanced,fixed,0.9942789807761586
2022-11-04,balanced_fixed,balanced,fixed,1.0295746567025592
2022-11-07,balanced_fixed,balanced,fixed,1.0099643061082475
2022-11-08,balanced_fixed,balanced,fixed,0.9901922246032798
2022-11-09,balanced_fixed,balanced,fixed,0.964119003027229
2022-11-10,balanced_fixed,balanced,fixed,1.0426860661990858
2022-11-11,balanced_fixed,balanced,fixed,0.9902452896655144
2022-11-14,balanced_fixed,balanced,fixed,1.0048893945081003
2022-11-15,balanced_fixed,balanced,fixed,1.004144684419173
2022-11-16,balanced_fixed,balanced,fixed,0.9965977276603165
2022-11-17,balanced_fixed,balanced,fixed,1.0035657756101366
2022-11-18,balanced_fixed,balanced,fixed,1.0074950971269916
2022-11-21,balanced_fixed,balanced,fixed,1.0006711785448539
2022-11-22,balanced_fixed,balanced,fixed,1.0111359024168443
2022-11-23,balanced_fixed,balanced,fixed,1.0046052023464587
2022-11-25,balanced_fixed,balanced,fixed,0.9999377247397537
2022-11-28,balanced_fixed,balanced,fixed,0.9905444572765884
2022-11-29,balanced_fixed,balanced,fixed,1.0061212435313094
2022-11-30,balanced_fixed,balanced,fixed,1.022669198813755
2022-12-01,balanced_fixed,balanced,fixed,0.9969033507686914
2022-12-02,balanced_fixed,balanced,fixed,1.003101218841341
2022-12-05,balanced_fixed,balanced,fixed,0.991701855085917
2022-12-06,balanced_fixed,balanced,fixed,0.9940381450042017
2022-12-07,balanced_fixed,balanced,fixed,1.0000930666636558
2022-12-08,balanced_fixed,balanced,fixed,1.006350772445424
2022-12-09,balanced_fixed,balanced,fixed,0.9861397081516795
2022-12-12,balanced_fixed,balanced,fixed,1.004410143582703
2022-12-13,balanced_fixed,balanced,fixed,1.0053269486587306
2022-12-14,balanced_fixed,balanced,fixed,0.9978127138272512
2022-12-15,balanced_fixed,balanced,fixed,0.9834605684875343
2022-12-16,balanced_fixed,balanced,fixed,0.9819424963408365
2022-12-19,balanced_fixed,balanced,fixed,0.9926466776966719
2022-12-20,balanced_fixed,balanced,fixed,1.0063062738901862
2022-12-21,balanced_fixed,balanced,fixed,1.0078296313916992
2022-12-22,balanced_fixed,balanced,fixed,0.9978253701207831
2022-12-23,balanced_fixed,balanced,fixed,1.0031916873060605
2022-12-27,balanced_fixed,balanced,fixed,0.9993821912548085
2022-12-28,balanced_fixed,balanced,fixed,0.9871432690398506
2022-12-29,balanced_fixed,balanced,fixed,1.0045043545969368
2022-12-30,balanced_fixed,balanced,fixed,0.9994851272978356
2023-01-03,balanced_fixed,balanced,fixed,0.9987758167950532
2023-01-04,balanced_fixed,balanced,fixed,1.0084656138435697
2023-01-05,balanced_fixed,balanced,fixed,0.9977145225513945
2023-01-06,balanced_fixed,balanced,fixed,1.014326277735551
2023-01-09,balanced_fixed,balanced,fixed,0.992464642074604
2023-01-10,balanced_fixed,balanced,fixed,1.0020828761108824
2023-01-11,balanced_fixed,balanced,fixed,1.0126191835406622
2023-01-12,balanced_fixed,balanced,fixed,1.0039739913443704
2023-01-13,balanced_fixed,balanced,fixed,1.00807936217393
2023-01-17,balanced_fixed,balanced,fixed,0.9945911606163185
2023-01-18,balanced_fixed,balanced,fixed,0.9791362658353616
2023-01-19,balanced_fixed,balanced,fixed,1.0027842848169568
2023-01-20,balanced_fixed,balanced,fixed,1.0200057790499815
2023-01-23,balanced_fixed,balanced,fixed,1.008011418190868
2023-01-24,balanced_fixed,balanced,fixed,0.9897619833829346
2023-01-25,balanced_fixed,balanced,fixed,1.0038925192723518
2023-01-26,balanced_fixed,balanced,fixed,0.9994627310439708
2023-01-27,balanced_fixed,balanced,fixed,0.998814159266435
2023-01-30,balanced_fixed,balanced,fixed,0.9879753080729741
2023-01-31,balanced_fixed,balanced,fixed,1.0102728310602256
2023-02-01,balanced_fixed,balanced,fixed,0.9864587917932848
2023-02-02,balanced_fixed,balanced,fixed,0.9886602068589259
2023-02-03,balanced_fixed,balanced,fixed,0.9949356569370862
2023-02-06,balanced_fixed,balanced,fixed,0.9964072409849183
2023-02-07,balanced_fixed,balanced,fixed,1.0134150944332179
2023-02-08,balanced_fixed,balanced,fixed,0.9931777836635961
2023-02-09,balanced_fixed,balanced,fixed,0.9858604473286008
2023-02-10,balanced_fixed,balanced,fixed,1.0117388507276022
2023-02-13,balanced_fixed,balanced,fixed,1.0058785422210148
2023-02-14,balanced_fixed,balanced,fixed,0.998140507502423
2023-02-15,balanced_fixed,balanced,fixed,1.0140310830551496
2023-02-16,balanced_fixed,balanced,fixed,0.9816690438967383
2023-02-17,balanced_fixed,balanced,fixed,1.0165471466931362
2023-02-21,balanced_fixed,balanced,fixed,0.9928005180595891
2023-02-22,balanced_fixed,balanced,fixed,0.9956420558885363
2023-02-23,balanced_fixed,balanced,fixed,1.0004650332825042
2023-02-24,balanced_fixed,balanced,fixed,0.9876309060509084
2023-02-27,balanced_fixed,balanced,fixed,0.9995501857276811
2023-02-28,balanced_fixed,balanced,fixed,0.9899341183850459
2023-03-01,balanced_fixed,balanced,fixed,1.0042644878215845
2023-03-02,balanced_fixed,balanced,fixed,1.001540152404396
2023-03-03,balanced_fixed,balanced,fixed,0.9981550845174317
2023-03-06,balanced_fixed,balanced,fixed,1.0059449535712042
2023-03-07,balanced_fixed,balanced,fixed,0.98903226637623
2023-03-08,balanced_fixed,balanced,fixed,0.9939891906665861
2023-03-09,balanced_fixed,balanced,fixed,0.9778399595606836
2023-03-10,balanced_fixed,balanced,fixed,0.9922199710790564
2023-03-13,balanced_fixed,balanced,fixed,1.0160092698131413
2023-03-14,balanced_fixed,balanced,fixed,1.0084759865488762
2023-03-15,balanced_fixed,balanced,fixed,0.9967895430475711
2023-03-16,balanced_fixed,balanced,fixed,1.0023317345459355
2023-03-17,balanced_fixed,balanced,fixed,1.000494092153105
2023-03-20,balanced_fixed,balanced,fixed,1.0046286004539535
2023-03-21,balanced_fixed,balanced,fixed,1.014110958314248
2023-03-22,balanced_fixed,balanced,fixed,0.9768381044226648
2023-03-23,balanced_fixed,balanced,fixed,1.0151279101590407
2023-03-24,balanced_fixed,balanced,fixed,1.008409222458992
2023-03-27,balanced_fixed,balanced,fixed,1.0029315016395866
2023-03-28,balanced_fixed,balanced,fixed,1.006327379143153
2023-03-29,balanced_fixed,balanced,fixed,1.0130525102718502
2023-03-30,balanced_fixed,balanced,fixed,1.0041070161250114
2023-03-31,balanced_fixed,balanced,fixed,1.0103300672002307
2023-04-03,balanced_fixed,balanced,fixed,1.0058426336801838
2023-04-04,balanced_fixed,balanced,fixed,1.0077309448059717
2023-04-05,balanced_fixed,balanced,fixed,1.0146676118274662
2023-04-06,balanced_fixed,balanced,fixed,0.9990496238872243
2023-04-10,balanced_fixed,balanced,fixed,1.0023323029782678
2023-04-11,balanced_fixed,balanced,fixed,0.9984729542422474
2023-04-12,balanced_fixed,balanced,fixed,0.9977485632118752
2023-04-13,balanced_fixed,balanced,fixed,1.0097413613369022
2023-04-14,balanced_fixed,balanced,fixed,0.9977383024544931
2023-04-17,balanced_fixed,balanced,fixed,0.9948457105023962
2023-04-18,balanced_fixed,balanced,fixed,1.0045248527651252
2023-04-19,balanced_fixed,balanced,fixed,0.9862977832746374
2023-04-20,balanced_fixed,balanced,fixed,0.9912676315137541
2023-04-21,balanced_fixed,balanced,fixed,0.9986128970570486
2023-04-24,balanced_fixed,balanced,fixed,1.0007599174051476
2023-04-25,balanced_fixed,balanced,fixed,1.0034041737149888
2023-04-26,balanced_fixed,balanced,fixed,0.9813004006862103
2023-04-27,balanced_fixed,balanced,fixed,1.013197989339622
2023-04-28,balanced_fixed,balanced,fixed,1.0030674157197224
2023-05-01,balanced_fixed,balanced,fixed,0.9968842316613576
2023-05-02,balanced_fixed,balanced,fixed,0.9969317723904946
2023-05-03,balanced_fixed,balanced,fixed,0.988081419179214
2023-05-04,balanced_fixed,balanced,fixed,1.0016715441315542
2023-05-05,balanced_fixed,balanced,fixed,1.0136892317190926
2023-05-08,balanced_fixed,balanced,fixed,0.9930788784260419
2023-05-09,balanced_fixed,balanced,fixed,0.9991000972640842
2023-05-10,balanced_fixed,balanced,fixed,1.0003663813105428
2023-05-11,balanced_fixed,balanced,fixed,0.9933777470215275
2023-05-12,balanced_fixed,balanced,fixed,1.0019262188017923
2023-05-15,balanced_fixed,balanced,fixed,0.9996843559589559
2023-05-16,balanced_fixed,balanced,fixed,0.9896021082544562
2023-05-17,balanced_fixed,balanced,fixed,1.001565550510941
2023-05-18,balanced_fixed,balanced,fixed,0.9982969709261874
2023-05-19,balanced_fixed,balanced,fixed,1.000423786463304
2023-05-22,balanced_fixed,balanced,fixed,0.998579764529245
2023-05-23,balanced_fixed,balanced,fixed,0.9960833792839201
2023-05-24,balanced_fixed,balanced,fixed,0.9890258253947518
2023-05-25,balanced_fixed,balanced,fixed,0.9889472846868758
2023-05-26,balanced_fixed,balanced,fixed,1.002085620256652
2023-05-30,balanced_fixed,balanced,fixed,1.0008369533545718
2023-05-31,balanced_fixed,balanced,fixed,1.0048431944287766
2023-06-01,balanced_fixed,balanced,fixed,0.9975637449776601
2023-06-02,balanced_fixed,balanced,fixed,1.0176327197008739
2023-06-05,balanced_fixed,balanced,fixed,0.99118533410738
2023-06-06,balanced_fixed,balanced,fixed,0.9992132756646241
2023-06-07,balanced_fixed,balanced,fixed,0.9944513696072474
2023-06-08,balanced_fixed,balanced,fixed,1.0071156870339892
2023-06-09,balanced_fixed,balanced,fixed,0.9982245400043508
2023-06-12,balanced_fixed,balanced,fixed,0.9995575782331798
2023-06-13,balanced_fixed,balanced,fixed,1.0039495631910758
2023-06-14,balanced_fixed,balanced,fixed,0.9939692113950055
2023-06-15,balanced_fixed,balanced,fixed,1.0057462135966364
2023-06-16,balanced_fixed,balanced,fixed,1.001305879275231
2023-06-20,balanced_fixed,balanced,fixed,0.9990635010356175
2023-06-21,balanced_fixed,balanced,fixed,1.0068084777897042
2023-06-22,balanced_fixed,balanced,fixed,1.0059535774874564
2023-06-23,balanced_fixed,balanced,fixed,1.0011921348706587
2023-06-26,balanced_fixed,balanced,fixed,0.9996027984976569
2023-06-27,balanced_fixed,balanced,fixed,1.0090614691243234
2023-06-28,balanced_fixed,balanced,fixed,0.9912542045170147
2023-06-29,balanced_fixed,balanced,fixed,1.002675515856922
2023-06-30,balanced_fixed,balanced,fixed,1.0175189181708497
2023-07-03,balanced_fixed,balanced,fixed,1.0015953464752885
2023-07-05,balanced_fixed,balanced,fixed,0.9979792802524141
2023-07-06,balanced_fixed,balanced,fixed,0.9877246499794788
2023-07-07,balanced_fixed,balanced,fixed,0.9924457176199015
2023-07-10,balanced_fixed,balanced,fixed,1.0040330129118717
2023-07-11,balanced_fixed,balanced,fixed,1.007959551405206
2023-07-12,balanced_fixed,balanced,fixed,0.9973088664486058
2023-07-13,balanced_fixed,balanced,fixed,1.057815045764145
2023-07-14,balanced_fixed,balanced,fixed,0.9835148636507458
2023-07-17,balanced_fixed,balanced,fixed,0.9941476605400124
2023-07-18,balanced_fixed,balanced,fixed,1.0032135180570274
2023-07-19,balanced_fixed,balanced,fixed,1.0161210257705062
2023-07-20,balanced_fixed,balanced,fixed,1.0095743558883603
2023-07-21,balanced_fixed,balanced,fixed,1.00279438146783
2023-07-24,balanced_fixed,balanced,fixed,0.9904125310259968
2023-07-25,balanced_fixed,balanced,fixed,0.9984237762017761
2023-07-26,balanced_fixed,balanced,fixed,1.0068812253177344
2023-07-27,balanced_fixed,balanced,fixed,0.9945395424811503
2023-07-28,balanced_fixed,balanced,fixed,1.003611727173734
2023-07-31,balanced_fixed,balanced,fixed,0.9929956278907183
2023-08-01,balanced_fixed,balanced,fixed,0.9972284536091067
2023-08-02,balanced_fixed,balanced,fixed,0.9834328700392383
2023-08-03,balanced_fixed,balanced,fixed,0.9890750964573681
2023-08-04,balanced_fixed,balanced,fixed,0.9910881943178891
2023-08-07,balanced_fixed,balanced,fixed,1.0100151234570178
2023-08-08,balanced_fixed,balanced,fixed,1.0000509383938536
2023-08-09,balanced_fixed,balanced,fixed,1.0010876514561096
2023-08-10,balanced_fixed,balanced,fixed,0.9964176111414709
2023-08-11,balanced_fixed,balanced,fixed,1.005057282718634
2023-08-14,balanced_fixed,balanced,fixed,1.0000985744639832
2023-08-15,balanced_fixed,balanced,fixed,0.9891522168273215
2023-08-16,balanced_fixed,balanced,fixed,0.9917259353565208
2023-08-17,balanced_fixed,balanced,fixed,0.9780298049907155
2023-08-18,balanced_fixed,balanced,fixed,1.0020329089318625
2023-08-21,balanced_fixed,balanced,fixed,0.9962507884301182
2023-08-22,balanced_fixed,balanced,fixed,0.9932991763241721
2023-08-23,balanced_fixed,balanced,fixed,1.0149225708900569
2023-08-24,balanced_fixed,balanced,fixed,0.9888892163185795
2023-08-25,balanced_fixed,balanced,fixed,1.0027639647811568
2023-08-28,balanced_fixed,balanced,fixed,1.0011991100519217
2023-08-29,balanced_fixed,balanced,fixed,1.0130549375919486
2023-08-30,balanced_fixed,balanced,fixed,0.9977829526114332
2023-08-31,balanced_fixed,balanced,fixed,0.9894635115123928
2023-09-01,balanced_fixed,balanced,fixed,1.000041164853611
2023-09-05,balanced_fixed,balanced,fixed,0.9901325150327569
2023-09-06,balanced_fixed,balanced,fixed,0.9979621882683988
2023-09-07,balanced_fixed,balanced,fixed,1.0082457694836615
2023-09-08,balanced_fixed,balanced,fixed,1.002603774447431
2023-09-11,balanced_fixed,balanced,fixed,0.9963681603185144
2023-09-12,balanced_fixed,balanced,fixed,1.0083291530753522
2023-09-13,balanced_fixed,balanced,fixed,1.0035061062550483
2023-09-14,balanced_fixed,balanced,fixed,1.0090320666639383
2023-09-15,balanced_fixed,balanced,fixed,0.9959520032638869
2023-09-18,balanced_fixed,balanced,fixed,1.0024177709352613
2023-09-19,balanced_fixed,balanced,fixed,1.0012491900280065
2023-09-20,balanced_fixed,balanced,fixed,0.9959933544604473
2023-09-21,balanced_fixed,balanced,fixed,0.9837580205493973
2023-09-22,balanced_fixed,balanced,fixed,0.997605722797858
2023-09-25,balanced_fixed,balanced,fixed,1.0012897710580209
2023-09-26,balanced_fixed,balanced,fixed,0.9934718355135442
2023-09-27,balanced_fixed,balanced,fixed,0.9968489240223912
2023-09-28,balanced_fixed,balanced,fixed,1.0084715127843666
2023-09-29,balanced_fixed,balanced,fixed,0.9962422050370179
2023-10-02,balanced_fixed,balanced,fixed,0.9921692066233169
2023-10-03,balanced_fixed,balanced,fixed,0.9878910876803046
2023-10-04,balanced_fixed,balanced,fixed,1.005194783925748
2023-10-05,balanced_fixed,balanced,fixed,0.9947665494638136
2023-10-06,balanced_fixed,balanced,fixed,1.0063535083082578
2023-10-09,balanced_fixed,balanced,fixed,0.9996798447805091
2023-10-10,balanced_fixed,balanced,fixed,1.0041142269477952
2023-10-11,balanced_fixed,balanced,fixed,1.0004723651638014
2023-10-12,balanced_fixed,balanced,fixed,0.9944951559033225
2023-10-13,balanced_fixed,balanced,fixed,1.003382450160505
2023-10-16,balanced_fixed,balanced,fixed,1.013831889657785
2023-10-17,balanced_fixed,balanced,fixed,0.9967844377101923
2023-10-18,balanced_fixed,balanced,fixed,0.9911465198942888
2023-10-19,balanced_fixed,balanced,fixed,0.9931992836627448
2023-10-20,balanced_fixed,balanced,fixed,1.0063224298143483
2023-10-23,balanced_fixed,balanced,fixed,1.012643316009215
2023-10-24,balanced_fixed,balanced,fixed,1.0085910909511937
2023-10-25,balanced_fixed,balanced,fixed,0.9994481359836209
2023-10-26,balanced_fixed,balanced,fixed,0.9960950626354765
2023-10-27,balanced_fixed,balanced,fixed,0.9861856426257172
2023-10-30,balanced_fixed,balanced,fixed,1.0075935844387338
2023-10-31,balanced_fixed,balanced,fixed,1.0047043514088394
2023-11-01,balanced_fixed,balanced,fixed,1.01048022557573
2023-11-02,balanced_fixed,balanced,fixed,1.0068011472796095
2023-11-03,balanced_fixed,balanced,fixed,1.0042951507492324
2023-11-06,balanced_fixed,balanced,fixed,1.002041265404799
2023-11-07,balanced_fixed,balanced,fixed,0.9983716410292038
2023-11-08,balanced_fixed,balanced,fixed,0.9984350649287376
2023-11-09,balanced_fixed,balanced,fixed,1.001014216045389
2023-11-10,balanced_fixed,balanced,fixed,1.0104216271962327
2023-11-13,balanced_fixed,balanced,fixed,0.9950443389346096
2023-11-14,balanced_fixed,balanced,fixed,1.0009431421219888
2023-11-15,balanced_fixed,balanced,fixed,1.0109191324961522
2023-11-16,balanced_fixed,balanced,fixed,0.9892759515809313
2023-11-17,balanced_fixed,balanced,fixed,0.9999752316403987
2023-11-20,balanced_fixed,balanced,fixed,1.0020332644521561
2023-11-21,balanced_fixed,balanced,fixed,0.9910506577017248
2023-11-22,balanced_fixed,balanced,fixed,1.0107717617912808
2023-11-24,balanced_fixed,balanced,fixed,1.0039323731471512
2023-11-27,balanced_fixed,balanced,fixed,0.9944229537065308
2023-11-28,balanced_fixed,balanced,fixed,1.0015901299137198
2023-11-29,balanced_fixed,balanced,fixed,0.9994078478698077
2023-11-30,balanced_fixed,balanced,fixed,1.006501140312785
2023-12-01,balanced_fixed,balanced,fixed,1.006534105333068
2023-12-04,balanced_fixed,balanced,fixed,1.0096869067437613
2023-12-05,balanced_fixed,balanced,fixed,1.0046062134779423
2023-12-06,balanced_fixed,balanced,fixed,0.9987173221763248
2023-12-07,balanced_fixed,balanced,fixed,1.0032926032802436
2023-12-08,balanced_fixed,balanced,fixed,1.0073875130033847
2023-12-11,balanced_fixed,balanced,fixed,0.9938572422817497
2023-12-12,balanced_fixed,balanced,fixed,1.00446788332538
2023-12-13,balanced_fixed,balanced,fixed,1.01681362470622
2023-12-14,balanced_fixed,balanced,fixed,0.9954900225633659
2023-12-15,balanced_fixed,balanced,fixed,0.9878525414951962
2023-12-18,balanced_fixed,balanced,fixed,1.0052576544039553
2023-12-19,balanced_fixed,balanced,fixed,0.9979560252453621
2023-12-20,balanced_fixed,balanced,fixed,0.992435181983919
2023-12-21,balanced_fixed,balanced,fixed,1.0086059082596366
2023-12-22,balanced_fixed,balanced,fixed,1.0081227831348984
2023-12-26,balanced_fixed,balanced,fixed,0.9981265105907843
2023-12-27,balanced_fixed,balanced,fixed,1.014956854388462
2023-12-28,balanced_fixed,balanced,fixed,1.0004901426671322
2023-12-29,balanced_fixed,balanced,fixed,0.9971481104871083
2021-01-04,conservative_adaptive,conservative,adaptive,1.007830381577889
2021-01-05,conservative_adaptive,conservative,adaptive,1.0035053259137905
2021-01-06,conservative_adaptive,conservative,adaptive,1.0126658496434484
2021-01-07,conservative_adaptive,conservative,adaptive,1.0124218828136176
2021-01-08,conservative_adaptive,conservative,adaptive,0.9966555820318459
2021-01-11,conservative_adaptive,conservative,adaptive,0.9962756881477887
2021-01-12,conservative_adaptive,conservative,adaptive,0.9904368768290688
2021-01-13,conservative_adaptive,conservative,adaptive,0.9969166914001124
2021-01-14,conservative_adaptive,conservative,adaptive,1.0016021206933876
2021-01-15,conservative_adaptive,conservative,adaptive,0.9980904002738131
2021-01-19,conservative_adaptive,conservative,adaptive,1.0118444456258646
2021-01-20,conservative_adaptive,conservative,adaptive,1.0154930835414173
2021-01-21,conservative_adaptive,conservative,adaptive,0.9853250761159515
2021-01-22,conservative_adaptive,conservative,adaptive,0.999889394090696
2021-01-25,conservative_adaptive,conservative,adaptive,1.0018832996943245
2021-01-26,conservative_adaptive,conservative,adaptive,0.9900358284256127
2021-01-27,conservative_adaptive,conservative,adaptive,0.9687198900061518
2021-01-28,conservative_adaptive,conservative,adaptive,1.0090911975947972
2021-01-29,conservative_adaptive,conservative,adaptive,0.9956404120837388
2021-02-01,conservative_adaptive,conservative,adaptive,0.9999569734487445
2021-02-02,conservative_adaptive,conservative,adaptive,1.0097870269229232
2021-02-03,conservative_adaptive,conservative,adaptive,0.9930909790944934
2021-02-04,conservative_adaptive,conservative,adaptive,0.9973976411398979
2021-02-05,conservative_adaptive,conservative,adaptive,1.0200689252231787
2021-02-08,conservative_adaptive,conservative,adaptive,1.0088180767033694
2021-02-09,conservative_adaptive,conservative,adaptive,0.9897763732057
2021-02-10,conservative_adaptive,conservative,adaptive,0.9955319953899293
2021-02-11,conservative_adaptive,conservative,adaptive,0.9956850484495626
2021-02-12,conservative_adaptive,conservative,adaptive,1.0070468930778562
2021-02-16,conservative_adaptive,conservative,adaptive,0.9880894645385703
2021-02-17,conservative_adaptive,conservative,adaptive,1.0056089143653222
2021-02-18,conservative_adaptive,conservative,adaptive,0.989922553726786
2021-02-19,conservative_adaptive,conservative,adaptive,0.9942896966898251
2021-02-22,conservative_adaptive,conservative,adaptive,0.9947527453156365
2021-02-23,conservative_adaptive,conservative,adaptive,0.9839432289022233
2021-02-24,conservative_adaptive,conservative,adaptive,1.000552605984186
2021-02-25,conservative_adaptive,conservative,adaptive,0.9892698233825725
2021-02-26,conservative_adaptive,conservative,adaptive,0.9819259595136258
2021-03-01,conservative_adaptive,conservative,adaptive,1.009658896041095
2021-03-02,conservative_adaptive,conservative,adaptive,1.0068097205767141
2021-03-03,conservative_adaptive,conservative,adaptive,0.9894007198371078
2021-03-04,conservative_adaptive,conservative,adaptive,0.9932599270180001
2021-03-05,conservative_adaptive,conservative,adaptive,1.0114581000770704
2021-03-08,conservative_adaptive,conservative,adaptive,0.9967443636602604
2021-03-09,conservative_adaptive,conservative,adaptive,1.0079157262127587
2021-03-10,conservative_adaptive,conservative,adaptive,1.0054304276660833
2021-03-11,conservative_adaptive,conservative,adaptive,1.001788375164298
2021-03-12,conservative_adaptive,conservative,adaptive,1.0045446073909494
2021-03-15,conservative_adaptive,conservative,adaptive,1.0150784913023365
2021-03-16,conservative_adaptive,conservative,adaptive,1.007394272696268
2021-03-17,conservative_adaptive,conservative,adaptive,1.0011284885046803
2021-03-18,conservative_adaptive,conservative,adaptive,0.9940592857287393
2021-03-19,conservative_adaptive,conservative,adaptive,1.002520482129167
2021-03-22,conservative_adaptive,conservative,adaptive,1.0024041281225524
2021-03-23,conservative_adaptive,conservative,adaptive,0.9963100062432702
2021-03-24,conservative_adaptive,conservative,adaptive,0.9951763846283357
2021-03-25,conservative_adaptive,conservative,adaptive,0.999774358358224
2021-03-26,conservative_adaptive,conservative,adaptive,1.0195827635788763
2021-03-29,conservative_adaptive,conservative,adaptive,1.0116711889686751
2021-03-30,conservative_adaptive,conservative,adaptive,0.9887163118179735
2021-03-31,conservative_adaptive,conservative,adaptive,1.0012176504057788
2021-04-01,conservative_adaptive,conservative,adaptive,1.0075182322386838
2021-04-05,conservative_adaptive,conservative,adaptive,1.015468304169418
2021-04-06,conservative_adaptive,conservative,adaptive,1.0023318749879557
2021-04-07,conservative_adaptive,conservative,adaptive,0.996272912092898
2021-04-08,conservative_adaptive,conservative,adaptive,1.0027408606539812
2021-04-09,conservative_adaptive,conservative,adaptive,1.0014037560756517
2021-04-12,conservative_adaptive,conservative,adaptive,1.0018675520095954
2021-04-13,conservative_adaptive,conservative,adaptive,1.0068007087520179
2021-04-14,conservative_adaptive,conservative,adaptive,0.9982143613451151
2021-04-15,conservative_adaptive,conservative,adaptive,1.0131112759458678
2021-04-16,conservative_adaptive,conservative,adaptive,1.004881702145308
2021-04-19,conservative_adaptive,conservative,adaptive,0.9933428149652933
2021-04-20,conservative_adaptive,conservative,adaptive,1.0048821459342248
2021-04-21,conservative_adaptive,conservative,adaptive,1.001234651412833
2021-04-22,conservative_adaptive,conservative,adaptive,0.9981082600325317
2021-04-23,conservative_adaptive,conservative,adaptive,1.0010607530899218
2021-04-26,conservative_adaptive,conservative,adaptive,1.0027659018839952
2021-04-27,conservative_adaptive,conservative,adaptive,0.998660396815583
2021-04-28,conservative_adaptive,conservative,adaptive,1.0002951219055014
2021-04-29,conservative_adaptive,conservative,adaptive,1.010874910070157
2021-04-30,conservative_adaptive,conservative,adaptive,1.0027891909378301
2021-05-03,conservative_adaptive,conservative,adaptive,1.0103945903839608
2021-05-04,conservative_adaptive,conservative,adaptive,0.9960806746081268
2021-05-05,conservative_adaptive,conservative,adaptive,1.0104787189627937
2021-05-06,conservative_adaptive,conservative,adaptive,1.0174160411748088
2021-05-07,conservative_adaptive,conservative,adaptive,0.9989021578927084
2021-05-10,conservative_adaptive,conservative,adaptive,1.0029397390434804
2021-05-11,conservative_adaptive,conservative,adaptive,1.0047038995544584
2021-05-12,conservative_adaptive,conservative,adaptive,0.9664105023780812
2021-05-13,conservative_adaptive,conservative,adaptive,1.0183553860168741
2021-05-14,conservative_adaptive,conservative,adaptive,1.009129004123718
2021-05-17,conservative_adaptive,conservative,adaptive,0.9954143348032383
2021-05-18,conservative_adaptive,conservative,adaptive,1.0022431722512901
2021-05-19,conservative_adaptive,conservative,adaptive,0.9781451035896616
2021-05-20,conservative_adaptive,conservative,adaptive,1.0164628495984682
2021-05-21,conservative_adaptive,conservative,adaptive,0.9906580718099156
2021-05-24,conservative_adaptive,conservative,adaptive,1.0119179859995566
2021-05-25,conservative_adaptive,conservative,adaptive,0.9972582801758
2021-05-26,conservative_adaptive,conservative,adaptive,1.0056832183044053
2021-05-27,conservative_adaptive,conservative,adaptive,0.9943696636249857
2021-05-28,conservative_adaptive,conservative,adaptive,0.9961863333806891
2021-06-01,conservative_adaptive,conservative,adaptive,0.9977410636310461
2021-06-02,conservative_adaptive,conservative,adaptive,1.003162648165619
2021-06-03,conservative_adaptive,conservative,adaptive,1.00438057830625
2021-06-04,conservative_adaptive,conservative,adaptive,1.002726049603299
2021-06-07,conservative_adaptive,conservative,adaptive,0.9997583822081458
2021-06-08,conservative_adaptive,conservative,adaptive,0.9950604858675396
2021-06-09,conservative_adaptive,conservative,adaptive,1.0025457925190282
2021-06-10,conservative_adaptive,conservative,adaptive,1.0040395044627544
2021-06-11,conservative_adaptive,conservative,adaptive,1.0011567872287135
2021-06-14,conservative_adaptive,conservative,adaptive,1.0008835518442913
2021-06-15,conservative_adaptive,conservative,adaptive,0.9985947423834776
2021-06-16,conservative_adaptive,conservative,adaptive,0.9873858080070635
2021-06-17,conservative_adaptive,conservative,adaptive,1.0017736164027673
2021-06-18,conservative_adaptive,conservative,adaptive,0.9865227686790278
2021-06-21,conservative_adaptive,conservative,adaptive,1.0126293121939034
2021-06-22,conservative_adaptive,conservative,adaptive,0.998417655109279
2021-06-23,conservative_adaptive,conservative,adaptive,0.9939229111083278
2021-06-24,conservative_adaptive,conservative,adaptive,1.001477809192296
2021-06-25,conservative_adaptive,conservative,adaptive,1.0177590828807803
2021-06-28,conservative_adaptive,conservative,adaptive,1.0005130217632225
2021-06-29,conservative_adaptive,conservative,adaptive,0.9958881448958885
2021-06-30,conservative_adaptive,conservative,adaptive,1.0064392176816719
2021-07-01,conservative_adaptive,conservative,adaptive,1.0050608990124563
2021-07-02,conservative_adaptive,conservative,adaptive,1.0045477831726604
2021-07-06,conservative_adaptive,conservative,adaptive,0.9988309633776988
2021-07-07,conservative_adaptive,conservative,adaptive,1.0026517883279815
2021-07-08,conservative_adaptive,conservative,adaptive,0.9937698997598003
2021-07-09,conservative_adaptive,conservative,adaptive,1.0079166150876424
2021-07-12,conservative_adaptive,conservative,adaptive,1.002971514953612
2021-07-13,conservative_adaptive,conservative,adaptive,0.9972905515979077
2021-07-14,conservative_adaptive,conservative,adaptive,1.0035948345283972
2021-07-15,conservative_adaptive,conservative,adaptive,1.0041288843149114
2021-07-16,conservative_adaptive,conservative,adaptive,1.0006197172627496
2021-07-19,conservative_adaptive,conservative,adaptive,0.989074079194583
2021-07-20,conservative_adaptive,conservative,adaptive,1.0054412076857682
2021-07-21,conservative_adaptive,conservative,adaptive,0.9970550469436834
2021-07-22,conservative_adaptive,conservative,adaptive,1.0027111964527249
2021-07-23,conservative_adaptive,conservative,adaptive,1.0119610814839426
2021-07-26,conservative_adaptive,conservative,adaptive,1.0002579333813433
2021-07-27,conservative_adaptive,conservative,adaptive,1.0018049303105296
2021-07-28,conservative_adaptive,conservative,adaptive,0.9997287245806862
2021-07-29,conservative_adaptive,conservative,adaptive,1.0028024125324566
2021-07-30,conservative_adaptive,conservative,adaptive,0.9969313253795151
2021-08-02,conservative_adaptive,conservative,adaptive,1.0012882745531941
2021-08-03,conservative_adaptive,conservative,adaptive,1.0049628798150334
2021-08-04,conservative_adaptive,conservative,adaptive,0.9969280164091068
2021-08-05,conservative_adaptive,conservative,adaptive,1.0044566147398115
2021-08-06,conservative_adaptive,conservative,adaptive,0.9977639222482296
2021-08-09,conservative_adaptive,conservative,adaptive,1.0031568949020082
2021-08-10,conservative_adaptive,conservative,adaptive,1.0062654790766923
2021-08-11,conservative_adaptive,conservative,adaptive,1.0093338151552442
2021-08-12,conservative_adaptive,conservative,adaptive,1.0021289892128262
2021-08-13,conservative_adaptive,conservative,adaptive,1.0079866153538726
2021-08-16,conservative_adaptive,conservative,adaptive,1.0051299103378384
2021-08-17,conservative_adaptive,conservative,adaptive,0.997440029469022
2021-08-18,conservative_adaptive,conservative,adaptive,0.9921394309864211
2021-08-19,conservative_adaptive,conservative,adaptive,1.0029408100189834
2021-08-20,conservative_adaptive,conservative,adaptive,1.0090319495385536
2021-08-23,conservative_adaptive,conservative,adaptive,0.999828174152359
2021-08-24,conservative_adaptive,conservative,adaptive,0.9918208659671647
2021-08-25,conservative_adaptive,conservative,adaptive,0.9986164023578308
2021-08-26,conservative_adaptive,conservative,adaptive,0.9928130229948612
2021-08-27,conservative_adaptive,conservative,adaptive,1.0063781127298597
2021-08-30,conservative_adaptive,conservative,adaptive,1.003485587139991
2021-08-31,conservative_adaptive,conservative,adaptive,1.00314112547013
2021-09-01,conservative_adaptive,conservative,adaptive,1.008305498769673
2021-09-02,conservative_adaptive,conservative,adaptive,1.0069065480330726
2021-09-03,conservative_adaptive,conservative,adaptive,1.0017765122865752
2021-09-07,conservative_adaptive,conservative,adaptive,0.9755069738478293
2021-09-08,conservative_adaptive,conservative,adaptive,1.0029858718133058
2021-09-09,conservative_adaptive,conservative,adaptive,0.9942222056832074
2021-09-10,conservative_adaptive,conservative,adaptive,0.9965192143376105
2021-09-13,conservative_adaptive,conservative,adaptive,0.995576381987831
2021-09-14,conservative_adaptive,conservative,adaptive,0.9984513593631554
2021-09-15,conservative_adaptive,conservative,adaptive,1.002985763772406
2021-09-16,conservative_adaptive,conservative,adaptive,0.9936732133219253
2021-09-17,conservative_adaptive,conservative,adaptive,0.986641854566524
2021-09-20,conservative_adaptive,conservative,adaptive,0.983508481725116
2021-09-21,conservative_adaptive,conservative,adaptive,0.9933616678076681
2021-09-22,conservative_adaptive,conservative,adaptive,1.0078415533160692
2021-09-23,conservative_adaptive,conservative,adaptive,1.0046224947619868
2021-09-24,conservative_adaptive,conservative,adaptive,0.987974393005894
2021-09-27,conservative_adaptive,conservative,adaptive,0.9915504519190075
2021-09-28,conservative_adaptive,conservative,adaptive,0.9903836809085254
2021-09-29,conservative_adaptive,conservative,adaptive,1.0110378998645966
2021-09-30,conservative_adaptive,conservative,adaptive,0.9947216680965816
2021-10-01,conservative_adaptive,conservative,adaptive,1.0087445606285195
2021-10-04,conservative_adaptive,conservative,adaptive,0.9980020800779161
2021-10-05,conservative_adaptive,conservative,adaptive,1.0083576384037165
2021-10-06,conservative_adaptive,conservative,adaptive,1.001632805212753
2021-10-07,conservative_adaptive,conservative,adaptive,1.0076497372645936
2021-10-08,conservative_adaptive,conservative,adaptive,0.9970145075405972
2021-10-11,conservative_adaptive,conservative,adaptive,0.9931465978698044
2021-10-12,conservative_adaptive,conservative,adaptive,1.0009491158614359
2021-10-13,conservative_adaptive,conservative,adaptive,1.0045371605734863
2021-10-14,conservative_adaptive,conservative,adaptive,1.0079679864402329
2021-10-15,conservative_adaptive,conservative,adaptive,1.0042029663391874
2021-10-18,conservative_adaptive,conservative,adaptive,0.9965504057161383
2021-10-19,conservative_adaptive,conservative,adaptive,1.0070275490508973
2021-10-20,conservative_adaptive,conservative,adaptive,1.0118633811678062
2021-10-21,conservative_adaptive,conservative,adaptive,1.0052669060689639
2021-10-22,conservative_adaptive,conservative,adaptive,1.001777825493227
2021-10-25,conservative_adaptive,conservative,adaptive,1.0062085328488712
2021-10-26,conservative_adaptive,conservative,adaptive,1.005147162186397
2021-10-27,conservative_adaptive,conservative,adaptive,0.9881214671793317
2021-10-28,conservative_adaptive,conservative,adaptive,1.01164692309262
2021-10-29,conservative_adaptive,conservative,adaptive,0.9950431435778525
2021-11-01,conservative_adaptive,conservative,adaptive,1.0003325985188363
2021-11-02,conservative_adaptive,conservative,adaptive,1.0050511913781333
2021-11-03,conservative_adaptive,conservative,adaptive,1.0053677559254675
2021-11-04,conservative_adaptive,conservative,adaptive,1.0019633337968499
2021-11-05,conservative_adaptive,conservative,adaptive,0.9893006709350725
2021-11-08,conservative_adaptive,conservative,adaptive,1.0025537528956003
2021-11-09,conservative_adaptive,conservative,adaptive,1.007815676265769
2021-11-10,conservative_adaptive,conservative,adaptive,1.0005318692477416
2021-11-11,conservative_adaptive,conservative,adaptive,1.0021098019261414
2021-11-12,conservative_adaptive,conservative,adaptive,1.005563488164652
2021-11-15,conservative_adaptive,conservative,adaptive,0.9972717923661218
2021-11-16,conservative_adaptive,conservative,adaptive,0.9946793762668974
2021-11-17,conservative_adaptive,conservative,adaptive,0.9941491435128144
2021-11-18,conservative_adaptive,conservative,adaptive,0.9949950447922599
2021-11-19,conservative_adaptive,conservative,adaptive,0.9976685648529263
2021-11-22,conservative_adaptive,conservative,adaptive,0.9987938019579911
2021-11-23,conservative_adaptive,conservative,adaptive,1.0047559331456817
2021-11-24,conservative_adaptive,conservative,adaptive,0.9976877713216012
2021-11-26,conservative_adaptive,conservative,adaptive,0.9828619448067778
2021-11-29,conservative_adaptive,conservative,adaptive,1.0080142780674979
2021-11-30,conservative_adaptive,conservative,adaptive,0.9836363694274763
2021-12-01,conservative_adaptive,conservative,adaptive,0.994697426609946
2021-12-02,conservative_adaptive,conservative,adaptive,1.0204772129048032
2021-12-03,conservative_adaptive,conservative,adaptive,1.000935618953846
2021-12-06,conservative_adaptive,conservative,adaptive,1.0094253676183416
2021-12-07,conservative_adaptive,conservative,adaptive,1.0028814298539215
2021-12-08,conservative_adaptive,conservative,adaptive,1.004148238177999
2021-12-09,conservative_adaptive,conservative,adaptive,0.9951310848555064
2021-12-10,conservative_adaptive,conservative,adaptive,1.0043896428086647
2021-12-13,conservative_adaptive,conservative,adaptive,0.9975538835038732
2021-12-14,conservative_adaptive,conservative,adaptive,0.9967953012346139
2021-12-15,conservative_adaptive,conservative,adaptive,1.0136909835803725
2021-12-16,conservative_adaptive,conservative,adaptive,1.0058751165893265
2021-12-17,conservative_adaptive,conservative,adaptive,0.9875833558286721
2021-12-20,conservative_adaptive,conservative,adaptive,0.9995178790699961
2021-12-21,conservative_adaptive,conservative,adaptive,1.002756665904753
2021-12-22,conservative_adaptive,conservative,adaptive,1.0098929281673326
2021-12-23,conservative_adaptive,conservative,adaptive,1.0039802522542016
2021-12-27,conservative_adaptive,conservative,adaptive,1.0137607632527272
2021-12-28,conservative_adaptive,conservative,adaptive,0.9984855369783511
2021-12-29,conservative_adaptive,conservative,adaptive,1.0021636266086185
2021-12-30,conservative_adaptive,conservative,adaptive,1.000076526467474
2021-12-31,conservative_adaptive,conservative,adaptive,0.996747492162496
2022-01-03,conservative_adaptive,conservative,adaptive,0.9923879578278095
2022-01-04,conservative_adaptive,conservative,adaptive,0.9985072497883726
2022-01-05,conservative_adaptive,conservative,adaptive,0.9945131975136425
2022-01-06,conservative_adaptive,conservative,adaptive,0.9959698751341506
2022-01-07,conservative_adaptive,conservative,adaptive,0.9929667285642236
2022-01-10,conservative_adaptive,conservative,adaptive,0.9974787835653834
2022-01-11,conservative_adaptive,conservative,adaptive,1.0085714532631567
2022-01-12,conservative_adaptive,conservative,adaptive,1.002555080439619
2022-01-13,conservative_adaptive,conservative,adaptive,0.989266729638359
2022-01-14,conservative_adaptive,conservative,adaptive,0.9955965897793924
2022-01-18,conservative_adaptive,conservative,adaptive,0.9947031426006963
2022-01-19,conservative_adaptive,conservative,adaptive,0.9942793682961448
2022-01-20,conservative_adaptive,conservative,adaptive,0.9882358349833007
2022-01-21,conservative_adaptive,conservative,adaptive,0.9929414086494046
2022-01-24,conservative_adaptive,conservative,adaptive,0.9978475235565031
2022-01-25,conservative_adaptive,conservative,adaptive,1.0009607756610719
2022-01-26,conservative_adaptive,conservative,adaptive,0.9847222820791964
2022-01-27,conservative_adaptive,conservative,adaptive,0.997148816923882
2022-01-28,conservative_adaptive,conservative,adaptive,1.0161462797340401
2022-01-31,conservative_adaptive,conservative,adaptive,1.003894890023437
2022-02-01,conservative_adaptive,conservative,adaptive,1.0061439721737762
2022-02-02,conservative_adaptive,conservative,adaptive,1.000872479061967
2022-02-03,conservative_adaptive,conservative,adaptive,0.9883174673867005
2022-02-04,conservative_adaptive,conservative,adaptive,1.002663711463776
2022-02-07,conservative_adaptive,conservative,adaptive,1.0022232549790149
2022-02-08,conservative_adaptive,conservative,adaptive,0.9965687152503483
2022-02-09,conservative_adaptive,conservative,adaptive,1.011192775206898
2022-02-10,conservative_adaptive,conservative,adaptive,0.982798533370056
2022-02-11,conservative_adaptive,conservative,adaptive,0.9904300335073869
2022-02-14,conservative_adaptive,conservative,adaptive,0.9887422922931253
2022-02-15,conservative_adaptive,conservative,adaptive,1.007200556463601
2022-02-16,conservative_adaptive,conservative,adaptive,0.9991352244447668
2022-02-17,conservative_adaptive,conservative,adaptive,0.980103215125253
2022-02-18,conservative_adaptive,conservative,adaptive,0.9937224688609181
2022-02-22,conservative_adaptive,conservative,adaptive,0.9946095436961612
2022-02-23,conservative_adaptive,conservative,adaptive,1.0009098453276053
2022-02-24,conservative_adaptive,conservative,adaptive,0.9993899541039579
2022-02-25,conservative_adaptive,conservative,adaptive,1.0262975031582824
2022-02-28,conservative_adaptive,conservative,adaptive,0.997300881503702
2022-03-01,conservative_adaptive,conservative,adaptive,0.9913918807788175
2022-03-02,conservative_adaptive,conservative,adaptive,1.0104627284478938
2022-03-03,conservative_adaptive,conservative,adaptive,0.9998533931191513
2022-03-04,conservative_adaptive,conservative,adaptive,0.9947484264621861
2022-03-07,conservative_adaptive,conservative,adaptive,0.9797821034052325
2022-03-08,conservative_adaptive,conservative,adaptive,0.9818688066035957
2022-03-09,conservative_adaptive,conservative,adaptive,1.0135585798963709
2022-03-10,conservative_adaptive,conservative,adaptive,0.9902244847828944
2022-03-11,conservative_adaptive,conservative,adaptive,0.9934372360901066
2022-03-14,conservative_adaptive,conservative,adaptive,0.9970265038307742
2022-03-15,conservative_adaptive,conservative,adaptive,1.0107807888033973
2022-03-16,conservative_adaptive,conservative,adaptive,1.011630967500231
2022-03-17,conservative_adaptive,conservative,adaptive,1.0129570156340084
2022-03-18,conservative_adaptive,conservative,adaptive,1.0080405647915833
2022-03-21,conservative_adaptive,conservative,adaptive,1.002355293948236
2022-03-22,conservative_adaptive,conservative,adaptive,1.0099778120263596
2022-03-23,conservative_adaptive,conservative,adaptive,0.9927314381505652
2022-03-24,conservative_adaptive,conservative,adaptive,1.0073457355759328
2022-03-25,conservative_adaptive,conservative,adaptive,1.0071954952052167
2022-03-28,conservative_adaptive,conservative,adaptive,1.0054138526838885
2022-03-29,conservative_adaptive,conservative,adaptive,1.017219571569945
2022-03-30,conservative_adaptive,conservative,adaptive,0.9964765834442683
2022-03-31,conservative_adaptive,conservative,adaptive,0.9889549381661465
2022-04-01,conservative_adaptive,conservative,adaptive,1.007695082763935
2022-04-04,conservative_adaptive,conservative,adaptive,1.0060325694299648
2022-04-05,conservative_adaptive,conservative,adaptive,0.9928270581398312
2022-04-06,conservative_adaptive,conservative,adaptive,1.0026940532358106
2022-04-07,conservative_adaptive,conservative,adaptive,1.005870173500497
2022-04-08,conservative_adaptive,conservative,adaptive,1.0028071351479813
2022-04-11,conservative_adaptive,conservative,adaptive,0.9813279194151449
2022-04-12,conservative_adaptive,conservative,adaptive,0.9975105314122589
2022-04-13,conservative_adaptive,conservative,adaptive,1.0028017521216142
2022-04-14,conservative_adaptive,conservative,adaptive,0.9972071025241686
2022-04-18,conservative_adaptive,conservative,adaptive,0.992760748305834
2022-04-19,conservative_adaptive,conservative,adaptive,1.0108076118085638
2022-04-20,conservative_adaptive,conservative,adaptive,0.9987813090603199
2022-04-21,conservative_adaptive,conservative,adaptive,0.9882547528867076
2022-04-22,conservative_adaptive,conservative,adaptive,0.9834880774264799
2022-04-25,conservative_adaptive,conservative,adaptive,1.0018708534370562
2022-04-26,conservative_adaptive,conservative,adaptive,0.988829636957155
2022-04-27,conservative_adaptive,conservative,adaptive,1.000581512172492
2022-04-28,conservative_adaptive,conservative,adaptive,1.0106867370207901
2022-04-29,conservative_adaptive,conservative,adaptive,0.9667820176467584
2022-05-02,conservative_adaptive,conservative,adaptive,1.0024707436870721
2022-05-03,conservative_adaptive,conservative,adaptive,1.0003279969950638
2022-05-04,conservative_adaptive,conservative,adaptive,1.0353165914473859
2022-05-05,conservative_adaptive,conservative,adaptive,0.9739252761356066
2022-05-06,conservative_adaptive,conservative,adaptive,0.9926715502470311
2022-05-09,conservative_adaptive,conservative,adaptive,0.9720775275280139
2022-05-10,conservative_adaptive,conservative,adaptive,0.9932517506201135
2022-05-11,conservative_adaptive,conservative,adaptive,0.9980049756486221
2022-05-12,conservative_adaptive,conservative,adaptive,1.0056440145730745
2022-05-13,conservative_adaptive,conservative,adaptive,1.0155802724951475
2022-05-16,conservative_adaptive,conservative,adaptive,0.9995703592778509
2022-05-17,conservative_adaptive,conservative,adaptive,1.0182379675891762
2022-05-18,conservative_adaptive,conservative,adaptive,0.9826287258772328
2022-05-19,conservative_adaptive,conservative,adaptive,1.0012274121231872
2022-05-20,conservative_adaptive,conservative,adaptive,0.9992337913137145
2022-05-23,conservative_adaptive,conservative,adaptive,1.0113923929556394
2022-05-24,conservative_adaptive,conservative,adaptive,1.0085390940820922
2022-05-25,conservative_adaptive,conservative,adaptive,1.005565908204955
2022-05-26,conservative_adaptive,conservative,adaptive,1.000475515141131
2022-05-27,conservative_adaptive,conservative,adaptive,1.0083117259449643
2022-05-31,conservative_adaptive,conservative,adaptive,0.9947845210220259
2022-06-01,conservative_adaptive,conservative,adaptive,0.9951457132944843
2022-06-02,conservative_adaptive,conservative,adaptive,1.0062918293744085
2022-06-03,conservative_adaptive,conservative,adaptive,0.9944022209188219
2022-06-06,conservative_adaptive,conservative,adaptive,1.0018006406282238
2022-06-07,conservative_adaptive,conservative,adaptive,1.008985161661795
2022-06-08,conservative_adaptive,conservative,adaptive,0.9864137141524951
2022-06-09,conservative_adaptive,conservative,adaptive,0.9782880671395774
2022-06-10,conservative_adaptive,conservative,adaptive,0.9819546131007583
2022-06-13,conservative_adaptive,conservative,adaptive,0.9587824030238212
2022-06-14,conservative_adaptive,conservative,adaptive,0.9820258768640092
2022-06-15,conservative_adaptive,conservative,adaptive,1.0085919748431817
2022-06-16,conservative_adaptive,conservative,adaptive,0.9823924483814301
2022-06-17,conservative_adaptive,conservative,adaptive,1.0022076542422578
2022-06-21,conservative_adaptive,conservative,adaptive,1.018201898498319
2022-06-22,conservative_adaptive,conservative,adaptive,1.0019910961655556
2022-06-23,conservative_adaptive,conservative,adaptive,1.015538247435243
2022-06-24,conservative_adaptive,conservative,adaptive,1.0177790170323082
2022-06-27,conservative_adaptive,conservative,adaptive,0.9952980234857501
2022-06-28,conservative_adaptive,conservative,adaptive,0.9868704973445304
2022-06-29,conservative_adaptive,conservative,adaptive,1.0011665434903054
2022-06-30,conservative_adaptive,conservative,adaptive,0.9915979350861858
2022-07-01,conservative_adaptive,conservative,adaptive,1.015537268797957
2022-07-05,conservative_adaptive,conservative,adaptive,0.9995439910404588
2022-07-06,conservative_adaptive,conservative,adaptive,1.0012535519330161
2022-07-07,conservative_adaptive,conservative,adaptive,1.0030743411939735
2022-07-08,conservative_adaptive,conservative,adaptive,0.9980718027451245
2022-07-11,conservative_adaptive,conservative,adaptive,0.9982354436503104
2022-07-12,conservative_adaptive,conservative,adaptive,0.9948667524107122
2022-07-13,conservative_adaptive,conservative,adaptive,0.9980401216216704
2022-07-14,conservative_adaptive,conservative,adaptive,0.9985662414235764
2022-07-15,conservative_adaptive,conservative,adaptive,1.0114575009400806
2022-07-18,conservative_adaptive,conservative,adaptive,0.9897081557706249
2022-07-19,conservative_adaptive,conservative,adaptive,1.0149387341797997
2022-07-20,conservative_adaptive,conservative,adaptive,0.9962442750872841
2022-07-21,conservative_adaptive,conservative,adaptive,1.0047632812508578
2022-07-22,conservative_adaptive,conservative,adaptive,1.000094311100212
2022-07-25,conservative_adaptive,conservative,adaptive,1.0003922083646435
2022-07-26,conservative_adaptive,conservative,adaptive,0.9969120653203223
2022-07-27,conservative_adaptive,conservative,adaptive,1.002611679985128
2022-07-28,conservative_adaptive,conservative,adaptive,1.008534209211743
2022-07-29,conservative_adaptive,conservative,adaptive,1.003331373032251
2022-08-01,conservative_adaptive,conservative,adaptive,0.9953438004052261
2022-08-02,conservative_adaptive,conservative,adaptive,0.9927353269745351
2022-08-03,conservative_adaptive,conservative,adaptive,1.0159367026853854
2022-08-04,conservative_adaptive,conservative,adaptive,0.9952213858976515
2022-08-05,conservative_adaptive,conservative,adaptive,0.9964207171344275
2022-08-08,conservative_adaptive,conservative,adaptive,1.0039566239303301
2022-08-09,conservative_adaptive,conservative,adaptive,0.9999423309043417
2022-08-10,conservative_adaptive,conservative,adaptive,1.0137125588265725
2022-08-11,conservative_adaptive,conservative,adaptive,0.9973099238024447
2022-08-12,conservative_adaptive,conservative,adaptive,1.0143796648318661
2022-08-15,conservative_adaptive,conservative,adaptive,1.0139753165889036
2022-08-16,conservative_adaptive,conservative,adaptive,1.0104610641529264
2022-08-17,conservative_adaptive,conservative,adaptive,0.9941699400979229
2022-08-18,conservative_adaptive,conservative,adaptive,0.9963503939038426
2022-08-19,conservative_adaptive,conservative,adaptive,0.9918142842769686
2022-08-22,conservative_adaptive,conservative,adaptive,0.9857292754242162
2022-08-23,conservative_adaptive,conservative,adaptive,0.9945538056414148
2022-08-24,conservative_adaptive,conservative,adaptive,1.0004878576251386
2022-08-25,conservative_adaptive,conservative,adaptive,1.0066358433908185
2022-08-26,conservative_adaptive,conservative,adaptive,0.9853050743481255
2022-08-29,conservative_adaptive,conservative,adaptive,0.9967756398672484
2022-08-30,conservative_adaptive,conservative,adaptive,0.9914752079883427
2022-08-31,conservative_adaptive,conservative,adaptive,0.9988403876932731
2022-09-01,conservative_adaptive,conservative,adaptive,1.0129008440436387
2022-09-02,conservative_adaptive,conservative,adaptive,0.989916392023753
2022-09-06,conservative_adaptive,conservative,adaptive,0.9942900803352818
2022-09-07,conservative_adaptive,conservative,adaptive,1.0171921056032391
2022-09-08,conservative_adaptive,conservative,adaptive,1.0037594751634948
2022-09-09,conservative_adaptive,conservative,adaptive,1.0124854869426463
2022-09-12,conservative_adaptive,conservative,adaptive,1.0104116917026347
2022-09-13,conservative_adaptive,conservative,adaptive,0.9665007383693336
2022-09-14,conservative_adaptive,conservative,adaptive,1.009606171701299
2022-09-15,conservative_adaptive,conservative,adaptive,0.9870634109835553
2022-09-16,conservative_adaptive,conservative,adaptive,1.002225183448363
2022-09-19,conservative_adaptive,conservative,adaptive,1.0060060890520945
2022-09-20,conservative_adaptive,conservative,adaptive,0.986980413924377
2022-09-21,conservative_adaptive,conservative,adaptive,0.9831368145767176
2022-09-22,conservative_adaptive,conservative,adaptive,1.010175844370719
2022-09-23,conservative_adaptive,conservative,adaptive,0.9854866226072458
2022-09-26,conservative_adaptive,conservative,adaptive,0.9896069103359291
2022-09-27,conservative_adaptive,conservative,adaptive,0.9947794902100328
2022-09-28,conservative_adaptive,conservative,adaptive,1.0197293015845807
2022-09-29,conservative_adaptive,conservative,adaptive,0.9880491795284159
2022-09-30,conservative_adaptive,conservative,adaptive,0.9864177627630051
2022-10-03,conservative_adaptive,conservative,adaptive,1.0257169157180592
2022-10-04,conservative_adaptive,conservative,adaptive,1.0194041438200339
2022-10-05,conservative_adaptive,conservative,adaptive,0.9987945562230583
2022-10-06,conservative_adaptive,conservative,adaptive,0.9958560365881217
2022-10-07,conservative_adaptive,conservative,adaptive,0.9856949163530238
2022-10-10,conservative_adaptive,conservative,adaptive,1.0031144125856348
2022-10-11,conservative_adaptive,conservative,adaptive,1.011372584937169
2022-10-12,conservative_adaptive,conservative,adaptive,0.9982367434302637
2022-10-13,conservative_adaptive,conservative,adaptive,1.0174314483392537
2022-10-14,conservative_adaptive,conservative,adaptive,0.9917605143049553
2022-10-17,conservative_adaptive,conservative,adaptive,1.0118466042247436
2022-10-18,conservative_adaptive,conservative,adaptive,1.007305892388727
2022-10-19,conservative_adaptive,conservative,adaptive,0.9897000674335334
2022-10-20,conservative_adaptive,conservative,adaptive,1.0037418919340688
2022-10-21,conservative_adaptive,conservative,adaptive,1.0210721305526453
2022-10-24,conservative_adaptive,conservative,adaptive,1.0119935118652803
2022-10-25,conservative_adaptive,conservative,adaptive,1.007767065782801
2022-10-26,conservative_adaptive,conservative,adaptive,1.013982853837039
2022-10-27,conservative_adaptive,conservative,adaptive,0.9995625183172989
2022-10-28,conservative_adaptive,conservative,adaptive,1.0162238229866485
2022-10-31,conservative_adaptive,conservative,adaptive,0.9916345951714984
2022-11-01,conservative_adaptive,conservative,adaptive,0.9980862918083943
2022-11-02,conservative_adaptive,conservative,adaptive,0.9866108901271459
2022-11-03,conservative_adaptive,conservative,adaptive,0.9925543092143185
2022-11-04,conservative_adaptive,conservative,adaptive,1.0246084373053284
2022-11-07,conservative_adaptive,conservative,adaptive,1.0122979032002724
2022-11-08,conservative_adaptive,conservative,adaptive,1.0042081965516407
2022-11-09,conservative_adaptive,conservative,adaptive,0.9786748406915567
2022-11-10,conservative_adaptive,conservative,adaptive,1.0314557697777107
2022-11-11,conservative_adaptive,conservative,adaptive,0.9920739083848933
2022-11-14,conservative_adaptive,conservative,adaptive,1.0017153772892475
2022-11-15,conservative_adaptive,conservative,adaptive,1.0025799955526293
2022-11-16,conservative_adaptive,conservative,adaptive,0.9989842113196818
2022-11-17,conservative_adaptive,conservative,adaptive,1.0037480007069337
2022-11-18,conservative_adaptive,conservative,adaptive,1.0081456619668934
2022-11-21,conservative_adaptive,conservative,adaptive,1.0019362691318572
2022-11-22,conservative_adaptive,conservative,adaptive,1.010137752599913
2022-11-23,conservative_adaptive,conservative,adaptive,1.0022232350341327
2022-11-25,conservative_adaptive,conservative,adaptive,0.9998543136796139
2022-11-28,conservative_adaptive,conservative,adaptive,0.9915185252919358
2022-11-29,conservative_adaptive,conservative,adaptive,1.0045298347164415
2022-11-30,conservative_adaptive,conservative,adaptive,1.0212623998055932
2022-12-01,conservative_adaptive,conservative,adaptive,0.9993426542604024
2022-12-02,conservative_adaptive,conservative,adaptive,1.0025319343179968
2022-12-05,conservative_adaptive,conservative,adaptive,0.9913031759664249
2022-12-06,conservative_adaptive,conservative,adaptive,0.9928046714527085
2022-12-07,conservative_adaptive,conservative,adaptive,1.0031721327896967
2022-12-08,conservative_adaptive,conservative,adaptive,1.0039056607288732
2022-12-09,conservative_adaptive,conservative,adaptive,0.984901329485675
2022-12-12,conservative_adaptive,conservative,adaptive,1.0046898310535979
2022-12-13,conservative_adaptive,conservative,adaptive,1.0033188056170446
2022-12-14,conservative_adaptive,conservative,adaptive,0.9982137263411862
2022-12-15,conservative_adaptive,conservative,adaptive,0.9835016685895898
2022-12-16,conservative_adaptive,conservative,adaptive,0.9911124227181222
2022-12-19,conservative_adaptive,conservative,adaptive,0.9958620815109653
2022-12-20,conservative_adaptive,conservative,adaptive,1.0028652435767693
2022-12-21,conservative_adaptive,conservative,adaptive,1.010578468433086
2022-12-22,conservative_adaptive,conservative,adaptive,0.9961080421176544
2022-12-23,conservative_adaptive,conservative,adaptive,1.004031796205025
2022-12-27,conservative_adaptive,conservative,adaptive,1.0006882924098828
2022-12-28,conservative_adaptive,conservative,adaptive,0.98857759434723
2022-12-29,conservative_adaptive,conservative,adaptive,1.0065859180823697
2022-12-30,conservative_adaptive,conservative,adaptive,0.9987937173801054
2023-01-03,conservative_adaptive,conservative,adaptive,0.999010976093132
2023-01-04,conservative_adaptive,conservative,adaptive,1.0091297774977315
2023-01-05,conservative_adaptive,conservative,adaptive,1.0001351259559597
2023-01-06,conservative_adaptive,conservative,adaptive,1.0149712100756092
2023-01-09,conservative_adaptive,conservative,adaptive,0.9868731365741417
2023-01-10,conservative_adaptive,conservative,adaptive,1.001885868248238
2023-01-11,conservative_adaptive,conservative,adaptive,1.0079944153974623
2023-01-12,conservative_adaptive,conservative,adaptive,1.0005744820310583
2023-01-13,conservative_adaptive,conservative,adaptive,1.0024146033689334
2023-01-17,conservative_adaptive,conservative,adaptive,0.9940304090972483
2023-01-18,conservative_adaptive,conservative,adaptive,0.9821846737571316
2023-01-19,conservative_adaptive,conservative,adaptive,0.9985355874264314
2023-01-20,conservative_adaptive,conservative,adaptive,1.01176203890795
2023-01-23,conservative_adaptive,conservative,adaptive,1.0029551869990214
2023-01-24,conservative_adaptive,conservative,adaptive,0.9950828954868121
2023-01-25,conservative_adaptive,conservative,adaptive,0.9994549715414669
2023-01-26,conservative_adaptive,conservative,adaptive,1.0012566793566513
2023-01-27,conservative_adaptive,conservative,adaptive,0.9961022479467269
2023-01-30,conservative_adaptive,conservative,adaptive,0.9942963432933183
2023-01-31,conservative_adaptive,conservative,adaptive,1.0088563576084735
2023-02-01,conservative_adaptive,conservative,adaptive,0.9808866599967723
2023-02-02,conservative_adaptive,conservative,adaptive,0.9880357588068622
2023-02-03,conservative_adaptive,conservative,adaptive,0.9931695887901246
2023-02-06,conservative_adaptive,conservative,adaptive,0.9977812504031526
2023-02-07,conservative_adaptive,conservative,adaptive,1.0102867487871765
2023-02-08,conservative_adaptive,conservative,adaptive,0.993336072602718
2023-02-09,conservative_adaptive,conservative,adaptive,0.9921015361769475
2023-02-10,conservative_adaptive,conservative,adaptive,1.0128554458741756
2023-02-13,conservative_adaptive,conservative,adaptive,1.0064877469369096
2023-02-14,conservative_adaptive,conservative,adaptive,0.9944963726546564
2023-02-15,conservative_adaptive,conservative,adaptive,1.006739909518888
2023-02-16,conservative_adaptive,conservative,adaptive,0.9849002122431142
2023-02-17,conservative_adaptive,conservative,adaptive,1.013685026586411
2023-02-21,conservative_adaptive,conservative,adaptive,0.9943660543734324
2023-02-22,conservative_adaptive,conservative,adaptive,0.9953680904075921
2023-02-23,conservative_adaptive,conservative,adaptive,1.001795081166324
2023-02-24,conservative_adaptive,conservative,adaptive,0.9898411447575478
2023-02-27,conservative_adaptive,conservative,adaptive,1.0000180432706514
2023-02-28,conservative_adaptive,conservative,adaptive,0.9898070607555521
2023-03-01,conservative_adaptive,conservative,adaptive,1.0019646317392852
2023-03-02,conservative_adaptive,conservative,adaptive,1.0034082290617383
2023-03-03,conservative_adaptive,conservative,adaptive,1.002082731392233
2023-03-06,conservative_adaptive,conservative,adaptive,1.0069245170274383
2023-03-07,conservative_adaptive,conservative,adaptive,0.9880968767150081
2023-03-08,conservative_adaptive,conservative,adaptive,0.9948824741520889
2023-03-09,conservative_adaptive,conservative,adaptive,0.9837498524126672
2023-03-10,conservative_adaptive,conservative,adaptive,0.9931169633241708
2023-03-13,conservative_adaptive,conservative,adaptive,1.0127703946219797
2023-03-14,conservative_adaptive,conservative,adaptive,1.0071046640168997
2023-03-15,conservative_adaptive,conservative,adaptive,1.001974874623391
2023-03-16,conservative_adaptive,conservative,adaptive,1.000499896238305
2023-03-17,conservative_adaptive,conservative,adaptive,0.9933438306660126
2023-03-20,conservative_adaptive,conservative,adaptive,1.0092307899492827
2023-03-21,conservative_adaptive,conservative,adaptive,1.0036748675122686
2023-03-22,conservative_adaptive,conservative,adaptive,0.9809162339935991
2023-03-23,conservative_adaptive,conservative,adaptive,1.0102063756232424
2023-03-24,conservative_adaptive,conservative,adaptive,1.0135913939944887
2023-03-27,conservative_adaptive,conservative,adaptive,1.003292293933303
2023-03-28,conservative_adaptive,conservative,adaptive,1.0030021631209196
2023-03-29,conservative_adaptive,conservative,adaptive,1.00998064989025
2023-03-30,conservative_adaptive,conservative,adaptive,1.0048176878290007
2023-03-31,conservative_adaptive,conservative,adaptive,1.0089525821684253
2023-04-03,conservative_adaptive,conservative,adaptive,1.0079176258619822
2023-04-04,conservative_adaptive,conservative,adaptive,1.008229878858875
2023-04-05,conservative_adaptive,conservative,adaptive,1.015983958859176
2023-04-06,conservative_adaptive,conservative,adaptive,1.0000541772341585
2023-04-10,conservative_adaptive,conservative,adaptive,0.9994184052378839
2023-04-11,conservative_adaptive,conservative,adaptive,0.9981731064274268
2023-04-12,conservative_adaptive,conservative,adaptive,0.9992401654615659
2023-04-13,conservative_adaptive,conservative,adaptive,1.0095078355796567
2023-04-14,conservative_adaptive,conservative,adaptive,0.9953670688440037
2023-04-17,conservative_adaptive,conservative,adaptive,0.9970636298780138
2023-04-18,conservative_adaptive,conservative,adaptive,1.0015916165672056
2023-04-19,conservative_adaptive,conservative,adaptive,0.993297700740146
2023-04-20,conservative_adaptive,conservative,adaptive,0.992235303717927
2023-04-21,conservative_adaptive,conservative,adaptive,1.002815633824925
2023-04-24,conservative_adaptive,conservative,adaptive,1.0012388294874752
2023-04-25,conservative_adaptive,conservative,adaptive,1.0017278446997422
2023-04-26,conservative_adaptive,conservative,adaptive,0.9805749354525003
2023-04-27,conservative_adaptive,conservative,adaptive,1.0127383156307854
2023-04-28,conservative_adaptive,conservative,adaptive,1.0024684879215402
2023-05-01,conservative_adaptive,conservative,adaptive,0.9985185841829455
2023-05-02,conservative_adaptive,conservative,adaptive,0.9949228699861414
2023-05-03,conservative_adaptive,conservative,adaptive,0.9860371587641279
2023-05-04,conservative_adaptive,conservative,adaptive,1.0024541980093484
2023-05-05,conservative_adaptive,conservative,adaptive,1.0133258193604398
2023-05-08,conservative_adaptive,conservative,adaptive,0.99683844328048
2023-05-09,conservative_adaptive,conservative,adaptive,0.9973422983988935
2023-05-10,conservative_adaptive,conservative,adaptive,1.0006480736690335
2023-05-11,conservative_adaptive,conservative,adaptive,0.9944826693622587
2023-05-12,conservative_adaptive,conservative,adaptive,1.0013329011662304
2023-05-15,conservative_adaptive,conservative,adaptive,0.99836375926637
2023-05-16,conservative_adaptive,conservative,adaptive,0.9868388065498801
2023-05-17,conservative_adaptive,conservative,adaptive,0.9996973264648834
2023-05-18,conservative_adaptive,conservative,adaptive,0.999056645741163
2023-05-19,conservative_adaptive,conservative,adaptive,0.9994129331768309
2023-05-22,conservative_adaptive,conservative,adaptive,0.9970473374372139
2023-05-23,conservative_adaptive,conservative,adaptive,0.9945605915532073
2023-05-24,conservative_adaptive,conservative,adaptive,0.9916420576784828
2023-05-25,conservative_adaptive,conservative,adaptive,0.9870115631687766
2023-05-26,conservative_adaptive,conservative,adaptive,1.0011493914126486
2023-05-30,conservative_adaptive,conservative,adaptive,0.9985472003728848
2023-05-31,conservative_adaptive,conservative,adaptive,1.006651605269602
2023-06-01,conservative_adaptive,conservative,adaptive,0.998602320696898
2023-06-02,conservative_adaptive,conservative,adaptive,1.0147658137766782
2023-06-05,conservative_adaptive,conservative,adaptive,0.9966271384581824
2023-06-06,conservative_adaptive,conservative,adaptive,0.9956220336035732
2023-06-07,conservative_adaptive,conservative,adaptive,0.9977985597119462
2023-06-08,conservative_adaptive,conservative,adaptive,1.0074500002581286
2023-06-09,conservative_adaptive,conservative,adaptive,0.999660761325556
2023-06-12,conservative_adaptive,conservative,adaptive,0.9990506508103411
2023-06-13,conservative_adaptive,conservative,adaptive,1.004607521957988
2023-06-14,conservative_adaptive,conservative,adaptive,0.9986276419721994
2023-06-15,conservative_adaptive,conservative,adaptive,1.0067347435528755
2023-06-16,conservative_adaptive,conservative,adaptive,1.000457718401965
2023-06-20,conservative_adaptive,conservative,adaptive,0.9956685587511251
2023-06-21,conservative_adaptive,conservative,adaptive,1.0023095317625033
2023-06-22,conservative_adaptive,conservative,adaptive,1.007056076927323
2023-06-23,conservative_adaptive,conservative,adaptive,0.998137368641038
2023-06-26,conservative_adaptive,conservative,adaptive,1.000593643035769
2023-06-27,conservative_adaptive,conservative,adaptive,1.006138905124301
2023-06-28,conservative_adaptive,conservative,adaptive,0.993912783734709
2023-06-29,conservative_adaptive,conservative,adaptive,1.0007556859570468
2023-06-30,conservative_adaptive,conservative,adaptive,1.0123370572731767
2023-07-03,conservative_adaptive,conservative,adaptive,1.0024656170410202
2023-07-05,conservative_adaptive,conservative,adaptive,0.9996970289577056
2023-07-06,conservative_adaptive,conservative,adaptive,0.9903037606690995
2023-07-07,conservative_adaptive,conservative,adaptive,0.9892695170529523
2023-07-10,conservative_adaptive,conservative,adaptive,1.0031820587146487
2023-07-11,conservative_adaptive,conservative,adaptive,1.0093534454212805
2023-07-12,conservative_adaptive,conservative,adaptive,0.9979603436842533
2023-07-13,conservative_adaptive,conservative,adaptive,1.027205077457508
2023-07-14,conservative_adaptive,conservative,adaptive,0.9943540043950082
2023-07-17,conservative_adaptive,conservative,adaptive,0.9945581236472218
2023-07-18,conservative_adaptive,conservative,adaptive,1.0010417471735653
2023-07-19,conservative_adaptive,conservative,adaptive,1.0100893229287782
2023-07-20,conservative_adaptive,conservative,adaptive,1.0105801754200079
2023-07-21,conservative_adaptive,conservative,adaptive,1.0054579074681511
2023-07-24,conservative_adaptive,conservative,adaptive,0.9959163058053022
2023-07-25,conservative_adaptive,conservative,adaptive,0.9976851185689621
2023-07-26,conservative_adaptive,conservative,adaptive,1.0043413591939403
2023-07-27,conservative_adaptive,conservative,adaptive,0.9930824224482192
2023-07-28,conservative_adaptive,conservative,adaptive,1.0027498780418318
2023-07-31,conservative_adaptive,conservative,adaptive,0.9951352323425285
2023-08-01,conservative_adaptive,conservative,adaptive,0.9945633781606937
2023-08-02,conservative_adaptive,conservative,adaptive,0.9872617121886187
2023-08-03,conservative_adaptive,conservative,adaptive,0.9907115870937345
2023-08-04,conservative_adaptive,conservative,adaptive,0.9921019739871565
2023-08-07,conservative_adaptive,conservative,adaptive,1.0107021908067388
2023-08-08,conservative_adaptive,conservative,adaptive,0.9978765808747562
2023-08-09,conservative_adaptive,conservative,adaptive,1.00177312882791
2023-08-10,conservative_adaptive,conservative,adaptive,0.9971704535107037
2023-08-11,conservative_adaptive,conservative,adaptive,1.0056587310928105
2023-08-14,conservative_adaptive,conservative,adaptive,0.9998134184291232
2023-08-15,conservative_adaptive,conservative,adaptive,0.9915844149595557
2023-08-16,conservative_adaptive,conservative,adaptive,0.9951542166457694
2023-08-17,conservative_adaptive,conservative,adaptive,0.987798077218448
2023-08-18,conservative_adaptive,conservative,adaptive,1.0025709145840704
2023-08-21,conservative_adaptive,conservative,adaptive,0.9971821016166758
2023-08-22,conservative_adaptive,conservative,adaptive,0.9941172840912798
2023-08-23,conservative_adaptive,conservative,adaptive,1.0135463715367234
2023-08-24,conservative_adaptive,conservative,adaptive,0.9896074553476912
2023-08-25,conservative_adaptive,conservative,adaptive,1.0025346413869314
2023-08-28,conservative_adaptive,conservative,adaptive,1.0019548859333178
2023-08-29,conservative_adaptive,conservative,adaptive,1.0097797113790077
2023-08-30,conservative_adaptive,conservative,adaptive,1.0003393920278867
2023-08-31,conservative_adaptive,conservative,adaptive,0.9922685313934327
2023-09-01,conservative_adaptive,conservative,adaptive,1.0016793666858899
2023-09-05,conservative_adaptive,conservative,adaptive,0.9886749868926246
2023-09-06,conservative_adaptive,conservative,adaptive,0.9970826021158862
2023-09-07,conservative_adaptive,conservative,adaptive,1.0083904834356399
2023-09-08,conservative_adaptive,conservative,adaptive,1.0042167249487206
2023-09-11,conservative_adaptive,conservative,adaptive,1.0001266324833755
2023-09-12,conservative_adaptive,conservative,adaptive,1.0045757615145154
2023-09-13,conservative_adaptive,conservative,adaptive,1.002267291633501
2023-09-14,conservative_adaptive,conservative,adaptive,1.0075256476404288
2023-09-15,conservative_adaptive,conservative,adaptive,0.9934217008878996
2023-09-18,conservative_adaptive,conservative,adaptive,1.0002534211864278
2023-09-19,conservative_adaptive,conservative,adaptive,0.9996903776229731
2023-09-20,conservative_adaptive,conservative,adaptive,0.9972079436420977
2023-09-21,conservative_adaptive,conservative,adaptive,0.9845047345114012
2023-09-22,conservative_adaptive,conservative,adaptive,0.9971316718102423
2023-09-25,conservative_adaptive,conservative,adaptive,0.9998254937669928
2023-09-26,conservative_adaptive,conservative,adaptive,0.9921832244855726
2023-09-27,conservative_adaptive,conservative,adaptive,0.9944410975443231
2023-09-28,conservative_adaptive,conservative,adaptive,1.0054511024862853
2023-09-29,conservative_adaptive,conservative,adaptive,0.9946992498763683
2023-10-02,conservative_adaptive,conservative,adaptive,0.9935958056279227
2023-10-03,conservative_adaptive,conservative,adaptive,0.9872021341668672
2023-10-04,conservative_adaptive,conservative,adaptive,1.0060665553023866
2023-10-05,conservative_adaptive,conservative,adaptive,0.9953935688961214
2023-10-06,conservative_adaptive,conservative,adaptive,1.0059890842349193
2023-10-09,conservative_adaptive,conservative,adaptive,1.0030904160733358
2023-10-10,conservative_adaptive,conservative,adaptive,1.005946105616534
2023-10-11,conservative_adaptive,conservative,adaptive,1.0011291629609576
2023-10-12,conservative_adaptive,conservative,adaptive,0.9949018110549787
2023-10-13,conservative_adaptive,conservative,adaptive,1.0029130943941722
2023-10-16,conservative_adaptive,conservative,adaptive,1.0105863410388858
2023-10-17,conservative_adaptive,conservative,adaptive,0.9981189552783564
2023-10-18,conservative_adaptive,conservative,adaptive,0.9902753317925833
2023-10-19,conservative_adaptive,conservative,adaptive,0.9912161528426038
2023-10-20,conservative_adaptive,conservative,adaptive,1.0033735712669491
2023-10-23,conservative_adaptive,conservative,adaptive,1.0055918353532414
2023-10-24,conservative_adaptive,conservative,adaptive,1.0098452561049645
2023-10-25,conservative_adaptive,conservative,adaptive,0.997992474995289
2023-10-26,conservative_adaptive,conservative,adaptive,0.9959107213379487
2023-10-27,conservative_adaptive,conservative,adaptive,0.9852961833315129
2023-10-30,conservative_adaptive,conservative,adaptive,1.0076073197002784
2023-10-31,conservative_adaptive,conservative,adaptive,1.0057261526384307
2023-11-01,conservative_adaptive,conservative,adaptive,1.0086623526959848
2023-11-02,conservative_adaptive,conservative,adaptive,1.008805044549851
2023-11-03,conservative_adaptive,conservative,adaptive,1.0043620593454554
2023-11-06,conservative_adaptive,conservative,adaptive,1.0001135997962345
2023-11-07,conservative_adaptive,conservative,adaptive,0.9991637839054216
2023-11-08,conservative_adaptive,conservative,adaptive,0.9968250520243143
2023-11-09,conservative_adaptive,conservative,adaptive,0.996707465327892
2023-11-10,conservative_adaptive,conservative,adaptive,1.0085367414981998
2023-11-13,conservative_adaptive,conservative,adaptive,0.9972863946189443
2023-11-14,conservative_adaptive,conservative,adaptive,1.0046497659710383
2023-11-15,conservative_adaptive,conservative,adaptive,1.0064114759017118
2023-11-16,conservative_adaptive,conservative,adaptive,0.9920404961144483
2023-11-17,conservative_adaptive,conservative,adaptive,1.000273791820341
2023-11-20,conservative_adaptive,conservative,adaptive,1.0035316872780065
2023-11-21,conservative_adaptive,conservative,adaptive,0.9963933432059937
2023-11-22,conservative_adaptive,conservative,adaptive,1.0052862373854063
2023-11-24,conservative_adaptive,conservative,adaptive,1.0030718417751014
2023-11-27,conservative_adaptive,conservative,adaptive,0.9969455665919682
2023-11-28,conservative_adaptive,conservative,adaptive,1.0002376714652794
2023-11-29,conservative_adaptive,conservative,adaptive,0.9997619744199664
2023-11-30,conservative_adaptive,conservative,adaptive,1.0078581790324246
2023-12-01,conservative_adaptive,conservative,adaptive,1.0052026098781137
2023-12-04,conservative_adaptive,conservative,adaptive,1.0057899185706574
2023-12-05,conservative_adaptive,conservative,adaptive,1.0023561640850727
2023-12-06,conservative_adaptive,conservative,adaptive,1.0001704131954927
2023-12-07,conservative_adaptive,conservative,adaptive,1.0015255162813312
2023-12-08,conservative_adaptive,conservative,adaptive,1.0035908028948861
2023-12-11,conservative_adaptive,conservative,adaptive,1.001969357232456
2023-12-12,conservative_adaptive,conservative,adaptive,1.0046143069426785
2023-12-13,conservative_adaptive,conservative,adaptive,1.0151495516317812
2023-12-14,conservative_adaptive,conservative,adaptive,0.9938012115408099
2023-12-15,conservative_adaptive,conservative,adaptive,0.9917828382110414
2023-12-18,conservative_adaptive,conservative,adaptive,1.0047868007856626
2023-12-19,conservative_adaptive,conservative,adaptive,0.9993783381898119
2023-12-20,conservative_adaptive,conservative,adaptive,0.9888425498082316
2023-12-21,conservative_adaptive,conservative,adaptive,1.0068207436821233
2023-12-22,conservative_adaptive,conservative,adaptive,1.0069414388332596
2023-12-26,conservative_adaptive,conservative,adaptive,1.0007289528601737
2023-12-27,conservative_adaptive,conservative,adaptive,1.008556002993972
2023-12-28,conservative_adaptive,conservative,adaptive,1.0019698963821553
2023-12-29,conservative_adaptive,conservative,adaptive,0.9996074283042637
2021-01-04,conservative_fixed,conservative,fixed,1.008374997222333
2021-01-05,conservative_fixed,conservative,fixed,1.0048815892763505
2021-01-06,conservative_fixed,conservative,fixed,1.017902691265235
2021-01-07,conservative_fixed,conservative,fixed,1.012535199980572
2021-01-08,conservative_fixed,conservative,fixed,0.9968973513950731
2021-01-11,conservative_fixed,conservative,fixed,0.9844244833930939
2021-01-12,conservative_fixed,conservative,fixed,0.9880888660176047
2021-01-13,conservative_fixed,conservative,fixed,1.0035296567785388
2021-01-14,conservative_fixed,conservative,fixed,1.004885058988295
2021-01-15,conservative_fixed,conservative,fixed,0.9948047871780054
2021-01-19,conservative_fixed,conservative,fixed,1.0121925608803697
2021-01-20,conservative_fixed,conservative,fixed,1.0135442135068138
2021-01-21,conservative_fixed,conservative,fixed,0.9755394524178487
2021-01-22,conservative_fixed,conservative,fixed,1.0043007905829113
2021-01-25,conservative_fixed,conservative,fixed,1.0002745353526015
2021-01-26,conservative_fixed,conservative,fixed,0.9909036326043781
2021-01-27,conservative_fixed,conservative,fixed,0.9656568653844718
2021-01-28,conservative_fixed,conservative,fixed,1.0137368955109243
2021-01-29,conservative_fixed,conservative,fixed,0.998794365663192
2021-02-01,conservative_fixed,conservative,fixed,1.0031009415515997
2021-02-02,conservative_fixed,conservative,fixed,1.0122315027245825
2021-02-03,conservative_fixed,conservative,fixed,0.9975751852048929
2021-02-04,conservative_fixed,conservative,fixed,0.9948771044168672
2021-02-05,conservative_fixed,conservative,fixed,1.0247208023787822
2021-02-08,conservative_fixed,conservative,fixed,1.0164524206263712
2021-02-09,conservative_fixed,conservative,fixed,0.9967335190273073
2021-02-10,conservative_fixed,conservative,fixed,0.9956356820187332
2021-02-11,conservative_fixed,conservative,fixed,1.0073546884446887
2021-02-12,conservative_fixed,conservative,fixed,1.0101412960702583
2021-02-16,conservative_fixed,conservative,fixed,0.9902041668029373
2021-02-17,conservative_fixed,conservative,fixed,1.0087978885453985
2021-02-18,conservative_fixed,conservative,fixed,0.9933001260738161
2021-02-19,conservative_fixed,conservative,fixed,1.003099928518221
2021-02-22,conservative_fixed,conservative,fixed,0.9856851708887336
2021-02-23,conservative_fixed,conservative,fixed,0.967103143803855
2021-02-24,conservative_fixed,conservative,fixed,1.004880681370712
2021-02-25,conservative_fixed,conservative,fixed,0.9830728458805544
2021-02-26,conservative_fixed,conservative,fixed,0.9835655674406779
2021-03-01,conservative_fixed,conservative,fixed,1.0147109948486446
2021-03-02,conservative_fixed,conservative,fixed,1.0040704279518038
2021-03-03,conservative_fixed,conservative,fixed,0.9936502061221953
2021-03-04,conservative_fixed,conservative,fixed,0.9932433838490171
2021-03-05,conservative_fixed,conservative,fixed,1.0095456822430189
2021-03-08,conservative_fixed,conservative,fixed,0.999150049428647
2021-03-09,conservative_fixed,conservative,fixed,1.0103694974427975
2021-03-10,conservative_fixed,conservative,fixed,1.002565067861695
2021-03-11,conservative_fixed,conservative,fixed,1.0020846733136664
2021-03-12,conservative_fixed,conservative,fixed,1.0016586433233519
2021-03-15,conservative_fixed,conservative,fixed,1.0111758721599882
2021-03-16,conservative_fixed,conservative,fixed,1.0097176796201794
2021-03-17,conservative_fixed,conservative,fixed,1.0033325712873145
2021-03-18,conservative_fixed,conservative,fixed,0.9933220743599932
2021-03-19,conservative_fixed,conservative,fixed,1.0045537051332847
2021-03-22,conservative_fixed,conservative,fixed,0.9990760446631431
2021-03-23,conservative_fixed,conservative,fixed,0.9964958543922136
2021-03-24,conservative_fixed,conservative,fixed,0.9904201337815994
2021-03-25,conservative_fixed,conservative,fixed,0.9996050300363089
2021-03-26,conservative_fixed,conservative,fixed,1.0260914105194108
2021-03-29,conservative_fixed,conservative,fixed,1.0137856423412912
2021-03-30,conservative_fixed,conservative,fixed,0.9909195878098707
2021-03-31,conservative_fixed,conservative,fixed,1.0113002365223211
2021-04-01,conservative_fixed,conservative,fixed,1.0085761318539086
2021-04-05,conservative_fixed,conservative,fixed,1.016672742501994
2021-04-06,conservative_fixed,conservative,fixed,1.0020991608357408
2021-04-07,conservative_fixed,conservative,fixed,0.9935054163540551
2021-04-08,conservative_fixed,conservative,fixed,1.005510521506342
2021-04-09,conservative_fixed,conservative,fixed,1.0000749397283648
2021-04-12,conservative_fixed,conservative,fixed,1.0014039300247835
2021-04-13,conservative_fixed,conservative,fixed,1.0110099532356571
2021-04-14,conservative_fixed,conservative,fixed,0.9993389913390276
2021-04-15,conservative_fixed,conservative,fixed,1.0169970082465984
2021-04-16,conservative_fixed,conservative,fixed,1.0081652913448627
2021-04-19,conservative_fixed,conservative,fixed,0.9899598375749784
2021-04-20,conservative_fixed,conservative,fixed,1.0059500848239031
2021-04-21,conservative_fixed,conservative,fixed,0.9989995836210414
2021-04-22,conservative_fixed,conservative,fixed,0.9966503904681926
2021-04-23,conservative_fixed,conservative,fixed,0.9997563620493822
2021-04-26,conservative_fixed,conservative,fixed,1.0092507271261035
2021-04-27,conservative_fixed,conservative,fixed,1.0010528019755454
2021-04-28,conservative_fixed,conservative,fixed,1.0008042498447987
2021-04-29,conservative_fixed,conservative,fixed,1.0095231147636043
2021-04-30,conservative_fixed,conservative,fixed,1.0061517494929624
2021-05-03,conservative_fixed,conservative,fixed,1.0133212201281867
2021-05-04,conservative_fixed,conservative,fixed,0.9958693809467546
2021-05-05,conservative_fixed,conservative,fixed,1.0205508067826072
2021-05-06,conservative_fixed,conservative,fixed,1.0256167721177671
2021-05-07,conservative_fixed,conservative,fixed,0.9957056974994134
2021-05-10,conservative_fixed,conservative,fixed,0.9977761099089747
2021-05-11,conservative_fixed,conservative,fixed,1.0135712586912382
2021-05-12,conservative_fixed,conservative,fixed,0.9556109799978039
2021-05-13,conservative_fixed,conservative,fixed,1.019327918905263
2021-05-14,conservative_fixed,conservative,fixed,1.0128980634599243
2021-05-17,conservative_fixed,conservative,fixed,0.991399101829499
2021-05-18,conservative_fixed,conservative,fixed,1.0026443961985516
2021-05-19,conservative_fixed,conservative,fixed,0.9623891752133826
2021-05-20,conservative_fixed,conservative,fixed,1.0223465683191464
2021-05-21,conservative_fixed,conservative,fixed,0.9849139224034059
2021-05-24,conservative_fixed,conservative,fixed,1.0224304045043804
2021-05-25,conservative_fixed,conservative,fixed,0.9987027804005211
2021-05-26,conservative_fixed,conservative,fixed,1.0088638974442354
2021-05-27,conservative_fixed,conservative,fixed,0.9933131057814937
2021-05-28,conservative_fixed,conservative,fixed,0.9911579462280817
2021-06-01,conservative_fixed,conservative,fixed,0.9962411083199022
2021-06-02,conservative_fixed,conservative,fixed,1.0048458689997688
2021-06-03,conservative_fixed,conservative,fixed,1.0082874438500515
2021-06-04,conservative_fixed,conservative,fixed,0.9962162442532658
2021-06-07,conservative_fixed,conservative,fixed,0.9935198191370423
2021-06-08,conservative_fixed,conservative,fixed,0.995338696794118
2021-06-09,conservative_fixed,conservative,fixed,1.0072370431207522
2021-06-10,conservative_fixed,conservative,fixed,1.0001282754307208
2021-06-11,conservative_fixed,conservative,fixed,0.9982202064938802
2021-06-14,conservative_fixed,conservative,fixed,1.0020366371921399
2021-06-15,conservative_fixed,conservative,fixed,0.9999942240163311
2021-06-16,conservative_fixed,conservative,fixed,0.9827342839433794
2021-06-17,conservative_fixed,conservative,fixed,1.0027386176965152
2021-06-18,conservative_fixed,conservative,fixed,0.9829211575262092
2021-06-21,conservative_fixed,conservative,fixed,0.9979693016851868
2021-06-22,conservative_fixed,conservative,fixed,0.9973512665961447
2021-06-23,conservative_fixed,conservative,fixed,0.998905141462394
2021-06-24,conservative_fixed,conservative,fixed,1.0061177841215774
2021-06-25,conservative_fixed,conservative,fixed,1.0107079288758456
2021-06-28,conservative_fixed,conservative,fixed,1.0014001525538305
2021-06-29,conservative_fixed,conservative,fixed,0.9996322616648502
2021-06-30,conservative_fixed,conservative,fixed,1.0066431613020794
2021-07-01,conservative_fixed,conservative,fixed,1.0000631314317396
2021-07-02,conservative_fixed,conservative,fixed,1.0057667245333217
2021-07-06,conservative_fixed,conservative,fixed,1.0006178492158486
2021-07-07,conservative_fixed,conservative,fixed,1.0015385795001488
2021-07-08,conservative_fixed,conservative,fixed,0.989720049505455
2021-07-09,conservative_fixed,conservative,fixed,1.0087884166932386
2021-07-12,conservative_fixed,conservative,fixed,1.000304420210989
2021-07-13,conservative_fixed,conservative,fixed,0.9952916753516812
2021-07-14,conservative_fixed,conservative,fixed,1.003894691922798
2021-07-15,conservative_fixed,conservative,fixed,1.000733251604152
2021-07-16,conservative_fixed,conservative,fixed,0.9983267923984368
2021-07-19,conservative_fixed,conservative,fixed,0.9863824041428504
2021-07-20,conservative_fixed,conservative,fixed,1.001809305473171
2021-07-21,conservative_fixed,conservative,fixed,1.0039009579239881
2021-07-22,conservative_fixed,conservative,fixed,1.0040432262588679
2021-07-23,conservative_fixed,conservative,fixed,1.0134019383397725
2021-07-26,conservative_fixed,conservative,fixed,1.0025663184746194
2021-07-27,conservative_fixed,conservative,fixed,1.0042635019970423
2021-07-28,conservative_fixed,conservative,fixed,1.0008274150693397
2021-07-29,conservative_fixed,conservative,fixed,1.003740302494651
2021-07-30,conservative_fixed,conservative,fixed,1.0002137702093883
2021-08-02,conservative_fixed,conservative,fixed,1.0014639120453137
2021-08-03,conservative_fixed,conservative,fixed,1.0038909999616048
2021-08-04,conservative_fixed,conservative,fixed,0.9998653418457287
2021-08-05,conservative_fixed,conservative,fixed,1.0057166851738402
2021-08-06,conservative_fixed,conservative,fixed,0.9996869144745438
2021-08-09,conservative_fixed,conservative,fixed,1.0067339130858277
2021-08-10,conservative_fixed,conservative,fixed,1.0073037235806255
2021-08-11,conservative_fixed,conservative,fixed,1.0120908461643328
2021-08-12,conservative_fixed,conservative,fixed,1.0009669870923839
2021-08-13,conservative_fixed,conservative,fixed,1.0149924170778015
2021-08-16,conservative_fixed,conservative,fixed,1.001818953593596
2021-08-17,conservative_fixed,conservative,fixed,0.9936392409999938
2021-08-18,conservative_fixed,conservative,fixed,0.9941771389166985
2021-08-19,conservative_fixed,conservative,fixed,1.0081509133546325
2021-08-20,conservative_fixed,conservative,fixed,1.0109121734774238
2021-08-23,conservative_fixed,conservative,fixed,1.0022531907033223
2021-08-24,conservative_fixed,conservative,fixed,0.9877136576025061
2021-08-25,conservative_fixed,conservative,fixed,1.0003185922248732
2021-08-26,conservative_fixed,conservative,fixed,0.9890672694906437
2021-08-27,conservative_fixed,conservative,fixed,1.0121711977960817
2021-08-30,conservative_fixed,conservative,fixed,1.0006183251875005
2021-08-31,conservative_fixed,conservative,fixed,1.00503529632697
2021-09-01,conservative_fixed,conservative,fixed,1.0092661172465724
2021-09-02,conservative_fixed,conservative,fixed,1.0071311445077222
2021-09-03,conservative_fixed,conservative,fixed,1.0025931143724072
2021-09-07,conservative_fixed,conservative,fixed,0.9731172216522069
2021-09-08,conservative_fixed,conservative,fixed,1.0032455308108768
2021-09-09,conservative_fixed,conservative,fixed,0.9943521331741164
2021-09-10,conservative_fixed,conservative,fixed,0.9958588063287751
2021-09-13,conservative_fixed,conservative,fixed,0.9948966441043536
2021-09-14,conservative_fixed,conservative,fixed,0.9992699635249436
2021-09-15,conservative_fixed,conservative,fixed,1.0035339813403388
2021-09-16,conservative_fixed,conservative,fixed,0.9933844312136054
2021-09-17,conservative_fixed,conservative,fixed,0.9861039739756537
2021-09-20,conservative_fixed,conservative,fixed,0.9819836308592216
2021-09-21,conservative_fixed,conservative,fixed,0.9927398501471372
2021-09-22,conservative_fixed,conservative,fixed,1.009279244994247
2021-09-23,conservative_fixed,conservative,fixed,1.0048793680216732
2021-09-24,conservative_fixed,conservative,fixed,0.9872538128963589
2021-09-27,conservative_fixed,conservative,fixed,0.9912107593960903
2021-09-28,conservative_fixed,conservative,fixed,0.9899695184119107
2021-09-29,conservative_fixed,conservative,fixed,1.0111941762576893
2021-09-30,conservative_fixed,conservative,fixed,0.9954824545411977
2021-10-01,conservative_fixed,conservative,fixed,1.0135623707127017
2021-10-04,conservative_fixed,conservative,fixed,0.9973986836644684
2021-10-05,conservative_fixed,conservative,fixed,1.010224031486425
2021-10-06,conservative_fixed,conservative,fixed,1.0033231515474308
2021-10-07,conservative_fixed,conservative,fixed,1.0069679625197463
2021-10-08,conservative_fixed,conservative,fixed,0.9969876370086683
2021-10-11,conservative_fixed,conservative,fixed,0.9950753127325147
2021-10-12,conservative_fixed,conservative,fixed,0.9991319159216406
2021-10-13,conservative_fixed,conservative,fixed,1.0065198636722732
2021-10-14,conservative_fixed,conservative,fixed,1.008064403983292
2021-10-15,conservative_fixed,conservative,fixed,1.006361298153988
2021-10-18,conservative_fixed,conservative,fixed,0.9963673968186816
2021-10-19,conservative_fixed,conservative,fixed,1.0080902413788688
2021-10-20,conservative_fixed,conservative,fixed,1.0147034930350918
2021-10-21,conservative_fixed,conservative,fixed,1.001799602915853
2021-10-22,conservative_fixed,conservative,fixed,1.0006376542795383
2021-10-25,conservative_fixed,conservative,fixed,1.0075729050729254
2021-10-26,conservative_fixed,conservative,fixed,1.0037293770066438
2021-10-27,conservative_fixed,conservative,fixed,0.983403197226313
2021-10-28,conservative_fixed,conservative,fixed,1.014748093792357
2021-10-29,conservative_fixed,conservative,fixed,0.9976149731540312
2021-11-01,conservative_fixed,conservative,fixed,1.0005209049683157
2021-11-02,conservative_fixed,conservative,fixed,1.0072322626499366
2021-11-03,conservative_fixed,conservative,fixed,1.0058657429201043
2021-11-04,conservative_fixed,conservative,fixed,1.0001897818967147
2021-11-05,conservative_fixed,conservative,fixed,0.9896046428034547
2021-11-08,conservative_fixed,conservative,fixed,1.0069715676432036
2021-11-09,conservative_fixed,conservative,fixed,1.010733165657373
2021-11-10,conservative_fixed,conservative,fixed,0.9976358700568498
2021-11-11,conservative_fixed,conservative,fixed,1.0025513076374357
2021-11-12,conservative_fixed,conservative,fixed,1.0036321922228535
2021-11-15,conservative_fixed,conservative,fixed,0.9965802996404751
2021-11-16,conservative_fixed,conservative,fixed,0.9889283956171611
2021-11-17,conservative_fixed,conservative,fixed,0.9948979120354197
2021-11-18,conservative_fixed,conservative,fixed,0.9904091673002302
2021-11-19,conservative_fixed,conservative,fixed,1.0007140953106288
2021-11-22,conservative_fixed,conservative,fixed,0.9960626450622592
2021-11-23,conservative_fixed,conservative,fixed,1.0058747463783404
2021-11-24,conservative_fixed,conservative,fixed,0.9961968238800505
2021-11-26,conservative_fixed,conservative,fixed,0.9795863912893216
2021-11-29,conservative_fixed,conservative,fixed,1.0087286783038807
2021-11-30,conservative_fixed,conservative,fixed,0.9847596138506645
2021-12-01,conservative_fixed,conservative,fixed,0.9947022377825011
2021-12-02,conservative_fixed,conservative,fixed,1.0204813981859464
2021-12-03,conservative_fixed,conservative,fixed,0.999060147173957
2021-12-06,conservative_fixed,conservative,fixed,1.0102457646014897
2021-12-07,conservative_fixed,conservative,fixed,1.002607994475749
2021-12-08,conservative_fixed,conservative,fixed,1.0047347780875695
2021-12-09,conservative_fixed,conservative,fixed,0.9931520231002456
2021-12-10,conservative_fixed,conservative,fixed,1.0032749782270307
2021-12-13,conservative_fixed,conservative,fixed,0.9954278687510393
2021-12-14,conservative_fixed,conservative,fixed,0.9969757838740717
2021-12-15,conservative_fixed,conservative,fixed,1.0146851888139796
2021-12-16,conservative_fixed,conservative,fixed,1.0047776943534252
2021-12-17,conservative_fixed,conservative,fixed,0.9871281299552215
2021-12-20,conservative_fixed,conservative,fixed,0.9994679676459123
2021-12-21,conservative_fixed,conservative,fixed,1.0034562868925174
2021-12-22,conservative_fixed,conservative,fixed,1.0097529801880019
2021-12-23,conservative_fixed,conservative,fixed,1.0054440037848646
2021-12-27,conservative_fixed,conservative,fixed,1.0136274158185554
2021-12-28,conservative_fixed,conservative,fixed,0.99679317082142
2021-12-29,conservative_fixed,conservative,fixed,1.0013162931626334
2021-12-30,conservative_fixed,conservative,fixed,1.000518116586094
2021-12-31,conservative_fixed,conservative,fixed,0.9963070981508164
2022-01-03,conservative_fixed,conservative,fixed,0.9917637613039049
2022-01-04,conservative_fixed,conservative,fixed,0.9980032013645103
2022-01-05,conservative_fixed,conservative,fixed,0.9917792072024683
2022-01-06,conservative_fixed,conservative,fixed,0.9960361150898831
2022-01-07,conservative_fixed,conservative,fixed,0.9909145192862884
2022-01-10,conservative_fixed,conservative,fixed,0.9962679685909412
2022-01-11,conservative_fixed,conservative,fixed,1.0098982618628554
2022-01-12,conservative_fixed,conservative,fixed,1.0052547461834098
2022-01-13,conservative_fixed,conservative,fixed,0.9878324462864206
2022-01-14,conservative_fixed,conservative,fixed,0.9967538944759236
2022-01-18,conservative_fixed,conservative,fixed,0.993615858217275
2022-01-19,conservative_fixed,conservative,fixed,0.9931571106448289
2022-01-20,conservative_fixed,conservative,fixed,0.9868843487873299
2022-01-21,conservative_fixed,conservative,fixed,0.9877301125953998
2022-01-24,conservative_fixed,conservative,fixed,0.9967834913831708
2022-01-25,conservative_fixed,conservative,fixed,1.000990974892294
2022-01-26,conservative_fixed,conservative,fixed,0.9857170478739941
2022-01-27,conservative_fixed,conservative,fixed,0.996823186956377
2022-01-28,conservative_fixed,conservative,fixed,1.016474781183338
2022-01-31,conservative_fixed,conservative,fixed,1.0045031394070056
2022-02-01,conservative_fixed,conservative,fixed,1.007026066854749
2022-02-02,conservative_fixed,conservative,fixed,0.9986343461523615
2022-02-03,conservative_fixed,conservative,fixed,0.989644645048966
2022-02-04,conservative_fixed,conservative,fixed,1.0075576157410226
2022-02-07,conservative_fixed,conservative,fixed,1.0056162904186843
2022-02-08,conservative_fixed,conservative,fixed,0.9969522791655894
2022-02-09,conservative_fixed,conservative,fixed,1.0115940763292735
2022-02-10,conservative_fixed,conservative,fixed,0.9820087254468017
2022-02-11,conservative_fixed,conservative,fixed,0.9875263258253626
2022-02-14,conservative_fixed,conservative,fixed,0.9895847307957633
2022-02-15,conservative_fixed,conservative,fixed,1.0101335306564991
2022-02-16,conservative_fixed,conservative,fixed,0.9982187844009456
2022-02-17,conservative_fixed,conservative,fixed,0.9768482223191236
2022-02-18,conservative_fixed,conservative,fixed,0.9935686223197066
2022-02-22,conservative_fixed,conservative,fixed,0.9970476044207663
2022-02-23,conservative_fixed,conservative,fixed,0.999403067887293
2022-02-24,conservative_fixed,conservative,fixed,0.9996810059438099
2022-02-25,conservative_fixed,conservative,fixed,1.0270425186658534
2022-02-28,conservative_fixed,conservative,fixed,1.0039054272446366
2022-03-01,conservative_fixed,conservative,fixed,0.992134371318263
2022-03-02,conservative_fixed,conservative,fixed,1.0093887971251851
2022-03-03,conservative_fixed,conservative,fixed,0.9986538099231153
2022-03-04,conservative_fixed,conservative,fixed,0.9923708044016666
2022-03-07,conservative_fixed,conservative,fixed,0.9799184344792131
2022-03-08,conservative_fixed,conservative,fixed,0.9833463184872815
2022-03-09,conservative_fixed,conservative,fixed,1.01518228155386
2022-03-10,conservative_fixed,conservative,fixed,0.9888105528703611
2022-03-11,conservative_fixed,conservative,fixed,0.9935537521920799
2022-03-14,conservative_fixed,conservative,fixed,0.9981758193844541
2022-03-15,conservative_fixed,conservative,fixed,1.010341492148772
2022-03-16,conservative_fixed,conservative,fixed,1.0127707118913616
2022-03-17,conservative_fixed,conservative,fixed,1.012407074423776
2022-03-18,conservative_fixed,conservative,fixed,1.0087326916927066
2022-03-21,conservative_fixed,conservative,fixed,1.0029515657736636
2022-03-22,conservative_fixed,conservative,fixed,1.011569690629038
2022-03-23,conservative_fixed,conservative,fixed,0.9944263343288934
2022-03-24,conservative_fixed,conservative,fixed,1.008025292760661
2022-03-25,conservative_fixed,conservative,fixed,1.0064148296730009
2022-03-28,conservative_fixed,conservative,fixed,1.005156494024296
2022-03-29,conservative_fixed,conservative,fixed,1.0170219530016251
2022-03-30,conservative_fixed,conservative,fixed,0.9970418993719982
2022-03-31,conservative_fixed,conservative,fixed,0.9883554591707028
2022-04-01,conservative_fixed,conservative,fixed,1.0079514549194548
2022-04-04,conservative_fixed,conservative,fixed,1.0058414362933463
2022-04-05,conservative_fixed,conservative,fixed,0.9924099464190391
2022-04-06,conservative_fixed,conservative,fixed,1.000972545917491
2022-04-07,conservative_fixed,conservative,fixed,1.0062453143657581
2022-04-08,conservative_fixed,conservative,fixed,1.002069597027789
2022-04-11,conservative_fixed,conservative,fixed,0.9802192673768895
2022-04-12,conservative_fixed,conservative,fixed,0.9980023100351816
2022-04-13,conservative_fixed,conservative,fixed,1.0033055737948566
2022-04-14,conservative_fixed,conservative,fixed,0.9967464299570364
2022-04-18,conservative_fixed,conservative,fixed,0.9933046324665843
2022-04-19,conservative_fixed,conservative,fixed,1.0109311199533295
2022-04-20,conservative_fixed,conservative,fixed,0.9985474186159438
2022-04-21,conservative_fixed,conservative,fixed,0.9885572859399543
2022-04-22,conservative_fixed,conservative,fixed,0.9834187536665171
2022-04-25,conservative_fixed,conservative,fixed,1.0020937313618328
2022-04-26,conservative_fixed,conservative,fixed,0.9878146322208563
2022-04-27,conservative_fixed,conservative,fixed,1.0010070411230574
2022-04-28,conservative_fixed,conservative,fixed,1.0106317275987808
2022-04-29,conservative_fixed,conservative,fixed,0.9667871859010215
2022-05-02,conservative_fixed,conservative,fixed,1.002342338675306
2022-05-03,conservative_fixed,conservative,fixed,1.000216995638019
2022-05-04,conservative_fixed,conservative,fixed,1.036796832568563
2022-05-05,conservative_fixed,conservative,fixed,0.9723866599861262
2022-05-06,conservative_fixed,conservative,fixed,0.9933450632205707
2022-05-09,conservative_fixed,conservative,fixed,0.9697247442242195
2022-05-10,conservative_fixed,conservative,fixed,0.9941098369180171
2022-05-11,conservative_fixed,conservative,fixed,0.995772842658319
2022-05-12,conservative_fixed,conservative,fixed,1.0045123559415339
2022-05-13,conservative_fixed,conservative,fixed,1.016453847317859
2022-05-16,conservative_fixed,conservative,fixed,0.9986561858778106
2022-05-17,conservative_fixed,conservative,fixed,1.018514577402273
2022-05-18,conservative_fixed,conservative,fixed,0.9818197760509698
2022-05-19,conservative_fixed,conservative,fixed,1.0019343189235521
2022-05-20,conservative_fixed,conservative,fixed,0.9987616716577518
2022-05-23,conservative_fixed,conservative,fixed,1.010610880319586
2022-05-24,conservative_fixed,conservative,fixed,1.008782184266645
2022-05-25,conservative_fixed,conservative,fixed,1.0055847860092288
2022-05-26,conservative_fixed,conservative,fixed,0.9998765080055344
2022-05-27,conservative_fixed,conservative,fixed,1.0077209590925011
2022-05-31,conservative_fixed,conservative,fixed,0.9950751181034078
2022-06-01,conservative_fixed,conservative,fixed,0.9908266219039517
2022-06-02,conservative_fixed,conservative,fixed,1.0073110402504595
2022-06-03,conservative_fixed,conservative,fixed,0.9924527153616546
2022-06-06,conservative_fixed,conservative,fixed,1.0040803948936072
2022-06-07,conservative_fixed,conservative,fixed,1.007891344851208
2022-06-08,conservative_fixed,conservative,fixed,0.9866492768003513
2022-06-09,conservative_fixed,conservative,fixed,0.9794639709779354
2022-06-10,conservative_fixed,conservative,fixed,0.9795871760674736
2022-06-13,conservative_fixed,conservative,fixed,0.9521839816777998
2022-06-14,conservative_fixed,conservative,fixed,0.9820336873269082
2022-06-15,conservative_fixed,conservative,fixed,1.011376610398694
2022-06-16,conservative_fixed,conservative,fixed,0.9767309522759331
2022-06-17,conservative_fixed,conservative,fixed,1.00391009147103
2022-06-21,conservative_fixed,conservative,fixed,1.017557655397741
2022-06-22,conservative_fixed,conservative,fixed,0.9994276592168669
2022-06-23,conservative_fixed,conservative,fixed,1.017084145058908
2022-06-24,conservative_fixed,conservative,fixed,1.0184498295531843
2022-06-27,conservative_fixed,conservative,fixed,0.9954850599381394
2022-06-28,conservative_fixed,conservative,fixed,0.9855327087367707
2022-06-29,conservative_fixed,conservative,fixed,1.0003315425957855
2022-06-30,conservative_fixed,conservative,fixed,0.9912855520564637
2022-07-01,conservative_fixed,conservative,fixed,1.0123414712119823
2022-07-05,conservative_fixed,conservative,fixed,0.9989342753893172
2022-07-06,conservative_fixed,conservative,fixed,1.002579783532006
2022-07-07,conservative_fixed,conservative,fixed,1.0058350962322986
2022-07-08,conservative_fixed,conservative,fixed,0.9979437252606624
2022-07-11,conservative_fixed,conservative,fixed,0.9942347147220137
2022-07-12,conservative_fixed,conservative,fixed,0.9933060821423474
2022-07-13,conservative_fixed,conservative,fixed,1.0019368581045756
2022-07-14,conservative_fixed,conservative,fixed,1.0010480368040422
2022-07-15,conservative_fixed,conservative,fixed,1.011514371256428
2022-07-18,conservative_fixed,conservative,fixed,0.9984216030828932
2022-07-19,conservative_fixed,conservative,fixed,1.0148857562458011
2022-07-20,conservative_fixed,conservative,fixed,0.9941751027380408
2022-07-21,conservative_fixed,conservative,fixed,1.0057666031400916
2022-07-22,conservative_fixed,conservative,fixed,0.9981032735860105
2022-07-25,conservative_fixed,conservative,fixed,0.9941959331170726
2022-07-26,conservative_fixed,conservative,fixed,0.9972398710035082
2022-07-27,conservative_fixed,conservative,fixed,1.009612451838906
2022-07-28,conservative_fixed,conservative,fixed,1.011075908050506
2022-07-29,conservative_fixed,conservative,fixed,1.0029005476705612
2022-08-01,conservative_fixed,conservative,fixed,0.9954527415861867
2022-08-02,conservative_fixed,conservative,fixed,0.9920751160620949
2022-08-03,conservative_fixed,conservative,fixed,1.0146270292663906
2022-08-04,conservative_fixed,conservative,fixed,0.9955294240480977
2022-08-05,conservative_fixed,conservative,fixed,0.9986350040810963
2022-08-08,conservative_fixed,conservative,fixed,1.0053366707019102
2022-08-09,conservative_fixed,conservative,fixed,0.9977877018472018
2022-08-10,conservative_fixed,conservative,fixed,1.0155622193976817
2022-08-11,conservative_fixed,conservative,fixed,0.9976019375088305
2022-08-12,conservative_fixed,conservative,fixed,1.0144148345282726
2022-08-15,conservative_fixed,conservative,fixed,1.0122002687836558
2022-08-16,conservative_fixed,conservative,fixed,1.009671679328863
2022-08-17,conservative_fixed,conservative,fixed,0.9935085772620669
2022-08-18,conservative_fixed,conservative,fixed,0.9957035681876263
2022-08-19,conservative_fixed,conservative,fixed,0.9867403702506752
2022-08-22,conservative_fixed,conservative,fixed,0.9862721090388588
2022-08-23,conservative_fixed,conservative,fixed,0.9955049288470643
2022-08-24,conservative_fixed,conservative,fixed,0.999941977843448
2022-08-25,conservative_fixed,conservative,fixed,1.0069951002102298
2022-08-26,conservative_fixed,conservative,fixed,0.9823985757078664
2022-08-29,conservative_fixed,conservative,fixed,0.9993122082682695
2022-08-30,conservative_fixed,conservative,fixed,0.9912830678730653
2022-08-31,conservative_fixed,conservative,fixed,0.9991280615997602
2022-09-01,conservative_fixed,conservative,fixed,1.0128102714347853
2022-09-02,conservative_fixed,conservative,fixed,0.9899944829320778
2022-09-06,conservative_fixed,conservative,fixed,0.9933919255083465
2022-09-07,conservative_fixed,conservative,fixed,1.0175629231903176
2022-09-08,conservative_fixed,conservative,fixed,1.0037496287424748
2022-09-09,conservative_fixed,conservative,fixed,1.013865084899053
2022-09-12,conservative_fixed,conservative,fixed,1.0101392444740256
2022-09-13,conservative_fixed,conservative,fixed,0.9654722605636197
2022-09-14,conservative_fixed,conservative,fixed,1.0097002912909727
2022-09-15,conservative_fixed,conservative,fixed,0.9863482902962876
2022-09-16,conservative_fixed,conservative,fixed,1.002730598007382
2022-09-19,conservative_fixed,conservative,fixed,1.0065969211734522
2022-09-20,conservative_fixed,conservative,fixed,0.987540977917215
2022-09-21,conservative_fixed,conservative,fixed,0.9826445675379936
2022-09-22,conservative_fixed,conservative,fixed,1.012298578859606
2022-09-23,conservative_fixed,conservative,fixed,0.9861748284435904
2022-09-26,conservative_fixed,conservative,fixed,0.989601200176171
2022-09-27,conservative_fixed,conservative,fixed,0.9944193656395944
2022-09-28,conservative_fixed,conservative,fixed,1.0192213947136497
2022-09-29,conservative_fixed,conservative,fixed,0.9893721327127536
2022-09-30,conservative_fixed,conservative,fixed,0.9866078604288958
2022-10-03,conservative_fixed,conservative,fixed,1.0253544184870966
2022-10-04,conservative_fixed,conservative,fixed,1.0198197608016466
2022-10-05,conservative_fixed,conservative,fixed,0.9989038476586125
2022-10-06,conservative_fixed,conservative,fixed,0.9961318089015789
2022-10-07,conservative_fixed,conservative,fixed,0.9868296776966441
2022-10-10,conservative_fixed,conservative,fixed,1.0013920886981107
2022-10-11,conservative_fixed,conservative,fixed,1.0095620760555717
2022-10-12,conservative_fixed,conservative,fixed,0.9986214193051776
2022-10-13,conservative_fixed,conservative,fixed,1.0159897486995866
2022-10-14,conservative_fixed,conservative,fixed,0.9928067932665222
2022-10-17,conservative_fixed,conservative,fixed,1.0118663587915586
2022-10-18,conservative_fixed,conservative,fixed,1.0061400175693154
2022-10-19,conservative_fixed,conservative,fixed,0.9894037553927663
2022-10-20,conservative_fixed,conservative,fixed,1.0034479558953933
2022-10-21,conservative_fixed,conservative,fixed,1.0205001492392478
2022-10-24,conservative_fixed,conservative,fixed,1.0106541287407718
2022-10-25,conservative_fixed,conservative,fixed,1.009055248179053
2022-10-26,conservative_fixed,conservative,fixed,1.0148204048648006
2022-10-27,conservative_fixed,conservative,fixed,0.9986075810265288
2022-10-28,conservative_fixed,conservative,fixed,1.016313052659352
2022-10-31,conservative_fixed,conservative,fixed,0.9920416737875964
2022-11-01,conservative_fixed,conservative,fixed,0.9980569126388676
2022-11-02,conservative_fixed,conservative,fixed,0.986451238923946
2022-11-03,conservative_fixed,conservative,fixed,0.9927487882190235
2022-11-04,conservative_fixed,conservative,fixed,1.0251693058907463
2022-11-07,conservative_fixed,conservative,fixed,1.012033221852341
2022-11-08,conservative_fixed,conservative,fixed,1.0026217262797674
2022-11-09,conservative_fixed,conservative,fixed,0.9770476879483546
2022-11-10,conservative_fixed,conservative,fixed,1.0326945584357496
2022-11-11,conservative_fixed,conservative,fixed,0.9918702459913401
2022-11-14,conservative_fixed,conservative,fixed,1.0020683042883682
2022-11-15,conservative_fixed,conservative,fixed,1.0027544670685868
2022-11-16,conservative_fixed,conservative,fixed,0.9987177361818534
2022-11-17,conservative_fixed,conservative,fixed,1.0037276966159843
2022-11-18,conservative_fixed,conservative,fixed,1.0080731856888279
2022-11-21,conservative_fixed,conservative,fixed,1.0017954123384472
2022-11-22,conservative_fixed,conservative,fixed,1.0102487631506976
2022-11-23,conservative_fixed,conservative,fixed,1.002488381307273
2022-11-25,conservative_fixed,conservative,fixed,0.9998636181026034
2022-11-28,conservative_fixed,conservative,fixed,0.9914098608947844
2022-11-29,conservative_fixed,conservative,fixed,1.0047072130168104
2022-11-30,conservative_fixed,conservative,fixed,1.0214194221951314
2022-12-01,conservative_fixed,conservative,fixed,0.9987447497955168
2022-12-02,conservative_fixed,conservative,fixed,1.0026712159614806
2022-12-05,conservative_fixed,conservative,fixed,0.9914007589756042
2022-12-06,conservative_fixed,conservative,fixed,0.9931066752726192
2022-12-07,conservative_fixed,conservative,fixed,1.0024175467614604
2022-12-08,conservative_fixed,conservative,fixed,1.0045034941729731
2022-12-09,conservative_fixed,conservative,fixed,0.9852046717289912
2022-12-12,conservative_fixed,conservative,fixed,1.0046212562727497
2022-12-13,conservative_fixed,conservative,fixed,1.0038110658902202
2022-12-14,conservative_fixed,conservative,fixed,0.9981152768639551
2022-12-15,conservative_fixed,conservative,fixed,0.9834915814804513
2022-12-16,conservative_fixed,conservative,fixed,0.9888619384920488
2022-12-19,conservative_fixed,conservative,fixed,0.995078478598226
2022-12-20,conservative_fixed,conservative,fixed,1.00370178293229
2022-12-21,conservative_fixed,conservative,fixed,1.009908472204459
2022-12-22,conservative_fixed,conservative,fixed,0.996525758706455
2022-12-23,conservative_fixed,conservative,fixed,1.0038271846909983
2022-12-27,conservative_fixed,conservative,fixed,1.000370388206984
2022-12-28,conservative_fixed,conservative,fixed,0.9882288253315296
2022-12-29,conservative_fixed,conservative,fixed,1.0060803233198359
2022-12-30,conservative_fixed,conservative,fixed,0.9989613921345075
2023-01-03,conservative_fixed,conservative,fixed,0.9989297121837959
2023-01-04,conservative_fixed,conservative,fixed,1.0089002980750879
2023-01-05,conservative_fixed,conservative,fixed,0.9992991281705972
2023-01-06,conservative_fixed,conservative,fixed,1.0147488245957663
2023-01-09,conservative_fixed,conservative,fixed,0.9888003958680681
2023-01-10,conservative_fixed,conservative,fixed,1.0019540238196585
2023-01-11,conservative_fixed,conservative,fixed,1.0095945761563725
2023-01-12,conservative_fixed,conservative,fixed,1.0017542294293202
2023-01-13,conservative_fixed,conservative,fixed,1.0043848268633522
2023-01-17,conservative_fixed,conservative,fixed,0.9942261578978722
2023-01-18,conservative_fixed,conservative,fixed,0.9811201358213487
2023-01-19,conservative_fixed,conservative,fixed,1.0000162796943446
2023-01-20,conservative_fixed,conservative,fixed,1.0146429758414734
2023-01-23,conservative_fixed,conservative,fixed,1.0047315256283884
2023-01-24,conservative_fixed,conservative,fixed,0.9932074677104112
2023-01-25,conservative_fixed,conservative,fixed,1.0010136196929518
2023-01-26,conservative_fixed,conservative,fixed,1.0006247591994049
2023-01-27,conservative_fixed,conservative,fixed,0.9970564121653483
2023-01-30,conservative_fixed,conservative,fixed,0.9920684170345992
2023-01-31,conservative_fixed,conservative,fixed,1.0093535511835927
2023-02-01,conservative_fixed,conservative,fixed,0.9813115712602846
2023-02-02,conservative_fixed,conservative,fixed,0.9880836267984906
2023-02-03,conservative_fixed,conservative,fixed,0.99330504836253
2023-02-06,conservative_fixed,conservative,fixed,0.9976756892063888
2023-02-07,conservative_fixed,conservative,fixed,1.0105267850256112
2023-02-08,conservative_fixed,conservative,fixed,0.9933238924652895
2023-02-09,conservative_fixed,conservative,fixed,0.9916213627747523
2023-02-10,conservative_fixed,conservative,fixed,1.0127700369917383
2023-02-13,conservative_fixed,conservative,fixed,1.0064411960303574
2023-02-14,conservative_fixed,conservative,fixed,0.9947746747423696
2023-02-15,conservative_fixed,conservative,fixed,1.0072986194878921
2023-02-16,conservative_fixed,conservative,fixed,0.9846509585509916
2023-02-17,conservative_fixed,conservative,fixed,1.013905143116077
2023-02-21,conservative_fixed,conservative,fixed,0.9942453402325109
2023-02-22,conservative_fixed,conservative,fixed,0.9953891844239822
2023-02-23,conservative_fixed,conservative,fixed,1.0016926478991752
2023-02-24,conservative_fixed,conservative,fixed,0.989671132452028
2023-02-27,conservative_fixed,conservative,fixed,0.9999821297003854
2023-02-28,conservative_fixed,conservative,fixed,0.9898168097104154
2023-03-01,conservative_fixed,conservative,fixed,1.0021400107126321
2023-03-02,conservative_fixed,conservative,fixed,1.0032654740838944
2023-03-03,conservative_fixed,conservative,fixed,1.001783104009997
2023-03-06,conservative_fixed,conservative,fixed,1.0068500599541759
2023-03-07,conservative_fixed,conservative,fixed,0.9881679122028918
2023-03-08,conservative_fixed,conservative,fixed,0.994814576959058
2023-03-09,conservative_fixed,conservative,fixed,0.9833010226546235
2023-03-10,conservative_fixed,conservative,fixed,0.9930492191403442
2023-03-13,conservative_fixed,conservative,fixed,1.0130148022348275
2023-03-14,conservative_fixed,conservative,fixed,1.0072084507895134
2023-03-15,conservative_fixed,conservative,fixed,1.0015819356299618
2023-03-16,conservative_fixed,conservative,fixed,1.0006380468215583
2023-03-17,conservative_fixed,conservative,fixed,0.9938839901169516
2023-03-20,conservative_fixed,conservative,fixed,1.0088808098216286
2023-03-21,conservative_fixed,conservative,fixed,1.0044651501014965
2023-03-22,conservative_fixed,conservative,fixed,0.9806044482973708
2023-03-23,conservative_fixed,conservative,fixed,1.0105811970740113
2023-03-24,conservative_fixed,conservative,fixed,1.0131949468995138
2023-03-27,conservative_fixed,conservative,fixed,1.0032648229312238
2023-03-28,conservative_fixed,conservative,fixed,1.0032552635031322
2023-03-29,conservative_fixed,conservative,fixed,1.0102151819680505
2023-03-30,conservative_fixed,conservative,fixed,1.0047632766835881
2023-03-31,conservative_fixed,conservative,fixed,1.0090579776471642
2023-04-03,conservative_fixed,conservative,fixed,1.007759394222469
2023-04-04,conservative_fixed,conservative,fixed,1.0081919042601102
2023-04-05,conservative_fixed,conservative,fixed,1.0158838155737568
2023-04-06,conservative_fixed,conservative,fixed,0.9999778456636115
2023-04-10,conservative_fixed,conservative,fixed,0.9996396139270337
2023-04-11,conservative_fixed,conservative,fixed,0.9981959307045951
2023-04-12,conservative_fixed,conservative,fixed,0.9991265938771523
2023-04-13,conservative_fixed,conservative,fixed,1.0095255918617556
2023-04-14,conservative_fixed,conservative,fixed,0.9955474056621171
2023-04-17,conservative_fixed,conservative,fixed,0.9968945816918595
2023-04-18,conservative_fixed,conservative,fixed,1.0018147261850678
2023-04-19,conservative_fixed,conservative,fixed,0.9927638283632271
2023-04-20,conservative_fixed,conservative,fixed,0.992161981615474
2023-04-21,conservative_fixed,conservative,fixed,1.0024974726539841
2023-04-24,conservative_fixed,conservative,fixed,1.0012027147331422
2023-04-25,conservative_fixed,conservative,fixed,1.0018542007428641
2023-04-26,conservative_fixed,conservative,fixed,0.9806297031823447
2023-04-27,conservative_fixed,conservative,fixed,1.0127730416284773
2023-04-28,conservative_fixed,conservative,fixed,1.0025137528381276
2023-05-01,conservative_fixed,conservative,fixed,0.9983939541812993
2023-05-02,conservative_fixed,conservative,fixed,0.9950758302013513
2023-05-03,conservative_fixed,conservative,fixed,0.9861931014917013
2023-05-04,conservative_fixed,conservative,fixed,1.0023943803492474
2023-05-05,conservative_fixed,conservative,fixed,1.0133535746705944
2023-05-08,conservative_fixed,conservative,fixed,0.996551214600296
2023-05-09,conservative_fixed,conservative,fixed,0.9974761253314581
2023-05-10,conservative_fixed,conservative,fixed,1.0006265925994704
2023-05-11,conservative_fixed,conservative,fixed,0.9943984329933166
2023-05-12,conservative_fixed,conservative,fixed,1.0013780877112584
2023-05-15,conservative_fixed,conservative,fixed,0.998464389792177
2023-05-16,conservative_fixed,conservative,fixed,0.9870496296314797
2023-05-17,conservative_fixed,conservative,fixed,0.999840229164014
2023-05-18,conservative_fixed,conservative,fixed,0.998998437031215
2023-05-19,conservative_fixed,conservative,fixed,0.9994903335968794
2023-05-22,conservative_fixed,conservative,fixed,0.9971647840300826
2023-05-23,conservative_fixed,conservative,fixed,0.994677464985572
2023-05-24,conservative_fixed,conservative,fixed,0.9914409789432983
2023-05-25,conservative_fixed,conservative,fixed,0.9871599766966686
2023-05-26,conservative_fixed,conservative,fixed,1.001221302893346
2023-05-30,conservative_fixed,conservative,fixed,0.9987232274979699
2023-05-31,conservative_fixed,conservative,fixed,1.0065122875855437
2023-06-01,conservative_fixed,conservative,fixed,0.998523122548464
2023-06-02,conservative_fixed,conservative,fixed,1.0149842239362596
2023-06-05,conservative_fixed,conservative,fixed,0.9962114824256277
2023-06-06,conservative_fixed,conservative,fixed,0.995894955994757
2023-06-07,conservative_fixed,conservative,fixed,0.9975433368758166
2023-06-08,conservative_fixed,conservative,fixed,1.0074245879281774
2023-06-09,conservative_fixed,conservative,fixed,0.9995516225408153
2023-06-12,conservative_fixed,conservative,fixed,0.9990891211962769
2023-06-13,conservative_fixed,conservative,fixed,1.004557566491163
2023-06-14,conservative_fixed,conservative,fixed,0.9982741650723473
2023-06-15,conservative_fixed,conservative,fixed,1.0066600583879233
2023-06-16,conservative_fixed,conservative,fixed,1.0005217402657234
2023-06-20,conservative_fixed,conservative,fixed,0.9959250205656435
2023-06-21,conservative_fixed,conservative,fixed,1.0026504635912976
2023-06-22,conservative_fixed,conservative,fixed,1.0069721826287343
2023-06-23,conservative_fixed,conservative,fixed,0.998369584842548
2023-06-26,conservative_fixed,conservative,fixed,1.0005181083993537
2023-06-27,conservative_fixed,conservative,fixed,1.006361495900382
2023-06-28,conservative_fixed,conservative,fixed,0.9937097555414658
2023-06-29,conservative_fixed,conservative,fixed,1.000901935657255
2023-06-30,conservative_fixed,conservative,fixed,1.0127325029799088
2023-07-03,conservative_fixed,conservative,fixed,1.0023992532543786
2023-07-05,conservative_fixed,conservative,fixed,0.9995661445063536
2023-07-06,conservative_fixed,conservative,fixed,0.9901075564260465
2023-07-07,conservative_fixed,conservative,fixed,0.9895105630089639
2023-07-10,conservative_fixed,conservative,fixed,1.0032468302874789
2023-07-11,conservative_fixed,conservative,fixed,1.0092472640796428
2023-07-12,conservative_fixed,conservative,fixed,0.9979107800408695
2023-07-13,conservative_fixed,conservative,fixed,1.0295324442022054
2023-07-14,conservative_fixed,conservative,fixed,0.9935072323681191
2023-07-17,conservative_fixed,conservative,fixed,0.9945263800843303
2023-07-18,conservative_fixed,conservative,fixed,1.0012096392249807
2023-07-19,conservative_fixed,conservative,fixed,1.0105565461508725
2023-07-20,conservative_fixed,conservative,fixed,1.0105018343740342
2023-07-21,conservative_fixed,conservative,fixed,1.0052506417641514
2023-07-24,conservative_fixed,conservative,fixed,0.995489068967433
2023-07-25,conservative_fixed,conservative,fixed,0.997742165312629
2023-07-26,conservative_fixed,conservative,fixed,1.0045376477965404
2023-07-27,conservative_fixed,conservative,fixed,0.9931952958494379
2023-07-28,conservative_fixed,conservative,fixed,1.002816730123122
2023-07-31,conservative_fixed,conservative,fixed,0.9949691355164809
2023-08-01,conservative_fixed,conservative,fixed,0.9950690325017831
2023-08-02,conservative_fixed,conservative,fixed,0.9865336757029434
2023-08-03,conservative_fixed,conservative,fixed,0.9904013940798724
2023-08-04,conservative_fixed,conservative,fixed,0.9919100717272004
2023-08-07,conservative_fixed,conservative,fixed,1.01057224094388
2023-08-08,conservative_fixed,conservative,fixed,0.9982876056318951
2023-08-09,conservative_fixed,conservative,fixed,1.0016433222824028
2023-08-10,conservative_fixed,conservative,fixed,0.9970279693703552
2023-08-11,conservative_fixed,conservative,fixed,1.005544969704822
2023-08-14,conservative_fixed,conservative,fixed,0.9998673283148408
2023-08-15,conservative_fixed,conservative,fixed,0.9911244918570199
2023-08-16,conservative_fixed,conservative,fixed,0.9945072265335138
2023-08-17,conservative_fixed,conservative,fixed,0.9859597505942101
2023-08-18,conservative_fixed,conservative,fixed,1.0024704796810053
2023-08-21,conservative_fixed,conservative,fixed,0.9970083199448192
2023-08-22,conservative_fixed,conservative,fixed,0.993964742374343
2023-08-23,conservative_fixed,conservative,fixed,1.013802801375729
2023-08-24,conservative_fixed,conservative,fixed,0.9894734766860348
2023-08-25,conservative_fixed,conservative,fixed,1.0025773935880151
2023-08-28,conservative_fixed,conservative,fixed,1.0018139622592002
2023-08-29,conservative_fixed,conservative,fixed,1.010390042625895
2023-08-30,conservative_fixed,conservative,fixed,0.9998617486633327
2023-08-31,conservative_fixed,conservative,fixed,0.9917455330502059
2023-09-01,conservative_fixed,conservative,fixed,1.0013685447657954
2023-09-05,conservative_fixed,conservative,fixed,0.9889511623692139
2023-09-06,conservative_fixed,conservative,fixed,0.997249467028246
2023-09-07,conservative_fixed,conservative,fixed,1.0083630103576715
2023-09-08,conservative_fixed,conservative,fixed,1.0039105515487008
2023-09-11,conservative_fixed,conservative,fixed,0.9994141206659618
2023-09-12,conservative_fixed,conservative,fixed,1.0052851415575945
2023-09-13,conservative_fixed,conservative,fixed,1.0025021329336001
2023-09-14,conservative_fixed,conservative,fixed,1.0078115045268266
2023-09-15,conservative_fixed,conservative,fixed,0.9939024305803804
2023-09-18,conservative_fixed,conservative,fixed,1.0006654718548071
2023-09-19,conservative_fixed,conservative,fixed,0.9999876652789543
2023-09-20,conservative_fixed,conservative,fixed,0.9969760120192858
2023-09-21,conservative_fixed,conservative,fixed,0.9843622864439374
2023-09-22,conservative_fixed,conservative,fixed,0.9972220493813294
2023-09-25,conservative_fixed,conservative,fixed,1.0001047648672905
2023-09-26,conservative_fixed,conservative,fixed,0.9924292832256123
2023-09-27,conservative_fixed,conservative,fixed,0.9949013521332202
2023-09-28,conservative_fixed,conservative,fixed,1.0060295822977567
2023-09-29,conservative_fixed,conservative,fixed,0.9949954794772842
2023-10-02,conservative_fixed,conservative,fixed,0.9934685549850032
2023-10-03,conservative_fixed,conservative,fixed,0.9872635074853332
2023-10-04,conservative_fixed,conservative,fixed,1.0059888468471687
2023-10-05,conservative_fixed,conservative,fixed,0.9953377213968502
2023-10-06,conservative_fixed,conservative,fixed,1.0060215242089952
2023-10-09,conservative_fixed,conservative,fixed,1.0027867167216495
2023-10-10,conservative_fixed,conservative,fixed,1.005783488670113
2023-10-11,conservative_fixed,conservative,fixed,1.0010709553998982
2023-10-12,conservative_fixed,conservative,fixed,0.9948657934998688
2023-10-13,conservative_fixed,conservative,fixed,1.002954649872149
2023-10-16,conservative_fixed,conservative,fixed,1.0108738156187755
2023-10-17,conservative_fixed,conservative,fixed,0.998000404441393
2023-10-18,conservative_fixed,conservative,fixed,0.9903526288205942
2023-10-19,conservative_fixed,conservative,fixed,0.9913922491407399
2023-10-20,conservative_fixed,conservative,fixed,1.0036358986829732
2023-10-23,conservative_fixed,conservative,fixed,1.0062208069376561
2023-10-24,conservative_fixed,conservative,fixed,1.00973267418691
2023-10-25,conservative_fixed,conservative,fixed,0.9981229967411407
2023-10-26,conservative_fixed,conservative,fixed,0.9959272722325
2023-10-27,conservative_fixed,conservative,fixed,0.9853760559774444
2023-10-30,conservative_fixed,conservative,fixed,1.0076060852727502
2023-10-31,conservative_fixed,conservative,fixed,1.0056343215572807
2023-11-01,conservative_fixed,conservative,fixed,1.0088245044232373
2023-11-02,conservative_fixed,conservative,fixed,1.008626006343397
2023-11-03,conservative_fixed,conservative,fixed,1.0043560922123822
2023-11-06,conservative_fixed,conservative,fixed,1.0002855050506965
2023-11-07,conservative_fixed,conservative,fixed,0.9990930182384246
2023-11-08,conservative_fixed,conservative,fixed,0.9969687778302676
2023-11-09,conservative_fixed,conservative,fixed,0.9970924942892161
2023-11-10,conservative_fixed,conservative,fixed,1.008705915444551
2023-11-13,conservative_fixed,conservative,fixed,0.9970848213581003
2023-11-14,conservative_fixed,conservative,fixed,1.0043172018672024
2023-11-15,conservative_fixed,conservative,fixed,1.0068145512008317
2023-11-16,conservative_fixed,conservative,fixed,0.9917922823365692
2023-11-17,conservative_fixed,conservative,fixed,1.0002470536980286
2023-11-20,conservative_fixed,conservative,fixed,1.0033975296521074
2023-11-21,conservative_fixed,conservative,fixed,0.9959156492944968
2023-11-22,conservative_fixed,conservative,fixed,1.0057743067457274
2023-11-24,conservative_fixed,conservative,fixed,1.0031487871755598
2023-11-27,conservative_fixed,conservative,fixed,0.9967198280723614
2023-11-28,conservative_fixed,conservative,fixed,1.0003584186563037
2023-11-29,conservative_fixed,conservative,fixed,0.9997303191516749
2023-11-30,conservative_fixed,conservative,fixed,1.007736912867941
2023-12-01,conservative_fixed,conservative,fixed,1.005321377416953
2023-12-04,conservative_fixed,conservative,fixed,1.006137943804391
2023-12-05,conservative_fixed,conservative,fixed,1.0025578162527318
2023-12-06,conservative_fixed,conservative,fixed,1.0000399193305
2023-12-07,conservative_fixed,conservative,fixed,1.001683998467525
2023-12-08,conservative_fixed,conservative,fixed,1.0039318597905347
2023-12-11,conservative_fixed,conservative,fixed,1.0012381410085849
2023-12-12,conservative_fixed,conservative,fixed,1.0046012057909657
2023-12-13,conservative_fixed,conservative,fixed,1.0152984236575162
2023-12-14,conservative_fixed,conservative,fixed,0.9939525221585234
2023-12-15,conservative_fixed,conservative,fixed,0.9914301548593805
2023-12-18,conservative_fixed,conservative,fixed,1.0048289001492303
2023-12-19,conservative_fixed,conservative,fixed,0.9992511138950424
2023-12-20,conservative_fixed,conservative,fixed,0.989163490222066
2023-12-21,conservative_fixed,conservative,fixed,1.0069807451574682
2023-12-22,conservative_fixed,conservative,fixed,1.0070474917357286
2023-12-26,conservative_fixed,conservative,fixed,1.0004950741716134
2023-12-27,conservative_fixed,conservative,fixed,1.0091298788137828
2023-12-28,conservative_fixed,conservative,fixed,1.001836461266511
2023-12-29,conservative_fixed,conservative,fixed,0.9993859601255806
2021-01-04,growth_adaptive,growth,adaptive,1.0090454910110118
2021-01-05,growth_adaptive,growth,adaptive,1.0065739108673117
2021-01-06,growth_adaptive,growth,adaptive,1.0243225400432667
2021-01-07,growth_adaptive,growth,adaptive,1.0126725347496863
2021-01-08,growth_adaptive,growth,adaptive,0.9971902913108477
2021-01-11,growth_adaptive,growth,adaptive,0.9700726676770135
2021-01-12,growth_adaptive,growth,adaptive,0.9851686182261998
2021-01-13,growth_adaptive,growth,adaptive,1.0117982588820813
2021-01-14,growth_adaptive,growth,adaptive,1.0089295465511072
2021-01-15,growth_adaptive,growth,adaptive,0.9907864016596731
2021-01-19,growth_adaptive,growth,adaptive,1.0126214530081517
2021-01-20,growth_adaptive,growth,adaptive,1.0111449689043082
2021-01-21,growth_adaptive,growth,adaptive,0.9634406132376296
2021-01-22,growth_adaptive,growth,adaptive,1.0098788851433376
2021-01-25,growth_adaptive,growth,adaptive,0.9982604174946166
2021-01-26,growth_adaptive,growth,adaptive,0.9919940366949116
2021-01-27,growth_adaptive,growth,adaptive,0.9618157436348259
2021-01-28,growth_adaptive,growth,adaptive,1.0196045547837622
2021-01-29,growth_adaptive,growth,adaptive,1.0027368308610962
2021-02-01,growth_adaptive,growth,adaptive,1.0049398662910054
2021-02-02,growth_adaptive,growth,adaptive,1.0136542009995426
2021-02-03,growth_adaptive,growth,adaptive,1.0001750609408004
2021-02-04,growth_adaptive,growth,adaptive,0.9934260855159275
2021-02-05,growth_adaptive,growth,adaptive,1.0274094943794483
2021-02-08,growth_adaptive,growth,adaptive,1.0208333926637454
2021-02-09,growth_adaptive,growth,adaptive,1.00067889008526
2021-02-10,growth_adaptive,growth,adaptive,0.9956938416771206
2021-02-11,growth_adaptive,growth,adaptive,1.013899331307014
2021-02-12,growth_adaptive,growth,adaptive,1.0118455429806088
2021-02-16,growth_adaptive,growth,adaptive,0.9913633186835834
2021-02-17,growth_adaptive,growth,adaptive,1.0105401187546044
2021-02-18,growth_adaptive,growth,adaptive,0.9951363885179965
2021-02-19,growth_adaptive,growth,adaptive,1.007864633769726
2021-02-22,growth_adaptive,growth,adaptive,0.9808473413078248
2021-02-23,growth_adaptive,growth,adaptive,0.9579910654470676
2021-02-24,growth_adaptive,growth,adaptive,1.00728602186809
2021-02-25,growth_adaptive,growth,adaptive,0.9796518796573042
2021-02-26,growth_adaptive,growth,adaptive,0.9844795793649274
2021-03-01,growth_adaptive,growth,adaptive,1.0176659960379661
2021-03-02,growth_adaptive,growth,adaptive,1.002480806681738
2021-03-03,growth_adaptive,growth,adaptive,0.996126846803863
2021-03-04,growth_adaptive,growth,adaptive,0.9932338074363278
2021-03-05,growth_adaptive,growth,adaptive,1.0084386039046778
2021-03-08,growth_adaptive,growth,adaptive,1.000546845167338
2021-03-09,growth_adaptive,growth,adaptive,1.011788798199017
2021-03-10,growth_adaptive,growth,adaptive,1.0009140419745466
2021-03-11,growth_adaptive,growth,adaptive,1.0022561712504914
2021-03-12,growth_adaptive,growth,adaptive,0.9999890214372339
2021-03-15,growth_adaptive,growth,adaptive,1.0089077973535308
2021-03-16,growth_adaptive,growth,adaptive,1.0110762265031323
2021-03-17,growth_adaptive,growth,adaptive,1.0046166535047074
2021-03-18,growth_adaptive,growth,adaptive,0.9928940717666894
2021-03-19,growth_adaptive,growth,adaptive,1.0057355181253522
2021-03-22,growth_adaptive,growth,adaptive,0.9971477765458108
2021-03-23,growth_adaptive,growth,adaptive,0.996604101119045
2021-03-24,growth_adaptive,growth,adaptive,0.9876506864731163
2021-03-25,growth_adaptive,growth,adaptive,0.9995056830604869
2021-03-26,growth_adaptive,growth,adaptive,1.029911138950861
2021-03-29,growth_adaptive,growth,adaptive,1.0150141068548062
2021-03-30,growth_adaptive,growth,adaptive,0.992195441015011
2021-03-31,growth_adaptive,growth,adaptive,1.01711829683284
2021-04-01,growth_adaptive,growth,adaptive,1.0108903433806355
2021-04-05,growth_adaptive,growth,adaptive,1.0192987262154067
2021-04-06,growth_adaptive,growth,adaptive,1.001593691114798
2021-04-07,growth_adaptive,growth,adaptive,0.9874898119011889
2021-04-08,growth_adaptive,growth,adaptive,1.0115843790607733
2021-04-09,growth_adaptive,growth,adaptive,0.9971863253395216
2021-04-12,growth_adaptive,growth,adaptive,1.0003918344368288
2021-04-13,growth_adaptive,growth,adaptive,1.0202123686463773
2021-04-14,growth_adaptive,growth,adaptive,1.0017653794694674
2021-04-15,growth_adaptive,growth,adaptive,1.0253507545798473
2021-04-16,growth_adaptive,growth,adaptive,1.0151402545067663
2021-04-19,growth_adaptive,growth,adaptive,0.9828463744665027
2021-04-20,growth_adaptive,growth,adaptive,1.0082196460593602
2021-04-21,growth_adaptive,growth,adaptive,0.9942653882375494
2021-04-22,growth_adaptive,growth,adaptive,0.993540767775025
2021-04-23,growth_adaptive,growth,adaptive,0.9969613171272526
2021-04-26,growth_adaptive,growth,adaptive,1.023203527780211
2021-04-27,growth_adaptive,growth,adaptive,1.0060975022933192
2021-04-28,growth_adaptive,growth,adaptive,1.0018698771219572
2021-04-29,growth_adaptive,growth,adaptive,1.0066981946913944
2021-04-30,growth_adaptive,growth,adaptive,1.0132078249061025
2021-05-03,growth_adaptive,growth,adaptive,1.0220822924527957
2021-05-04,growth_adaptive,growth,adaptive,0.995244091498075
2021-05-05,growth_adaptive,growth,adaptive,1.05038257812897
2021-05-06,growth_adaptive,growth,adaptive,1.0489831697501824
2021-05-07,growth_adaptive,growth,adaptive,0.9868720800538936
2021-05-10,growth_adaptive,growth,adaptive,0.9833321461050957
2021-05-11,growth_adaptive,growth,adaptive,1.0388700777939273
2021-05-12,growth_adaptive,growth,adaptive,0.9258129638912811
2021-05-13,growth_adaptive,growth,adaptive,1.0221289987065607
2021-05-14,growth_adaptive,growth,adaptive,1.0237135936625843
2021-05-17,growth_adaptive,growth,adaptive,0.9800413125354664
2021-05-18,growth_adaptive,growth,adaptive,1.0037971310188403
2021-05-19,growth_adaptive,growth,adaptive,0.917191747391562
2021-05-20,growth_adaptive,growth,adaptive,1.0403462477835081
2021-05-21,growth_adaptive,growth,adaptive,0.9677446377279768
2021-05-24,growth_adaptive,growth,adaptive,1.0545960391731968
2021-05-25,growth_adaptive,growth,adaptive,1.002943760904734
2021-05-26,growth_adaptive,growth,adaptive,1.0181492755411385
2021-05-27,growth_adaptive,growth,adaptive,0.9902664544351745
2021-05-28,growth_adaptive,growth,adaptive,0.9765981939561411
2021-06-01,growth_adaptive,growth,adaptive,0.9949503708054742
2021-06-02,growth_adaptive,growth,adaptive,1.0062983723376282
2021-06-03,growth_adaptive,growth,adaptive,1.0116482935365605
2021-06-04,growth_adaptive,growth,adaptive,0.9906564671601602
2021-06-07,growth_adaptive,growth,adaptive,0.9881267850464825
2021-06-08,growth_adaptive,growth,adaptive,0.9955820321192793
2021-06-09,growth_adaptive,growth,adaptive,1.0113380645761847
2021-06-10,growth_adaptive,growth,adaptive,0.9967388621920353
2021-06-11,growth_adaptive,growth,adaptive,0.9956567696146137
2021-06-14,growth_adaptive,growth,adaptive,1.0030487631922438
2021-06-15,growth_adaptive,growth,adaptive,1.0012199738312983
2021-06-16,growth_adaptive,growth,adaptive,0.978670883014695
2021-06-17,growth_adaptive,growth,adaptive,1.003589114160217
2021-06-18,growth_adaptive,growth,adaptive,0.9797526474926048
2021-06-21,growth_adaptive,growth,adaptive,0.9849830680126508
2021-06-22,growth_adaptive,growth,adaptive,0.9963801170320861
2021-06-23,growth_adaptive,growth,adaptive,1.0034516882440354
2021-06-24,growth_adaptive,growth,adaptive,1.0103117966988477
2021-06-25,growth_adaptive,growth,adaptive,1.0043902113885024
2021-06-28,growth_adaptive,growth,adaptive,1.0022055869450563
2021-06-29,growth_adaptive,growth,adaptive,1.0030258395986917
2021-06-30,growth_adaptive,growth,adaptive,1.006826695504293
2021-07-01,growth_adaptive,growth,adaptive,0.9984385754917348
2021-07-02,growth_adaptive,growth,adaptive,1.006165577157719
2021-07-06,growth_adaptive,growth,adaptive,1.0012016001541566
2021-07-07,growth_adaptive,growth,adaptive,1.0011757706367954
2021-07-08,growth_adaptive,growth,adaptive,0.9883982060845118
2021-07-09,growth_adaptive,growth,adaptive,1.009074513231496
2021-07-12,growth_adaptive,growth,adaptive,0.9994301720064992
2021-07-13,growth_adaptive,growth,adaptive,0.9946341411381707
2021-07-14,growth_adaptive,growth,adaptive,1.0039935940319535
2021-07-15,growth_adaptive,growth,adaptive,0.9996137132553492
2021-07-16,growth_adaptive,growth,adaptive,0.9975674015757358
2021-07-19,growth_adaptive,growth,adaptive,0.9854882241315598
2021-07-20,growth_adaptive,growth,adaptive,1.000598389923283
2021-07-21,growth_adaptive,growth,adaptive,1.006194505946699
2021-07-22,growth_adaptive,growth,adaptive,1.0044854354121413
2021-07-23,growth_adaptive,growth,adaptive,1.0138794311564068
2021-07-26,growth_adaptive,growth,adaptive,1.0033298584231078
2021-07-27,growth_adaptive,growth,adaptive,1.005074229016005
2021-07-28,growth_adaptive,growth,adaptive,1.0011885355860617
2021-07-29,growth_adaptive,growth,adaptive,1.0040481211869166
2021-07-30,growth_adaptive,growth,adaptive,1.0012897432221477
2021-08-02,growth_adaptive,growth,adaptive,1.0016973399380664
2021-08-03,growth_adaptive,growth,adaptive,1.0024670188115699
2021-08-04,growth_adaptive,growth,adaptive,1.0037772632956368
2021-08-05,growth_adaptive,growth,adaptive,1.0073833924365343
2021-08-06,growth_adaptive,growth,adaptive,1.0022230848843108
2021-08-09,growth_adaptive,growth,adaptive,1.0114305333216853
2021-08-10,growth_adaptive,growth,adaptive,1.0086557859955088
2021-08-11,growth_adaptive,growth,adaptive,1.015672703962946
2021-08-12,growth_adaptive,growth,adaptive,0.999466768123629
2021-08-13,growth_adaptive,growth,adaptive,1.0240614471199203
2021-08-16,growth_adaptive,growth,adaptive,0.9976001893698361
2021-08-17,growth_adaptive,growth,adaptive,0.9887597882021268
2021-08-18,growth_adaptive,growth,adaptive,0.9968161143939784
2021-08-19,growth_adaptive,growth,adaptive,1.0148667081283185
2021-08-20,growth_adaptive,growth,adaptive,1.013307291695231
2021-08-23,growth_adaptive,growth,adaptive,1.005329258005662
2021-08-24,growth_adaptive,growth,adaptive,0.9825322839703682
2021-08-25,growth_adaptive,growth,adaptive,1.0024862593303285
2021-08-26,growth_adaptive,growth,adaptive,0.9843156238271331
2021-08-27,growth_adaptive,growth,adaptive,1.0195834100169805
2021-08-30,growth_adaptive,growth,adaptive,0.9969971983771839
2021-08-31,growth_adaptive,growth,adaptive,1.0074430536573518
2021-09-01,growth_adaptive,growth,adaptive,1.0169462121855684
2021-09-02,growth_adaptive,growth,adaptive,1.0089115246456495
2021-09-03,growth_adaptive,growth,adaptive,1.009053469211808
2021-09-07,growth_adaptive,growth,adaptive,0.954347604165275
2021-09-08,growth_adaptive,growth,adaptive,1.0053301643456438
2021-09-09,growth_adaptive,growth,adaptive,0.9953928042819009
2021-09-10,growth_adaptive,growth,adaptive,0.9905754033228523
2021-09-13,growth_adaptive,growth,adaptive,0.98942596778969
2021-09-14,growth_adaptive,growth,adaptive,1.0058992192720904
2021-09-15,growth_adaptive,growth,adaptive,1.0079407090425518
2021-09-16,growth_adaptive,growth,adaptive,0.9910745303961075
2021-09-17,growth_adaptive,growth,adaptive,0.9817903112039146
2021-09-20,growth_adaptive,growth,adaptive,0.9696942930959191
2021-09-21,growth_adaptive,growth,adaptive,0.9876569985212751
2021-09-22,growth_adaptive,growth,adaptive,1.021099079355899
2021-09-23,growth_adaptive,growth,adaptive,1.0069638056490917
2021-09-24,growth_adaptive,growth,adaptive,0.9814201501917335
2021-09-27,growth_adaptive,growth,adaptive,0.9884423153477453
2021-09-28,growth_adaptive,growth,adaptive,0.9865835412814246
2021-09-29,growth_adaptive,growth,adaptive,1.0124767319694639
2021-09-30,growth_adaptive,growth,adaptive,1.0017173332684681
2021-10-01,growth_adaptive,growth,adaptive,1.0196539817470376
2021-10-04,growth_adaptive,growth,adaptive,0.9966439154555966
2021-10-05,growth_adaptive,growth,adaptive,1.0125618210619656
2021-10-06,growth_adaptive,growth,adaptive,1.005431639102773
2021-10-07,growth_adaptive,growth,adaptive,1.0061207502285767
2021-10-08,growth_adaptive,growth,adaptive,0.9969541954052654
2021-10-11,growth_adaptive,growth,adaptive,0.9974758316229836
2021-10-12,growth_adaptive,growth,adaptive,0.9968800071530913
2021-10-13,growth_adaptive,growth,adaptive,1.0089868962117667
2021-10-14,growth_adaptive,growth,adaptive,1.0081838450666614
2021-10-15,growth_adaptive,growth,adaptive,1.0090344454549267
2021-10-18,growth_adaptive,growth,adaptive,0.9961418210786661
2021-10-19,growth_adaptive,growth,adaptive,1.0094006472438768
2021-10-20,growth_adaptive,growth,adaptive,1.0181974013334465
2021-10-21,growth_adaptive,growth,adaptive,0.9975606580760202
2021-10-22,growth_adaptive,growth,adaptive,0.9992329720272853
2021-10-25,growth_adaptive,growth,adaptive,1.0092580821806167
2021-10-26,growth_adaptive,growth,adaptive,1.0019835191821072
2021-10-27,growth_adaptive,growth,adaptive,0.9775747844821862
2021-10-28,growth_adaptive,growth,adaptive,1.0186202558909454
2021-10-29,growth_adaptive,growth,adaptive,1.000804209470857
2021-11-01,growth_adaptive,growth,adaptive,1.0007589985472325
2021-11-02,growth_adaptive,growth,adaptive,1.0099888214678243
2021-11-03,growth_adaptive,growth,adaptive,1.0064920495698548
2021-11-04,growth_adaptive,growth,adaptive,0.9979617185841515
2021-11-05,growth_adaptive,growth,adaptive,0.9899880453255433
2021-11-08,growth_adaptive,growth,adaptive,1.012539929199654
2021-11-09,growth_adaptive,growth,adaptive,1.0143741995362643
2021-11-10,growth_adaptive,growth,adaptive,0.9940450240114241
2021-11-11,growth_adaptive,growth,adaptive,1.0031023177203822
2021-11-12,growth_adaptive,growth,adaptive,1.0012242718329187
2021-11-15,growth_adaptive,growth,adaptive,0.9957144169883874
2021-11-16,growth_adaptive,growth,adaptive,0.9817157919366316
2021-11-17,growth_adaptive,growth,adaptive,0.9958493819881532
2021-11-18,growth_adaptive,growth,adaptive,0.9845917819586358
2021-11-19,growth_adaptive,growth,adaptive,1.0046183041648942
2021-11-22,growth_adaptive,growth,adaptive,0.9925856670349599
2021-11-23,growth_adaptive,growth,adaptive,1.0073079923501767
2021-11-24,growth_adaptive,growth,adaptive,0.9942916975940884
2021-11-26,growth_adaptive,growth,adaptive,0.975386607134215
2021-11-29,growth_adaptive,growth,adaptive,1.0096516738232089
2021-11-30,growth_adaptive,growth,adaptive,0.9862084770724477
2021-12-01,growth_adaptive,growth,adaptive,0.9947234711581612
2021-12-02,growth_adaptive,growth,adaptive,1.0204998688017777
2021-12-03,growth_adaptive,growth,adaptive,0.9907834392294873
2021-12-06,growth_adaptive,growth,adaptive,1.013903384379134
2021-12-07,growth_adaptive,growth,adaptive,1.0013943070598297
2021-12-08,growth_adaptive,growth,adaptive,1.0073420971737352
2021-12-09,growth_adaptive,growth,adaptive,0.9843824831852965
2021-12-10,growth_adaptive,growth,adaptive,0.9982817883648702
2021-12-13,growth_adaptive,growth,adaptive,0.9858460218029447
2021-12-14,growth_adaptive,growth,adaptive,0.9977988707269358
2021-12-15,growth_adaptive,growth,adaptive,1.0192146782397409
2021-12-16,growth_adaptive,growth,adaptive,0.9998050560057214
2021-12-17,growth_adaptive,growth,adaptive,0.9850528877412702
2021-12-20,growth_adaptive,growth,adaptive,0.9992398514975354
2021-12-21,growth_adaptive,growth,adaptive,1.0066547380187876
2021-12-22,growth_adaptive,growth,adaptive,1.0091156587351586
2021-12-23,growth_adaptive,growth,adaptive,1.012115045452218
2021-12-27,growth_adaptive,growth,adaptive,1.0130245700119602
2021-12-28,growth_adaptive,growth,adaptive,0.9891366509855348
2021-12-29,growth_adaptive,growth,adaptive,0.9974465965839616
2021-12-30,growth_adaptive,growth,adaptive,1.0025443566313037
2021-12-31,growth_adaptive,growth,adaptive,0.9942913206683716
2022-01-03,growth_adaptive,growth,adaptive,0.9906017124438403
2022-01-04,growth_adaptive,growth,adaptive,0.9970631367282418
2022-01-05,growth_adaptive,growth,adaptive,0.9866728523903768
2022-01-06,growth_adaptive,growth,adaptive,0.9961608165165898
2022-01-07,growth_adaptive,growth,adaptive,0.9870518299284192
2022-01-10,growth_adaptive,growth,adaptive,0.9939753032877029
2022-01-11,growth_adaptive,growth,adaptive,1.012419415000439
2022-01-12,growth_adaptive,growth,adaptive,1.010365055063084
2022-01-13,growth_adaptive,growth,adaptive,0.9851384187064876
2022-01-14,growth_adaptive,growth,adaptive,0.9989367799095306
2022-01-18,growth_adaptive,growth,adaptive,0.991571901126998
2022-01-19,growth_adaptive,growth,adaptive,0.9910407460984904
2022-01-20,growth_adaptive,growth,adaptive,0.9843273740702531
2022-01-21,growth_adaptive,growth,adaptive,0.977831334221076
2022-01-24,growth_adaptive,growth,adaptive,0.9947311467633004
2022-01-25,growth_adaptive,growth,adaptive,1.0010494067752649
2022-01-26,growth_adaptive,growth,adaptive,0.9876416297185499
2022-01-27,growth_adaptive,growth,adaptive,0.9961950500885242
2022-01-28,growth_adaptive,growth,adaptive,1.0171090637976192
2022-01-31,growth_adaptive,growth,adaptive,1.0056764578629889
2022-02-01,growth_adaptive,growth,adaptive,1.008478993529605
2022-02-02,growth_adaptive,growth,adaptive,0.9949563807433323
2022-02-03,growth_adaptive,growth,adaptive,0.991838589042552
2022-02-04,growth_adaptive,growth,adaptive,1.015618958991773
2022-02-07,growth_adaptive,growth,adaptive,1.0111340762137635
2022-02-08,growth_adaptive,growth,adaptive,0.9975705374050984
2022-02-09,growth_adaptive,growth,adaptive,1.012240275177576
2022-02-10,growth_adaptive,growth,adaptive,0.9807382460212497
2022-02-11,growth_adaptive,growth,adaptive,0.9828456298698113
2022-02-14,growth_adaptive,growth,adaptive,0.9909531975021437
2022-02-15,growth_adaptive,growth,adaptive,1.0148872576615864
2022-02-16,growth_adaptive,growth,adaptive,0.9967446801090843
2022-02-17,growth_adaptive,growth,adaptive,0.9715999721291545
2022-02-18,growth_adaptive,growth,adaptive,0.993318393945545
2022-02-22,growth_adaptive,growth,adaptive,1.0010146753694729
2022-02-23,growth_adaptive,growth,adaptive,0.9969670148681833
2022-02-24,growth_adaptive,growth,adaptive,1.0001534192779866
2022-02-25,growth_adaptive,growth,adaptive,1.0282508484113666
2022-02-28,growth_adaptive,growth,adaptive,1.0145968942999297
2022-03-01,growth_adaptive,growth,adaptive,0.9944478155253773
2022-03-02,growth_adaptive,growth,adaptive,1.0060529359032593
2022-03-03,growth_adaptive,growth,adaptive,0.9949113142654138
2022-03-04,growth_adaptive,growth,adaptive,0.984916180999782
2022-03-07,growth_adaptive,growth,adaptive,0.9803501441038694
2022-03-08,growth_adaptive,growth,adaptive,0.9880223361514163
2022-03-09,growth_adaptive,growth,adaptive,1.0202889550887873
2022-03-10,growth_adaptive,growth,adaptive,0.9843929565622176
2022-03-11,growth_adaptive,growth,adaptive,0.9939199440128806
2022-03-14,growth_adaptive,growth,adaptive,1.0017861835154807
2022-03-15,growth_adaptive,growth,adaptive,1.0089680787393118
2022-03-16,growth_adaptive,growth,adaptive,1.01634040107702
2022-03-17,growth_adaptive,growth,adaptive,1.0106926350566934
2022-03-18,growth_adaptive,growth,adaptive,1.0108952285120092
2022-03-21,growth_adaptive,growth,adaptive,1.0048093442727766
2022-03-22,growth_adaptive,growth,adaptive,1.0165173251595605
2022-03-23,growth_adaptive,growth,adaptive,0.9996602631856872
2022-03-24,growth_adaptive,growth,adaptive,1.0101092560752978
2022-03-25,growth_adaptive,growth,adaptive,1.0040273522826713
2022-03-28,growth_adaptive,growth,adaptive,1.0043669410408733
2022-03-29,growth_adaptive,growth,adaptive,1.0164150452326184
2022-03-30,growth_adaptive,growth,adaptive,0.9987794192934281
2022-03-31,growth_adaptive,growth,adaptive,0.9865171859759785
2022-04-01,growth_adaptive,growth,adaptive,1.0101077905836888
2022-04-04,growth_adaptive,growth,adaptive,1.0042376632236092
2022-04-05,growth_adaptive,growth,adaptive,0.9889037611646772
2022-04-06,growth_adaptive,growth,adaptive,0.9864443758642997
2022-04-07,growth_adaptive,growth,adaptive,1.0094633604217238
2022-04-08,growth_adaptive,growth,adaptive,0.9957653427516524
2022-04-11,growth_adaptive,growth,adaptive,0.9706758280221519
2022-04-12,growth_adaptive,growth,adaptive,1.002282068355265
2022-04-13,growth_adaptive,growth,adaptive,1.007669264627777
2022-04-14,growth_adaptive,growth,adaptive,0.9927757347623978
2022-04-18,growth_adaptive,growth,adaptive,0.9980134820733737
2022-04-19,growth_adaptive,growth,adaptive,1.0119948028997476
2022-04-20,growth_adaptive,growth,adaptive,0.9965354588171621
2022-04-21,growth_adaptive,growth,adaptive,0.9911655844917768
2022-04-22,growth_adaptive,growth,adaptive,0.9828228318605603
2022-04-25,growth_adaptive,growth,adaptive,1.0040109342979406
2022-04-26,growth_adaptive,growth,adaptive,0.979102140096746
2022-04-27,growth_adaptive,growth,adaptive,1.0046959414148853
2022-04-28,growth_adaptive,growth,adaptive,1.010156805134701
2022-04-29,growth_adaptive,growth,adaptive,0.9668318293022783
2022-05-02,growth_adaptive,growth,adaptive,1.0012623293982603
2022-05-03,growth_adaptive,growth,adaptive,0.9992822409987532
2022-05-04,growth_adaptive,growth,adaptive,1.0492751508932376
2022-05-05,growth_adaptive,growth,adaptive,0.9595887907604558
2022-05-06,growth_adaptive,growth,adaptive,0.999030892534254
2022-05-09,growth_adaptive,growth,adaptive,0.9499888667879849
2022-05-10,growth_adaptive,growth,adaptive,1.0014750932224317
2022-05-11,growth_adaptive,growth,adaptive,0.9767709810836359
2022-05-12,growth_adaptive,growth,adaptive,0.9946692653570777
2022-05-13,growth_adaptive,growth,adaptive,1.0241359786004938
2022-05-16,growth_adaptive,growth,adaptive,0.9906841943403644
2022-05-17,growth_adaptive,growth,adaptive,1.0209483722478496
2022-05-18,growth_adaptive,growth,adaptive,0.9747209999981341
2022-05-19,growth_adaptive,growth,adaptive,1.0081879633207254
2022-05-20,growth_adaptive,growth,adaptive,0.9946139048874845
2022-05-23,growth_adaptive,growth,adaptive,1.0037130765363775
2022-05-24,growth_adaptive,growth,adaptive,1.0109441676697082
2022-05-25,growth_adaptive,growth,adaptive,1.0057522810595763
2022-05-26,growth_adaptive,growth,adaptive,0.9945627470987255
2022-05-27,growth_adaptive,growth,adaptive,1.002449141083717
2022-05-31,growth_adaptive,growth,adaptive,0.9976834809638296
2022-06-01,growth_adaptive,growth,adaptive,0.9838635239967813
2022-06-02,growth_adaptive,growth,adaptive,1.008973020943475
2022-06-03,growth_adaptive,growth,adaptive,0.9892821931858579
2022-06-06,growth_adaptive,growth,adaptive,1.0078071962786233
2022-06-07,growth_adaptive,growth,adaptive,1.0061138978712778
2022-06-08,growth_adaptive,growth,adaptive,0.9870331573605907
2022-06-09,growth_adaptive,growth,adaptive,0.9813790595293815
2022-06-10,growth_adaptive,growth,adaptive,0.9757436886976354
2022-06-13,growth_adaptive,growth,adaptive,0.9414033867157174
2022-06-14,growth_adaptive,growth,adaptive,0.9820466837474907
2022-06-15,growth_adaptive,growth,adaptive,1.016010078164
2022-06-16,growth_adaptive,growth,adaptive,0.9673793401125784
2022-06-17,growth_adaptive,growth,adaptive,1.006765804673602
2022-06-21,growth_adaptive,growth,adaptive,1.0164818777484779
2022-06-22,growth_adaptive,growth,adaptive,0.9951399073689177
2022-06-23,growth_adaptive,growth,adaptive,1.0196877042286128
2022-06-24,growth_adaptive,growth,adaptive,1.0195749965494674
2022-06-27,growth_adaptive,growth,adaptive,0.9957982272305693
2022-06-28,growth_adaptive,growth,adaptive,0.9832938874515861
2022-06-29,growth_adaptive,growth,adaptive,0.9989290657464168
2022-06-30,growth_adaptive,growth,adaptive,0.9907596947999928
2022-07-01,growth_adaptive,growth,adaptive,1.0100315185568625
2022-07-05,growth_adaptive,growth,adaptive,0.9984911648321462
2022-07-06,growth_adaptive,growth,adaptive,1.003544637998286
2022-07-07,growth_adaptive,growth,adaptive,1.007839003814913
2022-07-08,growth_adaptive,growth,adaptive,0.9978511990952801
2022-07-11,growth_adaptive,growth,adaptive,0.9913438557611707
2022-07-12,growth_adaptive,growth,adaptive,0.992170528640256
2022-07-13,growth_adaptive,growth,adaptive,1.00477985297707
2022-07-14,growth_adaptive,growth,adaptive,1.0028465684870178
2022-07-15,growth_adaptive,growth,adaptive,1.0115554086861467
2022-07-18,growth_adaptive,growth,adaptive,1.0047085888950058
2022-07-19,growth_adaptive,growth,adaptive,1.0148481019506093
2022-07-20,growth_adaptive,growth,adaptive,0.9927042982220109
2022-07-21,growth_adaptive,growth,adaptive,1.0064823253795652
2022-07-22,growth_adaptive,growth,adaptive,0.9966853877289855
2022-07-25,growth_adaptive,growth,adaptive,0.9897682615876692
2022-07-26,growth_adaptive,growth,adaptive,0.9974766253436789
2022-07-27,growth_adaptive,growth,adaptive,1.0146658267536415
2022-07-28,growth_adaptive,growth,adaptive,1.0128887895276617
2022-07-29,growth_adaptive,growth,adaptive,1.0025945800621137
2022-08-01,growth_adaptive,growth,adaptive,0.9956093445338174
2022-08-02,growth_adaptive,growth,adaptive,0.9911263160023563
2022-08-03,growth_adaptive,growth,adaptive,1.0127418203402074
2022-08-04,growth_adaptive,growth,adaptive,0.9959742282563919
2022-08-05,growth_adaptive,growth,adaptive,1.0018299968475957
2022-08-08,growth_adaptive,growth,adaptive,1.0073171873720206
2022-08-09,growth_adaptive,growth,adaptive,0.9947058914609512
2022-08-10,growth_adaptive,growth,adaptive,1.0182217543644287
2022-08-11,growth_adaptive,growth,adaptive,0.9980199500944871
2022-08-12,growth_adaptive,growth,adaptive,1.0144651435252052
2022-08-15,growth_adaptive,growth,adaptive,1.0096613401253571
2022-08-16,growth_adaptive,growth,adaptive,1.0085377633580626
2022-08-17,growth_adaptive,growth,adaptive,0.9925567474449887
2022-08-18,growth_adaptive,growth,adaptive,0.9947711471188521
2022-08-19,growth_adaptive,growth,adaptive,0.9794145405133381
2022-08-22,growth_adaptive,growth,adaptive,0.9870657868910833
2022-08-23,growth_adaptive,growth,adaptive,0.9968936845711187
2022-08-24,growth_adaptive,growth,adaptive,0.9991467976898484
2022-08-25,growth_adaptive,growth,adaptive,1.007519130107277
2022-08-26,growth_adaptive,growth,adaptive,0.978162728775807
2022-08-29,growth_adaptive,growth,adaptive,1.0030359222928482
2022-08-30,growth_adaptive,growth,adaptive,0.991002764245518
2022-08-31,growth_adaptive,growth,adaptive,0.9995479347807741
2022-09-01,growth_adaptive,growth,adaptive,1.0122962824112423
2022-09-02,growth_adaptive,growth,adaptive,0.9904379044177464
2022-09-06,growth_adaptive,growth,adaptive,0.9882946427012804
2022-09-07,growth_adaptive,growth,adaptive,1.0196801847397639
2022-09-08,growth_adaptive,growth,adaptive,1.0036935456969036
2022-09-09,growth_adaptive,growth,adaptive,1.0217234871781642
2022-09-12,growth_adaptive,growth,adaptive,1.008601374779018
2022-09-13,growth_adaptive,growth,adaptive,0.9596564416480868
2022-09-14,growth_adaptive,growth,adaptive,1.010236313005969
2022-09-15,growth_adaptive,growth,adaptive,0.982278137418118
2022-09-16,growth_adaptive,growth,adaptive,1.0056212093593504
2022-09-19,growth_adaptive,growth,adaptive,1.0099646486556715
2022-09-20,growth_adaptive,growth,adaptive,0.990723654270334
2022-09-21,growth_adaptive,growth,adaptive,0.9798603292988864
2022-09-22,growth_adaptive,growth,adaptive,1.024345296790936
2022-09-23,growth_adaptive,growth,adaptive,0.9900264358969193
2022-09-26,growth_adaptive,growth,adaptive,0.9895693892826377
2022-09-27,growth_adaptive,growth,adaptive,0.9924130612239556
2022-09-28,growth_adaptive,growth,adaptive,1.0163850271189927
2022-09-29,growth_adaptive,growth,adaptive,0.9967843739121683
2022-09-30,growth_adaptive,growth,adaptive,0.987663605815387
2022-10-03,growth_adaptive,growth,adaptive,1.0246028043581032
2022-10-04,growth_adaptive,growth,adaptive,1.0206824522710374
2022-10-05,growth_adaptive,growth,adaptive,0.9991304185411685
2022-10-06,growth_adaptive,growth,adaptive,0.9967033172958272
2022-10-07,growth_adaptive,growth,adaptive,0.9891793491502543
2022-10-10,growth_adaptive,growth,adaptive,0.9978383547716985
2022-10-11,growth_adaptive,growth,adaptive,1.0058066343925145
2022-10-12,growth_adaptive,growth,adaptive,0.9994237473849253
2022-10-13,growth_adaptive,growth,adaptive,1.0129863311198632
2022-10-14,growth_adaptive,growth,adaptive,0.9949960162221422
2022-10-17,growth_adaptive,growth,adaptive,1.01190755862715
2022-10-18,growth_adaptive,growth,adaptive,1.0037086325681357
2022-10-19,growth_adaptive,growth,adaptive,0.9887835938586046
2022-10-20,growth_adaptive,growth,adaptive,1.0028321969769114
2022-10-21,growth_adaptive,growth,adaptive,1.0193008336038538
2022-10-24,growth_adaptive,growth,adaptive,1.0078408645326749
2022-10-25,growth_adaptive,growth,adaptive,1.0117721179566037
2022-10-26,growth_adaptive,growth,adaptive,1.0165798680853357
2022-10-27,growth_adaptive,growth,adaptive,0.99660664650771
2022-10-28,growth_adaptive,growth,adaptive,1.016500575212208
2022-10-31,growth_adaptive,growth,adaptive,0.9928969457577154
2022-11-01,growth_adaptive,growth,adaptive,0.9977065994836425
2022-11-02,growth_adaptive,growth,adaptive,0.984546855585553
2022-11-03,growth_adaptive,growth,adaptive,0.9950734748381781
2022-11-04,growth_adaptive,growth,adaptive,1.0318566233089532
2022-11-07,growth_adaptive,growth,adaptive,1.0088995556650955
2022-11-08,growth_adaptive,growth,adaptive,0.9837756155349715
2022-11-09,growth_adaptive,growth,adaptive,0.9573168362995995
2022-11-10,growth_adaptive,growth,adaptive,1.0480512427245599
2022-11-11,growth_adaptive,growth,adaptive,0.9893855161761044
2022-11-14,growth_adaptive,growth,adaptive,1.0063857977706723
2022-11-15,growth_adaptive,growth,adaptive,1.004878939907918
2022-11-16,growth_adaptive,growth,adaptive,0.9954803937879023
2022-11-17,growth_adaptive,growth,adaptive,1.0034801588868016
2022-11-18,growth_adaptive,growth,adaptive,1.0071893538581853
2022-11-21,growth_adaptive,growth,adaptive,1.0000760646368063
2022-11-22,growth_adaptive,growth,adaptive,1.0116063175363568
2022-11-23,growth_adaptive,growth,adaptive,1.0057261630998366
2022-11-25,growth_adaptive,growth,adaptive,0.9999768415082781
2022-11-28,growth_adaptive,growth,adaptive,0.9900877106016526
2022-11-29,growth_adaptive,growth,adaptive,1.0068685436198033
2022-11-30,growth_adaptive,growth,adaptive,1.0233282746582693
2022-12-01,growth_adaptive,growth,adaptive,0.9962577606716371
2022-12-02,growth_adaptive,growth,adaptive,1.003252353164947
2022-12-05,growth_adaptive,growth,adaptive,0.9918076208833763
2022-12-06,growth_adaptive,growth,adaptive,0.9943652074318932
2022-12-07,growth_adaptive,growth,adaptive,0.9992779163082092
2022-12-08,growth_adaptive,growth,adaptive,1.007000612658539
2022-12-09,growth_adaptive,growth,adaptive,0.9864678219587277
2022-12-12,growth_adaptive,growth,adaptive,1.0043361568487525
2022-12-13,growth_adaptive,growth,adaptive,1.0058583570378523
2022-12-14,growth_adaptive,growth,adaptive,0.9977068631106396
2022-12-15,growth_adaptive,growth,adaptive,0.9834497142491544
2022-12-16,growth_adaptive,growth,adaptive,0.9795206574640611
2022-12-19,growth_adaptive,growth,adaptive,0.9917874183983667
2022-12-20,growth_adaptive,growth,adaptive,1.0072296057435068
2022-12-21,growth_adaptive,growth,adaptive,1.007095231825429
2022-12-22,growth_adaptive,growth,adaptive,0.9982857710272459
2022-12-23,growth_adaptive,growth,adaptive,1.0029669526400602
2022-12-27,growth_adaptive,growth,adaptive,0.9990324296440258
2022-12-28,growth_adaptive,growth,adaptive,0.9867585335755632
2022-12-29,growth_adaptive,growth,adaptive,1.0039449782573817
2022-12-30,growth_adaptive,growth,adaptive,0.9996714179123486
2023-01-03,growth_adaptive,growth,adaptive,0.9987844492249827
2023-01-04,growth_adaptive,growth,adaptive,1.008490000064275
2023-01-05,growth_adaptive,growth,adaptive,0.9978034566811386
2023-01-06,growth_adaptive,growth,adaptive,1.0143500282297806
2023-01-09,growth_adaptive,growth,adaptive,0.9922586013205397
2023-01-10,growth_adaptive,growth,adaptive,1.0020756559913333
2023-01-11,growth_adaptive,growth,adaptive,1.0124497230212444
2023-01-12,growth_adaptive,growth,adaptive,1.0038499748462826
2023-01-13,growth_adaptive,growth,adaptive,1.0078733820752233
2023-01-17,growth_adaptive,growth,adaptive,0.9945708811880538
2023-01-18,growth_adaptive,growth,adaptive,0.9792464507805888
2023-01-19,growth_adaptive,growth,adaptive,1.002630254529678
2023-01-20,growth_adaptive,growth,adaptive,1.019708134893138
2023-01-23,growth_adaptive,growth,adaptive,1.0078302831439707
2023-01-24,growth_adaptive,growth,adaptive,0.9899516783350345
2023-01-25,growth_adaptive,growth,adaptive,1.0037334969865808
2023-01-26,growth_adaptive,growth,adaptive,0.999526744267116
2023-01-27,growth_adaptive,growth,adaptive,0.9987172230063363
2023-01-30,growth_adaptive,growth,adaptive,0.9882006595283953
2023-01-31,growth_adaptive,growth,adaptive,1.0102220208140489
2023-02-01,growth_adaptive,growth,adaptive,0.9887436798248584
2023-02-02,growth_adaptive,growth,adaptive,0.9889142309847976
2023-02-03,growth_adaptive,growth,adaptive,0.9956534514665639
2023-02-06,growth_adaptive,growth,adaptive,0.995850186589454
2023-02-07,growth_adaptive,growth,adaptive,1.014685855665064
2023-02-08,growth_adaptive,growth,adaptive,0.9931137640801528
2023-02-09,growth_adaptive,growth,adaptive,0.9833356888065087
2023-02-10,growth_adaptive,growth,adaptive,1.0112831187134421
2023-02-13,growth_adaptive,growth,adaptive,1.0056295121636982
2023-02-14,growth_adaptive,growth,adaptive,0.9996314243873684
2023-02-15,growth_adaptive,growth,adaptive,1.0169987812477825
2023-02-16,growth_adaptive,growth,adaptive,0.9803671405726182
2023-02-17,growth_adaptive,growth,adaptive,1.0177056852434792
2023-02-21,growth_adaptive,growth,adaptive,0.9921693186099161
2023-02-22,growth_adaptive,growth,adaptive,0.9957527589952244
2023-02-23,growth_adaptive,growth,adaptive,0.999927799350982
2023-02-24,growth_adaptive,growth,adaptive,0.9867364776296413
2023-02-27,growth_adaptive,growth,adaptive,0.9993602597524497
2023-02-28,growth_adaptive,growth,adaptive,0.9899857311634405
2023-03-01,growth_adaptive,growth,adaptive,1.0060044617609094
2023-03-02,growth_adaptive,growth,adaptive,1.0001325199801991
2023-03-03,growth_adaptive,growth,adaptive,0.9951858321434931
2023-03-06,growth_adaptive,growth,adaptive,1.0051992836133077
2023-03-07,growth_adaptive,growth,adaptive,0.9897455321449545
2023-03-08,growth_adaptive,growth,adaptive,0.9933091668896832
2023-03-09,growth_adaptive,growth,adaptive,0.9733338501029101
2023-03-10,growth_adaptive,growth,adaptive,0.9915287234237818
2023-03-13,growth_adaptive,growth,adaptive,1.0185092369291924
2023-03-14,growth_adaptive,growth,adaptive,1.009528495312333
2023-03-15,growth_adaptive,growth,adaptive,0.9928192856239237
2023-03-16,growth_adaptive,growth,adaptive,1.003747254178794
2023-03-17,growth_adaptive,growth,adaptive,1.0060014508414907
2023-03-20,growth_adaptive,growth,adaptive,1.0011284482762766
2023-03-21,growth_adaptive,growth,adaptive,1.0221122659435975
2023-03-22,growth_adaptive,growth,adaptive,0.9737678201465555
2023-03-23,growth_adaptive,growth,adaptive,1.0188603654048896
2023-03-24,growth_adaptive,growth,adaptive,1.004512483680096
2023-03-27,growth_adaptive,growth,adaptive,1.0026577515072395
2023-03-28,growth_adaptive,growth,adaptive,1.0088519741003477
2023-03-29,growth_adaptive,growth,adaptive,1.0153712272403959
2023-03-30,growth_adaptive,growth,adaptive,1.003573431272688
2023-03-31,growth_adaptive,growth,adaptive,1.011365589540187
2023-04-03,growth_adaptive,growth,adaptive,1.004272782267124
2023-04-04,growth_adaptive,growth,adaptive,1.007352102407951
2023-04-05,growth_adaptive,growth,adaptive,1.0136672339116668
2023-04-06,growth_adaptive,growth,adaptive,0.9982844535163652
2023-04-10,growth_adaptive,growth,adaptive,1.0045557596302075
2023-04-11,growth_adaptive,growth,adaptive,0.9987005837417942
2023-04-12,growth_adaptive,growth,adaptive,0.9966168112762558
2023-04-13,growth_adaptive,growth,adaptive,1.0099190152095916
2023-04-14,growth_adaptive,growth,adaptive,0.999541475376824
2023-04-17,growth_adaptive,growth,adaptive,0.9931661670720687
2023-04-18,growth_adaptive,growth,adaptive,1.0067547943038053
2023-04-19,growth_adaptive,growth,adaptive,0.9810035102332649
2023-04-20,growth_adaptive,growth,adaptive,0.9905265763271996
2023-04-21,growth_adaptive,growth,adaptive,0.9953888377872921
2023-04-24,growth_adaptive,growth,adaptive,1.0003897868393052
2023-04-25,growth_adaptive,growth,adaptive,1.0047008359252874
2023-04-26,growth_adaptive,growth,adaptive,0.9818598969346207
2023-04-27,growth_adaptive,growth,adaptive,1.0135520368174749
2023-04-28,growth_adaptive,growth,adaptive,1.0035283484003297
2023-05-01,growth_adaptive,growth,adaptive,0.995814462972032
2023-05-02,growth_adaptive,growth,adaptive,0.9982502741277273
2023-05-03,growth_adaptive,growth,adaptive,0.9894186551881694
2023-05-04,growth_adaptive,growth,adaptive,1.0011613273110709
2023-05-05,growth_adaptive,growth,adaptive,1.013926448384427
2023-05-08,growth_adaptive,growth,adaptive,0.9906262839718716
2023-05-09,growth_adaptive,growth,adaptive,1.000254008154387
2023-05-10,growth_adaptive,growth,adaptive,1.000182002038343
2023-05-11,growth_adaptive,growth,adaptive,0.992654192747019
2023-05-12,growth_adaptive,growth,adaptive,1.0023154663215472
2023-05-15,growth_adaptive,growth,adaptive,1.0005498874152872
2023-05-16,growth_adaptive,growth,adaptive,0.9914092449974551
2023-05-17,growth_adaptive,growth,adaptive,1.0027816942933423
2023-05-18,growth_adaptive,growth,adaptive,0.9978039721647045
2023-05-19,growth_adaptive,growth,adaptive,1.0010806136366073
2023-05-22,growth_adaptive,growth,adaptive,0.9995738385396505
2023-05-23,growth_adaptive,growth,adaptive,0.9970687035176695
2023-05-24,growth_adaptive,growth,adaptive,0.9873372429965679
2023-05-25,growth_adaptive,growth,adaptive,0.9902020955040772
2023-05-26,growth_adaptive,growth,adaptive,1.0026905651189146
2023-05-30,growth_adaptive,growth,adaptive,1.002314204611204
2023-05-31,growth_adaptive,growth,adaptive,1.003680869506541
2023-06-01,growth_adaptive,growth,adaptive,0.9966545203658697
2023-06-02,growth_adaptive,growth,adaptive,1.020147467231025
2023-06-05,growth_adaptive,growth,adaptive,0.9864371588123763
2023-06-06,growth_adaptive,growth,adaptive,1.0023791362410728
2023-06-07,growth_adaptive,growth,adaptive,0.9915205440811197
2023-06-08,growth_adaptive,growth,adaptive,1.0068211063284631
2023-06-09,growth_adaptive,growth,adaptive,0.9969582204833569
2023-06-12,growth_adaptive,growth,adaptive,1.0000057488755338
2023-06-13,growth_adaptive,growth,adaptive,1.0033684224708528
2023-06-14,growth_adaptive,growth,adaptive,0.9898495810012125
2023-06-15,growth_adaptive,growth,adaptive,1.0048642658802363
2023-06-16,growth_adaptive,growth,adaptive,1.0020640009159498
2023-06-20,growth_adaptive,growth,adaptive,1.0020931780636013
2023-06-21,growth_adaptive,growth,adaptive,1.0107976373624934
2023-06-22,growth_adaptive,growth,adaptive,1.0049842140256122
2023-06-23,growth_adaptive,growth,adaptive,1.0038835498404348
2023-06-26,growth_adaptive,growth,adaptive,0.9987348075817982
2023-06-27,growth_adaptive,growth,adaptive,1.0116264329469207
2023-06-28,growth_adaptive,growth,adaptive,0.9889335815126599
2023-06-29,growth_adaptive,growth,adaptive,1.0043597361300958
2023-06-30,growth_adaptive,growth,adaptive,1.0220485266235808
2023-07-03,growth_adaptive,growth,adaptive,1.0010241495533032
2023-07-05,growth_adaptive,growth,adaptive,0.9968502225851236
2023-07-06,growth_adaptive,growth,adaptive,0.9860245871687193
2023-07-07,growth_adaptive,growth,adaptive,0.9945484479952535
2023-07-10,growth_adaptive,growth,adaptive,1.0045933773126445
2023-07-11,growth_adaptive,growth,adaptive,1.0070429435981323
2023-07-12,growth_adaptive,growth,adaptive,0.9968794800115705
2023-07-13,growth_adaptive,growth,adaptive,1.0780118466901791
2023-07-14,growth_adaptive,growth,adaptive,0.9767001410162589
2023-07-17,growth_adaptive,growth,adaptive,0.9938849320112593
2023-07-18,growth_adaptive,growth,adaptive,1.0046045630404685
2023-07-19,growth_adaptive,growth,adaptive,1.0199707014959047
2023-07-20,growth_adaptive,growth,adaptive,1.008938620540563
2023-07-21,growth_adaptive,growth,adaptive,1.0011081419489432
2023-07-24,growth_adaptive,growth,adaptive,0.9869130319999513
2023-07-25,growth_adaptive,growth,adaptive,0.998897726032311
2023-07-26,growth_adaptive,growth,adaptive,1.0085089182506444
2023-07-27,growth_adaptive,growth,adaptive,0.99546949031209
2023-07-28,growth_adaptive,growth,adaptive,1.0041604485083273
2023-07-31,growth_adaptive,growth,adaptive,0.9916353000178961
2023-08-01,growth_adaptive,growth,adaptive,0.9983765660342515
2023-08-02,growth_adaptive,growth,adaptive,0.9817897077635752
2023-08-03,growth_adaptive,growth,adaptive,0.988368875928437
2023-08-04,growth_adaptive,growth,adaptive,0.9906496650619453
2023-08-07,growth_adaptive,growth,adaptive,1.0097174839872625
2023-08-08,growth_adaptive,growth,adaptive,1.000993794670511
2023-08-09,growth_adaptive,growth,adaptive,1.000791336815553
2023-08-10,growth_adaptive,growth,adaptive,0.9960918570488443
2023-08-11,growth_adaptive,growth,adaptive,1.0047967548448682
2023-08-14,growth_adaptive,growth,adaptive,1.0002222007469719
2023-08-15,growth_adaptive,growth,adaptive,0.9880981948498847
2023-08-16,growth_adaptive,growth,adaptive,0.9902350070832977
2023-08-17,growth_adaptive,growth,adaptive,0.9737605689371738
2023-08-18,growth_adaptive,growth,adaptive,1.0017943831959342
2023-08-21,growth_adaptive,growth,adaptive,0.9958375690639722
2023-08-22,growth_adaptive,growth,adaptive,0.9929356955878781
2023-08-23,growth_adaptive,growth,adaptive,1.0155347362257154
2023-08-24,growth_adaptive,growth,adaptive,0.988570352512648
2023-08-25,growth_adaptive,growth,adaptive,1.0028658802161354
2023-08-28,growth_adaptive,growth,adaptive,1.0008633406153893
2023-08-29,growth_adaptive,growth,adaptive,1.0145116131049354
2023-08-30,growth_adaptive,growth,adaptive,0.9966512647922474
2023-08-31,growth_adaptive,growth,adaptive,0.9882171867353721
2023-09-01,growth_adaptive,growth,adaptive,0.9993354287816155
2023-09-05,growth_adaptive,growth,adaptive,0.9907618897610595
2023-09-06,growth_adaptive,growth,adaptive,0.9983412020392293
2023-09-07,growth_adaptive,growth,adaptive,1.0081834908389216
2023-09-08,growth_adaptive,growth,adaptive,1.0019094875870458
2023-09-11,growth_adaptive,growth,adaptive,0.9947466183051101
2023-09-12,growth_adaptive,growth,adaptive,1.0099572612669132
2023-09-13,growth_adaptive,growth,adaptive,1.0040406034250695
2023-09-14,growth_adaptive,growth,adaptive,1.0096808761045772
2023-09-15,growth_adaptive,growth,adaptive,0.9970394694760816
2023-09-18,growth_adaptive,growth,adaptive,1.0033445838626731
2023-09-19,growth_adaptive,growth,adaptive,1.0019146446238858
2023-09-20,growth_adaptive,growth,adaptive,0.9954759993166519
2023-09-21,growth_adaptive,growth,adaptive,0.9834394038236439
2023-09-22,growth_adaptive,growth,adaptive,0.9978082155848877
2023-09-25,growth_adaptive,growth,adaptive,1.0019148189067522
2023-09-26,growth_adaptive,growth,adaptive,0.994020750625807
2023-09-27,growth_adaptive,growth,adaptive,0.9978727000570791
2023-09-28,growth_adaptive,growth,adaptive,1.0097513349817393
2023-09-29,growth_adaptive,growth,adaptive,0.9968932088316158
2023-10-02,growth_adaptive,growth,adaptive,0.9911243595474697
2023-10-03,growth_adaptive,growth,adaptive,0.9883969383548729
2023-10-04,growth_adaptive,growth,adaptive,1.0045554765516864
2023-10-05,growth_adaptive,growth,adaptive,0.9943060375235587
2023-10-06,growth_adaptive,growth,adaptive,1.0066214508709457
2023-10-09,growth_adaptive,growth,adaptive,0.9971737997623124
2023-10-10,growth_adaptive,growth,adaptive,1.0027601988907142
2023-10-11,growth_adaptive,growth,adaptive,0.9999853524808888
2023-10-12,growth_adaptive,growth,adaptive,0.9941932779921254
2023-10-13,growth_adaptive,growth,adaptive,1.003731121792594
2023-10-16,growth_adaptive,growth,adaptive,1.0162409544892308
2023-10-17,growth_adaptive,growth,adaptive,0.9957993806347029
2023-10-18,growth_adaptive,growth,adaptive,0.9917910741591022
2023-10-19,growth_adaptive,growth,adaptive,0.9946642737303089
2023-10-20,growth_adaptive,growth,adaptive,1.0084932762768468
2023-10-23,growth_adaptive,growth,adaptive,1.0178080164505774
2023-10-24,growth_adaptive,growth,adaptive,1.0076835307984366
2023-10-25,growth_adaptive,growth,adaptive,1.000503765686234
2023-10-26,growth_adaptive,growth,adaptive,0.996228409416909
2023-10-27,growth_adaptive,growth,adaptive,0.986828844735903
2023-10-30,growth_adaptive,growth,adaptive,1.007583667370947
2023-10-31,growth_adaptive,growth,adaptive,1.0039665780583233
2023-11-01,growth_adaptive,growth,adaptive,1.0121334736570464
2023-11-02,growth_adaptive,growth,adaptive,1.0049849710230498
2023-11-03,growth_adaptive,growth,adaptive,1.0042342795109724
2023-11-06,growth_adaptive,growth,adaptive,1.003795215264129
2023-11-07,growth_adaptive,growth,adaptive,0.9976535273371336
2023-11-08,growth_adaptive,growth,adaptive,0.9998968246308304
2023-11-09,growth_adaptive,growth,adaptive,1.0049123801467057
2023-11-10,growth_adaptive,growth,adaptive,1.0121137618383735
2023-11-13,growth_adaptive,growth,adaptive,0.9930386725925465
2023-11-14,growth_adaptive,growth,adaptive,0.9976131397721173
2023-11-15,growth_adaptive,growth,adaptive,1.0149973405113146
2023-11-16,growth_adaptive,growth,adaptive,0.9867959450915476
2023-11-17,growth_adaptive,growth,adaptive,0.9997059770256564
2023-11-20,growth_adaptive,growth,adaptive,1.0006811537415043
2023-11-21,growth_adaptive,growth,adaptive,0.9862159207182869
2023-11-22,growth_adaptive,growth,adaptive,1.0157869842584035
2023-11-24,growth_adaptive,growth,adaptive,1.0047109936793805
2023-11-27,growth_adaptive,growth,adaptive,0.9921441829449923
2023-11-28,growth_adaptive,growth,adaptive,1.002817768741537
2023-11-29,growth_adaptive,growth,adaptive,0.9990872310072677
2023-11-30,growth_adaptive,growth,adaptive,1.005271683390047
2023-12-01,growth_adaptive,growth,adaptive,1.0077450218557313
2023-12-04,growth_adaptive,growth,adaptive,1.0132220461983417
2023-12-05,growth_adaptive,growth,adaptive,1.0066323661282417
2023-12-06,growth_adaptive,growth,adaptive,0.9974143831150001
2023-12-07,growth_adaptive,growth,adaptive,1.004881470458426
2023-12-08,growth_adaptive,growth,adaptive,1.0107899044744915
2023-12-11,growth_adaptive,growth,adaptive,0.9866394111743871
2023-12-12,growth_adaptive,growth,adaptive,1.0043355772668554
2023-12-13,growth_adaptive,growth,adaptive,1.0183176720435847
2023-12-14,growth_adaptive,growth,adaptive,0.9970116800705979
2023-12-15,growth_adaptive,growth,adaptive,0.9843226571816813
2023-12-18,growth_adaptive,growth,adaptive,1.0056837432377623
2023-12-19,growth_adaptive,growth,adaptive,0.9966700817231251
2023-12-20,growth_adaptive,growth,adaptive,0.9956921837773235
2023-12-21,growth_adaptive,growth,adaptive,1.0102131660932263
2023-12-22,growth_adaptive,growth,adaptive,1.0091828247415426
2023-12-26,growth_adaptive,growth,adaptive,0.9957964785760711
2023-12-27,growth_adaptive,growth,adaptive,1.0207160841825373
2023-12-28,growth_adaptive,growth,adaptive,0.9991745811466367
2023-12-29,growth_adaptive,growth,adaptive,0.9949555596301388
2021-01-04,growth_fixed,growth,fixed,1.0097827772843866
2021-01-05,growth_fixed,growth,fixed,1.0084322218529402
2021-01-06,growth_fixed,growth,fixed,1.0313472512184427
2021-01-07,growth_fixed,growth,fixed,1.012820849902434
2021-01-08,growth_fixed,growth,fixed,0.9975065635482562
2021-01-11,growth_fixed,growth,fixed,0.9545872099170687
2021-01-12,growth_fixed,growth,fixed,0.9819192143208253
2021-01-13,growth_fixed,growth,fixed,1.0210566672941308
2021-01-14,growth_fixed,growth,fixed,1.0133804493633343
2021-01-15,growth_fixed,growth,fixed,0.9864012958737562
2021-01-19,growth_fixed,growth,fixed,1.0130934734227266
2021-01-20,growth_fixed,growth,fixed,1.0085068105695603
2021-01-21,growth_fixed,growth,fixed,0.9500705365639691
2021-01-22,growth_fixed,growth,fixed,1.016208321737233
2021-01-25,growth_fixed,growth,fixed,0.9960017873554975
2021-01-26,growth_fixed,growth,fixed,0.9932220605577031
2021-01-27,growth_fixed,growth,fixed,0.9574999321110171
2021-01-28,growth_fixed,growth,fixed,1.0262535093448766
2021-01-29,growth_fixed,growth,fixed,1.0071497599029429
2021-02-01,growth_fixed,growth,fixed,1.0112278024967158
2021-02-02,growth_fixed,growth,fixed,1.0184798153670973
2021-02-03,growth_fixed,growth,fixed,1.0089394131441565
2021-02-04,growth_fixed,growth,fixed,0.988589700685125
2021-02-05,growth_fixed,growth,fixed,1.036428158036517
2021-02-08,growth_fixed,growth,fixed,1.0353624676726645
2021-02-09,growth_fixed,growth,fixed,1.0135243593985124
2021-02-10,growth_fixed,growth,fixed,0.9958800627569853
2021-02-11,growth_fixed,growth,fixed,1.0348494438702989
2021-02-12,growth_fixed,growth,fixed,1.0171560766323917
2021-02-16,growth_fixed,growth,fixed,0.9949503942202318
2021-02-17,growth_fixed,growth,fixed,1.015905851515568
2021-02-18,growth_fixed,growth,fixed,1.00075215387998
2021-02-19,growth_fixed,growth,fixed,1.0223278273477854
2021-02-22,growth_fixed,growth,fixed,0.9664383777891085
2021-02-23,growth_fixed,growth,fixed,0.9303112189734117
2021-02-24,growth_fixed,growth,fixed,1.0148817136107604
2021-02-25,growth_fixed,growth,fixed,0.9689554553068308
2021-02-26,growth_fixed,growth,fixed,0.9873790825324963
2021-03-01,growth_fixed,growth,fixed,1.0277701936530652
2021-03-02,growth_fixed,growth,fixed,0.9971143925535455
2021-03-03,growth_fixed,growth,fixed,1.0045460833740238
2021-03-04,growth_fixed,growth,fixed,0.9932016059271526
2021-03-05,growth_fixed,growth,fixed,1.0047158014328965
2021-03-08,growth_fixed,growth,fixed,1.0052664679065568
2021-03-09,growth_fixed,growth,fixed,1.0165552843503263
2021-03-10,growth_fixed,growth,fixed,0.9954030851507848
2021-03-11,growth_fixed,growth,fixed,1.002832732714038
2021-03-12,growth_fixed,growth,fixed,0.9943800818865373
2021-03-15,growth_fixed,growth,fixed,1.0012326392328292
2021-03-16,growth_fixed,growth,fixed,1.0157192008783944
2021-03-17,growth_fixed,growth,fixed,1.0089792072100932
2021-03-18,growth_fixed,growth,fixed,0.9914481092011259
2021-03-19,growth_fixed,growth,fixed,1.0097356978771044
2021-03-22,growth_fixed,growth,fixed,0.9906545042251659
2021-03-23,growth_fixed,growth,fixed,0.9969717111021161
2021-03-24,growth_fixed,growth,fixed,0.9782500276456921
2021-03-25,growth_fixed,growth,fixed,0.999164262691264
2021-03-26,growth_fixed,growth,fixed,1.0430439835159016
2021-03-29,growth_fixed,growth,fixed,1.0191691196189396
2021-03-30,growth_fixed,growth,fixed,0.996487941329607
2021-03-31,growth_fixed,growth,fixed,1.0365832880138144
2021-04-01,growth_fixed,growth,fixed,1.0134350893889523
2021-04-05,growth_fixed,growth,fixed,1.0221724575706723
2021-04-06,growth_fixed,growth,fixed,1.0010435092272414
2021-04-07,growth_fixed,growth,fixed,0.9809351822196081
2021-04-08,growth_fixed,growth,fixed,1.0182872895302382
2021-04-09,growth_fixed,growth,fixed,0.9940385430845874
2021-04-12,growth_fixed,growth,fixed,0.9992822356717577
2021-04-13,growth_fixed,growth,fixed,1.0303227466142852
2021-04-14,growth_fixed,growth,fixed,1.004381200177938
2021-04-15,growth_fixed,growth,fixed,1.0343114814913528
2021-04-16,growth_fixed,growth,fixed,1.022496770887035
2021-04-19,growth_fixed,growth,fixed,0.9754489392900456
2021-04-20,growth_fixed,growth,fixed,1.0106149190896265
2021-04-21,growth_fixed,growth,fixed,0.98929202678921
2021-04-22,growth_fixed,growth,fixed,0.9902419954586187
2021-04-23,growth_fixed,growth,fixed,0.9939770689498725
2021-04-26,growth_fixed,growth,fixed,1.038187444328317
2021-04-27,growth_fixed,growth,fixed,1.0113640088204066
2021-04-28,growth_fixed,growth,fixed,1.0029710159445164
2021-04-29,growth_fixed,growth,fixed,1.0037854416226626
2021-04-30,growth_fixed,growth,fixed,1.0205248760808112
2021-05-03,growth_fixed,growth,fixed,1.0267632986045723
2021-05-04,growth_fixed,growth,fixed,0.994914375630924
2021-05-05,growth_fixed,growth,fixed,1.06612800584229
2021-05-06,growth_fixed,growth,fixed,1.0607888893031778
2021-05-07,growth_fixed,growth,fixed,0.982556934605178
2021-05-10,growth_fixed,growth,fixed,0.9761819737617904
2021-05-11,growth_fixed,growth,fixed,1.0516707473240783
2021-05-12,growth_fixed,growth,fixed,0.9112820048171768
2021-05-13,growth_fixed,growth,fixed,1.0235613869497078
2021-05-14,growth_fixed,growth,fixed,1.0292214563637594
2021-05-17,growth_fixed,growth,fixed,0.9743490357656104
2021-05-18,growth_fixed,growth,fixed,1.004384966199392
2021-05-19,growth_fixed,growth,fixed,0.8941833373059254
2021-05-20,growth_fixed,growth,fixed,1.0502081755567636
2021-05-21,growth_fixed,growth,fixed,0.9585872416999256
2021-05-24,growth_fixed,growth,fixed,1.07222304515947
2021-05-25,growth_fixed,growth,fixed,1.0051599219747411
2021-05-26,growth_fixed,growth,fixed,1.0229702600207369
2021-05-27,growth_fixed,growth,fixed,0.9887064405256545
2021-05-28,growth_fixed,growth,fixed,0.9691082511461153
2021-06-01,growth_fixed,growth,fixed,0.9930284380790126
2021-06-02,growth_fixed,growth,fixed,1.0084681746149515
2021-06-03,growth_fixed,growth,fixed,1.016650819656851
2021-06-04,growth_fixed,growth,fixed,0.9824489802359102
2021-06-07,growth_fixed,growth,fixed,0.9800538845780534
2021-06-08,growth_fixed,growth,fixed,0.9959512886401445
2021-06-09,growth_fixed,growth,fixed,1.0175574553570326
2021-06-10,growth_fixed,growth,fixed,0.9916507922289743
2021-06-11,growth_fixed,growth,fixed,0.9917757295718579
2021-06-14,growth_fixed,growth,fixed,1.004591077749161
2021-06-15,growth_fixed,growth,fixed,1.003083066670886
2021-06-16,growth_fixed,growth,fixed,0.9725136877263503
2021-06-17,growth_fixed,growth,fixed,1.0048913994943514
2021-06-18,growth_fixed,growth,fixed,0.9749113994333254
2021-06-21,growth_fixed,growth,fixed,0.9649780476717219
2021-06-22,growth_fixed,growth,fixed,0.9948329341484713
2021-06-23,growth_fixed,growth,fixed,1.0107133361252083
2021-06-24,growth_fixed,growth,fixed,1.0169321246375918
2021-06-25,growth_fixed,growth,fixed,0.9945236270042331
2021-06-28,growth_fixed,growth,fixed,1.0034839298644058
2021-06-29,growth_fixed,growth,fixed,1.0084007627494178
2021-06-30,growth_fixed,growth,fixed,1.007114858717854
2021-07-01,growth_fixed,growth,fixed,0.9893586930673673
2021-07-02,growth_fixed,growth,fixed,1.0084189427111927
2021-07-06,growth_fixed,growth,fixed,1.0044908969097595
2021-07-07,growth_fixed,growth,fixed,0.9991393119992739
2021-07-08,growth_fixed,growth,fixed,0.9809608366400293
2021-07-09,growth_fixed,growth,fixed,1.010698612771338
2021-07-12,growth_fixed,growth,fixed,0.9944766601519099
2021-07-13,growth_fixed,growth,fixed,0.9908867035722406
2021-07-14,growth_fixed,growth,fixed,1.0045597654938578
2021-07-15,growth_fixed,growth,fixed,0.9932090872553415
2021-07-16,growth_fixed,growth,fixed,0.9931901874720698
2021-07-19,growth_fixed,growth,fixed,0.9803074136078649
2021-07-20,growth_fixed,growth,fixed,0.993538959902504
2021-07-21,growth_fixed,growth,fixed,1.0196767994932754
2021-07-22,growth_fixed,growth,fixed,1.0070446812120255
2021-07-23,growth_fixed,growth,fixed,1.016634641653555
2021-07-26,growth_fixed,growth,fixed,1.0077215975299063
2021-07-27,growth_fixed,growth,fixed,1.0097135236971457
2021-07-28,growth_fixed,growth,fixed,1.0032438533778352
2021-07-29,growth_fixed,growth,fixed,1.005795851798375
2021-07-30,growth_fixed,growth,fixed,1.0073864092476525
2021-08-02,growth_fixed,growth,fixed,1.0020486149223058
2021-08-03,growth_fixed,growth,fixed,1.000325384945686
2021-08-04,growth_fixed,growth,fixed,1.0096816715942327
2021-08-05,growth_fixed,growth,fixed,1.0098745581969708
2021-08-06,growth_fixed,growth,fixed,1.0059981978650037
2021-08-09,growth_fixed,growth,fixed,1.0183776368678776
2021-08-10,growth_fixed,growth,fixed,1.0106328508329434
2021-08-11,growth_fixed,growth,fixed,1.0208930529897042
2021-08-12,growth_fixed,growth,fixed,0.9972991383831721
2021-08-13,growth_fixed,growth,fixed,1.0372132593448193
2021-08-16,growth_fixed,growth,fixed,0.9916132515008202
2021-08-17,growth_fixed,growth,fixed,0.9817639857080237
2021-08-18,growth_fixed,growth,fixed,1.0006454498335473
2021-08-19,growth_fixed,growth,fixed,1.0245487960061261
2021-08-20,growth_fixed,growth,fixed,1.0167050419888624
2021-08-23,growth_fixed,growth,fixed,1.009668149474102
2021-08-24,growth_fixed,growth,fixed,0.9752774637393561
2021-08-25,growth_fixed,growth,fixed,1.0055600706252579
2021-08-26,growth_fixed,growth,fixed,0.9776127818132212
2021-08-27,growth_fixed,growth,fixed,1.0301618527740788
2021-08-30,growth_fixed,growth,fixed,0.9919195088792108
2021-08-31,growth_fixed,growth,fixed,1.0108489163879861
2021-09-01,growth_fixed,growth,fixed,1.0210957560182796
2021-09-02,growth_fixed,growth,fixed,1.0098623171095802
2021-09-03,growth_fixed,growth,fixed,1.0124942200330513
2021-09-07,growth_fixed,growth,fixed,0.9444487611547836
2021-09-08,growth_fixed,growth,fixed,1.0064629441344317
2021-09-09,growth_fixed,growth,fixed,0.9959564921829661
2021-09-10,growth_fixed,growth,fixed,0.9877182154529676
2021-09-13,growth_fixed,growth,fixed,0.986443122123808
2021-09-14,growth_fixed,growth,fixed,1.0095447474082972
2021-09-15,growth_fixed,growth,fixed,1.0103393716015674
2021-09-16,growth_fixed,growth,fixed,0.9898256780935164
2021-09-17,growth_fixed,growth,fixed,0.9794497361614115
2021-09-20,growth_fixed,growth,fixed,0.9629808484010486
2021-09-21,growth_fixed,growth,fixed,0.9848255350340152
2021-09-22,growth_fixed,growth,fixed,1.0277363737142797
2021-09-23,growth_fixed,growth,fixed,1.0081132771479955
2021-09-24,growth_fixed,growth,fixed,0.9782134732185015
2021-09-27,growth_fixed,growth,fixed,0.9869064794009051
2021-09-28,growth_fixed,growth,fixed,0.9846969270535267
2021-09-29,growth_fixed,growth,fixed,1.0131951786856042
2021-09-30,growth_fixed,growth,fixed,1.0052030154046516
2021-10-01,growth_fixed,growth,fixed,1.0288209692258925
2021-10-04,growth_fixed,growth,fixed,0.9955249446803597
2021-10-05,growth_fixed,growth,fixed,1.0160342007463665
2021-10-06,growth_fixed,growth,fixed,1.0085455214497863
2021-10-07,growth_fixed,growth,fixed,1.0048760386381552
2021-10-08,growth_fixed,growth,fixed,0.9969049612216824
2021-10-11,growth_fixed,growth,fixed,1.001010273076402
2021-10-12,growth_fixed,growth,fixed,0.9935840324223014
2021-10-13,growth_fixed,growth,fixed,1.012617895701409
2021-10-14,growth_fixed,growth,fixed,1.0083585808277153
2021-10-15,growth_fixed,growth,fixed,1.0129439726085605
2021-10-18,growth_fixed,growth,fixed,0.9958140563353381
2021-10-19,growth_fixed,growth,fixed,1.0113057435251094
2021-10-20,growth_fixed,growth,fixed,1.0232607698890306
2021-10-21,growth_fixed,growth,fixed,0.9914689562948318
2021-10-22,growth_fixed,growth,fixed,0.9971932983137625
2021-10-25,growth_fixed,growth,fixed,1.0117135013655791
2021-10-26,growth_fixed,growth,fixed,0.9994500950554003
2021-10-27,growth_fixed,growth,fixed,0.9690809293566884
2021-10-28,growth_fixed,growth,fixed,1.0243466290919474
2021-10-29,growth_fixed,growth,fixed,1.0054764384777912
2021-11-01,growth_fixed,growth,fixed,1.00111729470968
2021-11-02,growth_fixed,growth,fixed,1.0141345698535909
2021-11-03,growth_fixed,growth,fixed,1.0074275774624972
2021-11-04,growth_fixed,growth,fixed,0.9946387714836227
2021-11-05,growth_fixed,growth,fixed,0.9905630453916678
2021-11-08,growth_fixed,growth,fixed,1.0208828852920908
2021-11-09,growth_fixed,growth,fixed,1.0197551443320685
2021-11-10,growth_fixed,growth,fixed,0.9887851999932898
2021-11-11,growth_fixed,growth,fixed,1.0039166545426983
2021-11-12,growth_fixed,growth,fixed,0.9976704504191787
2021-11-15,growth_fixed,growth,fixed,0.9944288343810382
2021-11-16,growth_fixed,growth,fixed,0.9709840157219174
2021-11-17,growth_fixed,growth,fixed,0.9972912562290599
2021-11-18,growth_fixed,growth,fixed,0.9757971707360581
2021-11-19,growth_fixed,growth,fixed,1.0106089956225064
2021-11-22,growth_fixed,growth,fixed,0.9873027630953591
2021-11-23,growth_fixed,growth,fixed,1.0095049809245342
2021-11-24,growth_fixed,growth,fixed,0.9913818765765529
2021-11-26,growth_fixed,growth,fixed,0.9689408541942442
2021-11-29,growth_fixed,growth,fixed,1.011083834525557
2021-11-30,growth_fixed,growth,fixed,0.9884513607458548
2021-12-01,growth_fixed,growth,fixed,0.9947349435193387
2021-12-02,growth_fixed,growth,fixed,1.020509848119824
2021-12-03,growth_fixed,growth,fixed,0.9863118179750998
2021-12-06,growth_fixed,growth,fixed,1.0159050122353042
2021-12-07,growth_fixed,growth,fixed,1.000733818098613
2021-12-08,growth_fixed,growth,fixed,1.0087636581249895
2021-12-09,growth_fixed,growth,fixed,0.9796202559098202
2021-12-10,growth_fixed,growth,fixed,0.9955328223922706
2021-12-13,growth_fixed,growth,fixed,0.980529777731305
2021-12-14,growth_fixed,growth,fixed,0.9982624781219236
2021-12-15,growth_fixed,growth,fixed,1.0217626452589472
2021-12-16,growth_fixed,growth,fixed,0.9970271808297382
2021-12-17,growth_fixed,growth,fixed,0.9838845789833561
2021-12-20,growth_fixed,growth,fixed,0.9991110045175421
2021-12-21,growth_fixed,growth,fixed,1.0084619665313388
2021-12-22,growth_fixed,growth,fixed,1.0087573389220372
2021-12-23,growth_fixed,growth,fixed,1.015869392146902
2021-12-27,growth_fixed,growth,fixed,1.0126887806145484
2021-12-28,growth_fixed,growth,fixed,0.9848679621642595
2021-12-29,growth_fixed,growth,fixed,0.9952630269699471
2021-12-30,growth_fixed,growth,fixed,1.0036946654123062
2021-12-31,growth_fixed,growth,fixed,0.9931505733109834
2022-01-03,growth_fixed,growth,fixed,0.989353319396031
2022-01-04,growth_fixed,growth,fixed,0.9960507615509149
2022-01-05,growth_fixed,growth,fixed,0.981162933278154
2022-01-06,growth_fixed,growth,fixed,0.9962968292358516
2022-01-07,growth_fixed,growth,fixed,0.9828398700870961
2022-01-10,growth_fixed,growth,fixed,0.9914547927162529
2022-01-11,growth_fixed,growth,fixed,1.015204576234091
2022-01-12,growth_fixed,growth,fixed,1.0159809933198174
2022-01-13,growth_fixed,growth,fixed,0.9822090923444742
2022-01-14,growth_fixed,growth,fixed,1.001323909532191
2022-01-18,growth_fixed,growth,fixed,0.9893469002404587
2022-01-19,growth_fixed,growth,fixed,0.9887269834357735
2022-01-20,growth_fixed,growth,fixed,0.9815193790421735
2022-01-21,growth_fixed,growth,fixed,0.9669013663764041
2022-01-24,growth_fixed,growth,fixed,0.9924161856995706
2022-01-25,growth_fixed,growth,fixed,1.0011156056006094
2022-01-26,growth_fixed,growth,fixed,0.9898217613525904
2022-01-27,growth_fixed,growth,fixed,0.9954864586727386
2022-01-28,growth_fixed,growth,fixed,1.0178255489324362
2022-01-31,growth_fixed,growth,fixed,1.0070000785281588
2022-02-01,growth_fixed,growth,fixed,1.0104324267178726
2022-02-02,growth_fixed,growth,fixed,0.9900280942956501
2022-02-03,growth_fixed,growth,fixed,0.9948039175909632
2022-02-04,growth_fixed,growth,fixed,1.0264581404739073
2022-02-07,growth_fixed,growth,fixed,1.0184166108293766
2022-02-08,growth_fixed,growth,fixed,0.9983762765429766
2022-02-09,growth_fixed,growth,fixed,1.013081226473372
2022-02-10,growth_fixed,growth,fixed,0.9790872945375356
2022-02-11,growth_fixed,growth,fixed,0.9767450511165716
2022-02-14,growth_fixed,growth,fixed,0.9927564739261372
2022-02-15,growth_fixed,growth,fixed,1.0211313966898576
2022-02-16,growth_fixed,growth,fixed,0.9948292615326506
2022-02-17,growth_fixed,growth,fixed,0.9647572768273613
2022-02-18,growth_fixed,growth,fixed,0.9929880561599227
2022-02-22,growth_fixed,growth,fixed,1.0062548469767043
2022-02-23,growth_fixed,growth,fixed,0.9937786340529632
2022-02-24,growth_fixed,growth,fixed,1.0007752277306425
2022-02-25,growth_fixed,growth,fixed,1.0298395591626457
2022-02-28,growth_fixed,growth,fixed,1.0286158454683663
2022-03-01,growth_fixed,growth,fixed,0.9959327966042683
2022-03-02,growth_fixed,growth,fixed,1.0039198402725686
2022-03-03,growth_fixed,growth,fixed,0.9925051620402535
2022-03-04,growth_fixed,growth,fixed,0.9800937092555473
2022-03-07,growth_fixed,growth,fixed,0.9806329198074031
2022-03-08,growth_fixed,growth,fixed,0.99108296003541
2022-03-09,growth_fixed,growth,fixed,1.0236053665055205
2022-03-10,growth_fixed,growth,fixed,0.981547658236662
2022-03-11,growth_fixed,growth,fixed,0.9941575471241179
2022-03-14,growth_fixed,growth,fixed,1.0041273410781206
2022-03-15,growth_fixed,growth,fixed,1.0080827609860779
2022-03-16,growth_fixed,growth,fixed,1.0186466187403973
2022-03-17,growth_fixed,growth,fixed,1.00959140106915
2022-03-18,growth_fixed,growth,fixed,1.0122881624343618
2022-03-21,growth_fixed,growth,fixed,1.0060017742196425
2022-03-22,growth_fixed,growth,fixed,1.019683375151456
2022-03-23,growth_fixed,growth,fixed,1.0029828660940503
2022-03-24,growth_fixed,growth,fixed,1.0114209116155455
2022-03-25,growth_fixed,growth,fixed,1.002529708608006
2022-03-28,growth_fixed,growth,fixed,1.003869741997506
2022-03-29,growth_fixed,growth,fixed,1.0160323720564448
2022-03-30,growth_fixed,growth,fixed,0.9998760436788149
2022-03-31,growth_fixed,growth,fixed,0.9853602604401538
2022-04-01,growth_fixed,growth,fixed,1.0106205348947284
2022-04-04,growth_fixed,growth,fixed,1.0038573171836689
2022-04-05,growth_fixed,growth,fixed,0.9880706012344259
2022-04-06,growth_fixed,growth,fixed,0.9829769469898785
2022-04-07,growth_fixed,growth,fixed,1.0102454702354717
2022-04-08,growth_fixed,growth,fixed,0.9942392316171912
2022-04-11,growth_fixed,growth,fixed,0.9683473917977878
2022-04-12,growth_fixed,growth,fixed,1.0033390579735064
2022-04-13,growth_fixed,growth,fixed,1.0087412510332112
2022-04-14,growth_fixed,growth,fixed,0.9918055481026117
2022-04-18,growth_fixed,growth,fixed,0.9991697586390665
2022-04-19,growth_fixed,growth,fixed,1.0122544612420785
2022-04-20,growth_fixed,growth,fixed,0.9960449562904284
2022-04-21,growth_fixed,growth,fixed,0.9918030680719451
2022-04-22,growth_fixed,growth,fixed,0.982677661694344
2022-04-25,growth_fixed,growth,fixed,1.0044783287836658
2022-04-26,growth_fixed,growth,fixed,0.9769831658848009
2022-04-27,growth_fixed,growth,fixed,1.0056030693973028
2022-04-28,growth_fixed,growth,fixed,1.010040551938576
2022-04-29,growth_fixed,growth,fixed,0.9668427636676536
2022-05-02,growth_fixed,growth,fixed,1.001005519374728
2022-05-03,growth_fixed,growth,fixed,0.9990596735144159
2022-05-04,growth_fixed,growth,fixed,1.0522497123667254
2022-05-05,growth_fixed,growth,fixed,0.9565828570260757
2022-05-06,growth_fixed,growth,fixed,1.0003884303966986
2022-05-09,growth_fixed,growth,fixed,0.9453099421556096
2022-05-10,growth_fixed,growth,fixed,1.0032663247585012
2022-05-11,growth_fixed,growth,fixed,0.9721919019554954
2022-05-12,growth_fixed,growth,fixed,0.9922397381954572
2022-05-13,growth_fixed,growth,fixed,1.0260555782793803
2022-05-16,growth_fixed,growth,fixed,0.9887108060306296
2022-05-17,growth_fixed,growth,fixed,1.0215568944171647
2022-05-18,growth_fixed,growth,fixed,0.9729513776127265
2022-05-19,growth_fixed,growth,fixed,1.0097611162678328
2022-05-20,growth_fixed,growth,fixed,0.9935785894169775
2022-05-23,growth_fixed,growth,fixed,1.0019823483958887
2022-05-24,growth_fixed,growth,fixed,1.0114913023876353
2022-05-25,growth_fixed,growth,fixed,1.005794555624478
2022-05-26,growth_fixed,growth,fixed,0.9932218711782901
2022-05-27,growth_fixed,growth,fixed,1.001109936021945
2022-05-31,growth_fixed,growth,fixed,0.9983504615609198
2022-06-01,growth_fixed,growth,fixed,0.9783455973533633
2022-06-02,growth_fixed,growth,fixed,1.0103068641064439
2022-06-03,growth_fixed,growth,fixed,0.9867451966273755
2022-06-06,growth_fixed,growth,fixed,1.0108065669083897
2022-06-07,growth_fixed,growth,fixed,1.0046929080279237
2022-06-08,growth_fixed,growth,fixed,0.9873410298036511
2022-06-09,growth_fixed,growth,fixed,0.9829138856266527
2022-06-10,growth_fixed,growth,fixed,0.9726741807071679
2022-06-13,growth_fixed,growth,fixed,0.9327325353297862
2022-06-14,growth_fixed,growth,fixed,0.9820573547817874
2022-06-15,growth_fixed,growth,fixed,1.0198144104054165
2022-06-16,growth_fixed,growth,fixed,0.9597646796959861
2022-06-17,growth_fixed,growth,fixed,1.0091322083408867
2022-06-21,growth_fixed,growth,fixed,1.0155950413503008
2022-06-22,growth_fixed,growth,fixed,0.9915983923374803
2022-06-23,growth_fixed,growth,fixed,1.0218551210977067
2022-06-24,growth_fixed,growth,fixed,1.0205073048276612
2022-06-27,growth_fixed,growth,fixed,0.9960571930674795
2022-06-28,growth_fixed,growth,fixed,0.9814436137530296
2022-06-29,growth_fixed,growth,fixed,0.9977651596620426
2022-06-30,growth_fixed,growth,fixed,0.9903221669152666
2022-07-01,growth_fixed,growth,fixed,1.004839060879115
2022-07-05,growth_fixed,growth,fixed,0.9974876760927462
2022-07-06,growth_fixed,growth,fixed,1.0057328610755722
2022-07-07,growth_fixed,growth,fixed,1.0123694791838596
2022-07-08,growth_fixed,growth,fixed,0.9976433642366385
2022-07-11,growth_fixed,growth,fixed,0.9848483725583744
2022-07-12,growth_fixed,growth,fixed,0.9895947311688855
2022-07-13,growth_fixed,growth,fixed,1.0112528574676745
2022-07-14,growth_fixed,growth,fixed,1.0069037880985738
2022-07-15,growth_fixed,growth,fixed,1.011647444640241
2022-07-18,growth_fixed,growth,fixed,1.0188067580056899
2022-07-19,growth_fixed,growth,fixed,1.0147653540639965
2022-07-20,growth_fixed,growth,fixed,0.9894717212969155
2022-07-21,growth_fixed,growth,fixed,1.0080628378327054
2022-07-22,growth_fixed,growth,fixed,0.9935614362033686
2022-07-25,growth_fixed,growth,fixed,0.9799684175503853
2022-07-26,growth_fixed,growth,fixed,0.9980082457232133
2022-07-27,growth_fixed,growth,fixed,1.026004198618159
2022-07-28,growth_fixed,growth,fixed,1.0168914075650701
2022-07-29,growth_fixed,growth,fixed,1.001922904770028
2022-08-01,growth_fixed,growth,fixed,0.9958272268957385
2022-08-02,growth_fixed,growth,fixed,0.9898067427721556
2022-08-03,growth_fixed,growth,fixed,1.0101138985918028
2022-08-04,growth_fixed,growth,fixed,0.9965970416018362
2022-08-05,growth_fixed,growth,fixed,1.0062988224729539
2022-08-08,growth_fixed,growth,fixed,1.0100662323912812
2022-08-09,growth_fixed,growth,fixed,0.9904482318665079
2022-08-10,growth_fixed,growth,fixed,1.0219232487245344
2022-08-11,growth_fixed,growth,fixed,0.9985981113725565
2022-08-12,growth_fixed,growth,fixed,1.0145346574557912
2022-08-15,growth_fixed,growth,fixed,1.0061536163266744
2022-08-16,growth_fixed,growth,fixed,1.006961757165586
2022-08-17,growth_fixed,growth,fixed,0.9912302587578593
2022-08-18,growth_fixed,growth,fixed,0.9934687201120455
2022-08-19,growth_fixed,growth,fixed,0.9691586352261803
2022-08-22,growth_fixed,growth,fixed,0.9881970652235759
2022-08-23,growth_fixed,growth,fixed,0.9988693084273557
2022-08-24,growth_fixed,growth,fixed,0.998019396010116
2022-08-25,growth_fixed,growth,fixed,1.0082635278188297
2022-08-26,growth_fixed,growth,fixed,0.9721531709024709
2022-08-29,growth_fixed,growth,fixed,1.008374574283169
2022-08-30,growth_fixed,growth,fixed,0.9906045073392441
2022-08-31,growth_fixed,growth,fixed,1.0001449015017445
2022-09-01,growth_fixed,growth,fixed,1.0120410361614556
2022-09-02,growth_fixed,growth,fixed,0.9906582742964354
2022-09-06,growth_fixed,growth,fixed,0.9857631123844783
2022-09-07,growth_fixed,growth,fixed,1.020739845802639
2022-09-08,growth_fixed,growth,fixed,1.0036655642439514
2022-09-09,growth_fixed,growth,fixed,1.025644599678472
2022-09-12,growth_fixed,growth,fixed,1.0078428358847602
2022-09-13,growth_fixed,growth,fixed,0.9567813107495086
2022-09-14,growth_fixed,growth,fixed,1.010503709831548
2022-09-15,growth_fixed,growth,fixed,0.9802493377996614
2022-09-16,growth_fixed,growth,fixed,1.007071021976696
2022-09-19,growth_fixed,growth,fixed,1.0116464832447118
2022-09-20,growth_fixed,growth,fixed,0.9923051413129772
2022-09-21,growth_fixed,growth,fixed,0.9784834703911619
2022-09-22,growth_fixed,growth,fixed,1.0303279626910877
2022-09-23,growth_fixed,growth,fixed,0.991905757767525
2022-09-26,growth_fixed,growth,fixed,0.9895539574139364
2022-09-27,growth_fixed,growth,fixed,0.9914397309900943
2022-09-28,growth_fixed,growth,fixed,1.0150048680160946
2022-09-29,growth_fixed,growth,fixed,1.0004061082330715
2022-09-30,growth_fixed,growth,fixed,0.988173769542287
2022-10-03,growth_fixed,growth,fixed,1.0238778098961783
2022-10-04,growth_fixed,growth,fixed,1.0215157901706293
2022-10-05,growth_fixed,growth,fixed,0.9993489168426035
2022-10-06,growth_fixed,growth,fixed,0.9972542177398062
2022-10-07,growth_fixed,growth,fixed,0.9914417448987393
2022-10-10,growth_fixed,growth,fixed,0.9944325374918506
2022-10-11,growth_fixed,growth,fixed,1.002182316471823
2022-10-12,growth_fixed,growth,fixed,1.0002037634563015
2022-10-13,growth_fixed,growth,fixed,1.010071055167662
2022-10-14,growth_fixed,growth,fixed,0.9971334434875566
2022-10-17,growth_fixed,growth,fixed,1.011947609159418
2022-10-18,growth_fixed,growth,fixed,1.0013452628254724
2022-10-19,growth_fixed,growth,fixed,0.9881778941868065
2022-10-20,growth_fixed,growth,fixed,1.0022300512014568
2022-10-21,growth_fixed,growth,fixed,1.0181266071491792
2022-10-24,growth_fixed,growth,fixed,1.0050800313174768
2022-10-25,growth_fixed,growth,fixed,1.0144531399888839
2022-10-26,growth_fixed,growth,fixed,1.0183068775112316
2022-10-27,growth_fixed,growth,fixed,0.9946493442118902
2022-10-28,growth_fixed,growth,fixed,1.0166847386417166
2022-10-31,growth_fixed,growth,fixed,0.9937365900210553
2022-11-01,growth_fixed,growth,fixed,0.9975953753627554
2022-11-02,growth_fixed,growth,fixed,0.9839419358019579
2022-11-03,growth_fixed,growth,fixed,0.9958137854636284
2022-11-04,growth_fixed,growth,fixed,1.0339796855978511
2022-11-07,growth_fixed,growth,fixed,1.0079131691683674
2022-11-08,growth_fixed,growth,fixed,0.977819161767933
2022-11-09,growth_fixed,growth,fixed,0.9509225741799556
2022-11-10,growth_fixed,growth,fixed,1.0531646768327736
2022-11-11,growth_fixed,growth,fixed,0.9885742376446626
2022-11-14,growth_fixed,growth,fixed,1.0078001841875832
2022-11-15,growth_fixed,growth,fixed,1.0055709468664356
2022-11-16,growth_fixed,growth,fixed,0.9944288440944461
2022-11-17,growth_fixed,growth,fixed,1.0033994071970356
2022-11-18,growth_fixed,growth,fixed,1.006900936149233
2022-11-21,growth_fixed,growth,fixed,0.9995143427900456
2022-11-22,growth_fixed,growth,fixed,1.0120508513974265
2022-11-23,growth_fixed,growth,fixed,1.0067844932774606
2022-11-25,growth_fixed,growth,fixed,1.000013692794233
2022-11-28,growth_fixed,growth,fixed,0.9896574495062785
2022-11-29,growth_fixed,growth,fixed,1.007573140623259
2022-11-30,growth_fixed,growth,fixed,1.0239487933813496
2022-12-01,growth_fixed,growth,fixed,0.995061951741866
2022-12-02,growth_fixed,growth,fixed,1.0035328131937387
2022-12-05,growth_fixed,growth,fixed,0.9920038061081837
2022-12-06,growth_fixed,growth,fixed,0.9949716916322655
2022-12-07,growth_fixed,growth,fixed,0.9977677704938053
2022-12-08,growth_fixed,growth,fixed,1.0082073109246708
2022-12-09,growth_fixed,growth,fixed,0.9870759795804326
2022-12-12,growth_fixed,growth,fixed,1.004199152810802
2022-12-13,growth_fixed,growth,fixed,1.0068425928166285
2022-12-14,growth_fixed,growth,fixed,0.9975111092671298
2022-12-15,growth_fixed,growth,fixed,0.9834296350150673
2022-12-16,growth_fixed,growth,fixed,0.9750403615993315
2022-12-19,growth_fixed,growth,fixed,0.9901865738898424
2022-12-20,growth_fixed,growth,fixed,1.0089540945840239
2022-12-21,growth_fixed,growth,fixed,1.0057272077042252
2022-12-22,growth_fixed,growth,fixed,0.9991451890107406
2022-12-23,growth_fixed,growth,fixed,1.0025480006320984
2022-12-27,growth_fixed,growth,fixed,0.9983799828560618
2022-12-28,growth_fixed,growth,fixed,0.9860401259741346
2022-12-29,growth_fixed,growth,fixed,1.0028992992462045
2022-12-30,growth_fixed,growth,fixed,1.000020220557312
2023-01-03,growth_fixed,growth,fixed,0.9986219214063106
2023-01-04,growth_fixed,growth,fixed,1.0080307956356243
2023-01-05,growth_fixed,growth,fixed,0.996128061269235
2023-01-06,growth_fixed,growth,fixed,1.0139018893411627
2023-01-09,growth_fixed,growth,fixed,0.9961479318837495
2023-01-10,growth_fixed,growth,fixed,1.0022114427182867
2023-01-11,growth_fixed,growth,fixed,1.0156363097903938
2023-01-12,growth_fixed,growth,fixed,1.006175090772486
2023-01-13,growth_fixed,growth,fixed,1.011726739634069
2023-01-17,growth_fixed,growth,fixed,0.9949488894133279
2023-01-18,growth_fixed,growth,fixed,0.9771933435767918
2023-01-19,growth_fixed,growth,fixed,1.0055060508829077
2023-01-20,growth_fixed,growth,fixed,1.0252502072969787
2023-01-23,growth_fixed,growth,fixed,1.0111857278656289
2023-01-24,growth_fixed,growth,fixed,0.9864486964196547
2023-01-25,growth_fixed,growth,fixed,1.0066799286846906
2023-01-26,growth_fixed,growth,fixed,0.998343964491964
2023-01-27,growth_fixed,growth,fixed,1.0005103327170461
2023-01-30,growth_fixed,growth,fixed,0.9840392152694927
2023-01-31,growth_fixed,growth,fixed,1.0111640594137705
2023-02-01,growth_fixed,growth,fixed,0.9916060123262851
2023-02-02,growth_fixed,growth,fixed,0.9892308011050577
2023-02-03,growth_fixed,growth,fixed,0.9965474658866064
2023-02-06,growth_fixed,growth,fixed,0.9951574964721314
2023-02-07,growth_fixed,growth,fixed,1.016268015660224
2023-02-08,growth_fixed,growth,fixed,0.9930342803212509
2023-02-09,growth_fixed,growth,fixed,0.9802006122138675
2023-02-10,growth_fixed,growth,fixed,1.010713953537405
2023-02-13,growth_fixed,growth,fixed,1.005318182346503
2023-02-14,growth_fixed,growth,fixed,1.0014963623422435
2023-02-15,growth_fixed,growth,fixed,1.020698536466144
2023-02-16,growth_fixed,growth,fixed,0.9787546923769184
2023-02-17,growth_fixed,growth,fixed,1.0191448441945274
2023-02-21,growth_fixed,growth,fixed,0.9913872290308461
2023-02-22,growth_fixed,growth,fixed,0.9958901215537549
2023-02-23,growth_fixed,growth,fixed,0.9992613551308275
2023-02-24,growth_fixed,growth,fixed,0.9856255934439566
2023-02-27,growth_fixed,growth,fixed,0.9991238908937287
2023-02-28,growth_fixed,growth,fixed,0.9900499922984394
2023-03-01,growth_fixed,growth,fixed,1.0063889649305369
2023-03-02,growth_fixed,growth,fixed,0.999822114998755
2023-03-03,growth_fixed,growth,fixed,0.9945299404073581
2023-03-06,growth_fixed,growth,fixed,1.0050339687683223
2023-03-07,growth_fixed,growth,fixed,0.9899038063224869
2023-03-08,growth_fixed,growth,fixed,0.993158401988349
2023-03-09,growth_fixed,growth,fixed,0.9723339858832236
2023-03-10,growth_fixed,growth,fixed,0.9913744733869122
2023-03-13,growth_fixed,growth,fixed,1.0190675735751944
2023-03-14,growth_fixed,growth,fixed,1.0097628546411221
2023-03-15,growth_fixed,growth,fixed,0.9919363656084578
2023-03-16,growth_fixed,growth,fixed,1.0040635826293094
2023-03-17,growth_fixed,growth,fixed,1.0072300663257117
2023-03-20,growth_fixed,growth,fixed,1.0003528347113715
2023-03-21,growth_fixed,growth,fixed,1.0238928880795968
2023-03-22,growth_fixed,growth,fixed,0.9730910824987542
2023-03-23,growth_fixed,growth,fixed,1.0196862235522726
2023-03-24,growth_fixed,growth,fixed,1.0036541298313495
2023-03-27,growth_fixed,growth,fixed,1.0025971655273933
2023-03-28,growth_fixed,growth,fixed,1.009410900095427
2023-03-29,growth_fixed,growth,fixed,1.0158830052690453
2023-03-30,growth_fixed,growth,fixed,1.0034559886744072
2023-03-31,growth_fixed,growth,fixed,1.0115936569886987
2023-04-03,growth_fixed,growth,fixed,1.0039258731378986
2023-04-04,growth_fixed,growth,fixed,1.0072682251643192
2023-04-05,growth_fixed,growth,fixed,1.013445644436045
2023-04-06,growth_fixed,growth,fixed,0.9981147595049101
2023-04-10,growth_fixed,growth,fixed,1.005049323796205
2023-04-11,growth_fixed,growth,fixed,0.9987509764674408
2023-04-12,growth_fixed,growth,fixed,0.9963663332455341
2023-04-13,growth_fixed,growth,fixed,1.0099583879043503
2023-04-14,growth_fixed,growth,fixed,0.9999410192761436
2023-04-17,growth_fixed,growth,fixed,0.9927948365692115
2023-04-18,growth_fixed,growth,fixed,1.0072488308611185
2023-04-19,growth_fixed,growth,fixed,0.9798337526787549
2023-04-20,growth_fixed,growth,fixed,0.9903617617063212
2023-04-21,growth_fixed,growth,fixed,0.9946711339584994
2023-04-24,growth_fixed,growth,fixed,1.0003070660150484
2023-04-25,growth_fixed,growth,fixed,1.004990759360661
2023-04-26,growth_fixed,growth,fixed,0.981984798384992
2023-04-27,growth_fixed,growth,fixed,1.0136310189797335
2023-04-28,growth_fixed,growth,fixed,1.003631130963126
2023-05-01,growth_fixed,growth,fixed,0.9953745091414159
2023-05-02,growth_fixed,growth,fixed,0.9987933445363887
2023-05-03,growth_fixed,growth,fixed,0.9899684153846732
2023-05-04,growth_fixed,growth,fixed,1.0009519684263706
2023-05-05,growth_fixed,growth,fixed,1.014023856225744
2023-05-08,growth_fixed,growth,fixed,0.9896195119804281
2023-05-09,growth_fixed,growth,fixed,1.0007293358837999
2023-05-10,growth_fixed,growth,fixed,1.0001061747815019
2023-05-11,growth_fixed,growth,fixed,0.9923565486034676
2023-05-12,growth_fixed,growth,fixed,1.0024757534945412
2023-05-15,growth_fixed,growth,fixed,1.0009061068710257
2023-05-16,growth_fixed,growth,fixed,0.9921520851192499
2023-05-17,growth_fixed,growth,fixed,1.0032803165071666
2023-05-18,growth_fixed,growth,fixed,0.9976021868235148
2023-05-19,growth_fixed,growth,fixed,1.0013496414969707
2023-05-22,growth_fixed,growth,fixed,0.9999806218517618
2023-05-23,growth_fixed,growth,fixed,0.9974713415081752
2023-05-24,growth_fixed,growth,fixed,0.9866481892312652
2023-05-25,growth_fixed,growth,fixed,0.9907153755902008
2023-05-26,growth_fixed,growth,fixed,1.0029375760615957
2023-05-30,growth_fixed,growth,fixed,1.0029168831071462
2023-05-31,growth_fixed,growth,fixed,1.003207655852174
2023-06-01,growth_fixed,growth,fixed,0.9966043674068563
2023-06-02,growth_fixed,growth,fixed,1.0202863145951249
2023-06-05,growth_fixed,growth,fixed,0.9861756785005981
2023-06-06,growth_fixed,growth,fixed,1.0025543646891977
2023-06-07,growth_fixed,growth,fixed,0.9913588652879421
2023-06-08,growth_fixed,growth,fixed,1.0068048051107785
2023-06-09,growth_fixed,growth,fixed,0.9968881245001363
2023-06-12,growth_fixed,growth,fixed,1.0000305902175506
2023-06-13,growth_fixed,growth,fixed,1.0033362260579555
2023-06-14,growth_fixed,growth,fixed,0.9896212053300297
2023-06-15,growth_fixed,growth,fixed,1.0048151594502068
2023-06-16,growth_fixed,growth,fixed,1.0021062518820723
2023-06-20,growth_fixed,growth,fixed,1.0022618904928724
2023-06-21,growth_fixed,growth,fixed,1.0110190712220628
2023-06-22,growth_fixed,growth,fixed,1.004930629821751
2023-06-23,growth_fixed,growth,fixed,1.004032476571271
2023-06-26,growth_fixed,growth,fixed,0.9986869140525659
2023-06-27,growth_fixed,growth,fixed,1.0117680909153202
2023-06-28,growth_fixed,growth,fixed,0.9888057608682851
2023-06-29,growth_fixed,growth,fixed,1.0044527332191402
2023-06-30,growth_fixed,growth,fixed,1.022298194134569
2023-07-03,growth_fixed,growth,fixed,1.000791439696198
2023-07-05,growth_fixed,growth,fixed,0.9963898666342802
2023-07-06,growth_fixed,growth,fixed,0.9853303068935311
2023-07-07,growth_fixed,growth,fixed,0.9954092583834838
2023-07-10,growth_fixed,growth,fixed,1.0048220948859827
2023-07-11,growth_fixed,growth,fixed,1.0066691159952839
2023-07-12,growth_fixed,growth,fixed,0.9967041353711175
2023-07-13,growth_fixed,growth,fixed,1.0862644349601045
2023-07-14,growth_fixed,growth,fixed,0.9739885139697626
2023-07-17,growth_fixed,growth,fixed,0.9937793679478579
2023-07-18,growth_fixed,growth,fixed,1.0051636906759094
2023-07-19,growth_fixed,growth,fixed,1.0215150685052536
2023-07-20,growth_fixed,growth,fixed,1.0086849305179202
2023-07-21,growth_fixed,growth,fixed,1.0004346551788463
2023-07-24,growth_fixed,growth,fixed,0.9855120297030677
2023-07-25,growth_fixed,growth,fixed,0.9990884123530962
2023-07-26,growth_fixed,growth,fixed,1.0091633594585185
2023-07-27,growth_fixed,growth,fixed,0.9958425458698973
2023-07-28,growth_fixed,growth,fixed,1.0043802841741571
2023-07-31,growth_fixed,growth,fixed,0.9910907253288808
2023-08-01,growth_fixed,growth,fixed,0.9993878747164303
2023-08-02,growth_fixed,growth,fixed,0.9803454644684688
2023-08-03,growth_fixed,growth,fixed,0.9877461946360064
2023-08-04,growth_fixed,growth,fixed,0.9902624894848796
2023-08-07,growth_fixed,growth,fixed,1.009454480274871
2023-08-08,growth_fixed,growth,fixed,1.0018273952156274
2023-08-09,growth_fixed,growth,fixed,1.0005298228889166
2023-08-10,growth_fixed,growth,fixed,0.9958042009021775
2023-08-11,growth_fixed,growth,fixed,1.0045665547948233
2023-08-14,growth_fixed,growth,fixed,1.000331489162646
2023-08-15,growth_fixed,growth,fixed,0.9871666326601533
2023-08-16,growth_fixed,growth,fixed,0.9889146493953378
2023-08-17,growth_fixed,growth,fixed,0.9699690094266221
2023-08-18,growth_fixed,growth,fixed,1.0015807851948546
2023-08-21,growth_fixed,growth,fixed,0.9954673671945155
2023-08-22,growth_fixed,growth,fixed,0.992609798117292
2023-08-23,growth_fixed,growth,fixed,1.0160839859427293
2023-08-24,growth_fixed,growth,fixed,0.9882845871166865
2023-08-25,growth_fixed,growth,fixed,1.0029572725974483
2023-08-28,growth_fixed,growth,fixed,1.0005622983455713
2023-08-29,growth_fixed,growth,fixed,1.0158184622501618
2023-08-30,growth_fixed,growth,fixed,0.9956387388115304
2023-08-31,growth_fixed,growth,fixed,0.9870996931038107
2023-09-01,growth_fixed,growth,fixed,0.9987137849414265
2023-09-05,growth_fixed,growth,fixed,0.991317007942922
2023-09-06,growth_fixed,growth,fixed,0.9986750985698081
2023-09-07,growth_fixed,growth,fixed,1.0081286649179695
2023-09-08,growth_fixed,growth,fixed,1.0012982132358141
2023-09-11,growth_fixed,growth,fixed,0.9933170947140404
2023-09-12,growth_fixed,growth,fixed,1.0113969821825175
2023-09-13,growth_fixed,growth,fixed,1.0045118206236252
2023-09-14,growth_fixed,growth,fixed,1.0102522992813012
2023-09-15,growth_fixed,growth,fixed,0.997996072134684
2023-09-18,growth_fixed,growth,fixed,1.0041581960991102
2023-09-19,growth_fixed,growth,fixed,1.0024978082630625
2023-09-20,growth_fixed,growth,fixed,0.9950231856500639
2023-09-21,growth_fixed,growth,fixed,0.983160263508159
2023-09-22,growth_fixed,growth,fixed,0.9979857275048903
2023-09-25,growth_fixed,growth,fixed,1.0024625480254976
2023-09-26,growth_fixed,growth,fixed,0.9945012019290566
2023-09-27,growth_fixed,growth,fixed,0.9987678574328949
2023-09-28,growth_fixed,growth,fixed,1.0108682210169888
2023-09-29,growth_fixed,growth,fixed,0.9974599853298342
2023-10-02,growth_fixed,growth,fixed,0.9908698582616305
2023-10-03,growth_fixed,growth,fixed,0.9885203137933375
2023-10-04,growth_fixed,growth,fixed,1.0043996506823225
2023-10-05,growth_fixed,growth,fixed,0.9941937026985269
2023-10-06,growth_fixed,growth,fixed,1.006686849009929
2023-10-09,growth_fixed,growth,fixed,0.9965623388200633
2023-10-10,growth_fixed,growth,fixed,1.0024287901321889
2023-10-11,growth_fixed,growth,fixed,0.999865951971692
2023-10-12,growth_fixed,growth,fixed,0.9941192219391861
2023-10-13,growth_fixed,growth,fixed,1.0038166895283975
2023-10-16,growth_fixed,growth,fixed,1.016831908931983
2023-10-17,growth_fixed,growth,fixed,0.9955584546234406
2023-10-18,growth_fixed,growth,fixed,0.9919489138661353
2023-10-19,growth_fixed,growth,fixed,0.9950227331639175
2023-10-20,growth_fixed,growth,fixed,1.0090234739735162
2023-10-23,growth_fixed,growth,fixed,1.0190660428316636
2023-10-24,growth_fixed,growth,fixed,1.0074638590528275
2023-10-25,growth_fixed,growth,fixed,1.0007595630328852
2023-10-26,growth_fixed,growth,fixed,0.9962606793068992
2023-10-27,growth_fixed,growth,fixed,0.9869844736206956
2023-10-30,growth_fixed,growth,fixed,1.0075812697839124
2023-10-31,growth_fixed,growth,fixed,1.0037882090608585
2023-11-01,growth_fixed,growth,fixed,1.0121359467282225
2023-11-02,growth_fixed,growth,fixed,1.0049822586741624
2023-11-03,growth_fixed,growth,fixed,1.0042341884389459
2023-11-06,growth_fixed,growth,fixed,1.0037978395817821
2023-11-07,growth_fixed,growth,fixed,0.9976524547519698
2023-11-08,growth_fixed,growth,fixed,0.9998990095105016
2023-11-09,growth_fixed,growth,fixed,1.004918198168494
2023-11-10,growth_fixed,growth,fixed,1.0121162775431625
2023-11-13,growth_fixed,growth,fixed,0.9930356957513301
2023-11-14,growth_fixed,growth,fixed,0.9976081873335512
2023-11-15,growth_fixed,growth,fixed,1.0150034259702263
2023-11-16,growth_fixed,growth,fixed,0.9867922593431472
2023-11-17,growth_fixed,growth,fixed,0.9997055758563093
2023-11-20,growth_fixed,growth,fixed,1.0006791386537304
2023-11-21,growth_fixed,growth,fixed,0.986208705626493
2023-11-22,growth_fixed,growth,fixed,1.0157945054427329
2023-11-24,growth_fixed,growth,fixed,1.0047121555803742
2023-11-27,growth_fixed,growth,fixed,0.9921407850753612
2023-11-28,growth_fixed,growth,fixed,1.0028196034815253
2023-11-29,growth_fixed,growth,fixed,0.9990867524240209
2023-11-30,growth_fixed,growth,fixed,1.0052698475958044
2023-12-01,growth_fixed,growth,fixed,1.0077468332491832
2023-12-04,growth_fixed,growth,fixed,1.0132273280012571
2023-12-05,growth_fixed,growth,fixed,1.0066353827970524
2023-12-06,growth_fixed,growth,fixed,0.9974124471244029
2023-12-07,growth_fixed,growth,fixed,1.00488383438799
2023-12-08,growth_fixed,growth,fixed,1.0107949585644778
2023-12-11,growth_fixed,growth,fixed,0.9866287255746862
2023-12-12,growth_fixed,growth,fixed,1.0043353799600032
2023-12-13,growth_fixed,growth,fixed,1.0183199153119642
2023-12-14,growth_fixed,growth,fixed,0.9970139462472564
2023-12-15,growth_fixed,growth,fixed,0.9843174082248665
2023-12-18,growth_fixed,growth,fixed,1.0056843791096663
2023-12-19,growth_fixed,growth,fixed,0.9966681634649298
2023-12-20,growth_fixed,growth,fixed,0.9956970485660462
2023-12-21,growth_fixed,growth,fixed,1.0102155588936061
2023-12-22,growth_fixed,growth,fixed,1.009184400360815
2023-12-26,growth_fixed,growth,fixed,0.9957930189181298
2023-12-27,growth_fixed,growth,fixed,1.0207246555910572
2023-12-28,growth_fixed,growth,fixed,0.9991726342722801
2023-12-29,growth_fixed,growth,fixed,0.9949523106375425
