date,strategy,return
2021-01-04,Base Min-Variance,0.0027225001381844098
2021-01-05,Base Min-Variance,0.0012514860281845654
2021-01-06,Base Min-Variance,0.006354059269710012
2021-01-07,Base Min-Variance,0.006377463363423082
2021-01-08,Base Min-Variance,-0.0027210752869220485
2021-01-11,Base Min-Variance,4.2743055984808404e-07
2021-01-12,Base Min-Variance,0.0007854960449277587
2021-01-13,Base Min-Variance,-0.001519223539472583
2021-01-14,Base Min-Variance,0.004143899158261466
2021-01-15,Base Min-Variance,-0.004771704456534104
2021-01-19,Base Min-Variance,0.010897787412164047
2021-01-20,Base Min-Variance,0.015078393601033616
2021-01-21,Base Min-Variance,-0.009668493649084862
2021-01-22,Base Min-Variance,-0.000870345824739046
2021-01-25,Base Min-Variance,0.0038294842596522413
2021-01-26,Base Min-Variance,-0.0026775109336415123
2021-01-27,Base Min-Variance,-0.021155801930376757
2021-01-28,Base Min-Variance,0.00039098230261080784
2021-01-29,Base Min-Variance,-0.009691178143303992
2021-02-01,Base Min-Variance,0.0011175740664108146
2021-02-02,Base Min-Variance,0.006313404696549481
2021-02-03,Base Min-Variance,-0.002835655815127383
2021-02-04,Base Min-Variance,0.0021894634604123515
2021-02-05,Base Min-Variance,0.014585814804830375
2021-02-08,Base Min-Variance,0.0029479257949262417
2021-02-09,Base Min-Variance,-0.00129692573260502
2021-02-10,Base Min-Variance,-0.0069299043661116555
2021-02-11,Base Min-Variance,-0.005043822421610798
2021-02-12,Base Min-Variance,0.004238322700759904
2021-02-16,Base Min-Variance,-0.009696464119543818
2021-02-17,Base Min-Variance,0.00673565099072186
2021-02-18,Base Min-Variance,-0.009763406235186518
2021-02-19,Base Min-Variance,-0.007689143458152974
2021-02-22,Base Min-Variance,0.001675635955607858
2021-02-23,Base Min-Variance,-0.006597228049024441
2021-02-24,Base Min-Variance,-0.0002045112418909644
2021-02-25,Base Min-Variance,-0.008819737079818302
2021-02-26,Base Min-Variance,-0.017495979588488066
2021-03-01,Base Min-Variance,0.008958028307726656
2021-03-02,Base Min-Variance,0.0050889776077307144
2021-03-03,Base Min-Variance,-0.013156512529758241
2021-03-04,Base Min-Variance,-0.0028007475104767413
2021-03-05,Base Min-Variance,0.015481873238384543
2021-03-08,Base Min-Variance,-0.00500816607628339
2021-03-09,Base Min-Variance,0.006923247764897365
2021-03-10,Base Min-Variance,0.009303625518426891
2021-03-11,Base Min-Variance,-0.0004055662252030693
2021-03-12,Base Min-Variance,0.005082910007558607
2021-03-15,Base Min-Variance,0.014040113550352484
2021-03-16,Base Min-Variance,0.005157878787640845
2021-03-17,Base Min-Variance,-0.009703448530996202
2021-03-18,Base Min-Variance,-0.007645060951615141
2021-03-19,Base Min-Variance,-0.0027450325453964412
2021-03-22,Base Min-Variance,0.009211284052794923
2021-03-23,Base Min-Variance,-0.00010576838177591905
2021-03-24,Base Min-Variance,-0.006182208148431467
2021-03-25,Base Min-Variance,0.0023882779285349853
2021-03-26,Base Min-Variance,0.01736174204833819
2021-03-29,Base Min-Variance,0.010903648017203215
2021-03-30,Base Min-Variance,-0.009540340738859888
2021-03-31,Base Min-Variance,0.0013422172545206716
2021-04-01,Base Min-Variance,0.008377451086797561
2021-04-05,Base Min-Variance,0.011247715511014344
2021-04-06,Base Min-Variance,0.0002920454357842379
2021-04-07,Base Min-Variance,-0.0007580535937793091
2021-04-08,Base Min-Variance,-0.0003394525781473363
2021-04-09,Base Min-Variance,0.0036309873652749756
2021-04-12,Base Min-Variance,0.0013958784636895181
2021-04-13,Base Min-Variance,0.0023664029267610335
2021-04-14,Base Min-Variance,-0.002812789078208779
2021-04-15,Base Min-Variance,0.007397136009558206
2021-04-16,Base Min-Variance,0.0016171956844168182
2021-04-19,Base Min-Variance,-0.0008252824751908089
2021-04-20,Base Min-Variance,0.005707019443515803
2021-04-21,Base Min-Variance,0.004919950532009312
2021-04-22,Base Min-Variance,0.0010767505633644207
2021-04-23,Base Min-Variance,0.002653817854619936
2021-04-26,Base Min-Variance,-0.006496650884104578
2021-04-27,Base Min-Variance,-0.00510933494786127
2021-04-28,Base Min-Variance,-0.0002392895121344613
2021-04-29,Base Min-Variance,0.008338349685934212
2021-04-30,Base Min-Variance,-0.0013468367262264764
2021-05-03,Base Min-Variance,0.007923706241422565
2021-05-04,Base Min-Variance,-0.0044785952593492245
2021-05-05,Base Min-Variance,0.002231917384692659
2021-05-06,Base Min-Variance,0.0070540654273317455
2021-05-07,Base Min-Variance,0.0010114623044069305
2021-05-10,Base Min-Variance,0.005004330201895753
2021-05-11,Base Min-Variance,-0.008741003509646397
2021-05-12,Base Min-Variance,-0.013620847514958607
2021-05-13,Base Min-Variance,0.012113860874667216
2021-05-14,Base Min-Variance,0.002860584436575069
2021-05-17,Base Min-Variance,-0.001241002242700377
2021-05-18,Base Min-Variance,-0.004357025789158653
2021-05-19,Base Min-Variance,0.0003469429723296891
2021-05-20,Base Min-Variance,0.010070668291415681
2021-05-21,Base Min-Variance,-0.0017313005914778995
2021-05-24,Base Min-Variance,-0.0014867974503059266
2021-05-25,Base Min-Variance,-0.0055930285998839115
2021-05-26,Base Min-Variance,0.0008206279989150102
2021-05-27,Base Min-Variance,-0.004471106753983708
2021-05-28,Base Min-Variance,0.0014889068427626614
2021-06-01,Base Min-Variance,-0.004301630255752224
2021-06-02,Base Min-Variance,0.0012113258575854812
2021-06-03,Base Min-Variance,0.00402098605167805
2021-06-04,Base Min-Variance,0.006029136133364593
2021-06-07,Base Min-Variance,-0.004168934281336777
2021-06-08,Base Min-Variance,-0.005446012937681223
2021-06-09,Base Min-Variance,0.00498660315317103
2021-06-10,Base Min-Variance,0.008451343311155605
2021-06-11,Base Min-Variance,0.001946454738785832
2021-06-14,Base Min-Variance,0.00038195118138956656
2021-06-15,Base Min-Variance,-0.004490017709589892
2021-06-16,Base Min-Variance,-0.010757331927752979
2021-06-17,Base Min-Variance,-0.00024804972033309056
2021-06-18,Base Min-Variance,-0.010641010246532048
2021-06-21,Base Min-Variance,0.010318467088858084
2021-06-22,Base Min-Variance,-0.0009918204053804727
2021-06-23,Base Min-Variance,-0.007292780032489066
2021-06-24,Base Min-Variance,0.005091347083247168
2021-06-25,Base Min-Variance,0.01128974549888372
2021-06-28,Base Min-Variance,0.0019966030290004336
2021-06-29,Base Min-Variance,-0.002865202146612789
2021-06-30,Base Min-Variance,0.007322584665462299
2021-07-01,Base Min-Variance,0.0036167680571558983
2021-07-02,Base Min-Variance,0.005052686190572334
2021-07-06,Base Min-Variance,-0.0021100667854927462
2021-07-07,Base Min-Variance,0.002326586624364352
2021-07-08,Base Min-Variance,-0.00484779591788044
2021-07-09,Base Min-Variance,0.0067872894504550614
2021-07-12,Base Min-Variance,0.002130871859007279
2021-07-13,Base Min-Variance,-0.0026923889785028725
2021-07-14,Base Min-Variance,0.004137033267449091
2021-07-15,Base Min-Variance,0.0015419909471938423
2021-07-16,Base Min-Variance,-0.0013487491205565983
2021-07-19,Base Min-Variance,-0.013677055681203556
2021-07-20,Base Min-Variance,0.005391369428302573
2021-07-21,Base Min-Variance,-0.0018420035125994183
2021-07-22,Base Min-Variance,-0.00011143387645037965
2021-07-23,Base Min-Variance,0.010255431936296331
2021-07-26,Base Min-Variance,0.001043348496164395
2021-07-27,Base Min-Variance,0.0012202392985007286
2021-07-28,Base Min-Variance,-0.0011596537920751508
2021-07-29,Base Min-Variance,-0.0005923426380379801
2021-07-30,Base Min-Variance,-0.002789150917426435
2021-08-02,Base Min-Variance,-0.0015156543130872271
2021-08-03,Base Min-Variance,0.0005824077720648496
2021-08-04,Base Min-Variance,-0.008156314266340402
2021-08-05,Base Min-Variance,0.004514888417136736
2021-08-06,Base Min-Variance,-0.0011982446286903398
2021-08-09,Base Min-Variance,0.0009949059875671669
2021-08-10,Base Min-Variance,0.004573769521081577
2021-08-11,Base Min-Variance,0.0042064862793051334
2021-08-12,Base Min-Variance,0.002657419971270622
2021-08-13,Base Min-Variance,0.003898441904124698
2021-08-16,Base Min-Variance,0.006749068945524761
2021-08-17,Base Min-Variance,0.002725033180190969
2021-08-18,Base Min-Variance,-0.010885573660783698
2021-08-19,Base Min-Variance,0.0015623150601576433
2021-08-20,Base Min-Variance,0.003927079738200677
2021-08-23,Base Min-Variance,-0.0016163466226120531
2021-08-24,Base Min-Variance,-0.005277917296298359
2021-08-25,Base Min-Variance,-0.0035141131426849495
2021-08-26,Base Min-Variance,-0.00615528035130341
2021-08-27,Base Min-Variance,0.0017126293225343567
2021-08-30,Base Min-Variance,0.0038412469800213887
2021-08-31,Base Min-Variance,0.0036411888184704365
2021-09-01,Base Min-Variance,0.0010234240804336148
2021-09-02,Base Min-Variance,0.006263904282801952
2021-09-03,Base Min-Variance,-0.0011143250511728424
2021-09-07,Base Min-Variance,-0.013703310098045447
2021-09-08,Base Min-Variance,0.004249909767384022
2021-09-09,Base Min-Variance,-0.011057104548063957
2021-09-10,Base Min-Variance,-0.0074264981173478295
2021-09-13,Base Min-Variance,-0.0003560585315870784
2021-09-14,Base Min-Variance,-0.0056752789371385115
2021-09-15,Base Min-Variance,0.0028667171162233655
2021-09-16,Base Min-Variance,-0.004637136705538077
2021-09-17,Base Min-Variance,-0.00787158848966578
2021-09-20,Base Min-Variance,-0.009112502382195008
2021-09-21,Base Min-Variance,-0.004185141582473053
2021-09-22,Base Min-Variance,0.00038817317520234044
2021-09-23,Base Min-Variance,0.0031936186077835406
2021-09-24,Base Min-Variance,-0.00262970893672168
2021-09-27,Base Min-Variance,-0.003332621581023341
2021-09-28,Base Min-Variance,-0.005486741639929025
2021-09-29,Base Min-Variance,0.008649871545361256
2021-09-30,Base Min-Variance,-0.009410545554781503
2021-10-01,Base Min-Variance,0.014276859037800144
2021-10-04,Base Min-Variance,0.002519389149286928
2021-10-05,Base Min-Variance,0.0007847620739257468
2021-10-06,Base Min-Variance,0.0023317872973472385
2021-10-07,Base Min-Variance,0.00865759565351592
2021-10-08,Base Min-Variance,-0.0052233684623567474
2021-10-11,Base Min-Variance,-0.008764320448290012
2021-10-12,Base Min-Variance,-0.0007742561423226275
2021-10-13,Base Min-Variance,0.0006848493146035396
2021-10-14,Base Min-Variance,0.008794588010921298
2021-10-15,Base Min-Variance,-0.0007256119885512487
2021-10-18,Base Min-Variance,-0.001513467898684959
2021-10-19,Base Min-Variance,0.013456689097559111
2021-10-20,Base Min-Variance,0.010322408951310941
2021-10-21,Base Min-Variance,0.005705441313700872
2021-10-22,Base Min-Variance,0.0025778629711692338
2021-10-25,Base Min-Variance,0.004506049360775089
2021-10-26,Base Min-Variance,8.569941182759357e-05
2021-10-27,Base Min-Variance,-0.010880449583746624
2021-10-28,Base Min-Variance,0.01833432062944098
2021-10-29,Base Min-Variance,-0.000714954117773929
2021-11-01,Base Min-Variance,0.00535150627112325
2021-11-02,Base Min-Variance,0.004701857507489891
2021-11-03,Base Min-Variance,6.35726858771768e-05
2021-11-04,Base Min-Variance,0.0006963582689056172
2021-11-05,Base Min-Variance,-0.012395876434406271
2021-11-08,Base Min-Variance,0.0019239526720446823
2021-11-09,Base Min-Variance,0.000519229006147375
2021-11-10,Base Min-Variance,0.0002331208165627681
2021-11-11,Base Min-Variance,0.00255952003220124
2021-11-12,Base Min-Variance,0.0024407878397907775
2021-11-15,Base Min-Variance,-0.0026452884586256197
2021-11-16,Base Min-Variance,-0.004705933817754349
2021-11-17,Base Min-Variance,-0.0028685388855900443
2021-11-18,Base Min-Variance,-0.0018352015888577766
2021-11-19,Base Min-Variance,-0.007804072963634876
2021-11-22,Base Min-Variance,0.0034862654127194048
2021-11-23,Base Min-Variance,0.006341248285938353
2021-11-24,Base Min-Variance,-0.00033538753276368574
2021-11-26,Base Min-Variance,-0.014745403805148364
2021-11-29,Base Min-Variance,0.00022401966034763768
2021-11-30,Base Min-Variance,-0.021854913153537582
2021-12-01,Base Min-Variance,-0.011556826515756177
2021-12-02,Base Min-Variance,0.014123400977474016
2021-12-03,Base Min-Variance,0.008907798823130766
2021-12-06,Base Min-Variance,0.010419162761685648
2021-12-07,Base Min-Variance,0.002954772421693022
2021-12-08,Base Min-Variance,0.0008965180888738326
2021-12-09,Base Min-Variance,-0.002854024225597911
2021-12-10,Base Min-Variance,0.007727179781168043
2021-12-13,Base Min-Variance,0.005211988123112682
2021-12-14,Base Min-Variance,-0.0004147321967467299
2021-12-15,Base Min-Variance,0.012979500114023943
2021-12-16,Base Min-Variance,0.010126487461173986
2021-12-17,Base Min-Variance,-0.012276646370379347
2021-12-20,Base Min-Variance,0.0021549446627410853
2021-12-21,Base Min-Variance,0.0031213570650222887
2021-12-22,Base Min-Variance,0.006509465888324111
2021-12-23,Base Min-Variance,0.0015944915690745162
2021-12-27,Base Min-Variance,0.01048576001686605
2021-12-28,Base Min-Variance,0.004377226546026743
2021-12-29,Base Min-Variance,0.0011579806094931542
2021-12-30,Base Min-Variance,0.0007047534774302709
2021-12-31,Base Min-Variance,-0.0011030377235299422
2022-01-03,Base Min-Variance,0.0021791027274440642
2022-01-04,Base Min-Variance,-0.0004006162177033984
2022-01-05,Base Min-Variance,-0.0018153998452577504
2022-01-06,Base Min-Variance,-0.003994627671029646
2022-01-07,Base Min-Variance,0.004618663552446526
2022-01-10,Base Min-Variance,-0.0009728365542533801
2022-01-11,Base Min-Variance,0.003541751475965657
2022-01-12,Base Min-Variance,0.0009638582352580042
2022-01-13,Base Min-Variance,-0.0018534565678950583
2022-01-14,Base Min-Variance,-0.002205944529522977
2022-01-18,Base Min-Variance,-0.008924920031650973
2022-01-19,Base Min-Variance,-0.0004268541162155356
2022-01-20,Base Min-Variance,-0.010924251877419487
2022-01-21,Base Min-Variance,-0.004696305169182634
2022-01-24,Base Min-Variance,-0.005276024835807144
2022-01-25,Base Min-Variance,-0.004585169690872203
2022-01-26,Base Min-Variance,-0.016668026394822597
2022-01-27,Base Min-Variance,0.0007130771553914629
2022-01-28,Base Min-Variance,0.015527408423969422
2022-01-31,Base Min-Variance,0.010207336026165394
2022-02-01,Base Min-Variance,-0.0026705788085474584
2022-02-02,Base Min-Variance,0.011309092688341177
2022-02-03,Base Min-Variance,-0.005939971592022225
2022-02-04,Base Min-Variance,-0.0036480380535809233
2022-02-07,Base Min-Variance,-0.000917240805364331
2022-02-08,Base Min-Variance,-0.0013115220117540236
2022-02-09,Base Min-Variance,0.006569468695282247
2022-02-10,Base Min-Variance,-0.01732958037552027
2022-02-11,Base Min-Variance,-0.0029267431369964392
2022-02-14,Base Min-Variance,-0.007886639215132602
2022-02-15,Base Min-Variance,0.002182219127899861
2022-02-16,Base Min-Variance,-0.00181735712940299
2022-02-17,Base Min-Variance,-0.0068746929878200965
2022-02-18,Base Min-Variance,-0.005455785220824798
2022-02-22,Base Min-Variance,-0.004081844169129222
2022-02-23,Base Min-Variance,-0.0024722526045882647
2022-02-24,Base Min-Variance,-0.0012240941612371558
2022-02-25,Base Min-Variance,0.026227194647216352
2022-02-28,Base Min-Variance,-0.004812575947377398
2022-03-01,Base Min-Variance,-0.0017792717324432552
2022-03-02,Base Min-Variance,0.012089448100638
2022-03-03,Base Min-Variance,0.008543611165453406
2022-03-04,Base Min-Variance,0.007157214936323371
2022-03-07,Base Min-Variance,-0.008161668607165717
2022-03-08,Base Min-Variance,-0.013211012630403566
2022-03-09,Base Min-Variance,0.0035566778423643513
2022-03-10,Base Min-Variance,0.002426569707731285
2022-03-11,Base Min-Variance,-0.005152264605752521
2022-03-14,Base Min-Variance,-0.00477227399732939
2022-03-15,Base Min-Variance,0.006298345965603988
2022-03-16,Base Min-Variance,0.0049504814221363845
2022-03-17,Base Min-Variance,0.01127150642772686
2022-03-18,Base Min-Variance,0.003046590568629544
2022-03-21,Base Min-Variance,0.002880397510318055
2022-03-22,Base Min-Variance,0.004123123405761134
2022-03-23,Base Min-Variance,-0.008894657667873318
2022-03-24,Base Min-Variance,0.006309097018035577
2022-03-25,Base Min-Variance,0.008731460153221043
2022-03-28,Base Min-Variance,0.00524940880523064
2022-03-29,Base Min-Variance,0.012390011076489552
2022-03-30,Base Min-Variance,0.0010164419042298142
2022-03-31,Base Min-Variance,-0.008766795720247793
2022-04-01,Base Min-Variance,0.009093880589104144
2022-04-04,Base Min-Variance,0.0027840579866819024
2022-04-05,Base Min-Variance,-0.004462149959651933
2022-04-06,Base Min-Variance,0.011259143458010658
2022-04-07,Base Min-Variance,0.003578391238532521
2022-04-08,Base Min-Variance,0.007296088473516785
2022-04-11,Base Min-Variance,-0.014386800604621951
2022-04-12,Base Min-Variance,0.0027874214875345826
2022-04-13,Base Min-Variance,0.006155102444402793
2022-04-14,Base Min-Variance,0.0018413405373970283
2022-04-18,Base Min-Variance,-0.004371394787454246
2022-04-19,Base Min-Variance,0.008257230978954448
2022-04-20,Base Min-Variance,0.003071047047478956
2022-04-21,Base Min-Variance,-0.01025737141819861
2022-04-22,Base Min-Variance,-0.016059865432893897
2022-04-25,Base Min-Variance,-0.0014058182837433635
2022-04-26,Base Min-Variance,-0.01569106544352399
2022-04-27,Base Min-Variance,-0.0027980825510855686
2022-04-28,Base Min-Variance,0.015464827501521044
2022-04-29,Base Min-Variance,-0.031218128500039032
2022-05-02,Base Min-Variance,0.0005928202422376517
2022-05-03,Base Min-Variance,0.0027461439144315525
2022-05-04,Base Min-Variance,0.024532598196133126
2022-05-05,Base Min-Variance,-0.015069809297406311
2022-05-06,Base Min-Variance,-0.005731463315440934
2022-05-09,Base Min-Variance,-0.014295402887431651
2022-05-10,Base Min-Variance,-0.007928114940398818
2022-05-11,Base Min-Variance,0.006455834057745873
2022-05-12,Base Min-Variance,0.007370014095905562
2022-05-13,Base Min-Variance,0.009769334135601226
2022-05-16,Base Min-Variance,0.00634017800910891
2022-05-17,Base Min-Variance,-0.002739941834172129
2022-05-18,Base Min-Variance,-0.02344816207379216
2022-05-19,Base Min-Variance,-0.0048450097440058465
2022-05-20,Base Min-Variance,0.003076674876540186
2022-05-23,Base Min-Variance,0.016554774533871473
2022-05-24,Base Min-Variance,0.009987650447269784
2022-05-25,Base Min-Variance,0.005496842308160931
2022-05-26,Base Min-Variance,0.005152365581872333
2022-05-27,Base Min-Variance,0.010507438909755036
2022-05-31,Base Min-Variance,-0.009315949689009024
2022-06-01,Base Min-Variance,-0.0055358654227260305
2022-06-02,Base Min-Variance,0.002997783858974089
2022-06-03,Base Min-Variance,-0.005348667655786532
2022-06-06,Base Min-Variance,-0.004542720570431123
2022-06-07,Base Min-Variance,0.0077525548292872734
2022-06-08,Base Min-Variance,-0.009602924775016463
2022-06-09,Base Min-Variance,-0.022797682706028922
2022-06-10,Base Min-Variance,-0.009661629037634276
2022-06-13,Base Min-Variance,-0.03242757771380633
2022-06-14,Base Min-Variance,-0.013638485865044627
2022-06-15,Base Min-Variance,0.0028971874867348736
2022-06-16,Base Min-Variance,-0.00768116282489936
2022-06-17,Base Min-Variance,-0.0042320953786688115
2022-06-21,Base Min-Variance,0.02267812189377772
2022-06-22,Base Min-Variance,0.0034341910191064058
2022-06-23,Base Min-Variance,0.013133130333360983
2022-06-24,Base Min-Variance,0.013968097206585461
2022-06-27,Base Min-Variance,-0.0029267139515125364
2022-06-28,Base Min-Variance,-0.009034613066923082
2022-06-29,Base Min-Variance,0.0007074118014105467
2022-06-30,Base Min-Variance,-0.007514254460922772
2022-07-01,Base Min-Variance,0.014886708081508307
2022-07-05,Base Min-Variance,-0.003676755501736755
2022-07-06,Base Min-Variance,0.0014689119190931929
2022-07-07,Base Min-Variance,0.0023397652584228874
2022-07-08,Base Min-Variance,-0.0028577932121188407
2022-07-11,Base Min-Variance,-7.005607030932971e-05
2022-07-12,Base Min-Variance,-0.005704596022597816
2022-07-13,Base Min-Variance,-0.0012680128073719297
2022-07-14,Base Min-Variance,-0.00469727578190522
2022-07-15,Base Min-Variance,0.010468890166936497
2022-07-18,Base Min-Variance,-0.012182143755362458
2022-07-19,Base Min-Variance,0.013795101613126852
2022-07-20,Base Min-Variance,-0.0060430732788443915
2022-07-21,Base Min-Variance,0.00439045046582529
2022-07-22,Base Min-Variance,-0.0002468200059097522
2022-07-25,Base Min-Variance,-0.002351003820243129
2022-07-26,Base Min-Variance,-0.006283709984722629
2022-07-27,Base Min-Variance,0.004881880080623827
2022-07-28,Base Min-Variance,0.008033306451465204
2022-07-29,Base Min-Variance,0.0033078654470041625
2022-08-01,Base Min-Variance,-0.004907603869151991
2022-08-02,Base Min-Variance,-0.0051561141349925265
2022-08-03,Base Min-Variance,0.013617912727156857
2022-08-04,Base Min-Variance,-0.007848111169535396
2022-08-05,Base Min-Variance,-0.004602705277592654
2022-08-08,Base Min-Variance,0.004168939098722432
2022-08-09,Base Min-Variance,0.0020438353916999025
2022-08-10,Base Min-Variance,0.011460551394869118
2022-08-11,Base Min-Variance,-0.0013477005595420942
2022-08-12,Base Min-Variance,0.01442561234094252
2022-08-15,Base Min-Variance,0.012174027089884855
2022-08-16,Base Min-Variance,0.012598246941806541
2022-08-17,Base Min-Variance,-0.006335298828489027
2022-08-18,Base Min-Variance,-0.0026869512006418026
2022-08-19,Base Min-Variance,-0.004553581304626804
2022-08-22,Base Min-Variance,-0.014220709228332035
2022-08-23,Base Min-Variance,-0.005232826714796408
2022-08-24,Base Min-Variance,0.00034711522842681083
2022-08-25,Base Min-Variance,0.005616584608498126
2022-08-26,Base Min-Variance,-0.018356848199315278
2022-08-29,Base Min-Variance,-0.003951657098967159
2022-08-30,Base Min-Variance,-0.008326767939154253
2022-08-31,Base Min-Variance,-0.0019037148248553834
2022-09-01,Base Min-Variance,0.011791129350618393
2022-09-02,Base Min-Variance,-0.009497904754814579
2022-09-06,Base Min-Variance,-0.002470900245566058
2022-09-07,Base Min-Variance,0.016592872954143367
2022-09-08,Base Min-Variance,0.002665477360505487
2022-09-09,Base Min-Variance,0.008992297524939213
2022-09-12,Base Min-Variance,0.008440533944423298
2022-09-13,Base Min-Variance,-0.030074059379944156
2022-09-14,Base Min-Variance,0.006309859591483164
2022-09-15,Base Min-Variance,-0.010524147976951984
2022-09-16,Base Min-Variance,0.0007500095785985441
2022-09-19,Base Min-Variance,0.0036924643987501413
2022-09-20,Base Min-Variance,-0.01353394765685435
2022-09-21,Base Min-Variance,-0.01289810862241028
2022-09-22,Base Min-Variance,0.003374463007213528
2022-09-23,Base Min-Variance,-0.01666778275138261
2022-09-26,Base Min-Variance,-0.010517247872693201
2022-09-27,Base Min-Variance,-0.005635961199361049
2022-09-28,Base Min-Variance,0.022070025870130343
2022-09-29,Base Min-Variance,-0.015897674810921372
2022-09-30,Base Min-Variance,-0.016979410068814496
2022-10-03,Base Min-Variance,0.025834224931644206
2022-10-04,Base Min-Variance,0.021139916898996677
2022-10-05,Base Min-Variance,-0.003827763769545023
2022-10-06,Base Min-Variance,-0.007438734508831942
2022-10-07,Base Min-Variance,-0.014046856024082087
2022-10-10,Base Min-Variance,0.001161949126608362
2022-10-11,Base Min-Variance,0.01560706186353275
2022-10-12,Base Min-Variance,-0.004289354847943938
2022-10-13,Base Min-Variance,0.019456418092882524
2022-10-14,Base Min-Variance,-0.011434265874695726
2022-10-17,Base Min-Variance,0.011579487517654873
2022-10-18,Base Min-Variance,0.010236440697018928
2022-10-19,Base Min-Variance,-0.00737392257659784
2022-10-20,Base Min-Variance,-0.0024225187626472043
2022-10-21,Base Min-Variance,0.020340766292571633
2022-10-24,Base Min-Variance,0.01759436634493133
2022-10-25,Base Min-Variance,0.008184758227134515
2022-10-26,Base Min-Variance,0.01238959351637147
2022-10-27,Base Min-Variance,0.001482879855816566
2022-10-28,Base Min-Variance,0.022801776649122342
2022-10-31,Base Min-Variance,-0.007426572855297814
2022-11-01,Base Min-Variance,-0.0012075679456848385
2022-11-02,Base Min-Variance,-0.011248934767554031
2022-11-03,Base Min-Variance,-0.00485691998817082
2022-11-04,Base Min-Variance,0.01405950408367071
2022-11-07,Base Min-Variance,0.013841971332826756
2022-11-08,Base Min-Variance,0.01111975932541314
2022-11-09,Base Min-Variance,-0.011911039320401173
2022-11-10,Base Min-Variance,0.02157893824606731
2022-11-11,Base Min-Variance,-0.005040297111039774
2022-11-14,Base Min-Variance,-0.0024499611230433963
2022-11-15,Base Min-Variance,0.00641754678907343
2022-11-16,Base Min-Variance,-0.0007685867427622969
2022-11-17,Base Min-Variance,0.004496748313860074
2022-11-18,Base Min-Variance,0.008429246005696433
2022-11-21,Base Min-Variance,0.003941445980831316
2022-11-22,Base Min-Variance,0.008939995988446293
2022-11-23,Base Min-Variance,-0.0013139291996846006
2022-11-25,Base Min-Variance,0.0007956540335836306
2022-11-28,Base Min-Variance,-0.00977359670033041
2022-11-29,Base Min-Variance,0.0029548841961644767
2022-11-30,Base Min-Variance,0.017106796675157562
2022-12-01,Base Min-Variance,0.001178362946805915
2022-12-02,Base Min-Variance,0.0029058362698545738
2022-12-05,Base Min-Variance,-0.008289020097647834
2022-12-06,Base Min-Variance,-0.010415731982391737
2022-12-07,Base Min-Variance,0.002996449745722171
2022-12-08,Base Min-Variance,0.00424297722179429
2022-12-09,Base Min-Variance,-0.016428178049603486
2022-12-12,Base Min-Variance,0.006427487024668472
2022-12-13,Base Min-Variance,0.003003733728169727
2022-12-14,Base Min-Variance,-0.0001690246027340714
2022-12-15,Base Min-Variance,-0.015397377754389588
2022-12-16,Base Min-Variance,-0.006052842774813158
2022-12-19,Base Min-Variance,-0.001292249607681668
2022-12-20,Base Min-Variance,0.0008983054208076011
2022-12-21,Base Min-Variance,0.011490273951819981
2022-12-22,Base Min-Variance,-0.004752791055669969
2022-12-23,Base Min-Variance,0.004619975492410237
2022-12-27,Base Min-Variance,0.001415038279937267
2022-12-28,Base Min-Variance,-0.010133969018483286
2022-12-29,Base Min-Variance,0.006515126038898128
2022-12-30,Base Min-Variance,-0.00013923251978049982
2023-01-03,Base Min-Variance,0.0004410127176900775
2023-01-04,Base Min-Variance,0.008774952959001053
2023-01-05,Base Min-Variance,0.0015073404261656087
2023-01-06,Base Min-Variance,0.015201859317797094
2023-01-09,Base Min-Variance,-0.016470456490020106
2023-01-10,Base Min-Variance,0.0021595576508128375
2023-01-11,Base Min-Variance,0.0026736976449378146
2023-01-12,Base Min-Variance,-0.0027359438840224405
2023-01-13,Base Min-Variance,0.002387228414221573
2023-01-17,Base Min-Variance,-0.006647209589430586
2023-01-18,Base Min-Variance,-0.017321909119041953
2023-01-19,Base Min-Variance,-0.0017170579834632107
2023-01-20,Base Min-Variance,0.008824284190004788
2023-01-23,Base Min-Variance,0.002649455535015022
2023-01-24,Base Min-Variance,-0.002417016214714906
2023-01-25,Base Min-Variance,-0.0015138156859288356
2023-01-26,Base Min-Variance,0.00022059956842631782
2023-01-27,Base Min-Variance,-0.005807184158800238
2023-01-30,Base Min-Variance,-0.003915444216456519
2023-01-31,Base Min-Variance,0.007437601525478721
2023-02-01,Base Min-Variance,-0.01886942479295161
2023-02-02,Base Min-Variance,-0.011544241863469532
2023-02-03,Base Min-Variance,-0.009416283634795962
2023-02-06,Base Min-Variance,-0.001561459202358107
2023-02-07,Base Min-Variance,0.007996333995979139
2023-02-08,Base Min-Variance,-0.007441180376151988
2023-02-09,Base Min-Variance,-0.001290714249700661
2023-02-10,Base Min-Variance,0.012148789214088377
2023-02-13,Base Min-Variance,0.008012670178112465
2023-02-14,Base Min-Variance,-0.0069663210159526135
2023-02-15,Base Min-Variance,-0.00039083934941019325
2023-02-16,Base Min-Variance,-0.012952413734386147
2023-02-17,Base Min-Variance,0.013574110681748755
2023-02-21,Base Min-Variance,-0.004636746693761399
2023-02-22,Base Min-Variance,-0.004540384146178614
2023-02-23,Base Min-Variance,0.0026782781068560337
2023-02-24,Base Min-Variance,-0.0068809388506369555
2023-02-27,Base Min-Variance,0.00014481544637413773
2023-02-28,Base Min-Variance,-0.010362245227100945
2023-03-01,Base Min-Variance,0.00030100498865105285
2023-03-02,Base Min-Variance,0.005820691339743874
2023-03-03,Base Min-Variance,0.0038908792773936695
2023-03-06,Base Min-Variance,0.009323279138875575
2023-03-07,Base Min-Variance,-0.010730891049097647
2023-03-08,Base Min-Variance,-0.0068353061347535635
2023-03-09,Base Min-Variance,-0.011563321109050494
2023-03-10,Base Min-Variance,-0.0031232630429789054
2023-03-13,Base Min-Variance,0.00590513934007257
2023-03-14,Base Min-Variance,0.006991599531113126
2023-03-15,Base Min-Variance,0.0043094769447885786
2023-03-16,Base Min-Variance,0.0015795361418501049
2023-03-17,Base Min-Variance,-0.013320540413759187
2023-03-20,Base Min-Variance,0.013262142604325636
2023-03-21,Base Min-Variance,-0.0013397595544512246
2023-03-22,Base Min-Variance,-0.014718455574242093
2023-03-23,Base Min-Variance,0.005739173711150505
2023-03-24,Base Min-Variance,0.01616295621257588
2023-03-27,Base Min-Variance,0.005297686155032046
2023-03-28,Base Min-Variance,-0.0011270075649434238
2023-03-29,Base Min-Variance,0.0065348569697836366
2023-03-30,Base Min-Variance,0.0045620038278035135
2023-03-31,Base Min-Variance,0.006886732311771715
2023-04-03,Base Min-Variance,0.010844624727657307
2023-04-04,Base Min-Variance,0.005516479994875877
2023-04-05,Base Min-Variance,0.015367708808241504
2023-04-06,Base Min-Variance,0.0002111772306787265
2023-04-10,Base Min-Variance,-0.0014402068334635376
2023-04-11,Base Min-Variance,-0.0004959217249270058
2023-04-12,Base Min-Variance,0.001047373830316797
2023-04-13,Base Min-Variance,0.009389831860732847
2023-04-14,Base Min-Variance,-0.0042136022120193226
2023-04-17,Base Min-Variance,0.00011190830433879576
2023-04-18,Base Min-Variance,-0.0018249963708574044
2023-04-19,Base Min-Variance,-0.0007858833744909133
2023-04-20,Base Min-Variance,-0.005130663478276803
2023-04-21,Base Min-Variance,0.005489682289535339
2023-04-24,Base Min-Variance,0.001975869814570269
2023-04-25,Base Min-Variance,-0.00021340412404785932
2023-04-26,Base Min-Variance,-0.019651020360405436
2023-04-27,Base Min-Variance,0.0050932821296204136
2023-04-28,Base Min-Variance,0.003571281301151859
2023-05-01,Base Min-Variance,0.0012108376508718002
2023-05-02,Base Min-Variance,-0.007298864534592144
2023-05-03,Base Min-Variance,-0.009095715895869067
2023-05-04,Base Min-Variance,0.0005076345305740936
2023-05-05,Base Min-Variance,0.01091596645667462
2023-05-08,Base Min-Variance,-0.00023646773615500043
2023-05-09,Base Min-Variance,-0.004618965695153648
2023-05-10,Base Min-Variance,-0.00046926817574130324
2023-05-11,Base Min-Variance,-0.001627009298706249
2023-05-12,Base Min-Variance,0.0013445144992130485
2023-05-15,Base Min-Variance,-0.002948645664214788
2023-05-16,Base Min-Variance,-0.014860495974752641
2023-05-17,Base Min-Variance,-0.001475276738940096
2023-05-18,Base Min-Variance,0.0010648158660630342
2023-05-19,Base Min-Variance,0.00023370086896829737
2023-05-22,Base Min-Variance,-0.005884592306622606
2023-05-23,Base Min-Variance,-0.003417554258851391
2023-05-24,Base Min-Variance,-0.006533656711613747
2023-05-25,Base Min-Variance,-0.012464081473190227
2023-05-26,Base Min-Variance,-0.0008619455437883797
2023-05-30,Base Min-Variance,-0.0036774860913953676
2023-05-31,Base Min-Variance,0.006837789954854182
2023-06-01,Base Min-Variance,-0.0020636290011970867
2023-06-02,Base Min-Variance,0.011833368482638997
2023-06-05,Base Min-Variance,0.002116742461567618
2023-06-06,Base Min-Variance,-0.006416368868531628
2023-06-07,Base Min-Variance,0.0010766637367409769
2023-06-08,Base Min-Variance,0.006300027988825405
2023-06-09,Base Min-Variance,-1.1882394871292517e-05
2023-06-12,Base Min-Variance,-0.00232996783348708
2023-06-13,Base Min-Variance,0.006521178273413488
2023-06-14,Base Min-Variance,0.0015662874697333245
2023-06-15,Base Min-Variance,0.008979622013257957
2023-06-16,Base Min-Variance,0.0002954852378386666
2023-06-20,Base Min-Variance,-0.00788856968559632
2023-06-21,Base Min-Variance,-0.001846855424245853
2023-06-22,Base Min-Variance,0.007975066057573444
2023-06-23,Base Min-Variance,-0.004835006041808871
2023-06-26,Base Min-Variance,0.0006500439100222642
2023-06-27,Base Min-Variance,0.0029457810179327024
2023-06-28,Base Min-Variance,-0.0033673580523902514
2023-06-29,Base Min-Variance,-0.00022861706772994413
2023-06-30,Base Min-Variance,0.006839993701864255
2023-07-03,Base Min-Variance,0.0035176908866559743
2023-07-05,Base Min-Variance,0.001901353776219533
2023-07-06,Base Min-Variance,-0.008190815251024613
2023-07-07,Base Min-Variance,-0.01383626699888303
2023-07-10,Base Min-Variance,0.0009658825257632413
2023-07-11,Base Min-Variance,0.009476607537860166
2023-07-12,Base Min-Variance,-0.0029544258301641515
2023-07-13,Base Min-Variance,0.0014646459738673037
2023-07-14,Base Min-Variance,0.0030874212797518848
2023-07-17,Base Min-Variance,-0.004974011381840347
2023-07-18,Base Min-Variance,0.001001098915007799
2023-07-19,Base Min-Variance,0.0071819617385442585
2023-07-20,Base Min-Variance,0.015609905133145446
2023-07-21,Base Min-Variance,0.006091250175131412
2023-07-24,Base Min-Variance,0.0012714306253980491
2023-07-25,Base Min-Variance,-0.0026245409587388833
2023-07-26,Base Min-Variance,0.0030887809886583216
2023-07-27,Base Min-Variance,-0.006898080478941167
2023-07-28,Base Min-Variance,0.002577229428356281
2023-07-31,Base Min-Variance,-0.0040632748797199076
2023-08-01,Base Min-Variance,-0.005428850972339584
2023-08-02,Base Min-Variance,-0.008774441384653187
2023-08-03,Base Min-Variance,-0.006950620352472643
2023-08-04,Base Min-Variance,-0.005437962500445172
2023-08-07,Base Min-Variance,0.012056065636399283
2023-08-08,Base Min-Variance,-0.003796253725794859
2023-08-09,Base Min-Variance,0.0022426993027537443
2023-08-10,Base Min-Variance,-0.002062432173860126
2023-08-11,Base Min-Variance,0.006184238483162923
2023-08-14,Base Min-Variance,-0.00044104107978530584
2023-08-15,Base Min-Variance,-0.006265016707610517
2023-08-16,Base Min-Variance,-0.0026889711921976355
2023-08-17,Base Min-Variance,-0.005725687377815987
2023-08-18,Base Min-Variance,0.003711533212868012
2023-08-21,Base Min-Variance,-0.0029535756879231698
2023-08-22,Base Min-Variance,-0.006025860946399461
2023-08-23,Base Min-Variance,0.01104785799657884
2023-08-24,Base Min-Variance,-0.009585422533768675
2023-08-25,Base Min-Variance,0.0025840640627654977
2023-08-28,Base Min-Variance,0.002854713101525454
2023-08-29,Base Min-Variance,0.005495120946416249
2023-08-30,Base Min-Variance,0.0018674140229154022
2023-08-31,Base Min-Variance,-0.005022084609726181
2023-09-01,Base Min-Variance,0.0006444403557556121
2023-09-05,Base Min-Variance,-0.009617509150626372
2023-09-06,Base Min-Variance,-0.0025773636631912502
2023-09-07,Base Min-Variance,0.006620957954234989
2023-09-08,Base Min-Variance,0.0038724501985150945
2023-09-11,Base Min-Variance,0.003163521713313766
2023-09-12,Base Min-Variance,-0.0012807911811238888
2023-09-13,Base Min-Variance,0.00016622552449866058
2023-09-14,Base Min-Variance,0.008490436451758608
2023-09-15,Base Min-Variance,-0.008894199030701978
2023-09-18,Base Min-Variance,0.0007052828152438476
2023-09-19,Base Min-Variance,0.00033013935208486925
2023-09-20,Base Min-Variance,0.001427604793162353
2023-09-21,Base Min-Variance,-0.014006541161071022
2023-09-22,Base Min-Variance,-0.0017569698012998493
2023-09-25,Base Min-Variance,-0.0010876675257057867
2023-09-26,Base Min-Variance,-0.006280577946048688
2023-09-27,Base Min-Variance,-0.006273698820689483
2023-09-28,Base Min-Variance,0.002432673166635889
2023-09-29,Base Min-Variance,-0.005223820924408243
2023-10-02,Base Min-Variance,-0.006756520740363341
2023-10-03,Base Min-Variance,-0.00783071451387736
2023-10-04,Base Min-Variance,0.006149869172286902
2023-10-05,Base Min-Variance,-0.008571394536177555
2023-10-06,Base Min-Variance,0.0037078392220057147
2023-10-09,Base Min-Variance,0.004925306281471856
2023-10-10,Base Min-Variance,0.008718704678811076
2023-10-11,Base Min-Variance,0.0027877640720940632
2023-10-12,Base Min-Variance,-0.0034052856996366083
2023-10-13,Base Min-Variance,0.0029099131150556743
2023-10-16,Base Min-Variance,0.005696297776558197
2023-10-17,Base Min-Variance,0.004339699867958861
2023-10-18,Base Min-Variance,-0.007630264344814195
2023-10-19,Base Min-Variance,-0.006329975457953029
2023-10-20,Base Min-Variance,-0.00012625021668052688
2023-10-23,Base Min-Variance,-0.0037808291311012122
2023-10-24,Base Min-Variance,0.013701890998062946
2023-10-25,Base Min-Variance,-0.0021257941828361675
2023-10-26,Base Min-Variance,-0.0019214791396517474
2023-10-27,Base Min-Variance,-0.016872431036842144
2023-10-30,Base Min-Variance,0.0035052114318827724
2023-10-31,Base Min-Variance,0.006020065504403221
2023-11-01,Base Min-Variance,0.004026635023818276
2023-11-02,Base Min-Variance,0.014660922857073194
2023-11-03,Base Min-Variance,0.0017281275483808523
2023-11-06,Base Min-Variance,0.000932690781194782
2023-11-07,Base Min-Variance,0.0014767104727841747
2023-11-08,Base Min-Variance,-0.0008034426445392166
2023-11-09,Base Min-Variance,-0.009925694450130905
2023-11-10,Base Min-Variance,0.004868452151154857
2023-11-13,Base Min-Variance,0.0031667258558572696
2023-11-14,Base Min-Variance,0.007513611011460882
2023-11-15,Base Min-Variance,0.0034308721237694133
2023-11-16,Base Min-Variance,-0.014709784297732996
2023-11-17,Base Min-Variance,7.932790972134732e-06
2023-11-20,Base Min-Variance,0.004111741807611483
2023-11-21,Base Min-Variance,0.003255614661890502
2023-11-22,Base Min-Variance,-0.0007534104961498446
2023-11-24,Base Min-Variance,0.00444869603295071
2023-11-27,Base Min-Variance,0.00046029041577923886
2023-11-28,Base Min-Variance,-0.0004033409920124525
2023-11-29,Base Min-Variance,-0.001667849693270143
2023-11-30,Base Min-Variance,0.008905000750500812
2023-12-01,Base Min-Variance,0.0034076792624342695
2023-12-04,Base Min-Variance,0.00132595303820926
2023-12-05,Base Min-Variance,0.0030378791979503526
2023-12-06,Base Min-Variance,-0.0030399302099085993
2023-12-07,Base Min-Variance,0.00021902455163836038
2023-12-08,Base Min-Variance,-0.0021643530860300853
2023-12-11,Base Min-Variance,0.006513031136075842
2023-12-12,Base Min-Variance,0.0037607756870400434
2023-12-13,Base Min-Variance,0.014923651194991991
2023-12-14,Base Min-Variance,-0.0030966179315325302
2023-12-15,Base Min-Variance,-0.004302005768415782
2023-12-18,Base Min-Variance,0.003781290237656652
2023-12-19,Base Min-Variance,0.00395188268822237
2023-12-20,Base Min-Variance,-0.01302110844444349
2023-12-21,Base Min-Variance,0.007634028637155075
2023-12-22,Base Min-Variance,0.006568779143998047
2023-12-26,Base Min-Variance,0.003272792780559825
2023-12-27,Base Min-Variance,0.0037190068314369093
2023-12-28,Base Min-Variance,0.0019180217049502815
2023-12-29,Base Min-Variance,-0.00027458139715278514
2021-01-04,Naive Contrarian,0.0067266300768375935
2021-01-05,Naive Contrarian,0.0002368586832287873
2021-01-06,Naive Contrarian,0.008597945287841203
2021-01-07,Naive Contrarian,0.008892074508317645
2021-01-08,Naive Contrarian,-0.0036751782683363
2021-01-11,Naive Contrarian,-0.003058513072602776
2021-01-12,Naive Contrarian,-0.00248336535251265
2021-01-13,Naive Contrarian,-0.0067556012214701165
2021-01-14,Naive Contrarian,0.005054685793581935
2021-01-15,Naive Contrarian,-0.002436494070710868
2021-01-19,Naive Contrarian,0.010420556494197318
2021-01-20,Naive Contrarian,0.01823525340741548
2021-01-21,Naive Contrarian,-0.010442839321841013
2021-01-22,Naive Contrarian,-0.000591795923326247
2021-01-25,Naive Contrarian,0.005403743329005888
2021-01-26,Naive Contrarian,-0.003489620948504868
2021-01-27,Naive Contrarian,-0.01982359898010501
2021-01-28,Naive Contrarian,-0.0008381212370929742
2021-01-29,Naive Contrarian,-0.004341661106269455
2021-02-01,Naive Contrarian,-0.0003964147482876162
2021-02-02,Naive Contrarian,0.005898587052962211
2021-02-03,Naive Contrarian,-0.002352327863318488
2021-02-04,Naive Contrarian,0.004242632601555284
2021-02-05,Naive Contrarian,0.015489203681411552
2021-02-08,Naive Contrarian,0.0024632039271730625
2021-02-09,Naive Contrarian,-0.001147254414738515
2021-02-10,Naive Contrarian,-0.006339781994882373
2021-02-11,Naive Contrarian,-0.005124765817715024
2021-02-12,Naive Contrarian,0.003931470014879155
2021-02-16,Naive Contrarian,-0.00993825972206036
2021-02-17,Naive Contrarian,0.006914676105999819
2021-02-18,Naive Contrarian,-0.011581768912676958
2021-02-19,Naive Contrarian,-0.00763993020151437
2021-02-22,Naive Contrarian,0.0007946819018785855
2021-02-23,Naive Contrarian,-0.006625044791302468
2021-02-24,Naive Contrarian,-0.0007846461304082996
2021-02-25,Naive Contrarian,-0.008106598100521027
2021-02-26,Naive Contrarian,-0.018064794883985238
2021-03-01,Naive Contrarian,0.00921143736514158
2021-03-02,Naive Contrarian,0.0009532227969099966
2021-03-03,Naive Contrarian,-0.0121013921984951
2021-03-04,Naive Contrarian,-0.0037733976231731354
2021-03-05,Naive Contrarian,0.014318993776356214
2021-03-08,Naive Contrarian,-0.004329380787655891
2021-03-09,Naive Contrarian,0.005512439550947848
2021-03-10,Naive Contrarian,0.006681682289876759
2021-03-11,Naive Contrarian,-0.001329995486966444
2021-03-12,Naive Contrarian,0.0035764845545467466
2021-03-15,Naive Contrarian,0.011138738510569693
2021-03-16,Naive Contrarian,0.005645047435550485
2021-03-17,Naive Contrarian,-0.01562156185080382
2021-03-18,Naive Contrarian,-0.006644393532221335
2021-03-19,Naive Contrarian,-0.003760483761376873
2021-03-22,Naive Contrarian,0.014487549031533114
2021-03-23,Naive Contrarian,0.0008686214566333611
2021-03-24,Naive Contrarian,-0.008162073260603591
2021-03-25,Naive Contrarian,0.003802138456998204
2021-03-26,Naive Contrarian,0.01662841090264896
2021-03-29,Naive Contrarian,0.010860756188562741
2021-03-30,Naive Contrarian,-0.004953426514437547
2021-03-31,Naive Contrarian,0.0007542763480381373
2021-04-01,Naive Contrarian,0.010090135600237355
2021-04-05,Naive Contrarian,0.012651800226374039
2021-04-06,Naive Contrarian,0.0013625290364931988
2021-04-07,Naive Contrarian,-0.0004814997386764072
2021-04-08,Naive Contrarian,-0.0020957031372913796
2021-04-09,Naive Contrarian,0.002746322838993341
2021-04-12,Naive Contrarian,0.0006872436246480619
2021-04-13,Naive Contrarian,0.002085264187501827
2021-04-14,Naive Contrarian,-0.001986997118089465
2021-04-15,Naive Contrarian,0.006776335444103908
2021-04-16,Naive Contrarian,0.0009432291840244936
2021-04-19,Naive Contrarian,-0.0005221465714228028
2021-04-20,Naive Contrarian,0.004979590561833569
2021-04-21,Naive Contrarian,0.004063639684643696
2021-04-22,Naive Contrarian,0.00783286568130066
2021-04-23,Naive Contrarian,0.0013976215157238164
2021-04-26,Naive Contrarian,-0.007383969581266928
2021-04-27,Naive Contrarian,-0.006415428246591954
2021-04-28,Naive Contrarian,0.00024110199707309593
2021-04-29,Naive Contrarian,0.009889248447640312
2021-04-30,Naive Contrarian,-0.001836333446967837
2021-05-03,Naive Contrarian,0.00653803461248148
2021-05-04,Naive Contrarian,-0.0050209395282698535
2021-05-05,Naive Contrarian,-0.0005953879447200314
2021-05-06,Naive Contrarian,0.007110418503078446
2021-05-07,Naive Contrarian,0.0014597658981883562
2021-05-10,Naive Contrarian,0.006015467028384803
2021-05-11,Naive Contrarian,-0.008971521412681177
2021-05-12,Naive Contrarian,-0.013584589986963738
2021-05-13,Naive Contrarian,0.011978072170294072
2021-05-14,Naive Contrarian,0.0014011080553869295
2021-05-17,Naive Contrarian,-0.00171369452616674
2021-05-18,Naive Contrarian,-0.007362674473190984
2021-05-19,Naive Contrarian,-2.8794895798105282e-05
2021-05-20,Naive Contrarian,0.00974522158019467
2021-05-21,Naive Contrarian,0.0007182130794213863
2021-05-24,Naive Contrarian,-0.0033137641987318425
2021-05-25,Naive Contrarian,-0.007378695934491711
2021-05-26,Naive Contrarian,0.0007854413146086972
2021-05-27,Naive Contrarian,-0.004633659683964823
2021-05-28,Naive Contrarian,0.00220244556327576
2021-06-01,Naive Contrarian,-0.004450422722259461
2021-06-02,Naive Contrarian,-9.855489801487735e-05
2021-06-03,Naive Contrarian,0.006113441528590431
2021-06-04,Naive Contrarian,0.004844290767519226
2021-06-07,Naive Contrarian,-0.003916659181098795
2021-06-08,Naive Contrarian,-0.006496395402091376
2021-06-09,Naive Contrarian,0.004930773923290897
2021-06-10,Naive Contrarian,0.009545756175712497
2021-06-11,Naive Contrarian,0.002525213630722158
2021-06-14,Naive Contrarian,0.0015048994930982789
2021-06-15,Naive Contrarian,-0.005132410083900844
2021-06-16,Naive Contrarian,-0.011354223209212259
2021-06-17,Naive Contrarian,0.0028340804255079875
2021-06-18,Naive Contrarian,-0.012278682220423425
2021-06-21,Naive Contrarian,0.009485544549220248
2021-06-22,Naive Contrarian,0.00010027171143263034
2021-06-23,Naive Contrarian,-0.0068448823777365435
2021-06-24,Naive Contrarian,0.0055977340085584665
2021-06-25,Naive Contrarian,0.011313503268653165
2021-06-28,Naive Contrarian,0.0006754432722877301
2021-06-29,Naive Contrarian,-0.0036278975962611305
2021-06-30,Naive Contrarian,0.010621358326889426
2021-07-01,Naive Contrarian,0.0009505144043857982
2021-07-02,Naive Contrarian,0.0056611804209836135
2021-07-06,Naive Contrarian,-0.0015301780003769058
2021-07-07,Naive Contrarian,0.002908417863807082
2021-07-08,Naive Contrarian,-0.005100736730391214
2021-07-09,Naive Contrarian,0.0066909150136449875
2021-07-12,Naive Contrarian,0.0010765197651827212
2021-07-13,Naive Contrarian,-0.0008818691245895113
2021-07-14,Naive Contrarian,0.0046856542608719395
2021-07-15,Naive Contrarian,0.0006507378883716323
2021-07-16,Naive Contrarian,-0.0006889441576995192
2021-07-19,Naive Contrarian,-0.012448862131839492
2021-07-20,Naive Contrarian,0.00548565447482703
2021-07-21,Naive Contrarian,-0.0018422787804987083
2021-07-22,Naive Contrarian,0.001057766670842376
2021-07-23,Naive Contrarian,0.011501174035192865
2021-07-26,Naive Contrarian,0.001025968628734211
2021-07-27,Naive Contrarian,0.0008228706601176976
2021-07-28,Naive Contrarian,-0.0035740706678641515
2021-07-29,Naive Contrarian,-0.0017902697454395939
2021-07-30,Naive Contrarian,-0.0014119557550372572
2021-08-02,Naive Contrarian,-0.0015835228468559534
2021-08-03,Naive Contrarian,-0.0002900232011583681
2021-08-04,Naive Contrarian,-0.008645397973177395
2021-08-05,Naive Contrarian,0.004538011350506392
2021-08-06,Naive Contrarian,-0.00013782944068337994
2021-08-09,Naive Contrarian,0.00112786337085367
2021-08-10,Naive Contrarian,0.005203137108866097
2021-08-11,Naive Contrarian,0.004646042208410828
2021-08-12,Naive Contrarian,0.0026975047349382052
2021-08-13,Naive Contrarian,0.003693565183304687
2021-08-16,Naive Contrarian,0.006185631758644665
2021-08-17,Naive Contrarian,0.0028375984846345965
2021-08-18,Naive Contrarian,-0.011031940107875043
2021-08-19,Naive Contrarian,0.001419919915505334
2021-08-20,Naive Contrarian,0.003505060114799059
2021-08-23,Naive Contrarian,-0.001446731268064326
2021-08-24,Naive Contrarian,-0.004922732259129837
2021-08-25,Naive Contrarian,-0.0034784091460263312
2021-08-26,Naive Contrarian,-0.0064954968583751755
2021-08-27,Naive Contrarian,0.002190023475619941
2021-08-30,Naive Contrarian,0.003336544017878677
2021-08-31,Naive Contrarian,0.004604704976361802
2021-09-01,Naive Contrarian,-0.0022954241685001625
2021-09-02,Naive Contrarian,0.0072841211880944595
2021-09-03,Naive Contrarian,-0.0003362663502618896
2021-09-07,Naive Contrarian,-0.01355820843218392
2021-09-08,Naive Contrarian,0.0014998391731063034
2021-09-09,Naive Contrarian,-0.01068101324805544
2021-09-10,Naive Contrarian,-0.007178563417466566
2021-09-13,Naive Contrarian,0.00016128760223877315
2021-09-14,Naive Contrarian,-0.005568602466746943
2021-09-15,Naive Contrarian,0.00351000690497749
2021-09-16,Naive Contrarian,-0.0037141269259053514
2021-09-17,Naive Contrarian,-0.005139989161140491
2021-09-20,Naive Contrarian,-0.009787242425942241
2021-09-21,Naive Contrarian,-0.0034113685424966523
2021-09-22,Naive Contrarian,0.0014825868095252126
2021-09-23,Naive Contrarian,0.005952945773579912
2021-09-24,Naive Contrarian,-0.001344757252647225
2021-09-27,Naive Contrarian,-0.000872272460887867
2021-09-28,Naive Contrarian,-0.007714796766629353
2021-09-29,Naive Contrarian,0.009001135387109581
2021-09-30,Naive Contrarian,-0.0074869708056066195
2021-10-01,Naive Contrarian,0.020357904048089508
2021-10-04,Naive Contrarian,0.004439607735624728
2021-10-05,Naive Contrarian,-0.0013394409279874526
2021-10-06,Naive Contrarian,-0.00048664894431920314
2021-10-07,Naive Contrarian,0.0067742829517537
2021-10-08,Naive Contrarian,-0.004968603712886541
2021-10-11,Naive Contrarian,-0.006302823930271942
2021-10-12,Naive Contrarian,0.002248143050626349
2021-10-13,Naive Contrarian,0.002440221778664597
2021-10-14,Naive Contrarian,0.007473032332081052
2021-10-15,Naive Contrarian,-0.0034959982187337145
2021-10-18,Naive Contrarian,-0.0017882824982590848
2021-10-19,Naive Contrarian,0.013342242520634184
2021-10-20,Naive Contrarian,0.010887080515094774
2021-10-21,Naive Contrarian,0.007461170041473546
2021-10-22,Naive Contrarian,0.002946782747667621
2021-10-25,Naive Contrarian,0.0031064415045634784
2021-10-26,Naive Contrarian,0.0030076762152585787
2021-10-27,Naive Contrarian,-0.011210743992936981
2021-10-28,Naive Contrarian,0.01968677417757505
2021-10-29,Naive Contrarian,-0.0004110154169011577
2021-11-01,Naive Contrarian,0.003977446804311423
2021-11-02,Naive Contrarian,0.0019994815201065485
2021-11-03,Naive Contrarian,0.0007490482614194986
2021-11-04,Naive Contrarian,-0.00063345562513404
2021-11-05,Naive Contrarian,-0.008314372246992103
2021-11-08,Naive Contrarian,0.0014444781744273089
2021-11-09,Naive Contrarian,0.000245160251112433
2021-11-10,Naive Contrarian,0.0014222629996421808
2021-11-11,Naive Contrarian,-0.00013420217124674296
2021-11-12,Naive Contrarian,0.0021708941312599084
2021-11-15,Naive Contrarian,-0.0005998762843360888
2021-11-16,Naive Contrarian,-0.005734917683461574
2021-11-17,Naive Contrarian,-0.0025554425152637425
2021-11-18,Naive Contrarian,-0.0029048783771366037
2021-11-19,Naive Contrarian,-0.005876531838382601
2021-11-22,Naive Contrarian,0.0041936161499884815
2021-11-23,Naive Contrarian,0.0032329372978304747
2021-11-24,Naive Contrarian,0.0009149009406162125
2021-11-26,Naive Contrarian,-0.01170318217157993
2021-11-29,Naive Contrarian,0.0031046864243163977
2021-11-30,Naive Contrarian,-0.024046241818210412
2021-12-01,Naive Contrarian,-0.014501640031611552
2021-12-02,Naive Contrarian,0.011668093446453563
2021-12-03,Naive Contrarian,0.01042158387704038
2021-12-06,Naive Contrarian,0.010270082785126412
2021-12-07,Naive Contrarian,0.0021659019483994645
2021-12-08,Naive Contrarian,-0.0003907349215176029
2021-12-09,Naive Contrarian,-0.0008783618863895024
2021-12-10,Naive Contrarian,0.009023365082796525
2021-12-13,Naive Contrarian,0.006447643657055153
2021-12-14,Naive Contrarian,0.0019469818926533067
2021-12-15,Naive Contrarian,0.010559616238481884
2021-12-16,Naive Contrarian,0.009007848212007792
2021-12-17,Naive Contrarian,-0.015899375715957918
2021-12-20,Naive Contrarian,0.004607843091962514
2021-12-21,Naive Contrarian,0.0027715521456800375
2021-12-22,Naive Contrarian,0.004589294136164312
2021-12-23,Naive Contrarian,0.001095584334984201
2021-12-27,Naive Contrarian,0.009354876271463187
2021-12-28,Naive Contrarian,0.006525165953632329
2021-12-29,Naive Contrarian,0.0007100635063788614
2021-12-30,Naive Contrarian,0.001345746010348636
2021-12-31,Naive Contrarian,0.0006993095255931321
2022-01-03,Naive Contrarian,0.0006931852123682432
2022-01-04,Naive Contrarian,-0.0013818586205263962
2022-01-05,Naive Contrarian,-0.0023692058455757475
2022-01-06,Naive Contrarian,-0.004046103144887031
2022-01-07,Naive Contrarian,0.0024193038463015755
2022-01-10,Naive Contrarian,-0.0009544075779406138
2022-01-11,Naive Contrarian,0.00378788875547272
2022-01-12,Naive Contrarian,0.001281290934844078
2022-01-13,Naive Contrarian,-0.0004141314359942011
2022-01-14,Naive Contrarian,-0.0028721671918613186
2022-01-18,Naive Contrarian,-0.01060539873922095
2022-01-19,Naive Contrarian,0.0007144807811825457
2022-01-20,Naive Contrarian,-0.011489676858778997
2022-01-21,Naive Contrarian,-0.005136709535254691
2022-01-24,Naive Contrarian,-0.004182236790105631
2022-01-25,Naive Contrarian,-0.007273645728028573
2022-01-26,Naive Contrarian,-0.009280801029578317
2022-01-27,Naive Contrarian,0.000847658647709801
2022-01-28,Naive Contrarian,0.012363441910562326
2022-01-31,Naive Contrarian,0.010294257800763488
2022-02-01,Naive Contrarian,-0.00016387407614969836
2022-02-02,Naive Contrarian,0.00763216194539234
2022-02-03,Naive Contrarian,-0.0095910144899742
2022-02-04,Naive Contrarian,-0.0023992899442743464
2022-02-07,Naive Contrarian,1.618885820669916e-05
2022-02-08,Naive Contrarian,-0.0025676908641294807
2022-02-09,Naive Contrarian,0.006690968481549703
2022-02-10,Naive Contrarian,-0.015265269634651671
2022-02-11,Naive Contrarian,-0.004045656186884401
2022-02-14,Naive Contrarian,-0.008589236264577754
2022-02-15,Naive Contrarian,0.005637119011457574
2022-02-16,Naive Contrarian,-0.002552609255405486
2022-02-17,Naive Contrarian,-0.010852827471124479
2022-02-18,Naive Contrarian,-0.005413185295147802
2022-02-22,Naive Contrarian,-0.005887192878852436
2022-02-23,Naive Contrarian,-0.005078119660645571
2022-02-24,Naive Contrarian,-0.0014571476705595003
2022-02-25,Naive Contrarian,0.025116587293977363
2022-02-28,Naive Contrarian,-0.003162368723324391
2022-03-01,Naive Contrarian,0.0010902557290471226
2022-03-02,Naive Contrarian,0.013085588928717733
2022-03-03,Naive Contrarian,0.008949280106403196
2022-03-04,Naive Contrarian,0.0073276919253558795
2022-03-07,Naive Contrarian,-0.012129410287584156
2022-03-08,Naive Contrarian,-0.010429469470557373
2022-03-09,Naive Contrarian,0.0025163956895951248
2022-03-10,Naive Contrarian,0.0028097782416495265
2022-03-11,Naive Contrarian,-0.005636582054903813
2022-03-14,Naive Contrarian,-0.003215644769183208
2022-03-15,Naive Contrarian,0.005879834104529326
2022-03-16,Naive Contrarian,0.0046862678552679424
2022-03-17,Naive Contrarian,0.012451649662908558
2022-03-18,Naive Contrarian,0.0033088783111442375
2022-03-21,Naive Contrarian,0.002156019707641216
2022-03-22,Naive Contrarian,0.003251672375404926
2022-03-23,Naive Contrarian,-0.009249543104238533
2022-03-24,Naive Contrarian,0.006259383629462612
2022-03-25,Naive Contrarian,0.006302915841254029
2022-03-28,Naive Contrarian,0.006180757260180712
2022-03-29,Naive Contrarian,0.012517007227420685
2022-03-30,Naive Contrarian,0.0011910618980837929
2022-03-31,Naive Contrarian,-0.010221112269169236
2022-04-01,Naive Contrarian,0.009799846692637181
2022-04-04,Naive Contrarian,0.0004695137714241079
2022-04-05,Naive Contrarian,-0.0014835765905049695
2022-04-06,Naive Contrarian,0.010683689400429717
2022-04-07,Naive Contrarian,0.0023828018031260643
2022-04-08,Naive Contrarian,0.005367646363941177
2022-04-11,Naive Contrarian,-0.016227277718783368
2022-04-12,Naive Contrarian,0.007963194813526621
2022-04-13,Naive Contrarian,0.006434581688857393
2022-04-14,Naive Contrarian,0.0005475952120755442
2022-04-18,Naive Contrarian,-0.0026638555137566506
2022-04-19,Naive Contrarian,0.006217767644096983
2022-04-20,Naive Contrarian,0.0027494481507466728
2022-04-21,Naive Contrarian,-0.01584828759062679
2022-04-22,Naive Contrarian,-0.012204916998607113
2022-04-25,Naive Contrarian,-0.004977728873163069
2022-04-26,Naive Contrarian,-0.014971556803946797
2022-04-27,Naive Contrarian,-0.003247906271092395
2022-04-28,Naive Contrarian,0.020305358516202514
2022-04-29,Naive Contrarian,-0.03337862487637892
2022-05-02,Naive Contrarian,-0.00024952032575600706
2022-05-03,Naive Contrarian,0.002510188999877582
2022-05-04,Naive Contrarian,0.02396144494041403
2022-05-05,Naive Contrarian,-0.01600424207545538
2022-05-06,Naive Contrarian,-0.007215741890623238
2022-05-09,Naive Contrarian,-0.02286498478132084
2022-05-10,Naive Contrarian,-0.00980761844485333
2022-05-11,Naive Contrarian,0.012059347474404007
2022-05-12,Naive Contrarian,0.004710602944626795
2022-05-13,Naive Contrarian,0.013744180473923243
2022-05-16,Naive Contrarian,0.00849393210238164
2022-05-17,Naive Contrarian,0.0029071839657304425
2022-05-18,Naive Contrarian,-0.02414304022081147
2022-05-19,Naive Contrarian,-0.007052619119505053
2022-05-20,Naive Contrarian,0.0022254575393227593
2022-05-23,Naive Contrarian,0.022268956604669248
2022-05-24,Naive Contrarian,0.010238662204140157
2022-05-25,Naive Contrarian,0.0032898126815829928
2022-05-26,Naive Contrarian,0.00643571110274718
2022-05-27,Naive Contrarian,0.011130399560310193
2022-05-31,Naive Contrarian,-0.012792311345887288
2022-06-01,Naive Contrarian,-0.004482061247859482
2022-06-02,Naive Contrarian,0.010298276964885176
2022-06-03,Naive Contrarian,-0.008166852938461333
2022-06-06,Naive Contrarian,-0.0006570467479688853
2022-06-07,Naive Contrarian,0.00694473723233994
2022-06-08,Naive Contrarian,-0.012990685565554091
2022-06-09,Naive Contrarian,-0.026044016965812128
2022-06-10,Naive Contrarian,-0.009265768197220308
2022-06-13,Naive Contrarian,-0.03547885462658177
2022-06-14,Naive Contrarian,-0.016296725400679272
2022-06-15,Naive Contrarian,0.0032437313708510024
2022-06-16,Naive Contrarian,-0.0046943112429607935
2022-06-17,Naive Contrarian,-0.006416822074164805
2022-06-21,Naive Contrarian,0.016191215785358815
2022-06-22,Naive Contrarian,-0.0010916282588467891
2022-06-23,Naive Contrarian,0.009825909770366726
2022-06-24,Naive Contrarian,0.016492512144662276
2022-06-27,Naive Contrarian,-0.007213408827547057
2022-06-28,Naive Contrarian,-0.011085510958781221
2022-06-29,Naive Contrarian,-0.0015501788541545942
2022-06-30,Naive Contrarian,-0.009057685258479697
2022-07-01,Naive Contrarian,0.01664221135575973
2022-07-05,Naive Contrarian,-0.009107653656328523
2022-07-06,Naive Contrarian,0.0028810735813688945
2022-07-07,Naive Contrarian,0.0006859832789240343
2022-07-08,Naive Contrarian,-0.0037343099255419043
2022-07-11,Naive Contrarian,0.004415538042110535
2022-07-12,Naive Contrarian,-0.004853378174865232
2022-07-13,Naive Contrarian,-0.000953318812500414
2022-07-14,Naive Contrarian,-0.009528785598726316
2022-07-15,Naive Contrarian,0.009885511692632002
2022-07-18,Naive Contrarian,-0.01721583533619833
2022-07-19,Naive Contrarian,0.011425372649331246
2022-07-20,Naive Contrarian,-0.013087408412580404
2022-07-21,Naive Contrarian,0.0006244718105137762
2022-07-22,Naive Contrarian,0.0010668843252986497
2022-07-25,Naive Contrarian,-0.0032328075591347787
2022-07-26,Naive Contrarian,0.004087101884760554
2022-07-27,Naive Contrarian,-0.001695144029092851
2022-07-28,Naive Contrarian,0.004603755831248573
2022-07-29,Naive Contrarian,0.0025989848996869334
2022-08-01,Naive Contrarian,-0.0028803876261452757
2022-08-02,Naive Contrarian,-0.005429148751442971
2022-08-03,Naive Contrarian,0.023906326711266652
2022-08-04,Naive Contrarian,-0.002246699169384161
2022-08-05,Naive Contrarian,-0.0092431687815961
2022-08-08,Naive Contrarian,0.0036278423601137514
2022-08-09,Naive Contrarian,3.316498060283839e-05
2022-08-10,Naive Contrarian,0.014626945874535219
2022-08-11,Naive Contrarian,-0.0025398368446962636
2022-08-12,Naive Contrarian,0.015170767925538464
2022-08-15,Naive Contrarian,0.017910990117494658
2022-08-16,Naive Contrarian,0.007591948676499639
2022-08-17,Naive Contrarian,-0.009149147385029232
2022-08-18,Naive Contrarian,-0.004298402513031464
2022-08-19,Naive Contrarian,-0.004344190547956107
2022-08-22,Naive Contrarian,-0.014811124982501058
2022-08-23,Naive Contrarian,-0.007388411601423444
2022-08-24,Naive Contrarian,-0.0008074265214543695
2022-08-25,Naive Contrarian,0.005208085191677286
2022-08-26,Naive Contrarian,-0.01688146679102216
2022-08-29,Naive Contrarian,-0.004558692157531294
2022-08-30,Naive Contrarian,-0.009306096204572024
2022-08-31,Naive Contrarian,0.0004607469570359754
2022-09-01,Naive Contrarian,0.013848412254684524
2022-09-02,Naive Contrarian,-0.009366181409251929
2022-09-06,Naive Contrarian,-0.002625147132026698
2022-09-07,Naive Contrarian,0.01904831716207001
2022-09-08,Naive Contrarian,0.0032432378567088214
2022-09-09,Naive Contrarian,0.007020655577144648
2022-09-12,Naive Contrarian,0.015572279823182785
2022-09-13,Naive Contrarian,-0.031181820251614492
2022-09-14,Naive Contrarian,0.006797556418468835
2022-09-15,Naive Contrarian,-0.008121320908770893
2022-09-16,Naive Contrarian,0.0072632566099095405
2022-09-19,Naive Contrarian,0.0032819372469984538
2022-09-20,Naive Contrarian,-0.01592090087267453
2022-09-21,Naive Contrarian,-0.013058063999539788
2022-09-22,Naive Contrarian,0.005962640364590236
2022-09-23,Naive Contrarian,-0.015491743749525144
2022-09-26,Naive Contrarian,-0.009184540170916319
2022-09-27,Naive Contrarian,-0.0039483714944999184
2022-09-28,Naive Contrarian,0.02285878049737283
2022-09-29,Naive Contrarian,-0.013275184350197654
2022-09-30,Naive Contrarian,-0.015536968300692068
2022-10-03,Naive Contrarian,0.02658572899767274
2022-10-04,Naive Contrarian,0.021899095296466473
2022-10-05,Naive Contrarian,-0.002375425058131459
2022-10-06,Naive Contrarian,-0.0069451470569786245
2022-10-07,Naive Contrarian,-0.012961121952035318
2022-10-10,Naive Contrarian,0.0032258333083141767
2022-10-11,Naive Contrarian,0.01851392463121943
2022-10-12,Naive Contrarian,-0.005128365945617388
2022-10-13,Naive Contrarian,0.020877477251985764
2022-10-14,Naive Contrarian,-0.009206447077033775
2022-10-17,Naive Contrarian,0.011078485727963227
2022-10-18,Naive Contrarian,0.00812904802226854
2022-10-19,Naive Contrarian,-0.00787966796290729
2022-10-20,Naive Contrarian,-0.0018134543832082422
2022-10-21,Naive Contrarian,0.021469951282554356
2022-10-24,Naive Contrarian,0.01808160909033392
2022-10-25,Naive Contrarian,0.005647298647237793
2022-10-26,Naive Contrarian,0.013436973294421601
2022-10-27,Naive Contrarian,0.001864781892651009
2022-10-28,Naive Contrarian,0.0215943124046492
2022-10-31,Naive Contrarian,-0.007409738863754438
2022-11-01,Naive Contrarian,-0.001958288416483899
2022-11-02,Naive Contrarian,-0.012479711897348061
2022-11-03,Naive Contrarian,-0.0016551792632543778
2022-11-04,Naive Contrarian,0.0129529603314509
2022-11-07,Naive Contrarian,0.011545423001709272
2022-11-08,Naive Contrarian,0.005955587404426819
2022-11-09,Naive Contrarian,-0.013808762361722118
2022-11-10,Naive Contrarian,0.021976694135940285
2022-11-11,Naive Contrarian,-0.001519179447033504
2022-11-14,Naive Contrarian,0.0019590417699690468
2022-11-15,Naive Contrarian,0.005880133862654579
2022-11-16,Naive Contrarian,-0.0036144477870860667
2022-11-17,Naive Contrarian,0.004523130864279453
2022-11-18,Naive Contrarian,0.010245763241019544
2022-11-21,Naive Contrarian,0.005489297855699452
2022-11-22,Naive Contrarian,0.013426853443999302
2022-11-23,Naive Contrarian,-9.935439567478982e-05
2022-11-25,Naive Contrarian,0.0010398606208261245
2022-11-28,Naive Contrarian,-0.008565764073427582
2022-11-29,Naive Contrarian,0.004570519439995534
2022-11-30,Naive Contrarian,0.01737362949880447
2022-12-01,Naive Contrarian,0.0007465839666051584
2022-12-02,Naive Contrarian,0.002610134973090579
2022-12-05,Naive Contrarian,-0.010741981522874812
2022-12-06,Naive Contrarian,-0.011433791879011149
2022-12-07,Naive Contrarian,0.0025424086629613524
2022-12-08,Naive Contrarian,0.0046680356648874195
2022-12-09,Naive Contrarian,-0.014999678140662156
2022-12-12,Naive Contrarian,0.006249995056371118
2022-12-13,Naive Contrarian,0.005045844536930351
2022-12-14,Naive Contrarian,-0.0009344759898042006
2022-12-15,Naive Contrarian,-0.01513965397357865
2022-12-16,Naive Contrarian,-0.005960689378679829
2022-12-19,Naive Contrarian,-0.0014112406094041127
2022-12-20,Naive Contrarian,0.0014292147694531894
2022-12-21,Naive Contrarian,0.012609498034276627
2022-12-22,Naive Contrarian,-0.006077385035172523
2022-12-23,Naive Contrarian,0.007603727829266745
2022-12-27,Naive Contrarian,0.002387059238226563
2022-12-28,Naive Contrarian,-0.010199129204578496
2022-12-29,Naive Contrarian,0.007750496742912465
2022-12-30,Naive Contrarian,0.0004759288379889477
2023-01-03,Naive Contrarian,0.0012638982494002533
2023-01-04,Naive Contrarian,0.00968515468609298
2023-01-05,Naive Contrarian,-0.000629181692962676
2023-01-06,Naive Contrarian,0.016460573163999317
2023-01-09,Naive Contrarian,-0.014408484406429074
2023-01-10,Naive Contrarian,0.001467148595909427
2023-01-11,Naive Contrarian,0.0022104054494158573
2023-01-12,Naive Contrarian,-0.0043381161741328795
2023-01-13,Naive Contrarian,0.002538930065153278
2023-01-17,Naive Contrarian,-0.005619047742965909
2023-01-18,Naive Contrarian,-0.017724228986625422
2023-01-19,Naive Contrarian,-0.0032889552278509006
2023-01-20,Naive Contrarian,0.009690032607776214
2023-01-23,Naive Contrarian,0.002427566162298227
2023-01-24,Naive Contrarian,-0.0017720294911762967
2023-01-25,Naive Contrarian,-0.0009509968173690387
2023-01-26,Naive Contrarian,0.00022988462617040068
2023-01-27,Naive Contrarian,-0.004417400798944635
2023-01-30,Naive Contrarian,-0.004613653075625205
2023-01-31,Naive Contrarian,0.0068894369243082355
2023-02-01,Naive Contrarian,-0.021499888395747548
2023-02-02,Naive Contrarian,-0.006657900749574846
2023-02-03,Naive Contrarian,-0.00990575535251026
2023-02-06,Naive Contrarian,-0.0026556810092445986
2023-02-07,Naive Contrarian,0.003741497208282205
2023-02-08,Naive Contrarian,-0.009285623412560007
2023-02-09,Naive Contrarian,-0.003966792920270244
2023-02-10,Naive Contrarian,0.01014155406732565
2023-02-13,Naive Contrarian,0.007606504757492344
2023-02-14,Naive Contrarian,-0.008768846398084073
2023-02-15,Naive Contrarian,0.0021814184319341326
2023-02-16,Naive Contrarian,-0.013084554512202327
2023-02-17,Naive Contrarian,0.013592465660739177
2023-02-21,Naive Contrarian,-0.006218503676577368
2023-02-22,Naive Contrarian,-0.004279191861516675
2023-02-23,Naive Contrarian,0.0018011437506180485
2023-02-24,Naive Contrarian,-0.00997162355569656
2023-02-27,Naive Contrarian,0.0005131214428618952
2023-02-28,Naive Contrarian,-0.008357692259918137
2023-03-01,Naive Contrarian,0.004461869715072608
2023-03-02,Naive Contrarian,0.002533604142511344
2023-03-03,Naive Contrarian,0.004181636490398046
2023-03-06,Naive Contrarian,0.002714367445604715
2023-03-07,Naive Contrarian,-0.0169065625362206
2023-03-08,Naive Contrarian,-0.0023637620215224025
2023-03-09,Naive Contrarian,-0.012381436726797989
2023-03-10,Naive Contrarian,-0.0007386474713039633
2023-03-13,Naive Contrarian,0.014751015254193795
2023-03-14,Naive Contrarian,0.0006425117524761416
2023-03-15,Naive Contrarian,0.007684749518491488
2023-03-16,Naive Contrarian,0.0003280834824029203
2023-03-17,Naive Contrarian,-0.013777286672224165
2023-03-20,Naive Contrarian,0.015513296235660825
2023-03-21,Naive Contrarian,-0.004378022167381451
2023-03-22,Naive Contrarian,-0.015833248290178552
2023-03-23,Naive Contrarian,0.006753435636491701
2023-03-24,Naive Contrarian,0.019191710055723683
2023-03-27,Naive Contrarian,0.0002243995619894408
2023-03-28,Naive Contrarian,0.003462378067364452
2023-03-29,Naive Contrarian,0.009532665666422638
2023-03-30,Naive Contrarian,0.0032555280462199876
2023-03-31,Naive Contrarian,0.005606972539749664
2023-04-03,Naive Contrarian,0.011276437342982224
2023-04-04,Naive Contrarian,0.007620643457398798
2023-04-05,Naive Contrarian,0.016667213876814923
2023-04-06,Naive Contrarian,-0.0003667422747806162
2023-04-10,Naive Contrarian,-0.0023452291304237637
2023-04-11,Naive Contrarian,-0.0005223415208198332
2023-04-12,Naive Contrarian,0.00042681992756398015
2023-04-13,Naive Contrarian,0.00987677102981838
2023-04-14,Naive Contrarian,-0.004426391875231487
2023-04-17,Naive Contrarian,-0.0010420984784407677
2023-04-18,Naive Contrarian,-0.0022910481047351433
2023-04-19,Naive Contrarian,-0.0013116341840028831
2023-04-20,Naive Contrarian,-0.00536610110769845
2023-04-21,Naive Contrarian,0.004805356992856547
2023-04-24,Naive Contrarian,0.0017684237993778865
2023-04-25,Naive Contrarian,0.00036696921505113025
2023-04-26,Naive Contrarian,-0.02103175624670983
2023-04-27,Naive Contrarian,0.009394654398887042
2023-04-28,Naive Contrarian,0.002686952865521147
2023-05-01,Naive Contrarian,0.0029471100395973126
2023-05-02,Naive Contrarian,-0.0033927775919813494
2023-05-03,Naive Contrarian,-0.006287831806115767
2023-05-04,Naive Contrarian,-0.0020064346649754016
2023-05-05,Naive Contrarian,0.00830129948960593
2023-05-08,Naive Contrarian,0.00109651132959652
2023-05-09,Naive Contrarian,-0.005347072391262386
2023-05-10,Naive Contrarian,0.00019500068029010872
2023-05-11,Naive Contrarian,-8.047415098621705e-05
2023-05-12,Naive Contrarian,0.0006134155957116399
2023-05-15,Naive Contrarian,-0.0037273299013101937
2023-05-16,Naive Contrarian,-0.010760104121227757
2023-05-17,Naive Contrarian,-0.00343354818188989
2023-05-18,Naive Contrarian,0.001112592245093982
2023-05-19,Naive Contrarian,0.0017818555788980358
2023-05-22,Naive Contrarian,-0.00926426746661263
2023-05-23,Naive Contrarian,-0.004140691951296118
2023-05-24,Naive Contrarian,-0.00422224750843758
2023-05-25,Naive Contrarian,-0.010981866721394277
2023-05-26,Naive Contrarian,-0.0022524565535105867
2023-05-30,Naive Contrarian,-0.00689373564691316
2023-05-31,Naive Contrarian,0.005977705223594944
2023-06-01,Naive Contrarian,-0.0044760755579901735
2023-06-02,Naive Contrarian,0.011469501989445935
2023-06-05,Naive Contrarian,-0.00013478291821724276
2023-06-06,Naive Contrarian,-0.0028010936435305814
2023-06-07,Naive Contrarian,0.004166221056492112
2023-06-08,Naive Contrarian,0.0019358732147971088
2023-06-09,Naive Contrarian,-0.0018325276660211558
2023-06-12,Naive Contrarian,-0.0030142882621062616
2023-06-13,Naive Contrarian,0.006663789317318256
2023-06-14,Naive Contrarian,0.0018274937535338659
2023-06-15,Naive Contrarian,0.010425229780063727
2023-06-16,Naive Contrarian,0.005038603489121957
2023-06-20,Naive Contrarian,-0.011012641254486486
2023-06-21,Naive Contrarian,-0.005101746404828824
2023-06-22,Naive Contrarian,0.004473301897233625
2023-06-23,Naive Contrarian,-0.009277732678136894
2023-06-26,Naive Contrarian,0.004744721366881997
2023-06-27,Naive Contrarian,0.0039012474177845327
2023-06-28,Naive Contrarian,-0.005213546326074762
2023-06-29,Naive Contrarian,-0.001854231366157028
2023-06-30,Naive Contrarian,0.0013074551889443954
2023-07-03,Naive Contrarian,0.00373802842343589
2023-07-05,Naive Contrarian,0.00231134596332366
2023-07-06,Naive Contrarian,-0.008250599236385277
2023-07-07,Naive Contrarian,-0.013493974326634869
2023-07-10,Naive Contrarian,0.0002712191394210852
2023-07-11,Naive Contrarian,0.00988587137324563
2023-07-12,Naive Contrarian,-0.0026637030967353722
2023-07-13,Naive Contrarian,0.0028138374091366187
2023-07-14,Naive Contrarian,0.0036667414353077224
2023-07-17,Naive Contrarian,-0.00454410631222906
2023-07-18,Naive Contrarian,0.0007262667611095937
2023-07-19,Naive Contrarian,0.00809910160034888
2023-07-20,Naive Contrarian,0.014700930484948561
2023-07-21,Naive Contrarian,0.005438467910751785
2023-07-24,Naive Contrarian,0.0008989756963174323
2023-07-25,Naive Contrarian,-0.002620141245086462
2023-07-26,Naive Contrarian,0.003987319973535192
2023-07-27,Naive Contrarian,-0.008089736566000476
2023-07-28,Naive Contrarian,0.0020165113590955527
2023-07-31,Naive Contrarian,-0.004914251793049223
2023-08-01,Naive Contrarian,-0.005344428786517464
2023-08-02,Naive Contrarian,-0.00714636931531619
2023-08-03,Naive Contrarian,-0.008773103641201867
2023-08-04,Naive Contrarian,-0.0040572049981022285
2023-08-07,Naive Contrarian,0.01297190002279429
2023-08-08,Naive Contrarian,-0.004424317435707745
2023-08-09,Naive Contrarian,0.003610023091505223
2023-08-10,Naive Contrarian,-0.002488651226804993
2023-08-11,Naive Contrarian,0.004660557511712015
2023-08-14,Naive Contrarian,-0.002589616358096531
2023-08-15,Naive Contrarian,-0.005678065609663281
2023-08-16,Naive Contrarian,-0.003381318366305614
2023-08-17,Naive Contrarian,-0.006936963771273472
2023-08-18,Naive Contrarian,0.0035026701929357054
2023-08-21,Naive Contrarian,-0.003742316345474978
2023-08-22,Naive Contrarian,-0.004463969497397098
2023-08-23,Naive Contrarian,0.008227096306971153
2023-08-24,Naive Contrarian,-0.00891652868709524
2023-08-25,Naive Contrarian,0.0012379826926967165
2023-08-28,Naive Contrarian,0.004449236484109971
2023-08-29,Naive Contrarian,0.005909111659252995
2023-08-30,Naive Contrarian,0.0021438450378332133
2023-08-31,Naive Contrarian,-0.004153561604734792
2023-09-01,Naive Contrarian,0.0013569033829678146
2023-09-05,Naive Contrarian,-0.0045397842216097824
2023-09-06,Naive Contrarian,-0.0008984579628612053
2023-09-07,Naive Contrarian,0.009875511913905715
2023-09-08,Naive Contrarian,0.00371171447049104
2023-09-11,Naive Contrarian,0.003722437238454593
2023-09-12,Naive Contrarian,-0.0011992845596192612
2023-09-13,Naive Contrarian,0.002627772396983309
2023-09-14,Naive Contrarian,0.009800503067584404
2023-09-15,Naive Contrarian,-0.009092096499821678
2023-09-18,Naive Contrarian,0.00020261621417875944
2023-09-19,Naive Contrarian,0.0011609339235593688
2023-09-20,Naive Contrarian,0.0019523928641844292
2023-09-21,Naive Contrarian,-0.01199602245807246
2023-09-22,Naive Contrarian,-0.0006395352023583165
2023-09-25,Naive Contrarian,0.004486021895748065
2023-09-26,Naive Contrarian,-0.005130371148223365
2023-09-27,Naive Contrarian,-0.0027822990304264853
2023-09-28,Naive Contrarian,0.005065045802430362
2023-09-29,Naive Contrarian,-0.007652072249256644
2023-10-02,Naive Contrarian,-0.007341124976884232
2023-10-03,Naive Contrarian,-0.007000481223505586
2023-10-04,Naive Contrarian,0.005829435791075765
2023-10-05,Naive Contrarian,-0.002995592459237552
2023-10-06,Naive Contrarian,0.008331313113630192
2023-10-09,Naive Contrarian,0.006163150202343407
2023-10-10,Naive Contrarian,0.005670776101164424
2023-10-11,Naive Contrarian,0.0031728291651621247
2023-10-12,Naive Contrarian,-0.002116679358959888
2023-10-13,Naive Contrarian,0.002429951956283958
2023-10-16,Naive Contrarian,0.003224991046720166
2023-10-17,Naive Contrarian,0.004925958531520336
2023-10-18,Naive Contrarian,-0.01058947618905506
2023-10-19,Naive Contrarian,-0.011833196741307587
2023-10-20,Naive Contrarian,0.004661461793670729
2023-10-23,Naive Contrarian,-0.00520268312124026
2023-10-24,Naive Contrarian,0.010511696317421548
2023-10-25,Naive Contrarian,-0.0015598886719974656
2023-10-26,Naive Contrarian,-0.000821267570419763
2023-10-27,Naive Contrarian,-0.01846050722753821
2023-10-30,Naive Contrarian,-0.0034608185316576286
2023-10-31,Naive Contrarian,0.008267017459072924
2023-11-01,Naive Contrarian,0.0017830411871548786
2023-11-02,Naive Contrarian,0.01671384898977635
2023-11-03,Naive Contrarian,0.005666793578005274
2023-11-06,Naive Contrarian,0.0016724014128490178
2023-11-07,Naive Contrarian,0.0007318865052510364
2023-11-08,Naive Contrarian,0.002584563013102311
2023-11-09,Naive Contrarian,-0.009836574165167804
2023-11-10,Naive Contrarian,0.0011542577423870606
2023-11-13,Naive Contrarian,0.0022837486371823017
2023-11-14,Naive Contrarian,0.009693214859271018
2023-11-15,Naive Contrarian,0.00017408731057983628
2023-11-16,Naive Contrarian,0.0021479438717510757
2023-11-17,Naive Contrarian,0.00016731955039314802
2023-11-20,Naive Contrarian,0.006355944921195521
2023-11-21,Naive Contrarian,0.0031274468475587644
2023-11-22,Naive Contrarian,0.0004559520162322778
2023-11-24,Naive Contrarian,0.0034833795968925965
2023-11-27,Naive Contrarian,-0.000682223618267537
2023-11-28,Naive Contrarian,-0.004438690355010738
2023-11-29,Naive Contrarian,0.0029936130860708744
2023-11-30,Naive Contrarian,0.010160864553676902
2023-12-01,Naive Contrarian,0.005142484277265547
2023-12-04,Naive Contrarian,0.0038422360404328708
2023-12-05,Naive Contrarian,0.0007496317008264333
2023-12-06,Naive Contrarian,-0.00215639816707825
2023-12-07,Naive Contrarian,-0.0002728059513223776
2023-12-08,Naive Contrarian,-0.002343327117514479
2023-12-11,Naive Contrarian,0.008829726627276007
2023-12-12,Naive Contrarian,0.003730873069170431
2023-12-13,Naive Contrarian,0.018033072115582263
2023-12-14,Naive Contrarian,-0.00233109944963798
2023-12-15,Naive Contrarian,-0.006621077697339858
2023-12-18,Naive Contrarian,0.002293286437177712
2023-12-19,Naive Contrarian,0.003255350941419698
2023-12-20,Naive Contrarian,-0.014086521213499062
2023-12-21,Naive Contrarian,0.007359046885066827
2023-12-22,Naive Contrarian,0.006753956245935745
2023-12-26,Naive Contrarian,0.004324102992028938
2023-12-27,Naive Contrarian,0.003154891592036047
2023-12-28,Naive Contrarian,0.0023248847297979505
2023-12-29,Naive Contrarian,-0.0010755168467959809
2021-01-04,Sector-Neutral Contrarian,0.007471175332927443
2021-01-05,Sector-Neutral Contrarian,-0.0007682427031357007
2021-01-06,Sector-Neutral Contrarian,0.011466607465464454
2021-01-07,Sector-Neutral Contrarian,0.007206697428096975
2021-01-08,Sector-Neutral Contrarian,-0.003108499702418014
2021-01-11,Sector-Neutral Contrarian,-0.0011509324166111723
2021-01-12,Sector-Neutral Contrarian,-0.002395466615626033
2021-01-13,Sector-Neutral Contrarian,-0.0070739458749629665
2021-01-14,Sector-Neutral Contrarian,0.004797320094921701
2021-01-15,Sector-Neutral Contrarian,-0.001202546788467844
2021-01-19,Sector-Neutral Contrarian,0.013411173017089786
2021-01-20,Sector-Neutral Contrarian,0.015616396837030035
2021-01-21,Sector-Neutral Contrarian,-0.010216680516058762
2021-01-22,Sector-Neutral Contrarian,-0.00041938148633883024
2021-01-25,Sector-Neutral Contrarian,0.006654907059192742
2021-01-26,Sector-Neutral Contrarian,-0.0039804897964026125
2021-01-27,Sector-Neutral Contrarian,-0.01859817249775471
2021-01-28,Sector-Neutral Contrarian,-0.0020464226540023635
2021-01-29,Sector-Neutral Contrarian,-0.005391148958811026
2021-02-01,Sector-Neutral Contrarian,0.0008238897615044621
2021-02-02,Sector-Neutral Contrarian,0.005856642348014199
2021-02-03,Sector-Neutral Contrarian,-0.004297085732821088
2021-02-04,Sector-Neutral Contrarian,0.002433632201615152
2021-02-05,Sector-Neutral Contrarian,0.016057145522036433
2021-02-08,Sector-Neutral Contrarian,0.0034033767687459636
2021-02-09,Sector-Neutral Contrarian,-0.0013561781052727994
2021-02-10,Sector-Neutral Contrarian,-0.006444010052279679
2021-02-11,Sector-Neutral Contrarian,-0.005159689176072009
2021-02-12,Sector-Neutral Contrarian,0.0039967750955737765
2021-02-16,Sector-Neutral Contrarian,-0.01078193132621932
2021-02-17,Sector-Neutral Contrarian,0.0061756170509657815
2021-02-18,Sector-Neutral Contrarian,-0.009609807884921471
2021-02-19,Sector-Neutral Contrarian,-0.007832387234933725
2021-02-22,Sector-Neutral Contrarian,0.0007739882555546292
2021-02-23,Sector-Neutral Contrarian,-0.006574392606301754
2021-02-24,Sector-Neutral Contrarian,-0.0009532045399214123
2021-02-25,Sector-Neutral Contrarian,-0.008834271153203002
2021-02-26,Sector-Neutral Contrarian,-0.018509222605388786
2021-03-01,Sector-Neutral Contrarian,0.008944084829717588
2021-03-02,Sector-Neutral Contrarian,0.005022889867686765
2021-03-03,Sector-Neutral Contrarian,-0.013252269019493732
2021-03-04,Sector-Neutral Contrarian,-0.0029201198720203428
2021-03-05,Sector-Neutral Contrarian,0.015416411486089366
2021-03-08,Sector-Neutral Contrarian,-0.005178034833727436
2021-03-09,Sector-Neutral Contrarian,0.007086751575663126
2021-03-10,Sector-Neutral Contrarian,0.009337841335444606
2021-03-11,Sector-Neutral Contrarian,-0.00028100014162452103
2021-03-12,Sector-Neutral Contrarian,0.0051598790560524795
2021-03-15,Sector-Neutral Contrarian,0.01384180643568039
2021-03-16,Sector-Neutral Contrarian,0.005187503621116979
2021-03-17,Sector-Neutral Contrarian,-0.010060829702284595
2021-03-18,Sector-Neutral Contrarian,-0.0077113032813276115
2021-03-19,Sector-Neutral Contrarian,-0.002749359370819642
2021-03-22,Sector-Neutral Contrarian,0.009250331148040466
2021-03-23,Sector-Neutral Contrarian,-7.929713681101118e-05
2021-03-24,Sector-Neutral Contrarian,-0.00627769586159787
2021-03-25,Sector-Neutral Contrarian,0.002462207328163552
2021-03-26,Sector-Neutral Contrarian,0.01742965429702197
2021-03-29,Sector-Neutral Contrarian,0.010853784015439936
2021-03-30,Sector-Neutral Contrarian,-0.009450734973206613
2021-03-31,Sector-Neutral Contrarian,0.001494175427561492
2021-04-01,Sector-Neutral Contrarian,0.008520016196952031
2021-04-05,Sector-Neutral Contrarian,0.012608731702098792
2021-04-06,Sector-Neutral Contrarian,0.00047835228615275354
2021-04-07,Sector-Neutral Contrarian,-0.0009326018953862787
2021-04-08,Sector-Neutral Contrarian,-0.0020816096424426424
2021-04-09,Sector-Neutral Contrarian,0.0032402657644153504
2021-04-12,Sector-Neutral Contrarian,0.0003358941818111886
2021-04-13,Sector-Neutral Contrarian,0.002058455696135414
2021-04-14,Sector-Neutral Contrarian,-0.0014419155964036584
2021-04-15,Sector-Neutral Contrarian,0.006833197512473418
2021-04-16,Sector-Neutral Contrarian,0.002957718142759672
2021-04-19,Sector-Neutral Contrarian,-0.001471204184714554
2021-04-20,Sector-Neutral Contrarian,0.006030744309287944
2021-04-21,Sector-Neutral Contrarian,0.004583185515405621
2021-04-22,Sector-Neutral Contrarian,0.0017822618513784498
2021-04-23,Sector-Neutral Contrarian,0.0013346729923849137
2021-04-26,Sector-Neutral Contrarian,-0.007587570774743542
2021-04-27,Sector-Neutral Contrarian,-0.005863083595617464
2021-04-28,Sector-Neutral Contrarian,-0.0007537408292472908
2021-04-29,Sector-Neutral Contrarian,0.006673871268223212
2021-04-30,Sector-Neutral Contrarian,-0.0005252434698464906
2021-05-03,Sector-Neutral Contrarian,0.007858728051236084
2021-05-04,Sector-Neutral Contrarian,-0.00463132556158149
2021-05-05,Sector-Neutral Contrarian,0.0021761960714403944
2021-05-06,Sector-Neutral Contrarian,0.007009537212154036
2021-05-07,Sector-Neutral Contrarian,0.0017615418707778996
2021-05-10,Sector-Neutral Contrarian,0.004742931483014586
2021-05-11,Sector-Neutral Contrarian,-0.008568177683974262
2021-05-12,Sector-Neutral Contrarian,-0.013591963389947469
2021-05-13,Sector-Neutral Contrarian,0.011567781053911697
2021-05-14,Sector-Neutral Contrarian,0.0026604216518603834
2021-05-17,Sector-Neutral Contrarian,-0.0007443409264264811
2021-05-18,Sector-Neutral Contrarian,-0.00556699105339397
2021-05-19,Sector-Neutral Contrarian,-0.00024066349631069557
2021-05-20,Sector-Neutral Contrarian,0.009808037910962682
2021-05-21,Sector-Neutral Contrarian,-0.0012750096697597062
2021-05-24,Sector-Neutral Contrarian,-0.0016886442403632796
2021-05-25,Sector-Neutral Contrarian,-0.0059484305432882445
2021-05-26,Sector-Neutral Contrarian,0.0011478806731938414
2021-05-27,Sector-Neutral Contrarian,-0.004627410339089382
2021-05-28,Sector-Neutral Contrarian,0.001510735469630722
2021-06-01,Sector-Neutral Contrarian,-0.004264023812601285
2021-06-02,Sector-Neutral Contrarian,-0.002925172597621074
2021-06-03,Sector-Neutral Contrarian,0.006163137656866335
2021-06-04,Sector-Neutral Contrarian,0.009287318754084093
2021-06-07,Sector-Neutral Contrarian,-0.003466678687872312
2021-06-08,Sector-Neutral Contrarian,-0.005074237864694686
2021-06-09,Sector-Neutral Contrarian,0.004655330350816582
2021-06-10,Sector-Neutral Contrarian,0.008532586251803462
2021-06-11,Sector-Neutral Contrarian,0.0022002136649887424
2021-06-14,Sector-Neutral Contrarian,0.0021945254646932883
2021-06-15,Sector-Neutral Contrarian,-0.009188712260281305
2021-06-16,Sector-Neutral Contrarian,-0.01316162571990044
2021-06-17,Sector-Neutral Contrarian,0.0006429342450283483
2021-06-18,Sector-Neutral Contrarian,-0.010611835564866728
2021-06-21,Sector-Neutral Contrarian,0.009824185414752353
2021-06-22,Sector-Neutral Contrarian,-0.00037699650255549027
2021-06-23,Sector-Neutral Contrarian,-0.00862863266821232
2021-06-24,Sector-Neutral Contrarian,0.00570585148239112
2021-06-25,Sector-Neutral Contrarian,0.008061089994122101
2021-06-28,Sector-Neutral Contrarian,0.005731743002349075
2021-06-29,Sector-Neutral Contrarian,-0.0025397853703545987
2021-06-30,Sector-Neutral Contrarian,0.0068420282925602885
2021-07-01,Sector-Neutral Contrarian,0.0021830631575601557
2021-07-02,Sector-Neutral Contrarian,0.004978892873849054
2021-07-06,Sector-Neutral Contrarian,-0.002309641842061546
2021-07-07,Sector-Neutral Contrarian,0.0025703410484658844
2021-07-08,Sector-Neutral Contrarian,-0.005663937880442453
2021-07-09,Sector-Neutral Contrarian,0.006477179215181261
2021-07-12,Sector-Neutral Contrarian,0.001222979019327691
2021-07-13,Sector-Neutral Contrarian,-0.0019484763281669745
2021-07-14,Sector-Neutral Contrarian,0.004005074993459387
2021-07-15,Sector-Neutral Contrarian,0.0009941848752142172
2021-07-16,Sector-Neutral Contrarian,-0.00036424861090108077
2021-07-19,Sector-Neutral Contrarian,-0.013193132019900628
2021-07-20,Sector-Neutral Contrarian,0.004680167961631372
2021-07-21,Sector-Neutral Contrarian,-0.0020098712825423653
2021-07-22,Sector-Neutral Contrarian,0.00013968509723456278
2021-07-23,Sector-Neutral Contrarian,0.01100568452171387
2021-07-26,Sector-Neutral Contrarian,0.001053638441265047
2021-07-27,Sector-Neutral Contrarian,0.0008139832956089008
2021-07-28,Sector-Neutral Contrarian,-0.0016245505519494924
2021-07-29,Sector-Neutral Contrarian,-0.001989597664687506
2021-07-30,Sector-Neutral Contrarian,-0.0016034140212484648
2021-08-02,Sector-Neutral Contrarian,-0.0017775833490701173
2021-08-03,Sector-Neutral Contrarian,0.0007713550738333399
2021-08-04,Sector-Neutral Contrarian,-0.00852137031629635
2021-08-05,Sector-Neutral Contrarian,0.0050373371917546645
2021-08-06,Sector-Neutral Contrarian,-0.0010240421368903387
2021-08-09,Sector-Neutral Contrarian,0.001093131775594822
2021-08-10,Sector-Neutral Contrarian,0.0050439165054442835
2021-08-11,Sector-Neutral Contrarian,0.004693236646372206
2021-08-12,Sector-Neutral Contrarian,0.0026286102676394626
2021-08-13,Sector-Neutral Contrarian,0.003932015754285197
2021-08-16,Sector-Neutral Contrarian,0.006701563609833934
2021-08-17,Sector-Neutral Contrarian,0.0026439601356513104
2021-08-18,Sector-Neutral Contrarian,-0.01078663438079379
2021-08-19,Sector-Neutral Contrarian,0.0021122124364114023
2021-08-20,Sector-Neutral Contrarian,0.0038125912274592417
2021-08-23,Sector-Neutral Contrarian,-0.002237768318406823
2021-08-24,Sector-Neutral Contrarian,-0.005632602540757498
2021-08-25,Sector-Neutral Contrarian,-0.0034790477484073806
2021-08-26,Sector-Neutral Contrarian,-0.006144354957651181
2021-08-27,Sector-Neutral Contrarian,0.0016035680412619367
2021-08-30,Sector-Neutral Contrarian,0.0039123641729128696
2021-08-31,Sector-Neutral Contrarian,0.004144861868081605
2021-09-01,Sector-Neutral Contrarian,0.0008272542408847834
2021-09-02,Sector-Neutral Contrarian,0.006277789667103211
2021-09-03,Sector-Neutral Contrarian,-0.0004931400566075915
2021-09-07,Sector-Neutral Contrarian,-0.014454270287569697
2021-09-08,Sector-Neutral Contrarian,0.00349072051716295
2021-09-09,Sector-Neutral Contrarian,-0.011434075126485732
2021-09-10,Sector-Neutral Contrarian,-0.009768789479296536
2021-09-13,Sector-Neutral Contrarian,0.0015646604683984796
2021-09-14,Sector-Neutral Contrarian,-0.004652216367636757
2021-09-15,Sector-Neutral Contrarian,0.0021782171032031505
2021-09-16,Sector-Neutral Contrarian,-0.0033758659256028565
2021-09-17,Sector-Neutral Contrarian,-0.005822154471071881
2021-09-20,Sector-Neutral Contrarian,-0.009722348931302194
2021-09-21,Sector-Neutral Contrarian,-0.0033867918704446128
2021-09-22,Sector-Neutral Contrarian,0.0011179998615933491
2021-09-23,Sector-Neutral Contrarian,0.0024617917620108768
2021-09-24,Sector-Neutral Contrarian,-0.0029623590968516507
2021-09-27,Sector-Neutral Contrarian,-0.003744077748694551
2021-09-28,Sector-Neutral Contrarian,-0.00798109660339194
2021-09-29,Sector-Neutral Contrarian,0.00808700093194172
2021-09-30,Sector-Neutral Contrarian,-0.009271232183872137
2021-10-01,Sector-Neutral Contrarian,0.019580296897491304
2021-10-04,Sector-Neutral Contrarian,0.0012222224081962921
2021-10-05,Sector-Neutral Contrarian,0.0010329859669737577
2021-10-06,Sector-Neutral Contrarian,-0.0034409836459402703
2021-10-07,Sector-Neutral Contrarian,0.009294688129171242
2021-10-08,Sector-Neutral Contrarian,-0.0027184887810502126
2021-10-11,Sector-Neutral Contrarian,-0.006906862323924969
2021-10-12,Sector-Neutral Contrarian,0.000229215963398898
2021-10-13,Sector-Neutral Contrarian,0.0013389330116926074
2021-10-14,Sector-Neutral Contrarian,0.006527334012641184
2021-10-15,Sector-Neutral Contrarian,-0.001840368212092113
2021-10-18,Sector-Neutral Contrarian,-0.0002845329140371508
2021-10-19,Sector-Neutral Contrarian,0.01179576289101737
2021-10-20,Sector-Neutral Contrarian,0.009982215321747858
2021-10-21,Sector-Neutral Contrarian,0.008667207366464414
2021-10-22,Sector-Neutral Contrarian,0.0022634491663828062
2021-10-25,Sector-Neutral Contrarian,0.0042445302423446424
2021-10-26,Sector-Neutral Contrarian,0.002255478331526904
2021-10-27,Sector-Neutral Contrarian,-0.011427328925478295
2021-10-28,Sector-Neutral Contrarian,0.015254225924150402
2021-10-29,Sector-Neutral Contrarian,-0.004054054279146843
2021-11-01,Sector-Neutral Contrarian,0.004632687188009988
2021-11-02,Sector-Neutral Contrarian,0.002739907199169727
2021-11-03,Sector-Neutral Contrarian,0.0002132139768691269
2021-11-04,Sector-Neutral Contrarian,-0.0012680176852390233
2021-11-05,Sector-Neutral Contrarian,-0.009151318346999126
2021-11-08,Sector-Neutral Contrarian,0.003518305954143595
2021-11-09,Sector-Neutral Contrarian,-0.00033130276742983334
2021-11-10,Sector-Neutral Contrarian,0.0004787214265167246
2021-11-11,Sector-Neutral Contrarian,0.000808185837167223
2021-11-12,Sector-Neutral Contrarian,0.002971258417601326
2021-11-15,Sector-Neutral Contrarian,-0.0003962422560889852
2021-11-16,Sector-Neutral Contrarian,-0.003934669353952556
2021-11-17,Sector-Neutral Contrarian,-0.003583228046567954
2021-11-18,Sector-Neutral Contrarian,-0.0029347165498238895
2021-11-19,Sector-Neutral Contrarian,-0.006271304657817057
2021-11-22,Sector-Neutral Contrarian,0.003717519754900666
2021-11-23,Sector-Neutral Contrarian,0.003617540086242687
2021-11-24,Sector-Neutral Contrarian,0.000910222199834835
2021-11-26,Sector-Neutral Contrarian,-0.01183106324983578
2021-11-29,Sector-Neutral Contrarian,0.0039269661891325166
2021-11-30,Sector-Neutral Contrarian,-0.023792932261010702
2021-12-01,Sector-Neutral Contrarian,-0.012330917448604022
2021-12-02,Sector-Neutral Contrarian,0.013304447472166081
2021-12-03,Sector-Neutral Contrarian,0.008819706562192588
2021-12-06,Sector-Neutral Contrarian,0.00956135195351345
2021-12-07,Sector-Neutral Contrarian,0.002956683489421163
2021-12-08,Sector-Neutral Contrarian,0.0008404921371330404
2021-12-09,Sector-Neutral Contrarian,-0.0013189002703118075
2021-12-10,Sector-Neutral Contrarian,0.0069798846702330665
2021-12-13,Sector-Neutral Contrarian,0.00473171766884275
2021-12-14,Sector-Neutral Contrarian,0.001951748898766703
2021-12-15,Sector-Neutral Contrarian,0.01220367115078368
2021-12-16,Sector-Neutral Contrarian,0.011815825447417423
2021-12-17,Sector-Neutral Contrarian,-0.013567851916568122
2021-12-20,Sector-Neutral Contrarian,0.0041413955345234975
2021-12-21,Sector-Neutral Contrarian,0.002080215407212037
2021-12-22,Sector-Neutral Contrarian,0.005532667470260861
2021-12-23,Sector-Neutral Contrarian,0.001969818439282524
2021-12-27,Sector-Neutral Contrarian,0.009726164618419436
2021-12-28,Sector-Neutral Contrarian,0.005000940237692875
2021-12-29,Sector-Neutral Contrarian,0.0012251796186847953
2021-12-30,Sector-Neutral Contrarian,0.0009771660966255624
2021-12-31,Sector-Neutral Contrarian,-0.0011962676114152166
2022-01-03,Sector-Neutral Contrarian,0.002097722739540485
2022-01-04,Sector-Neutral Contrarian,0.0005723968001286035
2022-01-05,Sector-Neutral Contrarian,-0.003975104320814215
2022-01-06,Sector-Neutral Contrarian,-0.006493078344174895
2022-01-07,Sector-Neutral Contrarian,0.0034218245822918727
2022-01-10,Sector-Neutral Contrarian,-0.0031791986881244535
2022-01-11,Sector-Neutral Contrarian,0.0048332172596540855
2022-01-12,Sector-Neutral Contrarian,0.0026539610276851474
2022-01-13,Sector-Neutral Contrarian,-0.001866684721314946
2022-01-14,Sector-Neutral Contrarian,-0.0028296686771312387
2022-01-18,Sector-Neutral Contrarian,-0.007708933729026877
2022-01-19,Sector-Neutral Contrarian,0.0016942486617575504
2022-01-20,Sector-Neutral Contrarian,-0.009480537211731269
2022-01-21,Sector-Neutral Contrarian,-0.003698819338350365
2022-01-24,Sector-Neutral Contrarian,-0.005747765102577184
2022-01-25,Sector-Neutral Contrarian,-0.007209730370047556
2022-01-26,Sector-Neutral Contrarian,-0.009253719450063909
2022-01-27,Sector-Neutral Contrarian,0.0019228806933186595
2022-01-28,Sector-Neutral Contrarian,0.010843931316036006
2022-01-31,Sector-Neutral Contrarian,0.009322756879627553
2022-02-01,Sector-Neutral Contrarian,-0.0019649247254519995
2022-02-02,Sector-Neutral Contrarian,0.008089032939928732
2022-02-03,Sector-Neutral Contrarian,-0.009265734541674918
2022-02-04,Sector-Neutral Contrarian,-0.0035472512340908825
2022-02-07,Sector-Neutral Contrarian,-0.0002070720472748574
2022-02-08,Sector-Neutral Contrarian,-0.0027880592159551017
2022-02-09,Sector-Neutral Contrarian,0.007472210171860888
2022-02-10,Sector-Neutral Contrarian,-0.017563225542031345
2022-02-11,Sector-Neutral Contrarian,-0.0038373789212645727
2022-02-14,Sector-Neutral Contrarian,-0.008046678409999388
2022-02-15,Sector-Neutral Contrarian,0.004532694553934203
2022-02-16,Sector-Neutral Contrarian,-0.001073497689685083
2022-02-17,Sector-Neutral Contrarian,-0.007835279386706709
2022-02-18,Sector-Neutral Contrarian,-0.004428324908226582
2022-02-22,Sector-Neutral Contrarian,-0.006154091545253046
2022-02-23,Sector-Neutral Contrarian,-0.007556327164385665
2022-02-24,Sector-Neutral Contrarian,0.002331831014882565
2022-02-25,Sector-Neutral Contrarian,0.025097903565841306
2022-02-28,Sector-Neutral Contrarian,-0.002578413014631958
2022-03-01,Sector-Neutral Contrarian,-0.0007510623066302539
2022-03-02,Sector-Neutral Contrarian,0.012385921633719647
2022-03-03,Sector-Neutral Contrarian,0.008756960048552438
2022-03-04,Sector-Neutral Contrarian,0.008149949086319582
2022-03-07,Sector-Neutral Contrarian,-0.009785860571231137
2022-03-08,Sector-Neutral Contrarian,-0.012129551990880345
2022-03-09,Sector-Neutral Contrarian,0.002638771386623175
2022-03-10,Sector-Neutral Contrarian,0.002352157988651712
2022-03-11,Sector-Neutral Contrarian,-0.0070884090137043314
2022-03-14,Sector-Neutral Contrarian,-0.007495687792910246
2022-03-15,Sector-Neutral Contrarian,0.007275471845628087
2022-03-16,Sector-Neutral Contrarian,0.005047832847161487
2022-03-17,Sector-Neutral Contrarian,0.010916191920640004
2022-03-18,Sector-Neutral Contrarian,0.0027892232574412397
2022-03-21,Sector-Neutral Contrarian,0.0024897690897337545
2022-03-22,Sector-Neutral Contrarian,0.0037423002004396133
2022-03-23,Sector-Neutral Contrarian,-0.008908202052414724
2022-03-24,Sector-Neutral Contrarian,0.006247296141258475
2022-03-25,Sector-Neutral Contrarian,0.007101203125063388
2022-03-28,Sector-Neutral Contrarian,0.006939461912249855
2022-03-29,Sector-Neutral Contrarian,0.012758300816728107
2022-03-30,Sector-Neutral Contrarian,0.0002038883320474019
2022-03-31,Sector-Neutral Contrarian,-0.008889270149298101
2022-04-01,Sector-Neutral Contrarian,0.009548751284622577
2022-04-04,Sector-Neutral Contrarian,0.000909585836268033
2022-04-05,Sector-Neutral Contrarian,-0.0008412004634093778
2022-04-06,Sector-Neutral Contrarian,0.012783019007376875
2022-04-07,Sector-Neutral Contrarian,0.0062735638927862636
2022-04-08,Sector-Neutral Contrarian,0.005076130337991901
2022-04-11,Sector-Neutral Contrarian,-0.015474455795167187
2022-04-12,Sector-Neutral Contrarian,0.0009807642867242694
2022-04-13,Sector-Neutral Contrarian,0.0011263454697576526
2022-04-14,Sector-Neutral Contrarian,0.0036878423728199383
2022-04-18,Sector-Neutral Contrarian,-0.007006940866738898
2022-04-19,Sector-Neutral Contrarian,0.005407128118384398
2022-04-20,Sector-Neutral Contrarian,0.003255430722082885
2022-04-21,Sector-Neutral Contrarian,-0.008259570413688088
2022-04-22,Sector-Neutral Contrarian,-0.01531958185353022
2022-04-25,Sector-Neutral Contrarian,0.0007952143830589003
2022-04-26,Sector-Neutral Contrarian,-0.010702600062894634
2022-04-27,Sector-Neutral Contrarian,0.00017897037336905754
2022-04-28,Sector-Neutral Contrarian,0.01804591484662461
2022-04-29,Sector-Neutral Contrarian,-0.03058792861949282
2022-05-02,Sector-Neutral Contrarian,-0.0033201471635961235
2022-05-03,Sector-Neutral Contrarian,0.0013867927749939605
2022-05-04,Sector-Neutral Contrarian,0.0234726242234069
2022-05-05,Sector-Neutral Contrarian,-0.013282965201665914
2022-05-06,Sector-Neutral Contrarian,-0.004465736963639107
2022-05-09,Sector-Neutral Contrarian,-0.017657527766307687
2022-05-10,Sector-Neutral Contrarian,-0.008747192839247216
2022-05-11,Sector-Neutral Contrarian,0.009596353400124834
2022-05-12,Sector-Neutral Contrarian,0.005603849806326886
2022-05-13,Sector-Neutral Contrarian,0.00909925972120824
2022-05-16,Sector-Neutral Contrarian,0.009361831061452787
2022-05-17,Sector-Neutral Contrarian,-0.002037293432179432
2022-05-18,Sector-Neutral Contrarian,-0.026240847330969423
2022-05-19,Sector-Neutral Contrarian,-0.006531665922282562
2022-05-20,Sector-Neutral Contrarian,0.0027995452812951496
2022-05-23,Sector-Neutral Contrarian,0.017774431806354605
2022-05-24,Sector-Neutral Contrarian,0.010406905778645904
2022-05-25,Sector-Neutral Contrarian,0.0028439980635090187
2022-05-26,Sector-Neutral Contrarian,0.0037227372870706865
2022-05-27,Sector-Neutral Contrarian,0.010362888156559615
2022-05-31,Sector-Neutral Contrarian,-0.012690427792191074
2022-06-01,Sector-Neutral Contrarian,-0.006119633592721354
2022-06-02,Sector-Neutral Contrarian,0.0032750928279940182
2022-06-03,Sector-Neutral Contrarian,-0.005966789549835183
2022-06-06,Sector-Neutral Contrarian,-0.0010556971214585194
2022-06-07,Sector-Neutral Contrarian,0.0070655879500010985
2022-06-08,Sector-Neutral Contrarian,-0.011518778536594255
2022-06-09,Sector-Neutral Contrarian,-0.02317014228982169
2022-06-10,Sector-Neutral Contrarian,-0.01001127499025986
2022-06-13,Sector-Neutral Contrarian,-0.033051807894826035
2022-06-14,Sector-Neutral Contrarian,-0.0106879936654249
2022-06-15,Sector-Neutral Contrarian,0.0016662056158124091
2022-06-16,Sector-Neutral Contrarian,-0.00477731763523213
2022-06-17,Sector-Neutral Contrarian,-0.007118328772481689
2022-06-21,Sector-Neutral Contrarian,0.023207442253511554
2022-06-22,Sector-Neutral Contrarian,0.0021490219132282292
2022-06-23,Sector-Neutral Contrarian,0.016102632182304396
2022-06-24,Sector-Neutral Contrarian,0.015387763163456337
2022-06-27,Sector-Neutral Contrarian,0.0008276139664936171
2022-06-28,Sector-Neutral Contrarian,-0.013975226391218272
2022-06-29,Sector-Neutral Contrarian,0.0005729546371160416
2022-06-30,Sector-Neutral Contrarian,-0.0097553446264685
2022-07-01,Sector-Neutral Contrarian,0.016801914995478597
2022-07-05,Sector-Neutral Contrarian,-0.00255255320422565
2022-07-06,Sector-Neutral Contrarian,-0.0012421725437749794
2022-07-07,Sector-Neutral Contrarian,0.0040630708950876206
2022-07-08,Sector-Neutral Contrarian,-0.007106717975139789
2022-07-11,Sector-Neutral Contrarian,-0.002871475622421637
2022-07-12,Sector-Neutral Contrarian,-0.004127776055339988
2022-07-13,Sector-Neutral Contrarian,-0.0027947600974116403
2022-07-14,Sector-Neutral Contrarian,-0.007542049357669595
2022-07-15,Sector-Neutral Contrarian,0.014045057177690855
2022-07-18,Sector-Neutral Contrarian,-0.011406134439400835
2022-07-19,Sector-Neutral Contrarian,0.018433130797845105
2022-07-20,Sector-Neutral Contrarian,0.0001411156889052894
2022-07-21,Sector-Neutral Contrarian,0.00391818001362144
2022-07-22,Sector-Neutral Contrarian,-0.00358823917630192
2022-07-25,Sector-Neutral Contrarian,-0.0024247294076251546
2022-07-26,Sector-Neutral Contrarian,-0.0009604450876286607
2022-07-27,Sector-Neutral Contrarian,0.004223484816873972
2022-07-28,Sector-Neutral Contrarian,0.00541802721737039
2022-07-29,Sector-Neutral Contrarian,0.0067565027052243565
2022-08-01,Sector-Neutral Contrarian,-0.002960297490510702
2022-08-02,Sector-Neutral Contrarian,-0.005667468696236202
2022-08-03,Sector-Neutral Contrarian,0.022080588777329515
2022-08-04,Sector-Neutral Contrarian,-0.005833844943525128
2022-08-05,Sector-Neutral Contrarian,-0.00830248131313835
2022-08-08,Sector-Neutral Contrarian,0.006197629340160858
2022-08-09,Sector-Neutral Contrarian,0.001669931974411057
2022-08-10,Sector-Neutral Contrarian,0.016344373224067163
2022-08-11,Sector-Neutral Contrarian,0.002887259677024489
2022-08-12,Sector-Neutral Contrarian,0.014913808701904346
2022-08-15,Sector-Neutral Contrarian,0.019064484051477898
2022-08-16,Sector-Neutral Contrarian,0.00584533497875315
2022-08-17,Sector-Neutral Contrarian,-0.009205498010803892
2022-08-18,Sector-Neutral Contrarian,-0.003010425006766707
2022-08-19,Sector-Neutral Contrarian,-0.00023704640973550955
2022-08-22,Sector-Neutral Contrarian,-0.01722975228732371
2022-08-23,Sector-Neutral Contrarian,-0.0038704867262180933
2022-08-24,Sector-Neutral Contrarian,0.0011466533459682344
2022-08-25,Sector-Neutral Contrarian,0.004508389380398088
2022-08-26,Sector-Neutral Contrarian,-0.018135577357933013
2022-08-29,Sector-Neutral Contrarian,-0.002591419701439191
2022-08-30,Sector-Neutral Contrarian,-0.010036943783735684
2022-08-31,Sector-Neutral Contrarian,0.0004326855675754441
2022-09-01,Sector-Neutral Contrarian,0.011602709533462215
2022-09-02,Sector-Neutral Contrarian,-0.009359496220171291
2022-09-06,Sector-Neutral Contrarian,-0.0029485685527953923
2022-09-07,Sector-Neutral Contrarian,0.01711681723436843
2022-09-08,Sector-Neutral Contrarian,0.0027376669750703666
2022-09-09,Sector-Neutral Contrarian,0.008246438409528746
2022-09-12,Sector-Neutral Contrarian,0.014490160176878422
2022-09-13,Sector-Neutral Contrarian,-0.029465055405893916
2022-09-14,Sector-Neutral Contrarian,0.007267362225164506
2022-09-15,Sector-Neutral Contrarian,-0.011262062199822252
2022-09-16,Sector-Neutral Contrarian,0.001291874316663447
2022-09-19,Sector-Neutral Contrarian,0.004082627377426285
2022-09-20,Sector-Neutral Contrarian,-0.014108077716054188
2022-09-21,Sector-Neutral Contrarian,-0.012944645583690708
2022-09-22,Sector-Neutral Contrarian,0.0037998373020789347
2022-09-23,Sector-Neutral Contrarian,-0.01836469874216611
2022-09-26,Sector-Neutral Contrarian,-0.010878942259244004
2022-09-27,Sector-Neutral Contrarian,-0.005246446597160519
2022-09-28,Sector-Neutral Contrarian,0.022247552122817336
2022-09-29,Sector-Neutral Contrarian,-0.01525401380144282
2022-09-30,Sector-Neutral Contrarian,-0.016006301550756892
2022-10-03,Sector-Neutral Contrarian,0.026232239861814843
2022-10-04,Sector-Neutral Contrarian,0.021393475212786898
2022-10-05,Sector-Neutral Contrarian,-0.003850480179419902
2022-10-06,Sector-Neutral Contrarian,-0.0066096593961887705
2022-10-07,Sector-Neutral Contrarian,-0.014726477125777186
2022-10-10,Sector-Neutral Contrarian,0.0016351131039649583
2022-10-11,Sector-Neutral Contrarian,0.016495463204019276
2022-10-12,Sector-Neutral Contrarian,-0.00539124180682699
2022-10-13,Sector-Neutral Contrarian,0.018969562311107992
2022-10-14,Sector-Neutral Contrarian,-0.011438038705806817
2022-10-17,Sector-Neutral Contrarian,0.011883492177852437
2022-10-18,Sector-Neutral Contrarian,0.010398783228010997
2022-10-19,Sector-Neutral Contrarian,-0.007005481564831436
2022-10-20,Sector-Neutral Contrarian,-0.0020458150968940456
2022-10-21,Sector-Neutral Contrarian,0.020504843479363953
2022-10-24,Sector-Neutral Contrarian,0.017238330751147595
2022-10-25,Sector-Neutral Contrarian,0.007081781345742701
2022-10-26,Sector-Neutral Contrarian,0.01184287167162192
2022-10-27,Sector-Neutral Contrarian,0.0012771162300875135
2022-10-28,Sector-Neutral Contrarian,0.019399382204946438
2022-10-31,Sector-Neutral Contrarian,-0.006485813730906861
2022-11-01,Sector-Neutral Contrarian,-0.0024763474637476794
2022-11-02,Sector-Neutral Contrarian,-0.010606097598864203
2022-11-03,Sector-Neutral Contrarian,-0.0031419711484833653
2022-11-04,Sector-Neutral Contrarian,0.01423097416208458
2022-11-07,Sector-Neutral Contrarian,0.01143130925775744
2022-11-08,Sector-Neutral Contrarian,0.005115590093874911
2022-11-09,Sector-Neutral Contrarian,-0.010869119321948676
2022-11-10,Sector-Neutral Contrarian,0.022690170957352065
2022-11-11,Sector-Neutral Contrarian,-0.0045334123383092015
2022-11-14,Sector-Neutral Contrarian,0.0009792748105802236
2022-11-15,Sector-Neutral Contrarian,0.004831612750440018
2022-11-16,Sector-Neutral Contrarian,-0.0026185545199190327
2022-11-17,Sector-Neutral Contrarian,0.004743567198278541
2022-11-18,Sector-Neutral Contrarian,0.011325843714244084
2022-11-21,Sector-Neutral Contrarian,0.005829077790796158
2022-11-22,Sector-Neutral Contrarian,0.011809293295502331
2022-11-23,Sector-Neutral Contrarian,0.0003463145420215778
2022-11-25,Sector-Neutral Contrarian,0.0010698530614144518
2022-11-28,Sector-Neutral Contrarian,-0.009202352273371477
2022-11-29,Sector-Neutral Contrarian,0.0034655662888619164
2022-11-30,Sector-Neutral Contrarian,0.018013784572158763
2022-12-01,Sector-Neutral Contrarian,0.0007633308810810592
2022-12-02,Sector-Neutral Contrarian,0.00328297968341454
2022-12-05,Sector-Neutral Contrarian,-0.008661863019447937
2022-12-06,Sector-Neutral Contrarian,-0.00989826721907101
2022-12-07,Sector-Neutral Contrarian,0.0034735093766003746
2022-12-08,Sector-Neutral Contrarian,0.004412085099490322
2022-12-09,Sector-Neutral Contrarian,-0.01575667638352373
2022-12-12,Sector-Neutral Contrarian,0.005211817048167993
2022-12-13,Sector-Neutral Contrarian,0.0033225006988949813
2022-12-14,Sector-Neutral Contrarian,0.0002869282589663127
2022-12-15,Sector-Neutral Contrarian,-0.01603748341982364
2022-12-16,Sector-Neutral Contrarian,-0.004583097933760698
2022-12-19,Sector-Neutral Contrarian,-0.0016464490352791111
2022-12-20,Sector-Neutral Contrarian,0.0003157616110943403
2022-12-21,Sector-Neutral Contrarian,0.012020198613621016
2022-12-22,Sector-Neutral Contrarian,-0.004695552700881097
2022-12-23,Sector-Neutral Contrarian,0.00507195632777637
2022-12-27,Sector-Neutral Contrarian,0.0018471613148081894
2022-12-28,Sector-Neutral Contrarian,-0.009608837304499882
2022-12-29,Sector-Neutral Contrarian,0.006578562057422859
2022-12-30,Sector-Neutral Contrarian,-8.459055712072702e-05
2023-01-03,Sector-Neutral Contrarian,0.00022062139893083352
2023-01-04,Sector-Neutral Contrarian,0.008541162460374384
2023-01-05,Sector-Neutral Contrarian,6.106849236485392e-05
2023-01-06,Sector-Neutral Contrarian,0.016179451464396997
2023-01-09,Sector-Neutral Contrarian,-0.015109320824289271
2023-01-10,Sector-Neutral Contrarian,0.0017986569703334187
2023-01-11,Sector-Neutral Contrarian,0.0012763529708608942
2023-01-12,Sector-Neutral Contrarian,-0.004520455781655596
2023-01-13,Sector-Neutral Contrarian,0.0026441179911234854
2023-01-17,Sector-Neutral Contrarian,-0.005345087038626539
2023-01-18,Sector-Neutral Contrarian,-0.017856087959857693
2023-01-19,Sector-Neutral Contrarian,-0.0027682739749259498
2023-01-20,Sector-Neutral Contrarian,0.009236965708499703
2023-01-23,Sector-Neutral Contrarian,0.00213708293634549
2023-01-24,Sector-Neutral Contrarian,-0.001983160273086467
2023-01-25,Sector-Neutral Contrarian,-0.0018229869540561726
2023-01-26,Sector-Neutral Contrarian,0.0013529404182124132
2023-01-27,Sector-Neutral Contrarian,-0.0057230793492771955
2023-01-30,Sector-Neutral Contrarian,-0.00485840472259315
2023-01-31,Sector-Neutral Contrarian,0.007033526972212558
2023-02-01,Sector-Neutral Contrarian,-0.022249107869615252
2023-02-02,Sector-Neutral Contrarian,-0.00880479567538136
2023-02-03,Sector-Neutral Contrarian,-0.009191564027304073
2023-02-06,Sector-Neutral Contrarian,-0.0032786448181107175
2023-02-07,Sector-Neutral Contrarian,0.00605244764624579
2023-02-08,Sector-Neutral Contrarian,-0.00967323886047106
2023-02-09,Sector-Neutral Contrarian,-0.0017672781284426837
2023-02-10,Sector-Neutral Contrarian,0.01206679323850509
2023-02-13,Sector-Neutral Contrarian,0.007449981628212723
2023-02-14,Sector-Neutral Contrarian,-0.007505780807434016
2023-02-15,Sector-Neutral Contrarian,0.0006191075150750126
2023-02-16,Sector-Neutral Contrarian,-0.014053735501206572
2023-02-17,Sector-Neutral Contrarian,0.012773208250121463
2023-02-21,Sector-Neutral Contrarian,-0.0050794334149865325
2023-02-22,Sector-Neutral Contrarian,-0.005892083329610357
2023-02-23,Sector-Neutral Contrarian,0.0018393219358804923
2023-02-24,Sector-Neutral Contrarian,-0.008779668095854409
2023-02-27,Sector-Neutral Contrarian,0.0008381041981117049
2023-02-28,Sector-Neutral Contrarian,-0.008299740662747202
2023-03-01,Sector-Neutral Contrarian,0.0023704541041018575
2023-03-02,Sector-Neutral Contrarian,0.004285861532304435
2023-03-03,Sector-Neutral Contrarian,0.00430071910746932
2023-03-06,Sector-Neutral Contrarian,0.0026750208054836743
2023-03-07,Sector-Neutral Contrarian,-0.014770892324734494
2023-03-08,Sector-Neutral Contrarian,-0.002859656039232116
2023-03-09,Sector-Neutral Contrarian,-0.012823524916844232
2023-03-10,Sector-Neutral Contrarian,-0.0008740041534586783
2023-03-13,Sector-Neutral Contrarian,0.012392446759051733
2023-03-14,Sector-Neutral Contrarian,0.002025874817992
2023-03-15,Sector-Neutral Contrarian,0.005680889726925442
2023-03-16,Sector-Neutral Contrarian,0.0014114933694420544
2023-03-17,Sector-Neutral Contrarian,-0.012192355884638625
2023-03-20,Sector-Neutral Contrarian,0.01489652465032733
2023-03-21,Sector-Neutral Contrarian,-0.0023949797206892407
2023-03-22,Sector-Neutral Contrarian,-0.015362768939646491
2023-03-23,Sector-Neutral Contrarian,0.007134075148266386
2023-03-24,Sector-Neutral Contrarian,0.01759620085576945
2023-03-27,Sector-Neutral Contrarian,0.001549128868587443
2023-03-28,Sector-Neutral Contrarian,0.0021977684278399858
2023-03-29,Sector-Neutral Contrarian,0.009477320381679448
2023-03-30,Sector-Neutral Contrarian,0.003280240795242459
2023-03-31,Sector-Neutral Contrarian,0.006274537767253892
2023-04-03,Sector-Neutral Contrarian,0.010726568770306574
2023-04-04,Sector-Neutral Contrarian,0.007033985976885974
2023-04-05,Sector-Neutral Contrarian,0.0157054637898073
2023-04-06,Sector-Neutral Contrarian,-0.000480393866350145
2023-04-10,Sector-Neutral Contrarian,-0.001911038280355123
2023-04-11,Sector-Neutral Contrarian,-0.00037375097267334454
2023-04-12,Sector-Neutral Contrarian,0.0005273757884724555
2023-04-13,Sector-Neutral Contrarian,0.009537987705811487
2023-04-14,Sector-Neutral Contrarian,-0.003993339778512401
2023-04-17,Sector-Neutral Contrarian,-0.0001461434792896794
2023-04-18,Sector-Neutral Contrarian,-0.0018639400997660486
2023-04-19,Sector-Neutral Contrarian,-0.0010958762532709474
2023-04-20,Sector-Neutral Contrarian,-0.005037683647642579
2023-04-21,Sector-Neutral Contrarian,0.004786962183108061
2023-04-24,Sector-Neutral Contrarian,0.001438668207826423
2023-04-25,Sector-Neutral Contrarian,-6.453283976828831e-05
2023-04-26,Sector-Neutral Contrarian,-0.020098031120118796
2023-04-27,Sector-Neutral Contrarian,0.008994317315469033
2023-04-28,Sector-Neutral Contrarian,0.0032426848810447884
2023-05-01,Sector-Neutral Contrarian,0.00020488687149838527
2023-05-02,Sector-Neutral Contrarian,-0.0032368258718112803
2023-05-03,Sector-Neutral Contrarian,-0.004636222574838432
2023-05-04,Sector-Neutral Contrarian,-0.0014784138244066437
2023-05-05,Sector-Neutral Contrarian,0.009818240346435787
2023-05-08,Sector-Neutral Contrarian,0.001024136909694481
2023-05-09,Sector-Neutral Contrarian,-0.0059822803514880465
2023-05-10,Sector-Neutral Contrarian,0.001820025459131612
2023-05-11,Sector-Neutral Contrarian,-0.0022869730516801878
2023-05-12,Sector-Neutral Contrarian,1.8789201094434232e-05
2023-05-15,Sector-Neutral Contrarian,-0.003092017591913212
2023-05-16,Sector-Neutral Contrarian,-0.012991764082651177
2023-05-17,Sector-Neutral Contrarian,-0.0018660671613987604
2023-05-18,Sector-Neutral Contrarian,0.0003102038396004498
2023-05-19,Sector-Neutral Contrarian,0.003001998180876925
2023-05-22,Sector-Neutral Contrarian,-0.007133429797522304
2023-05-23,Sector-Neutral Contrarian,-0.003970745640452864
2023-05-24,Sector-Neutral Contrarian,-0.005560227223610383
2023-05-25,Sector-Neutral Contrarian,-0.009263606163809395
2023-05-26,Sector-Neutral Contrarian,0.00034738864812337936
2023-05-30,Sector-Neutral Contrarian,-0.006838109510985641
2023-05-31,Sector-Neutral Contrarian,0.005460974473853263
2023-06-01,Sector-Neutral Contrarian,-0.007740438683125939
2023-06-02,Sector-Neutral Contrarian,0.014229081652033473
2023-06-05,Sector-Neutral Contrarian,0.0007017907884558131
2023-06-06,Sector-Neutral Contrarian,-0.0037491383508836116
2023-06-07,Sector-Neutral Contrarian,0.0038242361749175223
2023-06-08,Sector-Neutral Contrarian,0.0020323295121173895
2023-06-09,Sector-Neutral Contrarian,-0.0018198844885097952
2023-06-12,Sector-Neutral Contrarian,-0.0036861251198187298
2023-06-13,Sector-Neutral Contrarian,0.0076619667922313795
2023-06-14,Sector-Neutral Contrarian,0.0007264892077491238
2023-06-15,Sector-Neutral Contrarian,0.011483029332099305
2023-06-16,Sector-Neutral Contrarian,0.006171155340766858
2023-06-20,Sector-Neutral Contrarian,-0.009781244860052545
2023-06-21,Sector-Neutral Contrarian,-0.004286946385885521
2023-06-22,Sector-Neutral Contrarian,0.005030987689379308
2023-06-23,Sector-Neutral Contrarian,-0.009615204941948813
2023-06-26,Sector-Neutral Contrarian,0.0019986847059183153
2023-06-27,Sector-Neutral Contrarian,0.0003608412212014062
2023-06-28,Sector-Neutral Contrarian,-0.005083860544459787
2023-06-29,Sector-Neutral Contrarian,-0.0016114606999775895
2023-06-30,Sector-Neutral Contrarian,0.0026714918470757297
2023-07-03,Sector-Neutral Contrarian,0.0036020823473896235
2023-07-05,Sector-Neutral Contrarian,0.0021585090044595754
2023-07-06,Sector-Neutral Contrarian,-0.00842581940634362
2023-07-07,Sector-Neutral Contrarian,-0.013403565840402858
2023-07-10,Sector-Neutral Contrarian,0.0004910630368304481
2023-07-11,Sector-Neutral Contrarian,0.00995640457521952
2023-07-12,Sector-Neutral Contrarian,-0.0027897196429451966
2023-07-13,Sector-Neutral Contrarian,0.002551456139706142
2023-07-14,Sector-Neutral Contrarian,0.0034116156436160916
2023-07-17,Sector-Neutral Contrarian,-0.004697696557583452
2023-07-18,Sector-Neutral Contrarian,0.000896455330043461
2023-07-19,Sector-Neutral Contrarian,0.007891285444174306
2023-07-20,Sector-Neutral Contrarian,0.01478405747077082
2023-07-21,Sector-Neutral Contrarian,0.005618197514540102
2023-07-24,Sector-Neutral Contrarian,0.0008889717178283684
2023-07-25,Sector-Neutral Contrarian,-0.002606271786768725
2023-07-26,Sector-Neutral Contrarian,0.003689133160444787
2023-07-27,Sector-Neutral Contrarian,-0.00790654000803044
2023-07-28,Sector-Neutral Contrarian,0.002086018127130559
2023-07-31,Sector-Neutral Contrarian,-0.004632235883522923
2023-08-01,Sector-Neutral Contrarian,-0.005404884977353454
2023-08-02,Sector-Neutral Contrarian,-0.006963806340856101
2023-08-03,Sector-Neutral Contrarian,-0.006633101677922134
2023-08-04,Sector-Neutral Contrarian,-0.00458737117118908
2023-08-07,Sector-Neutral Contrarian,0.0125732168706076
2023-08-08,Sector-Neutral Contrarian,-0.0031430773688967913
2023-08-09,Sector-Neutral Contrarian,0.0033357722319765793
2023-08-10,Sector-Neutral Contrarian,-0.001508203657008888
2023-08-11,Sector-Neutral Contrarian,0.005578643216913321
2023-08-14,Sector-Neutral Contrarian,-0.0017408880869035635
2023-08-15,Sector-Neutral Contrarian,-0.00583747395647658
2023-08-16,Sector-Neutral Contrarian,-0.003092231759002911
2023-08-17,Sector-Neutral Contrarian,-0.007007567373893608
2023-08-18,Sector-Neutral Contrarian,0.004044640665303642
2023-08-21,Sector-Neutral Contrarian,-0.003149427486648742
2023-08-22,Sector-Neutral Contrarian,-0.005071289462508158
2023-08-23,Sector-Neutral Contrarian,0.0073489111015295925
2023-08-24,Sector-Neutral Contrarian,-0.008530597618912795
2023-08-25,Sector-Neutral Contrarian,0.0022956534401253332
2023-08-28,Sector-Neutral Contrarian,0.004141109597191766
2023-08-29,Sector-Neutral Contrarian,0.006247136461409269
2023-08-30,Sector-Neutral Contrarian,0.002355296633855169
2023-08-31,Sector-Neutral Contrarian,-0.0039694326687228915
2023-09-01,Sector-Neutral Contrarian,0.0009744977118069827
2023-09-05,Sector-Neutral Contrarian,-0.007509151095908844
2023-09-06,Sector-Neutral Contrarian,-0.0006813777917970823
2023-09-07,Sector-Neutral Contrarian,0.011055987960360504
2023-09-08,Sector-Neutral Contrarian,0.0039115281985220435
2023-09-11,Sector-Neutral Contrarian,0.0024696857589318263
2023-09-12,Sector-Neutral Contrarian,0.00010312491152118135
2023-09-13,Sector-Neutral Contrarian,0.0018975509230185334
2023-09-14,Sector-Neutral Contrarian,0.008582828822692816
2023-09-15,Sector-Neutral Contrarian,-0.008810966933991467
2023-09-18,Sector-Neutral Contrarian,-0.0003611096477151303
2023-09-19,Sector-Neutral Contrarian,0.0007652895530004239
2023-09-20,Sector-Neutral Contrarian,0.0023333607640333323
2023-09-21,Sector-Neutral Contrarian,-0.012945992993222633
2023-09-22,Sector-Neutral Contrarian,-0.0014299481035479659
2023-09-25,Sector-Neutral Contrarian,0.0037102924293862796
2023-09-26,Sector-Neutral Contrarian,-0.005301229094606152
2023-09-27,Sector-Neutral Contrarian,-0.003578264565383814
2023-09-28,Sector-Neutral Contrarian,0.00349522140942421
2023-09-29,Sector-Neutral Contrarian,-0.009283076529008474
2023-10-02,Sector-Neutral Contrarian,-0.008466712491134357
2023-10-03,Sector-Neutral Contrarian,-0.007635810421764676
2023-10-04,Sector-Neutral Contrarian,0.004100086393321061
2023-10-05,Sector-Neutral Contrarian,-0.014984855231393753
2023-10-06,Sector-Neutral Contrarian,0.011259818671972992
2023-10-09,Sector-Neutral Contrarian,0.005138372596649408
2023-10-10,Sector-Neutral Contrarian,0.011170575568702492
2023-10-11,Sector-Neutral Contrarian,0.0011069940459530097
2023-10-12,Sector-Neutral Contrarian,-0.00491582079462153
2023-10-13,Sector-Neutral Contrarian,0.002324710388713644
2023-10-16,Sector-Neutral Contrarian,0.004911256903886077
2023-10-17,Sector-Neutral Contrarian,0.006265267739436413
2023-10-18,Sector-Neutral Contrarian,-0.006908812015512573
2023-10-19,Sector-Neutral Contrarian,-0.007389623394453756
2023-10-20,Sector-Neutral Contrarian,0.003143430198308378
2023-10-23,Sector-Neutral Contrarian,-0.007007477246561855
2023-10-24,Sector-Neutral Contrarian,0.014674938388702206
2023-10-25,Sector-Neutral Contrarian,-0.00015897118729530507
2023-10-26,Sector-Neutral Contrarian,-0.0033750833583651354
2023-10-27,Sector-Neutral Contrarian,-0.015217993779048979
2023-10-30,Sector-Neutral Contrarian,0.0011812606090204462
2023-10-31,Sector-Neutral Contrarian,0.00809255769423259
2023-11-01,Sector-Neutral Contrarian,0.0015894923866267008
2023-11-02,Sector-Neutral Contrarian,0.015360389334007293
2023-11-03,Sector-Neutral Contrarian,0.0024345730132519466
2023-11-06,Sector-Neutral Contrarian,0.0020088830489514947
2023-11-07,Sector-Neutral Contrarian,-0.0009295777367313476
2023-11-08,Sector-Neutral Contrarian,0.001273058389449422
2023-11-09,Sector-Neutral Contrarian,-0.009785263138328372
2023-11-10,Sector-Neutral Contrarian,0.0010717607260867061
2023-11-13,Sector-Neutral Contrarian,0.003460321186772085
2023-11-14,Sector-Neutral Contrarian,0.007847639642745742
2023-11-15,Sector-Neutral Contrarian,-7.641125565592309e-05
2023-11-16,Sector-Neutral Contrarian,0.00041531136831560167
2023-11-17,Sector-Neutral Contrarian,0.0011479012788009795
2023-11-20,Sector-Neutral Contrarian,0.005232349432112304
2023-11-21,Sector-Neutral Contrarian,0.004237641170276051
2023-11-22,Sector-Neutral Contrarian,0.0013057011636260893
2023-11-24,Sector-Neutral Contrarian,0.003218733470995495
2023-11-27,Sector-Neutral Contrarian,-0.0012934540226861586
2023-11-28,Sector-Neutral Contrarian,-0.0033144933656265446
2023-11-29,Sector-Neutral Contrarian,0.0008186452950998495
2023-11-30,Sector-Neutral Contrarian,0.010164247537537611
2023-12-01,Sector-Neutral Contrarian,0.00562641073666002
2023-12-04,Sector-Neutral Contrarian,0.0025353448763431154
2023-12-05,Sector-Neutral Contrarian,2.393957248601709e-05
2023-12-06,Sector-Neutral Contrarian,-0.002524059065192827
2023-12-07,Sector-Neutral Contrarian,0.0010770956450144825
2023-12-08,Sector-Neutral Contrarian,0.0014621148203274106
2023-12-11,Sector-Neutral Contrarian,0.00912172498450976
2023-12-12,Sector-Neutral Contrarian,0.004512846758301853
2023-12-13,Sector-Neutral Contrarian,0.016892347576550764
2023-12-14,Sector-Neutral Contrarian,0.001876202531780744
2023-12-15,Sector-Neutral Contrarian,-0.005100548560597454
2023-12-18,Sector-Neutral Contrarian,0.0014931724025234769
2023-12-19,Sector-Neutral Contrarian,0.003953508487109559
2023-12-20,Sector-Neutral Contrarian,-0.01397906337895695
2023-12-21,Sector-Neutral Contrarian,0.00844249872503968
2023-12-22,Sector-Neutral Contrarian,0.005691091247053144
2023-12-26,Sector-Neutral Contrarian,0.004058090131759364
2023-12-27,Sector-Neutral Contrarian,0.0031788114375330594
2023-12-28,Sector-Neutral Contrarian,0.001465440956234497
2023-12-29,Sector-Neutral Contrarian,-0.0004932600302883795
2021-01-04,Tail-Risk-Aware Sector-Neutral Contrarian,0.007271948173631514
2021-01-05,Tail-Risk-Aware Sector-Neutral Contrarian,-0.0008597328618601325
2021-01-06,Tail-Risk-Aware Sector-Neutral Contrarian,0.01125171006675612
2021-01-07,Tail-Risk-Aware Sector-Neutral Contrarian,0.007345871231331926
2021-01-08,Tail-Risk-Aware Sector-Neutral Contrarian,-0.00304693283633245
2021-01-11,Tail-Risk-Aware Sector-Neutral Contrarian,-0.0008100096173089229
2021-01-12,Tail-Risk-Aware Sector-Neutral Contrarian,-0.0023694796823825314
2021-01-13,Tail-Risk-Aware Sector-Neutral Contrarian,-0.007132922440211128
2021-01-14,Tail-Risk-Aware Sector-Neutral Contrarian,0.004821644498181555
2021-01-15,Tail-Risk-Aware Sector-Neutral Contrarian,-0.0013948732144958324
2021-01-19,Tail-Risk-Aware Sector-Neutral Contrarian,0.012955664664483594
2021-01-20,Tail-Risk-Aware Sector-Neutral Contrarian,0.015675296799895624
2021-01-21,Tail-Risk-Aware Sector-Neutral Contrarian,-0.010213441015399921
2021-01-22,Tail-Risk-Aware Sector-Neutral Contrarian,-0.00039918884285091447
2021-01-25,Tail-Risk-Aware Sector-Neutral Contrarian,0.006690385366959968
2021-01-26,Tail-Risk-Aware Sector-Neutral Contrarian,-0.004200813829260739
2021-01-27,Tail-Risk-Aware Sector-Neutral Contrarian,-0.019314290958973905
2021-01-28,Tail-Risk-Aware Sector-Neutral Contrarian,-0.0019174436648400199
2021-01-29,Tail-Risk-Aware Sector-Neutral Contrarian,-0.005198681628939161
2021-02-01,Tail-Risk-Aware Sector-Neutral Contrarian,0.0008509911108961574
2021-02-02,Tail-Risk-Aware Sector-Neutral Contrarian,0.005845051205078054
2021-02-03,Tail-Risk-Aware Sector-Neutral Contrarian,-0.004357341971666195
2021-02-04,Tail-Risk-Aware Sector-Neutral Contrarian,0.002374216091992084
2021-02-05,Tail-Risk-Aware Sector-Neutral Contrarian,0.016015058389958804
2021-02-08,Tail-Risk-Aware Sector-Neutral Contrarian,0.0033896152643844383
2021-02-09,Tail-Risk-Aware Sector-Neutral Contrarian,-0.001253275640726715
2021-02-10,Tail-Risk-Aware Sector-Neutral Contrarian,-0.006444507550308122
2021-02-11,Tail-Risk-Aware Sector-Neutral Contrarian,-0.005125111604389058
2021-02-12,Tail-Risk-Aware Sector-Neutral Contrarian,0.003986391931220395
2021-02-16,Tail-Risk-Aware Sector-Neutral Contrarian,-0.010767097253034423
2021-02-17,Tail-Risk-Aware Sector-Neutral Contrarian,0.006180801126115713
2021-02-18,Tail-Risk-Aware Sector-Neutral Contrarian,-0.009602268387196609
2021-02-19,Tail-Risk-Aware Sector-Neutral Contrarian,-0.007840094082232789
2021-02-22,Tail-Risk-Aware Sector-Neutral Contrarian,0.0007716217982280894
2021-02-23,Tail-Risk-Aware Sector-Neutral Contrarian,-0.0065595065393093885
2021-02-24,Tail-Risk-Aware Sector-Neutral Contrarian,-0.001000125226465713
2021-02-25,Tail-Risk-Aware Sector-Neutral Contrarian,-0.008818611434528546
2021-02-26,Tail-Risk-Aware Sector-Neutral Contrarian,-0.018545230821013794
2021-03-01,Tail-Risk-Aware Sector-Neutral Contrarian,0.013911419920378785
2021-03-02,Tail-Risk-Aware Sector-Neutral Contrarian,0.00031799364952831365
2021-03-03,Tail-Risk-Aware Sector-Neutral Contrarian,-0.009736283630051294
2021-03-04,Tail-Risk-Aware Sector-Neutral Contrarian,-0.006211712058466746
2021-03-05,Tail-Risk-Aware Sector-Neutral Contrarian,0.015288822277137262
2021-03-08,Tail-Risk-Aware Sector-Neutral Contrarian,-0.002614552611744864
2021-03-09,Tail-Risk-Aware Sector-Neutral Contrarian,0.004388582811391954
2021-03-10,Tail-Risk-Aware Sector-Neutral Contrarian,0.009912088090362477
2021-03-11,Tail-Risk-Aware Sector-Neutral Contrarian,-0.0004942959374169146
2021-03-12,Tail-Risk-Aware Sector-Neutral Contrarian,0.004067754572309297
2021-03-15,Tail-Risk-Aware Sector-Neutral Contrarian,0.006266388127342634
2021-03-16,Tail-Risk-Aware Sector-Neutral Contrarian,0.004518853004109086
2021-03-17,Tail-Risk-Aware Sector-Neutral Contrarian,-0.008572714444085357
2021-03-18,Tail-Risk-Aware Sector-Neutral Contrarian,-0.007284859333123204
2021-03-19,Tail-Risk-Aware Sector-Neutral Contrarian,-0.004074569309598056
2021-03-22,Tail-Risk-Aware Sector-Neutral Contrarian,0.011975482726620157
2021-03-23,Tail-Risk-Aware Sector-Neutral Contrarian,-0.003130758786979437
2021-03-24,Tail-Risk-Aware Sector-Neutral Contrarian,-0.004325498813167605
2021-03-25,Tail-Risk-Aware Sector-Neutral Contrarian,0.0053098005258318546
2021-03-26,Tail-Risk-Aware Sector-Neutral Contrarian,0.015694131990816245
2021-03-29,Tail-Risk-Aware Sector-Neutral Contrarian,0.008882222853688233
2021-03-30,Tail-Risk-Aware Sector-Neutral Contrarian,-0.0033231872860802524
2021-03-31,Tail-Risk-Aware Sector-Neutral Contrarian,-0.0010593759994242025
2021-04-01,Tail-Risk-Aware Sector-Neutral Contrarian,0.008367829100513554
2021-04-05,Tail-Risk-Aware Sector-Neutral Contrarian,0.012516983426143359
2021-04-06,Tail-Risk-Aware Sector-Neutral Contrarian,0.0005148172786050471
2021-04-07,Tail-Risk-Aware Sector-Neutral Contrarian,-0.0009275284167654264
2021-04-08,Tail-Risk-Aware Sector-Neutral Contrarian,-0.0021563659444283835
2021-04-09,Tail-Risk-Aware Sector-Neutral Contrarian,0.0032710767350355484
2021-04-12,Tail-Risk-Aware Sector-Neutral Contrarian,0.0003332420538261167
2021-04-13,Tail-Risk-Aware Sector-Neutral Contrarian,0.0019535872178282677
2021-04-14,Tail-Risk-Aware Sector-Neutral Contrarian,-0.0013622216689583987
2021-04-15,Tail-Risk-Aware Sector-Neutral Contrarian,0.0067710534806576725
2021-04-16,Tail-Risk-Aware Sector-Neutral Contrarian,0.0031666593716649966
2021-04-19,Tail-Risk-Aware Sector-Neutral Contrarian,-0.0013842899718620259
2021-04-20,Tail-Risk-Aware Sector-Neutral Contrarian,0.005990669796748024
2021-04-21,Tail-Risk-Aware Sector-Neutral Contrarian,0.004685632569844389
2021-04-22,Tail-Risk-Aware Sector-Neutral Contrarian,0.002066973659653048
2021-04-23,Tail-Risk-Aware Sector-Neutral Contrarian,0.0013669642256462526
2021-04-26,Tail-Risk-Aware Sector-Neutral Contrarian,-0.0077616010283635605
2021-04-27,Tail-Risk-Aware Sector-Neutral Contrarian,-0.005810123560182628
2021-04-28,Tail-Risk-Aware Sector-Neutral Contrarian,-0.0007203610744529766
2021-04-29,Tail-Risk-Aware Sector-Neutral Contrarian,0.006588664415522735
2021-04-30,Tail-Risk-Aware Sector-Neutral Contrarian,-0.00035657174712144026
2021-05-03,Tail-Risk-Aware Sector-Neutral Contrarian,0.008007743946023264
2021-05-04,Tail-Risk-Aware Sector-Neutral Contrarian,-0.004269066938505543
2021-05-05,Tail-Risk-Aware Sector-Neutral Contrarian,0.0021944524739425856
2021-05-06,Tail-Risk-Aware Sector-Neutral Contrarian,0.007002507818180864
2021-05-07,Tail-Risk-Aware Sector-Neutral Contrarian,0.0017813581422495123
2021-05-10,Tail-Risk-Aware Sector-Neutral Contrarian,0.004889617895299452
2021-05-11,Tail-Risk-Aware Sector-Neutral Contrarian,-0.008597400147763301
2021-05-12,Tail-Risk-Aware Sector-Neutral Contrarian,-0.013508404618877427
2021-05-13,Tail-Risk-Aware Sector-Neutral Contrarian,0.01162822468749893
2021-05-14,Tail-Risk-Aware Sector-Neutral Contrarian,0.0025747881699873785
2021-05-17,Tail-Risk-Aware Sector-Neutral Contrarian,-0.0009668278376865657
2021-05-18,Tail-Risk-Aware Sector-Neutral Contrarian,-0.00622748266318144
2021-05-19,Tail-Risk-Aware Sector-Neutral Contrarian,-0.000899524335239046
2021-05-20,Tail-Risk-Aware Sector-Neutral Contrarian,0.009743487196634808
2021-05-21,Tail-Risk-Aware Sector-Neutral Contrarian,-0.0010975200192283906
2021-05-24,Tail-Risk-Aware Sector-Neutral Contrarian,-0.0017816485084161762
2021-05-25,Tail-Risk-Aware Sector-Neutral Contrarian,-0.006053371613126815
2021-05-26,Tail-Risk-Aware Sector-Neutral Contrarian,0.0011818440196638255
2021-05-27,Tail-Risk-Aware Sector-Neutral Contrarian,-0.0045839038900014045
2021-05-28,Tail-Risk-Aware Sector-Neutral Contrarian,0.0014430862331118893
2021-06-01,Tail-Risk-Aware Sector-Neutral Contrarian,-0.004212367794622963
2021-06-02,Tail-Risk-Aware Sector-Neutral Contrarian,-0.0028813032536214645
2021-06-03,Tail-Risk-Aware Sector-Neutral Contrarian,0.006188217300226239
2021-06-04,Tail-Risk-Aware Sector-Neutral Contrarian,0.009262793839539953
2021-06-07,Tail-Risk-Aware Sector-Neutral Contrarian,-0.003503715892300617
2021-06-08,Tail-Risk-Aware Sector-Neutral Contrarian,-0.005107218343794866
2021-06-09,Tail-Risk-Aware Sector-Neutral Contrarian,0.004679558845555128
2021-06-10,Tail-Risk-Aware Sector-Neutral Contrarian,0.008552476803151252
2021-06-11,Tail-Risk-Aware Sector-Neutral Contrarian,0.0022104814362087057
2021-06-14,Tail-Risk-Aware Sector-Neutral Contrarian,0.0021978095439787763
2021-06-15,Tail-Risk-Aware Sector-Neutral Contrarian,-0.009126159743343671
2021-06-16,Tail-Risk-Aware Sector-Neutral Contrarian,-0.013164149719964947
2021-06-17,Tail-Risk-Aware Sector-Neutral Contrarian,0.0006949116866585402
2021-06-18,Tail-Risk-Aware Sector-Neutral Contrarian,-0.010660368418054306
2021-06-21,Tail-Risk-Aware Sector-Neutral Contrarian,0.009785998789562062
2021-06-22,Tail-Risk-Aware Sector-Neutral Contrarian,-0.0004029791912538985
2021-06-23,Tail-Risk-Aware Sector-Neutral Contrarian,-0.008691030110839668
2021-06-24,Tail-Risk-Aware Sector-Neutral Contrarian,0.005670764082789563
2021-06-25,Tail-Risk-Aware Sector-Neutral Contrarian,0.007841901717688421
2021-06-28,Tail-Risk-Aware Sector-Neutral Contrarian,0.005778414044467576
2021-06-29,Tail-Risk-Aware Sector-Neutral Contrarian,-0.002557172787321453
2021-06-30,Tail-Risk-Aware Sector-Neutral Contrarian,0.0069554895102669195
2021-07-01,Tail-Risk-Aware Sector-Neutral Contrarian,0.0021343504684468873
2021-07-02,Tail-Risk-Aware Sector-Neutral Contrarian,0.004977080062165723
2021-07-06,Tail-Risk-Aware Sector-Neutral Contrarian,-0.002325530226122149
2021-07-07,Tail-Risk-Aware Sector-Neutral Contrarian,0.0025317001753741753
2021-07-08,Tail-Risk-Aware Sector-Neutral Contrarian,-0.00561911419594095
2021-07-09,Tail-Risk-Aware Sector-Neutral Contrarian,0.00646072638206201
2021-07-12,Tail-Risk-Aware Sector-Neutral Contrarian,0.0011929912996085
2021-07-13,Tail-Risk-Aware Sector-Neutral Contrarian,-0.0019786642752460974
2021-07-14,Tail-Risk-Aware Sector-Neutral Contrarian,0.004022642577284117
2021-07-15,Tail-Risk-Aware Sector-Neutral Contrarian,0.0010476148486273879
2021-07-16,Tail-Risk-Aware Sector-Neutral Contrarian,-0.00040271618782214907
2021-07-19,Tail-Risk-Aware Sector-Neutral Contrarian,-0.013141628753374612
2021-07-20,Tail-Risk-Aware Sector-Neutral Contrarian,0.004624385481191202
2021-07-21,Tail-Risk-Aware Sector-Neutral Contrarian,-0.002058319425201586
2021-07-22,Tail-Risk-Aware Sector-Neutral Contrarian,7.110067083556095e-05
2021-07-23,Tail-Risk-Aware Sector-Neutral Contrarian,0.010952228486070449
2021-07-26,Tail-Risk-Aware Sector-Neutral Contrarian,0.0010661563310135353
2021-07-27,Tail-Risk-Aware Sector-Neutral Contrarian,0.0008433036048383224
2021-07-28,Tail-Risk-Aware Sector-Neutral Contrarian,-0.0015540472978667246
2021-07-29,Tail-Risk-Aware Sector-Neutral Contrarian,-0.0019701736255076383
2021-07-30,Tail-Risk-Aware Sector-Neutral Contrarian,-0.0015839862221208752
2021-08-02,Tail-Risk-Aware Sector-Neutral Contrarian,-0.0017388378009660277
2021-08-03,Tail-Risk-Aware Sector-Neutral Contrarian,0.001436759419653141
2021-08-04,Tail-Risk-Aware Sector-Neutral Contrarian,-0.00858371332333331
2021-08-05,Tail-Risk-Aware Sector-Neutral Contrarian,0.0051733636763202934
2021-08-06,Tail-Risk-Aware Sector-Neutral Contrarian,-0.0010976301797708872
2021-08-09,Tail-Risk-Aware Sector-Neutral Contrarian,0.00096814583473913
2021-08-10,Tail-Risk-Aware Sector-Neutral Contrarian,0.005167002807492985
2021-08-11,Tail-Risk-Aware Sector-Neutral Contrarian,0.00466483385156163
2021-08-12,Tail-Risk-Aware Sector-Neutral Contrarian,0.00253186611687467
2021-08-13,Tail-Risk-Aware Sector-Neutral Contrarian,0.003978196148202444
2021-08-16,Tail-Risk-Aware Sector-Neutral Contrarian,0.006733235272571334
2021-08-17,Tail-Risk-Aware Sector-Neutral Contrarian,0.002520332109600816
2021-08-18,Tail-Risk-Aware Sector-Neutral Contrarian,-0.010801848426151096
2021-08-19,Tail-Risk-Aware Sector-Neutral Contrarian,0.0019669507036980003
2021-08-20,Tail-Risk-Aware Sector-Neutral Contrarian,0.003882016790653014
2021-08-23,Tail-Risk-Aware Sector-Neutral Contrarian,-0.0024104968335444633
2021-08-24,Tail-Risk-Aware Sector-Neutral Contrarian,-0.0056887294678571974
2021-08-25,Tail-Risk-Aware Sector-Neutral Contrarian,-0.0033551449061594756
2021-08-26,Tail-Risk-Aware Sector-Neutral Contrarian,-0.006220690477090753
2021-08-27,Tail-Risk-Aware Sector-Neutral Contrarian,0.0015320582618014757
2021-08-30,Tail-Risk-Aware Sector-Neutral Contrarian,0.004015753104370166
2021-08-31,Tail-Risk-Aware Sector-Neutral Contrarian,0.0039830538426991165
2021-09-01,Tail-Risk-Aware Sector-Neutral Contrarian,0.0007574284493528104
2021-09-02,Tail-Risk-Aware Sector-Neutral Contrarian,0.006454890644877725
2021-09-03,Tail-Risk-Aware Sector-Neutral Contrarian,-0.00045379224812343885
2021-09-07,Tail-Risk-Aware Sector-Neutral Contrarian,-0.014455050679920782
2021-09-08,Tail-Risk-Aware Sector-Neutral Contrarian,0.0035395609889959457
2021-09-09,Tail-Risk-Aware Sector-Neutral Contrarian,-0.011420891950373553
2021-09-10,Tail-Risk-Aware Sector-Neutral Contrarian,-0.009756151214693577
2021-09-13,Tail-Risk-Aware Sector-Neutral Contrarian,0.001748653860840798
2021-09-14,Tail-Risk-Aware Sector-Neutral Contrarian,-0.004687278615477857
2021-09-15,Tail-Risk-Aware Sector-Neutral Contrarian,0.0023439005699707367
2021-09-16,Tail-Risk-Aware Sector-Neutral Contrarian,-0.0033212255436627044
2021-09-17,Tail-Risk-Aware Sector-Neutral Contrarian,-0.005793876497925171
2021-09-20,Tail-Risk-Aware Sector-Neutral Contrarian,-0.009622513938733248
2021-09-21,Tail-Risk-Aware Sector-Neutral Contrarian,-0.003289393578846869
2021-09-22,Tail-Risk-Aware Sector-Neutral Contrarian,0.001125605310258752
2021-09-23,Tail-Risk-Aware Sector-Neutral Contrarian,0.0024192877449095117
2021-09-24,Tail-Risk-Aware Sector-Neutral Contrarian,-0.002889394438467522
2021-09-27,Tail-Risk-Aware Sector-Neutral Contrarian,-0.0037237036319478735
2021-09-28,Tail-Risk-Aware Sector-Neutral Contrarian,-0.008040203317371248
2021-09-29,Tail-Risk-Aware Sector-Neutral Contrarian,0.00799233115113728
2021-09-30,Tail-Risk-Aware Sector-Neutral Contrarian,-0.009522862547890414
2021-10-01,Tail-Risk-Aware Sector-Neutral Contrarian,0.021422040906534642
2021-10-04,Tail-Risk-Aware Sector-Neutral Contrarian,0.0010221618212882385
2021-10-05,Tail-Risk-Aware Sector-Neutral Contrarian,0.0008485485024656513
2021-10-06,Tail-Risk-Aware Sector-Neutral Contrarian,-0.003954953031857091
2021-10-07,Tail-Risk-Aware Sector-Neutral Contrarian,0.009286558795290896
2021-10-08,Tail-Risk-Aware Sector-Neutral Contrarian,-0.0027268173056406338
2021-10-11,Tail-Risk-Aware Sector-Neutral Contrarian,-0.006833194985665786
2021-10-12,Tail-Risk-Aware Sector-Neutral Contrarian,0.000411546598183312
2021-10-13,Tail-Risk-Aware Sector-Neutral Contrarian,0.001554011659600965
2021-10-14,Tail-Risk-Aware Sector-Neutral Contrarian,0.006229021653229981
2021-10-15,Tail-Risk-Aware Sector-Neutral Contrarian,-0.002060722925919858
2021-10-18,Tail-Risk-Aware Sector-Neutral Contrarian,-0.00018679576914268847
2021-10-19,Tail-Risk-Aware Sector-Neutral Contrarian,0.011084214522321138
2021-10-20,Tail-Risk-Aware Sector-Neutral Contrarian,0.009722473940141405
2021-10-21,Tail-Risk-Aware Sector-Neutral Contrarian,0.009026623912201078
2021-10-22,Tail-Risk-Aware Sector-Neutral Contrarian,0.001934588061155624
2021-10-25,Tail-Risk-Aware Sector-Neutral Contrarian,0.004084980269363828
2021-10-26,Tail-Risk-Aware Sector-Neutral Contrarian,0.0027259952992272412
2021-10-27,Tail-Risk-Aware Sector-Neutral Contrarian,-0.0115993958582481
2021-10-28,Tail-Risk-Aware Sector-Neutral Contrarian,0.014832065021654135
2021-10-29,Tail-Risk-Aware Sector-Neutral Contrarian,-0.0057066801855541315
2021-11-01,Tail-Risk-Aware Sector-Neutral Contrarian,0.004540914296892126
2021-11-02,Tail-Risk-Aware Sector-Neutral Contrarian,0.0023313141309738946
2021-11-03,Tail-Risk-Aware Sector-Neutral Contrarian,0.0002334213395446387
2021-11-04,Tail-Risk-Aware Sector-Neutral Contrarian,-0.0015379636487768008
2021-11-05,Tail-Risk-Aware Sector-Neutral Contrarian,-0.008457276182537936
2021-11-08,Tail-Risk-Aware Sector-Neutral Contrarian,0.0038110570996079175
2021-11-09,Tail-Risk-Aware Sector-Neutral Contrarian,-0.00046905875028761904
2021-11-10,Tail-Risk-Aware Sector-Neutral Contrarian,0.0004086917037897923
2021-11-11,Tail-Risk-Aware Sector-Neutral Contrarian,0.0006119915975776296
2021-11-12,Tail-Risk-Aware Sector-Neutral Contrarian,0.0031330156436775937
2021-11-15,Tail-Risk-Aware Sector-Neutral Contrarian,-4.4599699458337934e-05
2021-11-16,Tail-Risk-Aware Sector-Neutral Contrarian,-0.0038060321779288513
2021-11-17,Tail-Risk-Aware Sector-Neutral Contrarian,-0.003753212793743585
2021-11-18,Tail-Risk-Aware Sector-Neutral Contrarian,-0.003174517204410475
2021-11-19,Tail-Risk-Aware Sector-Neutral Contrarian,-0.006086554086514313
2021-11-22,Tail-Risk-Aware Sector-Neutral Contrarian,0.0033870830805790564
2021-11-23,Tail-Risk-Aware Sector-Neutral Contrarian,0.003212829134748968
2021-11-24,Tail-Risk-Aware Sector-Neutral Contrarian,0.0011762700542908857
2021-11-26,Tail-Risk-Aware Sector-Neutral Contrarian,-0.011269132409810319
2021-11-29,Tail-Risk-Aware Sector-Neutral Contrarian,0.004803756414926929
2021-11-30,Tail-Risk-Aware Sector-Neutral Contrarian,-0.024009188599796394
2021-12-01,Tail-Risk-Aware Sector-Neutral Contrarian,-0.012488188489583666
2021-12-02,Tail-Risk-Aware Sector-Neutral Contrarian,0.013068283522680439
2021-12-03,Tail-Risk-Aware Sector-Neutral Contrarian,0.008814328455694114
2021-12-06,Tail-Risk-Aware Sector-Neutral Contrarian,0.00948047525209073
2021-12-07,Tail-Risk-Aware Sector-Neutral Contrarian,0.0027719685164226725
2021-12-08,Tail-Risk-Aware Sector-Neutral Contrarian,0.0008758474336404776
2021-12-09,Tail-Risk-Aware Sector-Neutral Contrarian,-0.0013218095553780118
2021-12-10,Tail-Risk-Aware Sector-Neutral Contrarian,0.006822467096195729
2021-12-13,Tail-Risk-Aware Sector-Neutral Contrarian,0.004727158827151596
2021-12-14,Tail-Risk-Aware Sector-Neutral Contrarian,0.001967918571571863
2021-12-15,Tail-Risk-Aware Sector-Neutral Contrarian,0.01186283282355418
2021-12-16,Tail-Risk-Aware Sector-Neutral Contrarian,0.012451265710423199
2021-12-17,Tail-Risk-Aware Sector-Neutral Contrarian,-0.013364479369063162
2021-12-20,Tail-Risk-Aware Sector-Neutral Contrarian,0.004207316309929457
2021-12-21,Tail-Risk-Aware Sector-Neutral Contrarian,0.0019694647966494072
2021-12-22,Tail-Risk-Aware Sector-Neutral Contrarian,0.005541151448629347
2021-12-23,Tail-Risk-Aware Sector-Neutral Contrarian,0.001971102496545256
2021-12-27,Tail-Risk-Aware Sector-Neutral Contrarian,0.009601829683429227
2021-12-28,Tail-Risk-Aware Sector-Neutral Contrarian,0.005016661245009036
2021-12-29,Tail-Risk-Aware Sector-Neutral Contrarian,0.0011332463354470606
2021-12-30,Tail-Risk-Aware Sector-Neutral Contrarian,0.0010727426083036687
2021-12-31,Tail-Risk-Aware Sector-Neutral Contrarian,-0.0011222759400773316
2022-01-03,Tail-Risk-Aware Sector-Neutral Contrarian,0.002040555172877938
2022-01-04,Tail-Risk-Aware Sector-Neutral Contrarian,0.000497211511254975
2022-01-05,Tail-Risk-Aware Sector-Neutral Contrarian,-0.004004980387337763
2022-01-06,Tail-Risk-Aware Sector-Neutral Contrarian,-0.0065585480593131
2022-01-07,Tail-Risk-Aware Sector-Neutral Contrarian,0.003352477408164244
2022-01-10,Tail-Risk-Aware Sector-Neutral Contrarian,-0.0031567136179321545
2022-01-11,Tail-Risk-Aware Sector-Neutral Contrarian,0.004838736224418943
2022-01-12,Tail-Risk-Aware Sector-Neutral Contrarian,0.002643137245629503
2022-01-13,Tail-Risk-Aware Sector-Neutral Contrarian,-0.0018111185160748088
2022-01-14,Tail-Risk-Aware Sector-Neutral Contrarian,-0.002807663598128874
2022-01-18,Tail-Risk-Aware Sector-Neutral Contrarian,-0.007853218155663234
2022-01-19,Tail-Risk-Aware Sector-Neutral Contrarian,0.0016887069095403318
2022-01-20,Tail-Risk-Aware Sector-Neutral Contrarian,-0.009515638805239757
2022-01-21,Tail-Risk-Aware Sector-Neutral Contrarian,-0.0034526548226907804
2022-01-24,Tail-Risk-Aware Sector-Neutral Contrarian,-0.005680422217154422
2022-01-25,Tail-Risk-Aware Sector-Neutral Contrarian,-0.007276049507737481
2022-01-26,Tail-Risk-Aware Sector-Neutral Contrarian,-0.009327804774004623
2022-01-27,Tail-Risk-Aware Sector-Neutral Contrarian,0.0018112472170284432
2022-01-28,Tail-Risk-Aware Sector-Neutral Contrarian,0.010916771305955409
2022-01-31,Tail-Risk-Aware Sector-Neutral Contrarian,0.009227722385361528
2022-02-01,Tail-Risk-Aware Sector-Neutral Contrarian,-0.001987143174412112
2022-02-02,Tail-Risk-Aware Sector-Neutral Contrarian,0.008087914102849697
2022-02-03,Tail-Risk-Aware Sector-Neutral Contrarian,-0.009689933163946052
2022-02-04,Tail-Risk-Aware Sector-Neutral Contrarian,-0.0032580295282479362
2022-02-07,Tail-Risk-Aware Sector-Neutral Contrarian,-8.742591025688573e-05
2022-02-08,Tail-Risk-Aware Sector-Neutral Contrarian,-0.0028332327420256117
2022-02-09,Tail-Risk-Aware Sector-Neutral Contrarian,0.00793700076792653
2022-02-10,Tail-Risk-Aware Sector-Neutral Contrarian,-0.017467054269941076
2022-02-11,Tail-Risk-Aware Sector-Neutral Contrarian,-0.004307928370386797
2022-02-14,Tail-Risk-Aware Sector-Neutral Contrarian,-0.007824479415854561
2022-02-15,Tail-Risk-Aware Sector-Neutral Contrarian,0.004902063724556293
2022-02-16,Tail-Risk-Aware Sector-Neutral Contrarian,-0.0009676764050452118
2022-02-17,Tail-Risk-Aware Sector-Neutral Contrarian,-0.008946367224835139
2022-02-18,Tail-Risk-Aware Sector-Neutral Contrarian,-0.004214042781910688
2022-02-22,Tail-Risk-Aware Sector-Neutral Contrarian,-0.006201683717417911
2022-02-23,Tail-Risk-Aware Sector-Neutral Contrarian,-0.007905043516173322
2022-02-24,Tail-Risk-Aware Sector-Neutral Contrarian,0.0026534697366824237
2022-02-25,Tail-Risk-Aware Sector-Neutral Contrarian,0.025183786427346276
2022-02-28,Tail-Risk-Aware Sector-Neutral Contrarian,-0.0025784441204323148
2022-03-01,Tail-Risk-Aware Sector-Neutral Contrarian,-0.00046505066969420325
2022-03-02,Tail-Risk-Aware Sector-Neutral Contrarian,0.01225983877467061
2022-03-03,Tail-Risk-Aware Sector-Neutral Contrarian,0.009097534154367799
2022-03-04,Tail-Risk-Aware Sector-Neutral Contrarian,0.008730160947446539
2022-03-07,Tail-Risk-Aware Sector-Neutral Contrarian,-0.009402139534492577
2022-03-08,Tail-Risk-Aware Sector-Neutral Contrarian,-0.012253231561445824
2022-03-09,Tail-Risk-Aware Sector-Neutral Contrarian,0.00251604016858639
2022-03-10,Tail-Risk-Aware Sector-Neutral Contrarian,0.002540779551514642
2022-03-11,Tail-Risk-Aware Sector-Neutral Contrarian,-0.006960736804746309
2022-03-14,Tail-Risk-Aware Sector-Neutral Contrarian,-0.007108713960598714
2022-03-15,Tail-Risk-Aware Sector-Neutral Contrarian,0.007059982845656225
2022-03-16,Tail-Risk-Aware Sector-Neutral Contrarian,0.0046940436704299374
2022-03-17,Tail-Risk-Aware Sector-Neutral Contrarian,0.010837189139595828
2022-03-18,Tail-Risk-Aware Sector-Neutral Contrarian,0.0027171926588276103
2022-03-21,Tail-Risk-Aware Sector-Neutral Contrarian,0.002539382351784242
2022-03-22,Tail-Risk-Aware Sector-Neutral Contrarian,0.0035978540521304668
2022-03-23,Tail-Risk-Aware Sector-Neutral Contrarian,-0.008866454493745497
2022-03-24,Tail-Risk-Aware Sector-Neutral Contrarian,0.00623003910605241
2022-03-25,Tail-Risk-Aware Sector-Neutral Contrarian,0.007108906953730886
2022-03-28,Tail-Risk-Aware Sector-Neutral Contrarian,0.007133426164006748
2022-03-29,Tail-Risk-Aware Sector-Neutral Contrarian,0.012590251248738242
2022-03-30,Tail-Risk-Aware Sector-Neutral Contrarian,0.0004525710265811363
2022-03-31,Tail-Risk-Aware Sector-Neutral Contrarian,-0.008676966181951759
2022-04-01,Tail-Risk-Aware Sector-Neutral Contrarian,0.010272588171593353
2022-04-04,Tail-Risk-Aware Sector-Neutral Contrarian,0.0008374474237660447
2022-04-05,Tail-Risk-Aware Sector-Neutral Contrarian,-0.0010359693451219999
2022-04-06,Tail-Risk-Aware Sector-Neutral Contrarian,0.012188680782256458
2022-04-07,Tail-Risk-Aware Sector-Neutral Contrarian,0.005980628752946997
2022-04-08,Tail-Risk-Aware Sector-Neutral Contrarian,0.005275527407468347
2022-04-11,Tail-Risk-Aware Sector-Neutral Contrarian,-0.01435728667300901
2022-04-12,Tail-Risk-Aware Sector-Neutral Contrarian,0.0017029314435239094
2022-04-13,Tail-Risk-Aware Sector-Neutral Contrarian,0.002528979593274256
2022-04-14,Tail-Risk-Aware Sector-Neutral Contrarian,0.0034408474783556788
2022-04-18,Tail-Risk-Aware Sector-Neutral Contrarian,-0.006593278663533143
2022-04-19,Tail-Risk-Aware Sector-Neutral Contrarian,0.005827583952670229
2022-04-20,Tail-Risk-Aware Sector-Neutral Contrarian,0.0038510417164740168
2022-04-21,Tail-Risk-Aware Sector-Neutral Contrarian,-0.008206947732161587
2022-04-22,Tail-Risk-Aware Sector-Neutral Contrarian,-0.014972855284313573
2022-04-25,Tail-Risk-Aware Sector-Neutral Contrarian,0.0010855248085627628
2022-04-26,Tail-Risk-Aware Sector-Neutral Contrarian,-0.011031794471708253
2022-04-27,Tail-Risk-Aware Sector-Neutral Contrarian,0.00019934603693896538
2022-04-28,Tail-Risk-Aware Sector-Neutral Contrarian,0.020364699517489565
2022-04-29,Tail-Risk-Aware Sector-Neutral Contrarian,-0.028226840827820173
2022-05-02,Tail-Risk-Aware Sector-Neutral Contrarian,-0.0034754539976408058
2022-05-03,Tail-Risk-Aware Sector-Neutral Contrarian,0.0015440846740522867
2022-05-04,Tail-Risk-Aware Sector-Neutral Contrarian,0.02348895504284562
2022-05-05,Tail-Risk-Aware Sector-Neutral Contrarian,-0.013249386431879364
2022-05-06,Tail-Risk-Aware Sector-Neutral Contrarian,-0.004158439839422892
2022-05-09,Tail-Risk-Aware Sector-Neutral Contrarian,-0.017334557067514897
2022-05-10,Tail-Risk-Aware Sector-Neutral Contrarian,-0.008579839209902964
2022-05-11,Tail-Risk-Aware Sector-Neutral Contrarian,0.010261431028998465
2022-05-12,Tail-Risk-Aware Sector-Neutral Contrarian,0.005682330502556306
2022-05-13,Tail-Risk-Aware Sector-Neutral Contrarian,0.009231725795830231
2022-05-16,Tail-Risk-Aware Sector-Neutral Contrarian,0.009529886433645671
2022-05-17,Tail-Risk-Aware Sector-Neutral Contrarian,-0.0020018393965564596
2022-05-18,Tail-Risk-Aware Sector-Neutral Contrarian,-0.02627892041834254
2022-05-19,Tail-Risk-Aware Sector-Neutral Contrarian,-0.006200058786981479
2022-05-20,Tail-Risk-Aware Sector-Neutral Contrarian,0.0032276320305526535
2022-05-23,Tail-Risk-Aware Sector-Neutral Contrarian,0.01745147586504565
2022-05-24,Tail-Risk-Aware Sector-Neutral Contrarian,0.010718471030773075
2022-05-25,Tail-Risk-Aware Sector-Neutral Contrarian,0.003001129378940242
2022-05-26,Tail-Risk-Aware Sector-Neutral Contrarian,0.0036446636384650445
2022-05-27,Tail-Risk-Aware Sector-Neutral Contrarian,0.01006421511553808
2022-05-31,Tail-Risk-Aware Sector-Neutral Contrarian,-0.012767412945304455
2022-06-01,Tail-Risk-Aware Sector-Neutral Contrarian,-0.006034825978547676
2022-06-02,Tail-Risk-Aware Sector-Neutral Contrarian,0.003310013484091115
2022-06-03,Tail-Risk-Aware Sector-Neutral Contrarian,-0.0059641845484972675
2022-06-06,Tail-Risk-Aware Sector-Neutral Contrarian,-0.0009426402312843531
2022-06-07,Tail-Risk-Aware Sector-Neutral Contrarian,0.007133124683480286
2022-06-08,Tail-Risk-Aware Sector-Neutral Contrarian,-0.011593295181912586
2022-06-09,Tail-Risk-Aware Sector-Neutral Contrarian,-0.023298207399184565
2022-06-10,Tail-Risk-Aware Sector-Neutral Contrarian,-0.010430509090589289
2022-06-13,Tail-Risk-Aware Sector-Neutral Contrarian,-0.033253734428333785
2022-06-14,Tail-Risk-Aware Sector-Neutral Contrarian,-0.010728399590543825
2022-06-15,Tail-Risk-Aware Sector-Neutral Contrarian,0.001767801637488009
2022-06-16,Tail-Risk-Aware Sector-Neutral Contrarian,-0.004851207854143997
2022-06-17,Tail-Risk-Aware Sector-Neutral Contrarian,-0.007134347054017095
2022-06-21,Tail-Risk-Aware Sector-Neutral Contrarian,0.02313445371827718
2022-06-22,Tail-Risk-Aware Sector-Neutral Contrarian,0.002301168470013343
2022-06-23,Tail-Risk-Aware Sector-Neutral Contrarian,0.01627665226882442
2022-06-24,Tail-Risk-Aware Sector-Neutral Contrarian,0.015594481189023528
2022-06-27,Tail-Risk-Aware Sector-Neutral Contrarian,0.0008788988067579045
2022-06-28,Tail-Risk-Aware Sector-Neutral Contrarian,-0.014138249325297749
2022-06-29,Tail-Risk-Aware Sector-Neutral Contrarian,0.0006205126050316141
2022-06-30,Tail-Risk-Aware Sector-Neutral Contrarian,-0.009796815184700372
2022-07-01,Tail-Risk-Aware Sector-Neutral Contrarian,0.016790181946695532
2022-07-05,Tail-Risk-Aware Sector-Neutral Contrarian,-0.002541522523030086
2022-07-06,Tail-Risk-Aware Sector-Neutral Contrarian,-0.001253589281462531
2022-07-07,Tail-Risk-Aware Sector-Neutral Contrarian,0.00407782896527562
2022-07-08,Tail-Risk-Aware Sector-Neutral Contrarian,-0.0070846749665125774
2022-07-11,Tail-Risk-Aware Sector-Neutral Contrarian,-0.002945738742282918
2022-07-12,Tail-Risk-Aware Sector-Neutral Contrarian,-0.004105939186624519
2022-07-13,Tail-Risk-Aware Sector-Neutral Contrarian,-0.002798082908189431
2022-07-14,Tail-Risk-Aware Sector-Neutral Contrarian,-0.007572943187167657
2022-07-15,Tail-Risk-Aware Sector-Neutral Contrarian,0.014050411653821442
2022-07-18,Tail-Risk-Aware Sector-Neutral Contrarian,-0.011392491807310775
2022-07-19,Tail-Risk-Aware Sector-Neutral Contrarian,0.018515197747031968
2022-07-20,Tail-Risk-Aware Sector-Neutral Contrarian,0.00024786751201648317
2022-07-21,Tail-Risk-Aware Sector-Neutral Contrarian,0.003875791142119268
2022-07-22,Tail-Risk-Aware Sector-Neutral Contrarian,-0.003589698360674783
2022-07-25,Tail-Risk-Aware Sector-Neutral Contrarian,-0.0024005333903047254
2022-07-26,Tail-Risk-Aware Sector-Neutral Contrarian,-0.0009964205399140918
2022-07-27,Tail-Risk-Aware Sector-Neutral Contrarian,0.004218349380376691
2022-07-28,Tail-Risk-Aware Sector-Neutral Contrarian,0.005453988697835381
2022-07-29,Tail-Risk-Aware Sector-Neutral Contrarian,0.006749040951030344
2022-08-01,Tail-Risk-Aware Sector-Neutral Contrarian,-0.002928911470997823
2022-08-02,Tail-Risk-Aware Sector-Neutral Contrarian,-0.005673168308876945
2022-08-03,Tail-Risk-Aware Sector-Neutral Contrarian,0.02230640934792018
2022-08-04,Tail-Risk-Aware Sector-Neutral Contrarian,-0.005829014299215584
2022-08-05,Tail-Risk-Aware Sector-Neutral Contrarian,-0.008354688699181562
2022-08-08,Tail-Risk-Aware Sector-Neutral Contrarian,0.006293733462152619
2022-08-09,Tail-Risk-Aware Sector-Neutral Contrarian,0.0016394022522777944
2022-08-10,Tail-Risk-Aware Sector-Neutral Contrarian,0.01649389565268974
2022-08-11,Tail-Risk-Aware Sector-Neutral Contrarian,0.0030517549748328857
2022-08-12,Tail-Risk-Aware Sector-Neutral Contrarian,0.015023195067267691
2022-08-15,Tail-Risk-Aware Sector-Neutral Contrarian,0.019224954175115418
2022-08-16,Tail-Risk-Aware Sector-Neutral Contrarian,0.005834019292481906
2022-08-17,Tail-Risk-Aware Sector-Neutral Contrarian,-0.009254938530917727
2022-08-18,Tail-Risk-Aware Sector-Neutral Contrarian,-0.003059475518699985
2022-08-19,Tail-Risk-Aware Sector-Neutral Contrarian,-0.00032068035643170815
2022-08-22,Tail-Risk-Aware Sector-Neutral Contrarian,-0.017320988250452998
2022-08-23,Tail-Risk-Aware Sector-Neutral Contrarian,-0.003918561264838367
2022-08-24,Tail-Risk-Aware Sector-Neutral Contrarian,0.0012087299453175998
2022-08-25,Tail-Risk-Aware Sector-Neutral Contrarian,0.004503485687031634
2022-08-26,Tail-Risk-Aware Sector-Neutral Contrarian,-0.018151680219811
2022-08-29,Tail-Risk-Aware Sector-Neutral Contrarian,-0.0025739867056879177
2022-08-30,Tail-Risk-Aware Sector-Neutral Contrarian,-0.01002925132897696
2022-08-31,Tail-Risk-Aware Sector-Neutral Contrarian,0.0004996558821819668
2022-09-01,Tail-Risk-Aware Sector-Neutral Contrarian,0.011563722670297146
2022-09-02,Tail-Risk-Aware Sector-Neutral Contrarian,-0.00946154596742175
2022-09-06,Tail-Risk-Aware Sector-Neutral Contrarian,-0.003046713014183032
2022-09-07,Tail-Risk-Aware Sector-Neutral Contrarian,0.01733387620296987
2022-09-08,Tail-Risk-Aware Sector-Neutral Contrarian,0.0026663077801179665
2022-09-09,Tail-Risk-Aware Sector-Neutral Contrarian,0.008316817418622635
2022-09-12,Tail-Risk-Aware Sector-Neutral Contrarian,0.014869084319779995
2022-09-13,Tail-Risk-Aware Sector-Neutral Contrarian,-0.02976162584811617
2022-09-14,Tail-Risk-Aware Sector-Neutral Contrarian,0.00726546677074434
2022-09-15,Tail-Risk-Aware Sector-Neutral Contrarian,-0.011277165732838736
2022-09-16,Tail-Risk-Aware Sector-Neutral Contrarian,0.0012444237136346329
2022-09-19,Tail-Risk-Aware Sector-Neutral Contrarian,0.00427797384424923
2022-09-20,Tail-Risk-Aware Sector-Neutral Contrarian,-0.014240061191139691
2022-09-21,Tail-Risk-Aware Sector-Neutral Contrarian,-0.012967654509313836
2022-09-22,Tail-Risk-Aware Sector-Neutral Contrarian,0.0033839897291639436
2022-09-23,Tail-Risk-Aware Sector-Neutral Contrarian,-0.018431193160667977
2022-09-26,Tail-Risk-Aware Sector-Neutral Contrarian,-0.010896375625768088
2022-09-27,Tail-Risk-Aware Sector-Neutral Contrarian,-0.005183388366658231
2022-09-28,Tail-Risk-Aware Sector-Neutral Contrarian,0.022298414427051567
2022-09-29,Tail-Risk-Aware Sector-Neutral Contrarian,-0.015473054744162443
2022-09-30,Tail-Risk-Aware Sector-Neutral Contrarian,-0.01599354824713326
2022-10-03,Tail-Risk-Aware Sector-Neutral Contrarian,0.026440727201641895
2022-10-04,Tail-Risk-Aware Sector-Neutral Contrarian,0.02156177665606264
2022-10-05,Tail-Risk-Aware Sector-Neutral Contrarian,-0.0038578794457245235
2022-10-06,Tail-Risk-Aware Sector-Neutral Contrarian,-0.006390550660457716
2022-10-07,Tail-Risk-Aware Sector-Neutral Contrarian,-0.015018790977503995
2022-10-10,Tail-Risk-Aware Sector-Neutral Contrarian,0.0017379356971748204
2022-10-11,Tail-Risk-Aware Sector-Neutral Contrarian,0.017203300508618763
2022-10-12,Tail-Risk-Aware Sector-Neutral Contrarian,-0.005735025052073424
2022-10-13,Tail-Risk-Aware Sector-Neutral Contrarian,0.018859810685818705
2022-10-14,Tail-Risk-Aware Sector-Neutral Contrarian,-0.011395411677639519
2022-10-17,Tail-Risk-Aware Sector-Neutral Contrarian,0.01171665761010831
2022-10-18,Tail-Risk-Aware Sector-Neutral Contrarian,0.010488463150418867
2022-10-19,Tail-Risk-Aware Sector-Neutral Contrarian,-0.00692100901701004
2022-10-20,Tail-Risk-Aware Sector-Neutral Contrarian,-0.0017323322543160088
2022-10-21,Tail-Risk-Aware Sector-Neutral Contrarian,0.020512062423019624
2022-10-24,Tail-Risk-Aware Sector-Neutral Contrarian,0.017184469891932373
2022-10-25,Tail-Risk-Aware Sector-Neutral Contrarian,0.006710302996300173
2022-10-26,Tail-Risk-Aware Sector-Neutral Contrarian,0.01193515507270665
2022-10-27,Tail-Risk-Aware Sector-Neutral Contrarian,0.0011341106095626523
2022-10-28,Tail-Risk-Aware Sector-Neutral Contrarian,0.0194096385922305
2022-10-31,Tail-Risk-Aware Sector-Neutral Contrarian,-0.006315654157213855
2022-11-01,Tail-Risk-Aware Sector-Neutral Contrarian,-0.002524627714526178
2022-11-02,Tail-Risk-Aware Sector-Neutral Contrarian,-0.010692185419376997
2022-11-03,Tail-Risk-Aware Sector-Neutral Contrarian,-0.0029718405575378153
2022-11-04,Tail-Risk-Aware Sector-Neutral Contrarian,0.014239912195390673
2022-11-07,Tail-Risk-Aware Sector-Neutral Contrarian,0.01121416214278211
2022-11-08,Tail-Risk-Aware Sector-Neutral Contrarian,0.004612087563937519
2022-11-09,Tail-Risk-Aware Sector-Neutral Contrarian,-0.010705714466544784
2022-11-10,Tail-Risk-Aware Sector-Neutral Contrarian,0.022856465858103824
2022-11-11,Tail-Risk-Aware Sector-Neutral Contrarian,-0.004400786408400977
2022-11-14,Tail-Risk-Aware Sector-Neutral Contrarian,0.001295917042418811
2022-11-15,Tail-Risk-Aware Sector-Neutral Contrarian,0.004348641849348862
2022-11-16,Tail-Risk-Aware Sector-Neutral Contrarian,-0.0028040067208318343
2022-11-17,Tail-Risk-Aware Sector-Neutral Contrarian,0.0047814683246429415
2022-11-18,Tail-Risk-Aware Sector-Neutral Contrarian,0.011386882723434584
2022-11-21,Tail-Risk-Aware Sector-Neutral Contrarian,0.006002933236098728
2022-11-22,Tail-Risk-Aware Sector-Neutral Contrarian,0.012001960882172645
2022-11-23,Tail-Risk-Aware Sector-Neutral Contrarian,0.0004729373211673347
2022-11-25,Tail-Risk-Aware Sector-Neutral Contrarian,0.0010892145060496083
2022-11-28,Tail-Risk-Aware Sector-Neutral Contrarian,-0.009231695305066
2022-11-29,Tail-Risk-Aware Sector-Neutral Contrarian,0.0035195851883940907
2022-11-30,Tail-Risk-Aware Sector-Neutral Contrarian,0.018302697497245585
2022-12-01,Tail-Risk-Aware Sector-Neutral Contrarian,0.0007925209103623434
2022-12-02,Tail-Risk-Aware Sector-Neutral Contrarian,0.0035703537164377204
2022-12-05,Tail-Risk-Aware Sector-Neutral Contrarian,-0.008663338729364702
2022-12-06,Tail-Risk-Aware Sector-Neutral Contrarian,-0.00955502533005154
2022-12-07,Tail-Risk-Aware Sector-Neutral Contrarian,0.003602595538555187
2022-12-08,Tail-Risk-Aware Sector-Neutral Contrarian,0.004401265020409184
2022-12-09,Tail-Risk-Aware Sector-Neutral Contrarian,-0.015609280172876697
2022-12-12,Tail-Risk-Aware Sector-Neutral Contrarian,0.005323597308301655
2022-12-13,Tail-Risk-Aware Sector-Neutral Contrarian,0.003162595521614956
2022-12-14,Tail-Risk-Aware Sector-Neutral Contrarian,0.0002268864047426423
2022-12-15,Tail-Risk-Aware Sector-Neutral Contrarian,-0.015986727859277624
2022-12-16,Tail-Risk-Aware Sector-Neutral Contrarian,-0.004616727697005529
2022-12-19,Tail-Risk-Aware Sector-Neutral Contrarian,-0.0015088377192444646
2022-12-20,Tail-Risk-Aware Sector-Neutral Contrarian,7.648367974878278e-05
2022-12-21,Tail-Risk-Aware Sector-Neutral Contrarian,0.012127415475765947
2022-12-22,Tail-Risk-Aware Sector-Neutral Contrarian,-0.004524705290575601
2022-12-23,Tail-Risk-Aware Sector-Neutral Contrarian,0.0050892756142822595
2022-12-27,Tail-Risk-Aware Sector-Neutral Contrarian,0.0018987715019570753
2022-12-28,Tail-Risk-Aware Sector-Neutral Contrarian,-0.009450676628189764
2022-12-29,Tail-Risk-Aware Sector-Neutral Contrarian,0.0066213039241373286
2022-12-30,Tail-Risk-Aware Sector-Neutral Contrarian,-0.00028449980301914067
2023-01-03,Tail-Risk-Aware Sector-Neutral Contrarian,-2.8197711199127356e-05
2023-01-04,Tail-Risk-Aware Sector-Neutral Contrarian,0.008502889569874888
2023-01-05,Tail-Risk-Aware Sector-Neutral Contrarian,5.541737878052798e-05
2023-01-06,Tail-Risk-Aware Sector-Neutral Contrarian,0.016274724499803453
2023-01-09,Tail-Risk-Aware Sector-Neutral Contrarian,-0.014997494300331838
2023-01-10,Tail-Risk-Aware Sector-Neutral Contrarian,0.0019271724515412959
2023-01-11,Tail-Risk-Aware Sector-Neutral Contrarian,0.001285756680877577
2023-01-12,Tail-Risk-Aware Sector-Neutral Contrarian,-0.00447081325183948
2023-01-13,Tail-Risk-Aware Sector-Neutral Contrarian,0.002571769032707284
2023-01-17,Tail-Risk-Aware Sector-Neutral Contrarian,-0.005282975851322947
2023-01-18,Tail-Risk-Aware Sector-Neutral Contrarian,-0.01785065737263117
2023-01-19,Tail-Risk-Aware Sector-Neutral Contrarian,-0.0027095449207960843
2023-01-20,Tail-Risk-Aware Sector-Neutral Contrarian,0.009118130601395241
2023-01-23,Tail-Risk-Aware Sector-Neutral Contrarian,0.0019260158336605175
2023-01-24,Tail-Risk-Aware Sector-Neutral Contrarian,-0.0019441250223168527
2023-01-25,Tail-Risk-Aware Sector-Neutral Contrarian,-0.0018170099504230533
2023-01-26,Tail-Risk-Aware Sector-Neutral Contrarian,0.0013461284672050076
2023-01-27,Tail-Risk-Aware Sector-Neutral Contrarian,-0.005862315685753409
2023-01-30,Tail-Risk-Aware Sector-Neutral Contrarian,-0.004781976166164981
2023-01-31,Tail-Risk-Aware Sector-Neutral Contrarian,0.006914595866545958
2023-02-01,Tail-Risk-Aware Sector-Neutral Contrarian,-0.022578636792029483
2023-02-02,Tail-Risk-Aware Sector-Neutral Contrarian,-0.008816900152863235
2023-02-03,Tail-Risk-Aware Sector-Neutral Contrarian,-0.009083757856766763
2023-02-06,Tail-Risk-Aware Sector-Neutral Contrarian,-0.003207073087011048
2023-02-07,Tail-Risk-Aware Sector-Neutral Contrarian,0.0059082899011606805
2023-02-08,Tail-Risk-Aware Sector-Neutral Contrarian,-0.00973868888849963
2023-02-09,Tail-Risk-Aware Sector-Neutral Contrarian,-0.0018708974166008149
2023-02-10,Tail-Risk-Aware Sector-Neutral Contrarian,0.011901743628949997
2023-02-13,Tail-Risk-Aware Sector-Neutral Contrarian,0.00747151344755071
2023-02-14,Tail-Risk-Aware Sector-Neutral Contrarian,-0.007623542262075882
2023-02-15,Tail-Risk-Aware Sector-Neutral Contrarian,0.0005404009739489525
2023-02-16,Tail-Risk-Aware Sector-Neutral Contrarian,-0.01401446804608544
2023-02-17,Tail-Risk-Aware Sector-Neutral Contrarian,0.012766425128223959
2023-02-21,Tail-Risk-Aware Sector-Neutral Contrarian,-0.0051801979057463955
2023-02-22,Tail-Risk-Aware Sector-Neutral Contrarian,-0.005730496213111922
2023-02-23,Tail-Risk-Aware Sector-Neutral Contrarian,0.0019452556585394304
2023-02-24,Tail-Risk-Aware Sector-Neutral Contrarian,-0.008872132895629627
2023-02-27,Tail-Risk-Aware Sector-Neutral Contrarian,0.0009561595308326248
2023-02-28,Tail-Risk-Aware Sector-Neutral Contrarian,-0.008307374990339879
2023-03-01,Tail-Risk-Aware Sector-Neutral Contrarian,0.002496420871069311
2023-03-02,Tail-Risk-Aware Sector-Neutral Contrarian,0.004173998400625156
2023-03-03,Tail-Risk-Aware Sector-Neutral Contrarian,0.004187073025614648
2023-03-06,Tail-Risk-Aware Sector-Neutral Contrarian,0.00269265557160741
2023-03-07,Tail-Risk-Aware Sector-Neutral Contrarian,-0.014961462743200477
2023-03-08,Tail-Risk-Aware Sector-Neutral Contrarian,-0.002572619079164671
2023-03-09,Tail-Risk-Aware Sector-Neutral Contrarian,-0.012802343139084217
2023-03-10,Tail-Risk-Aware Sector-Neutral Contrarian,-0.0008251915788547301
2023-03-13,Tail-Risk-Aware Sector-Neutral Contrarian,0.012606919897952812
2023-03-14,Tail-Risk-Aware Sector-Neutral Contrarian,0.001709096541992754
2023-03-15,Tail-Risk-Aware Sector-Neutral Contrarian,0.005803767000874257
2023-03-16,Tail-Risk-Aware Sector-Neutral Contrarian,0.0013794235987745307
2023-03-17,Tail-Risk-Aware Sector-Neutral Contrarian,-0.012381704102262412
2023-03-20,Tail-Risk-Aware Sector-Neutral Contrarian,0.015028938654532604
2023-03-21,Tail-Risk-Aware Sector-Neutral Contrarian,-0.002547659369479223
2023-03-22,Tail-Risk-Aware Sector-Neutral Contrarian,-0.015226734412919047
2023-03-23,Tail-Risk-Aware Sector-Neutral Contrarian,0.007059126435197471
2023-03-24,Tail-Risk-Aware Sector-Neutral Contrarian,0.017727370299483253
2023-03-27,Tail-Risk-Aware Sector-Neutral Contrarian,0.0014482277480126413
2023-03-28,Tail-Risk-Aware Sector-Neutral Contrarian,0.0023311834519316598
2023-03-29,Tail-Risk-Aware Sector-Neutral Contrarian,0.00965291096242037
2023-03-30,Tail-Risk-Aware Sector-Neutral Contrarian,0.0032170953173602367
2023-03-31,Tail-Risk-Aware Sector-Neutral Contrarian,0.006109618329038253
2023-04-03,Tail-Risk-Aware Sector-Neutral Contrarian,0.010621450758509626
2023-04-04,Tail-Risk-Aware Sector-Neutral Contrarian,0.007071307646517242
2023-04-05,Tail-Risk-Aware Sector-Neutral Contrarian,0.01553883334133945
2023-04-06,Tail-Risk-Aware Sector-Neutral Contrarian,-0.0005181789757780515
2023-04-10,Tail-Risk-Aware Sector-Neutral Contrarian,-0.0019303737583596322
2023-04-11,Tail-Risk-Aware Sector-Neutral Contrarian,-0.00035234676851429676
2023-04-12,Tail-Risk-Aware Sector-Neutral Contrarian,0.0005977053858358696
2023-04-13,Tail-Risk-Aware Sector-Neutral Contrarian,0.009580844229280771
2023-04-14,Tail-Risk-Aware Sector-Neutral Contrarian,-0.0039818103909732925
2023-04-17,Tail-Risk-Aware Sector-Neutral Contrarian,-0.00015389519493279533
2023-04-18,Tail-Risk-Aware Sector-Neutral Contrarian,-0.0019196845324341055
2023-04-19,Tail-Risk-Aware Sector-Neutral Contrarian,-0.0010039927507783238
2023-04-20,Tail-Risk-Aware Sector-Neutral Contrarian,-0.005065159372996934
2023-04-21,Tail-Risk-Aware Sector-Neutral Contrarian,0.0047298098896297585
2023-04-24,Tail-Risk-Aware Sector-Neutral Contrarian,0.0013565311269690846
2023-04-25,Tail-Risk-Aware Sector-Neutral Contrarian,5.788214149131512e-06
2023-04-26,Tail-Risk-Aware Sector-Neutral Contrarian,-0.020056478551943
2023-04-27,Tail-Risk-Aware Sector-Neutral Contrarian,0.008488919613923675
2023-04-28,Tail-Risk-Aware Sector-Neutral Contrarian,0.003395948961372688
2023-05-01,Tail-Risk-Aware Sector-Neutral Contrarian,0.0002724717643018373
2023-05-02,Tail-Risk-Aware Sector-Neutral Contrarian,-0.0033139018199921525
2023-05-03,Tail-Risk-Aware Sector-Neutral Contrarian,-0.0046962937808984985
2023-05-04,Tail-Risk-Aware Sector-Neutral Contrarian,-0.001564072089573193
2023-05-05,Tail-Risk-Aware Sector-Neutral Contrarian,0.009701681007134297
2023-05-08,Tail-Risk-Aware Sector-Neutral Contrarian,0.0009111634023979034
2023-05-09,Tail-Risk-Aware Sector-Neutral Contrarian,-0.006084088755697164
2023-05-10,Tail-Risk-Aware Sector-Neutral Contrarian,0.0018389632249998162
2023-05-11,Tail-Risk-Aware Sector-Neutral Contrarian,-0.0022343199295820847
2023-05-12,Tail-Risk-Aware Sector-Neutral Contrarian,9.357643321913011e-05
2023-05-15,Tail-Risk-Aware Sector-Neutral Contrarian,-0.0030482762908570745
2023-05-16,Tail-Risk-Aware Sector-Neutral Contrarian,-0.012989543155905874
2023-05-17,Tail-Risk-Aware Sector-Neutral Contrarian,-0.0018355447552724359
2023-05-18,Tail-Risk-Aware Sector-Neutral Contrarian,-4.064068763405277e-05
2023-05-19,Tail-Risk-Aware Sector-Neutral Contrarian,0.0031867950612333574
2023-05-22,Tail-Risk-Aware Sector-Neutral Contrarian,-0.007268244833357656
2023-05-23,Tail-Risk-Aware Sector-Neutral Contrarian,-0.004009492971362804
2023-05-24,Tail-Risk-Aware Sector-Neutral Contrarian,-0.005623547093314878
2023-05-25,Tail-Risk-Aware Sector-Neutral Contrarian,-0.009259939128563677
2023-05-26,Tail-Risk-Aware Sector-Neutral Contrarian,0.0002827540166775119
2023-05-30,Tail-Risk-Aware Sector-Neutral Contrarian,-0.006912078560078069
2023-05-31,Tail-Risk-Aware Sector-Neutral Contrarian,0.005410071207259655
2023-06-01,Tail-Risk-Aware Sector-Neutral Contrarian,-0.007731044639994036
2023-06-02,Tail-Risk-Aware Sector-Neutral Contrarian,0.014256986656006524
2023-06-05,Tail-Risk-Aware Sector-Neutral Contrarian,0.0007804725214175608
2023-06-06,Tail-Risk-Aware Sector-Neutral Contrarian,-0.003732084155531589
2023-06-07,Tail-Risk-Aware Sector-Neutral Contrarian,0.0037087813576047717
2023-06-08,Tail-Risk-Aware Sector-Neutral Contrarian,0.0019804739322723643
2023-06-09,Tail-Risk-Aware Sector-Neutral Contrarian,-0.0019069948485939715
2023-06-12,Tail-Risk-Aware Sector-Neutral Contrarian,-0.003706427983276537
2023-06-13,Tail-Risk-Aware Sector-Neutral Contrarian,0.007809308287680748
2023-06-14,Tail-Risk-Aware Sector-Neutral Contrarian,0.0008385719069118158
2023-06-15,Tail-Risk-Aware Sector-Neutral Contrarian,0.011667169883791139
2023-06-16,Tail-Risk-Aware Sector-Neutral Contrarian,0.006070615501239874
2023-06-20,Tail-Risk-Aware Sector-Neutral Contrarian,-0.009773248048363964
2023-06-21,Tail-Risk-Aware Sector-Neutral Contrarian,-0.0042948141411124794
2023-06-22,Tail-Risk-Aware Sector-Neutral Contrarian,0.00509657845958209
2023-06-23,Tail-Risk-Aware Sector-Neutral Contrarian,-0.009604130640343588
2023-06-26,Tail-Risk-Aware Sector-Neutral Contrarian,0.00197322819945784
2023-06-27,Tail-Risk-Aware Sector-Neutral Contrarian,0.0004546605839276152
2023-06-28,Tail-Risk-Aware Sector-Neutral Contrarian,-0.005119371395855969
2023-06-29,Tail-Risk-Aware Sector-Neutral Contrarian,-0.0016767071974309235
2023-06-30,Tail-Risk-Aware Sector-Neutral Contrarian,0.0026171479486507667
2023-07-03,Tail-Risk-Aware Sector-Neutral Contrarian,0.003598403031533862
2023-07-05,Tail-Risk-Aware Sector-Neutral Contrarian,0.0022952617389753456
2023-07-06,Tail-Risk-Aware Sector-Neutral Contrarian,-0.008424497308994815
2023-07-07,Tail-Risk-Aware Sector-Neutral Contrarian,-0.013253304815931803
2023-07-10,Tail-Risk-Aware Sector-Neutral Contrarian,0.0002761484768855966
2023-07-11,Tail-Risk-Aware Sector-Neutral Contrarian,0.010269836080521986
2023-07-12,Tail-Risk-Aware Sector-Neutral Contrarian,-0.0027785408155741476
2023-07-13,Tail-Risk-Aware Sector-Neutral Contrarian,0.0029186983777325076
2023-07-14,Tail-Risk-Aware Sector-Neutral Contrarian,0.0036658294646243804
2023-07-17,Tail-Risk-Aware Sector-Neutral Contrarian,-0.004505717781122066
2023-07-18,Tail-Risk-Aware Sector-Neutral Contrarian,0.000865818671023448
2023-07-19,Tail-Risk-Aware Sector-Neutral Contrarian,0.007984081329974963
2023-07-20,Tail-Risk-Aware Sector-Neutral Contrarian,0.014591573987226283
2023-07-21,Tail-Risk-Aware Sector-Neutral Contrarian,0.005459313267840419
2023-07-24,Tail-Risk-Aware Sector-Neutral Contrarian,0.0007357318331897111
2023-07-25,Tail-Risk-Aware Sector-Neutral Contrarian,-0.0025812834910833434
2023-07-26,Tail-Risk-Aware Sector-Neutral Contrarian,0.003873014369299607
2023-07-27,Tail-Risk-Aware Sector-Neutral Contrarian,-0.008051460726277968
2023-07-28,Tail-Risk-Aware Sector-Neutral Contrarian,0.001981412085852313
2023-07-31,Tail-Risk-Aware Sector-Neutral Contrarian,-0.004862435348068133
2023-08-01,Tail-Risk-Aware Sector-Neutral Contrarian,-0.0055096865025034
2023-08-02,Tail-Risk-Aware Sector-Neutral Contrarian,-0.006940966841018908
2023-08-03,Tail-Risk-Aware Sector-Neutral Contrarian,-0.00637044609757038
2023-08-04,Tail-Risk-Aware Sector-Neutral Contrarian,-0.0041219198060233634
2023-08-07,Tail-Risk-Aware Sector-Neutral Contrarian,0.012820607802287545
2023-08-08,Tail-Risk-Aware Sector-Neutral Contrarian,-0.002862116298342386
2023-08-09,Tail-Risk-Aware Sector-Neutral Contrarian,0.003285311168837798
2023-08-10,Tail-Risk-Aware Sector-Neutral Contrarian,-0.0014671797489443775
2023-08-11,Tail-Risk-Aware Sector-Neutral Contrarian,0.005707021754950608
2023-08-14,Tail-Risk-Aware Sector-Neutral Contrarian,-0.0018176593494049803
2023-08-15,Tail-Risk-Aware Sector-Neutral Contrarian,-0.005744161600008567
2023-08-16,Tail-Risk-Aware Sector-Neutral Contrarian,-0.0030535764380481677
2023-08-17,Tail-Risk-Aware Sector-Neutral Contrarian,-0.007945157073200385
2023-08-18,Tail-Risk-Aware Sector-Neutral Contrarian,0.004387303771239944
2023-08-21,Tail-Risk-Aware Sector-Neutral Contrarian,-0.0029183908769915673
2023-08-22,Tail-Risk-Aware Sector-Neutral Contrarian,-0.00501690454109022
2023-08-23,Tail-Risk-Aware Sector-Neutral Contrarian,0.0076091462297310074
2023-08-24,Tail-Risk-Aware Sector-Neutral Contrarian,-0.008798260987327894
2023-08-25,Tail-Risk-Aware Sector-Neutral Contrarian,0.00235992341436788
2023-08-28,Tail-Risk-Aware Sector-Neutral Contrarian,0.004218192449917863
2023-08-29,Tail-Risk-Aware Sector-Neutral Contrarian,0.006658007853070764
2023-08-30,Tail-Risk-Aware Sector-Neutral Contrarian,0.0026555241019920383
2023-08-31,Tail-Risk-Aware Sector-Neutral Contrarian,-0.0032135383342248025
2023-09-01,Tail-Risk-Aware Sector-Neutral Contrarian,0.0004191914835569273
2023-09-05,Tail-Risk-Aware Sector-Neutral Contrarian,-0.0074438058482377365
2023-09-06,Tail-Risk-Aware Sector-Neutral Contrarian,-0.0012299893950043052
2023-09-07,Tail-Risk-Aware Sector-Neutral Contrarian,0.012646656194183061
2023-09-08,Tail-Risk-Aware Sector-Neutral Contrarian,0.0037460091822406876
2023-09-11,Tail-Risk-Aware Sector-Neutral Contrarian,0.003945062741079978
2023-09-12,Tail-Risk-Aware Sector-Neutral Contrarian,-0.00032994212020485833
2023-09-13,Tail-Risk-Aware Sector-Neutral Contrarian,0.0017618046379496853
2023-09-14,Tail-Risk-Aware Sector-Neutral Contrarian,0.010070702038082083
2023-09-15,Tail-Risk-Aware Sector-Neutral Contrarian,-0.0076355230881966895
2023-09-18,Tail-Risk-Aware Sector-Neutral Contrarian,-0.0013166554349320386
2023-09-19,Tail-Risk-Aware Sector-Neutral Contrarian,0.0004566226337515642
2023-09-20,Tail-Risk-Aware Sector-Neutral Contrarian,0.002941890560930327
2023-09-21,Tail-Risk-Aware Sector-Neutral Contrarian,-0.012583723588168616
2023-09-22,Tail-Risk-Aware Sector-Neutral Contrarian,-0.00010609670557304484
2023-09-25,Tail-Risk-Aware Sector-Neutral Contrarian,0.004261993598278085
2023-09-26,Tail-Risk-Aware Sector-Neutral Contrarian,-0.003350954640507319
2023-09-27,Tail-Risk-Aware Sector-Neutral Contrarian,-0.0019308612713734832
2023-09-28,Tail-Risk-Aware Sector-Neutral Contrarian,0.0033157161863439843
2023-09-29,Tail-Risk-Aware Sector-Neutral Contrarian,-0.01056476758877891
2023-10-02,Tail-Risk-Aware Sector-Neutral Contrarian,-0.008423332297223453
2023-10-03,Tail-Risk-Aware Sector-Neutral Contrarian,-0.007575987034072648
2023-10-04,Tail-Risk-Aware Sector-Neutral Contrarian,0.004038731994408356
2023-10-05,Tail-Risk-Aware Sector-Neutral Contrarian,-0.014920401243526537
2023-10-06,Tail-Risk-Aware Sector-Neutral Contrarian,0.01126940228811207
2023-10-09,Tail-Risk-Aware Sector-Neutral Contrarian,0.005096225756763668
2023-10-10,Tail-Risk-Aware Sector-Neutral Contrarian,0.01117335192595396
2023-10-11,Tail-Risk-Aware Sector-Neutral Contrarian,0.000969867840012664
2023-10-12,Tail-Risk-Aware Sector-Neutral Contrarian,-0.004826830140885501
2023-10-13,Tail-Risk-Aware Sector-Neutral Contrarian,0.0023288277467303354
2023-10-16,Tail-Risk-Aware Sector-Neutral Contrarian,0.004863767901236559
2023-10-17,Tail-Risk-Aware Sector-Neutral Contrarian,0.0062607880276389655
2023-10-18,Tail-Risk-Aware Sector-Neutral Contrarian,-0.0069687149324826145
2023-10-19,Tail-Risk-Aware Sector-Neutral Contrarian,-0.007398608685284774
2023-10-20,Tail-Risk-Aware Sector-Neutral Contrarian,0.0032440442435587276
2023-10-23,Tail-Risk-Aware Sector-Neutral Contrarian,-0.0069422485449782195
2023-10-24,Tail-Risk-Aware Sector-Neutral Contrarian,0.014625372411910859
2023-10-25,Tail-Risk-Aware Sector-Neutral Contrarian,-2.0475464859116745e-06
2023-10-26,Tail-Risk-Aware Sector-Neutral Contrarian,-0.0032193684649060254
2023-10-27,Tail-Risk-Aware Sector-Neutral Contrarian,-0.015234405921605212
2023-10-30,Tail-Risk-Aware Sector-Neutral Contrarian,0.0011222299468352781
2023-10-31,Tail-Risk-Aware Sector-Neutral Contrarian,0.008253608622241875
2023-11-01,Tail-Risk-Aware Sector-Neutral Contrarian,0.00159485596508161
2023-11-02,Tail-Risk-Aware Sector-Neutral Contrarian,0.01532137443770569
2023-11-03,Tail-Risk-Aware Sector-Neutral Contrarian,0.0024527847050734475
2023-11-06,Tail-Risk-Aware Sector-Neutral Contrarian,0.002073980833947996
2023-11-07,Tail-Risk-Aware Sector-Neutral Contrarian,-0.0011466855756792995
2023-11-08,Tail-Risk-Aware Sector-Neutral Contrarian,0.0013055368913720508
2023-11-09,Tail-Risk-Aware Sector-Neutral Contrarian,-0.009826825281310084
2023-11-10,Tail-Risk-Aware Sector-Neutral Contrarian,0.0010335615939224046
2023-11-13,Tail-Risk-Aware Sector-Neutral Contrarian,0.003452805683395354
2023-11-14,Tail-Risk-Aware Sector-Neutral Contrarian,0.007856534354558804
2023-11-15,Tail-Risk-Aware Sector-Neutral Contrarian,-0.00014254290102180454
2023-11-16,Tail-Risk-Aware Sector-Neutral Contrarian,0.0006156303396965497
2023-11-17,Tail-Risk-Aware Sector-Neutral Contrarian,0.0011148516880396448
2023-11-20,Tail-Risk-Aware Sector-Neutral Contrarian,0.005243213191085564
2023-11-21,Tail-Risk-Aware Sector-Neutral Contrarian,0.004253670259858096
2023-11-22,Tail-Risk-Aware Sector-Neutral Contrarian,0.0013584675472542358
2023-11-24,Tail-Risk-Aware Sector-Neutral Contrarian,0.0031760338688582076
2023-11-27,Tail-Risk-Aware Sector-Neutral Contrarian,-0.0012973487634678643
2023-11-28,Tail-Risk-Aware Sector-Neutral Contrarian,-0.003360364259861867
2023-11-29,Tail-Risk-Aware Sector-Neutral Contrarian,0.0008873008752648523
2023-11-30,Tail-Risk-Aware Sector-Neutral Contrarian,0.01021387249313133
2023-12-01,Tail-Risk-Aware Sector-Neutral Contrarian,0.005974709188489849
2023-12-04,Tail-Risk-Aware Sector-Neutral Contrarian,0.002476215139517283
2023-12-05,Tail-Risk-Aware Sector-Neutral Contrarian,-0.00014941884320763665
2023-12-06,Tail-Risk-Aware Sector-Neutral Contrarian,-0.0023094821581822024
2023-12-07,Tail-Risk-Aware Sector-Neutral Contrarian,0.0013284474997905102
2023-12-08,Tail-Risk-Aware Sector-Neutral Contrarian,0.001692423611036789
2023-12-11,Tail-Risk-Aware Sector-Neutral Contrarian,0.009165466997578793
2023-12-12,Tail-Risk-Aware Sector-Neutral Contrarian,0.004618602341567283
2023-12-13,Tail-Risk-Aware Sector-Neutral Contrarian,0.016645490514525622
2023-12-14,Tail-Risk-Aware Sector-Neutral Contrarian,0.0018688533931542845
2023-12-15,Tail-Risk-Aware Sector-Neutral Contrarian,-0.005435231202233104
2023-12-18,Tail-Risk-Aware Sector-Neutral Contrarian,0.001266184914794707
2023-12-19,Tail-Risk-Aware Sector-Neutral Contrarian,0.0037899058504422974
2023-12-20,Tail-Risk-Aware Sector-Neutral Contrarian,-0.01424911675213696
2023-12-21,Tail-Risk-Aware Sector-Neutral Contrarian,0.008440985451881187
2023-12-22,Tail-Risk-Aware Sector-Neutral Contrarian,0.005499591163333402
2023-12-26,Tail-Risk-Aware Sector-Neutral Contrarian,0.004205718076040442
2023-12-27,Tail-Risk-Aware Sector-Neutral Contrarian,0.0029506962072914592
2023-12-28,Tail-Risk-Aware Sector-Neutral Contrarian,0.0015432033440179222
2023-12-29,Tail-Risk-Aware Sector-Neutral Contrarian,-0.00044008795765315017
