date,ticker,sector,base_weight,stock_sentiment_z,stock_cvar,sector_median_cvar,risk_scaler,tail_risk_adjusted_sentiment_z,final_weight
2021-01-04,ABBV,Healthcare,0.1622349620349714,1.5605503963734806,0.048950298419048584,0.050661340960935414,1.0349546907199445,1.6150989528316024,0.0
2021-01-04,ABT,Healthcare,0.0,-0.380148935522578,0.055388883010479936,0.050661340960935414,0.9146481786128448,-0.3477025314773377,0.0
2021-01-04,ADBE,Tech,0.0,1.8219010759019565,0.06528038520329248,0.08115080640735532,1.2431116353655096,2.264826425938663,-0.0
2021-01-04,AEP,Utilities,0.0,0.15201026674632243,0.06191336096141554,0.06191336096141554,1.0,0.15201026674632243,0.0
2021-01-04,AMD,Tech,2.070816856436508e-18,-0.49786775074942236,0.08339710397674802,0.08115080640735532,0.9730650410832133,-0.4844577033369937,2.1519681934923937e-18
2021-01-04,AMGN,Healthcare,0.0,-0.2807272352221677,0.051146998932244905,0.050661340960935414,0.9905046633928053,-0.2780616356289261,0.0
2021-01-04,AMT,RealEstate,2.0816328210448296e-18,-0.30970071621447887,0.061412777117085475,0.06377304517543389,1.0384328501192592,-0.32160339742257715,2.068908767929523e-18
2021-01-04,BA,Industrials,1.0295713412540857e-18,-1.237515995357153,0.1280711285059168,0.06806280803359642,0.5314453681139537,-0.657672143699488,3.517002615766666e-18
2021-01-04,CAT,Industrials,2.3683045783617236e-17,-0.4486685308708471,0.06806280803359642,0.06806280803359642,1.0,-0.4486685308708471,7.070077710406066e-17
2021-01-04,CCI,RealEstate,1.67555480106856e-18,0.05798388703615839,0.06377304517543389,0.06377304517543389,1.0,0.05798388703615839,1.1870063297108444e-18
2021-01-04,CMCSA,Comm,0.0,-0.13398166398193712,0.055224066779012745,0.05569195558666732,1.0084725525471874,-0.1351168306703837,0.0
2021-01-04,COP,Energy,0.0,0.016287877326443934,0.10529025949866179,0.10529025949866179,1.0,0.016287877326443934,0.0
2021-01-04,CVX,Energy,0.0,1.6209803274586831,0.08951089980975839,0.10529025949866179,1.1762842259706918,1.9067335897984556,-0.0
2021-01-04,D,Utilities,0.0,-0.1838598254294662,0.07305701289219599,0.06191336096141554,0.8474663623706572,-0.15581501744281376,0.0
2021-01-04,DD,Materials,0.0,-0.11016599529328779,0.07807062737703124,0.07667058087741575,0.9820669239296085,-0.10819038011932286,0.0
2021-01-04,DIS,Consumer,0.0,0.19252223649151015,0.06685769468101276,0.06059181819367557,0.906280398729981,0.17447912925191353,0.0
2021-01-04,DOW,Materials,8.190159177548324e-20,-0.27011522741396954,0.09641242464246097,0.07667058087741575,0.7952354809221267,-0.21480521277693768,7.11311157802117e-20
2021-01-04,DUK,Utilities,5.521998497905473e-18,-0.18160607433585704,0.061310186016913806,0.06191336096141554,1.0098380870078478,-0.1833927306963269,5.384142619134265e-18
2021-01-04,EA,Comm,0.0765250955833149,-0.42344993760491784,0.0533668470597272,0.05569195558666732,1.0435684072611204,-0.4418989769411849,0.07975774888204634
2021-01-04,GE,Industrials,1.7387841339771125e-18,-0.20767436894166735,0.08928868502762945,0.06806280803359642,0.762278087223875,-0.15830562072227952,4.150366405980358e-18
2021-01-04,GILD,Healthcare,0.1333174701448225,-0.26338481842427436,0.050661340960935414,0.050661340960935414,1.0,-0.26338481842427436,0.22738843553652155
2021-01-04,GS,Financials,0.0,0.19881929254485609,0.0792829460000808,0.08027096294199357,1.0124619100545502,0.2012969606856594,0.0
2021-01-04,INTC,Tech,1.2818963896530333e-18,-0.29145014337235453,0.08357342000542492,0.08115080640735532,0.9710121519747267,-0.2830016309093326,1.151347604422859e-18
2021-01-04,KO,Consumer,0.0,2.123749485506311,0.05653575572935033,0.06059181819367557,1.0717433138020218,2.2761143112818725,-0.0
2021-01-04,MMM,Industrials,0.082559990673902,0.6235430663899971,0.059181121867556155,0.06806280803359642,1.1500763399841751,0.7171221276163174,0.04812671498309152
2021-01-04,MRK,Healthcare,0.062547580808715,-0.5021994440797896,0.04643113297586326,0.050661340960935414,1.091107145442072,-0.5479534018724946,0.13071157745198733
2021-01-04,MS,Financials,0.0,0.9516358848235796,0.08027096294199357,0.08027096294199357,1.0,0.9516358848235796,0.0
2021-01-04,NEE,Utilities,9.398199032565045e-19,-0.3872596428263509,0.061208256974885494,0.06191336096141554,1.0115197527487076,-0.39172077816126327,1.0776757820277128e-18
2021-01-04,NEM,Materials,0.1386943440635856,-0.3273066793243434,0.06293402254983806,0.07667058087741575,1.2182691932126153,-0.398747644153568,0.1386943440635856
2021-01-04,NKE,Consumer,0.002201319636799,0.08070939801308395,0.06059181819367557,0.06059181819367557,1.0,0.08070939801308395,0.002479526133105756
2021-01-04,NUE,Materials,0.0,-0.2768573795693852,0.07667058087741575,0.07667058087741575,1.0,-0.2768573795693852,0.0
2021-01-04,NVDA,Tech,1.0595214954352236e-19,0.0,0.08115080640735532,0.08115080640735532,1.0,0.0,7.41713358555191e-20
2021-01-04,O,RealEstate,1.1122388479767622e-18,0.7912103319954219,0.09474676883244607,0.06377304517543389,0.6730893935624619,0.5325552825431527,3.909888594408479e-19
2021-01-04,OXY,Energy,9.286614370404082e-19,-0.08018828772513066,0.14987660456766888,0.10529025949866179,0.7025129759403078,-0.056333312645339195,9.286614370404082e-19
2021-01-04,PLD,RealEstate,0.0,-0.282992606142755,0.07007131477746693,0.06377304517543389,0.9101162919229482,-0.2575561813442555,0.0
2021-01-04,PSA,RealEstate,0.0822826397792971,-0.30925333933440186,0.059812397485501115,0.06377304517543389,1.0662178387163441,-0.3297314270809381,0.0822826397792971
2021-01-04,QCOM,Tech,3.8442525919903187e-19,-0.6515692077923608,0.07241939922420247,0.08115080640735532,1.1205672413288237,-0.7301271097106928,4.656035210613236e-19
2021-01-04,SBUX,Consumer,1.162166013389726e-18,1.8260780962887009,0.06530575932081284,0.06059181819367557,0.9278173751264394,1.694266986074468,0.0
2021-01-04,SHW,Materials,4.712703968837295e-19,-0.11489972968769237,0.0636255718249426,0.07667058087741575,1.2050277691549047,-0.1384573649420615,3.8357258827493387e-19
2021-01-04,SLB,Energy,0.0,-0.1053564818460363,0.1156709893729386,0.10529025949866179,0.9102564097484465,-0.09590141290890038,0.0
2021-01-04,SO,Utilities,0.0,0.06415278689394448,0.07227132678855223,0.06191336096141554,0.8566794566060548,0.05495837461606839,0.0
2021-01-04,T,Comm,6.473483653799307e-19,0.044262060448758474,0.05569195558666732,0.05569195558666732,1.0,0.044262060448758474,4.472095358241816e-19
2021-01-04,TMUS,Comm,1.3765977573920733e-18,-0.34743125281238263,0.0572214409115407,0.05569195558666732,0.97327076528468,-0.33814468130852277,1.331509604035224e-18
2021-01-04,TTWO,Comm,0.0420330299236461,-0.334349323726872,0.06720787336721547,0.05569195558666732,0.8286522515356705,-0.2770593199057012,0.03880037662491465
2021-01-04,UPS,Industrials,0.0176035673509459,-0.35568914191259204,0.05572072859709111,0.06806280803359642,1.221498888245866,-0.4344738914073572,0.05203684304175633
2021-01-04,USB,Financials,0.0,-0.2728843014404789,0.08398088087982938,0.08027096294199357,0.9558242554856688,-0.2608294342580726,0.0
2021-01-04,V,Financials,2.830154396193415e-20,0.2805268867821664,0.06305975516812143,0.08027096294199357,1.2729348968765568,0.3570924636971585,2.830154396193415e-20
2021-01-04,WFC,Financials,0.0,-0.11724760534502533,0.08799892925990489,0.08027096294199357,0.9121811323966593,-0.10695105341442182,0.0
2021-01-04,WMT,Consumer,0.2,0.12147770598042652,0.0397888390079479,0.06059181819367557,1.5228345361263804,0.18499044603639966,0.1997217935036933
2021-01-04,XOM,Energy,0.0,-0.7632482009499775,0.07331550508685367,0.10529025949866179,1.436125405859634,-1.096120132360922,0.0
2021-02-01,ABBV,Healthcare,0.1479245689363824,-0.21860859727002913,0.05110308234737758,0.05083823596804294,0.994817408908247,-0.21747563830123684,0.11204414511777881
2021-02-01,ABT,Healthcare,7.21238345277866e-18,1.722276299052102,0.055388883010479936,0.05083823596804294,0.9178418701533305,1.5807772992427382,0.0
2021-02-01,ADBE,Tech,0.0,-0.47975410687227443,0.06528038520329248,0.08136185303592754,1.2463445609665915,-0.5979389217016441,0.0
2021-02-01,AEP,Utilities,1.4662285493097245e-18,-0.02152219626586158,0.06191336096141554,0.0632444003000537,1.021498418402252,-0.021984889446120457,1.8754008232345416e-18
2021-02-01,AMD,Tech,3.019656723312113e-18,-0.13000050120265702,0.08356727439748307,0.08136185303592754,0.9736090308382493,-0.12656966198440556,3.2509709355825928e-18
2021-02-01,AMGN,Healthcare,0.0,-0.2222510772228054,0.05083823596804294,0.05083823596804294,1.0,-0.2222510772228054,0.0
2021-02-01,AMT,RealEstate,0.0,-0.16574281655280573,0.061412777117085475,0.06377304517543389,1.0384328501192592,-0.1721127853797236,0.0
2021-02-01,BA,Industrials,0.0,-0.1996140275516477,0.1280711285059168,0.06806280803359642,0.5314453681139537,-0.10608395035289431,0.0
2021-02-01,CAT,Industrials,0.0,-1.1476266080922635,0.06806280803359642,0.06806280803359642,1.0,-1.1476266080922635,0.0
2021-02-01,CCI,RealEstate,3.559791953607376e-19,-0.13019417954520823,0.06377304517543389,0.06377304517543389,1.0,-0.13019417954520823,2.9163974925909586e-19
2021-02-01,CMCSA,Comm,0.0,0.07103157158930998,0.05542018644224862,0.05542018644224862,1.0,0.07103157158930998,0.0
2021-02-01,COP,Energy,0.0,-4.26759196920167,0.10529025949866179,0.10529025949866179,1.0,-4.26759196920167,0.0
2021-02-01,CVX,Energy,1.1091647596995409e-18,-1.0509643269115152,0.08961507007685111,0.10529025949866179,1.17491689074581,-1.2347957392596405,5.501213677539445e-19
2021-02-01,D,Utilities,4.298661186334061e-18,-0.05584004700465868,0.07305701289219599,0.0632444003000537,0.865685548810736,-0.048339921736845246,5.640054449534469e-18
2021-02-01,DD,Materials,2.214107665478135e-18,-0.21370357828713066,0.07500785310099527,0.07500785310099527,1.0,-0.21370357828713066,2.330251445376537e-18
2021-02-01,DIS,Consumer,0.0,0.37047266735645895,0.06685769468101276,0.06059181819367557,0.906280398729981,0.33575211669037125,0.0
2021-02-01,DOW,Materials,0.0,-0.14622527154406462,0.09641242464246097,0.07500785310099527,0.7779894902462714,-0.11376172446968945,0.0
2021-02-01,DUK,Utilities,3.2350786573267384e-18,-0.21428130191593453,0.061310186016913806,0.0632444003000537,1.0315480087208722,-0.22104145029749828,4.943826348405448e-18
2021-02-01,EA,Comm,0.0899056772878342,-0.16971024327605522,0.0533668470597272,0.05542018644224862,1.038475935822541,-0.17624000370477255,0.08971770893046455
2021-02-01,GE,Industrials,3.7113122077408705e-19,0.5005746451805568,0.08928868502762945,0.06806280803359642,0.762278087223875,0.3815770830410048,1.086976267635779e-19
2021-02-01,GILD,Healthcare,0.1254934996386311,-1.0760699879541766,0.050661340960935414,0.05083823596804294,1.0034917158478678,-1.079827318584531,0.16238170017017517
2021-02-01,GS,Financials,3.0750175581199205e-18,-0.5163601345302266,0.0792829460000808,0.08027096294199357,1.0124619100545502,-0.5227949680824977,4.686277392596129e-18
2021-02-01,INTC,Tech,1.6546345267031365e-18,-0.38306807501520546,0.08749744469467145,0.08136185303592754,0.929876904632421,-0.3562061558586393,2.1444960663136045e-18
2021-02-01,KO,Consumer,1.6396578459258998e-17,0.9501012948698847,0.05688284245969499,0.06059181819367557,1.0652037692492005,1.0120514804639473,0.0
2021-02-01,MMM,Industrials,0.103890096398999,-1.000776962772904,0.05803380059375626,0.06806280803359642,1.172813211218828,-1.173724443423515,0.10695119348187002
2021-02-01,MRK,Healthcare,0.0708156179972159,-0.543091328329074,0.047238290135861165,0.05083823596804294,1.0762082162971613,-0.5844793497474887,0.06980784128427545
2021-02-01,MS,Financials,1.6117244462681052e-18,0.28606775944912216,0.08027096294199357,0.08027096294199357,1.0,0.28606775944912216,1.151560466676512e-18
2021-02-01,NEE,Utilities,0.0,-0.37748080557014607,0.0632444003000537,0.0632444003000537,1.0,-0.37748080557014607,0.0
2021-02-01,NEM,Materials,0.1299115178374157,-0.12854856702407283,0.06293402254983806,0.07500785310099527,1.1918490200049716,-0.15321048363068462,0.1299115178374157
2021-02-01,NKE,Consumer,1.269237811934866e-17,-0.5876592176575902,0.06059181819367557,0.06059181819367557,1.0,-0.5876592176575902,9.349488782941626e-18
2021-02-01,NUE,Materials,3.0263184663092623e-19,-1.6498451316030118,0.07667058087741575,0.07500785310099527,0.9783133536045732,-1.614065523626721,6.859974721516172e-19
2021-02-01,NVDA,Tech,4.1981564058444376e-18,0.0,0.08136185303592754,0.08136185303592754,1.0,0.0,4.011955200371005e-18
2021-02-01,O,RealEstate,3.250929692890217e-18,0.10150679137386673,0.09474676883244607,0.06377304517543389,0.6730893935624619,0.0683231446483073,2.1955428464446297e-18
2021-02-01,OXY,Energy,0.0,-0.19737560031507664,0.14987660456766888,0.10529025949866179,0.7025129759403078,-0.13865892035534924,0.0
2021-02-01,PLD,RealEstate,0.0,-0.23076493172763582,0.07007131477746693,0.06377304517543389,0.9101162919229482,-0.2100229239698082,0.0
2021-02-01,PSA,RealEstate,0.085801174999586,-0.3611155871097895,0.06067893379130978,0.06377304517543389,1.0509915252427728,-0.3795294216854571,0.085801174999586
2021-02-01,QCOM,Tech,5.349745464075145e-19,1.6302969583783813,0.07334252163865672,0.08136185303592754,1.1093408191878156,1.8085549633268776,0.0
2021-02-01,SBUX,Consumer,1.2207934454428957e-18,-0.030716734525265747,0.06736947555820759,0.06059181819367557,0.8993957232355759,-0.02762649966378657,5.820563852478445e-19
2021-02-01,SHW,Materials,4.2016208709882314e-19,-0.12710086155516978,0.0636255718249426,0.07500785310099527,1.1788947580285725,-0.14983853942830497,4.1893354891454287e-19
2021-02-01,SLB,Energy,0.0,-0.2675003517427883,0.1156709893729386,0.10529025949866179,0.9102564097484465,-0.24349390978383706,0.0
2021-02-01,SO,Utilities,3.4593132282039337e-18,1.7956956307422558,0.07227132678855223,0.0632444003000537,0.8750967100007855,1.5714073386253333,0.0
2021-02-01,T,Comm,0.0,0.6111577176531373,0.0553895606963725,0.05542018644224862,1.0005529154860788,0.6114956362196643,0.0
2021-02-01,TMUS,Comm,0.0,0.47768487012273775,0.059372177035287195,0.05542018644224862,0.9334369937169433,0.44588872911143684,0.0
2021-02-01,TTWO,Comm,0.0354986627894317,-0.22428301698026198,0.06720787336721547,0.05542018644224862,0.8246085416129686,-0.18494569154065052,0.03568663114680137
2021-02-01,UPS,Industrials,0.0107591841145037,-0.3986395984201646,0.05312151530508245,0.06806280803359642,1.281266312579838,-0.5107634883161117,0.007698087031632692
2021-02-01,USB,Financials,6.111016261485925e-19,-0.30231496015628495,0.08411105904362151,0.08027096294199357,0.954344932220668,-0.28851275015964367,7.880270379245705e-19
2021-02-01,V,Financials,1.799582194335436e-18,0.9386440562340757,0.06305975516812143,0.08027096294199357,1.2729348968765568,1.194832774926116,0.0
2021-02-01,WFC,Financials,1.389521919335346e-18,-0.37748753568045673,0.0895628632580553,0.08027096294199357,0.896252755014216,-0.3383242438371365,1.8610828470101895e-18
2021-02-01,WMT,Consumer,0.2,-0.7628647541852642,0.0400090278380609,0.06059181819367557,1.5144536487845899,-1.1553233105050327,0.20000000000000004
2021-02-01,XOM,Energy,3.0010139218230667e-18,-3.0256445192295054,0.07331550508685367,0.10529025949866179,1.436125405859634,-4.34520496316545,3.560057313768663e-18
2021-03-01,ABBV,Healthcare,0.1799699511195576,-0.4600014143303751,0.049392063535430505,0.049392063535430505,1.0,-0.4600014143303751,0.18489837447458288
2021-03-01,ABT,Healthcare,3.296039648443023e-18,-0.577122418908193,0.05495585303349396,0.049392063535430505,0.898758927558226,-0.5186939262877368,3.522431053783906e-18
2021-03-01,ADBE,Tech,3.2063042104971445e-18,1.8111828222635964,0.06528038520329248,0.07807507853268217,1.1959959839321594,2.1661673815941755,0.0
2021-03-01,AEP,Utilities,0.0,-0.24360419700486316,0.06015428609413555,0.06269264557272004,1.04219748322858,-0.25388368102238756,0.0
2021-03-01,AMD,Tech,2.325805847761357e-18,-0.6143121945634938,0.07807507853268217,0.07807507853268217,1.0,-0.6143121945634938,4.4280760897614276e-18
2021-03-01,AMGN,Healthcare,1.0495101224573175e-17,-0.5618856571246962,0.04853127512843455,0.049392063535430505,1.0177367770518688,-0.5718516977537598,1.1608551116666851e-17
2021-03-01,AMT,RealEstate,0.0,-0.1155922667503431,0.06127562572243124,0.06127562572243124,1.0,-0.1155922667503431,0.0
2021-03-01,BA,Industrials,0.0,0.6419536386702854,0.1280711285059168,0.06806280803359642,0.5314453681139537,0.34116328781522187,0.0
2021-03-01,CAT,Industrials,0.0,-0.12509183313067665,0.06806280803359642,0.06806280803359642,1.0,-0.12509183313067665,0.0
2021-03-01,CCI,RealEstate,0.0,-0.21447135184267085,0.059792662364526454,0.06127562572243124,1.024801761608538,-0.21979061918293366,0.0
2021-03-01,CMCSA,Comm,2.10166440722853e-18,-0.025554457800305422,0.05542018644224862,0.05542018644224862,1.0,-0.025554457800305422,1.6677267978906322e-18
2021-03-01,COP,Energy,1.003788626038548e-18,0.07414825122396292,0.1041684477060855,0.1041684477060855,1.0,0.07414825122396292,5.5291767016648345e-19
2021-03-01,CVX,Energy,1.1785780816167932e-18,-0.7269006240793028,0.08961507007685111,0.1041684477060855,1.1623987753036835,-0.8449483951972648,1.2936575604433215e-18
2021-03-01,D,Utilities,1.9942228930418952e-18,-1.9518197620312188,0.07153630449611617,0.06269264557272004,0.8763752337265861,-1.710526500142279,3.3236891075047973e-18
2021-03-01,DD,Materials,1.5718638570802794e-18,-0.08708891303770495,0.07657343655856709,0.0759639259027203,0.9920401815141129,-0.08639570109779161,0.0769992135102347
2021-03-01,DIS,Consumer,8.131457254125035e-19,-0.15145014219725902,0.06624278412171375,0.05987623695277655,0.9038907066883032,-0.13689437605872445,1.1325585781912459e-18
2021-03-01,DOW,Materials,1.0956426096412485e-18,-0.15954188896252788,0.09457216308359308,0.0759639259027203,0.8032376909426846,-0.12815005849889508,0.055733857986474775
2021-03-01,DUK,Utilities,0.0,-0.15764841953712622,0.061079627112299,0.06269264557272004,1.0264084529765611,-0.1618116704113016,0.0
2021-03-01,EA,Comm,0.0945886359479055,-0.27075223405391935,0.054790291200987246,0.05542018644224862,1.0114964755151736,-0.27386493048339877,0.09323203322542187
2021-03-01,GE,Industrials,0.0,1.0689399291187676,0.08928868502762945,0.06806280803359642,0.762278087223875,0.8148294845258787,0.0
2021-03-01,GILD,Healthcare,0.1340871369572307,-0.37869105061800634,0.050420054193595486,0.049392063535430505,0.9796114725657007,-0.3709700977433575,0.12935848426565036
2021-03-01,GS,Financials,0.0,0.3914562213064276,0.07877106183016988,0.07969252511522094,1.0116979924307448,0.39603547322023813,0.0
2021-03-01,INTC,Tech,0.0,-0.6915001262577949,0.08596761370096594,0.07807507853268217,0.9081917616587851,-0.6280147178533391,0.0
2021-03-01,KO,Consumer,0.0,-0.23838209159907278,0.05588761609460709,0.05987623695277655,1.0713685989292778,-0.2553950874863294,0.0
2021-03-01,MMM,Industrials,0.0786833084173802,-0.23367611538126123,0.057898502619124076,0.06806280803359642,1.1755538563982662,-0.27469885858460785,0.07453270298682019
2021-03-01,MRK,Healthcare,0.0234109999501539,-0.3911260869699915,0.047238290135861165,0.049392063535430505,1.045593805224002,-0.40895901359732734,0.02321122928670893
2021-03-01,MS,Financials,1.2141023431308462e-18,-1.466555614120842,0.07969252511522094,0.07969252511522094,1.0,-1.466555614120842,1.6696979353143655e-18
2021-03-01,NEE,Utilities,5.494366209993724e-18,-0.4041141817974317,0.06269264557272004,0.06269264557272004,1.0,-0.4041141817974317,4.74365468628783e-18
2021-03-01,NEM,Materials,0.1327330714967095,0.9432334301721947,0.06170554647558771,0.0759639259027203,1.2310712770816084,1.1611875834681498,0.0
2021-03-01,NKE,Consumer,3.168311875196912e-18,-0.3702159197443347,0.05987623695277655,0.05987623695277655,1.0,-0.3702159197443347,5.318499301543965e-18
2021-03-01,NUE,Materials,5.996720639509478e-19,1.4383400339419432,0.0759639259027203,0.0759639259027203,1.0,1.4383400339419432,0.0
2021-03-01,NVDA,Tech,1.1476835854755998e-18,0.0,0.08224497158952838,0.07807507853268217,0.9492991124410926,0.0,1.3535560976282284e-18
2021-03-01,O,RealEstate,0.0,-0.4985215470565308,0.09146745459771405,0.06127562572243124,0.669917250807181,-0.33396818427225383,0.0
2021-03-01,OXY,Energy,0.0,-0.21837488409543337,0.1497998533550003,0.1041684477060855,0.6953841767736842,-0.15185443900475165,0.0
2021-03-01,PLD,RealEstate,0.0,-0.1982713659702134,0.06923484468798197,0.06127562572243124,0.8850402712475165,-0.17547814351889326,0.0
2021-03-01,PSA,RealEstate,0.1184289771278164,-0.396016163910242,0.05635980398098196,0.06127562572243124,1.0872221227580576,-0.4305575343729962,0.1184289771278164
2021-03-01,QCOM,Tech,1.2296037929575085e-18,-0.4580769594622317,0.07654213895084445,0.07807507853268217,1.0200273940975464,-0.4672510472563876,2.1277652493019536e-18
2021-03-01,SBUX,Consumer,1.7462625094837396e-18,1.3524972905556851,0.06736947555820759,0.05987623695277655,0.8887739804511787,1.2020644004766108,0.0
2021-03-01,SHW,Materials,0.0,-0.2228135600123892,0.06295547706152543,0.0759639259027203,1.2066293426461039,-0.2688533794503874,0.0
2021-03-01,SLB,Energy,8.06352606055659e-19,-0.22015655223085215,0.11554325761535553,0.1041684477060855,0.9015536679159865,-0.19848294717946222,5.749546631372292e-19
2021-03-01,SO,Utilities,2.2433971698500674e-18,-0.23664191257992226,0.0717524474453751,0.06269264557272004,0.8737352913355011,-0.20676239043020855,1.664642479093059e-18
2021-03-01,T,Comm,6.128568392581297e-18,-0.3885082557641882,0.05511886629063283,0.05542018644224862,1.0054667334779162,-0.3906321268524211,6.594382080386635e-18
2021-03-01,TMUS,Comm,4.899261992811944e-18,0.6834867362143301,0.05986064864116955,0.05542018644224862,0.9258200119825135,0.6327856983118402,1.3920443205093474e-18
2021-03-01,TTWO,Comm,0.015747111135156,-0.4522478808238308,0.06207869729057272,0.05542018644224862,0.8927408090224976,-0.40374013900537675,0.017103713857639626
2021-03-01,UPS,Industrials,0.0223508078480899,-0.43964255958301374,0.05024212206166896,0.06806280803359642,1.3546961243009146,-0.5955820715448427,0.026501413278649914
2021-03-01,USB,Financials,1.1495764955323284e-18,-0.22036949466549707,0.08411105904362151,0.07969252511522094,0.9474678600098349,-0.20879301352216723,7.74785559264759e-19
2021-03-01,V,Financials,3.3434786954911824e-19,-0.6042374456638002,0.06092269239553781,0.07969252511522094,1.308092633165666,-0.7903985513556564,3.337643744518425e-19
2021-03-01,WFC,Financials,1.4402991838214822e-18,-0.7795435335166845,0.0895628632580553,0.07969252511522094,0.889794298844654,-0.6936333918243623,1.360078023002808e-18
2021-03-01,WMT,Consumer,0.2,0.13106135540281857,0.042709293593978945,0.05987623695277655,1.401948660682549,0.18374129167422107,0.2
2021-03-01,XOM,Energy,2.113955199763574e-18,-0.7865496362453873,0.07239194959934361,0.1041684477060855,1.438950715965108,-1.1318061622173954,2.6811446197275394e-18
2021-04-01,ABBV,Healthcare,0.1112928164218289,0.8573812679357167,0.0334846793010211,0.033828988993050396,1.0102826038420143,0.8661973798554635,0.020268453210157973
2021-04-01,ABT,Healthcare,0.0,1.0152410006101045,0.03435837019708427,0.033828988993050396,0.984592365674004,0.9995985385199457,0.0
2021-04-01,ADBE,Tech,1.4082612024782873e-18,-0.6700572828019056,0.04711014679984263,0.05912181521015299,1.2549698785984358,-0.8409017068519052,1.939920206774025e-18
2021-04-01,AEP,Utilities,0.0,-0.08742380280182939,0.04088669795715443,0.04088669795715443,1.0,-0.08742380280182939,0.0
2021-04-01,AMD,Tech,2.13789066941754e-19,-0.4937101677864744,0.05912181521015299,0.05912181521015299,1.0,-0.4937101677864744,2.389581684610554e-19
2021-04-01,AMGN,Healthcare,7.466458264761857e-18,0.9184958661613265,0.033828988993050396,0.033828988993050396,1.0,0.9184958661613265,8.282913655065753e-19
2021-04-01,AMT,RealEstate,2.718516607309835e-18,-0.20872056606730227,0.03687271497962653,0.03790950443988651,1.0281180667285512,-0.21458938487160367,2.347542043235677e-18
2021-04-01,BA,Industrials,0.0,1.7239486107891868,0.0751630315044722,0.04925202475303837,0.6552692695758003,1.1296505469780462,-0.0
2021-04-01,CAT,Industrials,0.0,-0.2675419913996908,0.04925202475303837,0.04925202475303837,1.0,-0.2675419913996908,0.0
2021-04-01,CCI,RealEstate,1.0009656353015702e-18,-0.42857206841534473,0.03790950443988651,0.03790950443988651,1.0,-0.42857206841534473,1.0166541308046471e-18
2021-04-01,CMCSA,Comm,0.0,-0.10806190213568767,0.03666119383448956,0.037983758173785694,1.0360753210947513,-0.1119602699533422,0.0
2021-04-01,COP,Energy,9.843528564263322e-19,1.371852601022773,0.0632959131783091,0.0632959131783091,1.0,1.371852601022773,0.0
2021-04-01,CVX,Energy,6.878150389285561e-19,-0.0907934660913633,0.04535998932705433,0.0632959131783091,1.3954128763552671,-0.12669437167281367,1.0929323502897766e-18
2021-04-01,D,Utilities,0.0625210815611671,-0.1190188203183261,0.036780157854684074,0.04088669795715443,1.111650964596047,-0.1323073864119508,0.0625210815611671
2021-04-01,DD,Materials,1.347255015145163e-18,0.012821060720038517,0.050187852058933606,0.048848414617472,0.973311520885796,0.012478886108789828,1.21426342707772e-18
2021-04-01,DIS,Consumer,0.0072825293063056,1.181071639422154,0.039765392185868706,0.039765392185868706,1.0,1.181071639422154,0.0
2021-04-01,DOW,Materials,8.413454824543168e-19,-0.11044761221290826,0.059827241636106435,0.048848414617472,0.8164911716068723,-0.09017950029689897,8.37122652606245e-19
2021-04-01,DUK,Utilities,4.524199294405095e-18,-0.24127186865183997,0.03230181430092278,0.04088669795715443,1.265770943274428,-0.30539492076902336,5.215780494179844e-18
2021-04-01,EA,Comm,0.0934356238352472,-0.2235100681761384,0.04280078997288456,0.037983758173785694,0.8874546053437194,-0.1983550393436027,0.06234782750494386
2021-04-01,GE,Industrials,0.0,0.1615821562629965,0.06537431288060772,0.04925202475303837,0.7533849700720637,0.12173356796037714,0.0
2021-04-01,GILD,Healthcare,0.0566123675246507,-0.2958140944982507,0.03878875044697754,0.033828988993050396,0.8721340234791293,-0.2579895364365947,0.09693423830039433
2021-04-01,GS,Financials,4.436470645071308e-19,0.33918383734832963,0.045260817093419746,0.045260817093419746,1.0,0.33918383734832963,1.8546809456068084e-19
2021-04-01,INTC,Tech,2.297945093074065e-18,-0.013151784925125266,0.06181753146006132,0.05912181521015299,0.9563923665950661,-0.012578266709489867,1.7411584745286e-18
2021-04-01,KO,Consumer,0.0,0.4308133479206194,0.0353252025669928,0.039765392185868706,1.125694668288321,0.48496428878168274,0.0
2021-04-01,MMM,Industrials,0.107598079530453,-0.18082877761588503,0.037881207676431695,0.04925202475303837,1.300170395139783,-0.2351082232454892,0.107598079530453
2021-04-01,MRK,Healthcare,0.05019899726215,-0.4673631053018501,0.03316133353524563,0.033828988993050396,1.0201335527443476,-0.47677278503320697,0.10090148969807732
2021-04-01,MS,Financials,0.0,0.46490150720455614,0.044722254830048165,0.045260817093419746,1.0120423772329505,0.4705000265304807,0.0
2021-04-01,NEE,Utilities,2.1216631401011845e-18,-0.42653278954632096,0.04292666217758637,0.04088669795715443,0.9524779212510709,-0.4062630647325003,2.6349881185383233e-18
2021-04-01,NEM,Materials,0.00404383199663,-0.09236949763045191,0.04715883211468905,0.048848414617472,1.0358274882353729,-0.09567886472011422,0.004043831996630002
2021-04-01,NKE,Consumer,0.0001329119865427,1.1004624106877072,0.04045899911111554,0.039765392185868706,0.9828565476041082,1.0815966857366142,0.0
2021-04-01,NUE,Materials,7.379362133818563e-19,2.3568229124514612,0.048848414617472,0.048848414617472,1.0,2.3568229124514612,0.0
2021-04-01,NVDA,Tech,0.0,0.0,0.06429763735054961,0.05912181521015299,0.9195021410790241,0.0,0.0
2021-04-01,O,RealEstate,2.1316869445145212e-18,-0.520981776390016,0.04742289872342863,0.03790950443988651,0.799392391869075,-0.4164688683486144,2.146754424267219e-18
2021-04-01,OXY,Energy,0.0,-0.12910613788941622,0.0964801751005992,0.0632959131783091,0.6560509774397787,-0.08470020795582636,0.0
2021-04-01,PLD,RealEstate,2.3519706670294322e-18,-0.19193894925751084,0.04436234276749726,0.03790950443988651,0.8545424356547167,-0.1640199771955204,1.9464544376480992e-18
2021-04-01,PSA,RealEstate,0.1267398022678803,-0.4018106456685177,0.0374696886539031,0.03790950443988651,1.0117379087412726,-0.40652706235864655,0.1267398022678803
2021-04-01,QCOM,Tech,1.2265539369072657e-18,-0.3065668913765871,0.0538891437799069,0.05912181521015299,1.0971006600442061,-0.33633473887695414,1.2265124496376924e-18
2021-04-01,SBUX,Consumer,0.0,-0.15406476893341844,0.04007733445549765,0.039765392185868706,0.9922164915938876,-0.15286560450933942,0.0
2021-04-01,SHW,Materials,0.0,-0.25747181055072177,0.038809088568659195,0.048848414617472,1.2586849219880982,-0.3240758857771696,0.0
2021-04-01,SLB,Energy,6.33982319505412e-19,-0.4056273477858836,0.07193872583278606,0.0632959131783091,0.8798586914846634,-0.35689474745328204,1.2132178645705239e-18
2021-04-01,SO,Utilities,2.062870777676702e-18,-0.24574890997781104,0.0425113608591054,0.04088669795715443,0.9617828535921125,-0.23635708790561027,2.252431572928076e-18
2021-04-01,T,Comm,0.0979295679766321,-1.5796519209783428,0.03321080205909604,0.037983758173785694,1.143716978174648,-1.806674721629128,0.15304856109262813
2021-04-01,TMUS,Comm,0.0,-0.4700066292651169,0.037983758173785694,0.037983758173785694,1.0,-0.4700066292651169,0.0
2021-04-01,TTWO,Comm,0.0822123903305119,-0.36695151874695725,0.05144553567205233,0.037983758173785694,0.7383295300085734,-0.27093114237237315,0.05818119354481922
2021-04-01,UPS,Industrials,2.4525989498839113e-18,1.6385918834839002,0.04013583823808049,0.04925202475303837,1.2271333280964973,2.0107707113715065,0.0
2021-04-01,USB,Financials,1.0910008162279847e-18,-0.23820945985640432,0.05799142472763145,0.045260817093419746,0.7804743081584287,-0.18591636337822015,8.185214751839477e-19
2021-04-01,V,Financials,4.987529817734213e-19,1.5387980498464136,0.04045419182408626,0.045260817093419746,1.1188164947216086,1.7216326402136115,0.0
2021-04-01,WFC,Financials,1.500176261058711e-18,-2.4228422379231946,0.06584736809594657,0.045260817093419746,0.6873595468154468,-1.6653637426642098,2.5295875538226186e-18
2021-04-01,WMT,Consumer,0.2,0.3647191709266208,0.02748092178230744,0.039765392185868706,1.4470181350128568,0.5277552545176742,0.20741544129284828
2021-04-01,XOM,Energy,0.0,1.3548131904766196,0.0518710402618809,0.0632959131783091,1.2202553266475384,1.6532180122914413,-0.0
2021-05-03,ABBV,Healthcare,0.0861201903205629,-0.20191997639274523,0.030446683676585984,0.03267516004652111,1.0731927455090573,-0.2166990538380543,0.08126831353453164
2021-05-03,ABT,Healthcare,0.0,-0.3219598629226467,0.03267516004652111,0.03267516004652111,1.0,-0.3219598629226467,0.0
2021-05-03,ADBE,Tech,6.7689238210875385e-18,-0.6436271925144135,0.04500557558827082,0.05738724580726654,1.2751141399072026,-0.8206981340039038,7.895044306301142e-18
2021-05-03,AEP,Utilities,0.0570507954645903,-0.026563227937723397,0.03315301889719351,0.033589379353908384,1.0131620127285546,-0.02691285348195121,0.02256577411750587
2021-05-03,AMD,Tech,1.910123179094741e-18,-0.3317925427016205,0.05738724580726654,0.05738724580726654,1.0,-0.3317925427016205,1.6296522907881932e-18
2021-05-03,AMGN,Healthcare,0.0,-0.1965193834317239,0.0374807839363246,0.03267516004652111,0.8717843282582436,-0.17132251867474962,0.0
2021-05-03,AMT,RealEstate,0.0,2.5380711213613782,0.03453775607944236,0.03453775607944236,1.0,2.5380711213613782,-0.0
2021-05-03,BA,Industrials,0.0,-1.2183645515282504,0.06428327610223948,0.04280032764204071,0.6658081267353088,-0.8111970197337289,0.0
2021-05-03,CAT,Industrials,5.098244523081888e-19,2.229532187564015,0.04280032764204071,0.04280032764204071,1.0,2.229532187564015,0.0
2021-05-03,CCI,RealEstate,4.943134899222564e-19,-0.4104780723128142,0.03407299999733696,0.03453775607944236,1.0136400106284071,-0.41607699758188904,5.045667380003641e-19
2021-05-03,CMCSA,Comm,0.0,0.6697749369784884,0.03193333039919614,0.03747128032023005,1.1734222472822102,0.7859288117225987,0.0
2021-05-03,COP,Energy,0.0,-0.040392200666708934,0.06278936943823993,0.06278936943823993,1.0,-0.040392200666708934,0.0
2021-05-03,CVX,Energy,0.0,-0.6105140388138619,0.04357804617169646,0.06278936943823993,1.4408486601453245,-0.8796583348248636,0.0
2021-05-03,D,Utilities,0.0830465526329116,-2.923767773550381,0.03383562767020192,0.033589379353908384,0.9927222181691518,-2.9024892295704166,0.12482979713950117
2021-05-03,DD,Materials,0.0,-0.05711918884111976,0.04355994161420059,0.04643272855274769,1.0659502017700264,-0.060886210870131845,0.0
2021-05-03,DIS,Consumer,0.0,-1.8219279379135234,0.038341825241267564,0.03716625011776699,0.9693396149999844,-1.7660669258948103,0.0
2021-05-03,DOW,Materials,2.444744933177988e-18,-0.21116360354003455,0.05365828286091134,0.04643272855274769,0.865341305704971,-0.18272858840470035,0.0019168268940385025
2021-05-03,DUK,Utilities,0.0142654840445066,-0.2069391920568032,0.02593602878936696,0.033589379353908384,1.2950856750929842,-0.26800398324808167,0.006967260885001456
2021-05-03,EA,Comm,0.0622515921964063,-0.39361229094376354,0.04194377313566317,0.03747128032023005,0.8933693256215347,-0.35164114691677734,0.05772185808763203
2021-05-03,GE,Industrials,4.170631483847504e-19,-0.17566881311030083,0.05826876427265166,0.04280032764204071,0.734532955629007,-0.12903453250574892,3.3635508564274933e-19
2021-05-03,GILD,Healthcare,0.0446190893366742,0.032939910699644415,0.03439176452394902,0.03267516004652111,0.9500867576529102,0.031295772954001565,0.033523163347767775
2021-05-03,GS,Financials,0.0,-0.013457593077731709,0.04220465703018334,0.04220465703018334,1.0,-0.013457593077731709,0.0
2021-05-03,INTC,Tech,2.896537604225981e-18,-0.6143270558983436,0.06227383298653614,0.05738724580726654,0.9215306502760783,-0.5661212113041892,2.9060396846186974e-18
2021-05-03,KO,Consumer,1.1062554255460176e-18,1.5778394691246853,0.03044378027031254,0.03716625011776699,1.2208158706890258,1.926251465306963,0.0
2021-05-03,MMM,Industrials,0.0705937898844846,-0.34270027452058677,0.03667423196482666,0.04280032764204071,1.1670408717240333,-0.3999452271165711,0.0705937898844846
2021-05-03,MRK,Healthcare,0.1085651878826002,-0.4352372633593172,0.029706170937873807,0.03267516004652111,1.0999451970722351,-0.4787371374189444,0.12451299065753788
2021-05-03,MS,Financials,0.0,-0.5513983491822313,0.04127559802435356,0.04220465703018334,1.0225086746237235,-0.5638095952120324,0.0
2021-05-03,NEE,Utilities,6.298050941127802e-19,-1.8807739148993692,0.03702318176959209,0.033589379353908384,0.9072526387101619,-1.7063370971096943,6.565125042617238e-19
2021-05-03,NEM,Materials,0.0019168268940385,1.0308056002896093,0.04643272855274769,0.04643272855274769,1.0,1.0308056002896093,0.0
2021-05-03,NKE,Consumer,0.0272166602831882,-0.4224270184180733,0.04009210021819893,0.03716625011776699,0.9270217802382971,-0.3915990466346782,0.048525181379683216
2021-05-03,NUE,Materials,0.0,-0.40462753055644496,0.04706013484814485,0.04643272855274769,0.986667987726306,-0.399233031352792,0.0
2021-05-03,NVDA,Tech,2.3464077552223972e-18,0.0,0.05983987691178672,0.05738724580726654,0.9590134333308249,0.0,1.5031436390646045e-18
2021-05-03,O,RealEstate,9.480989085204157e-20,-0.3367978577524779,0.035992331697391994,0.03453775607944236,0.9595865133112498,-0.32318668201139855,9.042823501875536e-20
2021-05-03,OXY,Energy,5.135632412479999e-19,-0.033097502293831085,0.0935375002516459,0.06278936943823993,0.6712748284839383,-0.022217520175538217,2.8981403220060698e-18
2021-05-03,PLD,RealEstate,0.0,-0.28064007818215847,0.03715949407269458,0.03453775607944236,0.9294463485395319,-0.2608398959202559,0.0
2021-05-03,PSA,RealEstate,0.0656464827328552,-0.38175665012716076,0.03404333205220245,0.03453775607944236,1.0145233735194237,-0.3873010445504815,0.0656464827328552
2021-05-03,QCOM,Tech,8.458080137432694e-20,-0.31870280129588313,0.0535395630063551,0.05738724580726654,1.071866159991906,-0.34160674780368167,7.269324023234753e-20
2021-05-03,SBUX,Consumer,3.127101607673014e-20,0.19605378094271111,0.03716625011776699,0.03716625011776699,1.0,0.19605378094271111,3.2209738745474774e-20
2021-05-03,SHW,Materials,0.0,-0.27215497974868674,0.0322682041452324,0.04643272855274769,1.4389622782775189,-0.3916207497037423,0.0
2021-05-03,SLB,Energy,0.0,-1.6630289128005353,0.0686908408144967,0.06278936943823993,0.9140864880050893,-1.5201522583527631,0.0
2021-05-03,SO,Utilities,2.4845953223031523e-19,-0.21524442691915785,0.033589379353908384,0.033589379353908384,1.0,-0.21524442691915785,1.1629853497171872e-19
2021-05-03,T,Comm,0.1152843293968205,-0.4602572331892517,0.02743496759719633,0.03747128032023005,1.3658219273442613,-0.6286294213086809,0.12880152009347218
2021-05-03,TMUS,Comm,0.0,-0.26547713069734663,0.03747128032023005,0.03747128032023005,1.0,-0.26547713069734663,0.0
2021-05-03,TTWO,Comm,0.0634230189303604,-0.34106115211634846,0.050887091290168614,0.03747128032023005,0.736361214017149,-0.2511442040264819,0.054435562342482965
2021-05-03,UPS,Industrials,7.67900908076417e-19,-0.3572334453423431,0.03607844681579498,0.04280032764204071,1.1863129214116535,-0.42379065217002526,7.809806509101634e-19
2021-05-03,USB,Financials,0.0,-0.348320347749867,0.05221762028866684,0.04220465703018334,0.8082455078739641,-0.281528356369927,0.0
2021-05-03,V,Financials,3.3513867337456405e-18,-0.4390675541240181,0.035277344934950376,0.04220465703018334,1.1963671616445788,-0.525286003497579,4.310728610811027e-18
2021-05-03,WFC,Financials,2.1063773993398548e-18,0.5066555088197117,0.060362312081057294,0.04220465703018334,0.6991888742351184,0.35424789483667535,1.1470355222744685e-18
2021-05-03,WMT,Consumer,0.2,0.20309022097749724,0.024940675292417964,0.03716625011776699,1.4901861991309286,0.30264224447911703,0.17869147890350498
2021-05-03,XOM,Energy,3.7333516173828096e-18,0.749918050682191,0.05038413320348764,0.06278936943823993,1.2462131517605146,0.9345577375027545,1.3487745366247392e-18
2021-06-01,ABBV,Healthcare,0.0477471664506854,-0.6198568030689875,0.030446683676585984,0.030744037867708716,1.0097663901356653,-0.6259105664360055,0.054956191829704085
2021-06-01,ABT,Healthcare,0.0,-0.5381057508731326,0.03252910790740582,0.030744037867708716,0.9451239165617973,-0.5085766147896419,0.0
2021-06-01,ADBE,Tech,4.457557766424443e-18,-0.5449577194236095,0.04500557558827082,0.056815937205442126,1.2624199660330369,-0.6879655056441943,5.853191091138257e-18
2021-06-01,AEP,Utilities,0.0919195906461366,-0.24339128532202692,0.029561890005015166,0.029561890005015166,1.0,-0.24339128532202692,0.0920062565005016
2021-06-01,AMD,Tech,1.0085789793486305e-18,1.224099833494499,0.056815937205442126,0.056815937205442126,1.0,1.224099833494499,0.0
2021-06-01,AMGN,Healthcare,1.4493578188095268e-18,0.7780834455917234,0.036006448992527904,0.030744037867708716,0.8538480946590637,0.6643650675042523,3.4436194089952257e-19
2021-06-01,AMT,RealEstate,1.8688770192777343e-19,-0.2531471901398836,0.03453775607944236,0.03325194391080492,0.9627708249001508,-0.24372272907213108,1.714553789033743e-19
2021-06-01,BA,Industrials,0.0,-0.3707193010820564,0.06326153108563762,0.04051267715427837,0.6403998837687954,-0.23740859732379802,0.0
2021-06-01,CAT,Industrials,0.0,-0.24869757060429143,0.04051267715427837,0.04051267715427837,1.0,-0.24869757060429143,0.0
2021-06-01,CCI,RealEstate,0.0,-0.41854083103204,0.03325194391080492,0.03325194391080492,1.0,-0.41854083103204,0.0
2021-06-01,CMCSA,Comm,0.0,-0.02089791768004118,0.03421264696248906,0.036731975004863346,1.0736373319824242,-0.022436784581987744,0.0
2021-06-01,COP,Energy,1.4791851428857414e-18,0.061602483576000226,0.06106099211202831,0.06106099211202831,1.0,0.061602483576000226,1.4555293884154577e-18
2021-06-01,CVX,Energy,0.0,-0.232893081311717,0.04357804617169646,0.06106099211202831,1.4011870075920674,-0.32632675969206076,0.0
2021-06-01,D,Utilities,0.0502586108142599,-0.22011138610222947,0.03381745852720201,0.029561890005015166,0.87416060497971,-0.19241270243804745,0.04824346958720444
2021-06-01,DD,Materials,0.0,-0.31498089079558333,0.041934262064306206,0.04415267669797582,1.0529021979751945,-0.3316440722388544,0.0
2021-06-01,DIS,Consumer,0.0098914817116809,-1.4207754255231744,0.037156689932547775,0.03608915938278025,0.9712694927426134,-1.3799558268490644,0.008309712625142374
2021-06-01,DOW,Materials,3.182439852327362e-19,-0.23716603400312267,0.049109180053997496,0.04415267669797582,0.8990717550044247,-0.21322928241862657,3.0580478488268913e-19
2021-06-01,DUK,Utilities,0.0127134007848973,-0.3584154783377734,0.024603339734364706,0.029561890005015166,1.2015397228257025,-0.43065043449840984,0.014641876157587766
2021-06-01,EA,Comm,0.0626822412192684,-0.026368350929652486,0.041429606785701796,0.036731975004863346,0.8866117217781633,-0.02337848901819002,0.11770490333115767
2021-06-01,GE,Industrials,0.0,-0.18323447508394683,0.05526197978847618,0.04051267715427837,0.7331021673372351,-0.13432959081494203,0.0
2021-06-01,GILD,Healthcare,0.058816916364993,-0.07746377321192913,0.030744037867708716,0.030744037867708716,1.0,-0.07746377321192913,0.04486186277935098
2021-06-01,GS,Financials,2.745586694561268e-18,-1.6114650371749681,0.04015288814636228,0.04015288814636228,1.0,-1.6114650371749681,3.765113010256582e-18
2021-06-01,INTC,Tech,0.0,0.33470447784047763,0.06145208874115497,0.056815937205442126,0.924556648428323,0.3094532502461439,0.0
2021-06-01,KO,Consumer,1.1175668129092317e-17,4.180257784659698,0.03044378027031254,0.03608915938278025,1.185436206093395,4.955428928739373,0.0
2021-06-01,MMM,Industrials,0.0850906745355059,2.695464637082722,0.0350133742266086,0.04051267715427837,1.1570629237867212,3.1188221939466474,0.0850906745355059
2021-06-01,MRK,Healthcare,0.1183986392447417,-0.46303671728948664,0.028868758505910922,0.030744037867708716,1.064958781009368,-0.493115018007191,0.12514466745136502
2021-06-01,MS,Financials,5.840884211483805e-18,-1.4797351682106028,0.03857356166617097,0.04015288814636228,1.0409432370767147,-1.5403203160134018,7.791583284713e-18
2021-06-01,NEE,Utilities,8.94932782213682e-19,-0.35985541595696874,0.03716342088495632,0.029561890005015166,0.7954566426090706,-0.2862493810018209,9.266528285109775e-19
2021-06-01,NEM,Materials,0.0,-0.08179448934300924,0.04415267669797582,0.04415267669797582,1.0,-0.08179448934300924,0.0
2021-06-01,NKE,Consumer,0.0259002434513843,0.08028451763769676,0.0399258588755762,0.03608915938278025,0.903904396778225,0.07256952848593305,0.008478928309264402
2021-06-01,NUE,Materials,1.00337867486086e-19,-0.44733233239228404,0.04712634525616943,0.04415267669797582,0.9369000812172185,-0.4191056985494187,1.1277706783613312e-19
2021-06-01,NVDA,Tech,1.742820883235625e-18,0.0,0.05983987691178672,0.056815937205442126,0.9494661442769617,0.0,1.355766537870441e-18
2021-06-01,O,RealEstate,0.0,0.034036600964300945,0.03235094076559396,0.03325194391080492,1.0278509101710327,0.03498455128028498,0.0
2021-06-01,OXY,Energy,1.5265619125473064e-19,-0.14664515749049276,0.08828317750290335,0.06106099211202831,0.6916492341932325,-0.10142701087644529,1.7631194572501446e-19
2021-06-01,PLD,RealEstate,0.0,-0.2842741418528692,0.035183864986610226,0.03325194391080492,0.9450907091491929,-0.2686648503165064,0.0
2021-06-01,PSA,RealEstate,0.0883867323789799,-0.34528627645807386,0.03228138728910462,0.03325194391080492,1.030065517724137,-0.3556674871228253,0.08838673237897988
2021-06-01,QCOM,Tech,0.0,-0.014381797182692743,0.05426776591900384,0.056815937205442126,1.0469555221831226,-0.015057101979337842,0.0
2021-06-01,SBUX,Consumer,3.945720513569729e-18,4.013258316381204,0.03608915938278025,0.03608915938278025,1.0,4.013258316381204,0.0
2021-06-01,SHW,Materials,0.0,-0.14029648182777985,0.03232317194882649,0.04415267669797582,1.3659759867588988,-0.19164162520350347,0.0
2021-06-01,SLB,Energy,0.0,-0.22639170622706017,0.06568924833947913,0.06106099211202831,0.9295431696290358,-0.21044086418402705,0.0
2021-06-01,SO,Utilities,7.446425695362567e-19,-0.3154478656501732,0.029511618797820733,0.029561890005015166,1.0017034378066088,-0.3159852114705357,7.888607153433728e-19
2021-06-01,T,Comm,0.1165350568093969,1.1329022599942993,0.029014204610856978,0.036731975004863346,1.2659997231534796,1.4342539475127343,0.0
2021-06-01,TMUS,Comm,1.1956837323258437e-18,0.5310282479647739,0.036731975004863346,0.036731975004863346,1.0,0.5310282479647739,1.0289085103830299e-18
2021-06-01,TTWO,Comm,0.0572003840211804,-0.16389785389521946,0.04593618355144485,0.036731975004863346,0.7996305344723833,-0.13105772850911093,0.118712778718688
2021-06-01,UPS,Industrials,0.0,-0.6729218269652203,0.03563829377979718,0.04051267715427837,1.1367737581546176,-0.7649598741835247,0.0
2021-06-01,USB,Financials,2.9702253889245093e-18,2.621568120282806,0.047937121844155425,0.04015288814636228,0.8376157474973185,2.1958667406858225,0.0
2021-06-01,V,Financials,0.0,-0.36133576783992905,0.035447651521428064,0.04015288814636228,1.132737612309518,-0.40929861490502756,0.0
2021-06-01,WFC,Financials,0.0,1.4622873364610214,0.056193135480783335,0.04015288814636228,0.7145514804044629,1.0448795810449218,-0.0
2021-06-01,WMT,Consumer,0.1744588615668889,-1.5011905270464108,0.025297655687857766,0.03608915938278025,1.426581175270803,-2.141570146379265,0.19346194579554735
2021-06-01,XOM,Energy,0.0,-0.30479556442511685,0.04638202404876806,0.06106099211202831,1.3164796785889756,-0.4012571666897232,0.0
2021-07-01,ABBV,Healthcare,0.0380624803059418,0.9437630919471359,0.027938299905417303,0.027938299905417303,1.0,0.9437630919471359,0.0017666045675438467
2021-07-01,ABT,Healthcare,0.0016077722085933,1.2583803986669087,0.0328848479778144,0.027938299905417303,0.8495797190324778,1.0690944655354095,0.0
2021-07-01,ADBE,Tech,0.0,-0.4749695657812504,0.0440293095139367,0.053674386701625415,1.2190603780564793,-0.5790165784266129,0.0
2021-07-01,AEP,Utilities,0.0730718193404089,-0.02361334762406989,0.02761267537980161,0.02761267537980161,1.0,-0.02361334762406989,0.06987809849979536
2021-07-01,AMD,Tech,0.0073326656014773,0.06657994264751857,0.053674386701625415,0.053674386701625415,1.0,0.06657994264751857,0.007332665601477299
2021-07-01,AMGN,Healthcare,0.0,-0.12607511856541673,0.03479433980472751,0.027938299905417303,0.8029553100364136,-0.1012326859155718,0.0
2021-07-01,AMT,RealEstate,2.0650789510077975e-20,-0.3740900255605399,0.030810560649183364,0.02854042397680711,0.9263195273132291,-0.3465268956498331,2.1175984508734177e-20
2021-07-01,BA,Industrials,1.4975265781603232e-18,-0.26680219106386993,0.04736232091069581,0.037289875839973556,0.7873321054153071,-0.21006193081973373,1.2121591782657533e-18
2021-07-01,CAT,Industrials,9.968010400271868e-05,-0.38390758958861193,0.037289875839973556,0.037289875839973556,1.0,-0.38390758958861193,9.227692009236987e-05
2021-07-01,CCI,RealEstate,0.0539360827180216,-0.3109762619802189,0.028279912307928836,0.02854042397680711,1.0092118980441547,-0.31384094359973297,0.05396523978322164
2021-07-01,CMCSA,Comm,0.0,0.10474535512432685,0.033158129841413385,0.03334645605586105,1.0056796392121141,0.1053402709505778,0.0
2021-07-01,COP,Energy,0.0,0.5399728734553945,0.055518583165181226,0.05523833793109374,0.9949522264778681,0.5372472126820969,0.0
2021-07-01,CVX,Energy,0.0,1.409961939772245,0.03927597353883536,0.05523833793109374,1.4064154991976225,1.9829923253744302,-0.0
2021-07-01,D,Utilities,0.0235463857328418,-0.25331881846115073,0.032446422597876334,0.02761267537980161,0.8510237236942386,-0.21558032416863332,0.026740106573455345
2021-07-01,DD,Materials,5.391651826757604e-19,-0.19182698322570021,0.037534698314996756,0.04102837836006493,1.0930786765820972,-0.20968198495708457,4.659018538920622e-19
2021-07-01,DIS,Consumer,0.0149955829897531,0.6985745149075013,0.031349375139455765,0.028762457918605537,0.9174810595317295,0.6409288860991983,0.002045760180555218
2021-07-01,DOW,Materials,0.0,-0.1821151173150308,0.04102837836006493,0.04102837836006493,1.0,-0.1821151173150308,0.0
2021-07-01,DUK,Utilities,1.2035023435551883e-17,-0.35679668496102707,0.022279107482190932,0.02761267537980161,1.2393977362815871,-0.44221300365347155,1.621554557137664e-17
2021-07-01,EA,Comm,0.0254881359143255,-0.3914592531541275,0.0408355622965826,0.03334645605586105,0.8166033276013371,-0.3196669287459947,0.03470323327594942
2021-07-01,GE,Industrials,0.0,-0.1608743859274338,0.04660740982395002,0.037289875839973556,0.800084707149109,-0.1287131359525436,0.0
2021-07-01,GILD,Healthcare,0.0308201482031869,-0.26637382208069454,0.026983743033025046,0.027938299905417303,1.035375258029399,-0.27579686476907633,0.03245167232926055
2021-07-01,GS,Financials,0.0206379650676253,0.257165364212749,0.030702985249446077,0.03486995425380534,1.1357186921892046,0.2920675111200638,0.020637965067625295
2021-07-01,INTC,Tech,0.0,-0.4243343695053842,0.058791841998034125,0.053674386701625415,0.9129563707736895,-0.38739876597817735,0.0
2021-07-01,KO,Consumer,0.0,-0.4504125868974571,0.02626680160665534,0.028762457918605537,1.0950118080351992,-0.4932071011403958,0.0
2021-07-01,MMM,Industrials,0.0944139075381789,-0.3997695936941695,0.030112662788778496,0.037289875839973556,1.2383453466582721,-0.4950528160866429,0.09442131072208924
2021-07-01,MRK,Healthcare,0.1344959053569957,-0.483481057484705,0.025087260134126994,0.027938299905417303,1.1136449239991715,-0.5384262255175933,0.17076802917791328
2021-07-01,MS,Financials,5.622017352190926e-18,1.2116562514390747,0.03486995425380534,0.03486995425380534,1.0,1.2116562514390747,0.0
2021-07-01,NEE,Utilities,2.1015637567801963e-18,-0.41081453278460356,0.03619110193490909,0.02761267537980161,0.7629686277434694,-0.3134386003357435,2.5787400384094107e-18
2021-07-01,NEM,Materials,0.0,-0.19254297667099543,0.045456804129789904,0.04102837836006493,0.90257947397532,-0.17378533860134937,0.0
2021-07-01,NKE,Consumer,0.0363087166525879,0.8746470319624657,0.03198437809378767,0.028762457918605537,0.8992658176521516,0.7865401783547543,0.002944678859929945
2021-07-01,NUE,Materials,1.6144002514242157e-18,-0.4892187642797265,0.044588003872354925,0.04102837836006493,0.9201662957938108,-0.4501626181601014,1.672358217937562e-18
2021-07-01,NVDA,Tech,6.975805899848986e-19,0.0,0.05827499736682513,0.053674386701625415,0.9210534384713889,0.0,7.473383333581779e-19
2021-07-01,O,RealEstate,0.0,2.392199098570939,0.02854042397680711,0.02854042397680711,1.0,2.392199098570939,-0.0
2021-07-01,OXY,Energy,1.5247273705571812e-18,-0.18057066216974008,0.07582837095913461,0.05523833793109374,0.7284653122887574,-0.13153946380766743,1.5247273705571814e-18
2021-07-01,PLD,RealEstate,0.0,-0.13677097349238346,0.03088887995684617,0.02854042397680711,0.9239708275819645,-0.12637238956694846,0.0
2021-07-01,PSA,RealEstate,0.1041223186861557,-0.30752329094707376,0.028062253766023098,0.02854042397680711,1.017039622503983,-0.31276337173599444,0.10409316162095562
2021-07-01,QCOM,Tech,1.8951661320178e-18,-0.35638211766335215,0.051005058230270385,0.053674386701625415,1.052334583352575,-0.37503322730557204,2.7917938791458783e-18
2021-07-01,SBUX,Consumer,0.0216910410851244,-4.37561093712747,0.028762457918605537,0.028762457918605537,1.0,-4.37561093712747,0.044301570596656965
2021-07-01,SHW,Materials,1.3708428942356584e-18,-0.28034556204815436,0.027680276838329368,0.04102837836006493,1.482224278308236,-0.4155349983837424,1.3861482565060094e-18
2021-07-01,SLB,Energy,0.0,-0.3852674145963079,0.05523833793109374,0.05523833793109374,1.0,-0.3852674145963079,0.0
2021-07-01,SO,Utilities,3.80466701899689e-18,-0.13538077520742484,0.02525610013555487,0.02761267537980161,1.0933071706082294,-0.14801277229677837,4.0805489435355565e-18
2021-07-01,T,Comm,0.1641552333639103,0.12538722081856007,0.024342272264174344,0.03334645605586105,1.3698990666922488,0.17176783677448035,0.1402730876122402
2021-07-01,TMUS,Comm,5.336287779687109e-19,0.9778050550773688,0.03334645605586105,0.03334645605586105,1.0,0.9778050550773688,1.221970850532833e-20
2021-07-01,TTWO,Comm,0.0491580015975259,-0.36150193505796807,0.04664613698402442,0.03334645605586105,0.7148814073774574,-0.25843101210391445,0.06382504998757207
2021-07-01,UPS,Industrials,2.38184891030784e-18,-0.6802228155176316,0.033879350150003165,0.037289875839973556,1.100666797765307,-0.7486986681226928,2.78616418696135e-18
2021-07-01,USB,Financials,0.0,-0.1642059012831957,0.040201051334444786,0.03486995425380534,0.8673891128794512,-0.14243041104360185,0.0
2021-07-01,V,Financials,7.915493082270388e-18,-0.47315588610981596,0.03190515512097537,0.03486995425380534,1.092925394707792,-0.5171240835848857,1.6963178519411933e-17
2021-07-01,WFC,Financials,0.0,-0.08799004599501235,0.04593048718222144,0.03486995425380534,0.759189731984873,-0.06680113943629008,0.0
2021-07-01,WMT,Consumer,0.1060561575333423,-1.9603677215307118,0.025395552814884044,0.028762457918605537,1.1325785316926902,-2.220270395628998,0.12975948862366557
2021-07-01,XOM,Energy,0.0,-0.9349811587691459,0.03928712654218869,0.05523833793109374,1.4060162397414269,-1.3145986930816764,0.0
2021-08-02,ABBV,Healthcare,0.0293873797772643,0.13045399144751127,0.027947630447550647,0.027947630447550647,1.0,0.13045399144751127,0.019160954407861957
2021-08-02,ABT,Healthcare,0.0094208702322595,-0.39510905457420253,0.0328848479778144,0.027947630447550647,0.8498634528097979,-0.33578874535684666,0.009436099415326473
2021-08-02,ADBE,Tech,0.0,0.8275447179376221,0.042743205533546165,0.051005058230270385,1.1932904327973266,0.9875011946269266,0.0
2021-08-02,AEP,Utilities,0.0826298902390586,0.17891132485877367,0.024940286325864997,0.025017437445611287,1.0030934336012927,0.1794647751627436,0.07634126414393573
2021-08-02,AMD,Tech,0.0020636446187928,-0.8272154640473619,0.05372206534160529,0.051005058230270385,0.9494247457900561,-0.7853788316667698,0.0020636446187928016
2021-08-02,AMGN,Healthcare,1.0131122062474177e-17,-0.2071788289502958,0.034421662169356874,0.027947630447550647,0.8119198401880316,-0.1682126016916677,8.874484613398576e-18
2021-08-02,AMT,RealEstate,0.0,-0.2744180291142086,0.029536848990989354,0.029536848990989354,1.0,-0.2744180291142086,0.0
2021-08-02,BA,Industrials,7.9217360838753235e-19,-0.14073351156768987,0.04693882774578896,0.037511343135722956,0.7991538122527617,-0.1124677222810375,7.593551825264637e-19
2021-08-02,CAT,Industrials,0.0062819879238268,-0.26837323936338936,0.037312432563034806,0.037511343135722956,1.0053309462563749,-0.2698039226790848,0.00687338917012918
2021-08-02,CCI,RealEstate,0.0648290055316313,-0.25492473034609514,0.029690536589239556,0.029536848990989354,0.9948236840453095,-0.2536051593971595,0.06458183391011885
2021-08-02,CMCSA,Comm,0.0,0.6369648739478354,0.033158129841413385,0.03398752965461319,1.0250134678031182,0.6528975743140468,0.0
2021-08-02,COP,Energy,0.0,-0.3400309136580788,0.052169645073943983,0.052169645073943983,1.0,-0.3400309136580788,0.0
2021-08-02,CVX,Energy,3.75930699168068e-18,-0.05232560553028397,0.03775840849528255,0.052169645073943983,1.3816695976596032,-0.07229669834032255,3.483006075977205e-18
2021-08-02,D,Utilities,1.3853239168123493e-18,-0.2785890244208453,0.025478829534225318,0.025017437445611287,0.981891158383306,-0.27354409990145895,1.9865077420942728e-18
2021-08-02,DD,Materials,1.8041463641375937e-19,-0.1973240247860124,0.04009125722569677,0.040365681369171486,1.0068449872232696,-0.1986747052145168,7.208812261172139e-19
2021-08-02,DIS,Consumer,0.0140690084606986,-1.0351357732031712,0.0321841846570068,0.029104197337473544,0.9043012165025373,-0.9360745389529223,0.023277635647634354
2021-08-02,DOW,Materials,6.46182167531217e-19,-0.06473569882666937,0.040365681369171486,0.040365681369171486,1.0,-0.06473569882666937,2.293440045246839e-18
2021-08-02,DUK,Utilities,0.0099684548647117,-0.3887227515718087,0.021687679983640414,0.025017437445611287,1.1535322111209036,-0.4484042151336302,0.016257080959834583
2021-08-02,EA,Comm,0.0227785517517542,-0.2843427231735109,0.03998030409830192,0.03398752965461319,0.8501068318801692,-0.2417216915652133,0.017398324713740088
2021-08-02,GE,Industrials,1.0458455074345591e-18,1.2222237968716292,0.04457224203211212,0.037511343135722956,0.8415852877380023,1.0286055657704438,0.0
2021-08-02,GILD,Healthcare,0.0234182350818979,-0.09025927672730649,0.026725549775661363,0.027947630447550647,1.045727054528256,-0.09438656759589699,0.019217134129049008
2021-08-02,GS,Financials,0.0227339437106229,-1.3079068149045359,0.02945166817988746,0.03471013849440589,1.1785457544340203,-1.5414280239010627,0.0227339437106229
2021-08-02,INTC,Tech,1.723548772941314e-18,-0.32263027044668663,0.05036703490539785,0.051005058230270385,1.0126674783629988,-0.32671718241681846,1.2807711905377056e-18
2021-08-02,KO,Consumer,0.0,-0.0006014620471562459,0.025713160316199822,0.029104197337473544,1.1318794337052882,-0.000680782521330435,0.0
2021-08-02,MMM,Industrials,0.0821986163352396,-0.1093826068455316,0.026958998256576352,0.037511343135722956,1.3914219949390172,-0.15219736502863979,0.08160721508893722
2021-08-02,MRK,Healthcare,0.1452668379854837,-0.4192317573574946,0.025145689486992275,0.027947630447550647,1.1114282812570242,-0.4659460315282021,0.15967913512466797
2021-08-02,MS,Financials,5.199456293186765e-19,-2.1217255761625005,0.03471013849440589,0.03471013849440589,1.0,-2.1217255761625005,6.386675341552808e-19
2021-08-02,NEE,Utilities,0.0,-0.3623671397975999,0.03619110193490909,0.025017437445611287,0.691259345753163,-0.25048967197893385,0.0
2021-08-02,NEM,Materials,0.0,-0.20623683978015275,0.04477891891959957,0.040365681369171486,0.9014438566872943,-0.1859109322424205,0.0
2021-08-02,NKE,Consumer,0.0332847371556951,0.9067121049717203,0.03139552822606618,0.029104197337473544,0.9270172850065235,0.8405377938334341,0.004535824073838407
2021-08-02,NUE,Materials,2.1877244674190765e-18,2.7089563773718073,0.04521066970243644,0.040365681369171486,0.892835289431604,2.418651851248347,0.0
2021-08-02,NVDA,Tech,2.9313462683323826e-18,0.0,0.058679507492475996,0.051005058230270385,0.8692141500473629,0.0,1.641862341112098e-18
2021-08-02,O,RealEstate,5.5041871479015e-18,-0.4043733712966917,0.02830004211306478,0.029536848990989354,1.043703358213506,-0.4220458455944741,6.2199519930702694e-18
2021-08-02,OXY,Energy,9.598846444873461e-19,-0.2926471024232499,0.07632675924937364,0.052169645073943983,0.6835039976411956,-0.20002546440440375,9.952701452960897e-19
2021-08-02,PLD,RealEstate,0.0,-0.09818132843645368,0.03088887995684617,0.029536848990989354,0.9562292006785066,-0.09388385321234403,0.0
2021-08-02,PSA,RealEstate,0.1043735417290731,-0.24336572938637244,0.027500845983857988,0.029536848990989354,1.074034195468984,-0.261383115366215,0.10462071335058552
2021-08-02,QCOM,Tech,0.0,-0.32595877916812777,0.051005058230270385,0.051005058230270385,1.0,-0.32595877916812777,0.0
2021-08-02,SBUX,Consumer,0.0139868629006087,0.10986834345176769,0.029104197337473544,0.029104197337473544,1.0,0.10986834345176769,0.01063966284717567
2021-08-02,SHW,Materials,0.0,-0.32231739835934686,0.027680276838329368,0.040365681369171486,1.4582831524747042,-0.4700300317769134,0.0
2021-08-02,SLB,Energy,8.974650031281253e-19,-0.4901845673227952,0.054637757847691176,0.052169645073943983,0.9548277075968723,-0.4680418067161893,1.1383804180228562e-18
2021-08-02,SO,Utilities,2.490290227911128e-18,-0.1604608881534788,0.025017437445611287,0.025017437445611287,1.0,-0.1604608881534788,3.2539090796219078e-18
2021-08-02,T,Comm,0.165031094826543,-0.5887035949773574,0.024583906706921274,0.03398752965461319,1.382511333930683,-0.8138893923819348,0.18413385163898033
2021-08-02,TMUS,Comm,0.0,-0.5515447044619626,0.03398752965461319,0.03398752965461319,1.0,-0.5515447044619626,0.0
2021-08-02,TTWO,Comm,0.0574665906756904,-0.31944914090775434,0.045714124504629416,0.03398752965461319,0.7434798330474712,-0.2375039939492553,0.04374406090126716
2021-08-02,UPS,Industrials,6.96541569033073e-18,-0.5730909767537645,0.037511343135722956,0.037511343135722956,1.0,-0.5730909767537645,9.441435978038264e-18
2021-08-02,USB,Financials,1.8522810479606963e-18,-0.2861383181896291,0.03982031104287112,0.03471013849440589,0.8716691955780169,-0.24941795764040064,9.106192196490742e-19
2021-08-02,V,Financials,0.0,-0.5253509345136547,0.032544535194716166,0.03471013849440589,1.0665427632237725,-0.5603092373583844,0.0
2021-08-02,WFC,Financials,2.1884437291907873e-18,-0.781263822391463,0.043733739315387,0.03471013849440589,0.7936695795457329,-0.6200653294317245,1.3950510412772122e-18
2021-08-02,WMT,Consumer,0.110810746199147,-0.3574810218203628,0.02526172168225578,0.029104197337473544,1.1521066419600678,-0.4118562596139119,0.13369823214750096
2021-08-02,XOM,Energy,0.0,0.33622784828443647,0.03742468698003603,0.052169645073943983,1.3939901515214692,0.46869830917575916,0.0
2021-09-01,ABBV,Healthcare,0.0194757684924495,-0.5487805799289777,0.02808966460838265,0.02808966460838265,1.0,-0.5487805799289777,0.014536408383052367
2021-09-01,ABT,Healthcare,0.011239534313719,-0.4237054757018457,0.0328848479778144,0.02808966460838265,0.8541825897243984,-0.3619218405154107,0.0073768868080723886
2021-09-01,ADBE,Tech,1.185139093956005e-18,-0.47416113392064974,0.04268853385346197,0.051005058230270385,1.1948186931262799,-0.5665365863623457,1.045296686269427e-18
2021-09-01,AEP,Utilities,0.0950656553992699,0.18245277474002689,0.023649433344867757,0.02483646732980802,1.050192914461431,0.1916106112558038,0.09121419124959759
2021-09-01,AMD,Tech,0.0111913364048669,-0.8044376591739563,0.052866598708852956,0.051005058230270385,0.9647879658603639,-0.7761117728559139,0.011191336404866902
2021-09-01,AMGN,Healthcare,1.3907813381460164e-18,-0.21952586243375108,0.037829729251866596,0.02808966460838265,0.7425288302055889,-0.1630042818328062,7.794940165024088e-19
2021-09-01,AMT,RealEstate,0.0,-0.14024944147670884,0.028570583433235888,0.02844001728262506,0.9954300495502328,-0.13960850847855277,0.0
2021-09-01,BA,Industrials,2.294073252305684e-18,0.0,0.04693882774578896,0.03745382987594105,0.797928531125304,0.0,1.9834709880543573e-18
2021-09-01,CAT,Industrials,0.0038855582778765,1.6136925018336974,0.03711157776604278,0.03745382987594105,1.0092222462773177,1.6285743715014687,0.0
2021-09-01,CCI,RealEstate,0.0689019004917443,-0.2889530244648571,0.02844001728262506,0.02844001728262506,1.0,-0.2889530244648571,0.1849951725447575
2021-09-01,CMCSA,Comm,2.583309287098062e-18,-0.35775239767123473,0.033158129841413385,0.03439117769454701,1.0371868938034494,-0.37105609809136436,2.253895521232877e-18
2021-09-01,COP,Energy,1.1103162545448541e-18,-0.3408366559469653,0.052169645073943983,0.052169645073943983,1.0,-0.3408366559469653,1.1586014412065166e-18
2021-09-01,CVX,Energy,0.0,-0.024963145658560237,0.03775840849528255,0.052169645073943983,1.3816695976596032,-0.03449081941838099,0.0
2021-09-01,D,Utilities,5.3193071178609995e-18,-0.2963984872993523,0.02543871135262573,0.02483646732980802,0.9763256866879167,-0.2893814566457999,8.140566844295522e-18
2021-09-01,DD,Materials,2.355950294504756e-18,0.051132718820926966,0.04009125722569677,0.040365681369171486,1.0068449872232696,0.05148272162794725,2.1355510753935838e-18
2021-09-01,DIS,Consumer,0.0136776790173403,0.10624798322818474,0.032005665046833505,0.02908881261255734,0.9088644953945506,0.0965650196633728,0.006163857028452065
2021-09-01,DOW,Materials,3.0430108350198577e-18,-0.12219816886320155,0.040365681369171486,0.040365681369171486,1.0,-0.12219816886320155,3.263410054131029e-18
2021-09-01,DUK,Utilities,0.0055139054159614,-0.37293768832736646,0.021489330627284173,0.02483646732980802,1.1557580717881513,-0.4310257435583676,0.0093653695656337
2021-09-01,EA,Comm,0.0231010467851476,-0.049130241621003046,0.03954732037182885,0.03439117769454701,0.8696209343944636,-0.042724686625482435,0.015328634392644815
2021-09-01,GE,Industrials,1.2803259574618182e-18,0.20618519919600445,0.043780591704678885,0.03745382987594105,0.8554893485356506,0.1763892417378832,9.117192668287562e-19
2021-09-01,GILD,Healthcare,0.0181422896530937,-0.3251913785158168,0.022055364759755114,0.02808966460838265,1.2735978259420333,-0.4141630326928371,0.012364147980961018
2021-09-01,GS,Financials,0.0310359734290833,-0.44407048761604556,0.02945166817988746,0.03471013849440589,1.1785457544340203,-0.5233573878493357,0.031035973429083298
2021-09-01,INTC,Tech,3.6492986194613725e-18,-0.44823020626437143,0.05036703490539785,0.051005058230270385,1.0126674783629988,-0.4539081527038678,2.9872810346583322e-18
2021-09-01,KO,Consumer,0.0,-0.7709028969142204,0.025170827341030138,0.02908881261255734,1.1556558002025077,-0.8908984042118347,0.0
2021-09-01,MMM,Industrials,0.0749389131390058,-0.1558815070159767,0.026958998256576352,0.03745382987594105,1.3892886345212994,-0.21656440602934862,0.0788244714168823
2021-09-01,MRK,Healthcare,0.1313956083758059,-1.16849542119906,0.025145689486992275,0.02808966460838265,1.1170767309010667,-1.3052990451859108,0.14597575766298235
2021-09-01,MS,Financials,0.0,0.7906264274602127,0.03471013849440589,0.03471013849440589,1.0,0.7906264274602127,0.0
2021-09-01,NEE,Utilities,0.0,-0.28687609419874777,0.03619110193490909,0.02483646732980802,0.686258942169742,-0.1968712849386199,0.0
2021-09-01,NEM,Materials,0.0,-0.0868616958191321,0.04163939038638952,0.040365681369171486,0.9694109590606694,-0.08420467984966098,0.0
2021-09-01,NKE,Consumer,0.029641820100726,-0.4384213673482047,0.03139552822606618,0.02908881261255734,0.9265272558276728,-0.40620934638534817,0.020792087501934276
2021-09-01,NUE,Materials,0.0,0.6219505163915676,0.0457030140414532,0.040365681369171486,0.8832170528744409,0.549317302121097,0.0
2021-09-01,NVDA,Tech,0.0,1.3140970930449298,0.058679507492475996,0.051005058230270385,0.8692141500473629,1.142231787810759,-0.0
2021-09-01,O,RealEstate,3.0348859112704313e-18,-0.4071795526722822,0.028286287106165372,0.02844001728262506,1.0054347951670963,-0.40939249013728596,8.909768648667313e-18
2021-09-01,OXY,Energy,1.4860699718389261e-18,-0.2099340478272841,0.07462667440229533,0.052169645073943983,0.6990750357266272,-0.14675965198509408,1.3262431545915785e-18
2021-09-01,PLD,RealEstate,9.687813954807531e-21,-0.12373496542879327,0.030376693316409294,0.02844001728262506,0.936244672400269,-0.11584620217233917,2.2517606958789592e-20
2021-09-01,PSA,RealEstate,0.1160932720530132,2.546180091558619,0.026897622439584642,0.02844001728262506,1.0573431665384116,2.692186120585653,0.0
2021-09-01,QCOM,Tech,0.0,-0.3628923539537355,0.051005058230270385,0.051005058230270385,1.0,-0.3628923539537355,0.0
2021-09-01,SBUX,Consumer,0.0038577416541039,-0.33927377922110236,0.02908881261255734,0.02908881261255734,1.0,-0.33927377922110236,0.0025771859401963835
2021-09-01,SHW,Materials,0.0,-0.24315973279878897,0.027680276838329368,0.040365681369171486,1.4582831524747042,-0.3545957417007247,0.0
2021-09-01,SLB,Energy,1.929952507262882e-18,-0.3739749136914616,0.05431238014496044,0.052169645073943983,0.9605479438518904,-0.3592208343985216,2.041494137848567e-18
2021-09-01,SO,Utilities,0.0,-0.06192092980007237,0.02483646732980802,0.02483646732980802,1.0,-0.06192092980007237,0.0
2021-09-01,T,Comm,0.1634006549072116,-0.5635152817672708,0.024583906706921274,0.03439117769454701,1.3989305322601404,-0.7883187330594111,0.18595200666557007
2021-09-01,TMUS,Comm,0.0,-0.3704121290595049,0.03439117769454701,0.03439117769454701,1.0,-0.3704121290595049,0.0
2021-09-01,TTWO,Comm,0.0565632675072167,-0.2258502740993363,0.04828827755874939,0.03439117769454701,0.7122055172232096,-0.16085181127992146,0.041784328141360995
2021-09-01,UPS,Industrials,0.0,-0.40375585140505843,0.03745382987594105,0.03745382987594105,1.0,-0.40375585140505843,0.0
2021-09-01,USB,Financials,0.0,-0.2583129533612739,0.03982031104287112,0.03471013849440589,0.8716691955780169,-0.22516344426380344,0.0
2021-09-01,V,Financials,3.803103182950879e-18,-0.5435219549816315,0.03290179660836397,0.03471013849440589,1.0549617976053693,-0.5733948986654066,3.928023190671588e-18
2021-09-01,WFC,Financials,0.0,0.028856747467067425,0.045495445068671245,0.03471013849440589,0.7629365630342574,0.022015867732871935,0.0
2021-09-01,WMT,Consumer,0.1228780745823636,-1.1225333720437423,0.02526172168225578,0.02908881261255734,1.1514976286430139,-1.2925945159810153,0.14052218488395107
2021-09-01,XOM,Energy,0.0,-0.3481087629209227,0.03733100245033399,0.052169645073943983,1.3974884586437684,-0.4864779785347492,0.0
2021-10-01,ABBV,Healthcare,1.2776178409104753e-18,-0.4488992314044532,0.031247697199583774,0.031247697199583774,1.0,-0.4488992314044532,1.46083863347746e-18
2021-10-01,ABT,Healthcare,0.0331635596095104,-0.2614258121987678,0.03195910926824947,0.031247697199583774,0.9777399281471069,-0.2556064548350223,0.0328607729717466
2021-10-01,ADBE,Tech,0.0,0.8168005365386979,0.03856243835254429,0.04997145440442546,1.295858263618551,1.0584577250017377,-0.0
2021-10-01,AEP,Utilities,0.0533806679921224,-0.08381500161779619,0.02399333691268757,0.024417792492095677,1.0176905605482354,-0.08529773597876626,0.046845004998940884
2021-10-01,AMD,Tech,0.0197181704768511,0.26625396906787446,0.05091666485225503,0.04997145440442546,0.981436128022676,0.2613112644726441,0.016889760052568262
2021-10-01,AMGN,Healthcare,1.0967874776987833e-18,-0.14660685817857083,0.03610276804132722,0.031247697199583774,0.8655208144653674,-0.12689128729692525,9.753659726662538e-19
2021-10-01,AMT,RealEstate,2.2851032443059633e-18,0.02312478189196251,0.026497163695232036,0.02731196135818287,1.0307503728445264,0.02383587755708871,1.71212836674991e-18
2021-10-01,BA,Industrials,1.4595695527410216e-18,0.0,0.04491709298465101,0.03682000395482455,0.8197325674528094,0.0,1.0769449324344627e-18
2021-10-01,CAT,Industrials,0.0,-0.16634791807476582,0.03682000395482455,0.03682000395482455,1.0,-0.16634791807476582,0.0
2021-10-01,CCI,RealEstate,0.0905593837421352,-0.3163576059346382,0.027997497637228277,0.02731196135818287,0.9755143731797713,-0.30861139165398166,0.09096028432165958
2021-10-01,CMCSA,Comm,0.0,-1.0570128021402048,0.03678279265005881,0.03678279265005881,1.0,-1.0570128021402048,0.0
2021-10-01,COP,Energy,0.0,-0.11734460679405258,0.049495338446093565,0.049495338446093565,1.0,-0.11734460679405258,0.0
2021-10-01,CVX,Energy,3.4262668411393858e-18,-0.3588141819599754,0.03601802519969539,0.049495338446093565,1.3741824592457712,-0.4930761549780186,5.01632860838556e-18
2021-10-01,D,Utilities,3.0552513086645377e-18,-0.27095149661705403,0.025207972664852932,0.024417792492095677,0.9686535611862596,-0.26245813210685615,3.1188487318531847e-18
2021-10-01,DD,Materials,0.0007621999346442,0.1222026390837471,0.03729100036869682,0.03890488735265244,1.043278189589957,0.12749134806640658,0.0007621999346441996
2021-10-01,DIS,Consumer,0.0074657387815712,-0.6719189157526394,0.03294547647627522,0.029789813313724125,0.9042155858688654,-0.6075595560636456,0.045085538559501176
2021-10-01,DOW,Materials,0.0,-0.11285948474591634,0.03890488735265244,0.03890488735265244,1.0,-0.11285948474591634,0.0
2021-10-01,DUK,Utilities,0.0449657979755483,-0.3717207266603529,0.021794215426737342,0.024417792492095677,1.1203795141962167,-0.4164682871523908,0.05150146096872981
2021-10-01,EA,Comm,0.0459771286451421,-0.9856785976450088,0.03897156817451965,0.03678279265005881,0.9438366063521174,-0.9303195425551792,0.14794560465414291
2021-10-01,GE,Industrials,1.054918174148737e-18,-0.7541031479418575,0.03985671207104031,0.03682000395482455,0.9238093671449077,-0.6966475518621501,1.3206237734196841e-18
2021-10-01,GILD,Healthcare,0.0057433171866668,-0.08577672673678222,0.021235280720916398,0.031247697199583774,1.4714991344006727,-0.12622037914489806,0.005104453823601359
2021-10-01,GS,Financials,0.044078381282969,0.250528436648848,0.02834704166652642,0.03295980995615014,1.1627248565789743,0.29129564057148644,0.044078381282969
2021-10-01,INTC,Tech,0.0021035486324032,-1.0219551557325521,0.04997145440442546,0.04997145440442546,1.0,-1.0219551557325521,0.004931959056686038
2021-10-01,KO,Consumer,0.0,-0.3004573129338292,0.023136435558066052,0.029789813313724125,1.2875714255534279,-0.38686025073216285,0.0
2021-10-01,MMM,Industrials,0.0832165519205781,-0.26631481225647735,0.02759940620981988,0.03682000395482455,1.3340868160317152,-0.3552870799453279,0.08321655192057809
2021-10-01,MRK,Healthcare,0.1466168178671409,-0.21064617470112643,0.023907971044088108,0.031247697199583774,1.3069991235124325,-0.27531436570561896,0.1475584678679701
2021-10-01,MS,Financials,1.7053392788869678e-18,0.6032406469206577,0.03295980995615014,0.03295980995615014,1.0,0.6032406469206577,9.547130620412592e-19
2021-10-01,NEE,Utilities,4.8556371072148824e-18,0.5789857908761592,0.03416154154865395,0.024417792492095677,0.7147743159458738,0.41384417261588746,2.301387220274093e-18
2021-10-01,NEM,Materials,0.0,-0.2171057360985061,0.04076262943439087,0.03890488735265244,0.9544253619671778,-0.20721122076096726,0.0
2021-10-01,NKE,Consumer,1.3572200520032653e-18,-0.9439767905884032,0.03389574684171966,0.029789813313724125,0.878865819149267,-0.829628935318373,9.32847576159063e-18
2021-10-01,NUE,Materials,6.88948741125297e-19,-0.352831070828977,0.04725790401940222,0.03890488735265244,0.8232461460135777,-0.29046681925379897,1.0189761312034959e-18
2021-10-01,NVDA,Tech,0.0,0.9005956852020938,0.05358663801724909,0.04997145440442546,0.9325357263193124,0.8398376514199734,0.0
2021-10-01,O,RealEstate,0.0,-0.2596392418747674,0.02731196135818287,0.02731196135818287,1.0,-0.2596392418747674,0.0
2021-10-01,OXY,Energy,0.0024559892759712,-0.10647125157769959,0.06936571907654267,0.049495338446093565,0.7135417769039081,-0.07597168603993479,0.0025912549501860187
2021-10-01,PLD,RealEstate,0.0,-0.08311381393763136,0.028584208671311395,0.02731196135818287,0.9554912529586513,-0.07941452221743961,0.0
2021-10-01,PSA,RealEstate,0.0940716428756393,-0.2885435048048058,0.02650828745578633,0.02731196135818287,1.0303178356480782,-0.29729151936079834,0.09367074229611493
2021-10-01,QCOM,Tech,5.225193298008259e-19,0.08973938231450328,0.047541440914120985,0.04997145440442546,1.051113585191792,0.09432628387749444,5.487436548705454e-19
2021-10-01,SBUX,Consumer,0.0205464268756992,-0.4402268244608339,0.029789813313724125,0.029789813313724125,1.0,-0.4402268244608339,0.11116411180687592
2021-10-01,SHW,Materials,0.0,0.22966204794467604,0.026657206457717852,0.03890488735265244,1.459451027412087,0.33518051183042147,0.0
2021-10-01,SLB,Energy,0.0020334855534672,0.04842810308618304,0.0499040566051207,0.049495338446093565,0.9918099211400543,0.04803147310286962,0.0018982198792523795
2021-10-01,SO,Utilities,0.0,-0.35977627020233094,0.024417792492095677,0.024417792492095677,1.0,-0.35977627020233094,0.0
2021-10-01,T,Comm,0.1343945134105355,0.9343386588247693,0.024108310602812617,0.03678279265005881,1.5257308260234341,1.4255492937143428,0.0
2021-10-01,TMUS,Comm,0.0,-0.3452155623584616,0.03302501641759455,0.03678279265005881,1.1137857491105516,-0.3844961737260395,0.0
2021-10-01,TTWO,Comm,0.0405091932522972,-0.10409507268500029,0.047818240604883336,0.03678279265005881,0.7692209538613272,-0.08007211110302011,0.07293523065383188
2021-10-01,UPS,Industrials,1.681982112536074e-18,1.7518341373842408,0.035775742410610115,0.03682000395482455,1.0291890950082627,1.8029685904590673,0.0
2021-10-01,USB,Financials,1.674667928166507e-19,-0.2914578920127927,0.03752783448750527,0.03295980995615014,0.8782763622325175,-0.2559805771409535,2.967881265234657e-19
2021-10-01,V,Financials,3.7288150414595364e-18,-0.4940114135460235,0.0316177694293497,0.03295980995615014,1.042445768661804,-0.5149801077216889,7.970997409610882e-18
2021-10-01,WFC,Financials,0.0,0.0677034429728974,0.045931615642870696,0.03295980995615014,0.7175843804933958,0.04858293318297653,0.0
2021-10-01,WMT,Consumer,0.1282374847091067,0.9066581152218411,0.02331664579025466,0.029789813313724125,1.2776200136888884,1.1583645535808704,0.0
2021-10-01,XOM,Energy,0.0,1.8896478325281785,0.037081576291575456,0.049495338446093565,1.334768998407934,2.5222433447673605,-0.0
2021-11-01,ABBV,Healthcare,0.0162851338282283,0.7304188877984429,0.02968643126919842,0.02968643126919842,1.0,0.7304188877984429,0.004956086998247751
2021-11-01,ABT,Healthcare,0.0559663332148798,-1.9110499817185358,0.030964618919415838,0.02968643126919842,0.9587210275849398,-1.8321638022393751,0.17893831785147002
2021-11-01,ADBE,Tech,5.337954102600731e-19,-2.740918190382834,0.036733636932385176,0.05065580267295118,1.379003194434361,-3.7797349402211764,3.0266746181014762e-18
2021-11-01,AEP,Utilities,0.047078903685746,-0.2219552421103188,0.023492056351697616,0.023504971704906216,1.0005497753374692,-0.2220772676284531,0.04519058690473794
2021-11-01,AMD,Tech,0.0352758178357633,0.15768573221946924,0.05065580267295118,0.05065580267295118,1.0,0.15768573221946924,0.03524831284415414
2021-11-01,AMGN,Healthcare,0.0,-0.17105175449187207,0.030420363686149983,0.02968643126919842,0.9758736475170507,-0.16692489957017426,0.0
2021-11-01,AMT,RealEstate,8.784699319651517e-19,-0.33350730514332905,0.025853390605648542,0.026619090571271344,1.0296170037153853,-0.3433847922388672,1.0634819789632364e-18
2021-11-01,BA,Industrials,1.0584679147276001e-18,0.0,0.040743410862598264,0.03398490253260099,0.8341202126451944,0.0,8.917854822543915e-19
2021-11-01,CAT,Industrials,0.0,0.8392356599420717,0.03398490253260099,0.03398490253260099,1.0,0.8392356599420717,0.0
2021-11-01,CCI,RealEstate,0.0556984390843728,-0.04595088024710845,0.026048014172142555,0.026619090571271344,1.021923989880946,-0.04695830688066662,0.05255030220227605
2021-11-01,CMCSA,Comm,8.306539372819416e-18,-0.20032367339378926,0.038853140639568955,0.038853140639568955,1.0,-0.20032367339378926,7.62283463998039e-18
2021-11-01,COP,Energy,0.0006010084101103,2.660167619306521,0.043484727530303156,0.043484727530303156,1.0,2.660167619306521,0.0
2021-11-01,CVX,Energy,0.0,0.9940647774321878,0.03526641873084347,0.043484727530303156,1.2330349691070865,1.2257166321315405,-0.0
2021-11-01,D,Utilities,0.0,-0.2920463166079284,0.024121866719224047,0.023504971704906216,0.9744259007191101,-0.284577495112379,0.0
2021-11-01,DD,Materials,0.0,0.12412081508368696,0.038283661535746624,0.039971862759684076,1.044097172428534,0.12959419206840248,0.0
2021-11-01,DIS,Consumer,6.857140899820936e-19,-2.891385580301654,0.031366648107409315,0.031366648107409315,1.0,-2.891385580301654,1.5169634298603714e-18
2021-11-01,DOW,Materials,0.0,-0.030721934230769164,0.040323896587092574,0.039971862759684076,0.9912698459919873,-0.030453727013510512,0.0
2021-11-01,DUK,Utilities,0.0542487321551784,-0.289377355867886,0.02142579963138264,0.023504971704906216,1.0970405823490568,-0.3174587029999359,0.056137048936186464
2021-11-01,EA,Comm,0.0527071829206578,0.5422839579436609,0.040830942718381835,0.038853140639568955,0.9515611948405372,0.5160163709637257,0.019502867749937775
2021-11-01,GE,Industrials,0.0,0.9225822120503311,0.038698371170940375,0.03398490253260099,0.8781998183458726,0.810211531031734,0.0
2021-11-01,GILD,Healthcare,0.044344137403872,0.6667341519925488,0.022608881372038057,0.02968643126919842,1.3130429047194547,0.8754505476079587,0.006234995758668009
2021-11-01,GS,Financials,0.0631379646669277,0.5950060325654615,0.027407021257097656,0.03370333451569456,1.2297335854025484,0.7316989017628704,0.06313796466692768
2021-11-01,INTC,Tech,6.800222258137198e-05,-0.1841140620616801,0.050706525881253434,0.05065580267295118,0.998999671000513,-0.18392988742618646,9.550721419053183e-05
2021-11-01,KO,Consumer,0.0629812995493953,-0.2567618665794324,0.02132912611184331,0.031366648107409315,1.470601652544617,-0.37759442530215376,0.04932428139617537
2021-11-01,MMM,Industrials,0.0641765739866207,-0.1700481424370958,0.026626255429400874,0.03398490253260099,1.2763680804727295,-0.21704402115038926,0.06580600351219307
2021-11-01,MRK,Healthcare,0.0735337961614057,0.8087627776423356,0.02318955799384131,0.02968643126919842,1.2801637390881944,1.0353487814619662,0.0
2021-11-01,MS,Financials,0.0,-0.260100183304888,0.03215084817273849,0.03370333451569456,1.0482875703500867,-0.27265978920429323,0.0
2021-11-01,NEE,Utilities,0.0,-0.26526710223947314,0.03459480522025143,0.023504971704906216,0.6794364516654847,-0.18023213868917298,0.0
2021-11-01,NEM,Materials,0.0011231385252618,-0.0539015440824548,0.039971862759684076,0.039971862759684076,1.0,-0.0539015440824548,0.0011231385252617996
2021-11-01,NKE,Consumer,3.2526950940651242e-18,0.8719389585961579,0.031971446832455674,0.031366648107409315,0.9810831606021533,0.8554446293516687,2.6730393911031843e-19
2021-11-01,NUE,Materials,1.6841263548190708e-18,-0.34166537632788563,0.046663614438676095,0.039971862759684076,0.8565959418384507,-0.2926691748291739,2.0656751454780176e-18
2021-11-01,NVDA,Tech,1.2444481442642238e-18,-0.41941953524761816,0.05273737516902892,0.05065580267295118,0.9605294634136402,-0.402864821136593,2.0709981701765926e-18
2021-11-01,O,RealEstate,1.3170985485635726e-18,0.4143449276245773,0.026619090571271344,0.026619090571271344,1.0,0.4143449276245773,6.95125125580016e-19
2021-11-01,OXY,Energy,0.0042528953305488,2.888955815410473,0.06954801345303573,0.043484727530303156,0.6252475861106724,1.8063126499657878,0.0
2021-11-01,PLD,RealEstate,0.0,-0.17907359353711166,0.02803566227068318,0.026619090571271344,0.9494725080600953,-0.1700254539830155,0.0
2021-11-01,PSA,RealEstate,0.1023682461160555,-0.14426839366984176,0.026704947450879965,0.026619090571271344,0.9967849822671794,-0.14380456822590768,0.10551638299815223
2021-11-01,QCOM,Tech,1.6077076598283941e-18,-0.18878862913665512,0.04679184438586366,0.05065580267295118,1.082577601669723,-0.2043783413532749,2.2969794182535135e-18
2021-11-01,SBUX,Consumer,0.0131774755629534,0.2577470480160443,0.03217469158151617,0.031366648107409315,0.9748857429741126,0.25127392240450563,0.00560896786150264
2021-11-01,SHW,Materials,0.0,-0.037346958218960585,0.02633323551693698,0.039971862759684076,1.5179244773766984,-0.05668986203612514,0.0
2021-11-01,SLB,Energy,0.0,-0.1882225566296729,0.04544553129321776,0.043484727530303156,0.9568537608183441,-0.18010146118194625,0.0
2021-11-01,SO,Utilities,0.0,-0.3280250898542709,0.023504971704906216,0.023504971704906216,1.0,-0.3280250898542709,0.0
2021-11-01,T,Comm,0.1107837791586617,-0.5368597357451856,0.025398023147387476,0.038853140639568955,1.5297702665321617,-0.8212720610412986,0.15425846336604282
2021-11-01,TMUS,Comm,0.0007924448792135,-0.2701106471366287,0.033633713462309214,0.038853140639568955,1.1551843861400781,-0.31202760210242564,0.0007948954926386097
2021-11-01,TTWO,Comm,0.0269095664005026,0.23373477842119558,0.047460703129725355,0.038853140639568955,0.8186381169569029,0.1913441988740665,0.016636746750416386
2021-11-01,UPS,Industrials,0.0072805427721,0.0717406293690125,0.03096836351302716,0.03398490253260099,1.0974071173733442,0.07872867727439749,0.005651113246527634
2021-11-01,USB,Financials,8.03633220649375e-19,-0.3356151347785577,0.03607214886762673,0.03370333451569456,0.934331210468637,-0.31357569512924455,3.934508928138892e-18
2021-11-01,V,Financials,1.9123579502758808e-18,0.17662680033977368,0.03370333451569456,0.03370333451569456,1.0,0.17662680033977368,5.868720980868578e-18
2021-11-01,WFC,Financials,0.0,2.150854304915646,0.04239617693900814,0.03370333451569456,0.7949616439279594,1.7098466740852705,-0.0
2021-11-01,WMT,Consumer,0.1072085861289623,-0.8075254334499923,0.022875223263471835,0.031366648107409315,1.3712062062142563,-1.1072838860224867,0.12843411198363294
2021-11-01,XOM,Energy,4.602219424222223e-19,0.6264019003046297,0.03586026091868894,0.043484727530303156,1.2126160383746858,0.759584990777775,0.004853903740659101
2021-12-01,ABBV,Healthcare,0.0315496415369122,-0.4177978812031178,0.029743407919862845,0.029743407919862845,1.0,-0.4177978812031178,0.07333195541870485
2021-12-01,ABT,Healthcare,0.0770329854479042,0.9776731839145589,0.029515025754586668,0.029743407919862845,1.0077378270706976,0.9852382499433481,0.00186422827487
2021-12-01,ADBE,Tech,0.0,-2.985029666235976,0.03406473047319265,0.048907885874589704,1.435733827780552,-4.285708068743482,0.0
2021-12-01,AEP,Utilities,0.053564831393149,-0.26716811049088046,0.022365395028170032,0.02350335524775838,1.0508803988552424,-0.28076173051405795,0.050578362358539596
2021-12-01,AMD,Tech,0.0259552946352252,0.14176097776713287,0.05058294499263835,0.048907885874589704,0.9668849032358153,0.13706654927098882,0.028553465767143515
2021-12-01,AMGN,Healthcare,3.971861133923717e-18,-0.056775516774371856,0.030606844605440317,0.029743407919862845,0.971789424989468,-0.05517384679964672,6.870725343437121e-18
2021-12-01,AMT,RealEstate,0.0,-0.4672588418236457,0.026962492898914725,0.02597347460909751,0.9633187371240058,-0.45011919741558,0.0
2021-12-01,BA,Industrials,0.0,0.0,0.04420664497977817,0.03136736454623994,0.7095622063286771,0.0,0.0
2021-12-01,CAT,Industrials,2.091497546022317e-18,-0.27551960063669517,0.03136736454623994,0.03136736454623994,1.0,-0.27551960063669517,2.2330981023556464e-18
2021-12-01,CCI,RealEstate,0.0013248081082059,-0.3271011748519073,0.026098177808707285,0.02597347460909751,0.9952217660357816,-0.3255382089084942,0.0013721388926119108
2021-12-01,CMCSA,Comm,0.0,2.177713935861777,0.03892242642779738,0.03892242642779738,1.0,2.177713935861777,-0.0
2021-12-01,COP,Energy,0.0122155874040574,-0.28720243705187365,0.04195697578764656,0.04195697578764656,1.0,-0.28720243705187365,0.008236711526613844
2021-12-01,CVX,Energy,0.0132296264430161,-1.1588652720940795,0.03278326706317322,0.04195697578764656,1.27982899650592,-1.4831493782697256,0.01720850232045966
2021-12-01,D,Utilities,0.0,-0.2648022629708582,0.02500693665502834,0.02350335524775838,0.9398734268010542,-0.2488806103230944,0.0
2021-12-01,DD,Materials,9.09874975162338e-18,-0.12706047047386543,0.03928782298446765,0.03846628796877245,0.9790893220013746,-0.12440354988943257,1.337309141413904e-17
2021-12-01,DIS,Consumer,0.0048965036517954,1.0851340708208541,0.034485772774703924,0.03326440571980484,0.9645834511849772,1.046702367030783,0.0
2021-12-01,DOW,Materials,0.0,0.0594682866015307,0.03846628796877245,0.03846628796877245,1.0,0.0594682866015307,0.0
2021-12-01,DUK,Utilities,0.0666040435577712,-0.37647473492296735,0.02117901864911245,0.02350335524775838,1.1097471340459553,-0.41779175812147373,0.06961931126976345
2021-12-01,EA,Comm,0.0680119832319313,-0.07866852778773871,0.03922327869942192,0.03892242642779738,0.9923297520859984,-0.07806512067657723,0.05141631067653513
2021-12-01,GE,Industrials,7.493847481346346e-19,-0.24440151457581188,0.04012072616787554,0.03136736454623994,0.7818244469202958,-0.19107907895971676,7.471516377008718e-19
2021-12-01,GILD,Healthcare,0.0393942195809565,-0.2002073116291235,0.02315712049266331,0.029743407919862845,1.2844173751778083,-0.25714974969408433,0.08119027793190794
2021-12-01,GS,Financials,0.0517651396651778,0.09730450682101555,0.027959598083681654,0.036092417953234805,1.2908775671671686,0.12560820503951373,0.0517651396651778
2021-12-01,INTC,Tech,0.0064063797599488,0.552617773621663,0.05064018042312719,0.048907885874589704,0.9657920936682454,0.5337138765843503,0.0038082086280304818
2021-12-01,KO,Consumer,0.0331469277587641,-0.34113691692953396,0.023355224660283853,0.03326440571980484,1.4242811278271195,-0.485874872787863,0.01815862112300827
2021-12-01,MMM,Industrials,0.0634694140242604,-0.16279902175225588,0.02637198622036509,0.03136736454623994,1.189419874716046,-0.19363639205646305,0.06341614620737801
2021-12-01,MRK,Healthcare,0.033706682946597,0.6336773740702475,0.03476115815085709,0.029743407919862845,0.8556506601644823,0.5422064634545029,0.025297067886887115
2021-12-01,MS,Financials,0.0,-0.16151950821782077,0.03250741340948449,0.036092417953234805,1.1102826760957962,-0.17933231182575898,0.0
2021-12-01,NEE,Utilities,0.0,-0.4723265531261088,0.03371194236319165,0.02350335524775838,0.69718187681231,-0.3292975127767498,0.0
2021-12-01,NEM,Materials,0.0146794582474997,-0.3665596255846111,0.035581993301417786,0.03846628796877245,1.0810605140336458,-0.3962731372584804,0.02679219500383452
2021-12-01,NKE,Consumer,0.0013055103870534,0.6865024383104547,0.03356434893627908,0.03326440571980484,0.9910636366865426,0.6803676031061381,0.00015384680093070456
2021-12-01,NUE,Materials,0.0,-0.32428672847609996,0.04588703681109304,0.03846628796877245,0.838282239211257,-0.27184380489343796,0.0
2021-12-01,NVDA,Tech,6.271720648275567e-19,-0.26667603547647617,0.048907885874589704,0.048907885874589704,1.0,-0.26667603547647617,1.012762989935716e-18
2021-12-01,O,RealEstate,0.0030665497783677,-0.4994218940456272,0.025573223137144795,0.02597347460909751,1.015651193821218,-0.5072384429078951,0.0036114767840306865
2021-12-01,OXY,Energy,3.9104101785301484e-18,-3.033624035731887,0.07079757480843236,0.04195697578764656,0.5926329524870853,-1.7978255690315752,5.731068464728188e-18
2021-12-01,PLD,RealEstate,8.239986297380823e-18,-0.13146663167826583,0.02597347460909751,0.02597347460909751,1.0,-0.13146663167826583,7.284857923414985e-18
2021-12-01,PSA,RealEstate,0.1273890925643044,-0.26759873406677637,0.025379201804598867,0.02597347460909751,1.0234157405372362,-0.27386475659177684,0.1267968347742354
2021-12-01,QCOM,Tech,6.882675513199397e-18,0.4164967774588728,0.04774639524841728,0.048907885874589704,1.0243262474607637,0.42662858113394797,5.030937219375722e-18
2021-12-01,SBUX,Consumer,0.0116064263644389,-0.6464228125770314,0.03326440571980484,0.03326440571980484,1.0,-0.6464228125770314,0.007045263524514593
2021-12-01,SHW,Materials,0.0272056372020182,0.3468422323335107,0.023179242620125648,0.03846628796877245,1.6595144457124604,0.5755896949406184,0.015092900445683373
2021-12-01,SLB,Energy,0.0,1.8297181092442012,0.047091127726041654,0.04195697578764656,0.8909741136745833,1.6302314706581866,-0.0
2021-12-01,SO,Utilities,0.0100668126929251,-0.3525057828243595,0.02350335524775838,0.02350335524775838,1.0,-0.3525057828243595,0.01003801401554226
2021-12-01,T,Comm,0.0885800477188128,-0.5332457068981636,0.02761072092096358,0.03892242642779738,1.4096852646192706,-0.7517086154358278,0.10880986027609786
2021-12-01,TMUS,Comm,2.8288364422361664e-19,-1.9151223256125023,0.035009254415131225,0.03892242642779738,1.1117753599166869,-2.129185812842322,6.207399078882487e-19
2021-12-01,TTWO,Comm,0.0212444492163925,-0.20403599488232518,0.04361314935537457,0.03892242642779738,0.892447048724787,-0.18209132146635684,0.017610309214503624
2021-12-01,UPS,Industrials,0.0002588614360239,-0.43223279981230256,0.030780860003127835,0.03136736454623994,1.0190541961157844,-0.44046864834760074,0.0003121292529062874
2021-12-01,USB,Financials,0.0,-0.3269997659540863,0.036092417953234805,0.036092417953234805,1.0,-0.3269997659540863,0.0
2021-12-01,V,Financials,0.0,-0.13280848810712104,0.036388944210757744,0.036092417953234805,0.9918511992047497,-0.13172625819361775,0.0
2021-12-01,WFC,Financials,0.0,0.41526290197236465,0.04371366103994855,0.036092417953234805,0.8256553465117248,0.34286403522145714,0.0
2021-12-01,WMT,Consumer,0.1123230852464896,-1.6327777867789581,0.023305945681665937,0.03326440571980484,1.4272926820546445,-2.3304517864909857,0.13792072196008784
2021-12-01,XOM,Energy,0.0,-0.1476953139284086,0.03482064665714767,0.04195697578764656,1.204945336046308,-0.17796477967393126,0.0
2022-01-03,ABBV,Healthcare,0.0217342919338228,-0.03940308934507981,0.029532211064172007,0.029865805342748245,1.0112959465802054,-0.03984818453741689,0.02557795340518185
2022-01-03,ABT,Healthcare,0.068437810737438,2.4616189399765287,0.029865805342748245,0.029865805342748245,1.0,2.4616189399765287,0.0
2022-01-03,ADBE,Tech,0.0110678246940347,-0.1611462800331326,0.047015745784618854,0.047346524374661664,1.0070354853362982,-0.1622800223233047,0.010050772540436624
2022-01-03,AEP,Utilities,0.053733319250944,-0.1676624776781552,0.022330341623978178,0.02350335524775838,1.052530034852697,-0.1764697934740782,0.05313062974353368
2022-01-03,AMD,Tech,0.0226631571766571,-0.5221651537946079,0.054299399908005475,0.047346524374661664,0.8719529949663637,-0.4553034697182803,0.025769166728097287
2022-01-03,AMGN,Healthcare,7.575738337312766e-19,-0.029729436092232622,0.02996533625431144,0.029865805342748245,0.9966784650531371,-0.029630688731301744,8.82788774744314e-19
2022-01-03,AMT,RealEstate,5.097998322351276e-19,-0.3116311838411873,0.02619071104525631,0.025823435402050232,0.9859768739164262,-0.307261140458609,4.988422135111495e-19
2022-01-03,BA,Industrials,0.0,0.025384908253749467,0.04571548655156609,0.03186014170919414,0.6969222929139469,0.017691308465613256,0.0
2022-01-03,CAT,Industrials,1.0326220169557833e-18,-0.3175530016383818,0.03186014170919414,0.03186014170919414,1.0,-0.3175530016383818,1.369636044171948e-18
2022-01-03,CCI,RealEstate,2.5402642077828772e-18,4.526790345185573,0.025823435402050232,0.025823435402050232,1.0,4.526790345185573,0.0
2022-01-03,CMCSA,Comm,0.0,-0.2723617358932152,0.0411039087146505,0.03951644246855235,0.9613791900639285,-0.26184290505742486,0.0
2022-01-03,COP,Energy,2.2536316803269798e-18,2.0972775515658517,0.04276052035651992,0.04276052035651992,1.0,2.0972775515658517,0.0
2022-01-03,CVX,Energy,0.0170130386319473,-0.19158169118100063,0.032250611980221944,0.04276052035651992,1.3258824478352007,-0.2540148016634726,0.017747455333405302
2022-01-03,D,Utilities,1.990316500564072e-18,-0.01737041825602002,0.024405484018745965,0.02350335524775838,0.9630358172657155,-0.016728334941433543,1.7007778224310002e-18
2022-01-03,DD,Materials,0.0,-0.1734684224906717,0.03938238645312411,0.03893405605853946,0.9886159668074384,-0.1714936522111766,0.0
2022-01-03,DIS,Consumer,0.0245987111011618,-0.39687677893739975,0.03333572436644036,0.03333572436644036,1.0,-0.39687677893739975,0.01673749350599057
2022-01-03,DOW,Materials,0.0,-0.008525892488932584,0.03893405605853946,0.03893405605853946,1.0,-0.008525892488932584,0.0
2022-01-03,DUK,Utilities,0.0704974273973133,-0.17700297652367467,0.021076196610404743,0.02350335524775838,1.1151611309298288,-0.197386839478087,0.07094605693978853
2022-01-03,EA,Comm,0.0596256904375856,-0.30538518757776006,0.03951644246855235,0.03951644246855235,1.0,-0.30538518757776006,0.11770314536375409
2022-01-03,GE,Industrials,0.0,3.1295660479583858,0.04079934526908994,0.03186014170919414,0.7808983575364323,2.443872986652487,-0.0
2022-01-03,GILD,Healthcare,0.0695973672020406,-0.2541783034353083,0.022457981307137522,0.029865805342748245,1.3298526227402456,-0.3380196834671107,0.1053915207251927
2022-01-03,GS,Financials,0.0446120626492949,-0.2201755550458413,0.02913780126457833,0.036388944210757744,1.2488569017386477,-0.27496776151313645,0.044612062649294904
2022-01-03,INTC,Tech,0.0079293234804623,0.057291257104287896,0.047346524374661664,0.047346524374661664,1.0,0.057291257104287896,0.005840366082620194
2022-01-03,KO,Consumer,0.0249801799284473,-0.4567448556326149,0.02323066097147369,0.03333572436644036,1.4349881997492573,-0.6554234781289805,0.020143022793574248
2022-01-03,MMM,Industrials,0.076616446978113,0.029088912894917787,0.02656838665832295,0.03186014170919414,1.199174873466149,0.034882693440030865,0.0744385342380213
2022-01-03,MRK,Healthcare,0.0487964650647426,-0.4649082180816219,0.0342762437703438,0.029865805342748245,0.8713266699482538,-0.4050869294926362,0.07759646080766945
2022-01-03,MS,Financials,2.1672965196557204e-19,1.5867317483680463,0.03282454837551371,0.036388944210757744,1.1085893336434443,1.7590338915942296,0.0
2022-01-03,NEE,Utilities,0.0,-0.5172685384890973,0.03371194236319165,0.02350335524775838,0.69718187681231,-0.36063025047978947,0.0
2022-01-03,NEM,Materials,0.0135314160002655,-0.3978803360111892,0.036325392565356565,0.03893405605853946,1.071813772927282,-0.42645362411372745,0.015090617692662785
2022-01-03,NKE,Consumer,0.0092513235630901,0.3751864945696009,0.03388947282130705,0.03333572436644036,0.9836601632080115,0.36905600848177533,0.0028432474031375686
2022-01-03,NUE,Materials,1.551589796671066e-18,-0.4110224859162256,0.0520419528067204,0.03893405605853946,0.7481282688053116,-0.3074975408285614,1.5860756942931698e-18
2022-01-03,NVDA,Tech,7.393804601026618e-18,0.3377010775048342,0.05413433554156067,0.047346524374661664,0.8746117210270774,0.2953573205892015,4.070645787744491e-18
2022-01-03,O,RealEstate,0.0056586543910193,-0.5421744645221477,0.02603271416378015,0.025823435402050232,0.9919609319100083,-0.5378158870851993,0.006513563791535497
2022-01-03,OXY,Energy,0.0041905789194061,0.013761288884129197,0.06878180297423357,0.04276052035651992,0.6216836213575048,0.008555167908032214,0.0034561622179481014
2022-01-03,PLD,RealEstate,0.0,-0.27618185197151623,0.0250636449058152,0.025823435402050232,1.0303144454483852,-0.28455415165694076,0.0
2022-01-03,PSA,RealEstate,0.1155790965657316,-0.3150962877133257,0.024952472030318116,0.025823435402050232,1.0349048932175484,-0.32609468998920527,0.1147241871652154
2022-01-03,QCOM,Tech,1.1476138098390405e-18,1.7271010151085606,0.04660472817677609,0.047346524374661664,1.0159167583827948,1.7545908646687232,0.0
2022-01-03,SBUX,Consumer,0.0,-0.5298025442375233,0.034878891028070076,0.03333572436644036,0.9557564298593153,-0.5063621882108372,0.0
2022-01-03,SHW,Materials,0.0061852642096189,0.024474386441932998,0.02197460712436005,0.03893405605853946,1.771774841670727,0.04336310216314403,0.0046260625172216165
2022-01-03,SLB,Energy,9.613789334268568e-19,-0.08292305629690976,0.047091127726041654,0.04276052035651992,0.9080377222071306,-0.0752972631582996,8.599529341930386e-19
2022-01-03,SO,Utilities,0.0122743139745634,-0.20474898670027833,0.02350335524775838,0.02350335524775838,1.0,-0.20474898670027833,0.012428373939498477
2022-01-03,T,Comm,0.0739388267559107,1.1689616379632681,0.026978187477526783,0.03951644246855235,1.4647552768869336,1.7122427276850902,0.0
2022-01-03,TMUS,Comm,0.0,-0.1427764225794216,0.035009254415131225,0.03951644246855235,1.1287427604134606,-0.1611578533442551,0.0
2022-01-03,TTWO,Comm,0.0197360878366997,-0.21411236466125397,0.043900688948710194,0.03951644246855235,0.9001326269553531,-0.19272952526615705,0.0355974596664419
2022-01-03,UPS,Industrials,0.0036852792735414,-0.5500219449258957,0.030192398896446485,0.03186014170919414,1.0552371747096898,-0.5804036031919309,0.005863192013633101
2022-01-03,USB,Financials,1.1225987516944605e-18,-0.18054873843798794,0.0365001447085819,0.036388944210757744,0.9969534230970319,-0.17999868282160275,1.0389792497690463e-18
2022-01-03,V,Financials,5.047885489783667e-19,0.3042287477412557,0.036388944210757744,0.036388944210757744,1.0,0.3042287477412557,2.754715620665785e-19
2022-01-03,WFC,Financials,5.088805329844305e-18,-0.5372616280056675,0.04527441469708657,0.036388944210757744,0.803741902666704,-0.4318196831230861,5.714851665116139e-18
2022-01-03,WMT,Consumer,0.1140660418461469,-1.0599398146818793,0.025295653976257847,0.03333572436644036,1.3178439425890636,-1.396835264287489,0.1331724927361437
2022-01-03,XOM,Energy,0.0,0.9015924413730347,0.03422273614132037,0.04276052035651992,1.249476961162409,1.1265189838537768,-0.0
2022-02-01,ABBV,Healthcare,0.0472343327446119,0.5837738229059334,0.02661908288551609,0.028643352250380394,1.0760457966779067,0.6281673683485223,0.019066121439708456
2022-02-01,ABT,Healthcare,0.0352038286738297,-0.509519477077761,0.03146451839064175,0.028643352250380394,0.9103381750441655,-0.46383503091242645,0.055942143716200196
2022-02-01,ADBE,Tech,0.00698326025211,-0.20923011346689607,0.04931886998652815,0.04931886998652815,1.0,-0.20923011346689607,0.021258648844617825
2022-02-01,AEP,Utilities,0.0364896097737269,-0.37433226709910933,0.021207845924075788,0.021207845924075788,1.0,-0.37433226709910933,0.10516893900033801
2022-02-01,AMD,Tech,0.0086691260492168,0.726996316009711,0.056377485952312005,0.04931886998652815,0.8747972555612976,0.6359743820484691,0.00794466779795868
2022-02-01,AMGN,Healthcare,0.0,-0.07059333155513833,0.028643352250380394,0.028643352250380394,1.0,-0.07059333155513833,0.0
2022-02-01,AMT,RealEstate,5.420501283690715e-18,1.1323135673100828,0.02943952882973396,0.024002406116069134,0.8153121693926934,0.9231890309963632,5.697337840579489e-18
2022-02-01,BA,Industrials,2.7887274230031586e-18,-0.2642470547733187,0.045430702136017624,0.0336921042768472,0.7416153106323219,-0.19596966160939094,2.623155625994749e-18
2022-02-01,CAT,Industrials,0.0170447221908045,-0.24771916606470215,0.0336921042768472,0.0336921042768472,1.0,-0.24771916606470215,0.01672648171789283
2022-02-01,CCI,RealEstate,4.2655945178061016e-18,0.6258916882438422,0.030239974562834414,0.024002406116069134,0.7937310286487017,0.4967896535324574,2.9372330686037745e-17
2022-02-01,CMCSA,Comm,0.0,-0.2033519237279793,0.038255454058422594,0.038255454058422594,1.0,-0.2033519237279793,0.0
2022-02-01,COP,Energy,3.0235449889234643e-18,1.3231841098449943,0.0398530291762969,0.0398530291762969,1.0,1.3231841098449943,0.0
2022-02-01,CVX,Energy,0.0766790131538643,0.25325281077606276,0.030119709752056543,0.0398530291762969,1.323154489348151,0.3350925935183853,0.0766790131538643
2022-02-01,D,Utilities,0.0,-0.3255440831809353,0.024050794695436986,0.021207845924075788,0.88179397781394,-0.2870628120619091,0.0
2022-02-01,DD,Materials,0.0,-2.5172563491151303,0.0343306364311176,0.03437097999058802,1.001175147438684,-2.5202144964663042,0.0
2022-02-01,DIS,Consumer,0.0146217945299446,0.5544708645326605,0.03578093852183527,0.032878998444855465,0.9188970385668085,0.5095016353906398,0.014466833784922459
2022-02-01,DOW,Materials,2.595211444527894e-18,-0.2569372652483404,0.037378632876582635,0.03437097999058802,0.9195355031863971,-0.23626293748746943,2.4622463225708507e-18
2022-02-01,DUK,Utilities,0.0575942948743978,0.20802672688373447,0.02082190682537594,0.021207845924075788,1.0185352428063648,0.21188255277673781,0.0951912298790462
2022-02-01,EA,Comm,0.0632591803652196,0.064539304639011,0.0396120352545238,0.038255454058422594,0.9657533073626586,0.06232904691001105,0.06068291247853965
2022-02-01,GE,Industrials,2.3869110006560422e-18,-0.30368957058312873,0.04255926042268487,0.0336921042768472,0.7916515452154964,-0.24041631781796444,2.328635551559755e-18
2022-02-01,GILD,Healthcare,0.0685757346761586,0.21323740907530267,0.022720710156882203,0.028643352250380394,1.2606715218231943,0.2688223290085968,0.0544315196264047
2022-02-01,GS,Financials,0.0028852943470231,-0.17121026563057895,0.03285164310611222,0.0359633534099375,1.0947200812383817,-0.1874273158999523,0.0023985485120285835
2022-02-01,INTC,Tech,0.0135509303412497,0.942015553576648,0.04547800659269695,0.04931886998652815,1.0844554034267628,1.0215738571882491,0.0
2022-02-01,KO,Consumer,0.0285422279562282,1.1637845254702428,0.019038187548910904,0.032878998444855465,1.7270025500266877,2.009858843168708,0.0
2022-02-01,MMM,Industrials,0.0170197172232156,-0.271934131813289,0.02721283556796176,0.0336921042768472,1.2380960518687592,-0.33668057496639187,0.017892779242815945
2022-02-01,MRK,Healthcare,0.0626527495676329,-0.2677760316808199,0.032175731468527556,0.028643352250380394,0.8902160399491669,-0.23837851851620218,0.08422686087991973
2022-02-01,MS,Financials,0.0202648866202001,-0.43529879954853473,0.03383323072706612,0.0359633534099375,1.062959482056418,-0.46270498650789105,0.02075163245519462
2022-02-01,NEE,Utilities,0.0,-0.45574337682389343,0.036711109526056614,0.021207845924075788,0.5776955858286712,-0.263280937061816,0.0
2022-02-01,NEM,Materials,0.0130136716037666,-0.422452648203093,0.03437097999058802,0.03437097999058802,1.0,-0.422452648203093,0.014206449819701641
2022-02-01,NKE,Consumer,0.018166635161459,-0.19870436295542288,0.03491761734739815,0.032878998444855465,0.9416163227215562,-0.18710327155481468,0.04350090052239987
2022-02-01,NUE,Materials,0.0,-0.1867253229671695,0.05594186786518829,0.03437097999058802,0.6144052978963278,-0.1147250276824318,0.0
2022-02-01,NVDA,Tech,9.621422632048668e-20,0.6183684349491005,0.05489378897276927,0.04931886998652815,0.8984417164388739,0.5555679980872901,1.0764976646401834e-19
2022-02-01,O,RealEstate,0.0067643096812403,-0.2096504102076278,0.024002406116069134,0.024002406116069134,1.0,-0.2096504102076278,0.11196766890813029
2022-02-01,OXY,Energy,0.0,1.1716505142009828,0.06633867604301051,0.0398530291762969,0.6007510483094098,0.7038702746584995,0.0
2022-02-01,PLD,RealEstate,0.0,2.1618583153596225,0.02346970895065662,0.024002406116069134,1.0226972207679468,2.210926490812361,-0.0
2022-02-01,PSA,RealEstate,0.10520335922689,1.62933734605678,0.023976937099438243,0.024002406116069134,1.0010622297804455,1.6310680767081533,0.0
2022-02-01,QCOM,Tech,0.0,0.5790052686616963,0.04717913845679754,0.04931886998652815,1.045353340474625,0.6052650917479119,0.0
2022-02-01,SBUX,Consumer,0.0246119275351788,-0.09654432518514762,0.032878998444855465,0.032878998444855465,1.0,-0.09654432518514762,0.054438615384552996
2022-02-01,SHW,Materials,0.012109972957403,-0.13059056556021204,0.025695541995517508,0.03437097999058802,1.3376242461273598,-0.17468110680882418,0.01091719474146796
2022-02-01,SLB,Energy,2.5742528075535073e-18,-0.3354513643371128,0.046278818367912186,0.0398530291762969,0.8611505345592259,-0.28887412171752636,4.989999801583118e-18
2022-02-01,SO,Utilities,0.1062762642312595,1.2168531702486531,0.019356285026483712,0.021207845924075788,1.0956568316212913,1.333253489062963,0.0
2022-02-01,T,Comm,0.0097287027415165,-0.45618392195847174,0.03187900423195917,0.038255454058422594,1.2000203576017265,-0.5474299931607634,0.015401333935097117
2022-02-01,TMUS,Comm,0.0,0.7153719421841536,0.03399800992438984,0.038255454058422594,1.1252262748172948,0.8049553056126882,0.0
2022-02-01,TTWO,Comm,0.0314866923101776,0.16880397861455637,0.05442864025763573,0.038255454058422594,0.7028552224957665,0.11864475794730463,0.02839032900327695
2022-02-01,UPS,Industrials,0.0021104900782686,0.05506564117128717,0.029546333599000267,0.0336921042768472,1.1403142174630834,0.06279213352133928,0.0015556685315799219
2022-02-01,USB,Financials,4.601121101357568e-18,-0.4739440897087517,0.036911929696732,0.0359633534099375,0.9743016337918934,-0.4617645009292484,4.708606755592094e-18
2022-02-01,V,Financials,0.0,-0.10630170901779969,0.0359633534099375,0.0359633534099375,1.0,-0.10630170901779969,0.0
2022-02-01,WFC,Financials,8.200064918243938e-19,1.1174992263724652,0.040695615217896636,0.0359633534099375,0.883715683308357,0.9875515924303034,7.146319619732782e-21
2022-02-01,WMT,Consumer,0.0932572711334043,0.48949562697851334,0.024954914618109496,0.032878998444855465,1.3175360023470308,0.6449281115356239,0.06679350662433958
2022-02-01,XOM,Energy,2.151162951776554e-18,0.9371265931901818,0.03249419386707206,0.0398530291762969,1.2264661600570403,1.1493540542372984,0.0
2022-03-01,ABBV,Healthcare,0.0339687767735922,-0.7200153725760244,0.02659533780116312,0.03011776070636918,1.1324451274708762,-0.8153779003778464,0.0536219622779859
2022-03-01,ABT,Healthcare,0.0132581594898595,-0.06262790188496842,0.032865393615393056,0.03011776070636918,0.9163973831812872,-0.05739204540151946,0.012190317821646075
2022-03-01,ADBE,Tech,0.0099951475727671,-0.19941127329018588,0.05305062058095988,0.05305062058095988,1.0,-0.19941127329018588,0.010120660767674799
2022-03-01,AEP,Utilities,0.0412721696550197,-0.4422191840063823,0.020907953238352425,0.022122594345771678,1.0580946921763332,-0.4679097713757024,0.12346634801596834
2022-03-01,AMD,Tech,7.298359521648087e-18,-0.6366210918792152,0.06048804879318924,0.05305062058095988,0.8770430132792316,-0.5583440807388615,9.601523293341506e-18
2022-03-01,AMGN,Healthcare,3.681919119682637e-18,-0.3189984512895097,0.03011776070636918,0.03011776070636918,1.0,-0.3189984512895097,4.222933867545294e-18
2022-03-01,AMT,RealEstate,0.0,-0.28779990161889424,0.029719916629679807,0.02524184128184752,0.849324094558184,-0.24443539085640179,0.0
2022-03-01,BA,Industrials,2.080964785210414e-18,1.1941911021570752,0.04489397844923581,0.035023146211421635,0.7801301515530488,0.9316244855091015,8.89159725941095e-20
2022-03-01,CAT,Industrials,0.0126077452690288,-0.13742537419123477,0.035023146211421635,0.035023146211421635,1.0,-0.13742537419123477,0.00896137772133912
2022-03-01,CCI,RealEstate,0.0,-0.36319902777943214,0.03134282354820543,0.02524184128184752,0.8053467564281639,-0.29250115896002826,0.0
2022-03-01,CMCSA,Comm,0.0,-0.5039115850648204,0.039838397872612466,0.03758125453383224,0.9433425172870232,-0.47536122314514156,0.0
2022-03-01,COP,Energy,2.432380365674408e-18,2.5652317610538105,0.039745304195080634,0.039745304195080634,1.0,2.5652317610538105,0.0
2022-03-01,CVX,Energy,0.0598691327935631,-0.6074136570977755,0.030119709752056543,0.039745304195080634,1.3195779282822226,-0.801529655243411,0.06194954385898146
2022-03-01,D,Utilities,3.553338817596898e-18,-2.187444888572393,0.023543699435600203,0.022122594345771678,0.9396396860350805,-2.055410028317205,2.212575305217188e-17
2022-03-01,DD,Materials,1.8902373570619792e-18,-0.24658373336759418,0.03381746088263008,0.03531144641342591,1.0441779332866234,-0.25747729308987427,1.901812167610253e-18
2022-03-01,DIS,Consumer,0.0676537313794624,-0.49193114600295806,0.03491052002442558,0.03402474210872725,0.9746271921736318,-0.47944947157161993,0.06284182454355913
2022-03-01,DOW,Materials,0.0,-0.29758725539585595,0.037045596484717586,0.03531144641342591,0.9531887663893585,-0.28365682886397087,0.0
2022-03-01,DUK,Utilities,0.0050721301503609,-0.2916059095065016,0.022122594345771678,0.022122594345771678,1.0,-0.2916059095065016,0.013350955650326438
2022-03-01,EA,Comm,0.0684212764113175,2.086190541559914,0.03758125453383224,0.03758125453383224,1.0,2.086190541559914,0.0
2022-03-01,GE,Industrials,0.0,-0.6733475288891225,0.04467295033553678,0.035023146211421635,0.783989997266,-0.527897727332851,0.0
2022-03-01,GILD,Healthcare,0.1406889575316029,-0.305066941012617,0.02390510685716995,0.03011776070636918,1.2598881438313188,-0.38435022205668445,0.16935644816476533
2022-03-01,GS,Financials,0.0026440553867761,-0.3071285883742235,0.03325634322519538,0.03641303518325127,1.0949199957638263,-0.3362812326816548,0.0019121074929143692
2022-03-01,INTC,Tech,0.0001255131949077,1.0576182665935276,0.04537120093146453,0.05305062058095988,1.1692575795182387,1.2366281744514234,0.0
2022-03-01,KO,Consumer,0.091828804650892,-0.2622896786428247,0.019060094086706305,0.03402474210872725,1.7851298085909357,-0.4682211238310437,0.08465006448061699
2022-03-01,MMM,Industrials,4.4323359831864675e-18,-0.0785836357345155,0.029097093862102182,0.035023146211421635,1.203664750074505,-0.09458835226633154,3.0317817977997003e-18
2022-03-01,MRK,Healthcare,0.0472528344693427,1.1484015006705626,0.03397482032359316,0.03011776070636918,0.8864729943973972,1.0180269170698981,0.0
2022-03-01,MS,Financials,0.0095634628286986,-0.9915462269248677,0.036498359087993114,0.03641303518325127,0.9976622536773191,-0.989228243379106,0.010295410722560332
2022-03-01,NEE,Utilities,0.0,-0.5504511287910459,0.0350772755615752,0.022122594345771678,0.6306816590398341,-0.34715943112628617,0.0
2022-03-01,NEM,Materials,0.0215435996828639,-0.24982403390678637,0.03531144641342591,0.03531144641342591,1.0,-0.24982403390678637,0.0215435996828639
2022-03-01,NKE,Consumer,0.0227684665928192,0.3451142583117976,0.03513189725383948,0.03402474210872725,0.9684857570568232,0.33423824373220534,0.009517207122936897
2022-03-01,NUE,Materials,0.0,-2.0758899235561783,0.05594186786518829,0.03531144641342591,0.6312167927342242,-1.3103365796164246,0.0
2022-03-01,NVDA,Tech,0.0,-0.3898585004696327,0.057109497956145276,0.05305062058095988,0.9289281552027959,-0.3621505376313843,0.0
2022-03-01,O,RealEstate,0.0046491973279627,-0.4971011270336163,0.024002406116069134,0.02524184128184752,1.0516379549527164,-0.5227704126383227,0.004713463956900497
2022-03-01,OXY,Energy,0.0038520205647366,0.33258186891149466,0.06633469841174794,0.039745304195080634,0.5991631099063187,0.19927078687546676,0.00177160949931824
2022-03-01,PLD,RealEstate,0.0,-0.05572728748958129,0.02524184128184752,0.02524184128184752,1.0,-0.05572728748958129,0.0
2022-03-01,PSA,RealEstate,0.0696658731423556,-0.46469070500451365,0.023430136523759797,0.02524184128184752,1.0773236961829278,-0.5006223078973132,0.06960160651341782
2022-03-01,QCOM,Tech,0.0,-0.7413824754603153,0.04646060733794381,0.05305062058095988,1.1418408759722365,-0.8465408152100716,0.0
2022-03-01,SBUX,Consumer,1.7204512776049977e-18,0.2842871072605757,0.03402474210872725,0.03402474210872725,1.0,0.2842871072605757,7.731043426096746e-19
2022-03-01,SHW,Materials,4.918872808036801e-18,-0.1457655944008635,0.02662818756824159,0.03531144641342591,1.3260927475041713,-0.19329869757061974,4.696408739235063e-18
2022-03-01,SLB,Energy,0.0,-0.3641767250212387,0.045466012831088684,0.039745304195080634,0.8741761531352854,-0.3183546085404731,0.0
2022-03-01,SO,Utilities,0.0904730038609142,1.3911821832440772,0.02161931203327337,0.022122594345771678,1.023279293611366,1.423567921754717,0.0
2022-03-01,T,Comm,0.0,-0.1263493874713435,0.032752143252792805,0.03758125453383224,1.1474441304120655,-0.14497886303515287,0.0
2022-03-01,TMUS,Comm,0.0,-0.49064511634996816,0.03255442775028382,0.03758125453383224,1.1544129978910347,-0.5664070996661622,0.0
2022-03-01,TTWO,Comm,0.0403530283179755,-0.2506737304113804,0.052252462609961664,0.03758125453383224,0.7192245619954295,-0.18029070395888544,0.10877430472929302
2022-03-01,UPS,Industrials,0.0117862347334616,-0.9588700831033874,0.03066022210205308,0.035023146211421635,1.1422991684419797,-1.0953164985728914,0.015432602281151286
2022-03-01,USB,Financials,8.911899212237164e-18,-0.5732007345350781,0.03641303518325127,0.03641303518325127,1.0,-0.5732007345350781,7.58749281352607e-18
2022-03-01,V,Financials,0.0,0.20780726917652168,0.03588474436304261,0.03641303518325127,1.0147218777668858,0.21086658239240877,0.0
2022-03-01,WFC,Financials,0.0,-0.33005647130135357,0.04048177706570888,0.03641303518325127,0.8994920140029095,-0.296883160105548,0.0
2022-03-01,WMT,Consumer,0.1306866782197184,-0.5623695374619448,0.0212518611233584,0.03402474210872725,1.6010241131930742,-0.9003671900018096,0.15592858469577897
2022-03-01,XOM,Energy,2.6577627037139434e-18,-1.1812263285901394,0.03249419386707206,0.039745304195080634,1.2231509529878346,-1.4448181095093502,3.7321276249658534e-18
2022-04-01,ABBV,Healthcare,0.0452041382805249,0.6079785637228807,0.023810338992107195,0.030044705500380034,1.2618344287470853,0.7671682836457346,0.07520005063641759
2022-04-01,ABT,Healthcare,0.0,-0.3530025417991787,0.03393054579660353,0.030044705500380034,0.8854766345487883,-0.31257550269950474,0.0
2022-04-01,ADBE,Tech,0.0107011101949842,0.6062702879568076,0.057771822359474485,0.05684956068752211,0.9840361332863317,0.5965918698874078,0.006401613315861271
2022-04-01,AEP,Utilities,0.0116684704991312,-0.23593150438995478,0.021224677433978285,0.022122594345771678,1.042305326645668,-0.2459126637491757,0.009795589313540258
2022-04-01,AMD,Tech,0.0027847034513353,-0.13373397778144921,0.06434011853729851,0.05684956068752211,0.8835787371850417,-0.11816449920686531,0.0046174330521059894
2022-04-01,AMGN,Healthcare,0.0,-0.20922496326040874,0.030044705500380034,0.030044705500380034,1.0,-0.20922496326040874,0.0
2022-04-01,AMT,RealEstate,1.715288997659321e-18,-0.41950369210510463,0.02960231001882497,0.024533698197728018,0.828776476637341,-0.34767479187922457,1.448009022941945e-18
2022-04-01,BA,Industrials,0.0,-0.3126323850623984,0.04884319704930123,0.03432659825936978,0.7027917976933673,-0.219715475915168,0.0
2022-04-01,CAT,Industrials,0.0287411731147411,2.419580239376336,0.03432659825936978,0.03432659825936978,1.0,2.419580239376336,0.0287411731147411
2022-04-01,CCI,RealEstate,0.0,1.699125650071946,0.030344632421009685,0.024533698197728018,0.8085020723711797,1.3737466093021962,-0.0
2022-04-01,CMCSA,Comm,0.0,0.9819579415046581,0.039546540450994275,0.03656270990424544,0.9245488856238545,0.9078681205476258,0.0
2022-04-01,COP,Energy,0.0,-0.8231139081011035,0.03793775936343975,0.03793775936343975,1.0,-0.8231139081011035,0.0
2022-04-01,CVX,Energy,0.0859932842205216,-1.6245285177976114,0.031234250017322742,0.03793775936343975,1.2146204676724812,-1.9731855880346174,0.0859932842205216
2022-04-01,D,Utilities,1.121700211931693e-18,-0.4422770557379034,0.02389964426296304,0.022122594345771678,0.9256453402553261,-0.4093916957456354,1.0652156693358065e-18
2022-04-01,DD,Materials,7.156298945196355e-18,-0.31095937965832715,0.038184092070820776,0.036090207273274645,0.9451634258145365,-0.29390743256702756,4.319107128136108e-17
2022-04-01,DIS,Consumer,0.0492945140694856,0.2033622611560169,0.03730938108010226,0.037078843212434036,0.9938209141777703,0.2021056682913312,0.02922258091850209
2022-04-01,DOW,Materials,0.0,-0.3894205594595847,0.036090207273274645,0.036090207273274645,1.0,-0.3894205594595847,0.0
2022-04-01,DUK,Utilities,0.0143761456185199,-0.48002616820190486,0.022122594345771678,0.022122594345771678,1.0,-0.48002616820190486,0.014336425870699002
2022-04-01,EA,Comm,0.0743939510332349,-0.2965095054120536,0.03656270990424544,0.03656270990424544,1.0,-0.2965095054120536,0.07394059955720135
2022-04-01,GE,Industrials,1.4801511493669606e-18,1.2999271569090907,0.04060289437907597,0.03432659825936978,0.8454224454761882,1.098987595934992,1.4801511493669606e-18
2022-04-01,GILD,Healthcare,0.1419418364383362,1.864222504339902,0.024520011059527724,0.030044705500380034,1.2253137010191348,2.2842573763158858,0.0
2022-04-01,GS,Financials,0.0,0.2695908478426179,0.03382982894482857,0.03700405835919922,1.0938293072527014,0.29488637033735915,0.0
2022-04-01,INTC,Tech,0.0015319620817969,-0.6090838705325934,0.04554970330925751,0.05684956068752211,1.248077518783048,-0.7601838858650943,0.003998729360149139
2022-04-01,KO,Consumer,0.0890999818155347,-0.8986170719974964,0.021934708739532814,0.037078843212434036,1.690418762917377,-1.5190391591824435,0.16675817532597947
2022-04-01,MMM,Industrials,0.0,1.1904532521617046,0.029732802761927142,0.03432659825936978,1.154502605564148,1.3743813814230017,0.0
2022-04-01,MRK,Healthcare,0.0506938350437537,0.623043627095955,0.03397482032359316,0.030044705500380034,0.8843227194204193,0.5509716346310565,0.1626397591261972
2022-04-01,MS,Financials,0.0,0.5257871014706933,0.03700405835919922,0.03700405835919922,1.0,0.5257871014706933,0.0
2022-04-01,NEE,Utilities,0.0190158836160957,-1.6724221922580604,0.03329287878566122,0.022122594345771678,0.6644842726937621,-1.1112982440595045,0.027051735553485792
2022-04-01,NEM,Materials,0.0350420383832001,2.2786086435292123,0.035641314410440855,0.036090207273274645,1.0125947336752061,2.3073071125444855,0.0
2022-04-01,NKE,Consumer,0.0136572765333027,0.005112663201270279,0.037078843212434036,0.037078843212434036,1.0,0.005112663201270279,0.010095146050301802
2022-04-01,NUE,Materials,9.940325162381502e-21,1.4998893978299261,0.05710862252098392,0.036090207273274645,0.6319572365804079,0.9478659590288522,2.4172650570113503e-21
2022-04-01,NVDA,Tech,0.0,0.243587368690062,0.05684956068752211,0.05684956068752211,1.0,0.243587368690062,0.0
2022-04-01,O,RealEstate,0.0074235395612351,-0.5162284478657404,0.024515611223391444,0.024533698197728018,1.0007377737463594,-0.5166093076616997,0.007052345903336604
2022-04-01,OXY,Energy,2.3681674413870317e-19,-0.29775810694437166,0.06382784416096045,0.03793775936343975,0.5943763237211752,-0.17698036896377217,9.374748082154526e-20
2022-04-01,PLD,RealEstate,0.0,-0.4808160195834191,0.024533698197728018,0.024533698197728018,1.0,-0.4808160195834191,0.0
2022-04-01,PSA,RealEstate,0.0494077609009218,-0.5590545950196714,0.022542794361431678,0.024533698197728018,1.0883166392052337,-0.6084284179840517,0.049778954558820296
2022-04-01,QCOM,Tech,1.8318825605715663e-19,-0.2814231053085514,0.053181752755440966,0.05684956068752211,1.0689674134838645,-0.3008321289762794,3.533741995542874e-19
2022-04-01,SBUX,Consumer,0.0,0.10755545027138537,0.04001168254772076,0.037078843212434036,0.9267004247624725,0.09967168145201181,0.0
2022-04-01,SHW,Materials,0.0078210442711719,-0.14645098065791032,0.030212593785054417,0.036090207273274645,1.1945418367597347,-0.17494182343036457,0.04286308265437197
2022-04-01,SLB,Energy,6.285566265041032e-19,-0.20731765764865623,0.048611603644046056,0.03793775936343975,0.7804259995460233,-0.1617960901939928,2.4561353790925557e-19
2022-04-01,SO,Utilities,0.0978218181126188,-0.3894358692995801,0.022021350520001256,0.022122594345771678,1.0045975302776486,-0.3912263124998873,0.09169856710864055
2022-04-01,T,Comm,3.773425113143311e-18,0.4848412486334989,0.033626255261500385,0.03656270990424544,1.087326246110642,0.5271806148362589,1.3677308646994412e-18
2022-04-01,TMUS,Comm,0.0144634278561005,-0.49398332776097154,0.03219223657189319,0.03656270990424544,1.135761717661086,-0.5610473528337402,0.01730840102231148
2022-04-01,TTWO,Comm,0.0334785656987219,-0.30587794861258577,0.05293529529639044,0.03656270990424544,0.6907056945564746,-0.2112716409459657,0.031086944008544476
2022-04-01,UPS,Industrials,8.632617576008743e-18,1.399967305988019,0.0321974474717736,0.03432659825936978,1.0661279372988413,1.4925442562188225,8.632617576008743e-18
2022-04-01,USB,Financials,0.0,-0.6647119973566084,0.040085958191162126,0.03700405835919922,0.9231177207423625,-0.6136074239499356,0.0
2022-04-01,V,Financials,5.728185683016135e-18,-0.6644603420679552,0.03599390243619913,0.03700405835919922,1.0280646402481821,-0.6831081825272765,5.775601324318004e-18
2022-04-01,WFC,Financials,4.124680226221089e-19,-0.6102085169692946,0.047298696814173466,0.03700405835919922,0.7823483700741334,-0.47739563865628176,3.6505238132023915e-19
2022-04-01,WMT,Consumer,0.11544353920473,0.1635036573002489,0.02135292156959825,0.037078843212434036,1.7364763454770495,0.28392023330086813,0.061419409328269635
2022-04-01,XOM,Energy,5.0472159271584184e-20,-1.7268217851905285,0.03650485158566737,0.03793775936343975,1.0392525298838629,-1.7946039089178252,4.744059508412024e-20
2022-05-02,ABBV,Healthcare,0.0186060455739928,-0.14828166849944344,0.030217808347533397,0.030217808347533397,1.0,-0.14828166849944344,0.05652304979255506
2022-05-02,ABT,Healthcare,3.4409036320224505e-18,-0.1267615988401667,0.03505231679529642,0.030217808347533397,0.8620773492378183,-0.1092783031132786,1.0098017127792691e-17
2022-05-02,ADBE,Tech,0.016030835667908,-1.0493601919724205,0.05818517867188963,0.05818517867188963,1.0,-1.0493601919724205,0.016030835667908
2022-05-02,AEP,Utilities,0.0,2.4570470859704954,0.022574101462426197,0.02369093369586597,1.0494740503979174,2.578607157331856,-0.0
2022-05-02,AMD,Tech,0.0,0.0032681838984258706,0.0651129967340332,0.05818517867188963,0.8936031451533155,0.0029204594105727818,0.0
2022-05-02,AMGN,Healthcare,0.0096796417598785,2.420188681682426,0.02792531463130912,0.030217808347533397,1.082093747071125,2.6188710391808625,0.0
2022-05-02,AMT,RealEstate,1.1559378087767886e-18,0.3365989885610393,0.03139700321666438,0.028666820709862706,0.9130432134569902,0.30732942216214404,9.430724672250948e-19
2022-05-02,BA,Industrials,3.2184527216628693e-18,-0.04290172992939759,0.05236861708758138,0.03793054594820689,0.7242991711003514,-0.03107368742663381,3.519175121654858e-17
2022-05-02,CAT,Industrials,0.0423838118369628,0.9040759122769582,0.03786238664404854,0.03793054594820689,1.0018001850966007,0.9057034162604348,0.04238381183696277
2022-05-02,CCI,RealEstate,3.7374682719634554e-19,-0.3664395975961567,0.03158640492635179,0.028666820709862706,0.9075683281051923,-0.33256897294188337,5.866121687480395e-19
2022-05-02,CMCSA,Comm,3.779371739069753e-18,-0.09113811292438541,0.044403334320815904,0.037669022090464035,0.8483376905505297,-0.07731589623940649,2.49389764300419e-18
2022-05-02,COP,Energy,8.952082819726237e-19,-1.3837304487046505,0.03935991519510717,0.03935991519510717,1.0,-1.3837304487046505,1.0852919805771966e-18
2022-05-02,CVX,Energy,0.0645430706926345,-0.79870116889504,0.032535486009539996,0.03935991519510717,1.2097534115078572,-0.9662314638460878,0.0645430706926345
2022-05-02,D,Utilities,1.3273040399648361e-18,-0.29585480245799534,0.024629964802714698,0.02369093369586597,0.9618744438179129,-0.2845751735651427,1.1339942692978926e-18
2022-05-02,DD,Materials,0.0,2.1511227431023894,0.039208612357446944,0.039208612357446944,1.0,2.1511227431023894,-0.0
2022-05-02,DIS,Consumer,0.0398485512104613,0.7716278688583447,0.04119074775977928,0.04011092263073753,0.973784765080275,0.7513994630056164,0.00850143415476288
2022-05-02,DOW,Materials,0.0,-0.5449770025855595,0.03330336612401531,0.039208612357446944,1.1773167976907088,-0.641610579499112,0.0
2022-05-02,DUK,Utilities,0.087904461149449,-0.609667451950445,0.02347931758068577,0.02369093369586597,1.0090128733278976,-0.6151623074670165,0.09442956875822017
2022-05-02,EA,Comm,0.093590518946711,-0.20304993492783494,0.037669022090464035,0.037669022090464035,1.0,-0.20304993492783494,0.06896543101727877
2022-05-02,GE,Industrials,0.0,0.6780446244709948,0.04664890434702798,0.03793054594820689,0.8131068988466705,0.5513227618832659,0.0
2022-05-02,GILD,Healthcare,0.1295879715317279,1.3869588338029624,0.026218595980557518,0.030217808347533397,1.1525334297054468,1.598516421583195,0.0
2022-05-02,GS,Financials,1.9122130314281302e-17,-0.14961985778297518,0.03581420496998114,0.038971559250826036,1.0881592732127192,-0.16281023570331268,1.8794507800692353e-17
2022-05-02,INTC,Tech,4.383275130931688e-19,-0.5955632213272889,0.04662089581459749,0.05818517867188963,1.2480493490146802,-0.7432922906746088,3.7286416382980966e-19
2022-05-02,KO,Consumer,0.1106025637803453,-0.3274964315471827,0.022579854589755206,0.04011092263073753,1.776403053053159,-0.5817656608644303,0.1501360321501027
2022-05-02,MMM,Industrials,3.7597558930912795e-18,0.816542710104204,0.0300041111412409,0.03793054594820689,1.2641782910899513,1.03225556786149,0.0
2022-05-02,MRK,Healthcare,0.0550527682951627,-0.0782923356743884,0.03203522706386333,0.030217808347533397,0.9432681181654543,-0.0738506641383584,0.15640337736820684
2022-05-02,MS,Financials,1.937315449651766e-18,-0.3756775649911705,0.03821124080452971,0.038971559250826036,1.019897769093282,-0.38315271043289123,2.264937963240715e-18
2022-05-02,NEE,Utilities,1.3491999891163493e-18,0.6981837304889952,0.0370626257221449,0.02369093369586597,0.6392135806425244,0.4462885223122259,4.968677100688004e-19
2022-05-02,NEM,Materials,0.0483436442568325,-0.3343312246108044,0.03967328201998668,0.039208612357446944,0.9882875920800894,-0.3304154009277994,0.05180833647760535
2022-05-02,NKE,Consumer,5.652760803883073e-19,-0.2746612610238435,0.04011092263073753,0.04011092263073753,1.0,-0.2746612610238435,6.183480459173509e-19
2022-05-02,NUE,Materials,0.0,-0.49391266517364024,0.05955450472481494,0.039208612357446944,0.6583651822581551,-0.3251749018266548,0.0
2022-05-02,NVDA,Tech,0.0,-2.4194904482128843,0.061802614108724056,0.05818517867188963,0.9414679218831977,-2.277872644295231,0.0
2022-05-02,O,RealEstate,0.0,-0.5356427193708975,0.02631153041568596,0.028666820709862706,1.0895155187465875,-0.5835910552582161,0.0
2022-05-02,OXY,Energy,6.098284977159069e-19,-0.8541264531605072,0.06249126714421556,0.03935991519510717,0.6298466488809306,-0.5379686842437006,4.770024025614222e-19
2022-05-02,PLD,RealEstate,0.0,-0.5769358750782929,0.028666820709862706,0.028666820709862706,1.0,-0.5769358750782929,0.0
2022-05-02,PSA,RealEstate,0.0,-0.41117875983061486,0.02708654249627658,0.028666820709862706,1.0583418209911197,-0.4351676774320032,0.0
2022-05-02,QCOM,Tech,0.0,-1.0027037914961547,0.05641666406104689,0.05818517867188963,1.031347380074247,-1.0341359283500733,0.0
2022-05-02,SBUX,Consumer,2.0801929968080133e-18,0.513654704417439,0.04168636404134876,0.04011092263073753,0.9622072721658202,0.4942422919726447,9.028669115114877e-19
2022-05-02,SHW,Materials,0.0686851393236062,-0.1386701165546184,0.030404999852241123,0.039208612357446944,1.2895448955102335,-0.17882134096281727,0.06522044710283335
2022-05-02,SLB,Energy,0.0,0.9244776719277199,0.05084881539226117,0.03935991519510717,0.7740576627296901,0.7155990259781562,0.0
2022-05-02,SO,Utilities,0.0679014347460713,-0.359067495857152,0.02369093369586597,0.02369093369586597,1.0,-0.359067495857152,0.061376327137300124
2022-05-02,T,Comm,3.3966856252573143e-19,0.19695881040709762,0.03547447332215141,0.037669022090464035,1.0618627582820879,0.20914322568683946,1.6453910770825763e-19
2022-05-02,TMUS,Comm,0.0,-0.11658448755395537,0.03650083850438572,0.037669022090464035,1.0320042945297805,-0.12031569183123568,0.0
2022-05-02,TTWO,Comm,0.0389072115635772,-2.4732697138621957,0.05592415454052446,0.037669022090464035,0.6735733852385347,-1.6659286537741014,0.06353229949300943
2022-05-02,UPS,Industrials,0.0,1.1793162246823612,0.03793054594820689,0.03793054594820689,1.0,1.1793162246823612,-0.0
2022-05-02,USB,Financials,0.0,-0.34260899182711174,0.04070320376651763,0.038971559250826036,0.9574568005598606,-0.32803330915782586,0.0
2022-05-02,V,Financials,0.0,0.5021740418801205,0.038971559250826036,0.038971559250826036,1.0,0.5021740418801205,0.0
2022-05-02,WFC,Financials,0.0,-0.5152894470482221,0.04823637532756983,0.038971559250826036,0.8079288500881943,-0.4163172104162515,0.0
2022-05-02,WMT,Consumer,0.1083323296646782,-0.04233770906457615,0.021996415984329384,0.04011092263073753,1.8235208253614237,-0.07720369417734774,0.10014597835061921
2022-05-02,XOM,Energy,0.0,-0.22983170830070832,0.03735108372219432,0.03935991519510717,1.0537824146644288,-0.24219261253957106,0.0
2022-06-01,ABBV,Healthcare,0.068008477856224,2.514157361516306,0.030139644633066637,0.030139644633066637,1.0,2.514157361516306,0.0
2022-06-01,ABT,Healthcare,0.0,0.3567648986668147,0.031234449601681084,0.030139644633066637,0.9649487990799901,0.34425986052243723,0.0
2022-06-01,ADBE,Tech,0.0050783241402852,-0.13694600935336657,0.05962136633662873,0.05962136633662873,1.0,-0.13694600935336657,0.0076493608314637
2022-06-01,AEP,Utilities,0.0,-0.18070747827312156,0.022574101462426197,0.023299682425674022,1.0321421857900093,-0.1865158116134203,0.0
2022-06-01,AMD,Tech,0.0,2.1639604025633647,0.06897548244331976,0.05962136633662873,0.8643849122131515,1.87049472260247,-0.0
2022-06-01,AMGN,Healthcare,0.0342089418325112,0.8926048146834551,0.0276388543724582,0.030139644633066637,1.0904809666460142,0.9733685611489005,0.003034377771834231
2022-06-01,AMT,RealEstate,0.0,-0.5393070615891361,0.03420839335780846,0.03363231546847149,0.9831597502019055,-0.5302249959540987,0.0
2022-06-01,BA,Industrials,4.005341170513617e-18,0.8205812908758643,0.057954589116512155,0.0406023954477001,0.700589825010628,0.5748909029817171,1.5023156929142379e-18
2022-06-01,CAT,Industrials,0.0186936566039317,-0.13193691247224637,0.04016061622531157,0.0406023954477001,1.0110003098535647,-0.13338825939056373,0.018693656603931706
2022-06-01,CCI,RealEstate,5.858276360951058e-19,-0.3956903193391061,0.03361976453887927,0.03363231546847149,1.0003733199730682,-0.3958380384384651,4.5793022659143135e-18
2022-06-01,CMCSA,Comm,4.441130697155782e-19,-1.1289593794287114,0.04247405656146315,0.03864494121879996,0.909848136659088,-1.0271815877370134,4.67572766424291e-19
2022-06-01,COP,Energy,1.6041653686073317e-18,0.3049972893184131,0.04435811919368323,0.04435811919368323,1.0,0.3049972893184131,8.92992690092992e-18
2022-06-01,CVX,Energy,0.0354297561828774,0.6946907348319252,0.03521129653381882,0.04435811919368323,1.2597695501237596,0.8751502344943584,0.03542975618287737
2022-06-01,D,Utilities,0.0,-0.3396819688022746,0.024834366732385253,0.023299682425674022,0.9382032035183758,-0.31869071130772303,0.0
2022-06-01,DD,Materials,5.757408694418542e-19,-0.27577617777095126,0.039971883765236485,0.039971883765236485,1.0,-0.27577617777095126,4.2010769521957566e-19
2022-06-01,DIS,Consumer,0.0581305294994626,-1.1572507918368924,0.04346093386071591,0.04346093386071591,1.0,-1.1572507918368924,0.1051851944906939
2022-06-01,DOW,Materials,1.242897120389574e-18,2.2896387227882493,0.03354346151535989,0.039971883765236485,1.1916445697452231,2.7284355506890057,0.0
2022-06-01,DUK,Utilities,0.1622048093453385,-0.3141935426478086,0.02312640192312056,0.023299682425674022,1.0074927566825786,-0.316547718414106,0.16400793530941055
2022-06-01,EA,Comm,0.0920420823920132,-1.160175850915495,0.03864494121879996,0.03864494121879996,1.0,-1.160175850915495,0.10326152706304438
2022-06-01,GE,Industrials,6.368975710976027e-19,-0.23727118375330594,0.04925989337529806,0.0406023954477001,0.8242485451269904,-0.19557042800922123,6.718402942383031e-19
2022-06-01,GILD,Healthcare,0.1698056935503392,1.744502929162562,0.026260717341616613,0.030139644633066637,1.1477083524029599,2.0021805825913015,0.0
2022-06-01,GS,Financials,9.38729530551523e-19,-1.8983057184874792,0.03644800517723798,0.04070320376651763,1.1167470913315456,-2.1199273895789323,1.7947003366083397e-18
2022-06-01,INTC,Tech,0.0025710366911785,2.491085279222295,0.04849741619603184,0.05962136633662873,1.2293720163489261,3.0624705326146406,0.0
2022-06-01,KO,Consumer,1.3000418143271316e-18,1.1383238716010833,0.027196840596588317,0.04346093386071591,1.5980140673460368,1.8190575600143348,0.0
2022-06-01,MMM,Industrials,0.0,-0.008407465989545388,0.03056110212103754,0.0406023954477001,1.3285645029061426,-0.011169860873100668,0.0
2022-06-01,MRK,Healthcare,0.0735058866545452,-0.4211779432370957,0.031820432820109615,0.030139644633066637,0.9471789652722522,-0.39893088847080765,0.3424946221217854
2022-06-01,MS,Financials,0.0,-0.1597494485793866,0.038597393904505645,0.04070320376651763,1.0545583431674688,-0.16846511381579468,0.0
2022-06-01,NEE,Utilities,0.0,-0.4616809968130694,0.03621401698902367,0.023299682425674022,0.6433885098340807,-0.29704024855827366,0.0
2022-06-01,NEM,Materials,0.0633093319810299,-1.2795674732861746,0.04320639274726416,0.039971883765236485,0.9251381849684156,-1.1837767297805932,0.07907424497645175
2022-06-01,NKE,Consumer,1.1542658851003044e-18,-0.2070796309746554,0.04472331072750306,0.04346093386071591,0.9717736266333512,-0.20123452399413694,1.1630097722758544e-18
2022-06-01,NUE,Materials,6.417066482546419e-20,-0.46377739413831753,0.06223907780306705,0.039971883765236485,0.6422312986659763,-0.297852358129374,4.7634424019180216e-20
2022-06-01,NVDA,Tech,0.0,1.4166271043763201,0.06782755402291643,0.05962136633662873,0.8790139523015214,1.245234989955289,-0.0
2022-06-01,O,RealEstate,0.0,-0.4764081435306436,0.026566965398206337,0.03363231546847149,1.2659449419368825,-0.6031064796001585,0.0
2022-06-01,OXY,Energy,1.4137374674001652e-18,-1.3229708511255205,0.06463891128755507,0.04435811919368323,0.6862448378245427,-0.90788191717723,2.1603918427598692e-17
2022-06-01,PLD,RealEstate,1.656149842794504e-20,0.7394031846518906,0.04098419042325886,0.03363231546847149,0.8206168066549113,0.6067666802195062,3.647072222685419e-20
2022-06-01,PSA,RealEstate,4.013383853618116e-18,1.9044292632180095,0.03363231546847149,0.03363231546847149,1.0,1.9044292632180095,0.0
2022-06-01,QCOM,Tech,1.2871157655956224e-18,0.36920919663770113,0.05708896397511184,0.05962136633662873,1.0443588775340344,0.38558690217579217,1.0477145220291198e-18
2022-06-01,SBUX,Consumer,0.0,0.016168590179112336,0.04474620845088425,0.04346093386071591,0.9712763464287901,0.015704169196072648,0.0
2022-06-01,SHW,Materials,0.0524213968695913,-0.18304726767621007,0.03286999628937337,0.039971883765236485,1.216059880668715,-0.22259643848706637,0.03665648387416944
2022-06-01,SLB,Energy,7.238346201143455e-19,0.9053057176823636,0.05653530090169762,0.04435811919368323,0.7846092350478895,0.7103112266352398,1.6795126716549303e-18
2022-06-01,SO,Utilities,0.0529809693745257,-0.25775934061924016,0.023299682425674022,0.023299682425674022,1.0,-0.25775934061924016,0.05117784341045368
2022-06-01,T,Comm,4.477528018049472e-18,1.416318540369386,0.03223958311715011,0.03864494121879996,1.1986799295255919,1.697712608155765,0.0
2022-06-01,TMUS,Comm,0.0,-0.38197837233753806,0.03691474827849355,0.03864494121879996,1.046869964472016,-0.399881685078077,0.0
2022-06-01,TTWO,Comm,0.0262060272680403,-0.1573198204980789,0.06011709243474595,0.03864494121879996,0.6428278490139402,-0.10112956181803924,0.01498658259700912
2022-06-01,UPS,Industrials,5.4189983003328216e-18,0.6573247605798282,0.0406023954477001,0.0406023954477001,1.0,0.6573247605798282,1.6384116604336114e-18
2022-06-01,USB,Financials,4.969166971105332e-18,-0.4306733801677663,0.04070320376651763,0.04070320376651763,1.0,-0.4306733801677663,4.356433247420709e-18
2022-06-01,V,Financials,6.722066152094938e-19,-0.04222242306033029,0.041513912476307285,0.04070320376651763,0.9804713971430098,-0.04139787812872527,4.289695328372996e-19
2022-06-01,WFC,Financials,0.0,-0.33808041702104336,0.0484192203027855,0.04070320376651763,0.8406414541990471,-0.28420441340079017,0.0
2022-06-01,WMT,Consumer,0.0854030797581052,0.35722462636961216,0.033411718159466114,0.04346093386071591,1.3007691987968801,0.46466679103331526,0.03834841476687391
2022-06-01,XOM,Energy,0.0,1.008145094730233,0.04097056225749148,0.04435811919368323,1.0826827055704449,1.0915012587701012,-0.0
2022-07-01,ABBV,Healthcare,0.0439436296387132,0.647137687861941,0.03134711956613564,0.03134711956613564,1.0,0.647137687861941,0.011563593728815208
2022-07-01,ABT,Healthcare,8.417006403505936e-19,0.7093513677397959,0.032274922293023374,0.03134711956613564,0.9712531383200792,0.6889597420889173,1.9523868981701623e-19
2022-07-01,ADBE,Tech,8.006160820738988e-18,0.06604555065472197,0.06388827795924973,0.06388827795924973,1.0,0.06604555065472197,7.899146870705442e-18
2022-07-01,AEP,Utilities,3.942000466016266e-18,-0.49327972361777556,0.025063552982694103,0.025539447154896252,1.0189874984017926,-0.5026458715816048,4.224985838741981e-18
2022-07-01,AMD,Tech,2.1264382657874933e-21,-1.1509416931590861,0.07351896123896788,0.06388827795924973,0.8690040893203818,-1.00017303792457,4.493146007603351e-21
2022-07-01,AMGN,Healthcare,0.0701519475782552,-0.44859518396290715,0.027751720666560363,0.03134711956613564,1.1295558910661556,-0.5067133327492076,0.0788246384649258
2022-07-01,AMT,RealEstate,0.0,-0.5952589879354392,0.03673504833044986,0.03673504833044986,1.0,-0.5952589879354392,0.0
2022-07-01,BA,Industrials,8.922738119220034e-19,-0.4413478516957745,0.06110176755403314,0.04480797070094678,0.7333334614472891,-0.3236551477863871,6.957208555244726e-18
2022-07-01,CAT,Industrials,0.0090294956034617,1.140144053474289,0.04480797070094678,0.04480797070094678,1.0,1.140144053474289,0.0
2022-07-01,CCI,RealEstate,0.0,1.111027239225959,0.03779617020287537,0.03673504833044986,0.9719251483224407,1.079835314274962,-0.0
2022-07-01,CMCSA,Comm,0.0,1.3100673304697592,0.044390618597386834,0.039682625207693355,0.8939417034848298,1.17112382107996,-0.0
2022-07-01,COP,Energy,1.1484511675576336e-18,-3.908145164165388,0.05468863121673688,0.05468863121673688,1.0,-3.908145164165388,4.8474128694571326e-18
2022-07-01,CVX,Energy,0.0467070170208513,-0.1228624604305272,0.0412624929880885,0.05468863121673688,1.3253835930980755,-0.16283988926228227,0.0467070170208513
2022-07-01,D,Utilities,4.562576216348966e-18,-0.4379460432338751,0.026185900240835995,0.025539447154896252,0.9753129325326145,-0.4271344397174859,4.6443716223163205e-18
2022-07-01,DD,Materials,6.2574340311975295e-19,-0.08149600993421256,0.043393278979427234,0.04177335993862389,0.9626688953012436,-0.07845367385482757,5.546553354579209e-19
2022-07-01,DIS,Consumer,0.0520605146188849,0.15565296000859932,0.04498461771129596,0.04498461771129596,1.0,0.15565296000859932,0.19312800926384813
2022-07-01,DOW,Materials,0.0,-0.2499206516580749,0.03932455961095698,0.04177335993862389,1.0622715257816797,-0.2654835919611749,0.0
2022-07-01,DUK,Utilities,0.1773443002175938,-0.4369580336105444,0.025424141385032725,0.025539447154896252,1.0045352866835222,-0.4389397635616364,0.18201693326112248
2022-07-01,EA,Comm,0.0917372552868082,1.0546760323083457,0.039682625207693355,0.039682625207693355,1.0,1.0546760323083457,0.0
2022-07-01,GE,Industrials,0.0,-0.10285532777613343,0.05295340685841858,0.04480797070094678,0.8461772973502869,-0.08703384327568649,0.0
2022-07-01,GILD,Healthcare,0.1756576326546372,-0.27180833668535886,0.02699143980428253,0.03134711956613564,1.1613726349330216,-0.3156707641730371,0.17234785130312885
2022-07-01,GS,Financials,0.0,-0.013750970972476684,0.03860495458770192,0.03992947193633312,1.0343095170756436,-0.014222760145863551,0.0
2022-07-01,INTC,Tech,0.0,0.23116556784945766,0.051314725201754105,0.06388827795924973,1.2450281611771317,0.28780764186707775,0.0
2022-07-01,KO,Consumer,0.0306621452895166,2.0983008732011195,0.027654360510032748,0.04498461771129596,1.6266735835376107,3.4132506007501626,0.0
2022-07-01,MMM,Industrials,0.0015015848683308,-0.8563968045899575,0.03245574030753022,0.04480797070094678,1.3805869247280937,-1.1823302307958157,0.019303336195866695
2022-07-01,MRK,Healthcare,0.0606487391304336,-0.9926371194465521,0.03316304743954315,0.03134711956613564,0.9452424305480978,-0.9382827234379213,0.08766586550516937
2022-07-01,MS,Financials,4.311690611515254e-18,0.8223723213307148,0.03855161898633551,0.03992947193633312,1.0357404691742256,0.8517642939309715,1.0976012746208032e-18
2022-07-01,NEE,Utilities,5.6389619672326355e-19,1.3429381057718892,0.03948302808115808,0.025539447154896252,0.646846212058494,0.8686744267475557,5.282024539017105e-20
2022-07-01,NEM,Materials,0.0620065717502308,-0.22223378653951292,0.04177335993862389,0.04177335993862389,1.0,-0.22223378653951292,0.06228987027009623
2022-07-01,NKE,Consumer,4.369255305468763e-19,0.0016804714381734498,0.0499814325599312,0.04498461771129596,0.9000265780168722,0.0015124689579543418,1.916751844910431e-18
2022-07-01,NUE,Materials,0.0,1.578902075330531,0.06339242204335548,0.04177335993862389,0.6589645669328452,1.0404405222995539,-0.0
2022-07-01,NVDA,Tech,0.0,-1.8670131165480264,0.06968521313262631,0.06388827795924973,0.9168125501411076,-1.7117010565292932,0.0
2022-07-01,O,RealEstate,0.0,-0.4687865441024324,0.028206946367731876,0.03673504833044986,1.3023404891666666,-0.610519697161113,0.0
2022-07-01,OXY,Energy,0.0,-1.096802396588803,0.0644889561824221,0.05468863121673688,0.84803095683604,-0.9301223858392644,0.0
2022-07-01,PLD,RealEstate,8.875767842053328e-19,-0.415156062881334,0.04728138471836764,0.03673504833044986,0.7769452724209072,-0.3225535403725293,8.875767842053328e-19
2022-07-01,PSA,RealEstate,0.0,-0.30048520333527634,0.035828221788718924,0.03673504833044986,1.025310397682546,-0.30809060332941285,0.0
2022-07-01,QCOM,Tech,2.126235247492379e-19,-0.3833319894502904,0.059370667740681934,0.06388827795924973,1.0760916188158727,-0.41250034107147204,3.1727076704096747e-19
2022-07-01,SBUX,Consumer,0.0,0.6685391746088942,0.04648057957820713,0.04498461771129596,0.9678153353403414,0.6470224654622619,0.0
2022-07-01,SHW,Materials,0.0275505984399974,-0.18800781713164122,0.03846767384403074,0.04177335993862389,1.0859341302517078,-0.20416410537737095,0.02726729992013197
2022-07-01,SLB,Energy,9.2862064600118e-20,-0.3582402041017466,0.062032508160977023,0.05468863121673688,0.8816124454425981,-0.3158290223939963,1.0507947036266569e-19
2022-07-01,SO,Utilities,0.0046726330435287,1.1830326106573053,0.025539447154896252,0.025539447154896252,1.0,1.1830326106573053,0.0
2022-07-01,T,Comm,3.5499465176071754e-18,-1.7615397116914555,0.03460032687491477,0.039682625207693355,1.1468858473838075,-2.020284964943483,8.498827119067568e-17
2022-07-01,TMUS,Comm,3.0256073620708204e-19,0.7348424863203525,0.038480697576889426,0.039682625207693355,1.0312345593112577,0.7577949675437577,5.808780889055855e-19
2022-07-01,TTWO,Comm,0.0271483297792353,0.6701618067110139,0.05942145047474271,0.039682625207693355,0.6678165021326867,0.447545113620671,0.11888558506604342
2022-07-01,UPS,Industrials,0.0087722557240742,2.3189012261010267,0.03992892078578924,0.04480797070094678,1.1221933831202873,2.6022556120400933,0.0
2022-07-01,USB,Financials,0.0,-0.35028876844683976,0.03992947193633312,0.03992947193633312,1.0,-0.35028876844683976,0.0
2022-07-01,V,Financials,2.1854520090471946e-18,-0.46506993653925643,0.042329230273250966,0.03992947193633312,0.9433073003825841,-0.4387038663259457,5.399541345941645e-18
2022-07-01,WFC,Financials,0.0,-0.6070934985436387,0.04950237332085312,0.03992947193633312,0.8066173247397138,-0.4896921336621432,0.0
2022-07-01,WMT,Consumer,0.1104053493554466,1.0722425211287114,0.03377977078423867,0.04498461771129596,1.331702870295537,1.427908443040028,0.0
2022-07-01,XOM,Energy,4.4879853817985415e-18,1.2748699636081366,0.045808344095235785,0.05468863121673688,1.193857413903435,1.5220129578163764,0.0
2022-08-01,ABBV,Healthcare,0.0552761924078318,0.056601528327948646,0.03360952912227107,0.032274922293023374,0.9602908203684613,0.0543539280721545,0.06477033500924466
2022-08-01,ABT,Healthcare,0.0,-0.4847123931218768,0.032274922293023374,0.032274922293023374,1.0,-0.4847123931218768,0.0
2022-08-01,ADBE,Tech,5.142195213118321e-19,0.7277569717154039,0.06388827795924973,0.06388827795924973,1.0,0.7277569717154039,2.452346278149962e-18
2022-08-01,AEP,Utilities,8.945068727301976e-19,0.7860927323254744,0.027069055499844046,0.027069055499844046,1.0,0.7860927323254744,1.6619399792411308e-19
2022-08-01,AMD,Tech,0.0,0.7426712913558803,0.07351896123896788,0.06388827795924973,0.8690040893203818,0.6453843892091087,0.0
2022-08-01,AMGN,Healthcare,0.0730429842098466,1.7365192386571455,0.027728472114722794,0.032274922293023374,1.1639632418075636,2.0212445624885733,0.0
2022-08-01,AMT,RealEstate,2.92223186592075e-19,-0.25263427987913767,0.03747747211709732,0.036396704360769624,0.9711622023771809,-0.24534886364339645,3.151929193014244e-19
2022-08-01,BA,Industrials,0.0,-0.4729697557737009,0.0610597734271538,0.04480797070094678,0.7338378147505588,-0.34708309202007814,0.0
2022-08-01,CAT,Industrials,1.0237492250299238e-17,-0.40692828220437477,0.04480797070094678,0.04480797070094678,1.0,-0.40692828220437477,1.1350471324448864e-17
2022-08-01,CCI,RealEstate,1.7364428525002167e-18,-0.13932086065844962,0.036396704360769624,0.036396704360769624,1.0,-0.13932086065844962,1.7134731197908674e-18
2022-08-01,CMCSA,Comm,0.0,-0.08184474297518675,0.050578807504864515,0.039682625207693355,0.7845702017367017,-0.06421294650713076,0.0
2022-08-01,COP,Energy,2.4992030195832964e-19,1.5868787540953184,0.057021178245344535,0.057021178245344535,1.0,1.5868787540953184,0.0
2022-08-01,CVX,Energy,0.048349011527794,2.154075801391941,0.041201657755731,0.057021178245344535,1.3839534948666743,2.981140733544109,0.0
2022-08-01,D,Utilities,6.440645108090321e-18,-0.35379960408399336,0.02657355754414944,0.027069055499844046,1.0186462785372785,-0.3603966500481224,7.610287019726994e-18
2022-08-01,DD,Materials,1.6945479089377574e-19,-0.15248578718564249,0.04170001290239183,0.04299773600529239,1.031120448474157,-0.15723121326879452,1.8057761505443346e-19
2022-08-01,DIS,Consumer,0.0513974119336378,-0.2859474791665162,0.04469821100549827,0.04469821100549827,1.0,-0.2859474791665162,0.14020833288713705
2022-08-01,DOW,Materials,0.0,-0.10801149934716184,0.03867423486923913,0.04299773600529239,1.1117928034173499,-0.12008640766049232,0.0
2022-08-01,DUK,Utilities,0.1602734289291465,-0.17829057792884903,0.027117652491338778,0.027069055499844046,0.9982079204123494,-0.17797106702347232,0.16398429806944267
2022-08-01,EA,Comm,0.0954094231023301,-0.46727362638032477,0.039682625207693355,0.039682625207693355,1.0,-0.46727362638032477,0.12275967721754531
2022-08-01,GE,Industrials,0.0,-0.16784986482277542,0.052336370097956296,0.04480797070094678,0.856153581478447,-0.14370526291869237,0.0
2022-08-01,GILD,Healthcare,0.1706496376332664,-0.3382332998457605,0.027404285577608913,0.032274922293023374,1.177732665265833,-0.3983484057090052,0.2956855917235681
2022-08-01,GS,Financials,1.4616840317457904e-18,0.8572434499604078,0.03874885138700239,0.039685169505569745,1.0241637644743562,0.8779576787824357,2.608782972098608e-19
2022-08-01,INTC,Tech,2.246231582132125e-18,0.7948413520467713,0.05401542104729051,0.06388827795924973,1.1827784865976612,0.940121251459119,2.3561542084312468e-18
2022-08-01,KO,Consumer,0.0295437633716657,0.13497555253623925,0.027654360510032748,0.04469821100549827,1.6163169272810403,0.21816327033343483,0.04899945260185163
2022-08-01,MMM,Industrials,0.0320452711754902,-0.1948235620893382,0.03245574030753022,0.04480797070094678,1.3805869247280937,-0.26897086244949225,0.0320452711754902
2022-08-01,MRK,Healthcare,0.061487112481868,2.2084191640241735,0.03478666918889521,0.032274922293023374,0.9277957058138336,2.0489618170186046,0.0
2022-08-01,MS,Financials,0.0,-1.1790343411723605,0.03855161898633551,0.039685169505569745,1.029403447871697,-1.2137020159619625,0.0
2022-08-01,NEE,Utilities,0.0,0.31962335586008894,0.03948302808115808,0.027069055499844046,0.6855871197164289,0.21912965593821757,0.0
2022-08-01,NEM,Materials,0.0592757623364459,-0.05476205688446942,0.05186035072813698,0.04299773600529239,0.8291061553111296,-0.045403558440411815,0.057062532734619004
2022-08-01,NKE,Consumer,0.0,1.2921222480765815,0.0501920613048356,0.04469821100549827,0.8905434414025941,1.1506909935149754,-0.0
2022-08-01,NUE,Materials,1.1610496761710376e-19,-0.5686926704056418,0.06495309824156102,0.04299773600529239,0.6619812937234112,-0.3764639096861482,1.4716534483836737e-19
2022-08-01,NVDA,Tech,0.0,2.29419583666326,0.06968521313262631,0.06388827795924973,0.9168125501411076,2.103347535534356,-0.0
2022-08-01,O,RealEstate,0.0,-0.3785831602676912,0.028206946367731876,0.036396704360769624,1.2903454307413669,-0.4885030510070419,0.0
2022-08-01,OXY,Energy,4.056293704919084e-19,0.14826659957848592,0.06151361955640279,0.057021178245344535,0.9269683471163802,0.1374384447438353,0.048349011527794
2022-08-01,PLD,RealEstate,0.0,1.7631512382326702,0.04728138471836764,0.036396704360769624,0.7697893066704202,1.3572549692342202,-0.0
2022-08-01,PSA,RealEstate,0.0,-0.2724459734709429,0.035828221788718924,0.036396704360769624,1.015866893294428,-0.2767688446605029,0.0
2022-08-01,QCOM,Tech,2.0480493831372514e-18,1.1159075361502067,0.059370667740681934,0.06388827795924973,1.0760916188158727,1.2008187470247078,0.0
2022-08-01,SBUX,Consumer,6.821199631430719e-18,-0.2150177418359917,0.04648057957820713,0.04469821100549827,0.9616534778851049,-0.20677255924358304,1.746206212910835e-17
2022-08-01,SHW,Materials,0.02236005517065,-0.1934395359158917,0.04299773600529239,0.04299773600529239,1.0,-0.1934395359158917,0.0245732847724769
2022-08-01,SLB,Energy,1.931504315864647e-18,1.542440558963292,0.0632380028736535,0.057021178245344535,0.9016916356335622,1.3908057504791567,0.0
2022-08-01,SO,Utilities,0.0052730814211258,0.649616175662976,0.02668726558163837,0.027069055499844046,1.014306071074901,0.6589096308434159,0.0015622122808295936
2022-08-01,T,Comm,2.6081876784521208e-18,-0.32717920492851194,0.039175601379663805,0.039682625207693355,1.012942336816117,-0.33141366839792613,3.045125573956829e-18
2022-08-01,TMUS,Comm,5.669070259552702e-18,-0.20699194677307756,0.03839350810741989,0.039682625207693355,1.033576434241609,-0.21394199826244642,6.034803490278602e-18
2022-08-01,TTWO,Comm,0.0273502541152152,3.838537521780092,0.05942145047474271,0.039682625207693355,0.6678165021326867,2.563438701100253,0.0
2022-08-01,UPS,Industrials,9.353544089875708e-19,-0.5490127097182887,0.037197351367421444,0.04480797070094678,1.2046011087819266,-0.6613413188620206,1.2245694313510423e-18
2022-08-01,USB,Financials,0.0,-0.46824682094939535,0.039685169505569745,0.039685169505569745,1.0,-0.46824682094939535,0.0
2022-08-01,V,Financials,0.0,-0.2641136533223357,0.042329230273250966,0.039685169505569745,0.9375358174336547,-0.2476160098629449,0.0
2022-08-01,WFC,Financials,2.1465169591152177e-18,-0.08273129993802517,0.04950237332085312,0.039685169505569745,0.8016821587188866,-0.0663242071279357,3.3473226936511474e-18
2022-08-01,WMT,Consumer,0.1082666101836852,1.2317151480106727,0.03814381375590829,0.04469821100549827,1.1718338205910188,1.4433654677731789,0.0
2022-08-01,XOM,Energy,0.0,0.953434802700571,0.04575791832124377,0.057021178245344535,1.246148870781817,1.1881217027494009,-0.0
2022-09-01,ABBV,Healthcare,0.0537369008691361,-0.5924849848127244,0.033831600132873306,0.03317000180995573,0.9804443679778919,-0.5808985664711025,0.026561751093378154
2022-09-01,ABT,Healthcare,0.0,-1.827630265980689,0.03317000180995573,0.03317000180995573,1.0,-1.827630265980689,0.0
2022-09-01,ADBE,Tech,3.790036146503667e-19,-0.23797208848077026,0.06503913436931157,0.06503913436931157,1.0,-0.23797208848077026,3.2609438377952286e-19
2022-09-01,AEP,Utilities,0.0,-0.5287452681489422,0.027069055499844046,0.027069055499844046,1.0,-0.5287452681489422,0.0
2022-09-01,AMD,Tech,0.0,0.8225817822301991,0.07377053521823299,0.06503913436931157,0.8816410803704813,0.7252218911785087,0.0
2022-09-01,AMGN,Healthcare,0.1337225596439812,-0.39301781753082765,0.024333379907650738,0.03317000180995573,1.3631481502299088,-0.5357415109745435,0.06421003185384982
2022-09-01,AMT,RealEstate,3.5999808434700684e-19,-0.4433010471375565,0.03747831188415559,0.036396704360769624,0.9711404417912636,-0.4305075747636964,3.6170633647159426e-19
2022-09-01,BA,Industrials,6.919835413275134e-19,-0.5528674754007783,0.0610597734271538,0.04690105113267825,0.7681170187870522,-0.42466691698916975,0.0032410564224745453
2022-09-01,CAT,Industrials,0.0,-0.2027844972995793,0.04690105113267825,0.04690105113267825,1.0,-0.2027844972995793,0.0
2022-09-01,CCI,RealEstate,3.611261755704997e-18,1.8545500925277514,0.036396704360769624,0.036396704360769624,1.0,1.8545500925277514,0.0
2022-09-01,CMCSA,Comm,4.349612997767335e-19,0.7431023011500882,0.050578807504864515,0.03958226436567423,0.7825859548362688,0.5815414238865704,1.488558110505981e-19
2022-09-01,COP,Energy,1.9252756094388464e-18,1.6625444489591705,0.057021178245344535,0.057021178245344535,1.0,1.6625444489591705,0.0
2022-09-01,CVX,Energy,0.0740500707859507,0.542524233644551,0.041209150399256024,0.057021178245344535,1.3837018645833081,0.7506917936755956,0.0740500707859507
2022-09-01,D,Utilities,0.0,-0.5049579820037187,0.02657355754414944,0.027069055499844046,1.0186462785372785,-0.514373569185782,0.0
2022-09-01,DD,Materials,6.568211094490672e-19,-0.0515500766430362,0.04307202884414459,0.04367827762106854,1.0140752314946122,-0.052275655905351937,2.1298357736718205e-19
2022-09-01,DIS,Consumer,0.0296801043432055,-1.093193383408099,0.04494537663395236,0.04494537663395236,1.0,-1.093193383408099,0.029665987989347824
2022-09-01,DOW,Materials,0.0,-0.10926284091697312,0.03867423486923913,0.04367827762106854,1.1293895734136308,-0.12340031329318167,0.0
2022-09-01,DUK,Utilities,0.1103505230624852,-0.2419402083572535,0.027157327988237154,0.027069055499844046,0.9967495886034391,-0.24115380314672274,0.10502753782059475
2022-09-01,EA,Comm,0.1013276088801728,-0.31772954326204683,0.03958226436567423,0.03958226436567423,1.0,-0.31772954326204683,0.10919852691941605
2022-09-01,GE,Industrials,3.5860392783626653e-19,-0.3387263689565335,0.052492129290419305,0.04690105113267825,0.8934873049860921,-0.3026477105266978,0.0015357464137661556
2022-09-01,GILD,Healthcare,0.1414246305282089,-3.350925112147653,0.02738398897145229,0.03317000180995573,1.2112918188995525,-4.058948174089518,0.22369968066051607
2022-09-01,GS,Financials,1.8843782340306473e-18,2.529772581934481,0.03878668874623929,0.039685169505569745,1.0231646677861246,2.58837392336944,0.0
2022-09-01,INTC,Tech,0.0,0.37256884729327505,0.05561245398710303,0.06503913436931157,1.1695066429615686,0.4357217418700194,0.0
2022-09-01,KO,Consumer,0.0336507222886412,-0.534742048890236,0.028118103847650455,0.04494537663395236,1.598449770207673,-0.854758305168978,0.029803396099466226
2022-09-01,MMM,Industrials,0.0,-0.5337700561252161,0.03796130284030172,0.04690105113267825,1.2354963508493082,-0.6594709565353349,0.0
2022-09-01,MRK,Healthcare,0.0648949261307001,-3.054830676381364,0.034837363185396236,0.03317000180995573,0.9521387033063553,-2.9086225190302284,0.07930755356428222
2022-09-01,MS,Financials,5.590838866819885e-20,1.1267703218977987,0.038777191379501426,0.039685169505569745,1.0234152627812105,1.1531539450791048,0.0
2022-09-01,NEE,Utilities,0.0,0.5060471336038621,0.03948302808115808,0.027069055499844046,0.6855871197164289,0.3469393967682267,0.0
2022-09-01,NEM,Materials,0.0591852001311056,-3.8366616144187358,0.05247545473032129,0.04367827762106854,0.8323563434664325,-3.1934696324955985,0.07648145033053468
2022-09-01,NKE,Consumer,1.3497575544252773e-18,0.05973011805755967,0.050863861179599915,0.04494537663395236,0.883640675159335,0.05277996184772881,6.105070501732111e-19
2022-09-01,NUE,Materials,1.2728901245209708e-18,-0.671923548063438,0.06495309824156102,0.04367827762106854,0.6724587248883606,-0.4518408523532026,5.694812396547203e-19
2022-09-01,NVDA,Tech,0.0,-0.3309497374440795,0.07253013594056318,0.06503913436931157,0.8967187711134262,-0.29676884186116603,0.0
2022-09-01,O,RealEstate,0.0181232253325987,-0.32840169855480544,0.028206946367731876,0.036396704360769624,1.2903454307413669,-0.42375163117789694,0.018123225332598702
2022-09-01,OXY,Energy,1.1078607841660034e-18,0.7779183681179589,0.06250068581926682,0.057021178245344535,0.912328840842365,0.7097173630550416,1.2899404898736245e-18
2022-09-01,PLD,RealEstate,0.0,-0.5275838000998426,0.04767242583838987,0.036396704360769624,0.7634749799423868,-0.40279703119915555,0.0
2022-09-01,PSA,RealEstate,0.0,-0.2210602637843835,0.035828221788718924,0.036396704360769624,1.015866893294428,-0.2245678034014884,0.0
2022-09-01,QCOM,Tech,4.292233460527421e-19,-0.5664700648665091,0.05979059058450249,0.06503913436931157,1.087782103061706,-0.6161959984819924,4.82132576923586e-19
2022-09-01,SBUX,Consumer,1.2770544698531256e-18,0.7228715035428089,0.046553096289476945,0.04494537663395236,0.9654648179462125,0.6979070045664629,1.8421887121743135e-19
2022-09-01,SHW,Materials,0.0256871615177666,-0.06004309772913846,0.04367827762106854,0.04367827762106854,1.0,-0.06004309772913846,0.008390911318337524
2022-09-01,SLB,Energy,5.3113304021584617e-20,-0.38701454154142023,0.0632380028736535,0.057021178245344535,0.9016916356335622,-0.3489677749764564,2.873877944250868e-19
2022-09-01,SO,Utilities,0.0382877325310876,-0.4785098784730351,0.02668726558163837,0.027069055499844046,1.014306071074901,-0.4853554748045126,0.043610717772978064
2022-09-01,T,Comm,0.0,1.0854271735949983,0.039175601379663805,0.03958226436567423,1.0103805167422786,1.0966944685430253,-0.0
2022-09-01,TMUS,Comm,0.0,1.0262744328653826,0.038277424671436036,0.03958226436567423,1.0340890147505644,1.0612591171454577,-0.0
2022-09-01,TTWO,Comm,0.0122056426325629,0.809088200114471,0.056607067613317456,0.03958226436567423,0.6992459781888093,0.5657516699300664,0.004334724593319645
2022-09-01,UPS,Industrials,0.0047768028362407,1.543685787716661,0.03727946404428509,0.04690105113267825,1.2580934928936605,1.9421010445987557,0.0
2022-09-01,USB,Financials,1.3259961584286038e-18,-0.3574677338956562,0.039685169505569745,0.039685169505569745,1.0,-0.3574677338956562,2.352965697896852e-18
2022-09-01,V,Financials,0.0,-0.31874125741650405,0.042329230273250966,0.039685169505569745,0.9375358174336547,-0.29883134532181305,0.0
2022-09-01,WFC,Financials,1.5475092673797692e-18,-0.2610079771908167,0.04784871699047296,0.039685169505569745,0.8293883723877353,-0.2164769813825066,2.460826350610368e-18
2022-09-01,WMT,Consumer,0.0988961884861558,-1.055905589336611,0.04035694999244732,0.04494537663395236,1.1136960707477583,-1.1759579059247798,0.10275763102918849
2022-09-01,XOM,Energy,1.0105554914667626e-18,0.45546258517521815,0.0466801178732816,0.057021178245344535,1.2215302969057382,0.5563613468985393,1.7982620136267597e-18
2022-10-03,ABBV,Healthcare,0.0733522048435119,-0.6058125018378474,0.03258409247939739,0.03258409247939739,1.0,-0.6058125018378474,0.07999108300563612
2022-10-03,ABT,Healthcare,6.898659141957297e-19,-0.33962505906165935,0.033254172021541045,0.03258409247939739,0.9798497601531141,-0.33278153266355415,6.243918463988965e-19
2022-10-03,ADBE,Tech,0.0,1.281595171594082,0.07689520297335073,0.07625926627951052,0.9917298261887597,1.2709961567693526,-0.0
2022-10-03,AEP,Utilities,0.0,-0.5987344734236679,0.032133497304128886,0.031074903728793915,0.9670563846407422,-0.5790099952288709,0.0
2022-10-03,AMD,Tech,0.0,-0.6391855628534377,0.07653487537605544,0.07625926627951052,0.9963989084036433,-0.6368837970945337,0.0
2022-10-03,AMGN,Healthcare,0.1643087693575159,-0.4438478022357177,0.027392378997710527,0.03258409247939739,1.1895313102275926,-0.5279708577350907,0.17049411134974293
2022-10-03,AMT,RealEstate,0.0,-0.5580195142668168,0.03996566852344396,0.03853433291159624,0.9641858709054725,-0.5380345313455995,0.0
2022-10-03,BA,Industrials,1.2256466206712412e-18,-0.24573960028204886,0.06404977492351906,0.04669658549108912,0.7290671286019172,-0.17916066476141626,3.0004594628659185e-17
2022-10-03,CAT,Industrials,0.0,-0.19304355391347597,0.04669658549108912,0.04669658549108912,1.0,-0.19304355391347597,0.0
2022-10-03,CCI,RealEstate,0.0,-0.3436627956995944,0.03853433291159624,0.03853433291159624,1.0,-0.3436627956995944,0.0
2022-10-03,CMCSA,Comm,2.453594475952553e-18,0.0803009884268712,0.05026873001955348,0.04018374917487967,0.7993786427317546,0.06419089513869063,2.1766839403246904e-18
2022-10-03,COP,Energy,3.659854736059943e-18,1.0847251013116639,0.06060243239221191,0.06060243239221191,1.0,1.0847251013116639,0.0
2022-10-03,CVX,Energy,0.0780074569370769,-0.1335856202814064,0.044213659705013834,0.06060243239221191,1.370672158707088,-0.18310209052334064,0.0780074569370769
2022-10-03,D,Utilities,0.0,-0.3092513302127718,0.029402985988055668,0.031074903728793915,1.0568621752027985,-0.3268360335330289,0.0
2022-10-03,DD,Materials,0.0,2.7551152559133487,0.04419029779551295,0.04499500061699602,1.0182099433954206,2.8052857487713907,-0.0
2022-10-03,DIS,Consumer,0.0,-0.14024290233714734,0.04480115579079303,0.04480115579079303,1.0,-0.14024290233714734,0.0
2022-10-03,DOW,Materials,2.6600653475123896e-19,-0.03648332547129376,0.041071200746801186,0.04499500061699602,1.0955365267839274,-0.03996881567234876,2.5713689172565927e-19
2022-10-03,DUK,Utilities,0.0562537150757434,-0.3352880585881217,0.031074903728793915,0.031074903728793915,1.0,-0.3352880585881217,0.0562537150757434
2022-10-03,EA,Comm,0.0943018245548799,-0.055649977185021335,0.03734287832341879,0.04018374917487967,1.0760753048240337,-0.05988356616282235,0.09475095052326007
2022-10-03,GE,Industrials,2.470679046971051e-19,-0.4496045748423655,0.054063020946447625,0.04669658549108912,0.8637435473194263,-0.38834305036538724,7.121354920938972e-18
2022-10-03,GILD,Healthcare,0.0971620833888753,-0.18469029157737193,0.028999244445597813,0.03258409247939739,1.1236186701527588,-0.20752145981229192,0.07967558222468911
2022-10-03,GS,Financials,0.0,-0.2373229671009517,0.039805263212213574,0.04125754574092267,1.0364846859815133,-0.24598162103183094,0.0
2022-10-03,INTC,Tech,4.726002103790808e-19,0.37327347896720514,0.058521457495145306,0.07625926627951052,1.3030992313517937,0.48641238352617494,1.0853726375835973e-19
2022-10-03,KO,Consumer,0.0643115273395396,0.8164888694098215,0.02976684212338068,0.04480115579079303,1.5050691506037683,1.228872209160071,0.0
2022-10-03,MMM,Industrials,0.0206830677014548,2.4337680332936804,0.038182208684304456,0.04669658549108912,1.2229933023828625,2.976482004271683,0.0
2022-10-03,MRK,Healthcare,0.0789670148181063,-0.5993418524319257,0.034905792931435704,0.03258409247939739,0.9334866720661882,-0.5594776312566628,0.08362929582794122
2022-10-03,MS,Financials,8.901843927919538e-19,-0.03364069552287019,0.03950375840976534,0.04125754574092267,1.0443954550593797,-0.035134189509122046,9.570642751076675e-19
2022-10-03,NEE,Utilities,5.19438789372145e-18,-0.7674843057394775,0.04015983058336117,0.031074903728793915,0.7737807475131312,-0.5938645797996894,6.2002732850745065e-18
2022-10-03,NEM,Materials,0.0554072712950909,-0.09237138820648673,0.05209313676384343,0.04499500061699602,0.863741433367206,-0.07978499525158947,0.05561037427489126
2022-10-03,NKE,Consumer,3.261952941285015e-19,-0.725928093799601,0.05814800651449322,0.04480115579079303,0.7704676131868162,-0.5593040857750339,9.094630075061379e-19
2022-10-03,NUE,Materials,0.0,-0.17568742232910173,0.06777717900479682,0.04499500061699602,0.6638665296738238,-0.11663299936896022,0.0
2022-10-03,NVDA,Tech,0.0,-0.3917879333981436,0.07625926627951052,0.07625926627951052,1.0,-0.3917879333981436,0.0
2022-10-03,O,RealEstate,0.0736873357085774,0.4895726051233472,0.030259316835572522,0.03853433291159624,1.2734700231664087,0.623456036788068,0.07368733570857738
2022-10-03,OXY,Energy,1.0492381346264093e-19,0.7450640793979582,0.06224762676274793,0.06060243239221191,0.9735701671518088,0.7253721603182787,2.435546387181751e-20
2022-10-03,PLD,RealEstate,3.3685768563483417e-19,1.8610659884084348,0.049852775417167865,0.03853433291159624,0.7729626402771173,1.4385344801301267,0.0
2022-10-03,PSA,RealEstate,2.463282268905658e-18,-0.2553852148200491,0.03684491395990456,0.03853433291159624,1.0458521616723042,-0.26709517897869417,8.289106697581901e-18
2022-10-03,QCOM,Tech,4.097251453031e-19,-2.562904607244266,0.060633838610630326,0.07625926627951052,1.257701442411082,-3.223368821293121,7.737880919238212e-19
2022-10-03,SBUX,Consumer,1.5586111113605286e-18,0.651405051754624,0.047007937568488076,0.04480115579079303,0.953055124478076,0.6208249226856508,1.0567057790417686e-18
2022-10-03,SHW,Materials,0.0136708694480582,-0.05985797926301614,0.04499500061699602,0.04499500061699602,1.0,-0.05985797926301614,0.013467766468257831
2022-10-03,SLB,Energy,5.498801483127752e-19,-0.389952182538708,0.06607840756728842,0.06060243239221191,0.917129129216677,-0.35763650560786797,6.309999526146255e-19
2022-10-03,SO,Utilities,0.0,-0.39566051366853394,0.02968372439298737,0.031074903728793915,1.046866738061185,-0.414203831323791,0.0
2022-10-03,T,Comm,0.0,-0.5638507837727535,0.03976647219352195,0.04018374917487967,1.010493185800517,-0.5697673748106482,0.0
2022-10-03,TMUS,Comm,2.918829407817489e-19,-0.21233969060226682,0.04018374917487967,0.04018374917487967,1.0,-0.21233969060226682,3.354581583815501e-19
2022-10-03,TTWO,Comm,0.0136185698912797,-0.028745666730722264,0.05754970670924589,0.04018374917487967,0.6982442044039779,-0.020071495196455066,0.013169443922899511
2022-10-03,UPS,Industrials,0.0006682589652316,-0.45632359681582135,0.039535960352480304,0.04669658549108912,1.1811167624301706,-0.5389714492915935,0.021351326666686363
2022-10-03,USB,Financials,6.011553074442797e-19,-0.3238928356268802,0.04125754574092267,0.04125754574092267,1.0,-0.3238928356268802,8.266163557906389e-19
2022-10-03,V,Financials,0.0,0.4598756006536466,0.04234417177238228,0.04125754574092267,0.9743382386293754,0.44807438272950006,0.0
2022-10-03,WFC,Financials,2.923409306620728e-19,2.6899322034398017,0.04794461565742471,0.04125754574092267,0.8605251116354193,2.314754209656745,0.0
2022-10-03,WMT,Consumer,0.1156000306750574,0.11768650271671072,0.04068639138620663,0.04480115579079303,1.1011336779791527,0.1295885715849552,0.17991155801459704
2022-10-03,XOM,Energy,0.0,-0.8188589349703812,0.04807160301114521,0.06060243239221191,1.2606700961929953,-1.032310972317604,0.0
2022-11-01,ABBV,Healthcare,0.0894148988844257,-0.6890476741085441,0.034017748007967225,0.034017748007967225,1.0,-0.6890476741085441,0.16873181439487403
2022-11-01,ABT,Healthcare,0.0,-0.21738982852068456,0.03647979992505416,0.034017748007967225,0.9325091715923582,-0.20271800890642838,0.0
2022-11-01,ADBE,Tech,0.0,0.7999553371032206,0.07689520297335073,0.07689520297335073,1.0,0.7999553371032206,0.0
2022-11-01,AEP,Utilities,4.7302496068868795e-18,2.0459993484974266,0.035085955512878436,0.03367133253297861,0.9596812183330569,1.963507147474651,0.0
2022-11-01,AMD,Tech,0.0,-0.3262727572279451,0.08251267110595245,0.07689520297335073,0.9319199335410137,-0.30406008623210984,0.0
2022-11-01,AMGN,Healthcare,0.1759566965406699,0.9456148833378342,0.026858185442663676,0.034017748007967225,1.2665691090929296,1.1976866003342153,0.0
2022-11-01,AMT,RealEstate,0.0,0.6553218813710198,0.0419522778644119,0.04064476004835937,0.9688332104330931,0.6348976021957397,0.0
2022-11-01,BA,Industrials,5.731953708424337e-19,0.0,0.06692412407922929,0.04669658549108912,0.6977541526850102,0.0,3.5143541745918125e-19
2022-11-01,CAT,Industrials,9.301658692487046e-19,0.5209849854790569,0.04669658549108912,0.04669658549108912,1.0,0.5209849854790569,2.731821880488833e-19
2022-11-01,CCI,RealEstate,0.0,-0.27998987894950605,0.04064476004835937,0.04064476004835937,1.0,-0.27998987894950605,0.0
2022-11-01,CMCSA,Comm,0.0,-0.02893250459388779,0.04809579854463553,0.0395481404231363,0.8222784862680564,-0.023790576081405643,0.0
2022-11-01,COP,Energy,5.785045104799649e-19,0.9375711682571561,0.06060243239221191,0.06060243239221191,1.0,0.9375711682571561,1.4771045953303073e-20
2022-11-01,CVX,Energy,0.0715141054235115,-1.0629269957482144,0.04457819963385169,0.06060243239221191,1.3594634348174028,-1.4450103846000104,0.0715141054235115
2022-11-01,D,Utilities,0.0,1.7249329361934558,0.032661882258355916,0.03367133253297861,1.030906065567132,1.7782438266183562,-0.0
2022-11-01,DD,Materials,2.5312132635266363e-19,-0.22092904751816414,0.04384508646463429,0.04641992318393544,1.0587257758375737,-0.2339032772387245,3.316260581126347e-19
2022-11-01,DIS,Consumer,0.0,0.7960488544148967,0.04480115579079303,0.04480115579079303,1.0,0.7960488544148967,0.0
2022-11-01,DOW,Materials,0.0,0.13589648243320754,0.03936836920604106,0.04641992318393544,1.1791172486975234,0.160237886474315,0.0
2022-11-01,DUK,Utilities,0.0175044966972303,-0.04335720224482059,0.03367133253297861,0.03367133253297861,1.0,-0.04335720224482059,0.018482960324799402
2022-11-01,EA,Comm,0.1058876464585896,0.3111994504691413,0.03410656982139763,0.0395481404231363,1.1595461117970522,0.36085011278487217,0.1253479053466155
2022-11-01,GE,Industrials,3.78459061290916e-19,0.6480210690469994,0.054063020946447625,0.04669658549108912,0.8637435473194263,0.5597240169163822,1.0216138129595373e-19
2022-11-01,GILD,Healthcare,0.0388013285756585,-0.2374414990525421,0.027580680039127246,0.034017748007967225,1.2333904733207466,-0.2928580829024025,0.05604574289411553
2022-11-01,GS,Financials,9.84230265982152e-19,0.19976508594579476,0.039805263212213574,0.04081052604974171,1.025254520543396,0.2048100574126661,2.87982667144137e-18
2022-11-01,INTC,Tech,1.2254130174602238e-19,-0.01756793650458026,0.0536699437650378,0.07689520297335073,1.4327423801670267,-0.025170327162195517,1.7401470032327168e-19
2022-11-01,KO,Consumer,0.0816676460409147,-0.5128147133003425,0.030012811688786358,0.04480115579079303,1.4927343780833442,-0.7654961521303751,0.12863407435774693
2022-11-01,MMM,Industrials,4.397342804052941e-19,1.3976474950673172,0.03939108071042427,0.04669658549108912,1.1854608873102472,1.6568564396494463,0.0
2022-11-01,MRK,Healthcare,0.1337705908524708,-0.4374325587521583,0.034905792931435704,0.034017748007967225,0.9745588096161334,-0.42630375374484275,0.21316595756423537
2022-11-01,MS,Financials,0.0,-0.08926630977503872,0.04081052604974171,0.04081052604974171,1.0,-0.08926630977503872,0.0
2022-11-01,NEE,Utilities,0.0,0.17358924711277388,0.04304266697944104,0.03367133253297861,0.7822780254081707,0.13579505346347173,0.0
2022-11-01,NEM,Materials,0.0553173467051857,0.06583526018220466,0.052514686497885966,0.04641992318393544,0.8839417366759701,0.05819453421997233,0.0553173467051857
2022-11-01,NKE,Consumer,4.155497698268214e-19,-1.0877245535898892,0.05814800651449322,0.04480115579079303,0.7704676131868162,-0.8380565406090971,6.814298050346055e-19
2022-11-01,NUE,Materials,0.0,-0.10903305012970105,0.06777717900479682,0.04641992318393544,0.6848901631130169,-0.0746756634880407,0.0
2022-11-01,NVDA,Tech,0.0,-0.7784561130747282,0.07758927173933709,0.07689520297335073,0.9910545781597474,-0.7714924947591514,0.0
2022-11-01,O,RealEstate,0.0835763653012676,0.72302554481275,0.031137232836540504,0.04064476004835937,1.305342714997509,0.9437961276784282,0.0835763653012676
2022-11-01,OXY,Energy,2.253187103729434e-19,-0.06025462008834365,0.06236179399589252,0.06060243239221191,0.9717878288781029,-0.0585547064355264,9.755058007750822e-20
2022-11-01,PLD,RealEstate,2.674201935366012e-20,2.147349991123284,0.049852775417167865,0.04064476004835937,0.8152958327443988,1.750725499206535,0.0
2022-11-01,PSA,RealEstate,0.0,-0.1866764478123922,0.03691662587129538,0.04064476004835937,1.1009879448371476,-0.20552851862646473,0.0
2022-11-01,QCOM,Tech,5.175942093035949e-19,0.2760229061178021,0.06066530323500537,0.07689520297335073,1.2675318324129023,0.3498678199794322,4.6612081072634565e-19
2022-11-01,SBUX,Consumer,0.0,-0.39388775845324936,0.04637319435436998,0.04480115579079303,0.9661002744049957,-0.3805350715264529,0.0
2022-11-01,SHW,Materials,7.057935163477141e-18,-0.03415485509122343,0.04641992318393544,0.04641992318393544,1.0,-0.03415485509122343,7.750005899767991e-18
2022-11-01,SLB,Energy,6.198616511124295e-19,-0.26797899074105436,0.06587527240189822,0.06060243239221191,0.91995721888606,-0.24652920704203357,3.160214195013931e-19
2022-11-01,SO,Utilities,0.0009784636275691,3.157032541808028,0.03238976996806789,0.03367133253297861,1.039566893070688,3.2819465108104287,0.0
2022-11-01,T,Comm,2.9201052137605232e-18,-0.6738789062543027,0.0395481404231363,0.0395481404231363,1.0,-0.6738789062543027,9.052980922489055e-18
2022-11-01,TMUS,Comm,0.0,-0.5019632807519662,0.03879736648937496,0.0395481404231363,1.0193511570937928,-0.5116768510531131,0.0
2022-11-01,TTWO,Comm,0.0194602588880259,3.168868188082385,0.05804947005506429,0.0395481404231363,0.6812834016507284,2.1588972985595474,0.0
2022-11-01,UPS,Industrials,0.0156874486200543,-0.5423573785744387,0.04013590723364081,0.04669658549108912,1.1634615662044718,-0.6310119651187681,0.015687448620054303
2022-11-01,USB,Financials,0.0,1.7349299692185554,0.04136432180878449,0.04081052604974171,0.9866117529594025,1.7117022981925212,-0.0
2022-11-01,V,Financials,1.895596405459218e-18,1.148413448951263,0.03959783660245873,0.04081052604974171,1.0306251439809133,1.1835837761750125,0.0
2022-11-01,WFC,Financials,0.0,0.12272182268627102,0.04794461565742471,0.04081052604974171,0.851201443376714,0.10446099260437505,0.0
2022-11-01,WMT,Consumer,0.1104627073844261,0.3247790255180782,0.04090749020087943,0.04480115579079303,1.0951822165279135,0.35569221304866466,0.06349627906759385
2022-11-01,XOM,Energy,0.0,0.1142298976991369,0.04807160301114521,0.06060243239221191,1.2606700961929953,0.14400621612048692,0.0
2022-12-01,ABBV,Healthcare,0.074238237008077,0.6679914272736267,0.034017748007967225,0.027263769451033575,0.8014572112371514,0.5353665464330453,0.05400392885380936
2022-12-01,ABT,Healthcare,0.0,-0.20084649453587147,0.03574543941141902,0.027263769451033575,0.7627202210955073,-0.1531896827186575,0.0
2022-12-01,ADBE,Tech,0.0,0.06505731645706003,0.07689520297335073,0.07689520297335073,1.0,0.06505731645706003,0.0
2022-12-01,AEP,Utilities,0.0,1.2152736506075639,0.03476333886336506,0.03476333886336506,1.0,1.2152736506075639,-0.0
2022-12-01,AMD,Tech,1.0617691164300037e-18,0.9842787428967851,0.08251267110595245,0.07689520297335073,0.9319199335410137,0.9172689806662044,1.5583211486533202e-19
2022-12-01,AMGN,Healthcare,0.1770598949071761,0.2681365925570334,0.026706274613872847,0.027263769451033575,1.0208750507220177,0.2737339575270905,0.20132753288082988
2022-12-01,AMT,RealEstate,0.0,-0.4220447622236908,0.04138795393255467,0.04138795393255467,1.0,-0.4220447622236908,0.0
2022-12-01,BA,Industrials,0.0,0.0,0.06599788921014874,0.04644441444580395,0.703725755499799,0.0,0.0
2022-12-01,CAT,Industrials,0.0,2.9547338905258163,0.04644441444580395,0.04644441444580395,1.0,2.9547338905258163,-0.0
2022-12-01,CCI,RealEstate,0.0,-0.19215808890867894,0.04126227238518613,0.04138795393255467,1.0030459191921204,-0.19274338691960707,0.0
2022-12-01,CMCSA,Comm,1.864510815783084e-19,0.7640696149995994,0.04809579854463553,0.03797846022445325,0.7896419515564788,0.603341421913291,7.434398773684121e-20
2022-12-01,COP,Energy,0.0,0.09366670491617318,0.062159061034221495,0.062159061034221495,1.0,0.09366670491617318,0.0
2022-12-01,CVX,Energy,0.0623144080479255,-0.8366154375066328,0.04556419942142614,0.062159061034221495,1.3642083439085244,-1.141317760489229,0.07493322541518352
2022-12-01,D,Utilities,0.0045907620089267,-0.1316493510977414,0.03803756756943026,0.03476333886336506,0.9139211859410113,-0.1203171310836124,0.004133156367251356
2022-12-01,DD,Materials,5.755015920063707e-19,-0.05518086426281051,0.043334342342193875,0.04691650308489341,1.0826633231078633,-0.059742297874738365,6.22289058316794e-19
2022-12-01,DIS,Consumer,1.0285720743847096e-19,0.5086690703282767,0.04995588495185905,0.04637319435436998,0.9282829119944207,0.47218880584582745,6.705483298122243e-20
2022-12-01,DOW,Materials,0.0,0.1685292826408448,0.039433663560084854,0.04691650308489341,1.1897576549895497,0.20050900411184253,0.0
2022-12-01,DUK,Utilities,0.0183332779198888,-0.2620273043044266,0.03307370545237599,0.03476333886336506,1.0510869099146458,-0.27541346959460433,0.01879088356156414
2022-12-01,EA,Comm,0.1087060899286322,0.03445464094867296,0.031888529128136923,0.03797846022445325,1.190975603542117,0.04103463679867272,0.10479025345846428
2022-12-01,GE,Industrials,8.920893042237415e-19,-1.5562649421208565,0.05358507816401397,0.04644441444580395,0.8667415638295092,-1.3488795096668718,1.6034319640539473e-18
2022-12-01,GILD,Healthcare,0.0313377591592705,0.3591135826643236,0.027263769451033575,0.027263769451033575,1.0,0.3591135826643236,0.03144388772207817
2022-12-01,GS,Financials,0.0,-0.31545830550110493,0.039805263212213574,0.040203099303318716,1.0099945599903248,-0.31861117245988196,0.0
2022-12-01,INTC,Tech,0.0,-0.3768007725400968,0.053954821513834246,0.07689520297335073,1.4251775988849202,-0.5370080202666782,0.0
2022-12-01,KO,Consumer,0.0987465335062544,-0.3373128131627174,0.028026902652303898,0.04637319435436998,1.654595762138488,-0.5581163511740438,0.19003714756176457
2022-12-01,MMM,Industrials,0.0,0.2452517899462157,0.039312104325981194,0.04644441444580395,1.1814278386290566,0.289747292116065,0.0
2022-12-01,MRK,Healthcare,0.2,0.34307036599487956,0.024975909417961923,0.027263769451033575,1.0916026717900527,0.37449652813200174,0.1958605416178062
2022-12-01,MS,Financials,6.481438154145032e-19,0.031141159017449693,0.04081052604974171,0.040203099303318716,0.985115929510866,0.030677651811520643,4.879837280618817e-19
2022-12-01,NEE,Utilities,0.0,0.5178256928869113,0.04304266697944104,0.03476333886336506,0.8076483476260768,0.4182210652184422,0.0
2022-12-01,NEM,Materials,0.016117118695217,0.023109217918698136,0.05438542363905697,0.04691650308489341,0.8626668681716447,0.019935556647819375,0.016117118695217
2022-12-01,NKE,Consumer,0.0,1.2666057618258013,0.05814800651449322,0.04637319435436998,0.7975027371370262,1.010121561929605,-0.0
2022-12-01,NUE,Materials,0.0,-0.14713605648416037,0.06741187859690374,0.04691650308489341,0.6959678926237238,-0.10240197116024628,0.0
2022-12-01,NVDA,Tech,2.117172168708862e-18,0.19686619143649242,0.07758927173933709,0.07689520297335073,0.9910545781597474,0.19510514030800907,3.0231091702735336e-18
2022-12-01,O,RealEstate,0.0446946032970883,-0.3980594095499153,0.033019051076122415,0.04138795393255467,1.2534567949011772,-0.4989502716746919,0.0446946032970883
2022-12-01,OXY,Energy,4.711139294383543e-19,1.9677770582588932,0.063144306562244,0.062159061034221495,0.984396922198341,1.9370736797225598,0.0
2022-12-01,PLD,RealEstate,1.5341402782425013e-18,-0.26951872149884615,0.050198539867888164,0.04138795393255467,0.8244852149381023,-0.2222142010248187,1.2509074315969584e-18
2022-12-01,PSA,RealEstate,0.0,-1.8044128940148232,0.04144607341369644,0.04138795393255467,0.9985977083869527,-1.8018825809470718,0.0
2022-12-01,QCOM,Tech,0.0,-0.3350249817698713,0.06255194986544037,0.07689520297335073,1.229301454850969,-0.4118466975011222,0.0
2022-12-01,SBUX,Consumer,1.4816242355127345e-18,-0.6801683123557323,0.04637319435436998,0.04637319435436998,1.0,-0.6801683123557323,3.0747345101674025e-18
2022-12-01,SHW,Materials,0.0,-0.062937746719147,0.04691650308489341,0.04691650308489341,1.0,-0.062937746719147,0.0
2022-12-01,SLB,Energy,0.0,-0.42531201724572,0.06429249810216392,0.062159061034221495,0.9668167028670703,-0.4111987622032496,0.0
2022-12-01,SO,Utilities,0.0,-0.33715672513568157,0.032167791685953066,0.03476333886336506,1.0806877637965246,-0.36436114733583924,0.0
2022-12-01,T,Comm,2.054068214138417e-18,-0.5037192867916988,0.03797846022445325,0.03797846022445325,1.0,-0.5037192867916988,3.1048864850404293e-18
2022-12-01,TMUS,Comm,3.1179415958898178e-18,2.2872199243307594,0.03786188362310199,0.03797846022445325,1.003078996346609,2.294262266121665,0.0
2022-12-01,TTWO,Comm,0.0343406504822874,-0.18348985943650362,0.06438362491785686,0.03797846022445325,0.5898776322847255,-0.10823656383266184,0.03825648695245534
2022-12-01,UPS,Industrials,3.035082660777122e-18,-0.00046882136483070093,0.04013590723364081,0.04644441444580395,1.1571786374589668,-0.0005425100681664437,2.3237400009469157e-18
2022-12-01,USB,Financials,0.0,-1.3656037845814903,0.040203099303318716,0.040203099303318716,1.0,-1.3656037845814903,0.0
2022-12-01,V,Financials,0.0,0.40998120320696,0.03880747608236982,0.040203099303318716,1.035962741250852,0.42472525113560494,0.0
2022-12-01,WFC,Financials,6.983919820579089e-19,-0.6703493192815387,0.046249536146521025,0.040203099303318716,0.8692649192405547,-0.5827111468882276,8.585520694105304e-19
2022-12-01,WMT,Consumer,0.1133944055986723,0.7504988420651758,0.04132486385223741,0.04637319435436998,1.1221620601143067,0.8421813267252595,0.022103791543162127
2022-12-01,XOM,Energy,0.0161262594405834,0.4727132308849114,0.04795757219218905,0.062159061034221495,1.2961261004856595,0.6126959565948374,0.0035074420733253826
2023-01-03,ABBV,Healthcare,0.083704594812383,-0.7278150163078435,0.034017748007967225,0.027291697377800326,0.8022781922956334,-0.5839101156090736,0.12180295788890623
2023-01-03,ABT,Healthcare,0.0,-0.37057369920037586,0.03574543941141902,0.027291697377800326,0.7635015215138714,-0.28293358317251066,0.0
2023-01-03,ADBE,Tech,1.2645311073501094e-19,-2.8035108344420783,0.06842077752562753,0.06842077752562753,1.0,-2.8035108344420783,2.771923452497492e-19
2023-01-03,AEP,Utilities,0.0,-0.5397153225740571,0.03527977556837975,0.03527977556837975,1.0,-0.5397153225740571,0.0
2023-01-03,AMD,Tech,0.0,-1.0600286839971433,0.08251267110595245,0.06842077752562753,0.8292153993872059,-0.8789921085625855,0.0
2023-01-03,AMGN,Healthcare,0.1788034585709559,-0.4181360738328312,0.0270714501702135,0.027291697377800326,1.008135774264105,-0.42153793454121424,0.23351370398320526
2023-01-03,AMT,RealEstate,1.8873681583033705e-18,-0.43250878152995254,0.04138795393255467,0.04209227889194226,1.017017631761535,-0.4398690567076594,1.3004534439486473e-18
2023-01-03,BA,Industrials,8.297022151928938e-19,0.0,0.06599788921014874,0.04644441444580395,0.703725755499799,0.0,8.455165214223882e-19
2023-01-03,CAT,Industrials,1.2142551732463462e-18,0.38612385494193924,0.04644441444580395,0.04644441444580395,1.0,0.38612385494193924,7.59609815934317e-19
2023-01-03,CCI,RealEstate,6.785068341080011e-19,-0.29493465447065037,0.04209227889194226,0.04209227889194226,1.0,-0.29493465447065037,4.2045281686160214e-19
2023-01-03,CMCSA,Comm,0.0,1.89354292735259,0.04687534900732007,0.03857778957937841,0.8229867168211182,1.5583606769417573,-0.0
2023-01-03,COP,Energy,1.4424080262735106e-19,1.4374304066271355,0.06184085770907495,0.06184085770907495,1.0,1.4374304066271355,0.0
2023-01-03,CVX,Energy,0.0527599004829809,0.210997531655329,0.04562763545578235,0.06184085770907495,1.355337770439689,0.2859729241220113,0.0624405918538822
2023-01-03,D,Utilities,0.0149014196562809,-0.2738528774440696,0.03803756756943026,0.03527977556837975,0.9274982030326547,-0.25399805172469636,0.0372634698468585
2023-01-03,DD,Materials,0.0,-0.2208514911056487,0.043334342342193875,0.04723153371092532,1.0899330913564325,-0.24071334843145734,0.0
2023-01-03,DIS,Consumer,0.0,1.5730946548471034,0.051311575233610504,0.04594546037585358,0.8954209682059815,1.4085819389228476,-0.0
2023-01-03,DOW,Materials,0.0,-0.1597830016247301,0.03913563991946894,0.04723153371092532,1.2068675460045024,-0.19283691906407144,0.0
2023-01-03,DUK,Utilities,0.0223620501905776,1.8060669156127585,0.03307370545237599,0.03527977556837975,1.0667016315780027,1.9265345256231803,0.0
2023-01-03,EA,Comm,0.1070165671642941,-0.11380712414591049,0.03142995623012815,0.03857778957937841,1.2274210405167056,-0.13968925873738736,0.10602399648050667
2023-01-03,GE,Industrials,0.0,-0.3628245921935207,0.05336720311438437,0.04644441444580395,0.8702800921805385,-0.3157590195395435,0.0
2023-01-03,GILD,Healthcare,0.0120520655627786,-0.40409319785424425,0.027291697377800326,0.027291697377800326,1.0,-0.40409319785424425,0.015546600010671959
2023-01-03,GS,Financials,9.537295960632413e-19,0.9034573836772078,0.039043098930305345,0.04081052604974171,1.0452686177035113,0.9443556505903059,6.112304853806779e-19
2023-01-03,INTC,Tech,2.8844816189739583e-19,0.13597343552131747,0.054207935680529507,0.06842077752562753,1.2621911656784048,0.17162446908194912,1.377089273826576e-19
2023-01-03,KO,Consumer,0.0946510027662561,-0.41639323382899784,0.028026902652303898,0.04594546037585358,1.639334212054885,-0.6826076738840456,0.12855039199130375
2023-01-03,MMM,Industrials,1.1076575362859488e-18,-0.31440832415808156,0.03945924791489746,0.04644441444580395,1.1770222926187428,-0.37006560651896203,1.5464885873684837e-18
2023-01-03,MRK,Healthcare,0.2,0.40143964431886264,0.025149237976940728,0.027291697377800326,1.0851898336969101,0.4356382208577333,0.10369685706333405
2023-01-03,MS,Financials,0.0,-0.2170129270867435,0.04081052604974171,0.04081052604974171,1.0,-0.2170129270867435,0.0
2023-01-03,NEE,Utilities,0.0,1.3908810860838667,0.04304266697944104,0.03527977556837975,0.8196465982284702,1.1400309507489614,-0.0
2023-01-03,NEM,Materials,0.0154187044126385,-0.97077852136086,0.05438542363905697,0.04723153371092532,0.868459424429415,-0.8430817559094911,0.015418704412638502
2023-01-03,NKE,Consumer,0.0,0.3802518286773902,0.05814800651449322,0.04594546037585358,0.790146784557469,0.30045475975153746,0.0
2023-01-03,NUE,Materials,2.8887167837102284e-19,-0.17853521807679587,0.06696339842455713,0.04723153371092532,0.7053335825561139,-0.12592688497854349,1.7646986518311643e-19
2023-01-03,NVDA,Tech,0.0,-1.4694300316773263,0.07807332026556785,0.06842077752562753,0.8763656687443673,-1.2877580323839568,0.0
2023-01-03,O,RealEstate,0.0627047695262962,-0.842278852301695,0.03253491792113074,0.04209227889194226,1.2937570334119153,-1.0897041892594337,0.0627047695262962
2023-01-03,OXY,Energy,0.0,2.1928068172293367,0.06264679620524863,0.06184085770907495,0.987135200122075,2.1645967963547315,-0.0
2023-01-03,PLD,RealEstate,0.0,-0.4181217735244753,0.050804259140118706,0.04209227889194226,0.8285187030451776,-0.34642170951544776,0.0
2023-01-03,PSA,RealEstate,0.0,-0.34497106425135265,0.042637252678072696,0.04209227889194226,0.9872183653518862,-0.34056177014392086,0.0
2023-01-03,QCOM,Tech,0.0,-0.09895794046864125,0.06203611673473035,0.06842077752562753,1.1029184469782065,-0.10914253801783562,0.0
2023-01-03,SBUX,Consumer,0.0,-0.38319768072086485,0.04594546037585358,0.04594546037585358,1.0,-0.38319768072086485,0.0
2023-01-03,SHW,Materials,0.0,-0.24967802826605381,0.04723153371092532,0.04723153371092532,1.0,-0.24967802826605381,0.0
2023-01-03,SLB,Energy,0.0,0.5647953381053851,0.06539679638269393,0.06184085770907495,0.9456251854783518,0.5340846963532132,0.0
2023-01-03,SO,Utilities,1.8405135114830296e-19,-0.3518325002819969,0.032167791685953066,0.03527977556837975,1.096742229395424,-0.38586956073304346,5.08651291079697e-19
2023-01-03,T,Comm,0.005188409810672,-0.5887461392506023,0.03857778957937841,0.03857778957937841,1.0,-0.5887461392506023,0.0071656481533818855
2023-01-03,TMUS,Comm,9.93943363117059e-19,-1.4466889328515395,0.03841586911062745,0.03857778957937841,1.004214937016905,-1.4527866355865622,2.1192788742889868e-18
2023-01-03,TTWO,Comm,0.0337577001666773,-0.19829743405383368,0.06549310812669663,0.03857778957937841,0.5890358647317447,-0.11680430054198605,0.03277303250775485
2023-01-03,UPS,Industrials,0.0,0.33895763769929105,0.041028552730784526,0.04644441444580395,1.1320022607318487,0.3837008121679244,0.0
2023-01-03,USB,Financials,0.0,-0.24252345562951158,0.04084187483000082,0.04081052604974171,0.9992324353279669,-0.24233730319283098,0.0
2023-01-03,V,Financials,0.0,-0.5995045146578196,0.03880747608236982,0.04081052604974171,1.0516150538396356,-0.6304479724589875,0.0
2023-01-03,WFC,Financials,1.969697622056817e-20,-0.6793401280534132,0.04647341702505757,0.04081052604974171,0.8781477382594325,-0.596560996958978,3.6219608690313167e-19
2023-01-03,WMT,Consumer,0.1069986655063069,0.13513924681359363,0.040420194277558226,0.04594546037585358,1.1366956838543214,0.15361219857233574,0.07309927628125927
2023-01-03,XOM,Energy,0.0096806913709013,1.7228560567742566,0.04795757219218905,0.06184085770907495,1.2894909996954995,2.2216073789812825,0.0
2023-02-01,ABBV,Healthcare,0.065082490113261,0.07349473783522689,0.034745129688470384,0.0282181144140441,0.8121458940303748,0.05968844956571836,0.04003257019982248
2023-02-01,ABT,Healthcare,0.0,-0.36736262491519933,0.035671033012212666,0.0282181144140441,0.791065243453507,-0.29060780431426153,0.0
2023-02-01,ADBE,Tech,0.0,-0.4979726155167263,0.06614542240650616,0.06614542240650616,1.0,-0.4979726155167263,0.0
2023-02-01,AEP,Utilities,1.914224894013249e-18,-0.4305980779603342,0.03527977556837975,0.03527977556837975,1.0,-0.4305980779603342,1.3490061141597413e-18
2023-02-01,AMD,Tech,0.0,-0.8359808831023818,0.08161236807347792,0.06614542240650616,0.8104828222476471,-0.6775481454818988,0.0
2023-02-01,AMGN,Healthcare,0.1834410988113413,-1.6186135061651337,0.0270714501702135,0.0282181144140441,1.0423569567430218,-1.687173048429441,0.32245552315869497
2023-02-01,AMT,RealEstate,0.0,1.7876925543880227,0.038845113768622534,0.03947241659634537,1.0161488219975185,1.8165616832351241,-0.0
2023-02-01,BA,Industrials,3.951589164159281e-20,0.0,0.06599788921014874,0.04516191659996857,0.6842933484761186,0.0,2.8378695803198746e-20
2023-02-01,CAT,Industrials,1.2421463593003865e-18,-0.404934002331243,0.04516191659996857,0.04516191659996857,1.0,-0.404934002331243,1.2532835551387806e-18
2023-02-01,CCI,RealEstate,0.0,1.2896492596350113,0.03947241659634537,0.03947241659634537,1.0,1.2896492596350113,-0.0
2023-02-01,CMCSA,Comm,0.0,-0.5086484627908976,0.04687534900732007,0.03572970085660592,0.7622279431141165,-0.3877060715612631,0.0
2023-02-01,COP,Energy,3.8025147739800074e-19,-0.47878794091939436,0.062025164397272466,0.062025164397272466,1.0,-0.47878794091939436,9.20446617219209e-18
2023-02-01,CVX,Energy,0.0508592777085887,1.811650226341858,0.046339051506882,0.062025164397272466,1.3385074225798699,2.424907275077078,0.0
2023-02-01,D,Utilities,0.029781265007285,-1.3327837084933594,0.03818478189395087,0.03527977556837975,0.9239224062182918,-1.231388730919723,0.032735704943046465
2023-02-01,DD,Materials,2.5497989759940546e-19,-3.7385540531461112,0.043334342342193875,0.054024125848274866,1.2466815677429248,-4.66078642806786,1.2375437606496973e-18
2023-02-01,DIS,Consumer,3.095242263022668e-19,0.4880607253827014,0.048831228909179195,0.04594546037585358,0.9409032171053316,0.45921790665534556,9.660779357602841e-20
2023-02-01,DOW,Materials,0.0,0.43277397413666163,0.038555122889397775,0.054024125848274866,1.4012178356493035,0.6064106113651206,0.0
2023-02-01,DUK,Utilities,0.0127178960806145,-0.5235031835764193,0.03307370545237599,0.03527977556837975,1.0667016315780027,-0.5584217000572451,0.009763456144853038
2023-02-01,EA,Comm,0.1343942439746948,-0.8872526578743798,0.030428030282266184,0.03572970085660592,1.1742364039064865,-1.041844370338884,0.1483308360178474
2023-02-01,GE,Industrials,0.0,1.2160594953929116,0.05151749673027083,0.04516191659996857,0.8766325902134172,1.0660373852999092,-0.0
2023-02-01,GILD,Healthcare,0.0,0.24725386671221983,0.0282181144140441,0.0282181144140441,1.0,0.24725386671221983,0.0
2023-02-01,GS,Financials,0.0,0.5035781573282401,0.03844517199054106,0.03844517199054106,1.0,0.5035781573282401,0.0
2023-02-01,INTC,Tech,0.0,-1.085504362572516,0.05372494299083716,0.06614542240650616,1.2311864605940546,-1.3364582741150612,0.0
2023-02-01,KO,Consumer,0.0795220642861403,-0.6834261068712623,0.02896607374949872,0.04594546037585358,1.5861818475363338,-1.0840380848516227,0.09565077882505817
2023-02-01,MMM,Industrials,0.0,-0.14916240343735504,0.041563792641508585,0.04516191659996857,1.086568711125429,-0.1620752004512981,0.0
2023-02-01,MRK,Healthcare,0.2,0.32533410489531417,0.026812654445034147,0.0282181144140441,1.0524177854859966,0.3423873982169955,0.08603549556608485
2023-02-01,MS,Financials,2.9373165493628975e-19,-2.456143988070122,0.039306437671149816,0.03844517199054106,0.9780884320320661,-2.4023260221364913,2.9373165493628975e-19
2023-02-01,NEE,Utilities,0.0,-1.050597883654855,0.04158914104319908,0.03527977556837975,0.848292960216088,-0.8912147887223343,0.0
2023-02-01,NEM,Materials,0.0076867005191321,-0.1674442619916783,0.05438542363905697,0.054024125848274866,0.9933567164396852,-0.16633188227871995,0.007686700519132099
2023-02-01,NKE,Consumer,0.0,-0.38790192610248253,0.05782430626247911,0.04594546037585358,0.7945700233271377,-0.3082152424718912,0.0
2023-02-01,NUE,Materials,0.0,-0.4127870460071439,0.06427544389424077,0.054024125848274866,0.8405095721651726,-0.34695146343478994,0.0
2023-02-01,NVDA,Tech,0.0,-1.2681023247545458,0.07807332026556785,0.06614542240650616,0.8472218445624098,-1.0743639906724263,0.0
2023-02-01,O,RealEstate,0.0737839955140904,-2.9034769381743692,0.03229070097959809,0.03947241659634537,1.2224081670226,-3.5492339219861213,0.0737839955140904
2023-02-01,OXY,Energy,0.0,-2.78255132480135,0.06235060383506273,0.062025164397272466,0.9947804926051533,-2.768027777585009,0.0
2023-02-01,PLD,RealEstate,1.627228286312561e-19,-0.4835459406609055,0.050804259140118706,0.03947241659634537,0.7769509341230626,-0.3756914702879055,4.920749541747185e-20
2023-02-01,PSA,RealEstate,5.900368690329817e-19,-0.18808193464341824,0.042637252678072696,0.03947241659634537,0.9257729829446792,-0.17412117367284352,1.5228383351120364e-19
2023-02-01,QCOM,Tech,0.0,0.4403991540772827,0.06201170931490826,0.06614542240650616,1.066660202359623,0.46975625080708117,0.0
2023-02-01,SBUX,Consumer,6.082985157228555e-19,0.6055193292550948,0.04594546037585358,0.04594546037585358,1.0,0.6055193292550948,1.384961493747413e-19
2023-02-01,SHW,Materials,0.0,-0.3230379451604271,0.054024125848274866,0.054024125848274866,1.0,-0.3230379451604271,0.0
2023-02-01,SLB,Energy,0.0,0.5476575512589767,0.06539679638269393,0.062025164397272466,0.9484434686113508,0.5194222275272625,0.0
2023-02-01,SO,Utilities,0.0,-0.32652965510764953,0.03321446966063578,0.03527977556837975,1.0621809087679541,-0.3468335658019298,0.0
2023-02-01,T,Comm,0.0306289307726944,-0.5389762675475734,0.033889700050333864,0.03572970085660592,1.054293806187108,-0.5682393405572523,0.025964042985272415
2023-02-01,TMUS,Comm,1.7399370344898977e-18,-0.20489971618031091,0.03572970085660592,0.03572970085660592,1.0,-0.20489971618031091,1.1332156748999878e-18
2023-02-01,TTWO,Comm,0.0226252565382917,-0.14537397000175403,0.05653170524835772,0.03572970085660592,0.6320294195909453,-0.09188062588384009,0.01335355228256108
2023-02-01,UPS,Industrials,0.0,0.6361378463329163,0.041028552730784526,0.04516191659996857,1.1007435942550978,0.7002246594141913,0.0
2023-02-01,USB,Financials,0.0,-0.37104530128489926,0.037312339349725436,0.03844517199054106,1.0303608045102097,-0.382310535141642,0.0
2023-02-01,V,Financials,0.0,-0.6771722368728452,0.03833069035383621,0.03844517199054106,1.0029866834029872,-0.6791947359536771,0.0
2023-02-01,WFC,Financials,0.0,0.858304015453295,0.04647341702505757,0.03844517199054106,0.8272508124335287,0.7100326940986983,0.0
2023-02-01,WMT,Consumer,0.1010066318695366,-0.40339276299796406,0.04064839766610698,0.04594546037585358,1.1303141824496403,-0.4559605611141453,0.08487791733061874
2023-02-01,XOM,Energy,0.0084701488043288,0.4423336430660846,0.04795757219218905,0.062025164397272466,1.2933341193484067,0.5720851927130469,0.05932942651291749
2023-03-01,ABBV,Healthcare,0.0509609070814394,-0.9498158021295028,0.034745129688470384,0.02729200951374388,0.7854916576351216,-0.7460723888627359,0.06133794099339921
2023-03-01,ABT,Healthcare,0.0,-0.40194045081597696,0.03548006181756603,0.02729200951374388,0.7692210248695711,-0.30918104551320325,0.0
2023-03-01,ADBE,Tech,7.446574600287645e-19,2.9438707173863845,0.06762330290330477,0.06762330290330477,1.0,2.9438707173863845,0.0
2023-03-01,AEP,Utilities,0.0,-0.30924905324373786,0.03527977556837975,0.03527977556837975,1.0,-0.30924905324373786,0.0
2023-03-01,AMD,Tech,1.4016760795965665e-18,-0.5487715573850612,0.0786026451905565,0.06762330290330477,0.8603184121776756,-0.47211827489778607,1.976328165643024e-18
2023-03-01,AMGN,Healthcare,0.2,-1.6061569790618826,0.026413886904919866,0.02729200951374388,1.0332447326659997,-1.6595532384504246,0.3666641782164185
2023-03-01,AMT,RealEstate,0.0,-0.5333075179670143,0.038845113768622534,0.039963660670038016,1.0287950476365704,-0.5486641333518155,0.0
2023-03-01,BA,Industrials,0.0,0.0,0.06599788921014874,0.044492025552692493,0.6741431595035132,0.0,0.0
2023-03-01,CAT,Industrials,3.4459875671821503e-19,0.6238361740620035,0.044492025552692493,0.044492025552692493,1.0,0.6238361740620035,1.6219504322063665e-19
2023-03-01,CCI,RealEstate,2.9959665414769216e-19,-0.2182608793789888,0.039963660670038016,0.039963660670038016,1.0,-0.2182608793789888,2.068253788691719e-19
2023-03-01,CMCSA,Comm,0.0,-0.4479654480154696,0.04642609355860038,0.03580051624046056,0.7711291968873516,-0.3454392361614517,0.0
2023-03-01,COP,Energy,0.0,-0.45368973125719536,0.06317040424074102,0.06301756011887957,0.9975804473044217,-0.4525920050449758,0.0
2023-03-01,CVX,Energy,0.0614195323741354,-0.04297563809252594,0.046339051506882,0.06301756011887957,1.3599233922498517,-0.058443575538889826,0.0614195323741354
2023-03-01,D,Utilities,0.0068984166280511,-0.3091850808723587,0.03912296540115401,0.03527977556837975,0.9017663974760745,-0.2788127165316156,0.005168671713261591
2023-03-01,DD,Materials,4.1734614736313537e-19,-0.01194461511571586,0.04296412279011278,0.054024125848274866,1.2574241562475772,-0.01501944758358107,3.3402108970198393e-19
2023-03-01,DIS,Consumer,5.2792969081078725e-19,0.5374953877105002,0.048831228909179195,0.04643230334493641,0.9508731273442959,0.5110899202454181,2.673649395833844e-19
2023-03-01,DOW,Materials,0.0,-0.33030473455624343,0.038555122889397775,0.054024125848274866,1.4012178356493035,-0.46282888525961713,0.0
2023-03-01,DUK,Utilities,0.0458031554869109,-0.6846268757670885,0.031317903828125083,0.03527977556837975,1.1265050101053284,-0.7712356056043834,0.047532900401700405
2023-03-01,EA,Comm,0.0946641633356485,0.8566757803299909,0.035625049048593274,0.03580051624046056,1.0049253880781452,0.860895241005264,0.019398897481984093
2023-03-01,GE,Industrials,0.0,1.615771590008921,0.04957079075743183,0.044492025552692493,0.8975452050060769,1.4502280429975518,-0.0
2023-03-01,GILD,Healthcare,4.246265479455107e-18,-0.5249036522667854,0.02729200951374388,0.02729200951374388,1.0,-0.5249036522667854,4.463539132386329e-18
2023-03-01,GS,Financials,1.4021807532538365e-19,-0.5611345558435841,0.03901816799002565,0.03833069035383621,0.9823805762391207,-0.5512476883173032,1.5670476611149196e-19
2023-03-01,INTC,Tech,0.0,1.8514394048391132,0.05440370528793644,0.06762330290330477,1.242990758541214,2.3013220702140633,-0.0
2023-03-01,KO,Consumer,0.0848758025957796,-0.18921878327939426,0.02896607374949872,0.04643230334493641,1.6029891985530127,-0.3033156657602124,0.11458635038271309
2023-03-01,MMM,Industrials,0.0,-0.03445629025969724,0.04136519411296988,0.044492025552692493,1.075590880371143,-0.037060871574751394,0.0
2023-03-01,MRK,Healthcare,0.1999999999999999,0.80504098373202,0.02636105992412311,0.02729200951374388,1.0353153322476556,0.8334712735454959,0.022958787871621575
2023-03-01,MS,Financials,3.4905339833364716e-19,-0.5268959194897431,0.037927933438751484,0.03833069035383621,1.0106190050068276,-0.5324910298968817,3.8537795552352127e-19
2023-03-01,NEE,Utilities,0.0,-0.7470521687013892,0.04198837059112345,0.03527977556837975,0.8402273075068569,-0.6276936322751265,0.0
2023-03-01,NEM,Materials,0.0014200227934703,-0.2754806061831853,0.0554851561327573,0.054024125848274866,0.973668087353189,-0.26822667492527913,0.0014200227934703
2023-03-01,NKE,Consumer,9.842993864089605e-19,-0.3674049813277449,0.05782430626247911,0.04643230334493641,0.8029893715312117,-0.29502229505380245,1.3203948973498135e-18
2023-03-01,NUE,Materials,3.158597161743457e-19,-0.27037615877847093,0.06427544389424077,0.054024125848274866,0.8405095721651726,-0.2272537495385554,3.0565515508179043e-19
2023-03-01,NVDA,Tech,1.0619712918843017e-18,0.06611230438302021,0.07632073802882368,0.06762330290330477,0.8860409981591872,0.058578212166135235,9.57559382337505e-19
2023-03-01,O,RealEstate,0.0872181610816722,-0.6178871580893331,0.03229070097959809,0.039963660670038016,1.237621341676288,-0.7647103335990691,0.0872181610816722
2023-03-01,OXY,Energy,4.27064617951265e-19,0.6105259706062088,0.06301756011887957,0.06301756011887957,1.0,0.6105259706062088,1.5714638116662436e-19
2023-03-01,PLD,RealEstate,0.0,1.3697918519399892,0.050393212420758574,0.039963660670038016,0.7930365767588118,1.0862950411346022,-0.0
2023-03-01,PSA,RealEstate,0.0,-0.25347611057606306,0.0425141652776218,0.039963660670038016,0.9400081222122384,-0.23826960272826675,0.0
2023-03-01,QCOM,Tech,1.6746580944018098e-18,-0.19488057626555044,0.06124936271553014,0.06762330290330477,1.1040654123599312,-0.21516090379556596,1.949075377930914e-18
2023-03-01,SBUX,Consumer,0.0,-0.3228359917529803,0.04643230334493641,0.04643230334493641,1.0,-0.3228359917529803,0.0
2023-03-01,SHW,Materials,0.0,-0.30154763222653236,0.054024125848274866,0.054024125848274866,1.0,-0.30154763222653236,0.0
2023-03-01,SLB,Energy,0.0,-0.4477591712306659,0.06657239891652425,0.06301756011887957,0.9466019122714486,-0.4238496877240273,0.0
2023-03-01,SO,Utilities,0.0,3.440329580517942,0.03269518692193315,0.03527977556837975,1.07905104358687,3.7122912241406643,-0.0
2023-03-01,T,Comm,0.0436755211310244,-0.5383917682422595,0.03238187930948314,0.03580051624046056,1.105572530189014,-0.5952311494485322,0.10263870784093673
2023-03-01,TMUS,Comm,1.833403046701684e-18,-0.22978435509908507,0.03580051624046056,0.03580051624046056,1.0,-0.22978435509908507,3.3215161729414095e-18
2023-03-01,TTWO,Comm,0.0272792786226965,-0.13524247738535838,0.05731769259604011,0.03580051624046056,0.6245980014019946,-0.0844721810795493,0.04358135776644858
2023-03-01,UPS,Industrials,4.631431931327795e-19,-0.10507953403933343,0.041028552730784526,0.044492025552692493,1.084416158781766,-0.11394994466951179,6.455469066303579e-19
2023-03-01,USB,Financials,6.939211791734465e-18,-0.3674506114667733,0.037312339349725436,0.03833069035383621,1.0272926067316728,-0.37747929649884865,6.886400543758482e-18
2023-03-01,V,Financials,0.0,1.414952432713056,0.03833069035383621,0.03833069035383621,1.0,1.414952432713056,-0.0
2023-03-01,WFC,Financials,0.0,-0.6408845823918426,0.04637339151580785,0.03833069035383621,0.8265664662626622,-0.5297337045498474,0.0
2023-03-01,WMT,Consumer,0.0957850388691714,0.2924451041484065,0.04064839766610698,0.04643230334493641,1.1422911113579295,0.3340574430288687,0.06607449108223791
2023-03-01,XOM,Energy,0.0,2.7115801766141203,0.04816166611561859,0.06301756011887957,1.308458888602346,3.547991184248665,-0.0
2023-04-03,ABBV,Healthcare,0.0551773933563015,0.8016847450100236,0.034745129688470384,0.027967732135099007,0.8049396386158735,0.645307828932227,0.011822614726589799
2023-04-03,ABT,Healthcare,0.0,-0.3440051666714595,0.034417305720992476,0.027967732135099007,0.8126066683377944,-0.27954089237988233,0.0
2023-04-03,ADBE,Tech,0.0,0.26793981266031347,0.06201584990426753,0.06201584990426753,1.0,0.26793981266031347,0.0
2023-04-03,AEP,Utilities,3.400434523734554e-18,-0.2163138191781763,0.03555184448452483,0.03555184448452483,1.0,-0.2163138191781763,2.980670135781639e-18
2023-04-03,AMD,Tech,0.0,0.028443340223081825,0.07731834129027709,0.06201584990426753,0.8020845878139152,0.02281396481888154,0.0
2023-04-03,AMGN,Healthcare,0.1916906227418725,-1.1275034113655207,0.02703322618080375,0.027967732135099007,1.0345687913105557,-1.1664798414949549,0.2508743585608375
2023-04-03,AMT,RealEstate,6.135182806034732e-19,0.8745874239295782,0.038925229832836195,0.039963660670038016,1.0266775775419015,0.8979192977486314,4.0599693993160546e-20
2023-04-03,BA,Industrials,0.0,0.0,0.06453084961312895,0.04641083441172026,0.7192038333596938,0.0,0.0
2023-04-03,CAT,Industrials,0.0,2.2014904938953985,0.04641083441172026,0.04641083441172026,1.0,2.2014904938953985,0.0
2023-04-03,CCI,RealEstate,1.0957507450451893e-18,-0.22710108242106036,0.039963660670038016,0.039963660670038016,1.0,-0.22710108242106036,8.716531768719865e-19
2023-04-03,CMCSA,Comm,0.0,1.2029821989668834,0.04642609355860038,0.03580051624046056,0.7711291968873516,0.927654696959113,0.0
2023-04-03,COP,Energy,0.0,1.2819320941540318,0.06463373527028757,0.06399759339183968,0.9901577423030303,1.2693149881333519,-0.0
2023-04-03,CVX,Energy,0.0327270057525382,-0.5592406274523984,0.045775240943433534,0.06399759339183968,1.3980831574633172,-0.7818649022104159,0.03882448694965314
2023-04-03,D,Utilities,0.0142723824226504,-0.2783874727648282,0.03912296540115401,0.03555184448452483,0.9087205972243647,-0.2529764305106363,0.012887635190137081
2023-04-03,DD,Materials,0.0,0.04062073769287082,0.040120869907010456,0.052695372558528394,1.3134155037181972,0.05335190665828669,0.0
2023-04-03,DIS,Consumer,1.6585112677060856e-18,-0.0481403574166128,0.047592251512358366,0.04293692779552626,0.9021831586256589,-0.0434314197114879,1.3523202548907817e-18
2023-04-03,DOW,Materials,0.0,-0.13310294891900745,0.038914227096077614,0.052695372558528394,1.3541415695710903,-0.18024023616372542,0.0
2023-04-03,DUK,Utilities,0.0108384205840258,-0.5016625971450461,0.031572552466473676,0.03555184448452483,1.1260364369423945,-0.5648903634364756,0.012223167816539118
2023-04-03,EA,Comm,0.1049346539632852,-0.4042187486262127,0.03527734578700156,0.03580051624046056,1.0148302102039595,-0.4102133976367209,0.11679080958656714
2023-04-03,GE,Industrials,0.0,-0.6297865870706082,0.048650697115239804,0.04641083441172026,0.953960316370926,-0.6007914118480432,0.0
2023-04-03,GILD,Healthcare,0.0,-0.6535342051666154,0.027749300250200486,0.027967732135099007,1.0078716177679812,-0.6586785766279885,0.0
2023-04-03,GS,Financials,0.0,-0.7429506640249347,0.04103765001351396,0.04103765001351396,1.0,-0.7429506640249347,0.0
2023-04-03,INTC,Tech,0.0,-0.4277139676741898,0.05440370528793644,0.06201584990426753,1.139919598785471,-0.4875595344261044,0.0
2023-04-03,KO,Consumer,0.1350272313189791,-0.5297456481913148,0.02672066849844649,0.04293692779552626,1.6068807484372096,-0.8512380836470146,0.19533535456411416
2023-04-03,MMM,Industrials,0.0,0.07449306389585283,0.04136519411296988,0.04641083441172026,1.1219779190439807,0.08357957281307925,0.0
2023-04-03,MRK,Healthcare,0.1892031773928342,-0.5168943748940792,0.027967732135099007,0.027967732135099007,1.0,-0.5168943748940792,0.17337422020358081
2023-04-03,MS,Financials,0.0,-0.4630813631122975,0.03898538158123894,0.04103765001351396,1.0526419993606693,-0.48745889193319286,0.0
2023-04-03,NEE,Utilities,1.551893490010183e-17,-0.46340497702713157,0.04198837059112345,0.03555184448452483,0.8467069329915999,-0.3923682068316854,1.5572196234087287e-17
2023-04-03,NEM,Materials,0.0057385223561666,-3.1631955660413573,0.055325823487383435,0.052695372558528394,0.9524552774265549,-3.0128023104083694,0.005738522356166601
2023-04-03,NKE,Consumer,0.0,-0.30142356264919223,0.057311684701137004,0.04293692779552626,0.749182789154241,-0.22582134538232992,0.0
2023-04-03,NUE,Materials,0.0,1.6074638526164224,0.06676774245714369,0.052695372558528394,0.7892340016191509,1.2686651288585962,-0.0
2023-04-03,NVDA,Tech,0.0,1.0608821539160365,0.07572270442791486,0.06201584990426753,0.818986199354571,0.8688478431987857,0.0
2023-04-03,O,RealEstate,0.0717602210929832,-0.44805301779388046,0.03300113659589472,0.039963660670038016,1.2109783114260804,-0.5425824869173929,0.0717602210929832
2023-04-03,OXY,Energy,2.3728285300295576e-19,-0.24236046696493965,0.06399759339183968,0.06399759339183968,1.0,-0.24236046696493965,1.9626310162116504e-19
2023-04-03,PLD,RealEstate,6.473656869212643e-19,-0.5932435242782967,0.050393212420758574,0.039963660670038016,0.7930365767588118,-0.4704638136779935,6.171001064175139e-19
2023-04-03,PSA,RealEstate,0.0,-0.15769754278767065,0.04423723292792788,0.039963660670038016,0.9033942230326104,-0.14246304914081956,0.0
2023-04-03,QCOM,Tech,0.0,0.08452292558450654,0.055406021652621,0.06201584990426753,1.1192980122826388,0.09460634259905157,0.0
2023-04-03,SBUX,Consumer,2.6687004693965064e-19,-0.14085536280358446,0.04293692779552626,0.04293692779552626,1.0,-0.14085536280358446,2.3791818423836723e-19
2023-04-03,SHW,Materials,1.5638553358504176e-18,-0.29420786909073904,0.052695372558528394,0.052695372558528394,1.0,-0.29420786909073904,5.043741817351526e-19
2023-04-03,SLB,Energy,1.4569122249936346e-19,-1.2426335517197715,0.06786241304196564,0.06399759339183968,0.943049186185938,-1.1718645596766724,2.1066423236232135e-19
2023-04-03,SO,Utilities,0.0,-0.14633179984702857,0.03269518692193315,0.03555184448452483,1.0873724187420175,-0.15911716313853624,0.0
2023-04-03,T,Comm,0.05117249027077,-0.03978521454820221,0.03222850490077216,0.03580051624046056,1.110833913974173,-0.04419476559488167,0.04217187997594434
2023-04-03,TMUS,Comm,0.0,1.538975661113052,0.03580051624046056,0.03580051624046056,1.0,1.538975661113052,-0.0
2023-04-03,TTWO,Comm,0.0237243924636864,-0.17511980403442104,0.05473184931153666,0.03580051624046056,0.6541075569488266,-0.11454718719031241,0.02086884713523011
2023-04-03,UPS,Industrials,0.0,-0.849952763651298,0.040178171702353854,0.04641083441172026,1.1551255929597528,-0.9818021901004863,0.0
2023-04-03,USB,Financials,0.0,-0.3030900457201823,0.054217635226431755,0.04103765001351396,0.7569059373786117,-0.22941065516596085,0.0
2023-04-03,V,Financials,1.543738303353128e-18,-0.6272145306888337,0.03693929438253453,0.04103765001351396,1.110948400598502,-0.6968029797008999,2.1593741663247366e-18
2023-04-03,WFC,Financials,6.156358629716088e-19,2.1403355240506716,0.04716528546580234,0.04103765001351396,0.8700816629906485,1.8622666921239694,0.0
2023-04-03,WMT,Consumer,0.1042831084901999,0.43583421050420407,0.04064839766610698,0.04293692779552626,1.056300623414917,0.4603719482611389,0.04397498524506479
2023-04-03,XOM,Energy,0.0094503777937064,0.3349098171720035,0.04588622464943829,0.06399759339183968,1.394701653508622,0.46709927578606364,0.003352896596591467
2023-05-01,ABBV,Healthcare,0.0768074585156313,0.3790393584223568,0.037128786963307486,0.028551061000709425,0.7689737084307388,0.29147130108724767,0.04663391031496957
2023-05-01,ABT,Healthcare,0.0,-0.4007223395113747,0.033998814890532976,0.028551061000709425,0.839766359287409,-0.33651314013660016,0.0
2023-05-01,ADBE,Tech,8.858036927272974e-19,0.07725216674805842,0.06199195838577194,0.06199195838577194,1.0,0.07725216674805842,8.858036927272974e-19
2023-05-01,AEP,Utilities,0.0,0.8367624985983011,0.03555184448452483,0.03555184448452483,1.0,0.8367624985983011,0.0
2023-05-01,AMD,Tech,0.0,0.4982862273522396,0.07520036331733802,0.06199195838577194,0.8243571659909683,0.4107658222324235,0.0
2023-05-01,AMGN,Healthcare,0.1797954087176564,0.2378808754277432,0.02737984744831945,0.028551061000709425,1.0427764820311978,0.24805658242104364,0.11585232433484252
2023-05-01,AMT,RealEstate,0.0,3.824860834190809,0.038925229832836195,0.04133879137579017,1.062005068520314,4.062021592295475,-0.0
2023-05-01,BA,Industrials,0.0,0.0,0.06250338323992168,0.044062363888435686,0.7049596614522542,0.0,0.0
2023-05-01,CAT,Industrials,5.051318656111553e-18,-0.4447036638194245,0.04552878080738381,0.044062363888435686,0.9677914301032567,-0.43038039477995876,4.781244306459343e-18
2023-05-01,CCI,RealEstate,3.536413890739493e-19,4.639969705239362,0.04133879137579017,0.04133879137579017,1.0,4.639969705239362,0.0
2023-05-01,CMCSA,Comm,0.0,0.2534953937221906,0.046164756412372346,0.038813154851306944,0.8407529437522356,0.21312699849956374,0.0
2023-05-01,COP,Energy,0.0,1.106883527330491,0.06358267717413887,0.0624899340442279,0.9828138232223504,1.0878604313575209,-0.0
2023-05-01,CVX,Energy,0.042139879572955,0.2856977063010444,0.04462292154507035,0.0624899340442279,1.400399881507341,0.40009103405090174,0.042139879572955
2023-05-01,D,Utilities,0.0072989989542188,-1.5143520801431718,0.03912296540115401,0.03555184448452483,0.9087205972243647,-1.376122926675662,0.007298998954218806
2023-05-01,DD,Materials,8.229005709553446e-19,-0.06796343724231364,0.0386337730263276,0.052695372558528394,1.3639716867057818,-0.09270020412972109,7.21576930928752e-19
2023-05-01,DIS,Consumer,0.0,-1.1863908567590409,0.046006627831676826,0.04138314131580207,0.8995039033769096,-1.0671632065854333,0.0
2023-05-01,DOW,Materials,1.829927768142593e-17,0.6880609170701286,0.04072264289763371,0.052695372558528394,1.2940066952675704,0.8903554334406909,1.6101091379275888e-18
2023-05-01,DUK,Utilities,2.5264822880262732e-18,0.5362177604455026,0.031572552466473676,0.03555184448452483,1.1260364369423945,0.6038007363972843,4.2127046996754493e-19
2023-05-01,EA,Comm,0.0783571597048162,-0.43751189966488546,0.035469498166980924,0.038813154851306944,1.0942685083556858,-0.47875549383415666,0.09081589627541077
2023-05-01,GE,Industrials,0.0,-0.8237487751075114,0.04290624877429741,0.044062363888435686,1.0269451454546834,-0.8459448056709006,0.0
2023-05-01,GILD,Healthcare,0.0,-0.45109413442997676,0.02760200352406848,0.028551061000709425,1.0343836444993344,-0.46660439478395205,0.0
2023-05-01,GS,Financials,0.0,-1.9067688459472845,0.04005764948225416,0.04005764948225416,1.0,-1.9067688459472845,0.0
2023-05-01,INTC,Tech,0.0,-0.23017036773727,0.05440370528793644,0.06199195838577194,1.1394804463716945,-0.26227463337080154,0.0
2023-05-01,KO,Consumer,0.1516503715833925,-0.8663488943638823,0.02672066849844649,0.04138314131580207,1.5487315116464262,-1.3417418327813855,0.21394734635870694
2023-05-01,MMM,Industrials,0.0,0.10643670805231943,0.04136519411296988,0.044062363888435686,1.065203846695358,0.11337679084692144,0.0
2023-05-01,MRK,Healthcare,0.1773449778395348,-0.7862758825825004,0.028551061000709425,0.028551061000709425,1.0,-0.7862758825825004,0.27146161042301037
2023-05-01,MS,Financials,1.500226973222297e-17,-1.9058233685914419,0.03726941259298888,0.04005764948225416,1.0748130087188388,-2.04840374888244,1.6585318530877198e-17
2023-05-01,NEE,Utilities,1.1354230353031961e-18,-0.3748906200450753,0.04028149112779322,0.03555184448452483,0.8825851151273529,-0.3308728810526475,6.359535145438086e-19
2023-05-01,NEM,Materials,0.0043092949973342,-0.24821983956006766,0.05314131381580699,0.052695372558528394,0.9916083885538798,-0.24613687511326127,0.004309294997334216
2023-05-01,NKE,Consumer,2.476419494661204e-20,1.8466172349540144,0.05475286945873548,0.04138314131580207,0.7558168498728727,1.3957044214438976,0.0
2023-05-01,NUE,Materials,0.0,-0.15511560973607727,0.06589926282094062,0.052695372558528394,0.7996352357037829,-0.12403590715264415,0.0
2023-05-01,NVDA,Tech,0.0,-0.20038385091557367,0.07572270442791486,0.06199195838577194,0.818670686079179,-0.16404838470824062,0.0
2023-05-01,O,RealEstate,0.103621365940851,1.9153026084821803,0.03300113659589472,0.04133879137579017,1.2526475036903013,2.3991990313267255,0.0
2023-05-01,OXY,Energy,9.242798807261637e-19,-0.4303671951378862,0.0624899340442279,0.0624899340442279,1.0,-0.4303671951378862,2.203767063932894e-18
2023-05-01,PLD,RealEstate,1.000842906600566e-18,-0.4823895364068326,0.050393212420758574,0.04133879137579017,0.8203245911499264,-0.3957159992279375,0.10362136594085099
2023-05-01,PSA,RealEstate,0.0,-0.39354402110844117,0.04559891616323386,0.04133879137579017,0.9065739902195613,-0.35677677354333076,0.0
2023-05-01,QCOM,Tech,0.0,-1.566343094769339,0.05425023354286312,0.06199195838577194,1.1427039910674686,-1.7898665057738938,0.0
2023-05-01,SBUX,Consumer,0.0,-0.023586544556933913,0.04138314131580207,0.04138314131580207,1.0,-0.023586544556933913,0.0
2023-05-01,SHW,Materials,5.399829925933751e-19,-0.17318192300598478,0.052695372558528394,0.052695372558528394,1.0,-0.17318192300598478,5.083697451643473e-19
2023-05-01,SLB,Energy,4.177257144837539e-19,3.3765625751177306,0.0655431836246535,0.0624899340442279,0.9534162149048075,3.2192695097579764,0.0
2023-05-01,SO,Utilities,3.8017704494983966e-18,0.5306557682201326,0.032557986175611266,0.03555184448452483,1.0919546526239459,0.579452035049708,6.728721009319005e-19
2023-05-01,T,Comm,0.0361170774258937,0.12520161667992993,0.038813154851306944,0.038813154851306944,1.0,0.12520161667992993,0.02476323556470288
2023-05-01,TMUS,Comm,0.0,0.8193648840565185,0.036556890570230934,0.038813154851306944,1.0617192612906015,0.8699354794279461,0.0
2023-05-01,TTWO,Comm,0.0227543889150102,-0.29222413157744376,0.053016532709598156,0.038813154851306944,0.7320953081543218,-0.21393591565731776,0.021649494205606464
2023-05-01,UPS,Industrials,1.4960750273236544e-18,-0.7839777711277442,0.044062363888435686,0.044062363888435686,1.0,-0.7839777711277442,1.766149376975865e-18
2023-05-01,USB,Financials,0.0,-0.30868532065832543,0.054157051430126994,0.04005764948225416,0.7396571346565318,-0.22832129978866972,0.0
2023-05-01,V,Financials,2.1041452737765262e-18,0.2770546941847744,0.03499735521165078,0.04005764948225416,1.1445907623590592,0.31711424363210694,5.210964751223027e-19
2023-05-01,WFC,Financials,0.0,-0.4322084446040972,0.04622242456598771,0.04005764948225416,0.8666280459837704,-0.3745639598049334,0.0
2023-05-01,WMT,Consumer,0.1198036178327055,0.1996384818265277,0.04064839766610698,0.04138314131580207,1.0180755870312628,0.20324706457957226,0.05750664305739105
2023-05-01,XOM,Energy,0.0,0.6589137966397541,0.04588081788469688,0.0624899340442279,1.3620056687147863,0.8974443262177271,0.0
2023-06-01,ABBV,Healthcare,0.0606229679535468,-0.580957379622353,0.03421976524972329,0.028551061000709425,0.8343441514678508,-0.4847183919399982,0.137446973356045
2023-06-01,ABT,Healthcare,1.3183901283369537e-18,-0.4605683675151321,0.031433996937643705,0.028551061000709425,0.9082860527519545,-0.4183278245527308,2.8554493654922977e-18
2023-06-01,ADBE,Tech,0.0,0.23601333410359118,0.0623290426000636,0.0623290426000636,1.0,0.23601333410359118,0.0
2023-06-01,AEP,Utilities,0.0,-0.26927783553479284,0.035470026001343954,0.035470026001343954,1.0,-0.26927783553479284,0.0
2023-06-01,AMD,Tech,2.4662672771411324e-19,-0.9503197158079945,0.07473608987889595,0.0623290426000636,0.8339885415608843,-0.7925557538032634,2.9650864569157165e-19
2023-06-01,AMGN,Healthcare,0.0872825910396922,-0.3402104042268606,0.026520258413142435,0.028551061000709425,1.0765755203411065,-0.3662621929559906,0.1821023619479529
2023-06-01,AMT,RealEstate,1.2856002105828799e-18,-0.43075407256715365,0.036245039017219684,0.03792894927923856,1.0464590550231954,-0.4507664997260165,1.0262554412349195e-18
2023-06-01,BA,Industrials,0.0,0.0,0.055697970454718554,0.04182013567788802,0.750837693662232,0.0,0.0
2023-06-01,CAT,Industrials,8.931369971361956e-19,-0.3785084513061647,0.04460799231812999,0.04182013567788802,0.9375032030054197,-0.3548528854641503,8.931369971361956e-19
2023-06-01,CCI,RealEstate,2.3241307396400617e-18,0.6476547110696873,0.040664263710069086,0.03792894927923856,0.9327341950580254,0.6040896956051228,5.063016928663053e-19
2023-06-01,CMCSA,Comm,4.1372364894692074e-18,-1.3122308348165985,0.04215428738625018,0.04065592182980426,0.9644552037443608,-1.265587857152675,6.242927520991934e-18
2023-06-01,COP,Energy,0.0,-0.4537909386902543,0.059099570481716796,0.056028837535644166,0.9480413661039618,-0.43021258144150787,0.0
2023-06-01,CVX,Energy,0.0424636492461103,0.3048488317931438,0.04270186621619124,0.056028837535644166,1.3120934165261318,0.39999014523146614,0.04246364924611029
2023-06-01,D,Utilities,4.8774471236597995e-18,-0.2295973335439566,0.03970395610551764,0.035470026001343954,0.8933625129717162,-0.20511365086643438,5.176655411028383e-18
2023-06-01,DD,Materials,0.0,-0.04774193383348759,0.040119776445865424,0.051843381632443494,1.2922151174595156,-0.061692848636384585,0.0
2023-06-01,DIS,Consumer,0.0,-0.18067367336083506,0.04916826167111732,0.042136231861025664,0.8569803045483211,-0.15483377962063233,0.0
2023-06-01,DOW,Materials,0.0,0.1423297330485521,0.04042032667868867,0.051843381632443494,1.2826066955014876,0.18255306857701228,0.0
2023-06-01,DUK,Utilities,2.8682855602434493e-18,-0.5004936439675118,0.031029868819674802,0.035470026001343954,1.1430930052418986,-0.572110783587292,3.971313883966683e-18
2023-06-01,EA,Comm,0.1322374789886553,-0.3050706735997475,0.03148950182288823,0.04065592182980426,1.291094475183262,-0.3938750612250702,0.12276524848212156
2023-06-01,GE,Industrials,0.0,0.9849951777803914,0.039135469566011855,0.04182013567788802,1.068599307524541,1.0525651648911385,-0.0
2023-06-01,GILD,Healthcare,7.932604379201593e-18,-0.30398362342194796,0.026383774264324374,0.028551061000709425,1.082144681601359,-0.32895426137997125,1.609828928770245e-17
2023-06-01,GS,Financials,3.9050436183533553e-20,-0.1079096062591525,0.038837439024178085,0.038837439024178085,1.0,-0.1079096062591525,3.752660623872553e-20
2023-06-01,INTC,Tech,0.0,-0.8451203400783874,0.05260780539570882,0.0623290426000636,1.18478697469383,-1.0012875709736935,0.0
2023-06-01,KO,Consumer,0.2,-0.9699341765597533,0.022106883343503227,0.042136231861025664,1.906023169630045,-1.8487170135389286,0.364262569818553
2023-06-01,MMM,Industrials,0.0,-0.26401210082751897,0.04182013567788802,0.04182013567788802,1.0,-0.26401210082751897,0.0
2023-06-01,MRK,Healthcare,0.1716437763107589,1.423032913173221,0.028551061000709425,0.028551061000709425,1.0,1.423032913173221,0.0
2023-06-01,MS,Financials,0.0,-0.5067872399101729,0.03605489041935453,0.038837439024178085,1.077175344938224,-0.545898719960531,0.0
2023-06-01,NEE,Utilities,4.415417301458795e-18,0.2502694686181167,0.03942955452678861,0.035470026001343954,0.8995796789244845,0.2251373282240868,3.013180690366979e-18
2023-06-01,NEM,Materials,3.355797764130069e-18,0.8883693182356605,0.051843381632443494,0.051843381632443494,1.0,0.8883693182356605,1.2527302256304033e-18
2023-06-01,NKE,Consumer,3.3915664424667375e-19,0.9648117459500095,0.051591467706581136,0.042136231861025664,0.8167286905010973,0.7879894338498287,4.597196606421127e-20
2023-06-01,NUE,Materials,0.0,0.5650586152255765,0.06168661761141297,0.051843381632443494,0.8404315820819405,0.4748931059630617,0.0
2023-06-01,NVDA,Tech,0.0,-0.9715405468773931,0.0707746013143436,0.0623290426000636,0.8806696391440021,-0.8556062628322803,0.0
2023-06-01,O,RealEstate,0.1120942813427668,-0.6647892238655436,0.03084791416068848,0.03792894927923856,1.2295466423325927,-0.8173893580627695,0.1120942813427668
2023-06-01,OXY,Energy,0.0,2.225941105997976,0.056028837535644166,0.056028837535644166,1.0,2.225941105997976,-0.0
2023-06-01,PLD,RealEstate,0.0,2.928806272540867,0.041532832018451864,0.03792894927923856,0.9132281001783793,2.6746681880630168,-0.0
2023-06-01,PSA,RealEstate,8.504811726736852e-18,-0.4023419758739965,0.03792894927923856,0.03792894927923856,1.0,-0.4023419758739965,6.562520259291938e-18
2023-06-01,QCOM,Tech,3.7952824392303713e-19,-0.2417135946499321,0.05106536035316533,0.0623290426000636,1.2205738326137179,-0.2950292886167063,3.296463259455787e-19
2023-06-01,SBUX,Consumer,2.104549104772924e-18,-0.31594707891618945,0.042136231861025664,0.042136231861025664,1.0,-0.31594707891618945,1.770650025390625e-18
2023-06-01,SHW,Materials,6.694015747529932e-19,-0.24167138713025646,0.052529125800533004,0.051843381632443494,0.9869454486889148,-0.23851647560654338,2.772469113252659e-18
2023-06-01,SLB,Energy,2.674882534375304e-18,-0.13173257746082132,0.06127101134529784,0.056028837535644166,0.914442838553603,-0.12046191206325582,4.9950912892371654e-18
2023-06-01,SO,Utilities,0.0,-0.3633187828843677,0.03217173737499715,0.035470026001343954,1.1025213089334158,-0.4005667000657686,0.0
2023-06-01,T,Comm,0.0282644237892234,-1.0327688947967522,0.04065592182980426,0.04065592182980426,1.0,-1.0327688947967522,0.03826706736415509
2023-06-01,TMUS,Comm,0.0011282615106931,0.16186355692631585,0.03219224005326964,0.04065592182980426,1.262910619532206,0.20441920495750004,0.0005978484422951433
2023-06-01,TTWO,Comm,0.0,-0.29907049780136813,0.04911354336171126,0.04065592182980426,0.8277945154635181,-0.2475689178169167,0.0
2023-06-01,UPS,Industrials,0.0,-0.020374309227971545,0.039789234175771654,0.04182013567788802,1.0510414825564303,-0.021414244177030372,0.0
2023-06-01,USB,Financials,1.0140276910665833e-19,2.0137072644529272,0.05724518256115818,0.038837439024178085,0.678440303385982,1.366180167426,0.0
2023-06-01,V,Financials,0.0,-0.02984370181913646,0.031522076470509724,0.038837439024178085,1.2320710870843867,-0.036769562142925746,0.0
2023-06-01,WFC,Financials,2.5705822211626945e-18,-0.24092588907830728,0.047005562321046905,0.038837439024178085,0.8262307077387836,-0.1990603678457655,2.673508820214161e-18
2023-06-01,WMT,Consumer,0.164262569818553,1.4403263579865384,0.029249927770835255,0.042136231861025664,1.440558492696149,2.074874367251622,0.0
2023-06-01,XOM,Energy,0.0,0.03261317090134441,0.04288088312372856,0.056028837535644166,1.3066157563494782,0.04261288296421493,0.0
2023-07-03,ABBV,Healthcare,0.0906321890559409,-0.11775965902413875,0.03441564468662632,0.02811896507005845,0.8170401957045217,-0.09621437485518007,0.07548822626804834
2023-07-03,ABT,Healthcare,0.0,1.8388602545645214,0.029198152589627487,0.02811896507005845,0.9630391848848543,1.7708944806729723,-0.0
2023-07-03,ADBE,Tech,4.317189619740668e-19,-0.30866520688137605,0.056612420340496475,0.056612420340496475,1.0,-0.30866520688137605,1.7168641566751805e-18
2023-07-03,AEP,Utilities,2.774853435084731e-18,-0.06780269239717511,0.03334517883196628,0.03334517883196628,1.0,-0.06780269239717511,1.0045739029064258e-17
2023-07-03,AMD,Tech,0.0,-0.24650092572881582,0.06962491046851496,0.056612420340496475,0.8131058260548449,-0.20043133883801276,0.0
2023-07-03,AMGN,Healthcare,0.0156042266075027,-1.2418236058519683,0.027154240760094914,0.02811896507005845,1.035527574439911,-1.2859425864501128,0.027102467079706084
2023-07-03,AMT,RealEstate,0.0,-0.24021612035522105,0.034913927486951,0.035898092849798294,1.028188331525152,-0.24698741199347987,0.0
2023-07-03,BA,Industrials,0.0,0.0,0.050236694105119536,0.039450657818551664,0.7852956593043672,0.0,0.0
2023-07-03,CAT,Industrials,1.0417568994676396e-19,-0.35920038652707276,0.03910024221512821,0.039450657818551664,1.0089619803758627,-0.3624195333421307,1.099776147920931e-19
2023-07-03,CCI,RealEstate,3.801457367156943e-18,-0.16872934835344616,0.03822296412818617,0.035898092849798294,0.9391760599572789,-0.15846656458574876,2.948755011920854e-18
2023-07-03,CMCSA,Comm,2.4708106384857143e-18,-0.46474378579051734,0.03946114467620179,0.03946114467620179,1.0,-0.46474378579051734,2.4817020078319816e-18
2023-07-03,COP,Energy,0.0,-2.125243353188786,0.04894476083272871,0.04894476083272871,1.0,-2.125243353188786,0.0
2023-07-03,CVX,Energy,0.0153812522292251,0.29712652770509207,0.03598632834599443,0.04894476083272871,1.3600932099030507,0.4041197728137664,0.00883437605541197
2023-07-03,D,Utilities,0.0,-3.1654628650689394,0.03894520573991249,0.03334517883196628,0.8562075407857688,-2.71029317514935,0.0
2023-07-03,DD,Materials,1.5797006403878276e-19,-0.2625969760247478,0.035172215704934943,0.048824106472472026,1.3881441784067534,-0.36452246353597145,1.244774904476438e-19
2023-07-03,DIS,Consumer,1.4873633552581945e-18,0.5307351580228682,0.04789814293651879,0.03782708622577285,0.7897401424499173,0.4191428593001593,4.645090011823443e-19
2023-07-03,DOW,Materials,1.6728635707068864e-18,-2.566678084833563,0.03291396037488443,0.048824106472472026,1.4833859528410964,-3.807374216507195,4.644123858920767e-18
2023-07-03,DUK,Utilities,3.000181336609217e-18,1.7508337863682566,0.029735362481146516,0.03334517883196628,1.121398094713274,1.9633816721929904,0.0
2023-07-03,EA,Comm,0.1289041887725239,-0.43683938511200365,0.028687367773149484,0.03946114467620179,1.3755582243811244,-0.6008980089244099,0.1415074157608139
2023-07-03,GE,Industrials,0.0,-0.48759522086164536,0.03282731081380707,0.039450657818551664,1.201763313550461,-0.5859740482940599,0.0
2023-07-03,GILD,Healthcare,0.0,-0.4816328213167027,0.025602682660336776,0.02811896507005845,1.0982819825213026,-0.5289686498430366,0.0
2023-07-03,GS,Financials,0.0,0.49827153255969814,0.036125531017147695,0.036125531017147695,1.0,0.49827153255969814,0.0
2023-07-03,INTC,Tech,0.0,-0.44993133597686036,0.05387217111884922,0.056612420340496475,1.0508657654728988,-0.4728174377915674,0.0
2023-07-03,KO,Consumer,0.2,-0.938510313218829,0.020705317768647608,0.03782708622577285,1.8269261379340602,-1.7145890219401605,0.2919051842308957
2023-07-03,MMM,Industrials,2.0319428168588233e-20,0.08249541088920768,0.04174988386164576,0.039450657818551664,0.9449285643353292,0.07795227017579211,1.4517503323259102e-20
2023-07-03,MRK,Healthcare,0.1838311294226137,-0.34223122549830853,0.02811896507005845,0.02811896507005845,1.0,-0.34223122549830853,0.1874768517383029
2023-07-03,MS,Financials,1.266893447966807e-18,0.7769228852170169,0.03427388811991123,0.036125531017147695,1.0540248859644483,0.8188960554940364,1.9761182018759266e-19
2023-07-03,NEE,Utilities,1.4212947853723589e-18,1.3361907559343476,0.03587447199663273,0.03334517883196628,0.9294960169754175,1.2419839855603483,0.0
2023-07-03,NEM,Materials,8.483872637133557e-18,-0.25854331875040953,0.05175620669246224,0.048824106472472026,0.9433478531876788,-0.24389628469921656,6.09415717497136e-18
2023-07-03,NKE,Consumer,0.0,0.7265080226895819,0.0469558275688442,0.03782708622577285,0.8055887455143398,0.5852666866046038,0.0
2023-07-03,NUE,Materials,0.0,-0.5751989422207661,0.058951531070847815,0.048824106472472026,0.8282076069202566,-0.47638413943972363,0.0
2023-07-03,NVDA,Tech,0.0,1.3400781245367113,0.06802992636622972,0.056612420340496475,0.8321693608152877,1.1151719563382645,-0.0
2023-07-03,O,RealEstate,0.1292949993171208,-0.39992474931996447,0.02909334421676916,0.035898092849798294,1.2338936556185567,-0.49346461091074584,0.1292949993171208
2023-07-03,OXY,Energy,0.0053145157232981,0.18082884926321205,0.05050210330861046,0.04894476083272871,0.9691628194896146,0.1752525973969971,0.004224836107139191
2023-07-03,PLD,RealEstate,0.0,-0.42268804195970067,0.03734470650320745,0.035898092849798294,0.9612632207114838,-0.4063144685704127,0.0
2023-07-03,PSA,RealEstate,9.977783117452089e-19,-0.33597603335682613,0.035898092849798294,0.035898092849798294,1.0,-0.33597603335682613,8.925607619734216e-19
2023-07-03,QCOM,Tech,1.4077842896815674e-18,0.8206413124609346,0.04782963677438548,0.056612420340496475,1.183626390631812,0.9713327146714892,1.226390949804538e-19
2023-07-03,SBUX,Consumer,0.0,-0.3086428805070495,0.03782708622577285,0.03782708622577285,1.0,-0.3086428805070495,0.0
2023-07-03,SHW,Materials,2.0320055403427096e-18,-0.26461987343284166,0.048824106472472026,0.048824106472472026,1.0,-0.26461987343284166,1.4839532878821665e-18
2023-07-03,SLB,Energy,3.59564549852899e-18,0.9300925205166554,0.05497126316850169,0.04894476083272871,0.8903699498899974,0.8281264308854758,5.956774726423671e-19
2023-07-03,SO,Utilities,2.8494094719979512e-18,1.1063435723119073,0.029804146988018716,0.03334517883196628,1.1188100382598118,1.237788294466782,0.0
2023-07-03,T,Comm,0.0452617099438949,-0.24896851855477706,0.03996833665976819,0.03946114467620179,0.9873101553391154,-0.24580914672886636,0.0386661541126634
2023-07-03,TMUS,Comm,0.0321774633098558,-0.16434451070753767,0.0329891749430702,0.03946114467620179,1.1961846497919497,-0.19658638098592526,0.026402458256770844
2023-07-03,TTWO,Comm,0.0014995209018293,-0.2869073748797611,0.04879139175599369,0.03946114467620179,0.808772680097904,-0.23204284652135845,0.0012668547978557172
2023-07-03,UPS,Industrials,0.0,1.0650465963625209,0.039450657818551664,0.039450657818551664,1.0,1.0650465963625209,-0.0
2023-07-03,USB,Financials,8.233315560760999e-19,-0.2601032105664582,0.05726232347086068,0.036125531017147695,0.6308778412655757,-0.1640933519884126,8.25481774223468e-19
2023-07-03,V,Financials,2.1946358662155353e-18,-0.5155337603674254,0.027291966754960886,0.036125531017147695,1.3236690247169938,-0.6823960697942343,3.180062359878984e-18
2023-07-03,WFC,Financials,5.313411178005869e-18,-0.21170967316832173,0.04274727861380131,0.036125531017147695,0.8450954584389443,-0.17891488330214192,5.395116093974266e-18
2023-07-03,WMT,Consumer,0.1442980520303212,0.24657594217125248,0.0287267395284024,0.03782708622577285,1.31679010033049,0.32468875963076865,0.052392867799425515
2023-07-03,XOM,Energy,0.0078007526858732,-0.8218379454626402,0.03819647288071196,0.04894476083272871,1.281394776569653,-1.0530988505025625,0.015437308475845242
2023-08-01,ABBV,Healthcare,0.0904323810300926,-0.4029817912027408,0.03403290485992811,0.027154240760094914,0.7978819578245157,-0.321531900532473,0.146160413328719
2023-08-01,ABT,Healthcare,2.5191593804682818e-18,1.0882997645270733,0.029198152589627487,0.027154240760094914,0.9299985907238986,1.0121172472953288,0.0
2023-08-01,ADBE,Tech,0.0,2.020837149524917,0.056604987778982666,0.056604987778982666,1.0,2.020837149524917,-0.0
2023-08-01,AEP,Utilities,0.0,-0.1798150125711547,0.03197663359106191,0.03197663359106191,1.0,-0.1798150125711547,0.0
2023-08-01,AMD,Tech,1.1266372151822116e-18,1.826654395391044,0.06979259393579391,0.056604987778982666,0.8110457655586887,1.4815003125210728,0.0
2023-08-01,AMGN,Healthcare,0.0172040809739242,-0.2839401705556181,0.027154240760094914,0.027154240760094914,1.0,-0.2839401705556181,0.027014965081167856
2023-08-01,AMT,RealEstate,1.514967804375525e-18,-1.565052584408085,0.03559383451913177,0.035937561878586766,1.009656935368125,-1.580166196063431,2.6070898331686867e-18
2023-08-01,BA,Industrials,0.0,0.0,0.050236694105119536,0.03910024221512821,0.7783203674451892,0.0,0.0
2023-08-01,CAT,Industrials,0.0,0.2404886045150638,0.03910024221512821,0.03910024221512821,1.0,0.2404886045150638,0.0
2023-08-01,CCI,RealEstate,2.6898233896444925e-19,-0.14231928752459583,0.04157157359326329,0.035937561878586766,0.8644744177884687,-0.12303138322289466,2.0147472426995167e-19
2023-08-01,CMCSA,Comm,2.7668825004173813e-18,-0.1460103525273058,0.03443417084590458,0.03443417084590458,1.0,-0.1460103525273058,3.7103484960471694e-18
2023-08-01,COP,Energy,0.0,0.6227229599854627,0.046305701408872794,0.046305701408872794,1.0,0.6227229599854627,0.0
2023-08-01,CVX,Energy,0.0136941854473472,1.481142321538383,0.035962025380405764,0.046305701408872794,1.2876277384004873,1.9071599377317154,0.0
2023-08-01,D,Utilities,0.0,1.259435056778308,0.03894520573991249,0.03197663359106191,0.8210672657531007,1.0340808984625665,-0.0
2023-08-01,DD,Materials,0.0,-0.23093485160784566,0.03516437380892618,0.043604936963721655,1.2400316638839992,-0.2863665282880813,0.0
2023-08-01,DIS,Consumer,0.0,0.28526136455515977,0.048106360859198095,0.03780660943192008,0.7858962672852302,0.22418584160459135,0.0
2023-08-01,DOW,Materials,0.0,-0.04458732250897955,0.03294123958977098,0.043604936963721655,1.3237187642829933,-0.0590210754542737,0.0
2023-08-01,DUK,Utilities,4.241177362236274e-18,-0.4750388860064321,0.029202420720390237,0.03197663359106191,1.0949994145086273,-0.5201673020458737,4.241177362236274e-18
2023-08-01,EA,Comm,0.1156112467647196,0.2870698548095676,0.028687367773149484,0.03443417084590458,1.2003252134597702,0.3445771847521594,0.08866599359105513
2023-08-01,GE,Industrials,0.0,-0.3375548677166848,0.03282731081380707,0.03910024221512821,1.1910887991069545,-0.402057822021373,0.0
2023-08-01,GILD,Healthcare,5.147502615798375e-18,-0.31005839063953977,0.026691280108385566,0.027154240760094914,1.0173450149198315,-0.31543635805120157,8.281224591382556e-18
2023-08-01,GS,Financials,2.6415216242237445e-18,0.8018162816915426,0.03572845602007438,0.03572845602007438,1.0,0.8018162816915426,3.71097416025681e-18
2023-08-01,INTC,Tech,0.0,1.2020021338572096,0.05387217111884922,0.056604987778982666,1.0507277988500683,1.2629770563208709,-0.0
2023-08-01,KO,Consumer,0.2,0.29536367380812995,0.020340113648084267,0.03780660943192008,1.85872164167976,0.5489988526732125,0.12625570385932017
2023-08-01,MMM,Industrials,0.0,-0.1846440683527203,0.04174988386164576,0.03910024221512821,0.9365353528815036,-0.17292569771219138,0.0
2023-08-01,MRK,Healthcare,0.1655995247391419,0.5036767461582784,0.02703253977437873,0.027154240760094914,1.0045020181874118,0.5059443080300594,0.10006060833327186
2023-08-01,MS,Financials,0.0,1.5219637103360302,0.0344972006903762,0.03572845602007438,1.035691456264788,1.5762848115400832,-0.0
2023-08-01,NEE,Utilities,0.0,1.0053815480333,0.03616186410298808,0.03197663359106191,0.8842639721224897,0.8890226811625835,0.0
2023-08-01,NEM,Materials,0.0,-0.23240384903192726,0.043604936963721655,0.043604936963721655,1.0,-0.23240384903192726,0.0
2023-08-01,NKE,Consumer,0.0,0.3940268407664722,0.04638836809020192,0.03780660943192008,0.8150019280351777,0.3211326349222848,0.0
2023-08-01,NUE,Materials,0.0,-0.6320240952847294,0.0561830434294505,0.043604936963721655,0.7761227285324392,-0.49052826533063054,0.0
2023-08-01,NVDA,Tech,9.898073770778588e-19,0.028941982946902797,0.06802992636622972,0.056604987778982666,0.8320601065222021,0.024081469413763698,2.1164445922600705e-18
2023-08-01,O,RealEstate,0.1314243426864664,-0.4101960810056153,0.02952289147672811,0.035937561878586766,1.2172778505423536,-0.4993226037874125,0.1314243426864664
2023-08-01,OXY,Energy,0.013291745376502,0.6963205916141696,0.05037213343816679,0.046305701408872794,0.9192721897656836,0.640108155032094,0.012371535473212493
2023-08-01,PLD,RealEstate,0.0,-0.3962213699202527,0.0374525877711526,0.035937561878586766,0.9595481652209686,-0.3801934885283172,0.0
2023-08-01,PSA,RealEstate,0.0,-0.39212078975449555,0.035937561878586766,0.035937561878586766,1.0,-0.39212078975449555,0.0
2023-08-01,QCOM,Tech,0.0,0.38611100776566,0.04701816190857043,0.056604987778982666,1.20389622820761,0.46483758591851726,0.0
2023-08-01,SBUX,Consumer,1.0978949689204876e-19,0.7784343569567457,0.03780660943192008,0.03780660943192008,1.0,0.7784343569567457,3.404917374685393e-20
2023-08-01,SHW,Materials,0.0,-0.4036327480087174,0.044022233196556966,0.043604936963721655,0.990520784555111,-0.3998066262297302,0.0
2023-08-01,SLB,Energy,1.248999458937675e-18,1.7931091083848578,0.05314897177577471,0.046305701408872794,0.8712435981683266,1.5622348314976235,0.0
2023-08-01,SO,Utilities,0.0,0.6282915221616274,0.02895760127595589,0.03197663359106191,1.1042569889106384,0.6937953044202804,0.0
2023-08-01,T,Comm,0.0271769514069223,-0.709805410830159,0.04050796836628607,0.03443417084590458,0.8500591916765546,-0.6033766137779297,0.05098844037645181
2023-08-01,TMUS,Comm,0.0538715072824753,0.10640462502454533,0.032297874029580474,0.03443417084590458,1.0661435738577576,0.11344260719866334,0.05588579430368916
2023-08-01,TTWO,Comm,0.0025881011917356,-0.3177644413530699,0.04879139175599369,0.03443417084590458,0.7057427469605759,-0.22425994972690838,0.0037075783746567128
2023-08-01,UPS,Industrials,2.851585795142811e-18,0.47918510262090996,0.03887559690793319,0.03910024221512821,1.005778568692515,0.4819541066528347,2.851585795142811e-18
2023-08-01,USB,Financials,0.0,0.8257164453365852,0.05667163495398479,0.03572845602007438,0.6304468902138526,0.5205703651608867,0.0
2023-08-01,V,Financials,0.0184200494518225,0.6561126799539215,0.027291966754960886,0.03572845602007438,1.309119871823821,0.8589301474832615,0.01842004945182245
2023-08-01,WFC,Financials,8.046438860653434e-18,-0.08731158984903847,0.04274727861380131,0.03572845602007438,0.8358065630998824,-0.07297559983051143,6.120111709895433e-17
2023-08-01,WMT,Consumer,0.1445059860530861,-0.051513266578356184,0.024649199919754006,0.03780660943192008,1.5337864740032254,-0.07901035150960513,0.218250282193766
2023-08-01,XOM,Energy,0.0061798975957637,-0.25354255640516576,0.038998661159077914,0.046305701408872794,1.1873664385551344,-0.30104792222096594,0.02079429294640041
2023-09-01,ABBV,Healthcare,0.0809658054042958,-0.6845239501052565,0.032017616723075674,0.027284190638897667,0.8521618231263747,-0.5833251772953629,0.179090449330922
2023-09-01,ABT,Healthcare,3.934895046177862e-18,0.7355112382618408,0.0280482620331324,0.027284190638897667,0.9727586902414074,0.715474948789424,1.5640633201520822e-18
2023-09-01,ADBE,Tech,9.686213013658399e-19,1.5779018183594544,0.05504036823859344,0.05504036823859344,1.0,1.5779018183594544,0.0
2023-09-01,AEP,Utilities,5.534093250593981e-18,0.18773769602010304,0.03227643481108373,0.03227643481108373,1.0,0.18773769602010304,3.8555936195240935e-18
2023-09-01,AMD,Tech,1.1183191077463509e-18,-2.771832443690335,0.07184024921372692,0.05504036823859344,0.7661494613534354,-2.123637933695327,2.2691555216288762e-18
2023-09-01,AMGN,Healthcare,0.0406780534089493,-0.6061083503830959,0.027073084731863546,0.027284190638897667,1.007797630344859,-0.6108345592483155,0.09154018138704632
2023-09-01,AMT,RealEstate,0.0,0.9515500338913426,0.03639479396949836,0.0370795143913967,1.0188136913887242,0.9694522025699044,0.0
2023-09-01,BA,Industrials,2.3563379486882933e-19,0.0,0.051257445806771766,0.03667437303854752,0.7154935729103842,0.0,9.148882348022174e-19
2023-09-01,CAT,Industrials,0.0,-0.32893340420672457,0.03574238107029058,0.03667437303854752,1.0260752624852858,-0.3375104290615935,0.0
2023-09-01,CCI,RealEstate,0.0,-0.3573597925929243,0.04157157359326329,0.0370795143913967,0.8919439700354636,-0.31874491213638273,0.0
2023-09-01,CMCSA,Comm,0.0,-0.453059588135753,0.03202727518036272,0.03249812659384713,1.0147015757922833,-0.4597202780091514,0.0
2023-09-01,COP,Energy,0.0,0.3790408959345302,0.04597534850988055,0.04552223754454683,0.9901444800307204,0.37530525081547383,0.0
2023-09-01,CVX,Energy,2.5389847491027754e-18,0.9314082932157436,0.036118906272471024,0.04552223754454683,1.2603437435546825,1.1738946150494076,0.0
2023-09-01,D,Utilities,8.153119123504279e-18,-0.007803700673441675,0.03930375609868816,0.03227643481108373,0.8212048418487163,-0.006408436777368392,7.037955848059831e-18
2023-09-01,DD,Materials,0.0,2.2494405738364143,0.032311450851806874,0.04246191628214729,1.314144526561016,2.956090017931395,-0.0
2023-09-01,DIS,Consumer,1.1990142630190098e-18,-0.567237890441929,0.04842851275171901,0.036748386590975485,0.7588171616868632,-0.4304298460263884,1.9872235278492076e-18
2023-09-01,DOW,Materials,0.0,1.160331445656504,0.03323769790120127,0.04246191628214729,1.277522781763193,1.482349856222404,-0.0
2023-09-01,DUK,Utilities,7.560196060426267e-18,-0.4110609830161396,0.02922341334279495,0.03227643481108373,1.104471761476881,-0.45400524798625397,9.428606560775611e-18
2023-09-01,EA,Comm,0.0798693483095864,-1.5396195435579976,0.03249812659384713,0.03249812659384713,1.0,-1.5396195435579976,0.12296171158434478
2023-09-01,GE,Industrials,4.333036167859921e-18,0.8337365164640178,0.03098604187381428,0.03667437303854752,1.1835772115682948,0.9867915413391459,2.222157926353273e-19
2023-09-01,GILD,Healthcare,4.026374604481326e-18,-0.6155466680597315,0.026771263380591787,0.027284190638897667,1.0191596209343536,-0.6273403088871603,9.153627350863408e-18
2023-09-01,GS,Financials,0.0,0.17854854551570298,0.03535685205594522,0.03535685205594522,1.0,0.17854854551570298,0.0
2023-09-01,INTC,Tech,7.212876807675845e-19,-0.2761912055832533,0.04963832649340914,0.05504036823859344,1.108828039275288,-0.30624855295195674,6.120292320679462e-19
2023-09-01,KO,Consumer,0.1999999999999999,1.934036988728381,0.01957072299793555,0.036748386590975485,1.8777224834694124,3.6315847375967594,0.0
2023-09-01,MMM,Industrials,0.0,-0.7033814643527113,0.03667437303854752,0.03667437303854752,1.0,-0.7033814643527113,0.0
2023-09-01,MRK,Healthcare,0.151080345147843,0.9900807343145529,0.027284190638897667,0.027284190638897667,1.0,0.9900807343145529,0.002093573243119772
2023-09-01,MS,Financials,0.0,-0.38158792793652085,0.03378734286575184,0.03535685205594522,1.046452578305123,-0.3993136710392817,0.0
2023-09-01,NEE,Utilities,5.4460018240795345e-18,-0.4099695004316726,0.036357545346815304,0.03227643481108373,0.8877506581700776,-0.36395069383787526,6.371254230244526e-18
2023-09-01,NEM,Materials,0.0,-0.1131564906375525,0.04287711868636303,0.04246191628214729,0.9903164574267954,-0.11206073494302933,0.0
2023-09-01,NKE,Consumer,0.0,-0.07124742574513891,0.04466322791204721,0.036748386590975485,0.8227884169801167,-0.05862155664275126,0.0
2023-09-01,NUE,Materials,2.9604150477338796e-19,-0.5334479801473127,0.0561830434294505,0.04246191628214729,0.7557781439068366,-0.403168324306587,2.9604150477338796e-19
2023-09-01,NVDA,Tech,0.0,1.4205308513097517,0.0633278380601021,0.05504036823859344,0.8691338584203154,1.2346314598039398,-0.0
2023-09-01,O,RealEstate,0.109895656811432,0.8953258288111038,0.030019885824662453,0.0370795143913967,1.2351650705125101,1.1058751904751385,0.0
2023-09-01,OXY,Energy,0.0188355212346116,-0.45894400515017125,0.04552223754454683,0.04552223754454683,1.0,-0.45894400515017125,0.0309710737201873
2023-09-01,PLD,RealEstate,0.0,1.841599042881584,0.037360644624838776,0.0370795143913967,0.9924752306534034,1.827741434854987,-0.0
2023-09-01,PSA,RealEstate,6.177838290507249e-18,-0.33823343690394886,0.0370795143913967,0.0370795143913967,1.0,-0.33823343690394886,0.109895656811432
2023-09-01,QCOM,Tech,1.6835171088484698e-18,-0.4170561149523819,0.048558720278504656,0.05504036823859344,1.133480617341516,-0.47272502264228006,1.610560445031422e-18
2023-09-01,SBUX,Consumer,0.0,-1.4923857200442294,0.036748386590975485,0.036748386590975485,1.0,-1.4923857200442294,0.0
2023-09-01,SHW,Materials,0.0,-1.2041709494536361,0.04246191628214729,0.04246191628214729,1.0,-1.2041709494536361,0.0
2023-09-01,SLB,Energy,0.0,-0.2621510784758284,0.0524699657789771,0.04552223754454683,0.8675865682151067,-0.2274387545287331,0.0
2023-09-01,SO,Utilities,0.0,-0.4586697921564495,0.029911252920225357,0.03227643481108373,1.079073313885126,-0.49493833260126197,0.0
2023-09-01,T,Comm,0.0335998271689154,-0.37697004450669575,0.04050796836628607,0.03249812659384713,0.8022650333877184,-0.30242988534233395,0.026528487807945596
2023-09-01,TMUS,Comm,0.0368125490267998,0.6866527306097554,0.03187797138480482,0.03249812659384713,1.0194540361918363,0.7000108976822608,0.006694566614105276
2023-09-01,TTWO,Comm,0.015573008166422,-0.03547760358128023,0.0474274261559116,0.03249812659384713,0.6852180105033256,-0.0243098929433905,0.00966996666532794
2023-09-01,UPS,Industrials,9.123854517530244e-18,0.6793371671840369,0.038592270024205386,0.03667437303854752,0.950303597470298,0.6455765538702716,1.255542045282145e-17
2023-09-01,USB,Financials,6.041701087629906e-19,-0.37583679618158533,0.05667163495398479,0.03535685205594522,0.6238897481015615,-0.2344807240970272,6.454891734318625e-19
2023-09-01,V,Financials,0.0277044712619202,-0.11304753261069081,0.025710970474839296,0.03535685205594522,1.375165985684802,-0.1554591216118154,0.027704471261920206
2023-09-01,WFC,Financials,1.800372019097026e-18,-0.44276514014731494,0.04240852040223411,0.03535685205594522,0.833720481653083,-0.3691423659028142,2.133321343548017e-18
2023-09-01,WMT,Consumer,0.1928498615736482,-0.46207869573552285,0.02239800955313017,0.036748386590975485,1.6406987640488715,-0.7581319449865869,0.39284986157364815
2023-09-01,XOM,Energy,0.0121355524855757,1.1150741810283848,0.03702561911094408,0.04552223754454683,1.2294794425487758,1.3709607824913113,0.0
2023-10-02,ABBV,Healthcare,0.0731025917579709,-0.4314464151319523,0.03162297666400689,0.026863286554174803,0.8494863351921724,-0.3665078340222428,0.08318921856099368
2023-10-02,ABT,Healthcare,3.3983296183528872e-18,-0.5763382521935642,0.026863286554174803,0.026863286554174803,1.0,-0.5763382521935642,4.461049677622788e-18
2023-10-02,ADBE,Tech,2.227141405636594e-18,-0.7994914513249284,0.04358783365086153,0.049445179837463445,1.134380300556326,-0.9069273528461855,2.914568571167051e-18
2023-10-02,AEP,Utilities,0.0,0.34811476640402994,0.031765745467843866,0.031765745467843866,1.0,0.34811476640402994,0.0
2023-10-02,AMD,Tech,9.454302042281352e-19,0.7400003610308257,0.0676589209892056,0.049445179837463445,0.7308005967956834,0.5407927054703486,2.979412174919533e-19
2023-10-02,AMGN,Healthcare,0.0457320886127077,0.7381382157034405,0.02341276982848915,0.026863286554174803,1.1473775529748298,0.8469232196910207,0.005829784480784515
2023-10-02,AMT,RealEstate,2.25735337217336e-18,-2.4628775193226167,0.036111201730780015,0.03630236186354479,1.0052936519307758,-2.475915135658043,5.451894635490908e-18
2023-10-02,BA,Industrials,1.278974684352059e-18,0.0,0.04600487385712525,0.03485658367902566,0.7576715412214322,0.0,1.362652542594842e-18
2023-10-02,CAT,Industrials,3.369862832283495e-18,-0.12376245602652983,0.032362614147616535,0.03485658367902566,1.0770632903767696,-0.13329999811304447,4.06893070995716e-18
2023-10-02,CCI,RealEstate,1.6253113091411145e-18,-0.40912893388586163,0.04127536547988653,0.03630236186354479,0.8795164244211215,-0.35983561705851846,1.5356834668290838e-18
2023-10-02,CMCSA,Comm,0.0,-0.4375277876016978,0.026642244202856102,0.030979091981180266,1.1627808733116876,-0.5087489429656327,0.0
2023-10-02,COP,Energy,1.633332006875842e-19,1.5575679522698294,0.04176414859577378,0.04176414859577378,1.0,1.5575679522698294,0.0
2023-10-02,CVX,Energy,0.0300607452236682,1.7254106548838135,0.03287254926401472,0.04176414859577378,1.270487063852167,2.192111916862581,0.0
2023-10-02,D,Utilities,0.0,3.355641642948376,0.039954549696747124,0.031765745467843866,0.7950470148942776,2.667892871281036,-0.0
2023-10-02,DD,Materials,0.0,-0.18711212871701235,0.03013084465425786,0.040218252282678314,1.3347867523851502,-0.24975479062205314,0.0
2023-10-02,DIS,Consumer,2.4759433289350474e-19,0.9269921419305531,0.048155177292869715,0.034578535403123785,0.7180647512275651,0.6656403817852703,3.6671431336648463e-19
2023-10-02,DOW,Materials,0.0,-0.11091671410330889,0.030698529019108037,0.040218252282678314,1.3101035641689804,-0.1453123824726568,0.0
2023-10-02,DUK,Utilities,1.509558851133808e-18,0.9038305397577181,0.02809222238231077,0.031765745467843866,1.130766552946208,1.0220213438893455,0.0
2023-10-02,EA,Comm,0.0833758228537111,-0.3908583160610435,0.030979091981180266,0.030979091981180266,1.0,-0.3908583160610435,0.16220441598106383
2023-10-02,GE,Industrials,0.0033705142306755,0.048031932030974854,0.027263992301176137,0.03485658367902566,1.2784842107486212,0.061408066713352305,0.0033705142306754993
2023-10-02,GILD,Healthcare,3.672296300424471e-18,0.7057271572531113,0.025160340273933664,0.026863286554174803,1.0676837539437178,0.7534934205160304,7.538559639675797e-19
2023-10-02,GS,Financials,3.147402130095971e-18,-1.1858850037706368,0.03290679885647703,0.03290679885647703,1.0,-1.1858850037706368,3.640958031088372e-18
2023-10-02,INTC,Tech,4.762696686385822e-19,-0.325460621442534,0.04804158592676941,0.049445179837463445,1.0292162276414762,-0.3349693530469354,4.363314898443066e-19
2023-10-02,KO,Consumer,0.2,0.2878980915083904,0.01733420953760732,0.034578535403123785,1.9948146656531498,0.5743033351544897,0.3771408573788927
2023-10-02,MMM,Industrials,0.0,-0.38417335729271207,0.0373777480333716,0.03485658367902566,0.9325490569390378,-0.35826050204442267,0.0
2023-10-02,MRK,Healthcare,0.1314773404803929,-0.4803958624539721,0.027275544986705345,0.026863286554174803,0.9848854190546336,-0.47313488030509243,0.1612930178092933
2023-10-02,MS,Financials,5.118774781641763e-18,-0.5407413308260901,0.032114393234615464,0.03290679885647703,1.0246744696707346,-0.5540838363932712,4.2099466568530116e-18
2023-10-02,NEE,Utilities,4.580064140086765e-18,-0.6632924797231974,0.04272896658668997,0.031765745467843866,0.7434241453838217,-0.4931076448777339,6.070165008985044e-18
2023-10-02,NEM,Materials,0.0,-0.026124594943336542,0.04446188205906089,0.040218252282678314,0.9045557772218109,-0.023631153283574777,0.0
2023-10-02,NKE,Consumer,8.006192096506368e-19,0.8277956882479306,0.040757849760242916,0.034578535403123785,0.8483895889143122,0.702293243657702,1.0558155105376706e-18
2023-10-02,NUE,Materials,9.57294972864262e-20,-0.3449542980742401,0.05039911388091868,0.040218252282678314,0.7979952262197434,-0.275271883127226,8.47261109946335e-20
2023-10-02,NVDA,Tech,0.0,1.8152655144443943,0.055832687231326644,0.049445179837463445,0.8855955586124952,1.6075910772943818,-0.0
2023-10-02,O,RealEstate,0.0888101332229273,-0.3462515155500305,0.028619620556982195,0.03630236186354479,1.2684431574229336,-0.43920036564675663,0.0888101332229273
2023-10-02,OXY,Energy,0.0150111929029191,-0.4007406518137829,0.04355314553671744,0.04176414859577378,0.9589238178116102,-0.38427975578958584,0.045071938126587295
2023-10-02,PLD,RealEstate,1.0358258334798691e-18,1.4316959426300433,0.03694614456678462,0.03630236186354479,0.9825751046343655,1.4067487906343112,0.0
2023-10-02,PSA,RealEstate,0.0,-0.5223264719759659,0.03630236186354479,0.03630236186354479,1.0,-0.5223264719759659,0.0
2023-10-02,QCOM,Tech,0.0,-0.4758203422769588,0.049445179837463445,0.049445179837463445,1.0,-0.4758203422769588,0.0
2023-10-02,SBUX,Consumer,0.0,-0.30302864510953453,0.034578535403123785,0.034578535403123785,1.0,-0.30302864510953453,0.0
2023-10-02,SHW,Materials,1.372857637647956e-18,-0.4524402114057747,0.040218252282678314,0.040218252282678314,1.0,-0.4524402114057747,1.3838610239397489e-18
2023-10-02,SLB,Energy,6.328039139477432e-18,0.18108429684434796,0.048904755038743176,0.04176414859577378,0.8539895264312747,0.1546440929062451,1.16031500425666e-17
2023-10-02,SO,Utilities,1.8037800276487975e-18,-0.12965792097052664,0.029687783179759765,0.031765745467843866,1.0699938515281529,-0.13873317824038667,1.8232380098843266e-18
2023-10-02,T,Comm,0.0288732147869952,1.670177990469724,0.03974072609552974,0.030979091981180266,0.7795300948128617,1.301954007265219,0.0
2023-10-02,TMUS,Comm,0.0630517869456135,1.7881776061415762,0.029501937348029632,0.030979091981180266,1.0500697501904663,1.877711212177271,0.0
2023-10-02,TTWO,Comm,0.016237423970771,-0.4403568094913644,0.04679040304053956,0.030979091981180266,0.6620821785685357,-0.29155239577553216,0.029333832576026984
2023-10-02,UPS,Industrials,0.0,1.5742735715528708,0.03485658367902566,0.03485658367902566,1.0,1.5742735715528708,-0.0
2023-10-02,USB,Financials,5.0868343630301104e-20,-2.5987721915510824,0.056668389664034646,0.03290679885647703,0.5806905587324598,-1.509082475930177,6.754584848804612e-20
2023-10-02,V,Financials,0.0437562876327544,-0.6596341274908245,0.024400950336234375,0.03290679885647703,1.34858677236074,-0.8895738589318439,0.0437562876327544
2023-10-02,WFC,Financials,0.0,0.24816568018832683,0.04053047705494733,0.03290679885647703,0.8119025791841816,0.20148635580989932,0.0
2023-10-02,WMT,Consumer,0.1771408573788927,1.1788651001909805,0.02133210933326446,0.034578535403123785,1.6209618497127878,1.9108953533674227,0.0
2023-10-02,XOM,Energy,0.0,0.37219664710828254,0.03482643555864102,0.04176414859577378,1.1992082429868824,0.44634128722433225,0.0
2023-11-01,ABBV,Healthcare,0.0761351045187695,1.1976800242781818,0.029091009156292744,0.02531945080040812,0.8703531274689799,1.0424045548376393,0.0
2023-11-01,ABT,Healthcare,0.0,2.352225754583533,0.02505467651815118,0.02531945080040812,1.0105678587414657,2.377083744086009,-0.0
2023-11-01,ADBE,Tech,0.0,-1.0957645442474546,0.04367710175176443,0.047919883296887684,1.097139722530968,-1.202206808034925,0.0
2023-11-01,AEP,Utilities,1.1715317536874184e-17,-0.15046241392717746,0.02858528453211093,0.02858528453211093,1.0,-0.15046241392717746,1.1547389684916107e-17
2023-11-01,AMD,Tech,0.0,0.7940581121863471,0.05997574067181284,0.047919883296887684,0.7989877700569837,0.6344427203514277,0.0
2023-11-01,AMGN,Healthcare,0.0327325134901911,0.7590971156873201,0.025065836674194743,0.02531945080040812,1.0101179198408514,0.7667775994552659,0.009570552361277263
2023-11-01,AMT,RealEstate,0.0,-0.36923337619384144,0.032837228885841695,0.0365680179371651,1.1136146129837403,-0.41118368333078453,0.0
2023-11-01,BA,Industrials,0.0,0.9665668580180091,0.038989304720962105,0.03700257864111146,0.9490443316681534,0.9173147977802883,0.0
2023-11-01,CAT,Industrials,1.5404163868653174e-18,0.38613955232842706,0.03757406344024332,0.03700257864111146,0.984790444609731,0.38026654141891414,0.0004504064407650835
2023-11-01,CCI,RealEstate,0.0,-0.38547164221846597,0.0402101938308355,0.0365680179371651,0.9094215782944728,-0.35055622925407964,0.0
2023-11-01,CMCSA,Comm,0.000212459791618,0.1373601534109092,0.02981125263404247,0.030979091981180266,1.0391744473630136,0.14274116151048033,0.0001531189313953173
2023-11-01,COP,Energy,2.614399972286395e-19,0.8563673792436606,0.04156150920272653,0.04156150920272653,1.0,0.8563673792436606,0.0004352167117161379
2023-11-01,CVX,Energy,0.0470944857284586,1.1310595745758552,0.037179638136705544,0.04156150920272653,1.1178567432504136,1.2643625724575638,0.0
2023-11-01,D,Utilities,5.5458102530316265e-18,-0.1335565350984045,0.03853824343613231,0.02858528453211093,0.7417381277245817,-0.09906397428927294,5.2221014167849045e-18
2023-11-01,DD,Materials,0.0186762634937749,-0.22168583221108054,0.03003551355294726,0.03876031203952371,1.2904827470719347,-0.28608174173868317,0.0186762634937749
2023-11-01,DIS,Consumer,1.8624773905625593e-19,0.9945513566532524,0.04814027871447579,0.030154356845464594,0.6263851737193448,0.6229722243100575,1.5421079476895706e-19
2023-11-01,DOW,Materials,5.604943870760521e-18,-0.3544721736763648,0.03128663806425143,0.03876031203952371,1.2388775029111168,-0.4391476013756505,6.2720286476854005e-18
2023-11-01,DUK,Utilities,2.462224231151514e-18,-0.20035696954814017,0.02291232208702471,0.02858528453211093,1.2475943915042478,-0.24996423150704702,2.636832297233572e-18
2023-11-01,EA,Comm,0.0672573780323407,-0.3301590369266246,0.030979091981180266,0.030979091981180266,1.0,-0.3301590369266246,0.07521139933563557
2023-11-01,GE,Industrials,0.0082236466016232,1.0193074598652319,0.0267815522444309,0.03700257864111146,1.3816442864623717,1.4083203280712708,0.0
2023-11-01,GILD,Healthcare,1.221780320745077e-18,0.06312999978337562,0.02531945080040812,0.02531945080040812,1.0,0.06312999978337562,1.4350262489177196e-18
2023-11-01,GS,Financials,0.005222751633386,0.5369517147661343,0.034229025717743625,0.034229025717743625,1.0,0.5369517147661343,0.003140728850010468
2023-11-01,INTC,Tech,4.412792263972214e-19,0.21659076880560915,0.04782357208691711,0.047919883296887684,1.0020138857422765,0.21702695786681547,5.204232765828825e-19
2023-11-01,KO,Consumer,0.1778942176170603,0.025679746884020218,0.0193026539418295,0.030154356845464594,1.5621870928390365,0.04011656912958985,0.374999550374725
2023-11-01,MMM,Industrials,7.631760387283369e-19,2.2554184846210243,0.03700257864111146,0.03700257864111146,1.0,2.2554184846210243,0.0
2023-11-01,MRK,Healthcare,0.1220774325978548,-0.4943983715395736,0.028038448734129476,0.02531945080040812,0.903026092509473,-0.4464546295944278,0.22137449824553812
2023-11-01,MS,Financials,5.593239441185222e-18,0.37358383781933174,0.03354757433491944,0.034229025717743625,1.020312985255535,0.381172440808662,4.495084374879921e-18
2023-11-01,NEE,Utilities,1.751459272477319e-19,2.250399788620688,0.04464882621026112,0.02858528453211093,0.640224770915512,1.4407616891379966,0.0
2023-11-01,NEM,Materials,0.0,-0.21956006762603858,0.04431009548067772,0.03876031203952371,0.8747512642220755,-0.19206044672856165,0.0
2023-11-01,NKE,Consumer,0.0,-0.06080438279398105,0.0323595627465935,0.030154356845464594,0.9318530377435015,-0.05666074881468994,0.0
2023-11-01,NUE,Materials,6.951750399664817e-19,-0.19547276768685914,0.05074855094814889,0.03876031203952371,0.7637717987086198,-0.14929658737474458,6.212375738896998e-19
2023-11-01,NVDA,Tech,0.0040938210497785,0.36327950805911585,0.0517952507766901,0.047919883296887684,0.9251790961200156,0.3360986069050567,0.0040938210497785
2023-11-01,O,RealEstate,0.1008857496398476,-0.0416498440693806,0.028856167814058906,0.0365680179371651,1.2672513610538725,-0.05278082158460412,0.1008857496398476
2023-11-01,OXY,Energy,6.042335491917815e-19,3.0131562750969767,0.04301848249972361,0.04156150920272653,0.9661314576355304,2.9111050641430873,0.0
2023-11-01,PLD,RealEstate,0.0,-0.7249760945554794,0.0365680179371651,0.0365680179371651,1.0,-0.7249760945554794,0.0
2023-11-01,PSA,RealEstate,4.669829994267854e-18,0.06907880962825097,0.036957598396837765,0.0365680179371651,0.9894587181913314,0.0683506304289522,4.132526050023592e-18
2023-11-01,QCOM,Tech,1.8755481554225696e-19,-0.7802531688686538,0.047919883296887684,0.047919883296887684,1.0,-0.7802531688686538,5.029286851608234e-19
2023-11-01,SBUX,Consumer,0.0,1.5115707401562657,0.030154356845464594,0.030154356845464594,1.0,1.5115707401562657,-0.0
2023-11-01,SHW,Materials,0.0,-0.4468186026713181,0.03876031203952371,0.03876031203952371,1.0,-0.4468186026713181,0.0
2023-11-01,SLB,Energy,2.9433357105876466e-18,-0.1794599346848285,0.04901969021476834,0.04156150920272653,0.8478533630187068,-0.1521557091496493,0.03930351790120259
2023-11-01,SO,Utilities,2.0922221986572555e-18,-0.3846584674489558,0.02489017134834232,0.02858528453211093,1.1484567194036093,-0.4417636016172478,2.584396748027729e-18
2023-11-01,T,Comm,0.0410809988305479,3.2625662894153984,0.04006894984498069,0.030979091981180266,0.7731445945309924,2.5224354909605524,0.0
2023-11-01,TMUS,Comm,0.0618118189131368,-0.7701965508035145,0.02881242758505305,0.030979091981180266,1.0751989532895594,-0.8281145252511677,0.0949981373006125
2023-11-01,TTWO,Comm,4.331936564709276e-18,1.136846988295544,0.04604097206261127,0.030979091981180266,0.6728592076433941,0.7649379637563187,8.560610730423236e-19
2023-11-01,UPS,Industrials,1.0542680219318028e-17,-0.5498343557930502,0.03615332848344759,0.03700257864111146,1.0234902343238654,-0.5627500936499406,0.0077732401608581305
2023-11-01,USB,Financials,5.034180914306898e-19,-0.20252721131489532,0.05878250532065421,0.034229025717743625,0.5822995384600712,-0.11793150167426886,7.308845860879817e-19
2023-11-01,V,Financials,0.0394960253039467,0.13792631928582763,0.024926355195923924,0.034229025717743625,1.3732062087978638,0.18940127799993506,0.04157804808732223
2023-11-01,WFC,Financials,8.74050912172629e-19,0.13348532954749295,0.040619668785684945,0.034229025717743625,0.8426712167039262,0.11248424506191043,1.0074362916006277e-18
2023-11-01,WMT,Consumer,0.1971053327576647,0.9920521806094925,0.020463941992646124,0.030154356845464594,1.473536079036033,1.4618246804144581,0.0
2023-11-01,XOM,Energy,5.7197159669797874e-18,0.7771039028765028,0.036328695685213463,0.04156150920272653,1.1440407759985431,0.8890385520783307,0.00735575111553988
2023-12-01,ABBV,Healthcare,0.0874032531658438,0.0003421363407504167,0.029873216537035726,0.026559833780911927,0.8890851692513263,0.00030418834642311366,0.08181926731877047
2023-12-01,ABT,Healthcare,0.0204429167735737,3.4680492680261024,0.02492232406784887,0.026559833780911927,1.065704534962513,3.695915832408841,0.0
2023-12-01,ADBE,Tech,5.3763463165203135e-18,0.3118070546514798,0.041236688438718846,0.0477654371834969,1.1583237886446753,0.3611735288700394,5.173798992177481e-18
2023-12-01,AEP,Utilities,2.049885246416776e-18,-0.2861772895888909,0.02946466899021673,0.02946466899021673,1.0,-0.2861772895888909,1.9032871480933345e-18
2023-12-01,AMD,Tech,0.0090405971342296,-0.6329237185575418,0.05835644427203604,0.0477654371834969,0.8185117818493566,-0.5180555206512543,0.020673984408747827
2023-12-01,AMGN,Healthcare,0.010154868025425,1.2513777104609738,0.02607228261503775,0.026559833780911927,1.018699980092766,1.2747784487351252,0.0
2023-12-01,AMT,RealEstate,0.0,0.8442439638011534,0.0319216049614544,0.0319216049614544,1.0,0.8442439638011534,0.0
2023-12-01,BA,Industrials,2.933780500890674e-19,0.14997180738029095,0.03831581153787093,0.03636693418949191,0.9491364721205823,0.14234371217447686,0.011742621034668405
2023-12-01,CAT,Industrials,2.0714965362180547e-18,2.0697678018819805,0.03757406344024332,0.03636693418949191,0.9678733376103654,2.003273070485982,0.0
2023-12-01,CCI,RealEstate,1.3838226771614685e-18,-0.34633395656507393,0.039402398740754054,0.0319216049614544,0.8101436963642967,-0.2805802717481008,1.0192226169821965e-18
2023-12-01,CMCSA,Comm,0.0,0.6244550649052854,0.02981125263404247,0.02981125263404247,1.0,0.6244550649052854,0.0
2023-12-01,COP,Energy,0.0,-1.5047136528753933,0.03802937566298171,0.037620613655148974,0.9892514141842558,-1.4885401090493402,0.0
2023-12-01,CVX,Energy,0.0246951639183851,1.5068751781507714,0.035716738329117884,0.037620613655148974,1.053304848513532,1.5871989312508996,0.0
2023-12-01,D,Utilities,0.0,3.208930089913045,0.03264335871501818,0.02946466899021673,0.9026236928450921,2.8964563278390463,-0.0
2023-12-01,DD,Materials,0.0076030851437203,-0.06927338616077162,0.03427486521516592,0.037269326179144434,1.0873660901415747,-0.07532553106050571,0.007252002847913531
2023-12-01,DIS,Consumer,0.0,-0.6027736304030664,0.03956420601915007,0.029348198188035954,0.7417866081738299,-0.4471294067933164,0.0
2023-12-01,DOW,Materials,0.0,-0.2791170678096326,0.0297362902716119,0.037269326179144434,1.2533280324722964,-0.3498252454272833,0.0
2023-12-01,DUK,Utilities,0.0,0.46019825083598304,0.022782806784498143,0.02946466899021673,1.29328529486828,0.595167630530281,0.0
2023-12-01,EA,Comm,0.0418943272733227,-0.4016305478572076,0.029637943258725905,0.02981125263404247,1.0058475506820312,-0.4039791028412546,0.10065955031156566
2023-12-01,GE,Industrials,0.0117426210346684,1.7015000271410525,0.02592209224399698,0.03636693418949191,1.4029320568409651,2.3870889327919547,0.0
2023-12-01,GILD,Healthcare,2.4716861255003298e-18,-0.3035982480448814,0.02770075165501582,0.026559833780911927,0.9588127467329103,-0.2910938701112121,2.9882109647433907e-18
2023-12-01,GS,Financials,0.0,-0.1646132530872475,0.034229025717743625,0.034229025717743625,1.0,-0.1646132530872475,0.0
2023-12-01,INTC,Tech,0.0028298407435776,0.31685392139105023,0.0477654371834969,0.0477654371834969,1.0,0.31685392139105023,0.002912158355774075
2023-12-01,KO,Consumer,0.1852392993344771,-0.7014900069745794,0.018975872168165184,0.029348198188035954,1.5466060230565777,-1.0849286699008853,0.3404976796456379
2023-12-01,MMM,Industrials,2.6975601410636372e-18,2.155854145063575,0.03636693418949191,0.03636693418949191,1.0,2.155854145063575,0.0
2023-12-01,MRK,Healthcare,0.104649574718687,-0.4371488254344189,0.026559833780911927,0.026559833780911927,1.0,-0.4371488254344189,0.140831345364759
2023-12-01,MS,Financials,7.280335955042451e-18,-0.6382940291353917,0.03354757433491944,0.034229025717743625,1.020312985255535,-0.651259686337915,0.07536567172820288
2023-12-01,NEE,Utilities,1.8555654650869104e-19,-0.379716091589955,0.04657070438520873,0.02946466899021673,0.6326867797940151,-0.24024135122401793,1.6613319476687228e-19
2023-12-01,NEM,Materials,0.0113999589549621,-0.18850931494686815,0.04334023413383892,0.037269326179144434,0.8599244310506741,-0.16210376540343793,0.011751041250768866
2023-12-01,NKE,Consumer,1.0675829219390241e-18,1.0002000394787918,0.03138358211674096,0.029348198188035954,0.9351449454962227,0.9353320114037146,6.086684579372021e-20
2023-12-01,NUE,Materials,0.0,-0.1278235558670413,0.04973165025361796,0.037269326179144434,0.7494085957148205,-0.09579207150159434,0.0
2023-12-01,NVDA,Tech,0.0117157048867147,1.6806391119156545,0.049713684128939534,0.0477654371834969,0.9608106504360132,1.6147759582678836,0.0
2023-12-01,O,RealEstate,0.0844924070154578,-0.6181852789287737,0.026714710668349687,0.0319216049614544,1.194907381095974,-0.7386741526768652,0.0844924070154578
2023-12-01,OXY,Energy,0.0286899565761959,-0.4336157333750825,0.037620613655148974,0.037620613655148974,1.0,-0.4336157333750825,0.053385120494580995
2023-12-01,PLD,RealEstate,0.0,1.2395673778626586,0.03536112938537268,0.0319216049614544,0.9027314883969442,1.118996503986255,-0.0
2023-12-01,PSA,RealEstate,2.5226782029404125e-18,-0.4808599143394814,0.03177061703881897,0.0319216049614544,1.0047524390996545,-0.48314517179784483,2.151925932142213e-18
2023-12-01,QCOM,Tech,0.0,-0.29850134615237883,0.04253493480689952,0.0477654371834969,1.1229695637325614,-0.3352079264623192,0.0
2023-12-01,SBUX,Consumer,0.0,-0.8527406218464367,0.029348198188035954,0.029348198188035954,1.0,-0.8527406218464367,0.0
2023-12-01,SHW,Materials,0.0,-0.4597473386709143,0.037269326179144434,0.037269326179144434,1.0,-0.4597473386709143,0.0
2023-12-01,SLB,Energy,4.1993638142835215e-18,-0.08146023253610352,0.05012621768179116,0.037620613655148974,0.750517701015671,-0.06113734644719837,5.783792171807311e-18
2023-12-01,SO,Utilities,1.2738895956173422e-18,-0.47041957095585896,0.02449861671090659,0.02946466899021673,1.202707456421378,-0.565777125635157,1.4399110456826028e-18
2023-12-01,T,Comm,0.036052052288961,1.2833547755503525,0.04006894984498069,0.02981125263404247,0.7439988507154957,0.9548144780697051,0.0027878436684289176
2023-12-01,TMUS,Comm,0.0633801004385804,0.6152786034431212,0.028185277496357387,0.02981125263404247,1.0576888106883184,0.6507732943177245,0.03787908602086954
2023-12-01,TTWO,Comm,1.5102583092876086e-19,1.5454412681052103,0.03687070420851523,0.02981125263404247,0.808534940516748,1.2495432637795738,0.0
2023-12-01,UPS,Industrials,1.2113925310044736e-18,1.6815150602641407,0.03559068297148242,0.03636693418949191,1.0218105176186552,1.7181897741120657,0.0
2023-12-01,USB,Financials,5.407803201373271e-19,-0.18519689361962058,0.05878250532065421,0.034229025717743625,0.5822995384600712,-0.10784006567894397,0.003755819580432934
2023-12-01,V,Financials,0.0791214913086358,1.0577073420356298,0.020715987617919297,0.034229025717743625,1.6522999699099825,1.7476498094190387,0.0
2023-12-01,WFC,Financials,0.0,-0.5584434457484055,0.040619668785684945,0.034229025717743625,0.8426712167039262,-0.4705842178891419,0.0
2023-12-01,WMT,Consumer,0.1794527812645813,0.6892897089812334,0.023881451371798482,0.029348198188035954,1.2289118333357718,0.8470762799636082,0.024194400953420542
2023-12-01,XOM,Energy,0.0,-0.5432403497943045,0.034659637142437985,0.037620613655148974,1.0854301070880372,-0.5896494310517747,0.0
